date,day_number,step2_state,combined_state,vix,spy_close,spy_sma50,spy_sma200,spxu_close,svix_close,svix_available,spxu_shares,svix_shares,spxu_value,svix_value,cash,portfolio_value,allocation,allocation_pct,step2_pv_reference,daily_pnl,cumulative_return_pct
2020-01-02,1,CASH,CASH_IDLE,12.47,325.07,311.84,296.47,19.47,0.0,NO,0.0,0.0,0.0,0.0,100000.0,100000.0,0.0,0.0,100000.0,0.0,0.0
2020-01-03,2,SMA_RECOVERY,SMA_RECOVERY,14.02,322.74,312.29,296.67,19.93,0.0,NO,0.0,0.0,0.0,0.0,100066.44,100066.44,0.0,0.0,100066.44,66.44,0.07
2020-01-06,3,BULL_100,BULL_100,13.85,323.22,312.79,296.88,19.79,0.0,NO,0.0,0.0,0.0,0.0,101479.05,101479.05,0.0,0.0,101479.05,1412.61,1.48
2020-01-07,4,BULL_100,BULL_100,13.79,319.47,313.17,297.05,20.49,0.0,NO,0.0,0.0,0.0,0.0,98068.7,98068.7,0.0,0.0,98068.7,-3410.35,-1.93
2020-01-08,5,BULL_100,BULL_100,13.45,325.15,313.68,297.28,19.44,0.0,NO,0.0,0.0,0.0,0.0,103760.49,103760.49,0.0,0.0,103760.49,5691.79,3.76
2020-01-09,6,BULL_100,BULL_100,12.54,326.9,314.18,297.52,19.16,0.0,NO,0.0,0.0,0.0,0.0,105356.42,105356.42,0.0,0.0,105356.42,1595.93,5.36
2020-01-10,7,BULL_100,BULL_100,12.56,325.62,314.62,297.74,19.37,0.0,NO,0.0,0.0,0.0,0.0,104022.98,104022.98,0.0,0.0,104022.98,-1333.44,4.02
2020-01-13,8,BULL_100,BULL_100,12.32,328.38,315.13,297.99,18.87,0.0,NO,0.0,0.0,0.0,0.0,107302.55,107302.55,0.0,0.0,107302.55,3279.57,7.3
2020-01-14,9,BULL_100,BULL_100,12.39,327.2,315.58,298.21,19.11,0.0,NO,0.0,0.0,0.0,0.0,105778.74,105778.74,0.0,0.0,105778.74,-1523.81,5.78
2020-01-15,10,BULL_100,BULL_100,12.42,328.8,316.09,298.45,18.8,0.0,NO,0.0,0.0,0.0,0.0,107309.55,107309.55,0.0,0.0,107309.55,1530.81,7.31
2020-01-16,11,BULL_100,BULL_100,12.32,331.13,316.59,298.67,18.45,0.0,NO,0.0,0.0,0.0,0.0,109324.25,109324.25,0.0,0.0,109324.25,2014.7,9.32
2020-01-17,12,BULL_100,BULL_100,12.1,331.8,317.07,298.9,18.33,0.0,NO,0.0,0.0,0.0,0.0,110289.15,110289.15,0.0,0.0,110289.15,964.9,10.29
2020-01-21,13,BULL_100,BULL_100,12.85,331.2,317.56,299.12,18.4,0.0,NO,0.0,0.0,0.0,0.0,109895.17,109895.17,0.0,0.0,109895.17,-393.98,9.9
2020-01-22,14,BULL_100,BULL_100,12.91,330.69,318.03,299.34,18.47,0.0,NO,0.0,0.0,0.0,0.0,109482.09,109482.09,0.0,0.0,109482.09,-413.08,9.48
2020-01-23,15,BULL_100,BULL_100,12.98,332.25,318.5,299.56,18.26,0.0,NO,0.0,0.0,0.0,0.0,111430.34,111430.34,0.0,0.0,111430.34,1948.25,11.43
2020-01-24,16,BULL_100,BULL_100,14.56,328.41,318.89,299.76,18.82,0.0,NO,0.0,0.0,0.0,0.0,107150.53,107150.53,0.0,0.0,107150.53,-4279.81,7.15
2020-01-27,17,BULL_100,BULL_100,18.23,324.03,319.2,299.94,19.66,0.0,NO,0.0,0.0,0.0,0.0,102799.95,102799.95,0.0,0.0,102799.95,-4350.58,2.8
2020-01-28,18,BULL_100,BULL_100,16.28,326.89,319.57,300.13,19.11,0.0,NO,0.0,0.0,0.0,0.0,105724.42,105724.42,0.0,0.0,105724.42,2924.47,5.72
2020-01-29,19,BULL_100,BULL_100,16.39,326.73,319.92,300.33,19.23,0.0,NO,0.0,0.0,0.0,0.0,106044.9,106044.9,0.0,0.0,106044.9,320.48,6.04
2020-01-30,20,BULL_100,BULL_100,15.49,328.32,320.29,300.52,18.83,0.0,NO,0.0,0.0,0.0,0.0,107880.0,107880.0,0.0,0.0,107880.0,1835.1,7.88
2020-01-31,21,BULL_100,BULL_100,18.84,321.92,320.49,300.68,19.95,0.0,NO,0.0,0.0,0.0,0.0,101314.57,101314.57,0.0,0.0,101314.57,-6565.43,1.31
2020-02-03,22,BULL_100,BULL_100,17.97,323.61,320.73,300.84,19.66,0.0,NO,0.0,0.0,0.0,0.0,102981.99,102981.99,0.0,0.0,102981.99,1667.42,2.98
2020-02-04,23,BULL_100,BULL_100,16.05,328.88,321.08,301.04,18.58,0.0,NO,0.0,0.0,0.0,0.0,109094.8,109094.8,0.0,0.0,109094.8,6112.81,9.09
2020-02-05,24,BULL_100,BULL_100,15.15,332.9,321.54,301.25,18.01,0.0,NO,0.0,0.0,0.0,0.0,112647.22,112647.22,0.0,0.0,112647.22,3552.42,12.65
2020-02-06,25,BULL_100,BULL_100,14.96,334.45,322.02,301.48,17.8,0.0,NO,0.0,0.0,0.0,0.0,114183.8,114183.8,0.0,0.0,114183.8,1536.58,14.18
2020-02-07,26,BULL_100,BULL_100,15.47,331.74,322.43,301.67,18.23,0.0,NO,0.0,0.0,0.0,0.0,111688.81,111688.81,0.0,0.0,111688.81,-2494.99,11.69
2020-02-10,27,BULL_100,BULL_100,15.04,334.61,322.86,301.88,17.77,0.0,NO,0.0,0.0,0.0,0.0,114949.3,114949.3,0.0,0.0,114949.3,3260.49,14.95
2020-02-11,28,BULL_100,BULL_100,15.18,335.62,323.29,302.1,17.6,0.0,NO,0.0,0.0,0.0,0.0,115964.39,115964.39,0.0,0.0,115964.39,1015.09,15.96
2020-02-12,29,BULL_100,BULL_100,13.74,336.15,323.72,302.31,17.5,0.0,NO,0.0,0.0,0.0,0.0,116780.05,116780.05,0.0,0.0,116780.05,815.66,16.78
2020-02-13,30,BULL_100,BULL_100,14.15,337.06,324.17,302.53,17.33,0.0,NO,0.0,0.0,0.0,0.0,117403.32,117403.32,0.0,0.0,117403.32,623.27,17.4
2020-02-14,31,BULL_100,BULL_100,13.68,337.81,324.69,302.75,17.29,0.0,NO,0.0,0.0,0.0,0.0,118152.46,118152.46,0.0,0.0,118152.46,749.14,18.15
2020-02-18,32,BULL_100,BULL_100,14.83,337.4,325.25,302.98,17.39,0.0,NO,0.0,0.0,0.0,0.0,118304.62,118304.62,0.0,0.0,118304.62,152.16,18.3
2020-02-19,33,BULL_100,BULL_100,14.38,338.86,325.81,303.21,17.13,0.0,NO,0.0,0.0,0.0,0.0,120004.61,120004.61,0.0,0.0,120004.61,1699.99,20.0
2020-02-20,34,BULL_100,BULL_100,15.56,335.36,326.27,303.42,17.67,0.0,NO,0.0,0.0,0.0,0.0,115899.39,115899.39,0.0,0.0,115899.39,-4105.22,15.9
2020-02-21,35,BULL_100,BULL_100,17.08,333.45,326.64,303.63,17.96,0.0,NO,0.0,0.0,0.0,0.0,113230.94,113230.94,0.0,0.0,113230.94,-2668.45,13.23
2020-02-24,36,BULL_100,BULL_100,25.03,323.8,326.84,303.81,19.54,0.0,NO,0.0,0.0,0.0,0.0,102654.54,102654.54,0.0,0.0,102654.54,-10576.4,2.65
2020-02-25,37,BULL_100,BULL_100,27.85,315.0,326.87,303.95,21.09,0.0,NO,0.0,0.0,0.0,0.0,94689.95,94689.95,0.0,0.0,94689.95,-7964.59,-5.31
2020-02-26,38,DEFENSIVE_SPY,DEFENSIVE_SPY,27.56,310.28,326.78,304.06,22.16,0.0,NO,0.0,0.0,0.0,0.0,91194.88,91194.88,0.0,0.0,91194.88,-3495.07,-8.81
2020-02-27,39,DEFENSIVE_BOTH,DEFENSIVE_BOTH,39.16,296.87,326.35,304.1,24.99,0.0,NO,0.0,0.0,0.0,0.0,84712.43,84712.43,0.0,0.0,84712.43,-6482.45,-15.29
2020-02-28,40,CASH,CASH_IDLE,40.11,299.0,325.98,304.2,24.5,0.0,NO,0.0,0.0,0.0,0.0,84712.43,84712.43,0.0,0.0,82461.54,0.0,-15.29
2020-03-02,41,CASH,CASH_SPXU,33.42,308.3,325.76,304.32,21.95,0.0,NO,1753.8805,0.0,38497.68,0.0,42270.5,80768.18,0.4766,47.7,82461.54,-3944.25,-19.23
2020-03-03,42,CASH,CASH_SPXU,36.82,299.34,325.36,304.39,24.01,0.0,NO,1753.8805,0.0,42110.67,0.0,42270.5,84381.17,0.4991,49.9,82461.54,3612.99,-15.62
2020-03-04,43,CASH,CASH_SPXU,31.99,310.83,325.18,304.51,21.11,0.0,NO,1753.8805,0.0,37024.42,0.0,42270.5,79294.92,0.4669,46.7,82461.54,-5086.25,-20.71
2020-03-05,44,CASH,CASH_SPXU,39.62,302.77,324.81,304.59,22.67,0.0,NO,1753.8805,0.0,39760.47,0.0,42270.5,82030.97,0.4847,48.5,82461.54,2736.05,-17.97
2020-03-06,45,CASH,CASH_SPXU,41.94,295.35,324.3,304.64,24.3,0.0,NO,1753.8805,0.0,42619.3,0.0,42270.5,84889.8,0.5021,50.2,82461.54,2858.83,-15.11
2020-03-09,46,CASH,CASH_SPXU,54.46,280.29,323.47,304.61,27.47,0.0,NO,1753.8805,0.0,48179.1,0.0,42270.5,90449.6,0.5327,53.3,82461.54,5559.8,-9.55
2020-03-10,47,CASH,CASH_SPXU,47.3,283.17,322.71,304.6,26.5,0.0,NO,1753.8805,0.0,46477.83,0.0,42270.5,88748.34,0.5237,52.4,82461.54,-1701.26,-11.25
2020-03-11,48,CASH,CASH_SPXU,53.9,273.8,321.73,304.56,28.8,0.0,NO,1753.8805,0.0,50511.76,0.0,42270.5,92782.26,0.5444,54.4,82461.54,4033.92,-7.22
2020-03-12,49,CASH,CASH_SPXU,75.47,244.85,320.18,304.37,38.4,0.0,NO,1753.8805,0.0,67349.01,0.0,42270.5,109619.52,0.6144,61.4,82461.54,16837.26,9.62
2020-03-13,50,CASH,CASH_SPXU,57.83,267.15,319.09,304.3,28.0,0.0,NO,1753.8805,0.0,49108.66,0.0,42270.5,91379.16,0.5374,53.7,82461.54,-18240.36,-8.62
2020-03-16,51,CASH,CASH_SPXU,82.69,244.86,317.49,304.13,33.39,0.0,NO,1753.8805,0.0,58562.07,0.0,42270.5,100832.57,0.5808,58.1,82461.54,9453.41,0.83
2020-03-17,52,CASH,CASH_SPXU,75.91,242.95,315.89,303.96,33.35,0.0,NO,1753.8805,0.0,58491.92,0.0,42270.5,100762.42,0.5805,58.0,82461.54,-70.15,0.76
2020-03-18,53,CASH,CASH_SPXU,76.45,246.0,314.35,303.82,31.6,0.0,NO,1753.8805,0.0,55422.63,0.0,42270.5,97693.13,0.5673,56.7,82461.54,-3069.29,-2.31
2020-03-19,54,CASH,CASH_SPXU,72.0,237.35,312.71,303.63,35.51,0.0,NO,1753.8805,0.0,62280.3,0.0,42270.5,104550.8,0.5957,59.6,82461.54,6857.67,4.55
2020-03-20,55,CASH,CASH_SPXU,66.04,226.37,310.73,303.35,39.57,0.0,NO,1753.8805,0.0,69401.05,0.0,42270.5,111671.56,0.6215,62.1,82461.54,7120.76,11.67
2020-03-23,56,CASH,CASH_SPXU,61.59,226.39,308.72,303.07,39.4,0.0,NO,1753.8805,0.0,69102.89,0.0,42270.5,111373.4,0.6205,62.0,82461.54,-298.16,11.37
2020-03-24,57,CASH,CASH_SPXU,61.67,242.47,307.06,302.86,30.2,0.0,NO,1753.8805,0.0,52967.19,0.0,42270.5,95237.69,0.5562,55.6,82461.54,-16135.71,-4.76
2020-03-25,58,CASH,CASH_SPXU,63.95,246.96,305.43,302.66,28.5,0.0,NO,1753.8805,0.0,49985.6,0.0,42270.5,92256.1,0.5418,54.2,82461.54,-2981.59,-7.74
2020-03-26,59,CASH,CASH_SPXU,61.0,263.35,304.15,302.53,22.99,0.0,NO,1753.8805,0.0,40321.71,0.0,42270.5,82592.22,0.4882,48.8,82461.54,-9663.88,-17.41
2020-03-27,60,CASH,CASH_SPXU,65.54,252.09,302.62,302.34,25.7,0.0,NO,1753.8805,0.0,45074.73,0.0,42270.5,87345.23,0.5161,51.6,82461.54,4753.01,-12.65
2020-03-30,61,CASH,CASH_SPXU,57.08,261.9,301.23,302.21,23.0,0.0,NO,1753.8805,0.0,40339.25,0.0,42270.5,82609.75,0.4883,48.8,82461.54,-4735.48,-17.39
2020-03-31,62,CASH,CASH_SPXU,53.54,254.31,299.68,302.03,25.06,0.0,NO,1753.8805,0.0,43952.25,0.0,42270.5,86222.75,0.5098,51.0,82461.54,3613.0,-13.78
2020-04-01,63,CASH,CASH_SPXU,57.06,247.5,298.01,301.82,26.95,0.0,NO,1753.8805,0.0,47267.08,0.0,42270.5,89537.58,0.5279,52.8,82461.54,3314.83,-10.46
2020-04-02,64,CASH,CASH_SPXU,50.91,250.89,296.41,301.63,25.79,0.0,NO,1753.8805,0.0,45232.58,0.0,42270.5,87503.08,0.5169,51.7,82461.54,-2034.5,-12.5
2020-04-03,65,CASH,CASH_SPXU,46.8,247.99,294.73,301.41,26.67,0.0,NO,1753.8805,0.0,46775.99,0.0,42270.5,89046.5,0.5253,52.5,82461.54,1543.42,-10.95
2020-04-06,66,CASH,CASH_SPXU,45.24,266.53,293.49,301.27,20.77,0.0,NO,1753.8805,0.0,36428.1,0.0,42270.5,78698.6,0.4629,46.3,82461.54,-10347.9,-21.3
2020-04-07,67,CASH,CASH_SPXU,46.7,265.2,292.31,301.12,21.04,0.0,NO,1753.8805,0.0,36901.65,0.0,42270.5,79172.15,0.4661,46.6,82461.54,473.55,-20.83
2020-04-08,68,CASH,CASH_SPXU,43.35,274.97,291.28,301.03,18.76,0.0,NO,1753.8805,0.0,32902.8,0.0,42270.5,75173.3,0.4377,43.8,82461.54,-3998.85,-24.83
2020-04-09,69,CASH,CASH_SPXU,41.67,279.03,290.32,300.95,17.97,0.0,NO,1753.8805,0.0,31517.23,0.0,42270.5,73787.74,0.4271,42.7,82461.54,-1385.56,-26.21
2020-04-13,70,CASH,CASH_SPXU,41.17,277.02,289.3,300.88,18.26,0.0,NO,1753.8805,0.0,32025.86,0.0,42270.5,74296.36,0.4311,43.1,82461.54,508.62,-25.7
2020-04-14,71,CASH,CASH_SPXU,37.76,283.39,288.52,300.85,16.98,0.0,NO,1753.8805,0.0,29780.89,0.0,42270.5,72051.39,0.4133,41.3,82461.54,-2244.97,-27.95
2020-04-15,72,CASH,CASH_SPXU,40.84,275.66,287.57,300.77,18.42,0.0,NO,1753.8805,0.0,32306.48,0.0,42270.5,74576.98,0.4332,43.3,82461.54,2525.59,-25.42
2020-04-16,73,CASH,CASH_SPXU,40.11,287.51,286.74,300.73,16.12,0.0,NO,1753.8805,0.0,28272.55,0.0,42270.5,70543.06,0.4008,40.1,82461.54,-4033.92,-29.46
2020-04-17,74,CASH,CASH_IDLE,38.15,286.65,285.81,300.69,16.3,0.0,NO,0.0,0.0,0.0,0.0,70800.58,70800.58,0.0,0.0,82461.54,257.52,-29.2
2020-04-20,75,CASH,CASH_SPXU,43.83,281.92,284.76,300.61,17.07,0.0,NO,2150.6859,0.0,36712.21,0.0,35328.49,72040.7,0.5096,51.0,82461.54,1240.12,-27.96
2020-04-21,76,CASH,CASH_SPXU,45.41,274.47,283.62,300.49,18.41,0.0,NO,2150.6859,0.0,39594.13,0.0,35328.49,74922.62,0.5285,52.8,82461.54,2881.92,-25.08
2020-04-22,77,CASH,CASH_SPXU,41.98,278.13,282.49,300.39,17.65,0.0,NO,2150.6859,0.0,37959.61,0.0,35328.49,73288.09,0.518,51.8,82461.54,-1634.53,-26.71
2020-04-23,78,CASH,CASH_SPXU,41.38,277.37,281.32,300.3,17.79,0.0,NO,2150.6859,0.0,38260.7,0.0,35328.49,73589.19,0.5199,52.0,82461.54,301.1,-26.41
2020-04-24,79,CASH,CASH_SPXU,35.93,283.25,280.26,300.23,16.66,0.0,NO,2150.6859,0.0,35830.43,0.0,35328.49,71158.92,0.5035,50.4,82461.54,-2430.27,-28.84
2020-04-27,80,CASH,CASH_IDLE,33.29,286.95,279.26,300.17,16.02,0.0,NO,0.0,0.0,0.0,0.0,70377.95,70377.95,0.0,0.0,82461.54,-780.97,-29.62
2020-04-28,81,CASH,CASH_SPXU,33.57,287.39,278.25,300.11,15.94,0.0,NO,2222.9295,0.0,35433.5,0.0,35117.6,70551.09,0.5022,50.2,82461.54,173.14,-29.45
2020-04-29,82,CASH,CASH_IDLE,31.23,294.84,277.4,300.08,14.69,0.0,NO,0.0,0.0,0.0,0.0,69769.31,69769.31,0.0,0.0,82461.54,-781.78,-30.23
2020-04-30,83,CASH,CASH_SPXU,34.15,287.68,276.38,300.01,15.83,0.0,NO,2361.8588,0.0,37388.23,0.0,34813.89,72202.11,0.5178,51.8,82461.54,2432.8,-27.8
2020-05-01,84,CASH,CASH_IDLE,37.19,282.81,275.33,299.93,16.58,0.0,NO,0.0,0.0,0.0,0.0,73352.05,73352.05,0.0,0.0,82461.54,1149.94,-26.65
2020-05-04,85,CASH,CASH_SPXU,35.97,283.5,274.33,299.86,16.45,0.0,NO,2158.6829,0.0,35510.33,0.0,36601.67,72112.0,0.4924,49.2,82461.54,-1240.05,-27.89
2020-05-05,86,CASH,CASH_IDLE,33.61,287.02,273.59,299.8,15.85,0.0,NO,0.0,0.0,0.0,0.0,70984.34,70984.34,0.0,0.0,82461.54,-1127.66,-29.02
2020-05-06,87,CASH,CASH_SPXU,34.12,283.68,272.97,299.74,16.41,0.0,NO,2256.3364,0.0,37026.48,0.0,35420.19,72446.67,0.5111,51.1,82461.54,1462.33,-27.55
2020-05-07,88,CASH,CASH_IDLE,31.44,289.52,272.55,299.7,15.42,0.0,NO,0.0,0.0,0.0,0.0,71245.7,71245.7,0.0,0.0,82461.54,-1200.97,-28.75
2020-05-08,89,CASH,CASH_SPXU,27.98,293.74,272.49,299.67,14.77,0.0,NO,2343.6087,0.0,34615.1,0.0,35550.61,70165.71,0.4933,49.3,82461.54,-1079.99,-29.83
2020-05-11,90,CASH,CASH_IDLE,27.57,291.95,272.35,299.62,15.01,0.0,NO,0.0,0.0,0.0,0.0,70048.7,70048.7,0.0,0.0,82461.54,-117.01,-29.95
2020-05-12,91,CASH,CASH_IDLE,33.04,283.29,271.85,299.53,16.37,0.0,NO,0.0,0.0,0.0,0.0,70048.7,70048.7,0.0,0.0,82461.54,-0.0,-29.95
2020-05-13,92,CASH,CASH_SPXU,35.28,282.02,271.5,299.44,16.57,0.0,NO,2191.7615,0.0,36317.49,0.0,34953.3,71270.79,0.5096,51.0,82461.54,1222.09,-28.73
2020-05-14,93,CASH,CASH_IDLE,32.61,285.72,271.0,299.36,15.94,0.0,NO,0.0,0.0,0.0,0.0,71678.38,71678.38,0.0,0.0,82461.54,407.59,-28.32
2020-05-15,94,CASH,CASH_SPXU,31.89,285.69,270.66,299.28,15.95,0.0,NO,2265.4354,0.0,36133.7,0.0,35766.51,71900.21,0.5026,50.3,82461.54,221.83,-28.1
2020-05-18,95,CASH,CASH_IDLE,29.3,295.4,270.66,299.27,14.31,0.0,NO,0.0,0.0,0.0,0.0,70379.96,70379.96,0.0,0.0,82461.54,-1520.25,-29.62
2020-05-19,96,CASH,CASH_IDLE,30.53,292.72,270.91,299.27,14.71,0.0,NO,0.0,0.0,0.0,0.0,70379.96,70379.96,0.0,0.0,82461.54,-0.0,-29.62
2020-05-20,97,CASH,CASH_SPXU,27.99,296.83,271.18,299.29,14.08,0.0,NO,2410.2726,0.0,33936.64,0.0,35118.6,69055.24,0.4914,49.1,82461.54,-1324.72,-30.94
2020-05-21,98,CASH,CASH_IDLE,29.53,295.38,271.61,299.37,14.28,0.0,NO,0.0,0.0,0.0,0.0,69491.51,69491.51,0.0,0.0,82461.54,436.27,-30.51
2020-05-22,99,CASH,CASH_IDLE,28.16,295.57,272.63,299.42,14.2,0.0,NO,0.0,0.0,0.0,0.0,69491.51,69491.51,0.0,0.0,82461.54,-0.0,-30.51
2020-05-26,100,CASH,CASH_IDLE,28.01,299.39,273.27,299.48,13.69,0.0,NO,0.0,0.0,0.0,0.0,69491.51,69491.51,0.0,0.0,82461.54,-0.0,-30.51
2020-05-27,101,CASH,CASH_IDLE,27.62,304.45,274.46,299.54,13.01,0.0,NO,0.0,0.0,0.0,0.0,69491.51,69491.51,0.0,0.0,82461.54,-0.0,-30.51
2020-05-28,102,SMA_RECOVERY,SMA_RECOVERY,28.59,302.79,275.66,299.59,13.22,0.0,NO,0.0,0.0,0.0,0.0,68460.64,68460.64,0.0,0.0,81238.27,-1030.87,-31.54
2020-05-29,103,BULL_100,BULL_100,27.51,306.09,276.86,299.68,12.81,0.0,NO,0.0,0.0,0.0,0.0,70854.41,70854.41,0.0,0.0,84078.81,2393.77,-29.15
2020-06-01,104,BULL_100,BULL_100,28.23,304.19,278.2,299.74,13.03,0.0,NO,0.0,0.0,0.0,0.0,70013.42,70013.42,0.0,0.0,83080.86,-840.99,-29.99
2020-06-02,105,BULL_100,BULL_100,26.84,308.89,279.85,299.86,12.45,0.0,NO,0.0,0.0,0.0,0.0,73036.75,73036.75,0.0,0.0,86668.47,3023.33,-26.96
2020-06-03,106,BULL_100,BULL_100,25.66,312.66,281.57,299.99,11.98,0.0,NO,0.0,0.0,0.0,0.0,75186.48,75186.48,0.0,0.0,89219.43,2149.73,-24.81
2020-06-04,107,BULL_100,BULL_100,25.81,311.2,282.95,300.11,12.15,0.0,NO,0.0,0.0,0.0,0.0,73931.77,73931.77,0.0,0.0,87730.54,-1254.71,-26.07
2020-06-05,108,BULL_100,BULL_100,24.52,319.15,284.39,300.24,11.16,0.0,NO,0.0,0.0,0.0,0.0,79174.53,79174.53,0.0,0.0,93951.82,5242.76,-20.83
2020-06-08,109,BULL_100,BULL_100,25.81,322.61,285.58,300.41,10.84,0.0,NO,0.0,0.0,0.0,0.0,81581.95,81581.95,0.0,0.0,96808.57,2407.42,-18.42
2020-06-09,110,BULL_100,BULL_100,27.57,321.92,286.97,300.55,10.91,0.0,NO,0.0,0.0,0.0,0.0,81779.23,81779.23,0.0,0.0,97042.66,197.28,-18.22
2020-06-10,111,BULL_100,BULL_100,27.57,316.68,288.07,300.67,11.46,0.0,NO,0.0,0.0,0.0,0.0,79157.01,79157.01,0.0,0.0,93931.03,-2622.22,-20.84
2020-06-11,112,BULL_100,BULL_100,40.79,303.08,289.05,300.76,12.83,0.0,NO,0.0,0.0,0.0,0.0,68957.44,68957.44,0.0,0.0,81827.79,-10199.57,-31.04
2020-06-12,113,CASH,CASH_IDLE,36.09,303.5,290.17,300.84,12.75,0.0,NO,0.0,0.0,0.0,0.0,68957.44,68957.44,0.0,0.0,83033.94,-0.0,-31.04
2020-06-15,114,CASH,CASH_IDLE,34.4,310.15,291.35,300.96,11.94,0.0,NO,0.0,0.0,0.0,0.0,68957.44,68957.44,0.0,0.0,83033.94,-0.0,-31.04
2020-06-16,115,CASH,CASH_IDLE,33.67,313.9,292.67,301.08,11.49,0.0,NO,0.0,0.0,0.0,0.0,68957.44,68957.44,0.0,0.0,83033.94,-0.0,-31.04
2020-06-17,116,CASH,CASH_IDLE,33.47,310.6,293.55,301.17,11.86,0.0,NO,0.0,0.0,0.0,0.0,68957.44,68957.44,0.0,0.0,83033.94,-0.0,-31.04
2020-06-18,117,CASH,CASH_IDLE,32.94,312.93,294.5,301.28,11.6,0.0,NO,0.0,0.0,0.0,0.0,68957.44,68957.44,0.0,0.0,83033.94,-0.0,-31.04
2020-06-19,118,CASH,CASH_IDLE,35.12,306.15,295.13,301.35,12.2,0.0,NO,0.0,0.0,0.0,0.0,68957.44,68957.44,0.0,0.0,83033.94,-0.0,-31.04
2020-06-22,119,CASH,CASH_IDLE,31.77,312.29,295.79,301.45,11.51,0.0,NO,0.0,0.0,0.0,0.0,68957.44,68957.44,0.0,0.0,83033.94,-0.0,-31.04
2020-06-23,120,CASH,CASH_IDLE,31.37,311.2,296.48,301.51,11.62,0.0,NO,0.0,0.0,0.0,0.0,68957.44,68957.44,0.0,0.0,83033.94,-0.0,-31.04
2020-06-24,121,CASH,CASH_IDLE,33.84,303.82,296.89,301.54,12.4,0.0,NO,0.0,0.0,0.0,0.0,68957.44,68957.44,0.0,0.0,83033.94,-0.0,-31.04
2020-06-25,122,CASH,CASH_IDLE,32.22,307.37,297.52,301.58,12.01,0.0,NO,0.0,0.0,0.0,0.0,68957.44,68957.44,0.0,0.0,83033.94,-0.0,-31.04
2020-06-26,123,CASH,CASH_IDLE,34.73,300.15,297.77,301.59,12.82,0.0,NO,0.0,0.0,0.0,0.0,68957.44,68957.44,0.0,0.0,83033.94,-0.0,-31.04
2020-06-29,124,CASH,CASH_SPXU,31.78,305.48,298.15,301.61,12.2,0.0,NO,2691.5472,0.0,32836.88,0.0,34408.76,67245.64,0.4883,48.8,83033.94,-1711.8,-32.75
2020-06-30,125,CASH,CASH_IDLE,30.43,308.28,298.68,301.64,11.84,0.0,NO,0.0,0.0,0.0,0.0,67608.75,67608.75,0.0,0.0,83033.94,363.11,-32.39
2020-07-01,126,CASH,CASH_IDLE,28.62,310.35,299.39,301.69,11.59,0.0,NO,0.0,0.0,0.0,0.0,67608.75,67608.75,0.0,0.0,83033.94,-0.0,-32.39
2020-07-02,127,SMA_RECOVERY,SMA_RECOVERY,27.68,312.7,300.09,301.75,11.34,0.0,NO,0.0,0.0,0.0,0.0,67788.92,67788.92,0.0,0.0,83255.22,180.17,-32.21
2020-07-06,128,BULL_100,BULL_100,27.94,317.73,300.89,301.84,10.79,0.0,NO,0.0,0.0,0.0,0.0,70944.77,70944.77,0.0,0.0,87131.08,3155.85,-29.06
2020-07-07,129,BULL_100,BULL_100,29.43,314.18,301.51,301.9,11.15,0.0,NO,0.0,0.0,0.0,0.0,68766.27,68766.27,0.0,0.0,84455.55,-2178.5,-31.23
2020-07-08,130,BULL_100,BULL_100,28.08,316.85,302.11,301.98,10.87,0.0,NO,0.0,0.0,0.0,0.0,70686.77,70686.77,0.0,0.0,86814.22,1920.5,-29.31
2020-07-09,131,BULL_100,BULL_100,29.26,315.16,302.66,302.07,11.01,0.0,NO,0.0,0.0,0.0,0.0,70230.78,70230.78,0.0,0.0,86254.2,-455.99,-29.77
2020-07-10,132,BULL_100,BULL_100,27.29,318.11,303.13,302.16,10.74,0.0,NO,0.0,0.0,0.0,0.0,72117.46,72117.46,0.0,0.0,88571.33,1886.68,-27.88
2020-07-13,133,BULL_100,BULL_100,32.19,315.5,303.69,302.26,10.99,0.0,NO,0.0,0.0,0.0,0.0,69753.44,69753.44,0.0,0.0,85667.95,-2364.02,-30.25
2020-07-14,134,CASH,CASH_IDLE,29.52,320.99,304.45,302.38,10.41,0.0,NO,0.0,0.0,0.0,0.0,69753.44,69753.44,0.0,0.0,85387.09,0.0,-30.25
2020-07-15,135,SMA_RECOVERY,SMA_RECOVERY,27.76,321.86,305.22,302.5,10.34,0.0,NO,0.0,0.0,0.0,0.0,69862.11,69862.11,0.0,0.0,85520.12,108.67,-30.14
2020-07-16,136,BULL_100,BULL_100,28.0,320.41,305.89,302.62,10.47,0.0,NO,0.0,0.0,0.0,0.0,68970.7,68970.7,0.0,0.0,84428.91,-891.41,-31.03
2020-07-17,137,BULL_100,BULL_100,25.68,321.9,306.65,302.75,10.3,0.0,NO,0.0,0.0,0.0,0.0,69836.9,69836.9,0.0,0.0,85489.25,866.2,-30.16
2020-07-20,138,BULL_100,BULL_100,24.46,324.38,307.35,302.9,10.08,0.0,NO,0.0,0.0,0.0,0.0,72784.51,72784.51,0.0,0.0,89097.5,2947.61,-27.22
2020-07-21,139,BULL_100,BULL_100,24.84,325.6,307.98,303.09,9.98,0.0,NO,0.0,0.0,0.0,0.0,72965.88,72965.88,0.0,0.0,89319.53,181.37,-27.03
2020-07-22,140,BULL_100,BULL_100,24.32,326.15,308.67,303.27,9.92,0.0,NO,0.0,0.0,0.0,0.0,72934.79,72934.79,0.0,0.0,89281.47,-31.09,-27.07
2020-07-23,141,BULL_100,BULL_100,26.08,323.43,309.47,303.41,10.18,0.0,NO,0.0,0.0,0.0,0.0,70391.35,70391.35,0.0,0.0,86167.97,-2543.44,-29.61
2020-07-24,142,BULL_100,BULL_100,25.84,320.3,310.24,303.55,10.43,0.0,NO,0.0,0.0,0.0,0.0,68121.89,68121.89,0.0,0.0,83389.86,-2269.46,-31.88
2020-07-27,143,BULL_100,BULL_100,24.74,323.75,311.0,303.73,10.14,0.0,NO,0.0,0.0,0.0,0.0,70910.86,70910.86,0.0,0.0,86803.92,2788.97,-29.09
2020-07-28,144,BULL_100,BULL_100,25.44,321.8,311.72,303.89,10.32,0.0,NO,0.0,0.0,0.0,0.0,69423.55,69423.55,0.0,0.0,84983.26,-1487.31,-30.58
2020-07-29,145,BULL_100,BULL_100,24.1,325.15,312.31,304.04,9.98,0.0,NO,0.0,0.0,0.0,0.0,71593.45,71593.45,0.0,0.0,87639.5,2169.9,-28.41
2020-07-30,146,BULL_100,BULL_100,24.76,326.79,313.0,304.19,9.81,0.0,NO,0.0,0.0,0.0,0.0,73492.99,73492.99,0.0,0.0,89964.78,1899.54,-26.51
2020-07-31,147,BULL_100,BULL_100,24.46,326.44,313.59,304.34,9.89,0.0,NO,0.0,0.0,0.0,0.0,73093.84,73093.84,0.0,0.0,89476.17,-399.15,-26.91
2020-08-03,148,BULL_100,BULL_100,24.28,328.81,314.26,304.49,9.65,0.0,NO,0.0,0.0,0.0,0.0,75170.74,75170.74,0.0,0.0,92018.55,2076.9,-24.83
2020-08-04,149,BULL_100,BULL_100,23.76,329.98,314.94,304.65,9.54,0.0,NO,0.0,0.0,0.0,0.0,75973.85,75973.85,0.0,0.0,93001.66,803.11,-24.03
2020-08-05,150,BULL_100,BULL_100,22.99,331.98,315.6,304.81,9.37,0.0,NO,0.0,0.0,0.0,0.0,77056.81,77056.81,0.0,0.0,94327.34,1082.96,-22.94
2020-08-06,151,BULL_100,BULL_100,22.65,334.11,316.19,305.0,9.18,0.0,NO,0.0,0.0,0.0,0.0,79065.75,79065.75,0.0,0.0,96786.54,2008.94,-20.93
2020-08-07,152,BULL_100,BULL_100,22.21,334.57,316.83,305.17,9.2,0.0,NO,0.0,0.0,0.0,0.0,78524.07,78524.07,0.0,0.0,96123.46,-541.68,-21.48
2020-08-10,153,BULL_100,BULL_100,22.13,335.32,317.41,305.35,9.12,0.0,NO,0.0,0.0,0.0,0.0,78659.39,78659.39,0.0,0.0,96289.1,135.32,-21.34
2020-08-11,154,BULL_100,BULL_100,24.03,333.37,317.99,305.52,9.23,0.0,NO,0.0,0.0,0.0,0.0,77012.7,77012.7,0.0,0.0,94273.35,-1646.69,-22.99
2020-08-12,155,BULL_100,BULL_100,22.28,337.11,318.56,305.7,8.93,0.0,NO,0.0,0.0,0.0,0.0,79802.26,79802.26,0.0,0.0,97688.13,2789.56,-20.2
2020-08-13,156,BULL_100,BULL_100,22.13,337.62,319.06,305.88,8.88,0.0,NO,0.0,0.0,0.0,0.0,80441.9,80441.9,0.0,0.0,98471.13,639.64,-19.56
2020-08-14,157,BULL_100,BULL_100,22.05,336.65,319.57,306.05,8.98,0.0,NO,0.0,0.0,0.0,0.0,79558.03,79558.03,0.0,0.0,97389.15,-883.87,-20.44
2020-08-17,158,BULL_100,BULL_100,21.35,338.62,319.96,306.23,8.81,0.0,NO,0.0,0.0,0.0,0.0,81511.78,81511.78,0.0,0.0,99780.79,1953.75,-18.49
2020-08-18,159,BULL_100,BULL_100,21.51,338.92,320.28,306.4,8.78,0.0,NO,0.0,0.0,0.0,0.0,82259.66,82259.66,0.0,0.0,100696.3,747.88,-17.74
2020-08-19,160,BULL_100,BULL_100,22.54,336.29,320.57,306.56,8.99,0.0,NO,0.0,0.0,0.0,0.0,80254.95,80254.95,0.0,0.0,98242.27,-2004.71,-19.75
2020-08-20,161,BULL_100,BULL_100,22.72,338.97,321.01,306.73,8.78,0.0,NO,0.0,0.0,0.0,0.0,82725.36,82725.36,0.0,0.0,101266.37,2470.41,-17.27
2020-08-21,162,BULL_100,BULL_100,22.54,339.63,321.75,306.89,8.74,0.0,NO,0.0,0.0,0.0,0.0,83421.56,83421.56,0.0,0.0,102118.61,696.2,-16.58
2020-08-24,163,BULL_100,BULL_100,22.37,343.39,322.54,307.07,8.44,0.0,NO,0.0,0.0,0.0,0.0,85954.13,85954.13,0.0,0.0,105218.79,2532.57,-14.05
2020-08-25,164,BULL_100,BULL_100,22.03,344.6,323.23,307.26,8.34,0.0,NO,0.0,0.0,0.0,0.0,87253.06,87253.06,0.0,0.0,106808.85,1298.93,-12.75
2020-08-26,165,BULL_100,BULL_100,23.27,347.73,323.91,307.45,8.11,0.0,NO,0.0,0.0,0.0,0.0,90208.27,90208.27,0.0,0.0,110426.41,2955.21,-9.79
2020-08-27,166,BULL_TRIMMED,BULL_TRIMMED,24.47,349.26,324.68,307.65,8.01,0.0,NO,0.0,0.0,0.0,0.0,90791.6,90791.6,0.0,0.0,111140.48,583.33,-9.21
2020-08-28,167,BULL_TRIMMED,BULL_TRIMMED,22.96,351.0,325.44,307.87,7.91,0.0,NO,0.0,0.0,0.0,0.0,91765.57,91765.57,0.0,0.0,112332.74,973.97,-8.23
2020-08-31,168,BULL_TRIMMED,BULL_TRIMMED,26.41,349.69,326.31,308.07,7.97,0.0,NO,0.0,0.0,0.0,0.0,91354.29,91354.29,0.0,0.0,111829.28,-411.28,-8.65
2020-09-01,169,BULL_TRIMMED,BULL_TRIMMED,26.12,353.55,327.14,308.29,7.72,0.0,NO,0.0,0.0,0.0,0.0,94401.42,94401.42,0.0,0.0,115559.36,3047.13,-5.6
2020-09-02,170,BULL_TRIMMED,BULL_TRIMMED,26.57,358.43,328.08,308.54,7.39,0.0,NO,0.0,0.0,0.0,0.0,96872.92,96872.92,0.0,0.0,118584.79,2471.5,-3.13
2020-09-03,171,BULL_TRIMMED,BULL_TRIMMED,33.6,343.25,328.87,308.69,8.36,0.0,NO,0.0,0.0,0.0,0.0,86243.93,86243.93,0.0,0.0,105573.55,-10628.99,-13.76
2020-09-04,172,CASH,CASH_IDLE,30.75,341.99,329.57,308.84,8.49,0.0,NO,0.0,0.0,0.0,0.0,86243.93,86243.93,0.0,0.0,108224.83,0.0,-13.76
2020-09-08,173,CASH,CASH_IDLE,31.46,332.3,330.21,308.95,9.17,0.0,NO,0.0,0.0,0.0,0.0,86243.93,86243.93,0.0,0.0,108224.83,0.0,-13.76
2020-09-09,174,CASH,CASH_IDLE,28.81,340.9,330.92,309.1,8.47,0.0,NO,0.0,0.0,0.0,0.0,86243.93,86243.93,0.0,0.0,108224.83,0.0,-13.76
2020-09-10,175,SMA_RECOVERY,SMA_RECOVERY,29.71,334.81,331.45,309.23,8.9,0.0,NO,0.0,0.0,0.0,0.0,84253.0,84253.0,0.0,0.0,105726.47,-1990.93,-15.75
2020-09-11,176,BULL_100,BULL_100,26.87,333.91,331.92,309.34,9.01,0.0,NO,0.0,0.0,0.0,0.0,82327.17,82327.17,0.0,0.0,103309.81,-1925.83,-17.67
2020-09-14,177,BULL_100,BULL_100,25.85,338.65,332.44,309.47,8.63,0.0,NO,0.0,0.0,0.0,0.0,86348.68,86348.68,0.0,0.0,108356.27,4021.51,-13.65
2020-09-15,178,BULL_100,BULL_100,25.59,340.29,332.89,309.6,8.51,0.0,NO,0.0,0.0,0.0,0.0,88109.34,88109.34,0.0,0.0,110565.67,1760.66,-11.89
2020-09-16,179,BULL_100,BULL_100,26.04,339.11,333.39,309.72,8.57,0.0,NO,0.0,0.0,0.0,0.0,86652.18,86652.18,0.0,0.0,108737.13,-1457.16,-13.35
2020-09-17,180,BULL_100,BULL_100,26.46,336.0,333.77,309.83,8.81,0.0,NO,0.0,0.0,0.0,0.0,83757.03,83757.03,0.0,0.0,105104.1,-2895.15,-16.24
2020-09-18,181,BULL_100,BULL_100,25.83,331.38,334.1,309.93,9.08,0.0,NO,0.0,0.0,0.0,0.0,80758.64,80758.64,0.0,0.0,101341.51,-2998.39,-19.24
2020-09-21,182,DEFENSIVE_QQQ,DEFENSIVE_QQQ,27.78,328.1,334.29,310.02,9.34,0.0,NO,0.0,0.0,0.0,0.0,79104.68,79104.68,0.0,0.0,99266.01,-1653.96,-20.9
2020-09-22,183,DEFENSIVE_BOTH,DEFENSIVE_BOTH,26.86,330.14,334.59,310.11,9.16,0.0,NO,0.0,0.0,0.0,0.0,79729.32,79729.32,0.0,0.0,100049.85,624.64,-20.27
2020-09-23,184,DEFENSIVE_BOTH,DEFENSIVE_BOTH,28.58,321.69,334.6,310.16,9.87,0.0,NO,0.0,0.0,0.0,0.0,76395.07,76395.07,0.0,0.0,95865.8,-3334.25,-23.6
2020-09-24,185,DEFENSIVE_BOTH,DEFENSIVE_BOTH,28.51,325.37,334.67,310.21,9.53,0.0,NO,0.0,0.0,0.0,0.0,77852.94,77852.94,0.0,0.0,97695.24,1457.87,-22.15
2020-09-25,186,DEFENSIVE_BOTH,DEFENSIVE_BOTH,26.38,328.03,334.82,310.29,9.21,0.0,NO,0.0,0.0,0.0,0.0,79220.13,79220.13,0.0,0.0,99410.88,1367.19,-20.78
2020-09-28,187,DEFENSIVE_BOTH,DEFENSIVE_BOTH,26.19,335.38,335.09,310.39,8.68,0.0,NO,0.0,0.0,0.0,0.0,81854.63,81854.63,0.0,0.0,102716.83,2634.5,-18.15
2020-09-29,188,DEFENSIVE_BOTH,DEFENSIVE_BOTH,26.27,333.55,335.28,310.49,8.82,0.0,NO,0.0,0.0,0.0,0.0,81125.48,81125.48,0.0,0.0,101801.84,-729.15,-18.87
2020-09-30,189,DEFENSIVE_SPY,DEFENSIVE_SPY,26.37,336.1,335.49,310.58,8.62,0.0,NO,0.0,0.0,0.0,0.0,82632.22,82632.22,0.0,0.0,103692.61,1506.74,-17.37
2020-10-01,190,DEFENSIVE_SPY,DEFENSIVE_SPY,26.7,336.77,335.7,310.67,8.57,0.0,NO,0.0,0.0,0.0,0.0,83497.77,83497.77,0.0,0.0,104778.76,865.55,-16.5
2020-10-02,191,BULL_100,BULL_100,27.63,332.44,335.88,310.74,8.96,0.0,NO,0.0,0.0,0.0,0.0,80096.31,80096.31,0.0,0.0,100510.37,-3401.46,-19.9
2020-10-05,192,BULL_100,BULL_100,27.96,338.85,336.25,310.84,8.38,0.0,NO,0.0,0.0,0.0,0.0,84708.19,84708.19,0.0,0.0,106297.68,4611.88,-15.29
2020-10-06,193,BULL_100,BULL_100,29.48,334.61,336.47,310.91,8.69,0.0,NO,0.0,0.0,0.0,0.0,81405.14,81405.14,0.0,0.0,102152.78,-3303.05,-18.59
2020-10-07,194,BULL_100,BULL_100,28.06,341.36,336.86,311.01,8.17,0.0,NO,0.0,0.0,0.0,0.0,86424.2,86424.2,0.0,0.0,108451.04,5019.06,-13.58
2020-10-08,195,BULL_100,BULL_100,26.36,345.26,337.26,311.13,7.91,0.0,NO,0.0,0.0,0.0,0.0,89010.79,89010.79,0.0,0.0,111696.87,2586.59,-10.99
2020-10-09,196,BULL_100,BULL_100,25.0,347.21,337.67,311.26,7.75,0.0,NO,0.0,0.0,0.0,0.0,91157.7,91157.7,0.0,0.0,114390.96,2146.91,-8.84
2020-10-12,197,BULL_100,BULL_100,25.07,353.06,338.2,311.42,7.38,0.0,NO,0.0,0.0,0.0,0.0,96493.18,96493.18,0.0,0.0,121086.29,5335.48,-3.51
2020-10-13,198,BULL_100,BULL_100,26.07,350.77,338.64,311.56,7.51,0.0,NO,0.0,0.0,0.0,0.0,95184.6,95184.6,0.0,0.0,119444.2,-1308.58,-4.82
2020-10-14,199,BULL_100,BULL_100,26.4,348.35,339.01,311.69,7.67,0.0,NO,0.0,0.0,0.0,0.0,92822.05,92822.05,0.0,0.0,116479.51,-2362.55,-7.18
2020-10-15,200,BULL_100,BULL_100,26.97,348.32,339.34,311.82,7.67,0.0,NO,0.0,0.0,0.0,0.0,92616.17,92616.17,0.0,0.0,116221.15,-205.88,-7.38
2020-10-16,201,BULL_100,BULL_100,27.41,346.21,339.58,311.93,7.79,0.0,NO,0.0,0.0,0.0,0.0,90609.0,90609.0,0.0,0.0,113702.42,-2007.17,-9.39
2020-10-19,202,BULL_100,BULL_100,29.18,343.9,339.76,312.04,7.96,0.0,NO,0.0,0.0,0.0,0.0,88710.01,88710.01,0.0,0.0,111319.44,-1898.99,-11.29
2020-10-20,203,BULL_100,BULL_100,29.35,344.43,339.95,312.14,7.92,0.0,NO,0.0,0.0,0.0,0.0,88954.88,88954.88,0.0,0.0,111626.72,244.87,-11.05
2020-10-21,204,BULL_100,BULL_100,28.65,341.33,340.11,312.25,8.13,0.0,NO,0.0,0.0,0.0,0.0,86585.53,86585.53,0.0,0.0,108653.49,-2369.35,-13.41
2020-10-22,205,BULL_100,BULL_100,28.11,345.15,340.27,312.35,7.87,0.0,NO,0.0,0.0,0.0,0.0,89089.38,89089.38,0.0,0.0,111795.5,2503.85,-10.91
2020-10-23,206,BULL_100,BULL_100,27.55,345.5,340.42,312.44,7.84,0.0,NO,0.0,0.0,0.0,0.0,89479.19,89479.19,0.0,0.0,112284.65,389.81,-10.52
2020-10-26,207,BULL_100,BULL_100,32.46,339.17,340.47,312.51,8.26,0.0,NO,0.0,0.0,0.0,0.0,84858.74,84858.74,0.0,0.0,106486.6,-4620.45,-15.14
2020-10-27,208,CASH,CASH_IDLE,33.35,336.55,340.43,312.55,8.48,0.0,NO,0.0,0.0,0.0,0.0,84858.74,84858.74,0.0,0.0,107132.04,0.0,-15.14
2020-10-28,209,CASH,CASH_IDLE,40.28,328.19,340.22,312.56,9.07,0.0,NO,0.0,0.0,0.0,0.0,84858.74,84858.74,0.0,0.0,107132.04,0.0,-15.14
2020-10-29,210,CASH,CASH_IDLE,37.59,327.65,340.05,312.55,9.11,0.0,NO,0.0,0.0,0.0,0.0,84858.74,84858.74,0.0,0.0,107132.04,0.0,-15.14
2020-10-30,211,CASH,CASH_IDLE,38.02,327.5,339.82,312.53,9.08,0.0,NO,0.0,0.0,0.0,0.0,84858.74,84858.74,0.0,0.0,107132.04,0.0,-15.14
2020-11-02,212,CASH,CASH_IDLE,37.13,330.96,339.64,312.53,8.82,0.0,NO,0.0,0.0,0.0,0.0,84858.74,84858.74,0.0,0.0,107132.04,0.0,-15.14
2020-11-03,213,CASH,CASH_IDLE,35.55,338.29,339.54,312.56,8.23,0.0,NO,0.0,0.0,0.0,0.0,84858.74,84858.74,0.0,0.0,107132.04,0.0,-15.14
2020-11-04,214,CASH,CASH_IDLE,29.57,343.55,339.52,312.63,7.84,0.0,NO,0.0,0.0,0.0,0.0,84858.74,84858.74,0.0,0.0,107132.04,0.0,-15.14
2020-11-05,215,SMA_RECOVERY,SMA_RECOVERY,27.58,349.93,339.56,312.72,7.4,0.0,NO,0.0,0.0,0.0,0.0,85813.94,85813.94,0.0,0.0,108337.95,955.2,-14.19
2020-11-06,216,BULL_100,BULL_100,24.86,350.95,339.6,312.83,7.33,0.0,NO,0.0,0.0,0.0,0.0,86962.43,86962.43,0.0,0.0,109787.89,1148.49,-13.04
2020-11-09,217,BULL_100,BULL_100,25.75,354.6,339.67,312.98,7.1,0.0,NO,0.0,0.0,0.0,0.0,87746.97,87746.97,0.0,0.0,110778.36,784.54,-12.25
2020-11-10,218,BULL_100,BULL_100,24.8,353.66,339.75,313.12,7.17,0.0,NO,0.0,0.0,0.0,0.0,85883.52,85883.52,0.0,0.0,108425.8,-1863.45,-14.12
2020-11-11,219,BULL_100,BULL_100,23.45,356.82,339.81,313.27,6.98,0.0,NO,0.0,0.0,0.0,0.0,89116.94,89116.94,0.0,0.0,112507.91,3233.42,-10.88
2020-11-12,220,BULL_100,BULL_100,25.35,353.31,339.71,313.39,7.17,0.0,NO,0.0,0.0,0.0,0.0,86894.21,86894.21,0.0,0.0,109701.77,-2222.73,-13.11
2020-11-13,221,BULL_100,BULL_100,23.1,358.28,340.01,313.57,6.85,0.0,NO,0.0,0.0,0.0,0.0,90118.69,90118.69,0.0,0.0,113772.59,3224.48,-9.88
2020-11-16,222,BULL_100,BULL_100,22.45,362.35,340.42,313.77,6.64,0.0,NO,0.0,0.0,0.0,0.0,92980.28,92980.28,0.0,0.0,117385.28,2861.59,-7.02
2020-11-17,223,BULL_100,BULL_100,22.71,360.89,340.99,313.93,6.72,0.0,NO,0.0,0.0,0.0,0.0,91763.45,91763.45,0.0,0.0,115849.06,-1216.83,-8.24
2020-11-18,224,BULL_100,BULL_100,23.84,356.3,341.3,314.04,6.96,0.0,NO,0.0,0.0,0.0,0.0,88525.76,88525.76,0.0,0.0,111761.56,-3237.69,-11.47
2020-11-19,225,BULL_100,BULL_100,23.11,354.86,341.7,314.15,7.06,0.0,NO,0.0,0.0,0.0,0.0,88084.95,88084.95,0.0,0.0,111205.04,-440.81,-11.92
2020-11-20,226,BULL_100,BULL_100,23.7,355.05,342.12,314.26,7.09,0.0,NO,0.0,0.0,0.0,0.0,88015.84,88015.84,0.0,0.0,111117.79,-69.11,-11.98
2020-11-23,227,BULL_100,BULL_100,22.66,359.09,342.53,314.39,6.81,0.0,NO,0.0,0.0,0.0,0.0,90679.52,90679.52,0.0,0.0,114480.62,2663.68,-9.32
2020-11-24,228,BULL_100,BULL_100,21.64,364.06,343.01,314.53,6.52,0.0,NO,0.0,0.0,0.0,0.0,94327.89,94327.89,0.0,0.0,119086.6,3648.37,-5.67
2020-11-25,229,BULL_100,BULL_100,21.25,363.11,343.49,314.66,6.58,0.0,NO,0.0,0.0,0.0,0.0,94018.21,94018.21,0.0,0.0,118695.64,-309.68,-5.98
2020-11-27,230,BULL_100,BULL_100,20.84,363.66,344.04,314.8,6.54,0.0,NO,0.0,0.0,0.0,0.0,94668.31,94668.31,0.0,0.0,119516.37,650.1,-5.33
2020-11-30,231,BULL_100,BULL_100,20.57,363.76,344.69,314.93,6.54,0.0,NO,0.0,0.0,0.0,0.0,95279.44,95279.44,0.0,0.0,120287.91,611.13,-4.72
2020-12-01,232,BULL_100,BULL_100,20.77,365.74,345.44,315.07,6.43,0.0,NO,0.0,0.0,0.0,0.0,96906.28,96906.28,0.0,0.0,122341.75,1626.84,-3.09
2020-12-02,233,BULL_100,BULL_100,21.17,366.6,346.17,315.21,6.38,0.0,NO,0.0,0.0,0.0,0.0,97543.21,97543.21,0.0,0.0,123145.86,636.93,-2.46
2020-12-03,234,BULL_100,BULL_100,21.28,367.0,347.08,315.36,6.36,0.0,NO,0.0,0.0,0.0,0.0,97910.7,97910.7,0.0,0.0,123609.81,367.49,-2.09
2020-12-04,235,BULL_100,BULL_100,20.79,369.11,347.95,315.54,6.23,0.0,NO,0.0,0.0,0.0,0.0,99541.88,99541.88,0.0,0.0,125669.13,1631.18,-0.46
2020-12-07,236,BULL_100,BULL_100,21.3,368.25,348.76,315.76,6.29,0.0,NO,0.0,0.0,0.0,0.0,99101.96,99101.96,0.0,0.0,125113.74,-439.92,-0.9
2020-12-08,237,BULL_100,BULL_100,20.68,370.63,349.46,316.04,6.17,0.0,NO,0.0,0.0,0.0,0.0,100998.6,100998.6,0.0,0.0,127508.21,1896.64,1.0
2020-12-09,238,BULL_100,BULL_100,22.27,367.4,350.14,316.33,6.34,0.0,NO,0.0,0.0,0.0,0.0,97385.54,97385.54,0.0,0.0,122946.81,-3613.06,-2.61
2020-12-10,239,BULL_100,BULL_100,22.52,367.22,350.76,316.68,6.34,0.0,NO,0.0,0.0,0.0,0.0,97480.2,97480.2,0.0,0.0,123066.31,94.66,-2.52
2020-12-11,240,BULL_100,BULL_100,23.31,366.08,351.35,317.02,6.37,0.0,NO,0.0,0.0,0.0,0.0,96639.25,96639.25,0.0,0.0,122004.63,-840.95,-3.36
2020-12-14,241,BULL_100,BULL_100,24.72,365.39,352.01,317.3,6.44,0.0,NO,0.0,0.0,0.0,0.0,96808.35,96808.35,0.0,0.0,122218.12,169.1,-3.19
2020-12-15,242,BULL_100,BULL_100,22.89,369.32,352.61,317.65,6.23,0.0,NO,0.0,0.0,0.0,0.0,99775.88,99775.88,0.0,0.0,125964.55,2967.53,-0.22
2020-12-16,243,BULL_100,BULL_100,22.5,370.35,353.33,317.95,6.17,0.0,NO,0.0,0.0,0.0,0.0,100853.68,100853.68,0.0,0.0,127325.25,1077.8,0.85
2020-12-17,244,BULL_100,BULL_100,21.93,372.27,353.95,318.3,6.08,0.0,NO,0.0,0.0,0.0,0.0,102478.58,102478.58,0.0,0.0,129376.64,1624.9,2.48
2020-12-18,245,BULL_100,BULL_100,21.57,370.0,354.44,318.67,6.09,0.0,NO,0.0,0.0,0.0,0.0,102316.53,102316.53,0.0,0.0,129172.06,-162.05,2.32
2020-12-21,246,BULL_100,BULL_100,25.16,367.59,354.85,319.11,6.23,0.0,NO,0.0,0.0,0.0,0.0,100349.11,100349.11,0.0,0.0,126688.24,-1967.42,0.35
2020-12-22,247,BULL_100,BULL_100,24.23,367.69,355.14,319.53,6.24,0.0,NO,0.0,0.0,0.0,0.0,100431.27,100431.27,0.0,0.0,126791.97,82.16,0.43
2020-12-23,248,BULL_100,BULL_100,23.31,367.81,355.48,320.0,6.22,0.0,NO,0.0,0.0,0.0,0.0,100103.48,100103.48,0.0,0.0,126378.14,-327.79,0.1
2020-12-24,249,BULL_100,BULL_100,21.53,369.23,355.9,320.62,6.17,0.0,NO,0.0,0.0,0.0,0.0,101104.87,101104.87,0.0,0.0,127642.37,1001.39,1.1
2020-12-28,250,BULL_100,BULL_100,21.7,372.83,356.39,321.15,5.97,0.0,NO,0.0,0.0,0.0,0.0,104274.24,104274.24,0.0,0.0,131643.62,3169.37,4.27
2020-12-29,251,BULL_100,BULL_100,23.08,371.6,356.9,321.78,6.02,0.0,NO,0.0,0.0,0.0,0.0,103502.41,103502.41,0.0,0.0,130669.2,-771.83,3.5
2020-12-30,252,BULL_100,BULL_100,22.77,372.19,357.46,322.43,6.0,0.0,NO,0.0,0.0,0.0,0.0,103870.99,103870.99,0.0,0.0,131134.52,368.58,3.87
2020-12-31,253,BULL_100,BULL_100,22.75,374.39,358.06,323.07,5.88,0.0,NO,0.0,0.0,0.0,0.0,105394.45,105394.45,0.0,0.0,133057.85,1523.46,5.39
2021-01-04,254,BULL_100,BULL_100,26.97,368.7,358.61,323.73,6.17,0.0,NO,0.0,0.0,0.0,0.0,100563.54,100563.54,0.0,0.0,126958.95,-4830.91,0.56
2021-01-05,255,BULL_100,BULL_100,25.34,370.95,359.13,324.45,6.05,0.0,NO,0.0,0.0,0.0,0.0,102769.04,102769.04,0.0,0.0,129743.34,2205.5,2.77
2021-01-06,256,BULL_100,BULL_100,25.07,374.5,359.71,325.19,5.87,0.0,NO,0.0,0.0,0.0,0.0,104214.91,104214.91,0.0,0.0,131568.72,1445.87,4.21
2021-01-07,257,BULL_100,BULL_100,22.37,379.48,360.51,325.88,5.64,0.0,NO,0.0,0.0,0.0,0.0,108882.66,108882.66,0.0,0.0,137461.63,4667.75,8.88
2021-01-08,258,BULL_100,BULL_100,21.56,381.6,361.41,326.55,5.54,0.0,NO,0.0,0.0,0.0,0.0,111296.26,111296.26,0.0,0.0,140508.74,2413.6,11.3
2021-01-11,259,BULL_100,BULL_100,24.08,379.25,362.44,327.13,5.65,0.0,NO,0.0,0.0,0.0,0.0,108507.66,108507.66,0.0,0.0,136988.2,-2788.6,8.51
2021-01-12,260,BULL_100,BULL_100,23.33,379.05,363.46,327.76,5.66,0.0,NO,0.0,0.0,0.0,0.0,108229.68,108229.68,0.0,0.0,136637.26,-277.98,8.23
2021-01-13,261,BULL_100,BULL_100,22.21,380.2,364.52,328.35,5.6,0.0,NO,0.0,0.0,0.0,0.0,109346.63,109346.63,0.0,0.0,138047.38,1116.95,9.35
2021-01-14,262,BULL_100,BULL_100,23.25,378.98,365.48,328.98,5.66,0.0,NO,0.0,0.0,0.0,0.0,108284.87,108284.87,0.0,0.0,136706.94,-1061.76,8.28
2021-01-15,263,BULL_100,BULL_100,24.34,374.77,366.21,329.61,5.84,0.0,NO,0.0,0.0,0.0,0.0,104957.56,104957.56,0.0,0.0,132506.29,-3327.31,4.96
2021-01-19,264,BULL_100,BULL_100,23.24,379.85,366.93,330.26,5.63,0.0,NO,0.0,0.0,0.0,0.0,109469.84,109469.84,0.0,0.0,138202.93,4512.28,9.47
2021-01-20,265,BULL_100,BULL_100,21.58,384.36,367.62,330.94,5.43,0.0,NO,0.0,0.0,0.0,0.0,114020.35,114020.35,0.0,0.0,143947.84,4550.51,14.02
2021-01-21,266,BULL_100,BULL_100,21.32,383.9,368.28,331.53,27.12,0.0,NO,0.0,0.0,0.0,0.0,114391.9,114391.9,0.0,0.0,144416.91,371.55,14.39
2021-01-22,267,BULL_100,BULL_100,21.91,382.64,368.84,332.12,27.34,0.0,NO,0.0,0.0,0.0,0.0,113342.26,113342.26,0.0,0.0,143091.77,-1049.64,13.34
2021-01-25,268,BULL_100,BULL_100,23.19,384.2,369.45,332.66,27.1,0.0,NO,0.0,0.0,0.0,0.0,114858.32,114858.32,0.0,0.0,145005.75,1516.06,14.86
2021-01-26,269,BULL_100,BULL_100,23.02,384.2,370.0,333.19,27.11,0.0,NO,0.0,0.0,0.0,0.0,115340.43,115340.43,0.0,0.0,145614.41,482.11,15.34
2021-01-27,270,BULL_100,BULL_100,37.21,370.6,370.35,333.66,30.13,0.0,NO,0.0,0.0,0.0,0.0,102836.44,102836.44,0.0,0.0,129828.43,-12503.99,2.84
2021-01-28,271,CASH,CASH_IDLE,30.21,376.25,370.71,334.12,28.82,0.0,NO,0.0,0.0,0.0,0.0,102836.44,102836.44,0.0,0.0,129356.19,-0.0,2.84
2021-01-29,272,CASH,CASH_IDLE,33.09,369.6,370.85,334.59,30.29,0.0,NO,0.0,0.0,0.0,0.0,102836.44,102836.44,0.0,0.0,129356.19,-0.0,2.84
2021-02-01,273,CASH,CASH_IDLE,30.24,376.55,371.16,335.03,28.51,0.0,NO,0.0,0.0,0.0,0.0,102836.44,102836.44,0.0,0.0,129356.19,-0.0,2.84
2021-02-02,274,CASH,CASH_IDLE,25.56,382.47,371.69,335.51,27.17,0.0,NO,0.0,0.0,0.0,0.0,102836.44,102836.44,0.0,0.0,129356.19,-0.0,2.84
2021-02-03,275,SMA_RECOVERY,SMA_RECOVERY,22.91,382.88,372.25,336.02,27.11,0.0,NO,0.0,0.0,0.0,0.0,102166.47,102166.47,0.0,0.0,128513.45,-669.97,2.17
2021-02-04,276,BULL_100,BULL_100,21.77,386.14,372.87,336.58,26.4,0.0,NO,0.0,0.0,0.0,0.0,104691.04,104691.04,0.0,0.0,131689.06,2524.57,4.69
2021-02-05,277,BULL_100,BULL_100,20.87,388.05,373.45,337.13,26.03,0.0,NO,0.0,0.0,0.0,0.0,106225.82,106225.82,0.0,0.0,133619.64,1534.78,6.23
2021-02-08,278,BULL_100,BULL_100,21.24,390.6,373.98,337.69,25.53,0.0,NO,0.0,0.0,0.0,0.0,108165.88,108165.88,0.0,0.0,136060.0,1940.06,8.17
2021-02-09,279,BULL_100,BULL_100,21.63,390.61,374.53,338.23,25.51,0.0,NO,0.0,0.0,0.0,0.0,108301.58,108301.58,0.0,0.0,136230.7,135.7,8.3
2021-02-10,280,BULL_100,BULL_100,21.99,390.21,375.06,338.75,25.58,0.0,NO,0.0,0.0,0.0,0.0,107815.77,107815.77,0.0,0.0,135619.6,-485.81,7.82
2021-02-11,281,BULL_100,BULL_100,21.25,390.7,375.6,339.26,25.5,0.0,NO,0.0,0.0,0.0,0.0,108545.76,108545.76,0.0,0.0,136537.85,729.99,8.55
2021-02-12,282,BULL_100,BULL_100,19.97,393.1,376.15,339.75,25.1,0.0,NO,0.0,0.0,0.0,0.0,110560.18,110560.18,0.0,0.0,139071.75,2014.42,10.56
2021-02-16,283,BULL_100,BULL_100,21.46,391.85,376.65,340.27,25.28,0.0,NO,0.0,0.0,0.0,0.0,109143.66,109143.66,0.0,0.0,137289.94,-1416.52,9.14
2021-02-17,284,BULL_100,BULL_100,21.5,392.6,377.16,340.82,25.11,0.0,NO,0.0,0.0,0.0,0.0,109543.25,109543.25,0.0,0.0,137792.57,399.59,9.54
2021-02-18,285,BULL_100,BULL_100,22.49,390.21,377.59,341.36,25.58,0.0,NO,0.0,0.0,0.0,0.0,107440.85,107440.85,0.0,0.0,135148.0,-2102.4,7.44
2021-02-19,286,BULL_100,BULL_100,22.05,389.71,378.01,341.87,25.65,0.0,NO,0.0,0.0,0.0,0.0,106892.45,106892.45,0.0,0.0,134458.18,-548.4,6.89
2021-02-22,287,BULL_100,BULL_100,23.45,387.42,378.35,342.39,26.1,0.0,NO,0.0,0.0,0.0,0.0,103616.16,103616.16,0.0,0.0,130336.99,-3276.29,3.62
2021-02-23,288,BULL_100,BULL_100,23.11,387.28,378.75,342.88,26.13,0.0,NO,0.0,0.0,0.0,0.0,103143.33,103143.33,0.0,0.0,129742.22,-472.83,3.14
2021-02-24,289,BULL_100,BULL_100,21.34,393.06,379.27,343.37,24.99,0.0,NO,0.0,0.0,0.0,0.0,107582.91,107582.91,0.0,0.0,135326.7,4439.58,7.58
2021-02-25,290,BULL_100,BULL_100,28.89,381.83,379.58,343.82,27.17,0.0,NO,0.0,0.0,0.0,0.0,97671.81,97671.81,0.0,0.0,122859.69,-9911.1,-2.33
2021-02-26,291,BULL_100,BULL_100,27.95,380.1,379.87,344.31,27.62,0.0,NO,0.0,0.0,0.0,0.0,97012.1,97012.1,0.0,0.0,122029.85,-659.71,-2.99
2021-03-01,292,DEFENSIVE_QQQ,DEFENSIVE_QQQ,23.35,390.05,380.29,344.85,25.4,0.0,NO,0.0,0.0,0.0,0.0,104658.4,104658.4,0.0,0.0,131648.0,7646.3,4.66
2021-03-02,293,DEFENSIVE_QQQ,DEFENSIVE_QQQ,24.1,387.51,380.63,345.36,25.87,0.0,NO,0.0,0.0,0.0,0.0,102385.81,102385.81,0.0,0.0,128789.35,-2272.59,2.39
2021-03-03,294,DEFENSIVE_QQQ,DEFENSIVE_QQQ,26.67,379.5,380.78,345.83,27.55,0.0,NO,0.0,0.0,0.0,0.0,96132.76,96132.76,0.0,0.0,120923.75,-6253.05,-3.87
2021-03-04,295,DEFENSIVE_QQQ,DEFENSIVE_QQQ,28.57,375.81,380.89,346.23,28.33,0.0,NO,0.0,0.0,0.0,0.0,93548.39,93548.39,0.0,0.0,117672.91,-2584.37,-6.45
2021-03-05,296,DEFENSIVE_BOTH,DEFENSIVE_BOTH,24.66,383.78,381.22,346.68,26.5,0.0,NO,0.0,0.0,0.0,0.0,96408.0,96408.0,0.0,0.0,121269.97,2859.61,-3.59
2021-03-08,297,DEFENSIVE_BOTH,DEFENSIVE_BOTH,25.47,383.6,381.54,347.12,26.55,0.0,NO,0.0,0.0,0.0,0.0,95404.02,95404.02,0.0,0.0,120007.08,-1003.98,-4.6
2021-03-09,298,DEFENSIVE_QQQ,DEFENSIVE_QQQ,24.03,387.4,381.93,347.58,25.74,0.0,NO,0.0,0.0,0.0,0.0,98395.67,98395.67,0.0,0.0,123770.23,2991.65,-1.6
2021-03-10,299,DEFENSIVE_QQQ,DEFENSIVE_QQQ,22.56,389.85,382.34,348.05,25.19,0.0,NO,0.0,0.0,0.0,0.0,99518.45,99518.45,0.0,0.0,125182.55,1122.78,-0.48
2021-03-11,300,DEFENSIVE_QQQ,DEFENSIVE_QQQ,21.91,393.96,382.76,348.52,24.45,0.0,NO,0.0,0.0,0.0,0.0,102876.81,102876.81,0.0,0.0,129406.97,3358.36,2.88
2021-03-12,301,DEFENSIVE_QQQ,DEFENSIVE_QQQ,20.69,394.1,383.21,348.97,24.44,0.0,NO,0.0,0.0,0.0,0.0,102489.82,102489.82,0.0,0.0,128920.18,-386.99,2.49
2021-03-15,302,DEFENSIVE_QQQ,DEFENSIVE_QQQ,20.03,395.95,383.69,349.44,24.08,0.0,NO,0.0,0.0,0.0,0.0,103911.37,103911.37,0.0,0.0,130708.33,1421.55,3.91
2021-03-16,303,DEFENSIVE_QQQ,DEFENSIVE_QQQ,19.79,396.22,384.12,349.89,24.03,0.0,NO,0.0,0.0,0.0,0.0,104383.38,104383.38,0.0,0.0,131302.06,472.01,4.38
2021-03-17,304,DEFENSIVE_QQQ,DEFENSIVE_QQQ,19.23,398.02,384.71,350.36,23.7,0.0,NO,0.0,0.0,0.0,0.0,105670.61,105670.61,0.0,0.0,132921.24,1287.23,5.67
2021-03-18,305,BULL_100,BULL_100,21.58,391.98,385.13,350.77,24.81,0.0,NO,0.0,0.0,0.0,0.0,99832.79,99832.79,0.0,0.0,125577.95,-5837.82,-0.17
2021-03-19,306,BULL_100,BULL_100,20.95,389.1,385.42,351.15,25.11,0.0,NO,0.0,0.0,0.0,0.0,99374.24,99374.24,0.0,0.0,125001.15,-458.55,-0.63
2021-03-22,307,DEFENSIVE_QQQ,DEFENSIVE_QQQ,18.88,393.22,385.7,351.56,24.31,0.0,NO,0.0,0.0,0.0,0.0,102514.6,102514.6,0.0,0.0,128951.35,3140.36,2.51
2021-03-23,308,DEFENSIVE_QQQ,DEFENSIVE_QQQ,20.3,389.43,385.85,351.91,25.05,0.0,NO,0.0,0.0,0.0,0.0,100077.44,100077.44,0.0,0.0,125885.7,-2437.16,0.08
2021-03-24,309,DEFENSIVE_QQQ,DEFENSIVE_QQQ,21.2,388.15,386.03,352.24,25.26,0.0,NO,0.0,0.0,0.0,0.0,98700.78,98700.78,0.0,0.0,124154.02,-1376.66,-1.3
2021-03-25,310,DEFENSIVE_QQQ,DEFENSIVE_QQQ,19.81,390.33,386.26,352.58,24.84,0.0,NO,0.0,0.0,0.0,0.0,99898.03,99898.03,0.0,0.0,125660.02,1197.25,-0.1
2021-03-26,311,DEFENSIVE_QQQ,DEFENSIVE_QQQ,18.86,395.62,386.57,352.98,23.81,0.0,NO,0.0,0.0,0.0,0.0,103454.88,103454.88,0.0,0.0,130134.12,3556.85,3.45
2021-03-29,312,DEFENSIVE_QQQ,DEFENSIVE_QQQ,20.74,396.2,386.91,353.44,23.71,0.0,NO,0.0,0.0,0.0,0.0,103826.05,103826.05,0.0,0.0,130601.0,371.17,3.83
2021-03-30,313,DEFENSIVE_QQQ,DEFENSIVE_QQQ,19.61,394.64,387.31,353.9,23.99,0.0,NO,0.0,0.0,0.0,0.0,102631.09,102631.09,0.0,0.0,129097.88,-1194.96,2.63
2021-03-31,314,DEFENSIVE_QQQ,DEFENSIVE_QQQ,19.4,396.62,387.64,354.33,23.64,0.0,NO,0.0,0.0,0.0,0.0,104384.59,104384.59,0.0,0.0,131303.58,1753.5,4.38
2021-04-01,315,DEFENSIVE_QQQ,DEFENSIVE_QQQ,17.33,401.2,387.98,354.77,22.82,0.0,NO,0.0,0.0,0.0,0.0,107819.6,107819.6,0.0,0.0,135624.42,3435.01,7.82
2021-04-05,316,DEFENSIVE_QQQ,DEFENSIVE_QQQ,17.91,406.72,388.44,355.25,21.86,0.0,NO,0.0,0.0,0.0,0.0,112008.61,112008.61,0.0,0.0,140893.71,4189.01,12.01
2021-04-06,317,BULL_100,BULL_100,18.12,406.75,388.92,355.72,21.86,0.0,NO,0.0,0.0,0.0,0.0,112079.71,112079.71,0.0,0.0,140983.14,71.1,12.08
2021-04-07,318,BULL_100,BULL_100,17.16,407.6,389.39,356.23,21.72,0.0,NO,0.0,0.0,0.0,0.0,112865.04,112865.04,0.0,0.0,141971.0,785.33,12.87
2021-04-08,319,BULL_100,BULL_100,16.95,409.5,389.89,356.71,21.42,0.0,NO,0.0,0.0,0.0,0.0,114994.56,114994.56,0.0,0.0,144649.68,2129.52,14.99
2021-04-09,320,BULL_100,BULL_100,16.69,410.68,390.69,357.21,21.17,0.0,NO,0.0,0.0,0.0,0.0,115798.95,115798.95,0.0,0.0,145661.51,804.39,15.8
2021-04-12,321,BULL_100,BULL_100,16.91,411.67,391.4,357.75,21.07,0.0,NO,0.0,0.0,0.0,0.0,116605.07,116605.07,0.0,0.0,146675.51,806.12,16.61
2021-04-13,322,BULL_100,BULL_100,16.65,412.65,392.26,358.27,20.92,0.0,NO,0.0,0.0,0.0,0.0,118047.53,118047.53,0.0,0.0,148489.96,1442.46,18.05
2021-04-14,323,BULL_100,BULL_100,16.99,411.81,392.97,358.83,21.05,0.0,NO,0.0,0.0,0.0,0.0,116406.85,116406.85,0.0,0.0,146426.18,-1640.68,16.41
2021-04-15,324,BULL_100,BULL_100,16.57,415.82,393.64,359.38,20.41,0.0,NO,0.0,0.0,0.0,0.0,120207.27,120207.27,0.0,0.0,151206.66,3800.42,20.21
2021-04-16,325,BULL_100,BULL_100,16.25,416.8,394.31,359.93,20.28,0.0,NO,0.0,0.0,0.0,0.0,121124.93,121124.93,0.0,0.0,152360.97,917.66,21.12
2021-04-19,326,BULL_100,BULL_100,17.29,415.72,394.91,360.45,20.43,0.0,NO,0.0,0.0,0.0,0.0,119552.53,119552.53,0.0,0.0,150383.08,-1572.4,19.55
2021-04-20,327,BULL_100,BULL_100,18.68,411.93,395.38,360.95,21.02,0.0,NO,0.0,0.0,0.0,0.0,115927.82,115927.82,0.0,0.0,145823.62,-3624.71,15.93
2021-04-21,328,BULL_100,BULL_100,17.5,414.96,395.87,361.44,20.51,0.0,NO,0.0,0.0,0.0,0.0,118816.68,118816.68,0.0,0.0,149457.46,2888.86,18.82
2021-04-22,329,BULL_100,BULL_100,18.71,412.55,396.31,361.93,20.85,0.0,NO,0.0,0.0,0.0,0.0,116472.63,116472.63,0.0,0.0,146508.92,-2344.05,16.47
2021-04-23,330,BULL_100,BULL_100,17.33,416.24,396.83,362.43,20.25,0.0,NO,0.0,0.0,0.0,0.0,119778.37,119778.37,0.0,0.0,150667.15,3305.74,19.78
2021-04-26,331,BULL_100,BULL_100,17.64,417.95,397.38,362.94,20.11,0.0,NO,0.0,0.0,0.0,0.0,121477.32,121477.32,0.0,0.0,152804.24,1698.95,21.48
2021-04-27,332,BULL_100,BULL_100,17.56,417.64,397.87,363.44,20.11,0.0,NO,0.0,0.0,0.0,0.0,120889.48,120889.48,0.0,0.0,152064.8,-587.84,20.89
2021-04-28,333,BULL_100,BULL_100,17.28,418.44,398.4,363.95,20.0,0.0,NO,0.0,0.0,0.0,0.0,121387.88,121387.88,0.0,0.0,152691.73,498.4,21.39
2021-04-29,334,BULL_100,BULL_100,17.61,419.31,398.93,364.44,19.86,0.0,NO,0.0,0.0,0.0,0.0,121454.0,121454.0,0.0,0.0,152774.9,66.12,21.45
2021-04-30,335,BULL_100,BULL_100,18.61,417.22,399.47,364.92,20.15,0.0,NO,0.0,0.0,0.0,0.0,120053.6,120053.6,0.0,0.0,151013.36,-1400.4,20.05
2021-05-03,336,BULL_100,BULL_100,18.31,417.56,400.03,365.41,20.11,0.0,NO,0.0,0.0,0.0,0.0,119503.24,119503.24,0.0,0.0,150321.08,-550.36,19.5
2021-05-04,337,BULL_100,BULL_100,19.48,415.6,400.59,365.87,20.39,0.0,NO,0.0,0.0,0.0,0.0,116689.33,116689.33,0.0,0.0,146781.5,-2813.91,16.69
2021-05-05,338,BULL_100,BULL_100,19.15,415.69,401.16,366.33,20.41,0.0,NO,0.0,0.0,0.0,0.0,116581.84,116581.84,0.0,0.0,146646.3,-107.49,16.58
2021-05-06,339,BULL_100,BULL_100,18.39,419.12,401.68,366.8,19.87,0.0,NO,0.0,0.0,0.0,0.0,119436.21,119436.21,0.0,0.0,150236.76,2854.37,19.44
2021-05-07,340,BULL_100,BULL_100,16.69,422.4,402.49,367.28,19.4,0.0,NO,0.0,0.0,0.0,0.0,122215.18,122215.18,0.0,0.0,153732.38,2778.97,22.22
2021-05-10,341,BULL_100,BULL_100,19.66,417.96,403.25,367.75,20.04,0.0,NO,0.0,0.0,0.0,0.0,116932.7,116932.7,0.0,0.0,147087.63,-5282.48,16.93
2021-05-11,342,BULL_100,BULL_100,21.84,414.24,403.73,368.22,20.54,0.0,NO,0.0,0.0,0.0,0.0,114516.11,114516.11,0.0,0.0,144047.85,-2416.59,14.52
2021-05-12,343,DEFENSIVE_QQQ,DEFENSIVE_QQQ,27.59,406.12,404.11,368.63,21.74,0.0,NO,0.0,0.0,0.0,0.0,108321.03,108321.03,0.0,0.0,136255.17,-6195.08,8.32
2021-05-13,344,DEFENSIVE_QQQ,DEFENSIVE_QQQ,23.13,411.03,404.74,369.08,20.95,0.0,NO,0.0,0.0,0.0,0.0,111606.58,111606.58,0.0,0.0,140388.0,3285.55,11.61
2021-05-14,345,DEFENSIVE_QQQ,DEFENSIVE_QQQ,18.81,417.39,405.57,369.54,19.97,0.0,NO,0.0,0.0,0.0,0.0,116374.16,116374.16,0.0,0.0,146385.06,4767.58,16.37
2021-05-17,346,DEFENSIVE_QQQ,DEFENSIVE_QQQ,19.72,416.22,406.22,369.99,20.17,0.0,NO,0.0,0.0,0.0,0.0,115371.9,115371.9,0.0,0.0,145124.33,-1002.26,15.37
2021-05-18,347,DEFENSIVE_QQQ,DEFENSIVE_QQQ,21.34,410.6,406.76,370.41,20.97,0.0,NO,0.0,0.0,0.0,0.0,111480.03,111480.03,0.0,0.0,140228.81,-3891.87,11.48
2021-05-19,348,DEFENSIVE_QQQ,DEFENSIVE_QQQ,22.18,409.82,407.21,370.81,21.1,0.0,NO,0.0,0.0,0.0,0.0,110907.96,110907.96,0.0,0.0,139509.22,-572.07,10.91
2021-05-20,349,DEFENSIVE_QQQ,DEFENSIVE_QQQ,20.67,415.82,407.73,371.24,20.2,0.0,NO,0.0,0.0,0.0,0.0,115636.98,115636.98,0.0,0.0,145457.77,4729.02,15.64
2021-05-21,350,DEFENSIVE_QQQ,DEFENSIVE_QQQ,20.15,415.42,408.15,371.66,20.29,0.0,NO,0.0,0.0,0.0,0.0,114709.34,114709.34,0.0,0.0,144290.91,-927.64,14.71
2021-05-24,351,DEFENSIVE_QQQ,DEFENSIVE_QQQ,18.4,419.82,408.67,372.09,19.58,0.0,NO,0.0,0.0,0.0,0.0,118626.23,118626.23,0.0,0.0,149217.9,3916.89,18.63
2021-05-25,352,DEFENSIVE_QQQ,DEFENSIVE_QQQ,18.84,419.1,409.13,372.51,19.71,0.0,NO,0.0,0.0,0.0,0.0,118176.56,118176.56,0.0,0.0,148652.27,-449.67,18.18
2021-05-26,353,BULL_100,BULL_100,17.36,419.0,409.59,372.93,19.73,0.0,NO,0.0,0.0,0.0,0.0,118200.6,118200.6,0.0,0.0,148682.5,24.04,18.2
2021-05-27,354,BULL_100,BULL_100,16.74,421.19,410.05,373.37,19.41,0.0,NO,0.0,0.0,0.0,0.0,119531.25,119531.25,0.0,0.0,150356.31,1330.65,19.53
2021-05-28,355,BULL_100,BULL_100,16.76,419.97,410.61,373.78,19.55,0.0,NO,0.0,0.0,0.0,0.0,118767.91,118767.91,0.0,0.0,149396.12,-763.34,18.77
2021-06-01,356,BULL_100,BULL_100,17.9,419.28,411.21,374.19,19.67,0.0,NO,0.0,0.0,0.0,0.0,117876.42,117876.42,0.0,0.0,148274.72,-891.49,17.88
2021-06-02,357,BULL_100,BULL_100,17.48,420.63,411.76,374.61,19.5,0.0,NO,0.0,0.0,0.0,0.0,119085.45,119085.45,0.0,0.0,149795.54,1209.03,19.09
2021-06-03,358,BULL_100,BULL_100,18.04,418.37,412.34,375.01,19.79,0.0,NO,0.0,0.0,0.0,0.0,116525.06,116525.06,0.0,0.0,146574.87,-2560.39,16.53
2021-06-04,359,BULL_100,BULL_100,16.42,422.62,413.03,375.43,19.19,0.0,NO,0.0,0.0,0.0,0.0,120721.35,120721.35,0.0,0.0,151853.32,4196.29,20.72
2021-06-07,360,BULL_100,BULL_100,16.42,422.3,413.67,375.86,19.24,0.0,NO,0.0,0.0,0.0,0.0,120937.53,120937.53,0.0,0.0,152125.24,216.18,20.94
2021-06-08,361,BULL_100,BULL_100,17.07,422.38,414.21,376.28,19.23,0.0,NO,0.0,0.0,0.0,0.0,120997.16,120997.16,0.0,0.0,152200.25,59.63,21.0
2021-06-09,362,BULL_100,BULL_100,17.89,421.84,414.72,376.69,19.3,0.0,NO,0.0,0.0,0.0,0.0,120586.97,120586.97,0.0,0.0,151684.28,-410.19,20.59
2021-06-10,363,BULL_100,BULL_100,16.1,423.46,415.29,377.09,19.06,0.0,NO,0.0,0.0,0.0,0.0,122640.51,122640.51,0.0,0.0,154267.39,2053.54,22.64
2021-06-11,364,BULL_100,BULL_100,15.65,424.43,415.85,377.49,18.96,0.0,NO,0.0,0.0,0.0,0.0,123360.63,123360.63,0.0,0.0,155173.22,720.12,23.36
2021-06-14,365,BULL_100,BULL_100,16.39,425.07,416.33,377.87,18.85,0.0,NO,0.0,0.0,0.0,0.0,124638.79,124638.79,0.0,0.0,156781.0,1278.16,24.64
2021-06-15,366,BULL_100,BULL_100,17.02,424.4,416.68,378.25,18.94,0.0,NO,0.0,0.0,0.0,0.0,123678.94,123678.94,0.0,0.0,155573.61,-959.85,23.68
2021-06-16,367,BULL_100,BULL_100,18.15,420.36,416.95,378.6,19.48,0.0,NO,0.0,0.0,0.0,0.0,120240.01,120240.01,0.0,0.0,151247.85,-3438.93,20.24
2021-06-17,368,BULL_100,BULL_100,17.75,422.31,417.25,378.96,19.22,0.0,NO,0.0,0.0,0.0,0.0,123267.02,123267.02,0.0,0.0,155055.47,3027.01,23.27
2021-06-18,369,BULL_100,BULL_100,20.7,413.61,417.33,379.26,20.27,0.0,NO,0.0,0.0,0.0,0.0,117626.36,117626.36,0.0,0.0,147960.18,-5640.66,17.63
2021-06-21,370,BULL_100,BULL_100,17.89,421.2,417.54,379.57,19.14,0.0,NO,0.0,0.0,0.0,0.0,123075.03,123075.03,0.0,0.0,154813.97,5448.67,23.08
2021-06-22,371,BULL_100,BULL_100,16.66,423.26,417.77,379.97,18.86,0.0,NO,0.0,0.0,0.0,0.0,125371.13,125371.13,0.0,0.0,157702.19,2296.1,25.37
2021-06-23,372,BULL_100,BULL_100,16.32,423.11,417.98,380.38,18.87,0.0,NO,0.0,0.0,0.0,0.0,125307.38,125307.38,0.0,0.0,157622.0,-63.75,25.31
2021-06-24,373,BULL_100,BULL_100,15.97,425.49,418.26,380.84,18.56,0.0,NO,0.0,0.0,0.0,0.0,127230.2,127230.2,0.0,0.0,160040.69,1922.82,27.23
2021-06-25,374,BULL_100,BULL_100,15.62,426.71,418.47,381.27,18.4,0.0,NO,0.0,0.0,0.0,0.0,127694.77,127694.77,0.0,0.0,160625.06,464.57,27.69
2021-06-28,375,BULL_100,BULL_100,15.76,427.2,418.68,381.74,18.33,0.0,NO,0.0,0.0,0.0,0.0,129328.37,129328.37,0.0,0.0,162679.94,1633.6,29.33
2021-06-29,376,BULL_100,BULL_100,16.02,428.25,418.93,382.21,18.24,0.0,NO,0.0,0.0,0.0,0.0,130689.49,130689.49,0.0,0.0,164392.06,1361.12,30.69
2021-06-30,377,BULL_100,BULL_100,15.83,428.87,419.27,382.66,18.13,0.0,NO,0.0,0.0,0.0,0.0,130901.25,130901.25,0.0,0.0,164658.44,211.76,30.9
2021-07-01,378,BULL_100,BULL_100,15.48,430.38,419.58,383.11,17.92,0.0,NO,0.0,0.0,0.0,0.0,131720.15,131720.15,0.0,0.0,165688.51,818.9,31.72
2021-07-02,379,BULL_100,BULL_100,15.07,433.38,420.0,383.58,17.58,0.0,NO,0.0,0.0,0.0,0.0,135015.58,135015.58,0.0,0.0,169833.78,3295.43,35.02
2021-07-06,380,BULL_100,BULL_100,16.44,432.2,420.31,384.06,17.7,0.0,NO,0.0,0.0,0.0,0.0,134589.71,134589.71,0.0,0.0,169298.09,-425.87,34.59
2021-07-07,381,BULL_100,BULL_100,16.2,434.48,420.65,384.58,17.42,0.0,NO,0.0,0.0,0.0,0.0,136482.38,136482.38,0.0,0.0,171678.84,1892.67,36.48
2021-07-08,382,BULL_100,BULL_100,19.0,430.26,420.9,385.09,17.88,0.0,NO,0.0,0.0,0.0,0.0,132724.13,132724.13,0.0,0.0,166951.4,-3758.25,32.72
2021-07-09,383,BULL_100,BULL_100,16.18,435.61,421.24,385.62,17.27,0.0,NO,0.0,0.0,0.0,0.0,137230.36,137230.36,0.0,0.0,172619.72,4506.23,37.23
2021-07-12,384,BULL_100,BULL_100,16.17,437.16,421.6,386.19,17.11,0.0,NO,0.0,0.0,0.0,0.0,138772.62,138772.62,0.0,0.0,174559.7,1542.26,38.77
2021-07-13,385,BULL_100,BULL_100,17.12,435.02,421.95,386.74,17.33,0.0,NO,0.0,0.0,0.0,0.0,136979.13,136979.13,0.0,0.0,172303.7,-1793.49,36.98
2021-07-14,386,BULL_100,BULL_100,16.33,436.23,422.33,387.28,17.19,0.0,NO,0.0,0.0,0.0,0.0,138121.56,138121.56,0.0,0.0,173740.74,1142.43,38.12
2021-07-15,387,BULL_100,BULL_100,17.01,433.75,422.69,387.77,17.47,0.0,NO,0.0,0.0,0.0,0.0,135560.45,135560.45,0.0,0.0,170519.16,-2561.11,35.56
2021-07-16,388,BULL_100,BULL_100,18.45,431.28,423.0,388.26,17.9,0.0,NO,0.0,0.0,0.0,0.0,132811.82,132811.82,0.0,0.0,167061.71,-2748.63,32.81
2021-07-19,389,BULL_100,BULL_100,22.5,425.74,423.13,388.71,18.45,0.0,NO,0.0,0.0,0.0,0.0,128805.63,128805.63,0.0,0.0,162022.39,-4006.19,28.81
2021-07-20,390,BULL_100,BULL_100,19.73,432.02,423.33,389.19,17.64,0.0,NO,0.0,0.0,0.0,0.0,133951.55,133951.55,0.0,0.0,168495.36,5145.92,33.95
2021-07-21,391,BULL_100,BULL_100,17.91,434.97,423.67,389.7,17.27,0.0,NO,0.0,0.0,0.0,0.0,136721.16,136721.16,0.0,0.0,171979.2,2769.61,36.72
2021-07-22,392,BULL_100,BULL_100,17.69,436.48,424.11,390.19,17.09,0.0,NO,0.0,0.0,0.0,0.0,138656.68,138656.68,0.0,0.0,174413.86,1935.52,38.66
2021-07-23,393,BULL_100,BULL_100,17.2,439.23,424.77,390.71,16.71,0.0,NO,0.0,0.0,0.0,0.0,141499.37,141499.37,0.0,0.0,177989.63,2842.69,41.5
2021-07-26,394,BULL_100,BULL_100,17.58,440.69,425.37,391.21,16.59,0.0,NO,0.0,0.0,0.0,0.0,142613.54,142613.54,0.0,0.0,179391.12,1114.17,42.61
2021-07-27,395,BULL_100,BULL_100,19.36,438.75,425.79,391.67,16.81,0.0,NO,0.0,0.0,0.0,0.0,139700.83,139700.83,0.0,0.0,175727.27,-2912.71,39.7
2021-07-28,396,BULL_100,BULL_100,18.31,438.94,426.25,392.13,16.8,0.0,NO,0.0,0.0,0.0,0.0,140198.09,140198.09,0.0,0.0,176352.77,497.26,40.2
2021-07-29,397,BULL_100,BULL_100,17.7,438.2,426.8,392.56,16.87,0.0,NO,0.0,0.0,0.0,0.0,138952.26,138952.26,0.0,0.0,174785.66,-1245.83,38.95
2021-07-30,398,BULL_100,BULL_100,18.24,438.83,427.38,393.0,16.8,0.0,NO,0.0,0.0,0.0,0.0,140248.55,140248.55,0.0,0.0,176416.24,1296.29,40.25
2021-08-02,399,BULL_100,BULL_100,19.46,438.19,427.83,393.45,16.88,0.0,NO,0.0,0.0,0.0,0.0,139596.52,139596.52,0.0,0.0,175596.07,-652.03,39.6
2021-08-03,400,BULL_100,BULL_100,18.04,440.42,428.33,393.91,16.61,0.0,NO,0.0,0.0,0.0,0.0,141765.91,141765.91,0.0,0.0,178324.9,2169.39,41.77
2021-08-04,401,BULL_100,BULL_100,17.97,439.3,428.72,394.37,16.72,0.0,NO,0.0,0.0,0.0,0.0,141306.29,141306.29,0.0,0.0,177746.76,-459.62,41.31
2021-08-05,402,BULL_100,BULL_100,17.28,441.31,429.16,394.86,16.46,0.0,NO,0.0,0.0,0.0,0.0,143244.28,143244.28,0.0,0.0,180184.52,1937.99,43.24
2021-08-06,403,BULL_100,BULL_100,16.15,442.35,429.63,395.35,16.36,0.0,NO,0.0,0.0,0.0,0.0,143455.73,143455.73,0.0,0.0,180450.5,211.45,43.46
2021-08-09,404,BULL_100,BULL_100,16.72,442.09,430.05,395.86,16.41,0.0,NO,0.0,0.0,0.0,0.0,143384.11,143384.11,0.0,0.0,180360.41,-71.62,43.38
2021-08-10,405,BULL_100,BULL_100,16.79,442.46,430.5,396.34,16.37,0.0,NO,0.0,0.0,0.0,0.0,142957.03,142957.03,0.0,0.0,179823.19,-427.08,42.96
2021-08-11,406,BULL_100,BULL_100,16.06,443.57,430.98,396.83,16.24,0.0,NO,0.0,0.0,0.0,0.0,143467.33,143467.33,0.0,0.0,180465.09,510.3,43.47
2021-08-12,407,BULL_100,BULL_100,15.59,444.88,431.47,397.36,16.09,0.0,NO,0.0,0.0,0.0,0.0,144940.13,144940.13,0.0,0.0,182317.7,1472.8,44.94
2021-08-13,408,BULL_100,BULL_100,15.45,445.4,432.01,397.9,16.0,0.0,NO,0.0,0.0,0.0,0.0,145915.98,145915.98,0.0,0.0,183545.2,975.85,45.92
2021-08-16,409,BULL_100,BULL_100,16.12,446.75,432.49,398.5,15.9,0.0,NO,0.0,0.0,0.0,0.0,146709.13,146709.13,0.0,0.0,184542.9,793.15,46.71
2021-08-17,410,BULL_100,BULL_100,17.91,443.0,432.91,399.07,16.29,0.0,NO,0.0,0.0,0.0,0.0,142790.43,142790.43,0.0,0.0,179613.63,-3918.7,42.79
2021-08-18,411,BULL_100,BULL_100,21.57,438.8,433.23,399.63,16.76,0.0,NO,0.0,0.0,0.0,0.0,138906.67,138906.67,0.0,0.0,174728.31,-3883.76,38.91
2021-08-19,412,BULL_100,BULL_100,21.67,439.1,433.58,400.17,16.74,0.0,NO,0.0,0.0,0.0,0.0,139633.8,139633.8,0.0,0.0,175642.96,727.13,39.63
2021-08-20,413,BULL_100,BULL_100,18.56,443.51,433.98,400.7,16.21,0.0,NO,0.0,0.0,0.0,0.0,143999.75,143999.75,0.0,0.0,181134.81,4365.95,44.0
2021-08-23,414,BULL_100,BULL_100,17.15,448.01,434.45,401.22,15.74,0.0,NO,0.0,0.0,0.0,0.0,148936.69,148936.69,0.0,0.0,187344.91,4936.94,48.94
2021-08-24,415,BULL_100,BULL_100,17.22,447.8,434.91,401.71,15.76,0.0,NO,0.0,0.0,0.0,0.0,149015.49,149015.49,0.0,0.0,187444.03,78.8,49.02
2021-08-25,416,BULL_100,BULL_100,16.79,448.88,435.4,402.2,15.63,0.0,NO,0.0,0.0,0.0,0.0,149863.38,149863.38,0.0,0.0,188510.57,847.89,49.86
2021-08-26,417,BULL_100,BULL_100,18.84,446.32,435.92,402.66,15.91,0.0,NO,0.0,0.0,0.0,0.0,147188.48,147188.48,0.0,0.0,185145.86,-2674.9,47.19
2021-08-27,418,BULL_100,BULL_100,16.39,450.44,436.48,403.14,15.49,0.0,NO,0.0,0.0,0.0,0.0,151422.51,151422.51,0.0,0.0,190471.77,4234.03,51.42
2021-08-30,419,BULL_100,BULL_100,16.19,452.38,437.25,403.62,15.26,0.0,NO,0.0,0.0,0.0,0.0,154203.11,154203.11,0.0,0.0,193969.44,2780.6,54.2
2021-08-31,420,BULL_100,BULL_100,16.48,452.44,437.88,404.11,15.26,0.0,NO,0.0,0.0,0.0,0.0,154168.83,154168.83,0.0,0.0,193926.32,-34.28,54.17
2021-09-01,421,BULL_100,BULL_100,16.11,451.96,438.45,404.58,15.3,0.0,NO,0.0,0.0,0.0,0.0,154058.2,154058.2,0.0,0.0,193787.17,-110.63,54.06
2021-09-02,422,BULL_100,BULL_100,16.41,453.14,439.05,405.04,15.19,0.0,NO,0.0,0.0,0.0,0.0,154722.48,154722.48,0.0,0.0,194622.75,664.28,54.72
2021-09-03,423,BULL_100,BULL_100,16.41,452.77,439.6,405.5,15.22,0.0,NO,0.0,0.0,0.0,0.0,154881.33,154881.33,0.0,0.0,194822.57,158.85,54.88
2021-09-07,424,BULL_100,BULL_100,18.14,451.08,440.09,405.97,15.39,0.0,NO,0.0,0.0,0.0,0.0,153675.82,153675.82,0.0,0.0,193306.18,-1205.51,53.68
2021-09-08,425,BULL_100,BULL_100,17.96,450.47,440.55,406.45,15.47,0.0,NO,0.0,0.0,0.0,0.0,152699.36,152699.36,0.0,0.0,192077.9,-976.46,52.7
2021-09-09,426,BULL_100,BULL_100,18.8,448.76,440.96,406.92,15.62,0.0,NO,0.0,0.0,0.0,0.0,151228.85,151228.85,0.0,0.0,190228.17,-1470.51,51.23
2021-09-10,427,BULL_100,BULL_100,20.95,445.26,441.29,407.35,15.94,0.0,NO,0.0,0.0,0.0,0.0,147696.74,147696.74,0.0,0.0,185785.19,-3532.11,47.7
2021-09-13,428,BULL_100,BULL_100,19.37,447.22,441.63,407.76,15.79,0.0,NO,0.0,0.0,0.0,0.0,149118.53,149118.53,0.0,0.0,187573.64,1421.79,49.12
2021-09-14,429,BULL_100,BULL_100,19.46,444.69,441.85,408.17,16.06,0.0,NO,0.0,0.0,0.0,0.0,146997.86,146997.86,0.0,0.0,184906.09,-2120.67,47.0
2021-09-15,430,BULL_100,BULL_100,18.18,448.17,442.17,408.59,15.68,0.0,NO,0.0,0.0,0.0,0.0,150168.64,150168.64,0.0,0.0,188894.56,3170.78,50.17
2021-09-16,431,BULL_100,BULL_100,18.69,446.49,442.41,409.01,15.86,0.0,NO,0.0,0.0,0.0,0.0,148702.4,148702.4,0.0,0.0,187050.2,-1466.24,48.7
2021-09-17,432,BULL_100,BULL_100,20.81,441.02,442.63,409.38,16.34,0.0,NO,0.0,0.0,0.0,0.0,144042.6,144042.6,0.0,0.0,181188.71,-4659.8,44.04
2021-09-20,433,BULL_100,BULL_100,25.71,435.02,442.61,409.73,16.95,0.0,NO,0.0,0.0,0.0,0.0,138090.24,138090.24,0.0,0.0,173701.34,-5952.36,38.09
2021-09-21,434,DEFENSIVE_SPY,DEFENSIVE_SPY,24.36,432.57,442.52,410.05,17.22,0.0,NO,0.0,0.0,0.0,0.0,137987.86,137987.86,0.0,0.0,173572.56,-102.38,37.99
2021-09-22,435,DEFENSIVE_BOTH,DEFENSIVE_BOTH,20.87,438.67,442.6,410.4,16.51,0.0,NO,0.0,0.0,0.0,0.0,141046.66,141046.66,0.0,0.0,177420.17,3058.8,41.05
2021-09-23,436,DEFENSIVE_BOTH,DEFENSIVE_BOTH,18.63,443.52,442.74,410.78,15.95,0.0,NO,0.0,0.0,0.0,0.0,143405.25,143405.25,0.0,0.0,180387.0,2358.59,43.41
2021-09-24,437,DEFENSIVE_SPY,DEFENSIVE_SPY,17.75,444.21,442.95,411.15,15.87,0.0,NO,0.0,0.0,0.0,0.0,143910.03,143910.03,0.0,0.0,181021.96,504.78,43.91
2021-09-27,438,BULL_100,BULL_100,18.76,442.47,443.17,411.52,16.09,0.0,NO,0.0,0.0,0.0,0.0,141172.59,141172.59,0.0,0.0,177578.58,-2737.44,41.17
2021-09-28,439,BULL_100,BULL_100,23.25,434.86,443.36,411.86,16.88,0.0,NO,0.0,0.0,0.0,0.0,133170.38,133170.38,0.0,0.0,167512.74,-8002.21,33.17
2021-09-29,440,DEFENSIVE_BOTH,DEFENSIVE_BOTH,22.56,435.56,443.43,412.21,16.8,0.0,NO,0.0,0.0,0.0,0.0,134428.85,134428.85,0.0,0.0,169095.74,1258.47,34.43
2021-09-30,441,DEFENSIVE_BOTH,DEFENSIVE_BOTH,23.14,429.95,443.33,412.53,17.45,0.0,NO,0.0,0.0,0.0,0.0,132219.09,132219.09,0.0,0.0,166316.12,-2209.76,32.22
2021-10-01,442,DEFENSIVE_BOTH,DEFENSIVE_BOTH,21.15,434.88,443.3,412.86,16.81,0.0,NO,0.0,0.0,0.0,0.0,134106.24,134106.24,0.0,0.0,168689.94,1887.15,34.11
2021-10-04,443,DEFENSIVE_BOTH,DEFENSIVE_BOTH,22.96,428.77,443.09,413.15,17.57,0.0,NO,0.0,0.0,0.0,0.0,131016.58,131016.58,0.0,0.0,164803.51,-3089.66,31.02
2021-10-05,444,DEFENSIVE_BOTH,DEFENSIVE_BOTH,21.3,432.45,442.92,413.45,17.11,0.0,NO,0.0,0.0,0.0,0.0,132716.08,132716.08,0.0,0.0,166941.28,1699.5,32.72
2021-10-06,445,DEFENSIVE_BOTH,DEFENSIVE_BOTH,21.0,436.06,442.87,413.78,16.69,0.0,NO,0.0,0.0,0.0,0.0,134518.51,134518.51,0.0,0.0,169208.53,1802.43,34.52
2021-10-07,446,DEFENSIVE_BOTH,DEFENSIVE_BOTH,19.54,439.53,442.88,414.14,16.28,0.0,NO,0.0,0.0,0.0,0.0,135917.76,135917.76,0.0,0.0,170968.62,1399.25,35.92
2021-10-08,447,DEFENSIVE_BOTH,DEFENSIVE_BOTH,18.77,437.37,442.86,414.49,16.54,0.0,NO,0.0,0.0,0.0,0.0,134923.5,134923.5,0.0,0.0,169717.96,-994.26,34.92
2021-10-11,448,DEFENSIVE_BOTH,DEFENSIVE_BOTH,20.0,434.41,442.77,414.82,16.87,0.0,NO,0.0,0.0,0.0,0.0,133435.5,133435.5,0.0,0.0,167846.23,-1488.0,33.44
2021-10-12,449,DEFENSIVE_BOTH,DEFENSIVE_BOTH,19.85,432.42,442.66,415.14,17.1,0.0,NO,0.0,0.0,0.0,0.0,132510.19,132510.19,0.0,0.0,166682.29,-925.31,32.51
2021-10-13,450,DEFENSIVE_BOTH,DEFENSIVE_BOTH,18.64,435.73,442.57,415.45,16.7,0.0,NO,0.0,0.0,0.0,0.0,134341.02,134341.02,0.0,0.0,168985.26,1830.83,34.34
2021-10-14,451,DEFENSIVE_BOTH,DEFENSIVE_BOTH,16.86,443.2,442.64,415.81,15.84,0.0,NO,0.0,0.0,0.0,0.0,137797.48,137797.48,0.0,0.0,173333.09,3456.46,37.8
2021-10-15,452,DEFENSIVE_BOTH,DEFENSIVE_BOTH,16.3,445.87,442.73,416.18,15.51,0.0,NO,0.0,0.0,0.0,0.0,138879.32,138879.32,0.0,0.0,174693.91,1081.84,38.88
2021-10-18,453,DEFENSIVE_QQQ,DEFENSIVE_QQQ,16.31,447.28,442.83,416.54,15.41,0.0,NO,0.0,0.0,0.0,0.0,140958.22,140958.22,0.0,0.0,177308.93,2078.9,40.96
2021-10-19,454,DEFENSIVE_QQQ,DEFENSIVE_QQQ,15.7,451.07,443.01,416.96,15.02,0.0,NO,0.0,0.0,0.0,0.0,144050.66,144050.66,0.0,0.0,181198.85,3092.44,44.05
2021-10-20,455,BULL_100,BULL_100,15.49,451.63,443.2,417.36,14.97,0.0,NO,0.0,0.0,0.0,0.0,144026.05,144026.05,0.0,0.0,181167.89,-24.61,44.03
2021-10-21,456,BULL_100,BULL_100,15.01,452.59,443.38,417.75,14.88,0.0,NO,0.0,0.0,0.0,0.0,145016.8,145016.8,0.0,0.0,182414.14,990.75,45.02
2021-10-22,457,BULL_100,BULL_100,15.43,452.3,443.52,418.11,14.89,0.0,NO,0.0,0.0,0.0,0.0,144472.41,144472.41,0.0,0.0,181729.36,-544.39,44.47
2021-10-25,458,BULL_100,BULL_100,15.24,456.17,443.74,418.49,14.52,0.0,NO,0.0,0.0,0.0,0.0,148630.48,148630.48,0.0,0.0,186959.73,4158.07,48.63
2021-10-26,459,BULL_100,BULL_100,15.98,456.55,443.94,418.87,14.49,0.0,NO,0.0,0.0,0.0,0.0,148949.17,148949.17,0.0,0.0,187360.61,318.69,48.95
2021-10-27,460,BULL_100,BULL_100,16.98,454.88,444.17,419.25,14.64,0.0,NO,0.0,0.0,0.0,0.0,148286.65,148286.65,0.0,0.0,186527.23,-662.52,48.29
2021-10-28,461,BULL_100,BULL_100,16.53,456.99,444.54,419.64,14.43,0.0,NO,0.0,0.0,0.0,0.0,150094.07,150094.07,0.0,0.0,188800.75,1807.42,50.09
2021-10-29,462,BULL_100,BULL_100,16.26,459.67,444.95,420.04,14.14,0.0,NO,0.0,0.0,0.0,0.0,153360.05,153360.05,0.0,0.0,192908.97,3265.98,53.36
2021-11-01,463,BULL_100,BULL_100,16.41,459.86,445.28,420.46,14.15,0.0,NO,0.0,0.0,0.0,0.0,153736.37,153736.37,0.0,0.0,193382.34,376.32,53.74
2021-11-02,464,BULL_100,BULL_100,16.03,461.42,445.54,420.87,13.99,0.0,NO,0.0,0.0,0.0,0.0,155297.61,155297.61,0.0,0.0,195346.2,1561.24,55.3
2021-11-03,465,BULL_100,BULL_100,15.1,465.45,445.9,421.28,13.65,0.0,NO,0.0,0.0,0.0,0.0,160104.87,160104.87,0.0,0.0,201393.17,4807.26,60.1
2021-11-04,466,BULL_100,BULL_100,15.44,467.17,446.26,421.69,13.5,0.0,NO,0.0,0.0,0.0,0.0,162574.08,162574.08,0.0,0.0,204499.14,2469.21,62.57
2021-11-05,467,BULL_100,BULL_100,16.48,467.8,446.69,422.12,13.4,0.0,NO,0.0,0.0,0.0,0.0,163239.64,163239.64,0.0,0.0,205336.34,665.56,63.24
2021-11-08,468,BULL_TRIMMED,BULL_TRIMMED,17.22,468.4,447.05,422.54,13.39,0.0,NO,0.0,0.0,0.0,0.0,163429.3,163429.3,0.0,0.0,205574.91,189.66,63.43
2021-11-09,469,BULL_TRIMMED,BULL_TRIMMED,17.78,466.76,447.34,422.95,13.53,0.0,NO,0.0,0.0,0.0,0.0,161613.65,161613.65,0.0,0.0,203291.04,-1815.65,61.61
2021-11-10,470,BULL_TRIMMED,BULL_TRIMMED,18.73,463.69,447.56,423.42,13.8,0.0,NO,0.0,0.0,0.0,0.0,158564.16,158564.16,0.0,0.0,199455.14,-3049.49,58.56
2021-11-11,471,BULL_TRIMMED,BULL_TRIMMED,17.66,464.6,447.82,423.86,13.72,0.0,NO,0.0,0.0,0.0,0.0,159611.37,159611.37,0.0,0.0,200772.4,1047.21,59.61
2021-11-12,472,BULL_TRIMMED,BULL_TRIMMED,16.29,467.5,448.1,424.35,13.41,0.0,NO,0.0,0.0,0.0,0.0,162275.66,162275.66,0.0,0.0,204123.77,2664.29,62.28
2021-11-15,473,BULL_TRIMMED,BULL_TRIMMED,16.49,467.46,448.4,424.81,13.45,0.0,NO,0.0,0.0,0.0,0.0,161929.68,161929.68,0.0,0.0,203688.57,-345.98,61.93
2021-11-16,474,BULL_TRIMMED,BULL_TRIMMED,16.37,469.46,448.77,425.24,13.29,0.0,NO,0.0,0.0,0.0,0.0,163701.92,163701.92,0.0,0.0,205917.83,1772.24,63.7
2021-11-17,475,BULL_TRIMMED,BULL_TRIMMED,17.11,468.29,449.12,425.67,13.39,0.0,NO,0.0,0.0,0.0,0.0,163206.35,163206.35,0.0,0.0,205294.46,-495.57,63.21
2021-11-18,476,BULL_TRIMMED,BULL_TRIMMED,17.59,470.01,449.55,426.09,13.24,0.0,NO,0.0,0.0,0.0,0.0,165103.78,165103.78,0.0,0.0,207681.21,1897.43,65.1
2021-11-19,477,BULL_TRIMMED,BULL_TRIMMED,17.91,469.2,450.03,426.49,13.29,0.0,NO,0.0,0.0,0.0,0.0,165078.3,165078.3,0.0,0.0,207649.16,-25.48,65.08
2021-11-22,478,BULL_TRIMMED,BULL_TRIMMED,19.17,468.08,450.44,426.88,13.41,0.0,NO,0.0,0.0,0.0,0.0,163391.08,163391.08,0.0,0.0,205526.83,-1687.22,63.39
2021-11-23,479,BULL_TRIMMED,BULL_TRIMMED,19.38,467.79,450.91,427.27,13.42,0.0,NO,0.0,0.0,0.0,0.0,162616.85,162616.85,0.0,0.0,204552.94,-774.23,62.62
2021-11-24,480,BULL_TRIMMED,BULL_TRIMMED,18.58,469.73,451.34,427.66,13.26,0.0,NO,0.0,0.0,0.0,0.0,164116.21,164116.21,0.0,0.0,206438.96,1499.36,64.12
2021-11-26,481,BULL_TRIMMED,BULL_TRIMMED,28.62,457.03,451.55,427.99,14.32,0.0,NO,0.0,0.0,0.0,0.0,155073.98,155073.98,0.0,0.0,195064.9,-9042.23,55.07
2021-11-29,482,BULL_100,BULL_100,22.96,465.85,452.04,428.36,13.54,0.0,NO,0.0,0.0,0.0,0.0,163032.62,163032.62,0.0,0.0,205075.93,7958.64,63.03
2021-11-30,483,BULL_100,BULL_100,27.19,457.99,452.5,428.69,14.18,0.0,NO,0.0,0.0,0.0,0.0,155251.06,155251.06,0.0,0.0,195287.64,-7781.56,55.25
2021-12-01,484,BULL_100,BULL_100,31.12,452.35,452.9,428.99,14.74,0.0,NO,0.0,0.0,0.0,0.0,149099.59,149099.59,0.0,0.0,187549.82,-6151.47,49.1
2021-12-02,485,CASH,CASH_IDLE,27.95,455.87,453.24,429.32,14.39,0.0,NO,0.0,0.0,0.0,0.0,149099.59,149099.59,0.0,0.0,188014.03,0.0,49.1
2021-12-03,486,SMA_RECOVERY,SMA_RECOVERY,30.67,454.2,453.46,429.64,14.57,0.0,NO,0.0,0.0,0.0,0.0,145778.45,145778.45,0.0,0.0,183826.08,-3321.14,45.78
2021-12-06,487,CASH,CASH_IDLE,27.18,458.72,453.75,430.0,14.09,0.0,NO,0.0,0.0,0.0,0.0,145778.45,145778.45,0.0,0.0,185147.87,0.0,45.78
2021-12-07,488,SMA_RECOVERY,SMA_RECOVERY,21.89,468.53,454.27,430.4,13.19,0.0,NO,0.0,0.0,0.0,0.0,149581.71,149581.71,0.0,0.0,189978.25,3803.26,49.58
2021-12-08,489,BULL_100,BULL_100,19.9,469.28,454.96,430.78,13.12,0.0,NO,0.0,0.0,0.0,0.0,150003.26,150003.26,0.0,0.0,190513.65,421.55,50.0
2021-12-09,490,BULL_100,BULL_100,21.58,467.09,455.59,431.21,13.32,0.0,NO,0.0,0.0,0.0,0.0,146961.18,146961.18,0.0,0.0,186650.01,-3042.08,46.96
2021-12-10,491,BULL_100,BULL_100,18.69,470.4,456.4,431.66,13.03,0.0,NO,0.0,0.0,0.0,0.0,150255.02,150255.02,0.0,0.0,190833.4,3293.84,50.26
2021-12-13,492,BULL_100,BULL_100,20.31,466.99,457.04,432.05,13.32,0.0,NO,0.0,0.0,0.0,0.0,146276.07,146276.07,0.0,0.0,185779.88,-3978.95,46.28
2021-12-14,493,BULL_100,BULL_100,21.89,463.24,457.73,432.42,13.63,0.0,NO,0.0,0.0,0.0,0.0,142516.76,142516.76,0.0,0.0,181005.32,-3759.31,42.52
2021-12-15,494,BULL_100,BULL_100,19.29,471.2,458.5,432.88,12.92,0.0,NO,0.0,0.0,0.0,0.0,150641.64,150641.64,0.0,0.0,191324.43,8124.88,50.64
2021-12-16,495,BULL_100,BULL_100,20.57,466.31,459.11,433.33,13.33,0.0,NO,0.0,0.0,0.0,0.0,143825.48,143825.48,0.0,0.0,182667.47,-6816.16,43.83
2021-12-17,496,BULL_100,BULL_100,21.57,461.55,459.55,433.72,13.64,0.0,NO,0.0,0.0,0.0,0.0,141521.8,141521.8,0.0,0.0,179741.66,-2303.68,41.52
2021-12-20,497,DEFENSIVE_QQQ,DEFENSIVE_QQQ,22.87,456.9,459.94,434.09,14.0,0.0,NO,0.0,0.0,0.0,0.0,137132.09,137132.09,0.0,0.0,174166.45,-4389.71,37.13
2021-12-21,498,DEFENSIVE_QQQ,DEFENSIVE_QQQ,21.01,462.83,460.51,434.47,13.45,0.0,NO,0.0,0.0,0.0,0.0,141821.97,141821.97,0.0,0.0,180122.89,4689.88,41.82
2021-12-22,499,DEFENSIVE_QQQ,DEFENSIVE_QQQ,18.63,468.15,461.22,434.86,12.99,0.0,NO,0.0,0.0,0.0,0.0,146282.54,146282.54,0.0,0.0,185788.09,4460.57,46.28
2021-12-23,500,BULL_100,BULL_100,17.96,470.63,461.92,435.24,12.77,0.0,NO,0.0,0.0,0.0,0.0,148694.18,148694.18,0.0,0.0,188851.03,2411.64,48.69
2021-12-27,501,BULL_100,BULL_100,17.68,476.8,462.59,435.66,12.26,0.0,NO,0.0,0.0,0.0,0.0,154853.13,154853.13,0.0,0.0,196673.29,6158.95,54.85
2021-12-28,502,BULL_100,BULL_100,17.54,477.5,463.22,436.06,12.22,0.0,NO,0.0,0.0,0.0,0.0,155234.29,155234.29,0.0,0.0,197157.39,381.16,55.23
2021-12-29,503,BULL_100,BULL_100,16.95,477.12,463.82,436.47,12.26,0.0,NO,0.0,0.0,0.0,0.0,154254.78,154254.78,0.0,0.0,195913.35,-979.51,54.25
2021-12-30,504,BULL_100,BULL_100,17.33,476.24,464.32,436.86,12.32,0.0,NO,0.0,0.0,0.0,0.0,153492.62,153492.62,0.0,0.0,194945.36,-762.16,53.49
2021-12-31,505,BULL_100,BULL_100,17.22,475.15,464.79,437.27,12.38,0.0,NO,0.0,0.0,0.0,0.0,152212.88,152212.88,0.0,0.0,193320.0,-1279.74,52.21
2022-01-03,506,BULL_100,BULL_100,16.6,477.4,465.29,437.72,12.23,0.0,NO,0.0,0.0,0.0,0.0,154732.09,154732.09,0.0,0.0,196519.56,2519.21,54.73
2022-01-04,507,BULL_100,BULL_100,16.91,477.04,465.79,438.14,12.25,0.0,NO,0.0,0.0,0.0,0.0,152594.37,152594.37,0.0,0.0,193804.52,-2137.72,52.59
2022-01-05,508,BULL_100,BULL_100,19.73,469.0,466.04,438.53,12.86,0.0,NO,0.0,0.0,0.0,0.0,143878.0,143878.0,0.0,0.0,182734.18,-8716.37,43.88
2022-01-06,509,BULL_100,BULL_100,19.61,469.16,466.29,438.94,12.85,0.0,NO,0.0,0.0,0.0,0.0,143983.82,143983.82,0.0,0.0,182868.57,105.82,43.98
2022-01-07,510,DEFENSIVE_QQQ,DEFENSIVE_QQQ,18.76,466.01,466.52,439.32,13.1,0.0,NO,0.0,0.0,0.0,0.0,140947.66,140947.66,0.0,0.0,179012.46,-3036.16,40.95
2022-01-10,511,DEFENSIVE_QQQ,DEFENSIVE_QQQ,19.4,465.8,466.69,439.67,13.12,0.0,NO,0.0,0.0,0.0,0.0,140777.83,140777.83,0.0,0.0,178796.76,-169.83,40.78
2022-01-11,512,DEFENSIVE_BOTH,DEFENSIVE_BOTH,18.41,469.59,466.89,440.03,12.8,0.0,NO,0.0,0.0,0.0,0.0,142743.07,142743.07,0.0,0.0,181292.75,1965.24,42.74
2022-01-12,513,DEFENSIVE_BOTH,DEFENSIVE_BOTH,17.62,470.86,467.11,440.42,12.69,0.0,NO,0.0,0.0,0.0,0.0,143416.97,143416.97,0.0,0.0,182148.64,673.9,43.42
2022-01-13,514,DEFENSIVE_QQQ,DEFENSIVE_QQQ,20.31,464.68,467.18,440.76,13.2,0.0,NO,0.0,0.0,0.0,0.0,137894.14,137894.14,0.0,0.0,175134.3,-5522.83,37.89
2022-01-14,515,DEFENSIVE_QQQ,DEFENSIVE_QQQ,19.19,465.33,467.17,441.08,13.15,0.0,NO,0.0,0.0,0.0,0.0,138505.32,138505.32,0.0,0.0,175910.53,611.18,38.51
2022-01-18,516,DEFENSIVE_BOTH,DEFENSIVE_BOTH,22.79,456.16,466.95,441.32,13.92,0.0,NO,0.0,0.0,0.0,0.0,132592.26,132592.26,0.0,0.0,168400.57,-5913.06,32.59
2022-01-19,517,DEFENSIVE_BOTH,DEFENSIVE_BOTH,23.85,450.94,466.62,441.54,14.41,0.0,NO,0.0,0.0,0.0,0.0,130284.11,130284.11,0.0,0.0,165469.08,-2308.15,30.28
2022-01-20,518,DEFENSIVE_BOTH,DEFENSIVE_BOTH,25.59,445.5,466.16,441.73,14.95,0.0,NO,0.0,0.0,0.0,0.0,127755.35,127755.35,0.0,0.0,162257.39,-2528.76,27.76
2022-01-21,519,DEFENSIVE_BOTH,DEFENSIVE_BOTH,28.85,436.78,465.56,441.87,15.82,0.0,NO,0.0,0.0,0.0,0.0,124046.22,124046.22,0.0,0.0,157546.56,-3709.13,24.05
2022-01-24,520,CASH,CASH_IDLE,29.9,439.65,465.08,442.02,15.5,0.0,NO,0.0,0.0,0.0,0.0,124046.22,124046.22,0.0,0.0,158893.92,-0.0,24.05
2022-01-25,521,CASH,CASH_IDLE,31.16,435.01,464.49,442.13,15.98,0.0,NO,0.0,0.0,0.0,0.0,124046.22,124046.22,0.0,0.0,158893.92,-0.0,24.05
2022-01-26,522,CASH,CASH_SPXU,31.96,435.75,463.85,442.25,15.86,0.0,NO,3955.5555,0.0,62735.11,0.0,61898.06,124633.17,0.5034,50.3,158893.92,586.95,24.63
2022-01-27,523,CASH,CASH_SPXU,30.49,433.08,463.16,442.35,16.18,0.0,NO,3955.5555,0.0,64000.89,0.0,61898.06,125898.95,0.5084,50.8,158893.92,1265.78,25.9
2022-01-28,524,CASH,CASH_SPXU,27.66,442.15,462.62,442.49,15.19,0.0,NO,3955.5555,0.0,60084.89,0.0,61898.06,121982.95,0.4926,49.3,158893.92,-3916.0,21.98
2022-01-31,525,CASH,CASH_IDLE,24.83,448.77,462.23,442.65,14.46,0.0,NO,0.0,0.0,0.0,0.0,121467.02,121467.02,0.0,0.0,158893.92,-515.93,21.47
2022-02-01,526,SMA_RECOVERY,SMA_RECOVERY,21.96,454.6,461.92,442.84,13.92,0.0,NO,0.0,0.0,0.0,0.0,124255.5,124255.5,0.0,0.0,162541.6,2788.48,24.26
2022-02-02,527,SMA_RECOVERY,SMA_RECOVERY,22.09,452.7,461.59,443.04,14.07,0.0,NO,0.0,0.0,0.0,0.0,121661.2,121661.2,0.0,0.0,159147.94,-2594.3,21.66
2022-02-03,528,SMA_RECOVERY,SMA_RECOVERY,24.35,451.4,461.26,443.23,14.13,0.0,NO,0.0,0.0,0.0,0.0,120941.88,120941.88,0.0,0.0,158206.98,-719.32,20.94
2022-02-04,529,SMA_RECOVERY,SMA_RECOVERY,23.22,448.35,460.87,443.4,14.01,0.0,NO,0.0,0.0,0.0,0.0,119201.63,119201.63,0.0,0.0,155930.51,-1740.25,19.2
2022-02-07,530,SMA_RECOVERY,SMA_RECOVERY,22.86,448.19,460.44,443.56,14.47,0.0,NO,0.0,0.0,0.0,0.0,118630.92,118630.92,0.0,0.0,155183.95,-570.71,18.63
2022-02-08,531,SMA_RECOVERY,SMA_RECOVERY,21.44,452.01,460.34,443.74,14.09,0.0,NO,0.0,0.0,0.0,0.0,121095.88,121095.88,0.0,0.0,158408.42,2464.96,21.1
2022-02-09,532,SMA_RECOVERY,SMA_RECOVERY,19.96,457.37,460.17,443.93,13.58,0.0,NO,0.0,0.0,0.0,0.0,124757.29,124757.29,0.0,0.0,163198.0,3661.41,24.76
2022-02-10,533,SMA_RECOVERY,SMA_RECOVERY,23.91,448.02,459.97,444.08,14.38,0.0,NO,0.0,0.0,0.0,0.0,118783.66,118783.66,0.0,0.0,155383.76,-5973.63,18.78
2022-02-11,534,SMA_RECOVERY,SMA_RECOVERY,27.36,440.8,459.74,444.19,15.1,0.0,NO,0.0,0.0,0.0,0.0,113538.56,113538.56,0.0,0.0,148522.51,-5245.1,13.54
2022-02-14,535,CASH,CASH_IDLE,28.33,439.81,459.41,444.3,15.2,0.0,NO,0.0,0.0,0.0,0.0,113538.56,113538.56,0.0,0.0,145039.92,-0.0,13.54
2022-02-15,536,CASH,CASH_IDLE,25.7,444.85,459.23,444.44,14.67,0.0,NO,0.0,0.0,0.0,0.0,113538.56,113538.56,0.0,0.0,145039.92,-0.0,13.54
2022-02-16,537,SMA_RECOVERY,SMA_RECOVERY,24.29,445.7,458.97,444.59,14.59,0.0,NO,0.0,0.0,0.0,0.0,112519.41,112519.41,0.0,0.0,143738.01,-1019.15,12.52
2022-02-17,538,SMA_RECOVERY,SMA_RECOVERY,28.11,437.46,458.35,444.7,15.39,0.0,NO,0.0,0.0,0.0,0.0,107254.1,107254.1,0.0,0.0,137011.84,-5265.31,7.25
2022-02-18,539,CASH,CASH_IDLE,27.75,432.46,457.61,444.76,15.88,0.0,NO,0.0,0.0,0.0,0.0,107254.1,107254.1,0.0,0.0,138296.27,0.0,7.25
2022-02-22,540,CASH,CASH_IDLE,28.81,432.02,456.91,444.81,15.95,0.0,NO,0.0,0.0,0.0,0.0,107254.1,107254.1,0.0,0.0,138296.27,0.0,7.25
2022-02-23,541,CASH,CASH_IDLE,31.02,421.6,455.93,444.83,17.12,0.0,NO,0.0,0.0,0.0,0.0,107254.1,107254.1,0.0,0.0,138296.27,0.0,7.25
2022-02-24,542,CASH,CASH_SPXU,30.32,426.07,455.11,444.89,16.6,0.0,NO,2972.6747,0.0,49346.4,0.0,53518.8,102865.2,0.4797,48.0,138296.27,-4388.9,2.87
2022-02-25,543,CASH,CASH_SPXU,27.59,438.02,454.61,445.05,15.26,0.0,NO,2972.6747,0.0,45363.02,0.0,53518.8,98881.81,0.4588,45.9,138296.27,-3983.39,-1.12
2022-02-28,544,CASH,CASH_IDLE,30.15,437.5,453.94,445.18,15.24,0.0,NO,0.0,0.0,0.0,0.0,101222.81,101222.81,0.0,0.0,138296.27,2341.0,1.22
2022-03-01,545,CASH,CASH_SPXU,33.32,431.43,453.24,445.25,16.02,0.0,NO,3297.1598,0.0,52820.5,0.0,50509.18,103329.68,0.5112,51.1,138296.27,2106.87,3.33
2022-03-02,546,CASH,CASH_SPXU,30.74,437.2,452.75,445.36,15.25,0.0,NO,3297.1598,0.0,50281.69,0.0,50509.18,100790.87,0.4989,49.9,138296.27,-2538.81,0.79
2022-03-03,547,CASH,CASH_SPXU,30.48,436.99,452.35,445.49,15.28,0.0,NO,3297.1598,0.0,50380.6,0.0,50509.18,100889.78,0.4994,49.9,138296.27,98.91,0.89
2022-03-04,548,CASH,CASH_SPXU,31.98,430.0,451.7,445.59,15.86,0.0,NO,3297.1598,0.0,52292.95,0.0,50509.18,102802.13,0.5087,50.9,138296.27,1912.35,2.8
2022-03-07,549,CASH,CASH_SPXU,36.45,418.5,450.7,445.6,17.31,0.0,NO,3297.1598,0.0,57073.84,0.0,50509.18,107583.02,0.5305,53.1,138296.27,4780.89,7.58
2022-03-08,550,CASH,CASH_SPXU,35.13,416.7,449.62,445.61,17.54,0.0,NO,3297.1598,0.0,57832.18,0.0,50509.18,108341.36,0.5338,53.4,138296.27,758.34,8.34
2022-03-09,551,CASH,CASH_SPXU,32.45,427.12,448.63,445.65,16.17,0.0,NO,3297.1598,0.0,53315.07,0.0,50509.18,103824.25,0.5135,51.4,138296.27,-4517.11,3.82
2022-03-10,552,CASH,CASH_SPXU,30.23,426.34,447.61,445.68,16.25,0.0,NO,3297.1598,0.0,53578.85,0.0,50509.18,104088.03,0.5147,51.5,138296.27,263.78,4.09
2022-03-11,553,CASH,CASH_SPXU,30.75,420.1,446.47,445.69,16.94,0.0,NO,3297.1598,0.0,55853.89,0.0,50509.18,106363.07,0.5251,52.5,138296.27,2275.04,6.36
2022-03-14,554,CASH,CASH_SPXU,31.77,417.88,445.3,445.67,17.26,0.0,NO,3297.1598,0.0,56908.98,0.0,50509.18,107418.16,0.5298,53.0,138296.27,1055.09,7.42
2022-03-15,555,CASH,CASH_SPXU,29.83,425.32,444.3,445.7,16.31,0.0,NO,3297.1598,0.0,53776.68,0.0,50509.18,104285.86,0.5157,51.6,138296.27,-3132.3,4.29
2022-03-16,556,CASH,CASH_IDLE,26.67,436.25,443.48,445.78,15.08,0.0,NO,0.0,0.0,0.0,0.0,102762.36,102762.36,0.0,0.0,138296.27,-1523.5,2.76
2022-03-17,557,CASH,CASH_IDLE,25.67,438.65,442.71,445.87,14.82,0.0,NO,0.0,0.0,0.0,0.0,102762.36,102762.36,0.0,0.0,138296.27,-0.0,2.76
2022-03-18,558,CASH,CASH_IDLE,23.87,445.46,442.24,446.01,14.07,0.0,NO,0.0,0.0,0.0,0.0,102762.36,102762.36,0.0,0.0,138296.27,-0.0,2.76
2022-03-21,559,CASH,CASH_IDLE,23.53,443.67,441.73,446.11,14.17,0.0,NO,0.0,0.0,0.0,0.0,102762.36,102762.36,0.0,0.0,138296.27,-0.0,2.76
2022-03-22,560,CASH,CASH_IDLE,22.94,450.11,441.41,446.25,13.56,0.0,NO,0.0,0.0,0.0,0.0,102762.36,102762.36,0.0,0.0,138296.27,-0.0,2.76
2022-03-23,561,SMA_RECOVERY,SMA_RECOVERY,23.57,444.3,440.98,446.36,14.09,0.0,NO,0.0,0.0,0.0,0.0,99979.76,99979.76,0.0,0.0,134551.48,-2782.6,-0.02
2022-03-24,562,CASH,CASH_IDLE,21.67,450.14,440.6,446.5,13.53,0.0,NO,0.0,0.0,0.0,0.0,99979.76,99979.76,0.0,0.0,135126.51,-0.0,-0.02
2022-03-25,563,SMA_RECOVERY,SMA_RECOVERY,20.81,452.9,440.24,446.65,13.31,0.0,NO,0.0,0.0,0.0,0.0,100313.19,100313.19,0.0,0.0,135577.16,333.43,0.31
2022-03-28,564,BULL_100,BULL_100,19.63,455.81,440.06,446.81,13.03,0.0,NO,0.0,0.0,0.0,0.0,103307.17,103307.17,0.0,0.0,139623.64,2993.98,3.31
2022-03-29,565,BULL_100,BULL_100,18.9,461.11,439.97,446.99,12.58,0.0,NO,0.0,0.0,0.0,0.0,107205.37,107205.37,0.0,0.0,144892.2,3898.2,7.21
2022-03-30,566,BULL_100,BULL_100,19.33,458.89,440.03,447.16,12.76,14.79,YES,0.0,0.0,0.0,0.0,105380.75,105380.75,0.0,0.0,142426.16,-1824.62,5.38
2022-03-31,567,BULL_100,BULL_100,20.56,453.21,440.07,447.32,13.22,14.12,YES,0.0,0.0,0.0,0.0,101446.94,101446.94,0.0,0.0,137109.46,-3933.81,1.45
2022-04-01,568,BULL_100,BULL_100,19.63,453.28,440.23,447.48,13.25,14.58,YES,0.0,0.0,0.0,0.0,101112.75,101112.75,0.0,0.0,136657.79,-334.19,1.11
2022-04-04,569,BULL_100,BULL_100,18.57,456.4,440.62,447.69,12.94,15.31,YES,0.0,0.0,0.0,0.0,104226.83,104226.83,0.0,0.0,140866.59,3114.08,4.23
2022-04-05,570,BULL_100,BULL_100,21.03,451.28,440.85,447.84,13.37,14.11,YES,0.0,0.0,0.0,0.0,100007.18,100007.18,0.0,0.0,135163.57,-4219.65,0.01
2022-04-06,571,BULL_100,BULL_100,22.1,445.19,441.06,447.95,13.92,13.67,YES,0.0,0.0,0.0,0.0,95128.82,95128.82,0.0,0.0,128570.28,-4878.36,-4.87
2022-04-07,572,CASH,CASH_IDLE,21.55,449.25,441.33,448.08,13.55,14.07,YES,0.0,0.0,0.0,0.0,95128.82,95128.82,0.0,0.0,129567.92,-0.0,-4.87
2022-04-08,573,SMA_RECOVERY,SMA_RECOVERY,21.16,447.24,441.61,448.19,13.72,14.1,YES,0.0,0.0,0.0,0.0,92856.21,92856.21,0.0,0.0,126472.56,-2272.61,-7.14
2022-04-11,574,CASH,CASH_IDLE,24.37,439.66,441.56,448.26,14.43,13.32,YES,0.0,0.0,0.0,0.0,92856.21,92856.21,0.0,0.0,125521.01,-0.0,-7.14
2022-04-12,575,CASH,CASH_IDLE,24.26,439.64,441.38,448.32,14.43,13.16,YES,0.0,0.0,0.0,0.0,92856.21,92856.21,0.0,0.0,125521.01,-0.0,-7.14
2022-04-13,576,CASH,CASH_IDLE,21.82,443.05,441.15,448.39,14.09,14.08,YES,0.0,0.0,0.0,0.0,92856.21,92856.21,0.0,0.0,125521.01,-0.0,-7.14
2022-04-14,577,CASH,CASH_IDLE,22.7,437.74,440.85,448.44,14.56,13.72,YES,0.0,0.0,0.0,0.0,92856.21,92856.21,0.0,0.0,125521.01,-0.0,-7.14
2022-04-18,578,CASH,CASH_IDLE,22.17,440.13,440.62,448.49,14.35,14.05,YES,0.0,0.0,0.0,0.0,92856.21,92856.21,0.0,0.0,125521.01,-0.0,-7.14
2022-04-19,579,CASH,CASH_IDLE,21.37,443.42,440.52,448.54,14.01,14.42,YES,0.0,0.0,0.0,0.0,92856.21,92856.21,0.0,0.0,125521.01,-0.0,-7.14
2022-04-20,580,CASH,CASH_IDLE,20.32,446.22,440.49,448.61,13.75,14.85,YES,0.0,0.0,0.0,0.0,92856.21,92856.21,0.0,0.0,125521.01,-0.0,-7.14
2022-04-21,581,CASH,CASH_IDLE,22.68,436.93,440.18,448.62,14.63,13.71,YES,0.0,0.0,0.0,0.0,92856.21,92856.21,0.0,0.0,125521.01,-0.0,-7.14
2022-04-22,582,CASH,CASH_IDLE,28.21,424.23,439.52,448.59,15.99,12.1,YES,0.0,0.0,0.0,0.0,92856.21,92856.21,0.0,0.0,125521.01,-0.0,-7.14
2022-04-25,583,CASH,CASH_IDLE,27.02,428.34,439.13,448.55,15.47,12.39,YES,0.0,0.0,0.0,0.0,92856.21,92856.21,0.0,0.0,125521.01,-0.0,-7.14
2022-04-26,584,CASH,CASH_IDLE,33.52,416.66,438.64,448.45,16.72,11.17,YES,0.0,0.0,0.0,0.0,92856.21,92856.21,0.0,0.0,125521.01,-0.0,-7.14
2022-04-27,585,CASH,CASH_SPXU,31.6,420.59,438.26,448.38,16.26,11.08,YES,2839.6393,0.0,46172.54,0.0,46334.25,92506.78,0.4991,49.9,125521.01,-349.43,-7.49
2022-04-28,586,CASH,CASH_SPXU,29.99,423.91,437.84,448.32,15.82,11.5,YES,2839.6393,0.0,44923.09,0.0,46334.25,91257.34,0.4923,49.2,125521.01,-1249.44,-8.74
2022-04-29,587,CASH,CASH_IDLE,33.4,413.4,437.2,448.22,16.98,10.68,YES,0.0,0.0,0.0,0.0,90458.0,90458.0,0.0,0.0,125521.01,-799.34,-9.54
2022-05-02,588,CASH,CASH_SPXU,32.34,414.01,436.73,448.13,16.85,10.72,YES,2673.1089,0.0,45041.88,0.0,45137.54,90179.43,0.4995,49.9,125521.01,-278.57,-9.82
2022-05-03,589,CASH,CASH_SPXU,29.25,416.94,436.42,448.08,16.5,11.42,YES,2673.1089,0.0,44106.3,0.0,45137.54,89243.84,0.4942,49.4,125521.01,-935.59,-10.76
2022-05-04,590,CASH,CASH_IDLE,25.42,428.1,436.34,448.07,15.15,12.28,YES,0.0,0.0,0.0,0.0,89021.24,89021.24,0.0,0.0,125521.01,-222.6,-10.98
2022-05-05,591,CASH,CASH_IDLE,31.2,414.25,436.19,447.96,16.62,10.21,YES,0.0,0.0,0.0,0.0,89021.24,89021.24,0.0,0.0,125521.01,-0.0,-10.98
2022-05-06,592,CASH,CASH_SPXU,30.19,411.0,435.89,447.83,17.14,10.31,YES,2644.7189,0.0,45330.48,0.0,44420.6,89751.08,0.5051,50.5,125521.01,729.84,-10.25
2022-05-09,593,CASH,CASH_SPXU,34.75,399.44,435.12,447.64,18.42,9.38,YES,2644.7189,0.0,48715.72,0.0,44420.6,93136.32,0.5231,52.3,125521.01,3385.24,-6.86
2022-05-10,594,CASH,CASH_SPXU,32.99,398.22,434.33,447.42,18.56,9.76,YES,2644.7189,0.0,49085.98,0.0,44420.6,93506.58,0.5249,52.5,125521.01,370.26,-6.49
2022-05-11,595,CASH,CASH_SPXU,32.56,393.86,433.58,447.2,19.19,9.93,YES,2644.7189,0.0,50752.16,0.0,44420.6,95172.75,0.5333,53.3,125521.01,1666.17,-4.83
2022-05-12,596,CASH,CASH_SPXU_SVIX,31.77,393.9,432.71,446.97,19.18,10.03,YES,2644.7189,994.2143,50725.71,9971.97,34885.94,95583.62,0.635,63.5,125521.01,410.87,-4.42
2022-05-13,597,CASH,CASH_SPXU_SVIX,28.87,401.45,432.0,446.79,17.99,10.69,YES,2644.7189,994.2143,47578.49,10628.15,34885.94,93092.58,0.6253,62.5,125521.01,-2491.04,-6.91
2022-05-16,598,CASH,CASH_SVIX,27.47,400.46,431.41,446.6,18.2,11.01,YES,0.0,994.2143,0.0,10946.3,83265.68,94211.98,0.1162,11.6,125521.01,1119.4,-5.79
2022-05-17,599,CASH,CASH_SVIX,26.1,408.25,431.21,446.45,17.13,11.4,YES,0.0,994.2143,0.0,11334.04,83265.68,94599.72,0.1198,12.0,125521.01,387.74,-5.4
2022-05-18,600,CASH,CASH_SVIX,30.96,389.5,430.66,446.19,19.55,9.96,YES,0.0,994.2143,0.0,9902.37,83265.68,93168.06,0.1063,10.6,125521.01,-1431.66,-6.83
2022-05-19,601,CASH,CASH_SPXU_SVIX,29.35,390.57,429.93,445.95,19.41,10.49,YES,2380.4621,994.2143,46204.77,10429.31,36323.49,92957.57,0.6092,60.9,125521.01,-210.49,-7.04
2022-05-20,602,CASH,CASH_SVIX,29.43,390.62,429.22,445.7,19.45,10.26,YES,0.0,994.2143,0.0,10200.64,81318.27,91518.91,0.1115,11.1,125521.01,-1438.66,-8.48
2022-05-23,603,CASH,CASH_SVIX,28.48,394.51,428.71,445.46,18.77,10.45,YES,0.0,994.2143,0.0,10389.54,81318.27,91707.81,0.1133,11.3,125521.01,188.9,-8.29
2022-05-24,604,CASH,CASH_SVIX,29.45,395.6,428.26,445.22,18.61,10.39,YES,0.0,994.2143,0.0,10329.89,81318.27,91648.16,0.1127,11.3,125521.01,-59.65,-8.35
2022-05-25,605,CASH,CASH_SVIX,28.37,396.73,427.69,445.0,18.45,10.61,YES,0.0,994.2143,0.0,10548.61,81318.27,91866.89,0.1148,11.5,125521.01,218.73,-8.13
2022-05-26,606,CASH,CASH_SVIX,27.5,405.41,427.07,444.81,17.24,10.75,YES,0.0,994.2143,0.0,10687.8,81318.27,92006.08,0.1162,11.6,125521.01,139.19,-7.99
2022-05-27,607,CASH,CASH_SVIX,25.72,416.6,426.63,444.66,15.81,11.13,YES,0.0,994.2143,0.0,11065.61,81318.27,92383.88,0.1198,12.0,125521.01,377.8,-7.62
2022-05-31,608,CASH,CASH_SVIX,26.19,414.49,426.01,444.51,16.06,11.31,YES,0.0,994.2143,0.0,11244.56,81318.27,92562.84,0.1215,12.1,125521.01,178.96,-7.44
2022-06-01,609,CASH,CASH_SVIX,25.69,408.47,425.31,444.32,16.79,11.39,YES,0.0,994.2143,0.0,11324.1,81318.27,92642.37,0.1222,12.2,125521.01,79.53,-7.36
2022-06-02,610,CASH,CASH_SVIX,24.72,418.0,424.67,444.19,15.64,11.72,YES,0.0,994.2143,0.0,11652.19,81318.27,92970.46,0.1253,12.5,125521.01,328.09,-7.03
2022-06-03,611,CASH,CASH_SVIX,24.79,410.3,423.99,444.05,16.45,11.52,YES,0.0,994.2143,0.0,11453.35,81318.27,92771.62,0.1235,12.3,125521.01,-198.84,-7.23
2022-06-06,612,CASH,CASH_SVIX,25.07,411.9,423.22,443.91,16.29,11.67,YES,0.0,994.2143,0.0,11602.48,81318.27,92920.75,0.1249,12.5,125521.01,149.13,-7.08
2022-06-07,613,CASH,CASH_SVIX,24.02,414.55,422.45,443.77,16.0,11.88,YES,0.0,994.2143,0.0,11811.27,81318.27,93129.54,0.1268,12.7,125521.01,208.79,-6.87
2022-06-08,614,CASH,CASH_SVIX,23.96,411.69,421.57,443.59,16.33,12.01,YES,0.0,994.2143,0.0,11940.51,81318.27,93258.79,0.128,12.8,125521.01,129.25,-6.74
2022-06-09,615,CASH,CASH_SVIX,26.09,401.98,420.39,443.36,17.47,11.43,YES,0.0,994.2143,0.0,11363.87,81318.27,92682.14,0.1226,12.3,125521.01,-576.65,-7.32
2022-06-10,616,CASH,CASH_SVIX,27.75,390.25,419.02,443.07,18.96,10.74,YES,0.0,994.2143,0.0,10677.86,81318.27,91996.13,0.1161,11.6,125521.01,-686.01,-8.0
2022-06-13,617,CASH,CASH_SVIX,34.02,375.82,417.47,442.71,21.13,9.43,YES,0.0,994.2143,0.0,9375.44,81318.27,90693.71,0.1034,10.3,125521.01,-1302.42,-9.31
2022-06-14,618,CASH,CASH_SPXU_SVIX,32.69,375.72,415.92,442.34,21.12,9.51,YES,2215.0622,994.2143,46782.11,9454.98,35839.87,92076.97,0.6108,61.1,125521.01,1383.26,-7.92
2022-06-15,619,CASH,CASH_SPXU_SVIX,29.62,381.66,414.42,441.99,20.13,10.17,YES,2215.0622,994.2143,44589.2,10111.16,35839.87,90540.24,0.6042,60.4,125521.01,-1536.73,-9.46
2022-06-16,620,CASH,CASH_SVIX,32.95,368.44,412.77,441.57,22.42,9.36,YES,0.0,994.2143,0.0,9305.85,83986.44,93292.29,0.0997,10.0,125521.01,2752.05,-6.71
2022-06-17,621,CASH,CASH_SPXU_SVIX,31.13,366.33,411.19,441.14,22.35,9.75,YES,2128.1243,994.2143,47563.58,9693.59,37051.75,94308.91,0.6071,60.7,125521.01,1016.62,-5.69
2022-06-21,622,CASH,CASH_SPXU_SVIX,30.19,374.67,409.7,440.75,20.84,10.0,YES,2128.1243,994.2143,44350.11,9942.14,37051.75,91344.0,0.5944,59.4,125521.01,-2964.91,-8.66
2022-06-22,623,CASH,CASH_SPXU_SVIX,28.95,372.65,408.21,440.34,21.19,10.34,YES,2128.1243,994.2143,45094.95,10280.18,37051.75,92426.88,0.5991,59.9,125521.01,1082.88,-7.57
2022-06-23,624,CASH,CASH_SVIX,29.05,376.84,406.95,439.97,20.48,10.34,YES,0.0,994.2143,0.0,10280.18,82097.99,92378.16,0.1113,11.1,125521.01,-48.72,-7.62
2022-06-24,625,CASH,CASH_SVIX,27.23,389.63,405.95,439.67,18.43,10.55,YES,0.0,994.2143,0.0,10488.96,82097.99,92586.95,0.1133,11.3,125521.01,208.79,-7.41
2022-06-27,626,CASH,CASH_SVIX,26.95,389.01,404.87,439.37,18.49,10.88,YES,0.0,994.2143,0.0,10817.05,82097.99,92915.04,0.1164,11.6,125521.01,328.09,-7.08
2022-06-28,627,CASH,CASH_SVIX,28.36,381.2,403.74,439.05,19.62,10.46,YES,0.0,994.2143,0.0,10399.48,82097.99,92497.47,0.1124,11.2,125521.01,-417.57,-7.5
2022-06-29,628,CASH,CASH_SVIX,28.16,380.06,402.54,438.71,19.81,10.58,YES,0.0,994.2143,0.0,10518.79,82097.99,92616.77,0.1136,11.4,125521.01,119.3,-7.38
2022-06-30,629,CASH,CASH_SVIX,28.71,377.3,401.21,438.38,20.22,10.34,YES,0.0,994.2143,0.0,10280.18,82097.99,92378.16,0.1113,11.1,125521.01,-238.61,-7.62
2022-07-01,630,CASH,CASH_SVIX,26.7,381.14,399.91,438.04,19.74,10.71,YES,0.0,994.2143,0.0,10648.04,82097.99,92746.02,0.1148,11.5,125521.01,367.86,-7.25
2022-07-05,631,CASH,CASH_SVIX,27.54,380.89,398.79,437.71,19.67,10.62,YES,0.0,994.2143,0.0,10558.56,82097.99,92656.54,0.114,11.4,125521.01,-89.48,-7.34
2022-07-06,632,CASH,CASH_SVIX,26.73,383.65,397.98,437.43,19.25,10.825,YES,0.0,994.2143,0.0,10762.37,82097.99,92860.36,0.1159,11.6,125521.01,203.82,-7.14
2022-07-07,633,CASH,CASH_SVIX,26.08,388.18,397.18,437.19,18.55,10.92,YES,0.0,994.2143,0.0,10856.82,82097.99,92954.81,0.1168,11.7,125521.01,94.45,-7.05
2022-07-08,634,CASH,CASH_SVIX,24.64,388.79,396.62,436.97,18.45,11.2,YES,0.0,994.2143,0.0,11135.2,82097.99,93233.19,0.1194,11.9,125521.01,278.38,-6.77
2022-07-11,635,CASH,CASH_SVIX,26.17,384.84,395.9,436.71,19.04,10.88,YES,0.0,994.2143,0.0,10817.05,82097.99,92915.04,0.1164,11.6,125521.01,-318.15,-7.08
2022-07-12,636,CASH,CASH_SVIX,27.29,380.69,395.04,436.39,19.65,10.79,YES,0.0,994.2143,0.0,10727.57,82097.99,92825.56,0.1156,11.6,125521.01,-89.48,-7.17
2022-07-13,637,CASH,CASH_SVIX,26.82,376.51,394.3,436.05,20.32,10.93,YES,0.0,994.2143,0.0,10866.76,82097.99,92964.75,0.1169,11.7,125521.01,139.19,-7.04
2022-07-14,638,CASH,CASH_SVIX,26.4,379.49,393.61,435.74,19.85,10.91,YES,0.0,994.2143,0.0,10846.88,82097.99,92944.86,0.1167,11.7,125521.01,-19.89,-7.06
2022-07-15,639,CASH,CASH_SVIX,24.23,385.19,392.98,435.49,18.91,11.41,YES,0.0,994.2143,0.0,11343.99,82097.99,93441.97,0.1214,12.1,125521.01,497.11,-6.56
2022-07-18,640,CASH,CASH_SVIX,25.3,382.93,392.07,435.23,19.27,11.12,YES,0.0,994.2143,0.0,11055.66,82097.99,93153.65,0.1187,11.9,125521.01,-288.32,-6.85
2022-07-19,641,CASH,CASH_SVIX,24.5,393.02,391.65,435.04,17.74,11.26,YES,0.0,994.2143,0.0,11194.85,82097.99,93292.84,0.12,12.0,125521.01,139.19,-6.71
2022-07-20,642,CASH,CASH_SVIX,23.88,394.21,391.31,434.84,17.56,11.53,YES,0.0,994.2143,0.0,11463.29,82097.99,93561.28,0.1225,12.3,125521.01,268.44,-6.44
2022-07-21,643,CASH,CASH_SVIX,23.11,396.97,391.26,434.68,17.21,11.69,YES,0.0,994.2143,0.0,11622.37,82097.99,93720.35,0.124,12.4,125521.01,159.07,-6.28
2022-07-22,644,CASH,CASH_SVIX,23.03,394.16,391.18,434.49,17.52,11.89,YES,0.0,994.2143,0.0,11821.21,82097.99,93919.19,0.1259,12.6,125521.01,198.84,-6.08
2022-07-25,645,CASH,CASH_SVIX,23.36,394.2,391.19,434.28,17.59,12.01,YES,0.0,994.2143,0.0,11940.51,82097.99,94038.5,0.127,12.7,125521.01,119.31,-5.96
2022-07-26,646,CASH,CASH_SVIX,24.69,394.0,391.19,434.05,17.57,11.94,YES,0.0,994.2143,0.0,11870.92,82097.99,93968.91,0.1263,12.6,125521.01,-69.59,-6.03
2022-07-27,647,CASH,CASH_SVIX,23.24,400.43,391.17,433.87,16.68,12.04,YES,0.0,994.2143,0.0,11970.34,82097.99,94068.33,0.1273,12.7,125521.01,99.42,-5.93
2022-07-28,648,CASH,CASH_SVIX,22.33,408.21,391.32,433.74,15.73,12.83,YES,0.0,994.2143,0.0,12755.77,82097.99,94853.76,0.1345,13.4,125521.01,785.43,-5.15
2022-07-29,649,CASH,CASH_SVIX,21.33,411.5,391.39,433.63,15.43,12.89,YES,0.0,994.2143,0.0,12815.42,82097.99,94913.41,0.135,13.5,125521.01,59.65,-5.09
2022-08-01,650,CASH,CASH_SVIX,22.84,410.18,391.8,433.5,15.5,12.4,YES,0.0,994.2143,0.0,12328.26,82097.99,94426.24,0.1306,13.1,125521.01,-487.17,-5.57
2022-08-02,651,CASH,CASH_SVIX,23.93,408.17,392.16,433.33,15.74,12.26,YES,0.0,994.2143,0.0,12189.07,82097.99,94287.05,0.1293,12.9,125521.01,-139.19,-5.71
2022-08-03,652,CASH,CASH_SVIX,21.95,413.78,392.62,433.17,15.08,12.89,YES,0.0,994.2143,0.0,12815.42,82097.99,94913.41,0.135,13.5,125521.01,626.36,-5.09
2022-08-04,653,CASH,CASH_SVIX,21.44,414.31,393.01,433.0,15.04,12.81,YES,0.0,994.2143,0.0,12735.89,82097.99,94833.87,0.1343,13.4,125521.01,-79.54,-5.17
2022-08-05,654,CASH,CASH_SVIX,21.15,412.8,393.36,432.81,15.16,13.09,YES,0.0,994.2143,0.0,13014.27,82097.99,95112.25,0.1368,13.7,125521.01,278.38,-4.89
2022-08-08,655,CASH,CASH_SVIX,21.29,414.12,393.71,432.62,15.07,13.07,YES,0.0,994.2143,0.0,12994.38,82097.99,95092.37,0.1367,13.7,125521.01,-19.88,-4.91
2022-08-09,656,CASH,CASH_SVIX,21.77,411.69,393.83,432.42,15.34,12.99,YES,0.0,994.2143,0.0,12914.84,82097.99,95012.83,0.1359,13.6,125521.01,-79.54,-4.99
2022-08-10,657,CASH,CASH_SVIX,19.74,420.12,393.9,432.26,14.38,13.75,YES,0.0,994.2143,0.0,13670.45,82097.99,95768.43,0.1427,14.3,125521.01,755.6,-4.23
2022-08-11,658,CASH,CASH_IDLE,20.2,420.33,394.02,432.08,14.38,13.67,YES,0.0,0.0,0.0,0.0,95769.86,95769.86,0.0,0.0,125521.01,1.43,-4.23
2022-08-12,659,CASH,CASH_IDLE,19.53,427.19,394.39,431.93,13.71,13.77,YES,0.0,0.0,0.0,0.0,95769.86,95769.86,0.0,0.0,125521.01,-0.0,-4.23
2022-08-15,660,CASH,CASH_IDLE,19.95,428.62,394.61,431.8,13.55,13.96,YES,0.0,0.0,0.0,0.0,95769.86,95769.86,0.0,0.0,125521.01,-0.0,-4.23
2022-08-16,661,CASH,CASH_IDLE,19.69,429.72,394.99,431.66,13.43,13.87,YES,0.0,0.0,0.0,0.0,95769.86,95769.86,0.0,0.0,125521.01,-0.0,-4.23
2022-08-17,662,CASH,CASH_IDLE,19.9,425.99,395.28,431.5,13.8,13.91,YES,0.0,0.0,0.0,0.0,95769.86,95769.86,0.0,0.0,125521.01,-0.0,-4.23
2022-08-18,663,CASH,CASH_IDLE,19.56,427.66,395.54,431.34,13.66,14.12,YES,0.0,0.0,0.0,0.0,95769.86,95769.86,0.0,0.0,125521.01,-0.0,-4.23
2022-08-19,664,CASH,CASH_IDLE,20.6,421.75,395.74,431.14,14.29,13.42,YES,0.0,0.0,0.0,0.0,95769.86,95769.86,0.0,0.0,125521.01,-0.0,-4.23
2022-08-22,665,CASH,CASH_IDLE,23.8,414.38,395.99,430.88,14.95,12.58,YES,0.0,0.0,0.0,0.0,95769.86,95769.86,0.0,0.0,125521.01,-0.0,-4.23
2022-08-23,666,CASH,CASH_IDLE,24.11,412.04,396.42,430.61,15.21,12.79,YES,0.0,0.0,0.0,0.0,95769.86,95769.86,0.0,0.0,125521.01,-0.0,-4.23
2022-08-24,667,CASH,CASH_IDLE,22.82,413.83,397.18,430.34,15.02,13.27,YES,0.0,0.0,0.0,0.0,95769.86,95769.86,0.0,0.0,125521.01,-0.0,-4.23
2022-08-25,668,CASH,CASH_IDLE,21.78,418.97,398.05,430.09,14.45,13.62,YES,0.0,0.0,0.0,0.0,95769.86,95769.86,0.0,0.0,125521.01,-0.0,-4.23
2022-08-26,669,CASH,CASH_IDLE,25.56,403.8,398.49,429.77,16.11,12.36,YES,0.0,0.0,0.0,0.0,95769.86,95769.86,0.0,0.0,125521.01,-0.0,-4.23
2022-08-29,670,CASH,CASH_IDLE,26.21,403.62,399.2,429.47,16.08,12.31,YES,0.0,0.0,0.0,0.0,95769.86,95769.86,0.0,0.0,125521.01,-0.0,-4.23
2022-08-30,671,CASH,CASH_IDLE,26.21,398.34,399.84,429.14,16.74,12.26,YES,0.0,0.0,0.0,0.0,95769.86,95769.86,0.0,0.0,125521.01,-0.0,-4.23
2022-08-31,672,CASH,CASH_IDLE,25.87,393.08,400.2,428.77,17.38,12.38,YES,0.0,0.0,0.0,0.0,95769.86,95769.86,0.0,0.0,125521.01,-0.0,-4.23
2022-09-01,673,CASH,CASH_IDLE,25.56,397.67,400.7,428.42,16.96,12.49,YES,0.0,0.0,0.0,0.0,95769.86,95769.86,0.0,0.0,125521.01,-0.0,-4.23
2022-09-02,674,CASH,CASH_IDLE,25.47,392.74,401.02,428.04,17.52,12.47,YES,0.0,0.0,0.0,0.0,95769.86,95769.86,0.0,0.0,125521.01,-0.0,-4.23
2022-09-06,675,CASH,CASH_IDLE,26.91,390.34,401.04,427.65,17.77,12.09,YES,0.0,0.0,0.0,0.0,95769.86,95769.86,0.0,0.0,125521.01,-0.0,-4.23
2022-09-07,676,CASH,CASH_IDLE,24.64,397.51,401.21,427.29,16.81,12.74,YES,0.0,0.0,0.0,0.0,95769.86,95769.86,0.0,0.0,125521.01,-0.0,-4.23
2022-09-08,677,CASH,CASH_IDLE,23.61,400.76,401.6,426.94,16.4,12.99,YES,0.0,0.0,0.0,0.0,95769.86,95769.86,0.0,0.0,125521.01,-0.0,-4.23
2022-09-09,678,CASH,CASH_IDLE,22.79,406.2,402.12,426.63,15.7,13.16,YES,0.0,0.0,0.0,0.0,95769.86,95769.86,0.0,0.0,125521.01,-0.0,-4.23
2022-09-12,679,CASH,CASH_IDLE,23.87,411.39,402.8,426.35,15.13,13.23,YES,0.0,0.0,0.0,0.0,95769.86,95769.86,0.0,0.0,125521.01,-0.0,-4.23
2022-09-13,680,CASH,CASH_IDLE,27.27,393.94,403.06,425.97,17.05,11.96,YES,0.0,0.0,0.0,0.0,95769.86,95769.86,0.0,0.0,125521.01,-0.0,-4.23
2022-09-14,681,CASH,CASH_IDLE,26.16,395.39,403.35,425.66,16.88,12.04,YES,0.0,0.0,0.0,0.0,95769.86,95769.86,0.0,0.0,125521.01,-0.0,-4.23
2022-09-15,682,CASH,CASH_IDLE,26.27,387.63,403.43,425.27,17.9,12.0,YES,0.0,0.0,0.0,0.0,95769.86,95769.86,0.0,0.0,125521.01,-0.0,-4.23
2022-09-16,683,CASH,CASH_IDLE,26.3,387.45,403.41,424.92,17.79,12.08,YES,0.0,0.0,0.0,0.0,95769.86,95769.86,0.0,0.0,125521.01,-0.0,-4.23
2022-09-19,684,CASH,CASH_IDLE,25.76,389.76,403.43,424.61,17.39,12.47,YES,0.0,0.0,0.0,0.0,95769.86,95769.86,0.0,0.0,125521.01,-0.0,-4.23
2022-09-20,685,CASH,CASH_IDLE,27.16,384.33,403.42,424.25,18.14,12.0,YES,0.0,0.0,0.0,0.0,95769.86,95769.86,0.0,0.0,125521.01,-0.0,-4.23
2022-09-21,686,CASH,CASH_IDLE,27.99,375.18,403.31,423.86,19.41,11.48,YES,0.0,0.0,0.0,0.0,95769.86,95769.86,0.0,0.0,125521.01,-0.0,-4.23
2022-09-22,687,CASH,CASH_IDLE,27.35,374.99,403.28,423.44,19.5,11.74,YES,0.0,0.0,0.0,0.0,95769.86,95769.86,0.0,0.0,125521.01,-0.0,-4.23
2022-09-23,688,CASH,CASH_IDLE,29.92,368.1,403.05,422.93,20.47,11.0,YES,0.0,0.0,0.0,0.0,95769.86,95769.86,0.0,0.0,125521.01,-0.0,-4.23
2022-09-26,689,CASH,CASH_IDLE,32.26,365.15,402.65,422.41,21.08,10.6,YES,0.0,0.0,0.0,0.0,95769.86,95769.86,0.0,0.0,125521.01,-0.0,-4.23
2022-09-27,690,CASH,CASH_SPXU,32.6,363.55,402.27,421.9,21.37,10.49,YES,2348.4517,0.0,50186.41,0.0,47788.16,97974.57,0.5122,51.2,125521.01,2204.71,-2.03
2022-09-28,691,CASH,CASH_SPXU,30.18,370.06,401.81,421.39,20.22,10.86,YES,2348.4517,0.0,47485.69,0.0,47788.16,95273.85,0.4984,49.8,125521.01,-2700.72,-4.73
2022-09-29,692,CASH,CASH_SPXU,31.84,364.24,401.21,420.88,21.17,10.52,YES,2348.4517,0.0,49716.72,0.0,47788.16,97504.88,0.5099,51.0,125521.01,2231.03,-2.5
2022-09-30,693,CASH,CASH_SPXU,31.62,357.95,400.43,420.35,22.36,10.39,YES,2348.4517,0.0,52511.38,0.0,47788.16,100299.54,0.5235,52.4,125521.01,2794.66,0.3
2022-10-03,694,CASH,CASH_SPXU,30.1,367.69,399.9,419.84,20.5,10.79,YES,2348.4517,0.0,48143.26,0.0,47788.16,95931.42,0.5019,50.2,125521.01,-4368.12,-4.07
2022-10-04,695,CASH,CASH_SPXU_SVIX,29.07,377.06,399.55,419.39,18.89,11.12,YES,2348.4517,836.2106,44362.25,9298.66,38553.69,92214.6,0.5819,58.2,125521.01,-3716.82,-7.79
2022-10-05,696,CASH,CASH_SVIX,28.55,378.59,399.25,418.98,18.67,11.15,YES,0.0,836.2106,0.0,9323.75,83482.47,92806.22,0.1005,10.0,125521.01,591.62,-7.19
2022-10-06,697,CASH,CASH_SVIX,30.52,372.15,398.68,418.55,19.65,10.68,YES,0.0,836.2106,0.0,8930.73,83482.47,92413.2,0.0966,9.7,125521.01,-393.02,-7.59
2022-10-07,698,CASH,CASH_SPXU_SVIX,31.36,361.95,397.76,418.05,21.3,10.21,YES,2340.2894,836.2106,49848.16,8537.71,37379.36,95765.23,0.6097,61.0,125521.01,3352.03,-4.23
2022-10-10,699,CASH,CASH_SPXU_SVIX,32.45,360.79,396.74,417.51,21.45,10.05,YES,2340.2894,836.2106,50199.21,8403.92,37379.36,95982.48,0.6106,61.1,125521.01,217.25,-4.02
2022-10-11,700,CASH,CASH_SPXU_SVIX,33.63,358.28,395.7,416.95,21.94,9.9,YES,2340.2894,836.2106,51345.95,8278.49,37379.36,97003.79,0.6147,61.5,125521.01,1021.31,-3.0
2022-10-12,701,CASH,CASH_SPXU_SVIX,33.57,357.64,394.69,416.35,22.06,10.02,YES,2340.2894,836.2106,51626.78,8378.83,37379.36,97384.97,0.6162,61.6,125521.01,381.18,-2.62
2022-10-13,702,CASH,CASH_SPXU_SVIX,31.94,365.84,393.73,415.79,20.55,10.35,YES,2340.2894,836.2106,48092.95,8654.78,37379.36,94127.08,0.6029,60.3,125521.01,-3257.89,-5.87
2022-10-14,703,CASH,CASH_SPXU_SVIX,32.02,356.6,392.58,415.19,22.21,10.08,YES,2340.2894,836.2106,51977.83,8429.0,37379.36,97786.19,0.6177,61.8,125521.01,3659.11,-2.21
2022-10-17,704,CASH,CASH_SPXU_SVIX,31.37,369.75,391.72,414.66,19.74,10.35,YES,2340.2894,836.2106,46197.31,8654.78,37379.36,92231.45,0.5947,59.5,125521.01,-5554.74,-7.77
2022-10-18,705,CASH,CASH_SPXU_SVIX,30.5,374.1,390.92,414.15,19.04,10.67,YES,2340.2894,836.2106,44559.11,8922.37,37379.36,90860.84,0.5886,58.9,125521.01,-1370.61,-9.14
2022-10-19,706,CASH,CASH_SPXU_SVIX,30.76,367.52,390.03,413.6,20.11,10.46,YES,2340.2894,836.2106,47063.22,8746.76,37379.36,93189.34,0.5989,59.9,125521.01,2328.5,-6.81
2022-10-20,707,CASH,CASH_SPXU_SVIX,29.98,364.17,388.92,413.04,20.66,10.61,YES,2340.2894,836.2106,48350.38,8872.19,37379.36,94601.93,0.6049,60.5,125521.01,1412.59,-5.4
2022-10-21,708,CASH,CASH_SVIX,29.69,375.65,388.02,412.57,18.77,10.67,YES,0.0,836.2106,0.0,8922.37,85702.1,94624.47,0.0943,9.4,125521.01,22.54,-5.38
2022-10-24,709,CASH,CASH_SVIX,29.85,378.9,387.06,412.12,18.28,10.77,YES,0.0,836.2106,0.0,9005.99,85702.1,94708.09,0.0951,9.5,125521.01,83.62,-5.29
2022-10-25,710,CASH,CASH_SVIX,28.46,381.18,386.11,411.7,17.92,10.97,YES,0.0,836.2106,0.0,9173.23,85702.1,94875.33,0.0967,9.7,125521.01,167.24,-5.12
2022-10-26,711,CASH,CASH_SVIX,27.28,383.73,385.19,411.29,17.56,11.48,YES,0.0,836.2106,0.0,9599.7,85702.1,95301.8,0.1007,10.1,125521.01,426.47,-4.7
2022-10-27,712,CASH,CASH_SVIX,27.39,377.4,384.22,410.83,18.46,11.5,YES,0.0,836.2106,0.0,9616.42,85702.1,95318.53,0.1009,10.1,125521.01,16.73,-4.68
2022-10-28,713,CASH,CASH_SVIX,25.75,390.2,383.47,410.42,16.74,11.98,YES,0.0,836.2106,0.0,10017.8,85702.1,95719.91,0.1047,10.5,125521.01,401.38,-4.28
2022-10-31,714,CASH,CASH_SVIX,25.88,386.73,382.77,410.03,17.1,12.09,YES,0.0,836.2106,0.0,10109.79,85702.1,95811.89,0.1055,10.6,125521.01,91.98,-4.19
2022-11-01,715,CASH,CASH_SVIX,25.81,384.45,382.17,409.63,17.42,12.23,YES,0.0,836.2106,0.0,10226.86,85702.1,95928.96,0.1066,10.7,125521.01,117.07,-4.07
2022-11-02,716,CASH,CASH_SVIX,25.86,374.08,381.41,409.22,18.84,11.99,YES,0.0,836.2106,0.0,10026.17,85702.1,95728.27,0.1047,10.5,125521.01,-200.69,-4.27
2022-11-03,717,CASH,CASH_SVIX,25.3,370.37,380.54,408.82,19.42,12.24,YES,0.0,836.2106,0.0,10235.22,85702.1,95937.32,0.1067,10.7,125521.01,209.05,-4.06
2022-11-04,718,CASH,CASH_SVIX,24.55,376.0,379.68,408.47,18.59,12.35,YES,0.0,836.2106,0.0,10327.2,85702.1,96029.31,0.1075,10.8,125521.01,91.99,-3.97
2022-11-07,719,CASH,CASH_SVIX,24.35,379.99,379.2,408.18,17.98,12.42,YES,0.0,836.2106,0.0,10385.74,85702.1,96087.84,0.1081,10.8,125521.01,58.53,-3.91
2022-11-08,720,CASH,CASH_SVIX,25.54,382.64,378.78,407.9,17.59,12.08,YES,0.0,836.2106,0.0,10101.42,85702.1,95803.53,0.1054,10.5,125521.01,-284.31,-4.2
2022-11-09,721,CASH,CASH_SVIX,26.09,374.32,378.3,407.6,18.79,11.77,YES,0.0,836.2106,0.0,9842.2,85702.1,95544.3,0.103,10.3,125521.01,-259.23,-4.46
2022-11-10,722,CASH,CASH_SVIX,23.53,395.7,378.36,407.4,15.6,12.31,YES,0.0,836.2106,0.0,10293.75,85702.1,95995.86,0.1072,10.7,125521.01,451.56,-4.0
2022-11-11,723,CASH,CASH_SVIX,22.52,398.57,378.37,407.22,15.27,12.5,YES,0.0,836.2106,0.0,10452.63,85702.1,96154.74,0.1087,10.9,125521.01,158.88,-3.85
2022-11-14,724,CASH,CASH_SVIX,23.73,395.91,378.44,406.99,15.56,12.65,YES,0.0,836.2106,0.0,10578.06,85702.1,96280.17,0.1099,11.0,125521.01,125.43,-3.72
2022-11-15,725,CASH,CASH_SVIX,24.54,398.08,378.59,406.74,15.31,12.35,YES,0.0,836.2106,0.0,10327.2,85702.1,96029.31,0.1075,10.8,125521.01,-250.86,-3.97
2022-11-16,726,CASH,CASH_SVIX,24.11,396.19,378.57,406.45,15.52,12.69,YES,0.0,836.2106,0.0,10611.51,85702.1,96313.62,0.1102,11.0,125521.01,284.31,-3.69
2022-11-17,727,CASH,CASH_SVIX,23.93,394.15,378.43,406.15,15.79,12.82,YES,0.0,836.2106,0.0,10720.22,85702.1,96422.32,0.1112,11.1,125521.01,108.7,-3.58
2022-11-18,728,CASH,CASH_SVIX,23.12,395.95,378.23,405.88,15.55,12.96,YES,0.0,836.2106,0.0,10837.29,85702.1,96539.39,0.1123,11.2,125521.01,117.07,-3.46
2022-11-21,729,CASH,CASH_SVIX,22.36,394.57,377.89,405.61,15.72,13.32,YES,0.0,836.2106,0.0,11138.33,85702.1,96840.43,0.115,11.5,125521.01,301.04,-3.16
2022-11-22,730,CASH,CASH_SVIX,21.29,399.84,378.01,405.37,15.11,13.75,YES,0.0,836.2106,0.0,11497.9,85702.1,97200.0,0.1183,11.8,125521.01,359.57,-2.8
2022-11-23,731,CASH,CASH_SVIX,20.35,403.05,378.16,405.12,14.78,14.08,YES,0.0,836.2106,0.0,11773.85,85702.1,97475.95,0.1208,12.1,125521.01,275.95,-2.52
2022-11-25,732,CASH,CASH_SVIX,20.5,402.01,378.45,404.84,14.89,13.99,YES,0.0,836.2106,0.0,11698.59,85702.1,97400.69,0.1201,12.0,125521.01,-75.26,-2.6
2022-11-28,733,CASH,CASH_SVIX,22.21,396.21,378.63,404.59,15.55,13.4,YES,0.0,836.2106,0.0,11205.22,85702.1,96907.33,0.1156,11.6,125521.01,-493.36,-3.09
2022-11-29,734,CASH,CASH_SVIX,21.89,394.97,378.73,404.36,15.71,13.68,YES,0.0,836.2106,0.0,11439.36,85702.1,97141.47,0.1178,11.8,125521.01,234.14,-2.86
2022-11-30,735,CASH,CASH_SVIX,20.58,408.26,379.21,404.2,14.13,14.2,YES,0.0,836.2106,0.0,11874.19,85702.1,97576.3,0.1217,12.2,125521.01,434.83,-2.42
2022-12-01,736,SMA_RECOVERY,SMA_RECOVERY,19.84,407.03,379.85,404.01,14.27,14.43,YES,0.0,0.0,0.0,0.0,97516.06,97516.06,0.0,0.0,125443.52,-60.24,-2.48
2022-12-02,737,BULL_100,BULL_100,19.06,406.0,380.47,403.81,14.38,14.65,YES,0.0,0.0,0.0,0.0,96471.8,96471.8,0.0,0.0,124100.2,-1044.26,-3.53
2022-12-05,738,BULL_100,BULL_100,20.75,400.25,381.11,403.63,15.0,14.38,YES,0.0,0.0,0.0,0.0,92469.58,92469.58,0.0,0.0,118951.79,-4002.22,-7.53
2022-12-06,739,CASH,CASH_IDLE,22.17,394.26,381.69,403.43,15.69,14.01,YES,0.0,0.0,0.0,0.0,92469.58,92469.58,0.0,0.0,119078.85,-0.0,-7.53
2022-12-07,740,CASH,CASH_IDLE,22.68,393.3,382.29,403.24,15.8,13.82,YES,0.0,0.0,0.0,0.0,92469.58,92469.58,0.0,0.0,119078.85,-0.0,-7.53
2022-12-08,741,CASH,CASH_IDLE,22.29,395.96,382.8,403.11,15.44,14.08,YES,0.0,0.0,0.0,0.0,92469.58,92469.58,0.0,0.0,119078.85,-0.0,-7.53
2022-12-09,742,CASH,CASH_IDLE,22.83,392.94,383.38,402.95,15.83,13.73,YES,0.0,0.0,0.0,0.0,92469.58,92469.58,0.0,0.0,119078.85,-0.0,-7.53
2022-12-12,743,CASH,CASH_IDLE,25.0,398.74,384.19,402.75,15.17,13.79,YES,0.0,0.0,0.0,0.0,92469.58,92469.58,0.0,0.0,119078.85,-0.0,-7.53
2022-12-13,744,CASH,CASH_IDLE,22.55,401.86,384.88,402.57,14.8,14.35,YES,0.0,0.0,0.0,0.0,92469.58,92469.58,0.0,0.0,119078.85,-0.0,-7.53
2022-12-14,745,CASH,CASH_IDLE,21.14,400.26,385.34,402.42,14.98,15.0,YES,0.0,0.0,0.0,0.0,92469.58,92469.58,0.0,0.0,119078.85,-0.0,-7.53
2022-12-15,746,CASH,CASH_IDLE,22.83,389.58,385.56,402.18,16.25,13.87,YES,0.0,0.0,0.0,0.0,92469.58,92469.58,0.0,0.0,119078.85,-0.0,-7.53
2022-12-16,747,CASH,CASH_IDLE,22.62,382.6,385.77,401.91,16.86,13.92,YES,0.0,0.0,0.0,0.0,92469.58,92469.58,0.0,0.0,119078.85,-0.0,-7.53
2022-12-19,748,CASH,CASH_IDLE,22.42,380.55,386.14,401.66,17.15,14.23,YES,0.0,0.0,0.0,0.0,92469.58,92469.58,0.0,0.0,119078.85,-0.0,-7.53
2022-12-20,749,CASH,CASH_IDLE,21.48,381.7,386.56,401.47,17.02,14.34,YES,0.0,0.0,0.0,0.0,92469.58,92469.58,0.0,0.0,119078.85,-0.0,-7.53
2022-12-21,750,CASH,CASH_IDLE,20.07,386.62,387.13,401.32,16.36,14.87,YES,0.0,0.0,0.0,0.0,92469.58,92469.58,0.0,0.0,119078.85,-0.0,-7.53
2022-12-22,751,CASH,CASH_IDLE,21.97,380.62,387.59,401.09,17.08,14.02,YES,0.0,0.0,0.0,0.0,92469.58,92469.58,0.0,0.0,119078.85,-0.0,-7.53
2022-12-23,752,CASH,CASH_IDLE,20.87,382.93,387.93,400.87,16.81,14.48,YES,0.0,0.0,0.0,0.0,92469.58,92469.58,0.0,0.0,119078.85,-0.0,-7.53
2022-12-27,753,CASH,CASH_IDLE,21.65,381.38,388.42,400.68,17.0,14.52,YES,0.0,0.0,0.0,0.0,92469.58,92469.58,0.0,0.0,119078.85,-0.0,-7.53
2022-12-28,754,CASH,CASH_IDLE,22.14,377.32,388.58,400.48,17.56,14.48,YES,0.0,0.0,0.0,0.0,92469.58,92469.58,0.0,0.0,119078.85,-0.0,-7.53
2022-12-29,755,CASH,CASH_IDLE,21.44,382.77,388.75,400.27,16.8,14.64,YES,0.0,0.0,0.0,0.0,92469.58,92469.58,0.0,0.0,119078.85,-0.0,-7.53
2022-12-30,756,CASH,CASH_IDLE,21.67,383.08,389.06,400.0,16.76,14.66,YES,0.0,0.0,0.0,0.0,92469.58,92469.58,0.0,0.0,119078.85,-0.0,-7.53
2023-01-03,757,CASH,CASH_IDLE,22.9,380.79,389.39,399.71,17.08,14.775,YES,0.0,0.0,0.0,0.0,92469.58,92469.58,0.0,0.0,119078.85,-0.0,-7.53
2023-01-04,758,CASH,CASH_IDLE,22.01,383.65,389.55,399.4,16.7,15.07,YES,0.0,0.0,0.0,0.0,92469.58,92469.58,0.0,0.0,119078.85,-0.0,-7.53
2023-01-05,759,CASH,CASH_IDLE,22.46,380.09,389.58,399.08,17.18,15.06,YES,0.0,0.0,0.0,0.0,92469.58,92469.58,0.0,0.0,119078.85,-0.0,-7.53
2023-01-06,760,CASH,CASH_IDLE,21.13,387.8,389.71,398.77,16.11,15.42,YES,0.0,0.0,0.0,0.0,92469.58,92469.58,0.0,0.0,119078.85,-0.0,-7.53
2023-01-09,761,CASH,CASH_IDLE,21.97,387.38,389.78,398.49,16.17,15.34,YES,0.0,0.0,0.0,0.0,92469.58,92469.58,0.0,0.0,119078.85,-0.0,-7.53
2023-01-10,762,CASH,CASH_IDLE,20.58,390.72,390.05,398.19,15.78,15.94,YES,0.0,0.0,0.0,0.0,92469.58,92469.58,0.0,0.0,119078.85,-0.0,-7.53
2023-01-11,763,CASH,CASH_IDLE,21.09,395.34,390.15,397.9,15.23,15.86,YES,0.0,0.0,0.0,0.0,92469.58,92469.58,0.0,0.0,119078.85,-0.0,-7.53
2023-01-12,764,CASH,CASH_IDLE,18.83,397.14,390.36,397.61,15.05,16.51,YES,0.0,0.0,0.0,0.0,92469.58,92469.58,0.0,0.0,119078.85,-0.0,-7.53
2023-01-13,765,CASH,CASH_IDLE,18.35,398.25,390.64,397.3,14.94,17.0,YES,0.0,0.0,0.0,0.0,92469.58,92469.58,0.0,0.0,119078.85,-0.0,-7.53
2023-01-17,766,SMA_RECOVERY,SMA_RECOVERY,19.36,396.81,391.09,396.98,15.12,16.88,YES,0.0,0.0,0.0,0.0,92215.58,92215.58,0.0,0.0,118751.76,-254.0,-7.78
2023-01-18,767,CASH,CASH_IDLE,20.34,391.51,391.51,396.68,15.7,16.39,YES,0.0,0.0,0.0,0.0,92215.58,92215.58,0.0,0.0,119502.56,0.0,-7.78
2023-01-19,768,CASH,CASH_IDLE,20.52,389.03,391.77,396.35,16.04,16.39,YES,0.0,0.0,0.0,0.0,92215.58,92215.58,0.0,0.0,119502.56,0.0,-7.78
2023-01-20,769,CASH,CASH_IDLE,19.85,396.08,392.1,396.05,15.17,16.76,YES,0.0,0.0,0.0,0.0,92215.58,92215.58,0.0,0.0,119502.56,0.0,-7.78
2023-01-23,770,SMA_RECOVERY,SMA_RECOVERY,19.81,400.37,392.45,395.8,14.68,16.98,YES,0.0,0.0,0.0,0.0,95260.64,95260.64,0.0,0.0,123448.67,3045.06,-4.74
2023-01-24,771,BULL_100,BULL_100,19.2,398.81,392.94,395.57,14.84,17.65,YES,0.0,0.0,0.0,0.0,93956.5,93956.5,0.0,0.0,121758.63,-1304.14,-6.04
2023-01-25,772,BULL_100,BULL_100,19.08,400.85,393.04,395.32,14.62,17.57,YES,0.0,0.0,0.0,0.0,95474.93,95474.93,0.0,0.0,123726.37,1518.43,-4.53
2023-01-26,773,BULL_100,BULL_100,18.73,403.52,393.14,395.11,14.35,17.82,YES,0.0,0.0,0.0,0.0,97528.67,97528.67,0.0,0.0,126387.82,2053.74,-2.47
2023-01-27,774,BULL_100,BULL_100,18.51,405.59,393.34,394.94,14.15,18.07,YES,0.0,0.0,0.0,0.0,99562.06,99562.06,0.0,0.0,129022.89,2033.39,-0.44
2023-01-30,775,BULL_100,BULL_100,19.94,401.68,393.41,394.75,14.55,17.57,YES,0.0,0.0,0.0,0.0,96181.24,96181.24,0.0,0.0,124641.67,-3380.82,-3.82
2023-01-31,776,BULL_100,BULL_100,19.4,405.56,393.59,394.56,14.13,17.98,YES,0.0,0.0,0.0,0.0,98840.28,98840.28,0.0,0.0,128087.54,2659.04,-1.16
2023-02-01,777,BULL_100,BULL_100,17.87,412.38,393.96,394.43,13.43,18.75,YES,0.0,0.0,0.0,0.0,105285.31,105285.31,0.0,0.0,136439.68,6445.03,5.29
2023-02-02,778,BULL_100,BULL_100,18.73,414.0,394.32,394.3,13.27,17.86,YES,0.0,0.0,0.0,0.0,106748.2,106748.2,0.0,0.0,138335.44,1462.89,6.75
2023-02-03,779,BULL_100,BULL_100,18.33,411.96,394.67,394.14,13.45,17.97,YES,0.0,0.0,0.0,0.0,105251.47,105251.47,0.0,0.0,136395.82,-1496.73,5.25
2023-02-06,780,BULL_100,BULL_100,19.43,410.67,394.88,393.97,13.62,17.56,YES,0.0,0.0,0.0,0.0,103948.4,103948.4,0.0,0.0,134707.17,-1303.07,3.95
2023-02-07,781,BULL_100,BULL_100,18.66,414.53,395.11,393.85,13.22,18.09,YES,0.0,0.0,0.0,0.0,107358.82,107358.82,0.0,0.0,139126.75,3410.42,7.36
2023-02-08,782,BULL_100,BULL_100,19.63,411.16,395.3,393.79,13.54,17.34,YES,0.0,0.0,0.0,0.0,104209.48,104209.48,0.0,0.0,135045.5,-3149.34,4.21
2023-02-09,783,BULL_100,BULL_100,20.71,407.26,395.52,393.68,13.93,16.8,YES,0.0,0.0,0.0,0.0,101208.13,101208.13,0.0,0.0,131156.04,-3001.35,1.21
2023-02-10,784,BULL_100,BULL_100,20.53,407.98,395.78,393.64,13.81,16.67,YES,0.0,0.0,0.0,0.0,100976.27,100976.27,0.0,0.0,130855.58,-231.86,0.98
2023-02-13,785,BULL_100,BULL_100,20.34,412.88,395.87,393.6,13.38,17.24,YES,0.0,0.0,0.0,0.0,104817.74,104817.74,0.0,0.0,135833.75,3841.47,4.82
2023-02-14,786,BULL_100,BULL_100,18.91,412.0,395.97,393.54,13.45,17.89,YES,0.0,0.0,0.0,0.0,104736.89,104736.89,0.0,0.0,135728.98,-80.85,4.74
2023-02-15,787,BULL_100,BULL_100,18.23,414.0,396.13,393.54,13.3,18.16,YES,0.0,0.0,0.0,0.0,106773.55,106773.55,0.0,0.0,138368.3,2036.66,6.77
2023-02-16,788,BULL_100,BULL_100,20.17,407.14,396.27,393.51,13.97,17.25,YES,0.0,0.0,0.0,0.0,100750.76,100750.76,0.0,0.0,130563.34,-6022.79,0.75
2023-02-17,789,BULL_100,BULL_100,20.02,407.2,396.53,393.46,13.99,17.25,YES,0.0,0.0,0.0,0.0,100441.02,100441.02,0.0,0.0,130161.94,-309.74,0.44
2023-02-21,790,BULL_100,BULL_100,22.87,399.6,396.65,393.32,14.77,15.89,YES,0.0,0.0,0.0,0.0,94607.64,94607.64,0.0,0.0,122602.44,-5833.38,-5.39
2023-02-22,791,BULL_100,BULL_100,22.29,399.6,396.73,393.25,14.78,16.52,YES,0.0,0.0,0.0,0.0,94865.11,94865.11,0.0,0.0,122936.1,257.47,-5.13
2023-02-23,792,BULL_100,BULL_100,21.14,399.99,396.87,393.19,14.74,17.0,YES,0.0,0.0,0.0,0.0,95061.08,95061.08,0.0,0.0,123190.06,195.97,-4.94
2023-02-24,793,BULL_100,BULL_100,21.67,396.25,396.82,393.18,15.16,16.4,YES,0.0,0.0,0.0,0.0,92017.29,92017.29,0.0,0.0,119245.6,-3043.79,-7.98
2023-02-27,794,BULL_100,BULL_100,20.95,398.07,396.74,393.17,14.97,17.0,YES,0.0,0.0,0.0,0.0,93513.05,93513.05,0.0,0.0,121183.96,1495.76,-6.49
2023-02-28,795,BULL_100,BULL_100,20.7,395.38,396.64,393.18,15.29,17.36,YES,0.0,0.0,0.0,0.0,91602.37,91602.37,0.0,0.0,118707.9,-1910.68,-8.4
2023-03-01,796,BULL_100,BULL_100,20.58,394.99,396.75,393.19,15.33,17.18,YES,0.0,0.0,0.0,0.0,91118.68,91118.68,0.0,0.0,118081.08,-483.69,-8.88
2023-03-02,797,DEFENSIVE_SPY,DEFENSIVE_SPY,19.59,397.09,397.04,393.17,15.11,17.81,YES,0.0,0.0,0.0,0.0,91416.74,91416.74,0.0,0.0,118467.34,298.06,-8.58
2023-03-03,798,DEFENSIVE_SPY,DEFENSIVE_SPY,18.49,404.64,397.52,393.19,14.25,18.37,YES,0.0,0.0,0.0,0.0,94978.69,94978.69,0.0,0.0,123083.29,3561.95,-5.02
2023-03-06,799,BULL_100,BULL_100,18.61,404.76,397.98,393.17,14.26,18.61,YES,0.0,0.0,0.0,0.0,95100.24,95100.24,0.0,0.0,123240.8,121.55,-4.9
2023-03-07,800,BULL_100,BULL_100,19.59,398.45,398.22,393.21,14.92,18.16,YES,0.0,0.0,0.0,0.0,90930.04,90930.04,0.0,0.0,117836.62,-4170.2,-9.07
2023-03-08,801,BULL_100,BULL_100,19.11,398.85,398.59,393.26,14.89,18.49,YES,0.0,0.0,0.0,0.0,91349.48,91349.48,0.0,0.0,118380.18,419.44,-8.65
2023-03-09,802,BULL_100,BULL_100,22.61,390.69,398.74,393.26,15.82,16.38,YES,0.0,0.0,0.0,0.0,85864.26,85864.26,0.0,0.0,111271.86,-5485.22,-14.14
2023-03-10,803,CASH,CASH_IDLE,24.8,386.85,398.85,393.22,16.28,14.89,YES,0.0,0.0,0.0,0.0,85864.26,85864.26,0.0,0.0,110035.96,0.0,-14.14
2023-03-13,804,CASH,CASH_IDLE,26.52,385.75,399.02,393.17,16.42,14.19,YES,0.0,0.0,0.0,0.0,85864.26,85864.26,0.0,0.0,110035.96,0.0,-14.14
2023-03-14,805,CASH,CASH_IDLE,23.73,391.63,399.2,393.14,15.7,15.25,YES,0.0,0.0,0.0,0.0,85864.26,85864.26,0.0,0.0,110035.96,0.0,-14.14
2023-03-15,806,CASH,CASH_IDLE,26.14,388.77,399.31,393.06,16.05,13.85,YES,0.0,0.0,0.0,0.0,85864.26,85864.26,0.0,0.0,110035.96,0.0,-14.14
2023-03-16,807,CASH,CASH_IDLE,22.99,396.0,399.61,392.96,15.18,15.05,YES,0.0,0.0,0.0,0.0,85864.26,85864.26,0.0,0.0,110035.96,0.0,-14.14
2023-03-17,808,SMA_RECOVERY,SMA_RECOVERY,25.51,391.05,399.76,392.84,15.62,13.75,YES,0.0,0.0,0.0,0.0,83791.93,83791.93,0.0,0.0,107380.25,-2072.33,-16.21
2023-03-20,809,CASH,CASH_IDLE,24.15,393.66,400.03,392.76,15.28,13.99,YES,0.0,0.0,0.0,0.0,83791.93,83791.93,0.0,0.0,105704.31,0.0,-16.21
2023-03-21,810,SMA_RECOVERY,SMA_RECOVERY,21.38,398.89,400.26,392.67,14.68,15.33,YES,0.0,0.0,0.0,0.0,85768.55,85768.55,0.0,0.0,108197.83,1976.62,-14.23
2023-03-22,811,SMA_RECOVERY,SMA_RECOVERY,22.26,392.74,400.36,392.58,15.23,14.83,YES,0.0,0.0,0.0,0.0,82755.41,82755.41,0.0,0.0,104396.72,-3013.14,-17.24
2023-03-23,812,SMA_RECOVERY,SMA_RECOVERY,22.61,393.84,400.42,392.49,15.13,14.75,YES,0.0,0.0,0.0,0.0,83633.66,83633.66,0.0,0.0,105504.65,878.25,-16.37
2023-03-24,813,SMA_RECOVERY,SMA_RECOVERY,21.74,396.48,400.45,392.4,14.81,14.9,YES,0.0,0.0,0.0,0.0,84756.0,84756.0,0.0,0.0,106920.49,1122.34,-15.24
2023-03-27,814,SMA_RECOVERY,SMA_RECOVERY,20.6,397.02,400.45,392.33,14.79,15.57,YES,0.0,0.0,0.0,0.0,84591.6,84591.6,0.0,0.0,106713.09,-164.4,-15.41
2023-03-28,815,SMA_RECOVERY,SMA_RECOVERY,19.97,396.67,400.41,392.3,14.84,15.91,YES,0.0,0.0,0.0,0.0,84191.59,84191.59,0.0,0.0,106208.48,-400.01,-15.81
2023-03-29,816,SMA_RECOVERY,SMA_RECOVERY,19.12,400.93,400.5,392.35,14.35,16.4,YES,0.0,0.0,0.0,0.0,86371.78,86371.78,0.0,0.0,108958.81,2180.19,-13.63
2023-03-30,817,BULL_100,BULL_100,19.02,404.2,400.75,392.5,14.03,16.47,YES,0.0,0.0,0.0,0.0,88381.12,88381.12,0.0,0.0,111493.61,2009.34,-11.62
2023-03-31,818,BULL_100,BULL_100,18.7,409.76,401.16,392.67,13.47,16.55,YES,0.0,0.0,0.0,0.0,92030.8,92030.8,0.0,0.0,116097.72,3649.68,-7.97
2023-04-03,819,BULL_100,BULL_100,18.55,410.59,401.45,392.81,13.37,16.93,YES,0.0,0.0,0.0,0.0,92199.47,92199.47,0.0,0.0,116310.5,168.67,-7.8
2023-04-04,820,BULL_100,BULL_100,19.0,409.09,401.63,393.01,13.53,16.65,YES,0.0,0.0,0.0,0.0,91382.31,91382.31,0.0,0.0,115279.64,-817.16,-8.62
2023-04-05,821,BULL_100,BULL_100,19.08,407.28,401.8,393.22,13.73,16.73,YES,0.0,0.0,0.0,0.0,89446.19,89446.19,0.0,0.0,112837.21,-1936.12,-10.55
2023-04-06,822,BULL_100,BULL_100,18.4,408.78,401.96,393.39,13.59,17.02,YES,0.0,0.0,0.0,0.0,90675.31,90675.31,0.0,0.0,114387.75,1229.12,-9.32
2023-04-10,823,BULL_100,BULL_100,18.97,410.13,402.09,393.58,13.46,17.22,YES,0.0,0.0,0.0,0.0,91427.68,91427.68,0.0,0.0,115336.87,752.37,-8.57
2023-04-11,824,BULL_100,BULL_100,19.1,409.9,402.18,393.74,13.48,17.33,YES,0.0,0.0,0.0,0.0,90845.24,90845.24,0.0,0.0,114602.12,-582.44,-9.15
2023-04-12,825,BULL_100,BULL_100,19.09,407.2,402.29,393.83,13.76,17.28,YES,0.0,0.0,0.0,0.0,88668.79,88668.79,0.0,0.0,111856.51,-2176.45,-11.33
2023-04-13,826,BULL_100,BULL_100,17.8,413.1,402.44,393.95,13.19,17.88,YES,0.0,0.0,0.0,0.0,92823.58,92823.58,0.0,0.0,117097.82,4154.79,-7.18
2023-04-14,827,BULL_100,BULL_100,17.07,413.13,402.45,394.11,13.2,18.13,YES,0.0,0.0,0.0,0.0,92762.57,92762.57,0.0,0.0,117020.85,-61.01,-7.24
2023-04-17,828,BULL_100,BULL_100,16.95,413.86,402.45,394.28,13.13,18.65,YES,0.0,0.0,0.0,0.0,93031.83,93031.83,0.0,0.0,117360.52,269.26,-6.97
2023-04-18,829,BULL_100,BULL_100,16.83,413.88,402.49,394.46,13.13,18.76,YES,0.0,0.0,0.0,0.0,93067.05,93067.05,0.0,0.0,117404.96,35.22,-6.93
2023-04-19,830,BULL_100,BULL_100,16.46,412.94,402.53,394.62,13.23,18.82,YES,0.0,0.0,0.0,0.0,92354.35,92354.35,0.0,0.0,116505.88,-712.7,-7.65
2023-04-20,831,BULL_100,BULL_100,17.17,411.66,402.48,394.78,13.37,18.46,YES,0.0,0.0,0.0,0.0,91368.01,91368.01,0.0,0.0,115261.6,-986.34,-8.63
2023-04-21,832,BULL_100,BULL_100,16.77,412.03,402.49,394.92,13.35,18.79,YES,0.0,0.0,0.0,0.0,91468.04,91468.04,0.0,0.0,115387.79,100.03,-8.53
2023-04-24,833,BULL_100,BULL_100,16.89,412.26,402.59,395.04,13.32,18.88,YES,0.0,0.0,0.0,0.0,91521.54,91521.54,0.0,0.0,115455.28,53.5,-8.48
2023-04-25,834,BULL_100,BULL_100,18.76,407.92,402.59,395.13,13.74,17.47,YES,0.0,0.0,0.0,0.0,88748.03,88748.03,0.0,0.0,111956.47,-2773.51,-11.25
2023-04-26,835,BULL_100,BULL_100,18.84,405.4,402.44,395.24,14.01,17.8,YES,0.0,0.0,0.0,0.0,87498.68,87498.68,0.0,0.0,110380.41,-1249.35,-12.5
2023-04-27,836,BULL_100,BULL_100,17.03,411.85,402.44,395.39,13.35,18.62,YES,0.0,0.0,0.0,0.0,91762.95,91762.95,0.0,0.0,115759.82,4264.27,-8.24
2023-04-28,837,BULL_100,BULL_100,15.78,416.18,402.48,395.59,12.99,19.23,YES,0.0,0.0,0.0,0.0,94439.55,94439.55,0.0,0.0,119136.38,2676.6,-5.56
2023-05-01,838,BULL_100,BULL_100,16.08,415.01,402.64,395.77,13.06,19.28,YES,0.0,0.0,0.0,0.0,93618.65,93618.65,0.0,0.0,118100.81,-820.9,-6.38
2023-05-02,839,BULL_100,BULL_100,17.78,410.99,402.72,395.9,13.43,18.6,YES,0.0,0.0,0.0,0.0,91061.56,91061.56,0.0,0.0,114875.01,-2557.09,-8.94
2023-05-03,840,BULL_100,BULL_100,18.34,406.59,402.86,396.01,13.86,17.7,YES,0.0,0.0,0.0,0.0,88417.01,88417.01,0.0,0.0,111538.88,-2644.55,-11.58
2023-05-04,841,BULL_100,BULL_100,20.09,406.33,402.99,396.08,13.93,17.39,YES,0.0,0.0,0.0,0.0,88197.46,88197.46,0.0,0.0,111261.92,-219.55,-11.8
2023-05-05,842,BULL_100,BULL_100,17.19,412.25,403.24,396.17,13.3,18.52,YES,0.0,0.0,0.0,0.0,92025.81,92025.81,0.0,0.0,116091.42,3828.35,-7.97
2023-05-08,843,BULL_100,BULL_100,16.98,412.51,403.56,396.25,13.29,18.79,YES,0.0,0.0,0.0,0.0,92374.91,92374.91,0.0,0.0,116531.82,349.1,-7.63
2023-05-09,844,BULL_100,BULL_100,17.71,411.35,403.83,396.34,13.43,18.47,YES,0.0,0.0,0.0,0.0,91378.52,91378.52,0.0,0.0,115274.86,-996.39,-8.62
2023-05-10,845,BULL_100,BULL_100,16.94,413.34,404.19,396.43,13.23,18.95,YES,0.0,0.0,0.0,0.0,93142.93,93142.93,0.0,0.0,117500.68,1764.41,-6.86
2023-05-11,846,BULL_100,BULL_100,16.93,412.43,404.53,396.52,13.34,19.15,YES,0.0,0.0,0.0,0.0,92848.49,92848.49,0.0,0.0,117129.24,-294.44,-7.15
2023-05-12,847,BULL_100,BULL_100,17.03,410.84,404.81,396.58,13.47,19.07,YES,0.0,0.0,0.0,0.0,91625.03,91625.03,0.0,0.0,115585.83,-1223.46,-8.37
2023-05-15,848,BULL_100,BULL_100,17.12,412.56,404.97,396.6,13.33,19.64,YES,0.0,0.0,0.0,0.0,92837.79,92837.79,0.0,0.0,117115.74,1212.76,-7.16
2023-05-16,849,BULL_100,BULL_100,17.99,410.81,405.09,396.59,13.5,19.06,YES,0.0,0.0,0.0,0.0,92194.19,92194.19,0.0,0.0,116303.84,-643.6,-7.81
2023-05-17,850,BULL_100,BULL_100,16.87,414.96,405.42,396.62,13.1,19.68,YES,0.0,0.0,0.0,0.0,94936.81,94936.81,0.0,0.0,119763.68,2742.62,-5.06
2023-05-18,851,BULL_100,BULL_100,16.05,419.89,405.84,396.68,12.65,20.53,YES,0.0,0.0,0.0,0.0,98953.78,98953.78,0.0,0.0,124831.12,4016.97,-1.05
2023-05-19,852,BULL_100,BULL_100,16.81,418.6,406.4,396.7,12.82,19.94,YES,0.0,0.0,0.0,0.0,97791.34,97791.34,0.0,0.0,123364.69,-1162.44,-2.21
2023-05-22,853,BULL_100,BULL_100,17.21,419.94,407.06,396.73,12.67,19.92,YES,0.0,0.0,0.0,0.0,98950.0,98950.0,0.0,0.0,124826.35,1158.66,-1.05
2023-05-23,854,BULL_100,BULL_100,18.53,414.73,407.64,396.74,13.14,19.61,YES,0.0,0.0,0.0,0.0,95186.45,95186.45,0.0,0.0,120078.6,-3763.55,-4.81
2023-05-24,855,BULL_100,BULL_100,20.03,412.9,408.06,396.73,13.31,19.15,YES,0.0,0.0,0.0,0.0,94747.87,94747.87,0.0,0.0,119525.33,-438.58,-5.25
2023-05-25,856,BULL_100,BULL_100,19.14,413.88,408.57,396.74,13.24,19.24,YES,0.0,0.0,0.0,0.0,95824.72,95824.72,0.0,0.0,120883.78,1076.85,-4.18
2023-05-26,857,BULL_100,BULL_100,17.95,420.6,409.06,396.75,12.65,19.97,YES,0.0,0.0,0.0,0.0,101378.37,101378.37,0.0,0.0,127889.76,5553.65,1.38
2023-05-30,858,BULL_100,BULL_100,17.46,420.29,409.64,396.75,12.65,20.52,YES,0.0,0.0,0.0,0.0,101619.87,101619.87,0.0,0.0,128194.42,241.5,1.62
2023-05-31,859,BULL_100,BULL_100,17.94,418.42,410.14,396.7,12.83,20.65,YES,0.0,0.0,0.0,0.0,99893.83,99893.83,0.0,0.0,126017.0,-1726.04,-0.11
2023-06-01,860,BULL_100,BULL_100,15.65,422.0,410.6,396.67,12.5,21.78,YES,0.0,0.0,0.0,0.0,102692.38,102692.38,0.0,0.0,129547.4,2798.55,2.69
2023-06-02,861,BULL_100,BULL_100,14.6,428.02,411.31,396.66,11.98,22.65,YES,0.0,0.0,0.0,0.0,106343.41,106343.41,0.0,0.0,134153.21,3651.03,6.34
2023-06-05,862,BULL_100,BULL_100,14.73,426.64,411.96,396.66,12.11,23.16,YES,0.0,0.0,0.0,0.0,105524.38,105524.38,0.0,0.0,133119.99,-819.03,5.52
2023-06-06,863,BULL_100,BULL_100,13.96,428.48,412.6,396.67,11.95,24.47,YES,0.0,0.0,0.0,0.0,106671.78,106671.78,0.0,0.0,134567.45,1147.4,6.67
2023-06-07,864,BULL_100,BULL_100,13.94,426.62,413.19,396.69,12.13,24.35,YES,0.0,0.0,0.0,0.0,104032.51,104032.51,0.0,0.0,131237.98,-2639.27,4.03
2023-06-08,865,BULL_100,BULL_100,13.65,428.82,413.84,396.76,11.95,24.98,YES,0.0,0.0,0.0,0.0,106188.76,106188.76,0.0,0.0,133958.12,2156.25,6.19
2023-06-09,866,BULL_100,BULL_100,13.83,429.9,414.42,396.85,11.83,24.77,YES,0.0,0.0,0.0,0.0,107075.08,107075.08,0.0,0.0,135076.22,886.32,7.08
2023-06-12,867,BULL_100,BULL_100,15.01,433.8,415.01,396.95,11.54,24.68,YES,0.0,0.0,0.0,0.0,110801.39,110801.39,0.0,0.0,139776.99,3726.31,10.8
2023-06-13,868,BULL_100,BULL_100,14.61,436.77,415.55,397.04,11.32,24.79,YES,0.0,0.0,0.0,0.0,112910.55,112910.55,0.0,0.0,142437.72,2109.16,12.91
2023-06-14,869,BULL_100,BULL_100,13.88,437.26,416.08,397.21,11.28,25.49,YES,0.0,0.0,0.0,0.0,113903.72,113903.72,0.0,0.0,143690.61,993.17,13.9
2023-06-15,870,BULL_100,BULL_100,14.5,441.88,416.74,397.4,10.94,24.78,YES,0.0,0.0,0.0,0.0,117318.16,117318.16,0.0,0.0,147997.96,3414.44,17.32
2023-06-16,871,BULL_TRIMMED,BULL_TRIMMED,13.54,439.5,417.38,397.61,11.01,25.71,YES,0.0,0.0,0.0,0.0,116714.7,116714.7,0.0,0.0,147236.69,-603.46,16.71
2023-06-20,872,BULL_TRIMMED,BULL_TRIMMED,13.88,437.42,417.96,397.83,11.17,25.62,YES,0.0,0.0,0.0,0.0,115593.56,115593.56,0.0,0.0,145822.36,-1121.14,15.59
2023-06-21,873,BULL_TRIMMED,BULL_TRIMMED,13.2,435.0,418.45,398.01,11.22,26.25,YES,0.0,0.0,0.0,0.0,113310.62,113310.62,0.0,0.0,142942.41,-2282.94,13.31
2023-06-22,874,BULL_TRIMMED,BULL_TRIMMED,12.91,436.68,418.99,398.23,11.12,26.79,YES,0.0,0.0,0.0,0.0,114745.98,114745.98,0.0,0.0,144753.13,1435.36,14.75
2023-06-23,875,BULL_TRIMMED,BULL_TRIMMED,13.44,432.79,419.5,398.45,11.4,26.45,YES,0.0,0.0,0.0,0.0,112337.98,112337.98,0.0,0.0,141715.42,-2408.0,12.34
2023-06-26,876,BULL_100,BULL_100,14.25,432.25,419.88,398.62,11.47,26.5,YES,0.0,0.0,0.0,0.0,111045.91,111045.91,0.0,0.0,140085.46,-1292.07,11.05
2023-06-27,877,BULL_100,BULL_100,13.74,435.45,420.33,398.79,11.21,27.21,YES,0.0,0.0,0.0,0.0,113748.41,113748.41,0.0,0.0,143494.69,2702.5,13.75
2023-06-28,878,BULL_100,BULL_100,13.43,436.95,420.79,398.95,11.09,27.97,YES,0.0,0.0,0.0,0.0,115244.3,115244.3,0.0,0.0,145381.76,1495.89,15.24
2023-06-29,879,BULL_100,BULL_100,13.54,438.3,421.28,399.08,11.02,27.6,YES,0.0,0.0,0.0,0.0,115622.3,115622.3,0.0,0.0,145858.61,378.0,15.62
2023-06-30,880,BULL_100,BULL_100,13.59,442.87,421.88,399.33,10.66,28.1,YES,0.0,0.0,0.0,0.0,119415.75,119415.75,0.0,0.0,150644.09,3793.45,19.42
2023-07-03,881,BULL_100,BULL_100,13.57,443.87,422.52,399.57,10.6,28.15,YES,0.0,0.0,0.0,0.0,120185.73,120185.73,0.0,0.0,151615.42,769.98,20.19
2023-07-05,882,BULL_100,BULL_100,14.18,442.83,423.14,399.84,10.69,27.69,YES,0.0,0.0,0.0,0.0,119502.89,119502.89,0.0,0.0,150754.02,-682.84,19.5
2023-07-06,883,BULL_100,BULL_100,15.44,439.49,423.68,400.11,10.94,26.16,YES,0.0,0.0,0.0,0.0,116727.05,116727.05,0.0,0.0,147252.27,-2775.84,16.73
2023-07-07,884,BULL_100,BULL_100,14.83,438.65,424.3,400.35,11.02,26.85,YES,0.0,0.0,0.0,0.0,115760.84,115760.84,0.0,0.0,146033.38,-966.21,15.76
2023-07-10,885,BULL_100,BULL_100,15.07,439.68,424.98,400.63,10.95,27.06,YES,0.0,0.0,0.0,0.0,116552.86,116552.86,0.0,0.0,147032.52,792.02,16.55
2023-07-11,886,BULL_100,BULL_100,14.84,442.42,425.59,400.96,10.75,27.35,YES,0.0,0.0,0.0,0.0,118557.37,118557.37,0.0,0.0,149561.23,2004.51,18.56
2023-07-12,887,BULL_100,BULL_100,13.54,446.4,426.2,401.32,10.47,28.84,YES,0.0,0.0,0.0,0.0,122059.12,122059.12,0.0,0.0,153978.72,3501.75,22.06
2023-07-13,888,BULL_100,BULL_100,13.61,449.37,426.89,401.73,10.28,28.68,YES,0.0,0.0,0.0,0.0,125132.82,125132.82,0.0,0.0,157856.22,3073.7,25.13
2023-07-14,889,BULL_100,BULL_100,13.34,449.14,427.65,402.15,10.32,28.98,YES,0.0,0.0,0.0,0.0,124773.49,124773.49,0.0,0.0,157402.92,-359.33,24.77
2023-07-17,890,BULL_100,BULL_100,13.48,450.29,428.52,402.58,10.21,29.06,YES,0.0,0.0,0.0,0.0,126461.73,126461.73,0.0,0.0,159532.66,1688.24,26.46
2023-07-18,891,BULL_100,BULL_100,13.3,454.05,429.48,403.0,9.97,29.45,YES,0.0,0.0,0.0,0.0,129552.75,129552.75,0.0,0.0,163432.01,3091.02,29.55
2023-07-19,892,BULL_100,BULL_100,13.76,454.0,430.31,403.45,9.98,28.55,YES,0.0,0.0,0.0,0.0,128805.31,128805.31,0.0,0.0,162489.11,-747.44,28.81
2023-07-20,893,BULL_100,BULL_100,13.99,452.25,431.11,403.92,10.11,28.9,YES,0.0,0.0,0.0,0.0,125923.81,125923.81,0.0,0.0,158854.06,-2881.5,25.92
2023-07-21,894,BULL_100,BULL_100,13.6,451.95,431.92,404.34,10.11,29.25,YES,0.0,0.0,0.0,0.0,125707.38,125707.38,0.0,0.0,158581.04,-216.43,25.71
2023-07-24,895,BULL_100,BULL_100,13.91,454.31,432.74,404.73,9.98,29.71,YES,0.0,0.0,0.0,0.0,127117.3,127117.3,0.0,0.0,160359.66,1409.92,27.12
2023-07-25,896,BULL_100,BULL_100,13.86,455.32,433.6,405.11,9.92,29.9,YES,0.0,0.0,0.0,0.0,128068.63,128068.63,0.0,0.0,161559.77,951.33,28.07
2023-07-26,897,BULL_100,BULL_100,13.19,455.6,434.49,405.53,9.9,30.42,YES,0.0,0.0,0.0,0.0,128319.45,128319.45,0.0,0.0,161876.19,250.82,28.32
2023-07-27,898,BULL_100,BULL_100,14.41,452.74,435.3,405.98,10.11,29.2,YES,0.0,0.0,0.0,0.0,126089.51,126089.51,0.0,0.0,159063.1,-2229.94,26.09
2023-07-28,899,BULL_100,BULL_100,13.33,457.08,436.22,406.46,9.81,30.01,YES,0.0,0.0,0.0,0.0,130491.96,130491.96,0.0,0.0,164616.83,4402.45,30.49
2023-07-31,900,BULL_100,BULL_100,13.63,457.81,437.08,406.96,9.78,30.36,YES,0.0,0.0,0.0,0.0,130731.68,130731.68,0.0,0.0,164919.24,239.72,30.73
2023-08-01,901,BULL_100,BULL_100,13.93,454.98,437.78,407.45,9.97,29.94,YES,0.0,0.0,0.0,0.0,128215.75,128215.75,0.0,0.0,161745.37,-2515.93,28.22
2023-08-02,902,BULL_100,BULL_100,16.09,450.85,438.42,407.87,10.24,27.27,YES,0.0,0.0,0.0,0.0,124021.24,124021.24,0.0,0.0,156453.95,-4194.51,24.02
2023-08-03,903,BULL_100,BULL_100,15.92,449.87,439.02,408.34,10.33,27.59,YES,0.0,0.0,0.0,0.0,123276.66,123276.66,0.0,0.0,155514.66,-744.58,23.28
2023-08-04,904,BULL_100,BULL_100,17.1,446.89,439.67,408.73,10.57,26.42,YES,0.0,0.0,0.0,0.0,120387.1,120387.1,0.0,0.0,151869.45,-2889.56,20.39
2023-08-07,905,BULL_100,BULL_100,15.77,450.72,440.42,409.11,10.27,27.71,YES,0.0,0.0,0.0,0.0,123724.31,123724.31,0.0,0.0,156079.38,3337.21,23.72
2023-08-08,906,BULL_100,BULL_100,15.99,448.65,441.12,409.51,10.41,27.14,YES,0.0,0.0,0.0,0.0,121701.46,121701.46,0.0,0.0,153527.53,-2022.85,21.7
2023-08-09,907,BULL_100,BULL_100,15.96,446.8,441.64,409.93,10.55,27.5,YES,0.0,0.0,0.0,0.0,119737.73,119737.73,0.0,0.0,151050.27,-1963.73,19.74
2023-08-10,908,BULL_100,BULL_100,15.85,446.44,442.17,410.28,10.59,27.4,YES,0.0,0.0,0.0,0.0,119527.28,119527.28,0.0,0.0,150784.78,-210.45,19.53
2023-08-11,909,BULL_100,BULL_100,14.84,445.82,442.71,410.62,10.61,28.43,YES,0.0,0.0,0.0,0.0,118345.14,118345.14,0.0,0.0,149293.5,-1182.14,18.35
2023-08-14,910,BULL_100,BULL_100,14.82,448.51,443.24,410.95,10.45,28.94,YES,0.0,0.0,0.0,0.0,121050.33,121050.33,0.0,0.0,152706.12,2705.19,21.05
2023-08-15,911,BULL_100,BULL_100,16.46,443.15,443.55,411.25,10.84,27.1,YES,0.0,0.0,0.0,0.0,116756.65,116756.65,0.0,0.0,147289.61,-4293.68,16.76
2023-08-16,912,BULL_100,BULL_100,16.78,439.54,443.8,411.56,11.11,26.85,YES,0.0,0.0,0.0,0.0,113498.58,113498.58,0.0,0.0,143179.52,-3258.07,13.5
2023-08-17,913,DEFENSIVE_BOTH,DEFENSIVE_BOTH,17.89,436.07,443.96,411.79,11.39,25.46,YES,0.0,0.0,0.0,0.0,112151.89,112151.89,0.0,0.0,141480.66,-1346.69,12.15
2023-08-18,914,DEFENSIVE_BOTH,DEFENSIVE_BOTH,17.3,436.16,444.15,412.04,11.35,26.17,YES,0.0,0.0,0.0,0.0,112270.22,112270.22,0.0,0.0,141629.93,118.33,12.27
2023-08-21,915,DEFENSIVE_BOTH,DEFENSIVE_BOTH,17.13,438.65,444.34,412.31,11.2,26.86,YES,0.0,0.0,0.0,0.0,113398.87,113398.87,0.0,0.0,143053.74,1128.65,13.4
2023-08-22,916,DEFENSIVE_BOTH,DEFENSIVE_BOTH,16.97,438.19,444.51,412.63,11.24,26.73,YES,0.0,0.0,0.0,0.0,113280.51,113280.51,0.0,0.0,142904.43,-118.36,13.28
2023-08-23,917,DEFENSIVE_BOTH,DEFENSIVE_BOTH,15.98,445.09,444.73,413.0,10.73,27.97,YES,0.0,0.0,0.0,0.0,116351.18,116351.18,0.0,0.0,146778.1,3070.67,16.35
2023-08-24,918,DEFENSIVE_BOTH,DEFENSIVE_BOTH,17.2,437.19,444.74,413.31,11.32,26.57,YES,0.0,0.0,0.0,0.0,112580.04,112580.04,0.0,0.0,142020.78,-3771.14,12.58
2023-08-25,919,DEFENSIVE_BOTH,DEFENSIVE_BOTH,15.68,439.65,444.79,413.61,11.11,27.62,YES,0.0,0.0,0.0,0.0,113676.88,113676.88,0.0,0.0,143404.45,1096.84,13.68
2023-08-28,920,DEFENSIVE_BOTH,DEFENSIVE_BOTH,15.08,442.83,444.81,413.91,10.9,28.75,YES,0.0,0.0,0.0,0.0,114852.59,114852.59,0.0,0.0,144887.62,1175.71,14.85
2023-08-29,921,DEFENSIVE_BOTH,DEFENSIVE_BOTH,14.45,449.45,445.01,414.28,10.42,29.44,YES,0.0,0.0,0.0,0.0,117742.99,117742.99,0.0,0.0,148533.88,2890.4,17.74
2023-08-30,922,DEFENSIVE_BOTH,DEFENSIVE_BOTH,13.88,451.08,445.28,414.56,10.31,30.45,YES,0.0,0.0,0.0,0.0,118430.39,118430.39,0.0,0.0,149401.05,687.4,18.43
2023-08-31,923,BULL_100,BULL_100,13.57,450.65,445.6,414.82,10.36,31.02,YES,0.0,0.0,0.0,0.0,118021.91,118021.91,0.0,0.0,148885.74,-408.48,18.02
2023-09-01,924,BULL_100,BULL_100,13.09,450.92,445.88,415.09,10.36,31.45,YES,0.0,0.0,0.0,0.0,117940.91,117940.91,0.0,0.0,148783.56,-81.0,17.94
2023-09-05,925,BULL_100,BULL_100,14.01,449.17,446.21,415.35,10.48,31.13,YES,0.0,0.0,0.0,0.0,117025.48,117025.48,0.0,0.0,147628.74,-915.43,17.03
2023-09-06,926,BULL_100,BULL_100,14.45,446.1,446.48,415.6,10.7,30.66,YES,0.0,0.0,0.0,0.0,114477.03,114477.03,0.0,0.0,144413.84,-2548.45,14.48
2023-09-07,927,BULL_100,BULL_100,14.4,445.05,446.68,415.85,10.79,30.81,YES,0.0,0.0,0.0,0.0,113152.81,113152.81,0.0,0.0,142743.33,-1324.22,13.15
2023-09-08,928,DEFENSIVE_SPY,DEFENSIVE_SPY,13.84,445.11,446.84,416.1,10.79,31.4,YES,0.0,0.0,0.0,0.0,113714.78,113714.78,0.0,0.0,143452.26,561.97,13.71
2023-09-11,929,DEFENSIVE_SPY,DEFENSIVE_SPY,13.8,448.05,447.03,416.37,10.58,31.96,YES,0.0,0.0,0.0,0.0,115160.0,115160.0,0.0,0.0,145275.42,1445.22,15.16
2023-09-12,930,DEFENSIVE_SPY,DEFENSIVE_SPY,14.23,446.01,447.1,416.6,10.73,31.89,YES,0.0,0.0,0.0,0.0,113702.35,113702.35,0.0,0.0,143436.58,-1457.65,13.7
2023-09-13,931,DEFENSIVE_SPY,DEFENSIVE_SPY,13.48,447.0,447.16,416.82,10.67,32.47,YES,0.0,0.0,0.0,0.0,114347.36,114347.36,0.0,0.0,144250.27,645.01,14.35
2023-09-14,932,DEFENSIVE_SPY,DEFENSIVE_SPY,12.82,450.67,447.32,417.06,10.42,33.42,YES,0.0,0.0,0.0,0.0,115961.37,115961.37,0.0,0.0,146286.35,1614.01,15.96
2023-09-15,933,DEFENSIVE_SPY,DEFENSIVE_SPY,13.79,443.29,447.39,417.3,10.81,32.14,YES,0.0,0.0,0.0,0.0,112672.96,112672.96,0.0,0.0,142137.99,-3288.41,12.67
2023-09-18,934,DEFENSIVE_SPY,DEFENSIVE_SPY,14.0,443.88,447.5,417.54,10.79,32.35,YES,0.0,0.0,0.0,0.0,112981.0,112981.0,0.0,0.0,142526.59,308.04,12.98
2023-09-19,935,DEFENSIVE_BOTH,DEFENSIVE_BOTH,14.11,442.86,447.56,417.71,10.87,32.49,YES,0.0,0.0,0.0,0.0,112578.48,112578.48,0.0,0.0,142018.81,-402.52,12.58
2023-09-20,936,DEFENSIVE_BOTH,DEFENSIVE_BOTH,15.14,437.87,447.47,417.87,11.07,31.14,YES,0.0,0.0,0.0,0.0,110324.53,110324.53,0.0,0.0,139175.43,-2253.95,10.32
2023-09-21,937,DEFENSIVE_BOTH,DEFENSIVE_BOTH,17.54,431.11,447.16,417.99,11.6,28.67,YES,0.0,0.0,0.0,0.0,107692.45,107692.45,0.0,0.0,135855.03,-2632.08,7.69
2023-09-22,938,DEFENSIVE_BOTH,DEFENSIVE_BOTH,17.2,430.65,446.79,418.15,11.61,28.76,YES,0.0,0.0,0.0,0.0,107604.81,107604.81,0.0,0.0,135744.48,-87.64,7.6
2023-09-25,939,DEFENSIVE_BOTH,DEFENSIVE_BOTH,16.9,432.12,446.45,418.34,11.53,28.96,YES,0.0,0.0,0.0,0.0,108138.01,108138.01,0.0,0.0,136417.11,533.2,8.14
2023-09-26,940,DEFENSIVE_BOTH,DEFENSIVE_BOTH,18.94,426.55,445.98,418.5,11.98,26.46,YES,0.0,0.0,0.0,0.0,106132.69,106132.69,0.0,0.0,133887.38,-2005.32,6.13
2023-09-27,941,DEFENSIVE_BOTH,DEFENSIVE_BOTH,18.22,426.66,445.43,418.66,11.97,27.23,YES,0.0,0.0,0.0,0.0,106237.32,106237.32,0.0,0.0,134019.37,104.63,6.24
2023-09-28,942,DEFENSIVE_BOTH,DEFENSIVE_BOTH,17.34,428.67,444.92,418.83,11.81,28.6,YES,0.0,0.0,0.0,0.0,106948.01,106948.01,0.0,0.0,134915.91,710.69,6.95
2023-09-29,943,DEFENSIVE_BOTH,DEFENSIVE_BOTH,17.52,427.45,444.42,418.98,11.9,28.0,YES,0.0,0.0,0.0,0.0,106726.31,106726.31,0.0,0.0,134636.24,-221.7,6.73
2023-10-02,944,DEFENSIVE_BOTH,DEFENSIVE_BOTH,17.61,427.38,443.93,419.1,11.94,27.93,YES,0.0,0.0,0.0,0.0,106916.75,106916.75,0.0,0.0,134876.48,190.44,6.92
2023-10-03,945,DEFENSIVE_BOTH,DEFENSIVE_BOTH,19.78,421.58,443.28,419.21,12.44,25.34,YES,0.0,0.0,0.0,0.0,104657.15,104657.15,0.0,0.0,132025.97,-2259.6,4.66
2023-10-04,946,DEFENSIVE_BOTH,DEFENSIVE_BOTH,18.58,424.14,442.65,419.38,12.21,26.33,YES,0.0,0.0,0.0,0.0,105801.2,105801.2,0.0,0.0,133469.21,1144.05,5.8
2023-10-05,947,DEFENSIVE_BOTH,DEFENSIVE_BOTH,18.49,423.92,442.02,419.59,12.26,26.6,YES,0.0,0.0,0.0,0.0,105525.09,105525.09,0.0,0.0,133120.89,-276.11,5.53
2023-10-06,948,DEFENSIVE_BOTH,DEFENSIVE_BOTH,17.45,430.2,441.57,419.84,11.71,27.19,YES,0.0,0.0,0.0,0.0,107812.46,107812.46,0.0,0.0,136006.43,2287.37,7.81
2023-10-09,949,DEFENSIVE_BOTH,DEFENSIVE_BOTH,17.7,432.26,441.07,420.09,11.56,27.57,YES,0.0,0.0,0.0,0.0,108575.4,108575.4,0.0,0.0,136968.89,762.94,8.58
2023-10-10,950,DEFENSIVE_BOTH,DEFENSIVE_BOTH,17.03,434.62,440.61,420.33,11.38,28.4,YES,0.0,0.0,0.0,0.0,109410.09,109410.09,0.0,0.0,138021.85,834.69,9.41
2023-10-11,951,DEFENSIVE_BOTH,DEFENSIVE_BOTH,16.09,437.36,440.26,420.62,11.17,29.13,YES,0.0,0.0,0.0,0.0,110491.07,110491.07,0.0,0.0,139385.52,1080.98,10.49
2023-10-12,952,DEFENSIVE_SPY,DEFENSIVE_SPY,16.69,433.94,439.92,420.87,11.46,28.37,YES,0.0,0.0,0.0,0.0,109015.48,109015.48,0.0,0.0,137524.05,-1475.59,9.02
2023-10-13,953,DEFENSIVE_SPY,DEFENSIVE_SPY,19.32,430.51,439.53,421.12,11.71,24.9,YES,0.0,0.0,0.0,0.0,106810.27,106810.27,0.0,0.0,134742.15,-2205.21,6.81
2023-10-16,954,DEFENSIVE_SPY,DEFENSIVE_SPY,17.21,436.08,439.32,421.41,11.28,27.05,YES,0.0,0.0,0.0,0.0,109342.2,109342.2,0.0,0.0,137936.21,2531.93,9.34
2023-10-17,955,DEFENSIVE_SPY,DEFENSIVE_SPY,17.88,435.05,439.0,421.67,11.36,26.27,YES,0.0,0.0,0.0,0.0,108624.67,108624.67,0.0,0.0,137031.04,-717.53,8.62
2023-10-18,956,DEFENSIVE_SPY,DEFENSIVE_SPY,19.22,430.4,438.64,421.91,11.74,25.11,YES,0.0,0.0,0.0,0.0,106324.43,106324.43,0.0,0.0,134129.27,-2300.24,6.32
2023-10-19,957,DEFENSIVE_SPY,DEFENSIVE_SPY,21.4,425.79,438.22,422.13,12.14,23.5,YES,0.0,0.0,0.0,0.0,104081.77,104081.77,0.0,0.0,131300.13,-2242.66,4.08
2023-10-20,958,DEFENSIVE_BOTH,DEFENSIVE_BOTH,21.71,420.8,437.7,422.32,12.54,23.28,YES,0.0,0.0,0.0,0.0,102193.09,102193.09,0.0,0.0,128917.54,-1888.68,2.19
2023-10-23,959,CASH,CASH_IDLE,20.37,421.8,437.22,422.53,12.49,24.42,YES,0.0,0.0,0.0,0.0,102193.09,102193.09,0.0,0.0,128622.55,-0.0,2.19
2023-10-24,960,CASH,CASH_IDLE,18.97,423.3,436.72,422.7,12.36,25.25,YES,0.0,0.0,0.0,0.0,102193.09,102193.09,0.0,0.0,128622.55,-0.0,2.19
2023-10-25,961,SMA_RECOVERY,SMA_RECOVERY,20.19,415.72,436.17,422.85,13.03,23.27,YES,0.0,0.0,0.0,0.0,98010.79,98010.79,0.0,0.0,123358.61,-4182.3,-1.99
2023-10-26,962,CASH,CASH_IDLE,20.68,414.86,435.68,422.97,13.12,23.91,YES,0.0,0.0,0.0,0.0,98010.79,98010.79,0.0,0.0,122532.3,-0.0,-1.99
2023-10-27,963,CASH,CASH_IDLE,21.27,410.38,435.16,423.04,13.54,22.87,YES,0.0,0.0,0.0,0.0,98010.79,98010.79,0.0,0.0,122532.3,-0.0,-1.99
2023-10-30,964,CASH,CASH_IDLE,19.75,415.15,434.74,423.13,13.09,24.39,YES,0.0,0.0,0.0,0.0,98010.79,98010.79,0.0,0.0,122532.3,-0.0,-1.99
2023-10-31,965,CASH,CASH_IDLE,18.14,417.35,434.32,423.23,12.91,25.78,YES,0.0,0.0,0.0,0.0,98010.79,98010.79,0.0,0.0,122532.3,-0.0,-1.99
2023-11-01,966,CASH,CASH_IDLE,16.87,423.6,434.03,423.36,12.33,27.01,YES,0.0,0.0,0.0,0.0,98010.79,98010.79,0.0,0.0,122532.3,-0.0,-1.99
2023-11-02,967,SMA_RECOVERY,SMA_RECOVERY,15.66,429.89,433.72,423.55,11.79,27.76,YES,0.0,0.0,0.0,0.0,100729.09,100729.09,0.0,0.0,125930.7,2718.3,0.73
2023-11-03,968,SMA_RECOVERY,SMA_RECOVERY,14.91,435.27,433.68,423.79,11.36,28.7,YES,0.0,0.0,0.0,0.0,103726.72,103726.72,0.0,0.0,129678.31,2997.63,3.73
2023-11-06,969,BULL_100,BULL_100,14.89,434.88,433.59,423.98,11.4,29.56,YES,0.0,0.0,0.0,0.0,103648.65,103648.65,0.0,0.0,129580.71,-78.07,3.65
2023-11-07,970,BULL_100,BULL_100,14.81,436.76,433.47,424.16,11.25,29.76,YES,0.0,0.0,0.0,0.0,105439.9,105439.9,0.0,0.0,131820.11,1791.25,5.44
2023-11-08,971,BULL_100,BULL_100,14.45,436.61,433.21,424.35,11.28,30.22,YES,0.0,0.0,0.0,0.0,105240.73,105240.73,0.0,0.0,131571.11,-199.17,5.24
2023-11-09,972,BULL_100,BULL_100,15.29,433.63,432.86,424.51,11.53,29.08,YES,0.0,0.0,0.0,0.0,102954.73,102954.73,0.0,0.0,128713.18,-2286.0,2.95
2023-11-10,973,BULL_100,BULL_100,14.17,439.96,432.65,424.7,11.0,29.75,YES,0.0,0.0,0.0,0.0,107824.52,107824.52,0.0,0.0,134801.35,4869.79,7.82
2023-11-13,974,BULL_100,BULL_100,14.76,440.38,432.44,424.87,10.99,30.59,YES,0.0,0.0,0.0,0.0,108138.53,108138.53,0.0,0.0,135193.92,314.01,8.14
2023-11-14,975,BULL_100,BULL_100,14.16,449.35,432.44,425.11,10.32,30.93,YES,0.0,0.0,0.0,0.0,114813.1,114813.1,0.0,0.0,143538.41,6674.57,14.81
2023-11-15,976,BULL_100,BULL_100,14.18,449.36,432.51,425.33,10.34,31.34,YES,0.0,0.0,0.0,0.0,114563.61,114563.61,0.0,0.0,143226.51,-249.49,14.56
2023-11-16,977,BULL_100,BULL_100,14.32,450.38,432.61,425.52,10.28,31.82,YES,0.0,0.0,0.0,0.0,115170.08,115170.08,0.0,0.0,143984.71,606.47,15.17
2023-11-17,978,BULL_100,BULL_100,13.8,450.25,432.71,425.7,10.28,32.37,YES,0.0,0.0,0.0,0.0,115233.32,115233.32,0.0,0.0,144063.77,63.24,15.23
2023-11-20,979,BULL_100,BULL_100,13.41,454.41,432.84,425.91,10.02,32.52,YES,0.0,0.0,0.0,0.0,118629.22,118629.22,0.0,0.0,148309.3,3395.9,18.63
2023-11-21,980,BULL_100,BULL_100,13.35,452.73,432.98,426.12,10.14,33.15,YES,0.0,0.0,0.0,0.0,116738.38,116738.38,0.0,0.0,145945.39,-1890.84,16.74
2023-11-22,981,BULL_100,BULL_100,12.85,454.71,433.13,426.32,10.01,32.9,YES,0.0,0.0,0.0,0.0,118341.06,118341.06,0.0,0.0,147949.04,1602.68,18.34
2023-11-24,982,BULL_100,BULL_100,12.46,455.39,433.23,426.54,9.98,34.3,YES,0.0,0.0,0.0,0.0,118476.14,118476.14,0.0,0.0,148117.92,135.08,18.48
2023-11-27,983,BULL_100,BULL_100,12.69,454.81,433.46,426.78,10.02,34.18,YES,0.0,0.0,0.0,0.0,118125.61,118125.61,0.0,0.0,147679.69,-350.53,18.13
2023-11-28,984,BULL_100,BULL_100,12.69,455.02,433.68,427.02,10.01,34.66,YES,0.0,0.0,0.0,0.0,118467.87,118467.87,0.0,0.0,148107.58,342.26,18.47
2023-11-29,985,BULL_100,BULL_100,12.98,454.88,433.92,427.23,10.03,34.19,YES,0.0,0.0,0.0,0.0,118314.01,118314.01,0.0,0.0,147915.23,-153.86,18.31
2023-11-30,986,BULL_100,BULL_100,12.92,456.09,434.28,427.45,9.96,34.38,YES,0.0,0.0,0.0,0.0,118466.32,118466.32,0.0,0.0,148105.64,152.31,18.47
2023-12-01,987,BULL_100,BULL_100,12.63,459.74,434.86,427.68,9.75,34.86,YES,0.0,0.0,0.0,0.0,121034.44,121034.44,0.0,0.0,151316.28,2568.12,21.03
2023-12-04,988,BULL_100,BULL_100,13.08,455.95,435.36,427.92,9.98,34.55,YES,0.0,0.0,0.0,0.0,117688.67,117688.67,0.0,0.0,147133.43,-3345.77,17.69
2023-12-05,989,BULL_100,BULL_100,12.85,456.74,435.85,428.17,9.93,34.7,YES,0.0,0.0,0.0,0.0,118551.6,118551.6,0.0,0.0,148212.26,862.93,18.55
2023-12-06,990,BULL_100,BULL_100,12.97,454.51,436.41,428.44,10.08,34.61,YES,0.0,0.0,0.0,0.0,116591.25,116591.25,0.0,0.0,145761.44,-1960.35,16.59
2023-12-07,991,BULL_100,BULL_100,13.06,457.76,437.04,428.73,9.88,34.48,YES,0.0,0.0,0.0,0.0,119527.91,119527.91,0.0,0.0,149432.83,2936.66,19.53
2023-12-08,992,BULL_100,BULL_100,12.35,460.4,437.67,429.03,9.73,35.45,YES,0.0,0.0,0.0,0.0,121295.38,121295.38,0.0,0.0,151642.51,1767.47,21.3
2023-12-11,993,BULL_100,BULL_100,12.63,462.03,438.36,429.36,9.62,36.26,YES,0.0,0.0,0.0,0.0,123145.55,123145.55,0.0,0.0,153955.58,1850.17,23.15
2023-12-12,994,BULL_100,BULL_100,12.07,464.71,439.11,429.7,9.46,37.28,YES,0.0,0.0,0.0,0.0,125633.55,125633.55,0.0,0.0,157066.06,2488.0,25.63
2023-12-13,995,BULL_100,BULL_100,12.19,471.31,440.1,430.08,9.1,37.71,YES,0.0,0.0,0.0,0.0,130569.5,130569.5,0.0,0.0,163236.94,4935.95,30.57
2023-12-14,996,BULL_TRIMMED,BULL_TRIMMED,12.48,471.69,441.05,430.46,9.06,37.87,YES,0.0,0.0,0.0,0.0,130712.77,130712.77,0.0,0.0,163416.06,143.27,30.71
2023-12-15,997,BULL_TRIMMED,BULL_TRIMMED,12.28,469.95,441.97,430.82,9.06,36.8,YES,0.0,0.0,0.0,0.0,131092.8,131092.8,0.0,0.0,163891.16,380.03,31.09
2023-12-18,998,BULL_TRIMMED,BULL_TRIMMED,12.56,471.79,442.81,431.16,8.96,36.67,YES,0.0,0.0,0.0,0.0,132426.43,132426.43,0.0,0.0,165558.46,1333.63,32.43
2023-12-19,999,BULL_TRIMMED,BULL_TRIMMED,12.53,474.6,443.65,431.51,8.79,36.05,YES,0.0,0.0,0.0,0.0,134184.34,134184.34,0.0,0.0,167756.18,1757.91,34.18
2023-12-20,1000,BULL_TRIMMED,BULL_TRIMMED,13.67,468.86,444.34,431.86,8.92,33.91,YES,0.0,0.0,0.0,0.0,130139.73,130139.73,0.0,0.0,162699.64,-4044.61,30.14
2023-12-21,1001,BULL_TRIMMED,BULL_TRIMMED,13.65,472.59,445.04,432.23,8.72,34.7,YES,0.0,0.0,0.0,0.0,132322.44,132322.44,0.0,0.0,165428.45,2182.71,32.32
2023-12-22,1002,BULL_TRIMMED,BULL_TRIMMED,13.03,473.19,445.83,432.64,8.67,35.36,YES,0.0,0.0,0.0,0.0,132622.25,132622.25,0.0,0.0,165803.27,299.81,32.62
2023-12-26,1003,BULL_TRIMMED,BULL_TRIMMED,12.99,475.81,446.73,433.09,8.55,36.35,YES,0.0,0.0,0.0,0.0,134445.98,134445.98,0.0,0.0,168083.28,1823.73,34.45
2023-12-27,1004,BULL_TRIMMED,BULL_TRIMMED,12.43,476.55,447.54,433.54,8.53,37.73,YES,0.0,0.0,0.0,0.0,134922.23,134922.23,0.0,0.0,168678.69,476.25,34.92
2023-12-28,1005,BULL_TRIMMED,BULL_TRIMMED,12.47,477.0,448.38,433.97,8.52,37.8,YES,0.0,0.0,0.0,0.0,134959.29,134959.29,0.0,0.0,168725.02,37.06,34.96
2023-12-29,1006,BULL_TRIMMED,BULL_TRIMMED,12.45,475.25,449.28,434.4,8.62,37.68,YES,0.0,0.0,0.0,0.0,133490.68,133490.68,0.0,0.0,166888.98,-1468.61,33.49
2024-01-02,1007,BULL_TRIMMED,BULL_TRIMMED,13.2,472.64,450.22,434.78,8.76,37.84,YES,0.0,0.0,0.0,0.0,131172.98,131172.98,0.0,0.0,163991.41,-2317.7,31.17
2024-01-03,1008,BULL_TRIMMED,BULL_TRIMMED,14.04,469.08,451.18,435.17,8.96,36.46,YES,0.0,0.0,0.0,0.0,128665.02,128665.02,0.0,0.0,160855.97,-2507.96,28.67
2024-01-04,1009,BULL_100,BULL_100,14.13,467.84,452.1,435.54,9.04,36.52,YES,0.0,0.0,0.0,0.0,127293.77,127293.77,0.0,0.0,159141.65,-1371.25,27.29
2024-01-05,1010,BULL_100,BULL_100,13.35,468.35,453.0,435.89,9.03,37.43,YES,0.0,0.0,0.0,0.0,127400.68,127400.68,0.0,0.0,159275.31,106.91,27.4
2024-01-08,1011,BULL_100,BULL_100,13.08,474.21,454.17,436.3,8.69,38.4,YES,0.0,0.0,0.0,0.0,132922.89,132922.89,0.0,0.0,166179.13,5522.21,32.92
2024-01-09,1012,BULL_100,BULL_100,12.76,473.77,455.35,436.7,8.72,39.32,YES,0.0,0.0,0.0,0.0,132793.69,132793.69,0.0,0.0,166017.61,-129.2,32.79
2024-01-10,1013,BULL_100,BULL_100,12.69,476.8,456.68,437.1,8.56,39.77,YES,0.0,0.0,0.0,0.0,135544.41,135544.41,0.0,0.0,169456.53,2750.72,35.54
2024-01-11,1014,BULL_100,BULL_100,12.44,476.05,457.9,437.5,8.62,39.83,YES,0.0,0.0,0.0,0.0,134833.05,134833.05,0.0,0.0,168567.2,-711.36,34.83
2024-01-12,1015,BULL_100,BULL_100,12.7,475.7,459.06,437.89,8.61,39.05,YES,0.0,0.0,0.0,0.0,134796.69,134796.69,0.0,0.0,168521.74,-36.36,34.8
2024-01-16,1016,BULL_100,BULL_100,13.84,475.08,460.09,438.26,8.67,37.94,YES,0.0,0.0,0.0,0.0,134412.77,134412.77,0.0,0.0,168041.77,-383.92,34.41
2024-01-17,1017,BULL_100,BULL_100,14.79,472.2,460.94,438.6,8.84,36.67,YES,0.0,0.0,0.0,0.0,131825.69,131825.69,0.0,0.0,164807.42,-2587.08,31.83
2024-01-18,1018,BULL_100,BULL_100,14.13,476.88,461.77,438.94,8.59,37.6,YES,0.0,0.0,0.0,0.0,136318.41,136318.41,0.0,0.0,170424.18,4492.72,36.32
2024-01-19,1019,BULL_100,BULL_100,13.3,482.44,462.72,439.3,8.27,38.51,YES,0.0,0.0,0.0,0.0,141870.28,141870.28,0.0,0.0,177365.08,5551.87,41.87
2024-01-22,1020,BULL_100,BULL_100,13.19,483.63,463.66,439.67,8.24,39.93,YES,0.0,0.0,0.0,0.0,142470.3,142470.3,0.0,0.0,178115.23,600.02,42.47
2024-01-23,1021,BULL_100,BULL_100,12.55,485.83,464.65,440.06,8.13,40.96,YES,0.0,0.0,0.0,0.0,144602.81,144602.81,0.0,0.0,180781.27,2132.51,44.6
2024-01-24,1022,BULL_100,BULL_100,13.14,485.34,465.68,440.44,8.15,39.86,YES,0.0,0.0,0.0,0.0,144534.92,144534.92,0.0,0.0,180696.39,-67.89,44.53
2024-01-25,1023,BULL_100,BULL_100,13.45,487.09,466.62,440.83,8.07,39.75,YES,0.0,0.0,0.0,0.0,145059.38,145059.38,0.0,0.0,181352.07,524.46,45.06
2024-01-26,1024,BULL_100,BULL_100,13.26,486.95,467.55,441.21,8.09,39.65,YES,0.0,0.0,0.0,0.0,144856.91,144856.91,0.0,0.0,181098.95,-202.47,44.86
2024-01-29,1025,BULL_100,BULL_100,13.6,491.09,468.39,441.63,7.88,39.41,YES,0.0,0.0,0.0,0.0,148767.35,148767.35,0.0,0.0,185987.75,3910.44,48.77
2024-01-30,1026,BULL_TRIMMED,BULL_TRIMMED,13.31,488.91,469.18,442.01,8.0,39.99,YES,0.0,0.0,0.0,0.0,146353.99,146353.99,0.0,0.0,182970.58,-2413.36,46.35
2024-01-31,1027,BULL_TRIMMED,BULL_TRIMMED,14.35,483.7,469.85,442.37,8.25,37.83,YES,0.0,0.0,0.0,0.0,142875.95,142875.95,0.0,0.0,178622.36,-3478.04,42.88
2024-02-01,1028,BULL_100,BULL_100,13.88,491.64,470.67,442.76,7.86,38.93,YES,0.0,0.0,0.0,0.0,149661.67,149661.67,0.0,0.0,187105.82,6785.72,49.66
2024-02-02,1029,BULL_100,BULL_100,13.85,494.27,471.47,443.16,7.73,38.26,YES,0.0,0.0,0.0,0.0,152283.6,152283.6,0.0,0.0,190383.73,2621.93,52.28
2024-02-05,1030,BULL_100,BULL_100,13.67,492.17,472.26,443.55,7.83,39.69,YES,0.0,0.0,0.0,0.0,150625.97,150625.97,0.0,0.0,188311.38,-1657.63,50.63
2024-02-06,1031,BULL_100,BULL_100,13.06,493.79,473.04,443.96,7.76,40.7,YES,0.0,0.0,0.0,0.0,151448.08,151448.08,0.0,0.0,189339.17,822.11,51.45
2024-02-07,1032,BULL_100,BULL_100,12.83,497.9,473.89,444.39,7.58,40.89,YES,0.0,0.0,0.0,0.0,155269.43,155269.43,0.0,0.0,194116.6,3821.35,55.27
2024-02-08,1033,BULL_100,BULL_100,12.79,498.25,474.76,444.82,7.57,40.89,YES,0.0,0.0,0.0,0.0,155646.59,155646.59,0.0,0.0,194588.12,377.16,55.65
2024-02-09,1034,BULL_100,BULL_100,12.93,501.0,475.68,445.29,7.45,40.68,YES,0.0,0.0,0.0,0.0,158620.47,158620.47,0.0,0.0,198306.04,2973.88,58.62
2024-02-12,1035,BULL_100,BULL_100,13.93,500.55,476.59,445.76,7.48,39.8,YES,0.0,0.0,0.0,0.0,157538.89,157538.89,0.0,0.0,196953.85,-1081.58,57.54
2024-02-13,1036,BULL_100,BULL_100,15.85,494.26,477.36,446.18,7.76,37.4,YES,0.0,0.0,0.0,0.0,151505.28,151505.28,0.0,0.0,189410.68,-6033.61,51.51
2024-02-14,1037,BULL_100,BULL_100,14.38,498.95,478.14,446.59,7.55,39.0,YES,0.0,0.0,0.0,0.0,155811.41,155811.41,0.0,0.0,194794.17,4306.13,55.81
2024-02-15,1038,BULL_100,BULL_100,14.01,502.2,479.07,447.03,7.41,38.99,YES,0.0,0.0,0.0,0.0,158432.07,158432.07,0.0,0.0,198070.5,2620.66,58.43
2024-02-16,1039,BULL_100,BULL_100,14.24,498.76,479.91,447.46,7.56,39.06,YES,0.0,0.0,0.0,0.0,154621.47,154621.47,0.0,0.0,193306.52,-3810.6,54.62
2024-02-20,1040,BULL_100,BULL_100,15.42,496.33,480.74,447.91,7.66,37.85,YES,0.0,0.0,0.0,0.0,151768.51,151768.51,0.0,0.0,189739.77,-2852.96,51.77
2024-02-21,1041,BULL_100,BULL_100,15.34,499.68,481.58,448.38,7.53,39.0,YES,0.0,0.0,0.0,0.0,154914.33,154914.33,0.0,0.0,193672.65,3145.82,54.91
2024-02-22,1042,BULL_100,BULL_100,14.54,507.75,482.53,448.86,7.17,39.09,YES,0.0,0.0,0.0,0.0,162359.09,162359.09,0.0,0.0,202980.03,7444.76,62.36
2024-02-23,1043,BULL_100,BULL_100,13.75,507.16,483.43,449.33,7.2,40.33,YES,0.0,0.0,0.0,0.0,161523.52,161523.52,0.0,0.0,201935.41,-835.57,61.52
2024-02-26,1044,BULL_100,BULL_100,13.74,505.91,484.25,449.8,7.26,40.74,YES,0.0,0.0,0.0,0.0,160564.22,160564.22,0.0,0.0,200736.1,-959.3,60.56
2024-02-27,1045,BULL_100,BULL_100,13.43,506.76,484.96,450.27,7.22,41.34,YES,0.0,0.0,0.0,0.0,161506.77,161506.77,0.0,0.0,201914.47,942.55,61.51
2024-02-28,1046,BULL_100,BULL_100,13.84,505.05,485.63,450.73,7.29,40.87,YES,0.0,0.0,0.0,0.0,159252.28,159252.28,0.0,0.0,199095.92,-2254.49,59.25
2024-02-29,1047,BULL_100,BULL_100,13.4,508.08,486.39,451.22,7.18,41.15,YES,0.0,0.0,0.0,0.0,162479.42,162479.42,0.0,0.0,203130.46,3227.14,62.48
2024-03-01,1048,BULL_100,BULL_100,13.11,512.05,487.2,451.72,7.01,41.2,YES,0.0,0.0,0.0,0.0,167077.99,167077.99,0.0,0.0,208879.56,4598.57,67.08
2024-03-04,1049,BULL_100,BULL_100,13.49,511.55,487.94,452.22,7.04,41.33,YES,0.0,0.0,0.0,0.0,165988.59,165988.59,0.0,0.0,207517.6,-1089.4,65.99
2024-03-05,1050,BULL_100,BULL_100,14.46,507.35,488.71,452.68,7.22,39.55,YES,0.0,0.0,0.0,0.0,161131.97,161131.97,0.0,0.0,201445.9,-4856.62,61.13
2024-03-06,1051,BULL_100,BULL_100,14.5,509.65,489.45,453.13,7.12,39.63,YES,0.0,0.0,0.0,0.0,162982.15,162982.15,0.0,0.0,203758.97,1850.18,62.98
2024-03-07,1052,BULL_100,BULL_100,14.44,514.69,490.28,453.61,6.92,39.56,YES,0.0,0.0,0.0,0.0,168240.49,168240.49,0.0,0.0,210332.91,5258.34,68.24
2024-03-08,1053,BULL_100,BULL_100,14.74,511.72,491.0,454.07,7.01,38.84,YES,0.0,0.0,0.0,0.0,164348.64,164348.64,0.0,0.0,205467.35,-3891.85,64.35
2024-03-11,1054,BULL_100,BULL_100,15.22,512.64,491.72,454.56,7.02,39.1,YES,0.0,0.0,0.0,0.0,165080.06,165080.06,0.0,0.0,206381.76,731.42,65.08
2024-03-12,1055,BULL_100,BULL_100,13.84,517.04,492.52,455.08,6.83,40.85,YES,0.0,0.0,0.0,0.0,169423.47,169423.47,0.0,0.0,211811.86,4343.41,69.42
2024-03-13,1056,BULL_100,BULL_100,13.75,516.57,493.35,455.6,6.86,41.21,YES,0.0,0.0,0.0,0.0,168272.09,168272.09,0.0,0.0,210372.42,-1151.38,68.27
2024-03-14,1057,BULL_100,BULL_100,14.4,514.22,494.18,456.06,6.96,40.06,YES,0.0,0.0,0.0,0.0,165490.14,165490.14,0.0,0.0,206894.44,-2781.95,65.49
2024-03-15,1058,BULL_100,BULL_100,14.41,509.79,494.99,456.51,7.08,39.36,YES,0.0,0.0,0.0,0.0,162287.69,162287.69,0.0,0.0,202890.76,-3202.45,62.29
2024-03-18,1059,BULL_100,BULL_100,14.33,512.42,495.88,456.98,6.97,40.15,YES,0.0,0.0,0.0,0.0,164916.86,164916.86,0.0,0.0,206177.73,2629.17,64.92
2024-03-19,1060,BULL_100,BULL_100,13.82,515.45,496.83,457.45,6.85,40.92,YES,0.0,0.0,0.0,0.0,167651.81,167651.81,0.0,0.0,209596.94,2734.95,67.65
2024-03-20,1061,BULL_100,BULL_100,13.04,521.87,497.78,457.92,6.48,42.08,YES,0.0,0.0,0.0,0.0,174000.65,174000.65,0.0,0.0,217534.22,6348.84,74.0
2024-03-21,1062,BULL_100,BULL_100,12.92,522.84,498.76,458.4,6.46,42.3,YES,0.0,0.0,0.0,0.0,174727.23,174727.23,0.0,0.0,218442.58,726.58,74.73
2024-03-22,1063,BULL_100,BULL_100,13.06,520.75,499.64,458.86,6.53,42.08,YES,0.0,0.0,0.0,0.0,172931.21,172931.21,0.0,0.0,216197.21,-1796.02,72.93
2024-03-25,1064,BULL_100,BULL_100,13.19,520.45,500.53,459.33,6.55,42.24,YES,0.0,0.0,0.0,0.0,172507.79,172507.79,0.0,0.0,215667.85,-423.42,72.51
2024-03-26,1065,BULL_100,BULL_100,13.24,519.7,501.41,459.78,6.59,42.5,YES,0.0,0.0,0.0,0.0,171467.18,171467.18,0.0,0.0,214366.89,-1040.61,71.47
2024-03-27,1066,BULL_100,BULL_100,12.78,522.41,502.35,460.25,6.48,43.1,YES,0.0,0.0,0.0,0.0,173253.47,173253.47,0.0,0.0,216600.1,1786.29,73.25
2024-03-28,1067,BULL_100,BULL_100,13.01,523.0,503.37,460.69,6.46,42.29,YES,0.0,0.0,0.0,0.0,173836.25,173836.25,0.0,0.0,217328.68,582.78,73.84
2024-04-01,1068,BULL_100,BULL_100,13.65,521.66,504.27,461.12,6.52,42.03,YES,0.0,0.0,0.0,0.0,172594.28,172594.28,0.0,0.0,215775.98,-1241.97,72.59
2024-04-02,1069,BULL_100,BULL_100,14.61,518.75,504.99,461.52,6.64,40.94,YES,0.0,0.0,0.0,0.0,169435.8,169435.8,0.0,0.0,211827.27,-3158.48,69.44
2024-04-03,1070,BULL_100,BULL_100,14.33,520.7,505.73,461.92,6.57,41.54,YES,0.0,0.0,0.0,0.0,171512.81,171512.81,0.0,0.0,214423.94,2077.01,71.51
2024-04-04,1071,BULL_100,BULL_100,16.35,513.38,506.28,462.29,6.85,38.88,YES,0.0,0.0,0.0,0.0,163787.75,163787.75,0.0,0.0,204766.13,-7725.06,63.79
2024-04-05,1072,BULL_100,BULL_100,16.03,518.68,506.95,462.69,6.67,38.57,YES,0.0,0.0,0.0,0.0,169126.6,169126.6,0.0,0.0,211440.72,5338.85,69.13
2024-04-08,1073,BULL_100,BULL_100,15.19,518.8,507.58,463.11,6.64,39.98,YES,0.0,0.0,0.0,0.0,168863.16,168863.16,0.0,0.0,211111.36,-263.44,68.86
2024-04-09,1074,BULL_100,BULL_100,14.98,519.54,508.24,463.53,6.62,40.4,YES,0.0,0.0,0.0,0.0,169809.96,169809.96,0.0,0.0,212295.05,946.8,69.81
2024-04-10,1075,BULL_100,BULL_100,15.8,513.15,508.68,463.93,34.34,39.45,YES,0.0,0.0,0.0,0.0,163780.03,163780.03,0.0,0.0,204756.48,-6029.93,63.78
2024-04-11,1076,BULL_100,BULL_100,14.91,518.25,509.26,464.36,33.45,40.3,YES,0.0,0.0,0.0,0.0,169390.96,169390.96,0.0,0.0,211771.22,5610.93,69.39
2024-04-12,1077,BULL_100,BULL_100,17.31,510.01,509.79,464.73,35.1,36.68,YES,0.0,0.0,0.0,0.0,161169.1,161169.1,0.0,0.0,201492.31,-8221.86,61.17
2024-04-15,1078,BULL_100,BULL_100,19.23,504.79,510.05,465.07,36.15,34.99,YES,0.0,0.0,0.0,0.0,155269.57,155269.57,0.0,0.0,194116.77,-5899.53,55.27
2024-04-16,1079,DEFENSIVE_QQQ,DEFENSIVE_QQQ,18.4,504.91,510.27,465.4,36.09,36.34,YES,0.0,0.0,0.0,0.0,155704.74,155704.74,0.0,0.0,194660.81,435.17,55.7
2024-04-17,1080,DEFENSIVE_BOTH,DEFENSIVE_BOTH,18.21,501.06,510.44,465.69,37.0,36.31,YES,0.0,0.0,0.0,0.0,153266.23,153266.23,0.0,0.0,191612.21,-2438.51,53.27
2024-04-18,1081,DEFENSIVE_BOTH,DEFENSIVE_BOTH,18.0,498.68,510.54,465.97,37.54,36.09,YES,0.0,0.0,0.0,0.0,151858.73,151858.73,0.0,0.0,189852.56,-1407.5,51.86
2024-04-19,1082,DEFENSIVE_BOTH,DEFENSIVE_BOTH,18.71,494.75,510.48,466.23,38.2,35.38,YES,0.0,0.0,0.0,0.0,149521.4,149521.4,0.0,0.0,186930.45,-2337.33,49.52
2024-04-22,1083,DEFENSIVE_BOTH,DEFENSIVE_BOTH,16.94,499.35,510.5,466.53,37.37,37.8,YES,0.0,0.0,0.0,0.0,151444.65,151444.65,0.0,0.0,189334.89,1923.25,51.44
2024-04-23,1084,DEFENSIVE_BOTH,DEFENSIVE_BOTH,15.69,506.52,510.61,466.87,35.77,39.19,YES,0.0,0.0,0.0,0.0,155010.9,155010.9,0.0,0.0,193793.38,3566.25,55.01
2024-04-24,1085,DEFENSIVE_BOTH,DEFENSIVE_BOTH,15.97,502.46,510.65,467.18,36.71,38.54,YES,0.0,0.0,0.0,0.0,152833.0,152833.0,0.0,0.0,191070.59,-2177.9,52.83
2024-04-25,1086,DEFENSIVE_BOTH,DEFENSIVE_BOTH,15.37,507.11,510.91,467.5,35.73,39.4,YES,0.0,0.0,0.0,0.0,155328.43,155328.43,0.0,0.0,194190.36,2495.43,55.33
2024-04-26,1087,DEFENSIVE_BOTH,DEFENSIVE_BOTH,15.03,508.57,511.1,467.82,35.47,39.88,YES,0.0,0.0,0.0,0.0,156004.44,156004.44,0.0,0.0,195035.5,676.01,56.0
2024-04-29,1088,DEFENSIVE_BOTH,DEFENSIVE_BOTH,14.67,509.83,511.25,468.12,35.2,40.43,YES,0.0,0.0,0.0,0.0,156714.29,156714.29,0.0,0.0,195922.94,709.85,56.71
2024-04-30,1089,DEFENSIVE_BOTH,DEFENSIVE_BOTH,15.65,501.26,511.3,468.38,37.0,39.09,YES,0.0,0.0,0.0,0.0,152330.0,152330.0,0.0,0.0,190441.74,-4384.29,52.33
2024-05-01,1090,DEFENSIVE_BOTH,DEFENSIVE_BOTH,15.39,502.29,511.42,468.64,36.79,39.5,YES,0.0,0.0,0.0,0.0,152709.39,152709.39,0.0,0.0,190916.05,379.39,52.71
2024-05-02,1091,DEFENSIVE_BOTH,DEFENSIVE_BOTH,14.68,506.48,511.56,468.9,35.7,40.7,YES,0.0,0.0,0.0,0.0,154872.34,154872.34,0.0,0.0,193620.16,2162.95,54.87
2024-05-03,1092,DEFENSIVE_BOTH,DEFENSIVE_BOTH,13.49,512.45,511.65,469.19,34.79,41.78,YES,0.0,0.0,0.0,0.0,157577.0,157577.0,0.0,0.0,197001.5,2704.66,57.58
2024-05-06,1093,DEFENSIVE_BOTH,DEFENSIVE_BOTH,13.49,516.45,511.84,469.51,33.9,42.66,YES,0.0,0.0,0.0,0.0,159684.7,159684.7,0.0,0.0,199636.53,2107.7,59.68
2024-05-07,1094,DEFENSIVE_QQQ,DEFENSIVE_QQQ,13.23,517.31,512.06,469.84,33.73,42.95,YES,0.0,0.0,0.0,0.0,160307.97,160307.97,0.0,0.0,200415.74,623.27,60.31
2024-05-08,1095,BULL_100,BULL_100,13.0,517.0,512.27,470.15,33.8,43.3,YES,0.0,0.0,0.0,0.0,159893.39,159893.39,0.0,0.0,199897.43,-414.58,59.89
2024-05-09,1096,BULL_100,BULL_100,12.69,520.56,512.58,470.48,33.15,43.38,YES,0.0,0.0,0.0,0.0,162607.51,162607.51,0.0,0.0,203290.6,2714.12,62.61
2024-05-10,1097,BULL_100,BULL_100,12.55,519.95,512.82,470.8,33.35,43.99,YES,0.0,0.0,0.0,0.0,162129.17,162129.17,0.0,0.0,202692.58,-478.34,62.13
2024-05-13,1098,BULL_100,BULL_100,13.6,520.8,512.99,471.14,33.16,43.45,YES,0.0,0.0,0.0,0.0,163030.66,163030.66,0.0,0.0,203819.62,901.49,63.03
2024-05-14,1099,BULL_100,BULL_100,13.42,523.6,513.23,471.47,32.63,44.29,YES,0.0,0.0,0.0,0.0,165830.93,165830.93,0.0,0.0,207320.5,2800.27,65.83
2024-05-15,1100,BULL_100,BULL_100,12.45,530.17,513.69,471.84,31.41,46.06,YES,0.0,0.0,0.0,0.0,172460.03,172460.03,0.0,0.0,215608.14,6629.1,72.46
2024-05-16,1101,BULL_100,BULL_100,12.42,528.72,514.07,472.21,31.75,45.86,YES,0.0,0.0,0.0,0.0,170766.11,170766.11,0.0,0.0,213490.42,-1693.92,70.77
2024-05-17,1102,BULL_100,BULL_100,11.99,529.6,514.37,472.6,31.58,46.51,YES,0.0,0.0,0.0,0.0,171099.76,171099.76,0.0,0.0,213907.55,333.65,71.1
2024-05-20,1103,BULL_100,BULL_100,12.15,529.95,514.73,473.0,31.57,46.98,YES,0.0,0.0,0.0,0.0,172245.71,172245.71,0.0,0.0,215340.2,1145.95,72.25
2024-05-21,1104,BULL_100,BULL_100,11.86,531.43,515.11,473.42,31.3,47.31,YES,0.0,0.0,0.0,0.0,173756.76,173756.76,0.0,0.0,217229.31,1511.05,73.76
2024-05-22,1105,BULL_100,BULL_100,12.29,530.96,515.39,473.82,31.4,46.55,YES,0.0,0.0,0.0,0.0,173820.89,173820.89,0.0,0.0,217309.48,64.13,73.82
2024-05-23,1106,BULL_100,BULL_100,12.77,526.1,515.58,474.21,32.35,45.74,YES,0.0,0.0,0.0,0.0,168824.56,168824.56,0.0,0.0,211063.11,-4996.33,68.82
2024-05-24,1107,BULL_100,BULL_100,11.93,529.38,515.88,474.62,31.75,47.04,YES,0.0,0.0,0.0,0.0,172492.47,172492.47,0.0,0.0,215648.7,3667.91,72.49
2024-05-28,1108,BULL_100,BULL_100,12.92,529.27,516.27,475.04,31.8,45.9,YES,0.0,0.0,0.0,0.0,172564.27,172564.27,0.0,0.0,215738.46,71.8,72.56
2024-05-29,1109,BULL_100,BULL_100,14.28,524.13,516.51,475.43,32.75,43.75,YES,0.0,0.0,0.0,0.0,167457.98,167457.98,0.0,0.0,209354.62,-5106.29,67.46
2024-05-30,1110,BULL_100,BULL_100,14.47,521.83,516.63,475.8,33.17,43.95,YES,0.0,0.0,0.0,0.0,164640.08,164640.08,0.0,0.0,205831.7,-2817.9,64.64
2024-05-31,1111,BULL_100,BULL_100,12.92,528.26,516.76,476.22,32.09,45.63,YES,0.0,0.0,0.0,0.0,168848.65,168848.65,0.0,0.0,211093.23,4208.57,68.85
2024-06-03,1112,BULL_100,BULL_100,13.11,527.53,516.85,476.66,32.17,45.685,YES,0.0,0.0,0.0,0.0,169157.46,169157.46,0.0,0.0,211479.3,308.81,69.16
2024-06-04,1113,BULL_100,BULL_100,13.16,529.04,517.02,477.13,31.92,45.6,YES,0.0,0.0,0.0,0.0,170766.64,170766.64,0.0,0.0,213491.08,1609.18,70.77
2024-06-05,1114,BULL_100,BULL_100,12.63,534.99,517.31,477.62,30.87,46.34,YES,0.0,0.0,0.0,0.0,177431.08,177431.08,0.0,0.0,221822.91,6664.44,77.43
2024-06-06,1115,BULL_100,BULL_100,12.58,534.5,517.61,478.1,30.96,46.4,YES,0.0,0.0,0.0,0.0,176969.7,176969.7,0.0,0.0,221246.1,-461.38,76.97
2024-06-07,1116,BULL_100,BULL_100,12.22,533.31,517.83,478.57,31.19,47.09,YES,0.0,0.0,0.0,0.0,175632.2,175632.2,0.0,0.0,219573.97,-1337.5,75.63
2024-06-10,1117,BULL_100,BULL_100,12.74,535.15,518.07,479.03,30.95,47.17,YES,0.0,0.0,0.0,0.0,177317.63,177317.63,0.0,0.0,221681.08,1685.43,77.32
2024-06-11,1118,BULL_100,BULL_100,12.85,537.07,518.38,479.52,30.6,47.2,YES,0.0,0.0,0.0,0.0,179887.45,179887.45,0.0,0.0,224893.84,2569.82,79.89
2024-06-12,1119,BULL_100,BULL_100,12.04,542.22,518.85,480.04,29.75,48.0,YES,0.0,0.0,0.0,0.0,186206.4,186206.4,0.0,0.0,232793.75,6318.95,86.21
2024-06-13,1120,BULL_100,BULL_100,11.94,542.49,519.28,480.54,29.71,48.1,YES,0.0,0.0,0.0,0.0,186504.34,186504.34,0.0,0.0,233166.23,297.94,86.5
2024-06-14,1121,BULL_100,BULL_100,12.66,542.78,519.87,481.0,29.71,46.64,YES,0.0,0.0,0.0,0.0,186757.21,186757.21,0.0,0.0,233482.36,252.87,86.76
2024-06-17,1122,BULL_100,BULL_100,12.75,547.51,520.45,481.48,28.95,46.8,YES,0.0,0.0,0.0,0.0,192588.82,192588.82,0.0,0.0,240773.0,5831.61,92.59
2024-06-18,1123,BULL_100,BULL_100,12.3,548.8,521.05,481.98,28.78,46.8,YES,0.0,0.0,0.0,0.0,193519.24,193519.24,0.0,0.0,241936.2,930.42,93.52
2024-06-20,1124,BULL_TRIMMED,BULL_TRIMMED,13.28,547.17,521.6,482.46,29.06,45.5,YES,0.0,0.0,0.0,0.0,192147.76,192147.76,0.0,0.0,240221.59,-1371.48,92.15
2024-06-21,1125,BULL_TRIMMED,BULL_TRIMMED,13.2,544.38,522.22,482.93,29.21,46.35,YES,0.0,0.0,0.0,0.0,191130.4,191130.4,0.0,0.0,238949.69,-1017.36,91.13
2024-06-24,1126,BULL_TRIMMED,BULL_TRIMMED,13.33,543.05,522.72,483.42,29.6,46.51,YES,0.0,0.0,0.0,0.0,189129.31,189129.31,0.0,0.0,236447.94,-2001.09,89.13
2024-06-25,1127,BULL_TRIMMED,BULL_TRIMMED,12.84,544.69,523.41,483.92,29.25,47.09,YES,0.0,0.0,0.0,0.0,191110.55,191110.55,0.0,0.0,238924.87,1981.24,91.11
2024-06-26,1128,BULL_TRIMMED,BULL_TRIMMED,12.55,543.99,524.2,484.41,28.81,47.81,YES,0.0,0.0,0.0,0.0,189903.57,189903.57,0.0,0.0,237415.92,-1206.98,89.9
2024-06-27,1129,BULL_TRIMMED,BULL_TRIMMED,12.24,547.08,525.04,484.91,28.34,48.22,YES,0.0,0.0,0.0,0.0,192610.96,192610.96,0.0,0.0,240800.68,2707.39,92.61
2024-06-28,1130,BULL_TRIMMED,BULL_TRIMMED,12.44,545.07,525.92,485.4,28.67,47.62,YES,0.0,0.0,0.0,0.0,190683.31,190683.31,0.0,0.0,238390.74,-1927.65,90.68
2024-07-01,1131,BULL_TRIMMED,BULL_TRIMMED,12.22,544.84,526.84,485.89,28.75,49.41,YES,0.0,0.0,0.0,0.0,190820.73,190820.73,0.0,0.0,238562.54,137.42,90.82
2024-07-02,1132,BULL_TRIMMED,BULL_TRIMMED,12.03,548.23,527.91,486.38,28.2,49.91,YES,0.0,0.0,0.0,0.0,193909.42,193909.42,0.0,0.0,242424.0,3088.69,93.91
2024-07-03,1133,BULL_TRIMMED,BULL_TRIMMED,12.09,551.14,528.95,486.92,27.79,49.49,YES,0.0,0.0,0.0,0.0,196472.89,196472.89,0.0,0.0,245628.83,2563.47,96.47
2024-07-05,1134,BULL_TRIMMED,BULL_TRIMMED,12.48,554.11,529.9,487.47,27.36,49.4,YES,0.0,0.0,0.0,0.0,199237.12,199237.12,0.0,0.0,249084.65,2764.23,99.24
2024-07-08,1135,BULL_TRIMMED,BULL_TRIMMED,12.37,556.4,530.98,488.04,27.07,50.21,YES,0.0,0.0,0.0,0.0,201359.84,201359.84,0.0,0.0,251738.46,2122.72,101.36
2024-07-09,1136,BULL_TRIMMED,BULL_TRIMMED,12.51,556.03,531.96,488.63,27.15,50.18,YES,0.0,0.0,0.0,0.0,200857.84,200857.84,0.0,0.0,251110.86,-502.0,100.86
2024-07-10,1137,BULL_TRIMMED,BULL_TRIMMED,12.85,561.06,533.01,489.28,26.43,50.35,YES,0.0,0.0,0.0,0.0,204931.48,204931.48,0.0,0.0,256203.69,4073.64,104.93
2024-07-11,1138,BULL_TRIMMED,BULL_TRIMMED,12.92,556.52,533.94,489.91,27.04,50.13,YES,0.0,0.0,0.0,0.0,199417.05,199417.05,0.0,0.0,249309.59,-5514.43,99.42
2024-07-12,1139,BULL_TRIMMED,BULL_TRIMMED,12.46,559.77,535.11,490.54,26.6,50.8,YES,0.0,0.0,0.0,0.0,202049.31,202049.31,0.0,0.0,252600.42,2632.26,102.05
2024-07-15,1140,BULL_TRIMMED,BULL_TRIMMED,13.12,562.22,536.31,491.22,26.31,50.01,YES,0.0,0.0,0.0,0.0,204025.0,204025.0,0.0,0.0,255070.41,1975.69,104.02
2024-07-16,1141,BULL_TRIMMED,BULL_TRIMMED,13.19,564.4,537.47,491.91,26.02,49.65,YES,0.0,0.0,0.0,0.0,204905.73,204905.73,0.0,0.0,256171.5,880.73,104.91
2024-07-17,1142,BULL_TRIMMED,BULL_TRIMMED,14.48,558.08,538.38,492.56,26.88,48.02,YES,0.0,0.0,0.0,0.0,198038.05,198038.05,0.0,0.0,247585.58,-6867.68,98.04
2024-07-18,1143,BULL_TRIMMED,BULL_TRIMMED,15.93,553.6,539.12,493.19,27.55,47.04,YES,0.0,0.0,0.0,0.0,194690.67,194690.67,0.0,0.0,243400.71,-3347.38,94.69
2024-07-19,1144,BULL_100,BULL_100,16.52,548.94,539.76,493.8,28.34,45.02,YES,0.0,0.0,0.0,0.0,189634.26,189634.26,0.0,0.0,237079.23,-5056.41,89.63
2024-07-22,1145,BULL_100,BULL_100,14.91,554.28,540.5,494.46,27.46,46.93,YES,0.0,0.0,0.0,0.0,195682.56,195682.56,0.0,0.0,244640.77,6048.3,95.68
2024-07-23,1146,BULL_100,BULL_100,14.72,551.33,541.12,495.1,27.94,47.5,YES,0.0,0.0,0.0,0.0,192221.42,192221.42,0.0,0.0,240313.68,-3461.14,92.22
2024-07-24,1147,BULL_100,BULL_100,18.04,542.5,541.57,495.69,29.25,41.99,YES,0.0,0.0,0.0,0.0,181338.16,181338.16,0.0,0.0,226707.51,-10883.26,81.34
2024-07-25,1148,BULL_100,BULL_100,18.46,539.29,541.94,496.23,29.81,41.1,YES,0.0,0.0,0.0,0.0,177129.09,177129.09,0.0,0.0,221445.37,-4209.07,77.13
2024-07-26,1149,DEFENSIVE_QQQ,DEFENSIVE_QQQ,16.39,544.27,542.35,496.79,29.03,43.01,YES,0.0,0.0,0.0,0.0,181741.55,181741.55,0.0,0.0,227211.82,4612.46,81.74
2024-07-29,1150,DEFENSIVE_QQQ,DEFENSIVE_QQQ,16.6,543.41,542.62,497.34,29.19,43.6,YES,0.0,0.0,0.0,0.0,180799.27,180799.27,0.0,0.0,226033.8,-942.28,80.8
2024-07-30,1151,DEFENSIVE_QQQ,DEFENSIVE_QQQ,17.69,542.73,542.9,497.86,29.3,42.9,YES,0.0,0.0,0.0,0.0,179670.59,179670.59,0.0,0.0,224622.73,-1128.68,79.67
2024-07-31,1152,DEFENSIVE_QQQ,DEFENSIVE_QQQ,16.36,553.46,543.37,498.46,27.59,44.21,YES,0.0,0.0,0.0,0.0,190061.3,190061.3,0.0,0.0,237613.11,10390.71,90.06
2024-08-01,1153,DEFENSIVE_QQQ,DEFENSIVE_QQQ,18.59,541.12,543.6,499.02,29.48,39.04,YES,0.0,0.0,0.0,0.0,177989.58,177989.58,0.0,0.0,222521.14,-12071.72,77.99
2024-08-02,1154,DEFENSIVE_QQQ,DEFENSIVE_QQQ,23.39,531.21,543.59,499.49,31.13,31.1,YES,0.0,0.0,0.0,0.0,169048.05,169048.05,0.0,0.0,211342.51,-8941.53,69.05
2024-08-05,1155,DEFENSIVE_BOTH,DEFENSIVE_BOTH,38.57,522.88,543.43,499.93,32.62,22.7,YES,0.0,0.0,0.0,0.0,161210.14,161210.14,0.0,0.0,201543.62,-7837.91,61.21
2024-08-06,1156,CASH,CASH_IDLE,27.71,519.95,543.31,500.38,33.11,21.91,YES,0.0,0.0,0.0,0.0,161210.14,161210.14,0.0,0.0,201084.49,-0.0,61.21
2024-08-07,1157,SMA_RECOVERY,SMA_RECOVERY,27.85,516.0,543.04,500.83,34.03,21.25,YES,0.0,0.0,0.0,0.0,154113.43,154113.43,0.0,0.0,192232.45,-7096.71,54.11
2024-08-08,1158,SMA_RECOVERY,SMA_RECOVERY,23.79,531.58,543.09,501.38,30.88,23.92,YES,0.0,0.0,0.0,0.0,166025.28,166025.28,0.0,0.0,207090.63,11911.85,66.03
2024-08-09,1159,SMA_RECOVERY,SMA_RECOVERY,20.37,532.95,543.26,501.94,30.73,26.26,YES,0.0,0.0,0.0,0.0,166747.94,166747.94,0.0,0.0,207992.03,722.66,66.75
2024-08-12,1160,SMA_RECOVERY,SMA_RECOVERY,20.71,533.19,543.49,502.49,30.67,26.58,YES,0.0,0.0,0.0,0.0,167091.65,167091.65,0.0,0.0,208420.76,343.71,67.09
2024-08-13,1161,SMA_RECOVERY,SMA_RECOVERY,18.12,541.97,543.77,503.12,29.18,28.82,YES,0.0,0.0,0.0,0.0,174011.59,174011.59,0.0,0.0,217052.3,6919.94,74.01
2024-08-14,1162,SMA_RECOVERY,SMA_RECOVERY,16.19,543.72,544.09,503.76,28.93,30.5,YES,0.0,0.0,0.0,0.0,174833.58,174833.58,0.0,0.0,218077.61,821.99,74.83
2024-08-15,1163,SMA_RECOVERY,SMA_RECOVERY,15.23,553.52,544.58,504.48,27.37,31.82,YES,0.0,0.0,0.0,0.0,183116.88,183116.88,0.0,0.0,228409.73,8283.3,83.12
2024-08-16,1164,BULL_100,BULL_100,14.8,553.9,544.96,505.17,27.27,31.55,YES,0.0,0.0,0.0,0.0,183157.88,183157.88,0.0,0.0,228460.87,41.0,83.16
2024-08-19,1165,BULL_100,BULL_100,14.65,559.28,545.45,505.88,26.55,32.5,YES,0.0,0.0,0.0,0.0,188785.77,188785.77,0.0,0.0,235480.79,5627.89,88.79
2024-08-20,1166,BULL_100,BULL_100,15.88,558.55,545.96,506.56,26.69,31.24,YES,0.0,0.0,0.0,0.0,187731.28,187731.28,0.0,0.0,234165.48,-1054.49,87.73
2024-08-21,1167,BULL_100,BULL_100,16.27,561.08,546.48,507.21,26.35,30.81,YES,0.0,0.0,0.0,0.0,190620.86,190620.86,0.0,0.0,237769.77,2889.58,90.62
2024-08-22,1168,BULL_100,BULL_100,17.55,557.07,546.88,507.82,26.94,29.78,YES,0.0,0.0,0.0,0.0,185387.38,185387.38,0.0,0.0,231241.83,-5233.48,85.39
2024-08-23,1169,BULL_100,BULL_100,15.86,562.27,547.28,508.46,26.23,30.84,YES,0.0,0.0,0.0,0.0,190321.09,190321.09,0.0,0.0,237395.86,4933.71,90.32
2024-08-26,1170,BULL_100,BULL_100,16.15,560.23,547.63,509.08,26.51,31.18,YES,0.0,0.0,0.0,0.0,187028.49,187028.49,0.0,0.0,233288.85,-3292.6,87.03
2024-08-27,1171,BULL_100,BULL_100,15.43,560.76,547.99,509.7,26.45,31.72,YES,0.0,0.0,0.0,0.0,187428.38,187428.38,0.0,0.0,233787.65,399.89,87.43
2024-08-28,1172,BULL_100,BULL_100,17.11,554.4,548.13,510.3,27.35,29.65,YES,0.0,0.0,0.0,0.0,179991.64,179991.64,0.0,0.0,224511.48,-7436.74,79.99
2024-08-29,1173,BULL_100,BULL_100,15.65,558.86,548.33,510.9,26.75,31.36,YES,0.0,0.0,0.0,0.0,184802.97,184802.97,0.0,0.0,230512.87,4811.33,84.8
2024-08-30,1174,DEFENSIVE_QQQ,DEFENSIVE_QQQ,15.0,563.46,548.66,511.51,26.13,31.99,YES,0.0,0.0,0.0,0.0,189122.66,189122.66,0.0,0.0,235901.0,4319.69,89.12
2024-09-03,1175,DEFENSIVE_QQQ,DEFENSIVE_QQQ,20.72,551.28,548.79,512.02,27.86,26.0,YES,0.0,0.0,0.0,0.0,177309.77,177309.77,0.0,0.0,221166.27,-11812.89,77.31
2024-09-04,1176,DEFENSIVE_QQQ,DEFENSIVE_QQQ,21.32,550.05,548.93,512.52,28.01,25.25,YES,0.0,0.0,0.0,0.0,176251.72,176251.72,0.0,0.0,219846.51,-1058.05,76.25
2024-09-05,1177,DEFENSIVE_QQQ,DEFENSIVE_QQQ,19.9,549.05,549.02,513.02,28.28,26.0,YES,0.0,0.0,0.0,0.0,175574.04,175574.04,0.0,0.0,219001.21,-677.68,75.57
2024-09-06,1178,DEFENSIVE_QQQ,DEFENSIVE_QQQ,22.38,538.75,548.92,513.46,29.84,24.1,YES,0.0,0.0,0.0,0.0,166238.87,166238.87,0.0,0.0,207357.05,-9335.17,66.24
2024-09-09,1179,DEFENSIVE_QQQ,DEFENSIVE_QQQ,19.45,547.2,548.92,513.92,28.53,25.87,YES,0.0,0.0,0.0,0.0,173145.19,173145.19,0.0,0.0,215971.6,6906.32,73.15
2024-09-10,1180,DEFENSIVE_BOTH,DEFENSIVE_BOTH,19.08,548.31,548.98,514.4,28.37,26.22,YES,0.0,0.0,0.0,0.0,173864.27,173864.27,0.0,0.0,216868.55,719.08,73.86
2024-09-11,1181,DEFENSIVE_BOTH,DEFENSIVE_BOTH,17.69,554.34,549.17,514.9,27.43,27.16,YES,0.0,0.0,0.0,0.0,177385.28,177385.28,0.0,0.0,221260.46,3521.01,77.39
2024-09-12,1182,DEFENSIVE_BOTH,DEFENSIVE_BOTH,17.07,559.26,549.39,515.42,26.69,27.53,YES,0.0,0.0,0.0,0.0,179953.23,179953.23,0.0,0.0,224463.57,2567.95,79.95
2024-09-13,1183,DEFENSIVE_QQQ,DEFENSIVE_QQQ,16.56,561.65,549.6,515.95,26.41,27.55,YES,0.0,0.0,0.0,0.0,181396.42,181396.42,0.0,0.0,226263.73,1443.19,81.4
2024-09-16,1184,BULL_100,BULL_100,17.14,562.5,549.77,516.49,26.3,27.2,YES,0.0,0.0,0.0,0.0,181776.65,181776.65,0.0,0.0,226738.0,380.23,81.78
2024-09-17,1185,BULL_100,BULL_100,17.61,563.49,549.91,517.03,26.18,26.79,YES,0.0,0.0,0.0,0.0,182552.26,182552.26,0.0,0.0,227705.45,775.61,82.55
2024-09-18,1186,BULL_100,BULL_100,18.23,565.11,550.1,517.58,26.0,27.12,YES,0.0,0.0,0.0,0.0,183896.3,183896.3,0.0,0.0,229381.93,1344.04,83.9
2024-09-19,1187,BULL_100,BULL_100,16.33,570.24,550.28,518.13,25.25,28.13,YES,0.0,0.0,0.0,0.0,189630.61,189630.61,0.0,0.0,236534.59,5734.31,89.63
2024-09-20,1188,BULL_100,BULL_100,16.15,568.15,550.51,518.69,25.34,28.27,YES,0.0,0.0,0.0,0.0,188514.38,188514.38,0.0,0.0,235142.27,-1116.23,88.51
2024-09-23,1189,BULL_100,BULL_100,15.89,569.34,550.7,519.26,25.2,28.09,YES,0.0,0.0,0.0,0.0,190062.08,190062.08,0.0,0.0,237072.78,1547.7,90.06
2024-09-24,1190,BULL_100,BULL_100,15.39,571.21,550.88,519.84,24.95,28.2,YES,0.0,0.0,0.0,0.0,192482.79,192482.79,0.0,0.0,240092.24,2420.71,92.48
2024-09-25,1191,BULL_100,BULL_100,15.41,570.97,551.01,520.41,24.55,27.86,YES,0.0,0.0,0.0,0.0,192320.14,192320.14,0.0,0.0,239889.36,-162.65,92.32
2024-09-26,1192,BULL_100,BULL_100,15.37,572.45,551.3,520.97,24.37,27.8,YES,0.0,0.0,0.0,0.0,193868.04,193868.04,0.0,0.0,241820.12,1547.9,93.87
2024-09-27,1193,BULL_100,BULL_100,16.96,570.71,551.64,521.51,24.6,26.4,YES,0.0,0.0,0.0,0.0,191363.11,191363.11,0.0,0.0,238695.61,-2504.93,91.36
2024-09-30,1194,BULL_100,BULL_100,16.73,573.23,552.13,522.05,24.3,26.92,YES,0.0,0.0,0.0,0.0,193382.24,193382.24,0.0,0.0,241214.17,2019.13,93.38
2024-10-01,1195,BULL_100,BULL_100,19.26,567.76,552.4,522.53,25.07,25.05,YES,0.0,0.0,0.0,0.0,187055.89,187055.89,0.0,0.0,233323.03,-6326.35,87.06
2024-10-02,1196,BULL_100,BULL_100,18.9,569.71,552.77,523.02,24.79,25.44,YES,0.0,0.0,0.0,0.0,189246.22,189246.22,0.0,0.0,236055.13,2190.33,89.25
2024-10-03,1197,BULL_100,BULL_100,20.49,567.8,553.27,523.51,25.05,24.48,YES,0.0,0.0,0.0,0.0,187571.3,187571.3,0.0,0.0,233965.92,-1674.92,87.57
2024-10-04,1198,BULL_100,BULL_100,19.21,572.3,553.93,524.02,24.44,25.0,YES,0.0,0.0,0.0,0.0,192419.28,192419.28,0.0,0.0,240013.02,4847.98,92.42
2024-10-07,1199,BULL_100,BULL_100,22.64,567.71,554.4,524.48,25.05,23.14,YES,0.0,0.0,0.0,0.0,187163.57,187163.57,0.0,0.0,233457.35,-5255.71,87.16
2024-10-08,1200,BULL_100,BULL_100,21.42,572.7,554.99,525.0,24.4,23.81,YES,0.0,0.0,0.0,0.0,192837.89,192837.89,0.0,0.0,240535.18,5674.32,92.84
2024-10-09,1201,BULL_100,BULL_100,20.86,577.0,555.67,525.52,23.9,24.3,YES,0.0,0.0,0.0,0.0,197093.9,197093.9,0.0,0.0,245843.88,4256.01,97.09
2024-10-10,1202,BULL_100,BULL_100,20.93,576.77,556.14,526.04,23.93,24.12,YES,0.0,0.0,0.0,0.0,197057.24,197057.24,0.0,0.0,245798.16,-36.66,97.06
2024-10-11,1203,BULL_100,BULL_100,20.46,578.54,556.89,526.55,23.75,24.41,YES,0.0,0.0,0.0,0.0,198166.02,198166.02,0.0,0.0,247181.18,1108.78,98.17
2024-10-14,1204,BULL_100,BULL_100,19.7,584.71,557.96,527.1,22.99,25.44,YES,0.0,0.0,0.0,0.0,204243.71,204243.71,0.0,0.0,254762.16,6077.69,104.24
2024-10-15,1205,BULL_100,BULL_100,20.64,579.81,559.1,527.61,23.59,24.3,YES,0.0,0.0,0.0,0.0,198332.05,198332.05,0.0,0.0,247388.28,-5911.66,98.33
2024-10-16,1206,BULL_100,BULL_100,19.58,581.55,560.33,528.14,23.38,24.73,YES,0.0,0.0,0.0,0.0,199300.48,199300.48,0.0,0.0,248596.25,968.43,99.3
2024-10-17,1207,BULL_100,BULL_100,19.11,582.9,561.67,528.69,23.25,25.0,YES,0.0,0.0,0.0,0.0,200908.99,200908.99,0.0,0.0,250602.61,1608.51,100.91
2024-10-18,1208,BULL_100,BULL_100,18.03,584.65,562.73,529.27,23.08,25.68,YES,0.0,0.0,0.0,0.0,202864.82,202864.82,0.0,0.0,253042.2,1955.83,102.86
2024-10-21,1209,BULL_100,BULL_100,18.37,583.6,563.74,529.85,23.19,25.64,YES,0.0,0.0,0.0,0.0,202287.34,202287.34,0.0,0.0,252321.89,-577.48,102.29
2024-10-22,1210,BULL_100,BULL_100,18.2,583.07,564.74,530.42,23.27,25.68,YES,0.0,0.0,0.0,0.0,201772.96,201772.96,0.0,0.0,251680.28,-514.38,101.77
2024-10-23,1211,BULL_100,BULL_100,19.24,578.58,565.47,530.94,23.82,24.53,YES,0.0,0.0,0.0,0.0,196476.74,196476.74,0.0,0.0,245074.07,-5296.22,96.48
2024-10-24,1212,BULL_100,BULL_100,19.08,579.25,566.18,531.47,23.73,24.62,YES,0.0,0.0,0.0,0.0,197527.17,197527.17,0.0,0.0,246384.32,1050.43,97.53
2024-10-25,1213,BULL_100,BULL_100,20.33,577.9,566.67,531.98,23.96,23.61,YES,0.0,0.0,0.0,0.0,196923.52,196923.52,0.0,0.0,245631.36,-603.65,96.92
2024-10-28,1214,BULL_100,BULL_100,19.8,580.73,567.21,532.5,23.64,24.77,YES,0.0,0.0,0.0,0.0,199383.52,199383.52,0.0,0.0,248699.82,2460.0,99.38
2024-10-29,1215,BULL_100,BULL_100,19.34,583.07,567.68,533.04,23.35,24.87,YES,0.0,0.0,0.0,0.0,202945.64,202945.64,0.0,0.0,253143.02,3562.12,102.95
2024-10-30,1216,BULL_100,BULL_100,20.35,577.87,568.07,533.55,23.98,24.22,YES,0.0,0.0,0.0,0.0,196555.5,196555.5,0.0,0.0,245172.31,-6390.14,96.56
2024-10-31,1217,BULL_100,BULL_100,23.16,569.34,568.23,534.04,25.01,22.69,YES,0.0,0.0,0.0,0.0,187405.05,187405.05,0.0,0.0,233758.56,-9150.45,87.41
2024-11-01,1218,BULL_100,BULL_100,21.88,570.76,568.51,534.51,24.83,22.84,YES,0.0,0.0,0.0,0.0,189438.13,189438.13,0.0,0.0,236294.51,2033.08,89.44
2024-11-04,1219,BULL_100,BULL_100,21.98,569.76,568.66,534.94,25.04,23.85,YES,0.0,0.0,0.0,0.0,187632.53,187632.53,0.0,0.0,234042.3,-1805.6,87.63
2024-11-05,1220,BULL_100,BULL_100,20.49,576.98,568.99,535.41,24.05,25.11,YES,0.0,0.0,0.0,0.0,194900.18,194900.18,0.0,0.0,243107.56,7267.65,94.9
2024-11-06,1221,BULL_100,BULL_100,16.27,590.87,569.59,535.93,22.36,27.47,YES,0.0,0.0,0.0,0.0,208908.27,208908.27,0.0,0.0,260580.46,14008.09,108.91
2024-11-07,1222,BULL_100,BULL_100,15.2,596.02,570.43,536.49,21.8,28.35,YES,0.0,0.0,0.0,0.0,215495.85,215495.85,0.0,0.0,268797.44,6587.58,115.5
2024-11-08,1223,BULL_100,BULL_100,14.94,598.0,571.21,537.04,21.61,28.36,YES,0.0,0.0,0.0,0.0,216959.39,216959.39,0.0,0.0,270622.98,1463.54,116.96
2024-11-11,1224,BULL_100,BULL_100,14.97,598.25,571.9,537.6,21.58,28.45,YES,0.0,0.0,0.0,0.0,217089.59,217089.59,0.0,0.0,270785.39,130.2,117.09
2024-11-12,1225,BULL_100,BULL_100,14.71,596.39,572.81,538.13,21.82,28.41,YES,0.0,0.0,0.0,0.0,214809.85,214809.85,0.0,0.0,267941.76,-2279.74,114.81
2024-11-13,1226,BULL_100,BULL_100,14.02,597.65,573.76,538.67,21.67,29.22,YES,0.0,0.0,0.0,0.0,215892.46,215892.46,0.0,0.0,269292.15,1082.61,115.89
2024-11-14,1227,BULL_100,BULL_100,14.31,592.44,574.63,539.21,22.25,29.14,YES,0.0,0.0,0.0,0.0,210218.83,210218.83,0.0,0.0,262215.18,-5673.63,110.22
2024-11-15,1228,BULL_100,BULL_100,16.14,585.98,575.57,539.68,23.02,27.31,YES,0.0,0.0,0.0,0.0,201601.55,201601.55,0.0,0.0,251466.47,-8617.28,101.6
2024-11-18,1229,BULL_100,BULL_100,15.58,587.85,576.38,540.15,22.81,28.05,YES,0.0,0.0,0.0,0.0,203811.84,203811.84,0.0,0.0,254223.46,2210.29,103.81
2024-11-19,1230,BULL_100,BULL_100,16.35,590.87,577.24,540.65,22.47,27.39,YES,0.0,0.0,0.0,0.0,207245.77,207245.77,0.0,0.0,258506.76,3433.93,107.25
2024-11-20,1231,BULL_100,BULL_100,17.16,590.61,577.96,541.13,22.61,26.44,YES,0.0,0.0,0.0,0.0,206814.37,206814.37,0.0,0.0,257968.65,-431.4,106.81
2024-11-21,1232,BULL_100,BULL_100,16.87,593.04,578.64,541.61,22.23,26.37,YES,0.0,0.0,0.0,0.0,208622.39,208622.39,0.0,0.0,260223.88,1808.02,108.62
2024-11-22,1233,BULL_100,BULL_100,15.24,596.4,579.33,542.1,21.88,27.53,YES,0.0,0.0,0.0,0.0,211945.05,211945.05,0.0,0.0,264368.38,3322.66,111.95
2024-11-25,1234,BULL_100,BULL_100,14.6,596.29,580.01,542.57,21.97,28.56,YES,0.0,0.0,0.0,0.0,211620.45,211620.45,0.0,0.0,263963.49,-324.6,111.62
2024-11-26,1235,BULL_100,BULL_100,14.1,601.08,580.76,543.08,21.4,28.73,YES,0.0,0.0,0.0,0.0,216527.8,216527.8,0.0,0.0,270084.64,4907.35,116.53
2024-11-27,1236,BULL_100,BULL_100,14.1,599.19,581.44,543.6,21.68,28.91,YES,0.0,0.0,0.0,0.0,213745.35,213745.35,0.0,0.0,266613.97,-2782.45,113.75
2024-11-29,1237,BULL_100,BULL_100,13.51,603.14,582.1,544.12,21.29,29.3,YES,0.0,0.0,0.0,0.0,217817.72,217817.72,0.0,0.0,271693.61,4072.37,117.82
2024-12-02,1238,BULL_100,BULL_100,13.34,603.86,582.81,544.63,21.16,29.65,YES,0.0,0.0,0.0,0.0,220307.18,220307.18,0.0,0.0,274798.83,2489.46,120.31
2024-12-03,1239,BULL_100,BULL_100,13.3,604.48,583.52,545.16,21.12,29.87,YES,0.0,0.0,0.0,0.0,221585.43,221585.43,0.0,0.0,276393.24,1278.25,121.59
2024-12-04,1240,BULL_100,BULL_100,13.45,607.25,584.24,545.71,20.83,29.6,YES,0.0,0.0,0.0,0.0,225200.23,225200.23,0.0,0.0,280902.14,3614.8,125.2
2024-12-05,1241,BULL_100,BULL_100,13.54,606.21,584.94,546.25,20.96,29.44,YES,0.0,0.0,0.0,0.0,223648.94,223648.94,0.0,0.0,278967.15,-1551.29,123.65
2024-12-06,1242,BULL_100,BULL_100,12.77,607.25,585.64,546.74,20.81,29.96,YES,0.0,0.0,0.0,0.0,226054.25,226054.25,0.0,0.0,281967.4,2405.31,126.05
2024-12-09,1243,BULL_100,BULL_100,14.19,604.3,586.31,547.23,21.17,29.57,YES,0.0,0.0,0.0,0.0,222232.48,222232.48,0.0,0.0,277200.34,-3821.77,122.23
2024-12-10,1244,BULL_100,BULL_100,14.18,603.24,586.91,547.72,21.3,29.43,YES,0.0,0.0,0.0,0.0,220972.11,220972.11,0.0,0.0,275628.22,-1260.37,120.97
2024-12-11,1245,BULL_100,BULL_100,13.58,606.91,587.69,548.22,20.92,29.67,YES,0.0,0.0,0.0,0.0,226457.27,226457.27,0.0,0.0,282470.1,5485.16,126.46
2024-12-12,1246,BULL_100,BULL_100,13.92,604.98,588.4,548.72,21.12,29.4,YES,0.0,0.0,0.0,0.0,224699.56,224699.56,0.0,0.0,280277.64,-1757.71,124.7
2024-12-13,1247,BULL_100,BULL_100,13.81,604.07,589.12,549.2,21.27,29.51,YES,0.0,0.0,0.0,0.0,223941.42,223941.42,0.0,0.0,279331.97,-758.14,123.94
2024-12-16,1248,BULL_100,BULL_100,14.69,606.18,589.8,549.67,21.06,28.84,YES,0.0,0.0,0.0,0.0,228247.39,228247.39,0.0,0.0,284703.0,4305.97,128.25
2024-12-17,1249,BULL_100,BULL_100,15.87,603.9,590.52,550.13,21.3,28.25,YES,0.0,0.0,0.0,0.0,225481.92,225481.92,0.0,0.0,281253.51,-2765.47,125.48
2024-12-18,1250,BULL_100,BULL_100,27.62,586.77,590.81,550.53,23.1,24.64,YES,0.0,0.0,0.0,0.0,205123.54,205123.54,0.0,0.0,255859.6,-20358.38,105.12
2024-12-19,1251,BULL_100,BULL_100,24.09,586.15,590.99,550.91,23.18,22.28,YES,0.0,0.0,0.0,0.0,203785.5,203785.5,0.0,0.0,254190.61,-1338.04,103.79
2024-12-20,1252,DEFENSIVE_SPY,DEFENSIVE_SPY,18.36,592.17,591.3,551.3,22.5,24.74,YES,0.0,0.0,0.0,0.0,207435.5,207435.5,0.0,0.0,258743.42,3650.0,107.44
2024-12-23,1253,DEFENSIVE_SPY,DEFENSIVE_SPY,16.78,594.65,591.62,551.71,21.48,26.05,YES,0.0,0.0,0.0,0.0,208977.16,208977.16,0.0,0.0,260666.4,1541.66,108.98
2024-12-24,1254,BULL_100,BULL_100,14.27,601.2,591.95,552.15,20.86,27.25,YES,0.0,0.0,0.0,0.0,215967.0,215967.0,0.0,0.0,269385.13,6989.84,115.97
2024-12-26,1255,BULL_100,BULL_100,14.73,601.16,592.38,552.57,20.86,27.4,YES,0.0,0.0,0.0,0.0,215887.94,215887.94,0.0,0.0,269286.51,-79.06,115.89
2024-12-27,1256,BULL_100,BULL_100,15.95,594.94,592.64,552.97,21.54,26.05,YES,0.0,0.0,0.0,0.0,208624.71,208624.71,0.0,0.0,260226.77,-7263.23,108.62
2024-12-30,1257,BULL_100,BULL_100,17.4,587.76,592.74,553.33,22.32,25.41,YES,0.0,0.0,0.0,0.0,200743.49,200743.49,0.0,0.0,250396.18,-7881.22,100.74
2024-12-31,1258,BULL_100,BULL_100,17.35,586.49,592.78,553.72,22.51,25.23,YES,0.0,0.0,0.0,0.0,198423.86,198423.86,0.0,0.0,247502.8,-2319.63,98.42
2025-01-02,1259,DEFENSIVE_SPY,DEFENSIVE_SPY,17.93,584.23,592.79,554.08,22.78,24.78,YES,0.0,0.0,0.0,0.0,198067.06,198067.06,0.0,0.0,247057.75,-356.8,98.07
2025-01-03,1260,DEFENSIVE_SPY,DEFENSIVE_SPY,16.13,591.82,592.97,554.46,21.95,26.05,YES,0.0,0.0,0.0,0.0,203414.58,203414.58,0.0,0.0,253727.94,5347.52,103.41
2025-01-06,1261,DEFENSIVE_SPY,DEFENSIVE_SPY,16.04,595.74,593.31,554.83,21.47,26.33,YES,0.0,0.0,0.0,0.0,206667.04,206667.04,0.0,0.0,257784.88,3252.46,106.67
2025-01-07,1262,DEFENSIVE_SPY,DEFENSIVE_SPY,17.82,589.15,593.51,555.16,22.26,24.9,YES,0.0,0.0,0.0,0.0,201227.97,201227.97,0.0,0.0,251000.49,-5439.07,101.23
2025-01-08,1263,DEFENSIVE_SPY,DEFENSIVE_SPY,17.7,588.51,593.72,555.5,22.23,24.75,YES,0.0,0.0,0.0,0.0,200409.54,200409.54,0.0,0.0,249979.62,-818.43,100.41
2025-01-10,1264,DEFENSIVE_SPY,DEFENSIVE_SPY,19.54,579.94,593.7,555.79,23.32,23.26,YES,0.0,0.0,0.0,0.0,194845.88,194845.88,0.0,0.0,243039.83,-5563.66,94.85
2025-01-13,1265,DEFENSIVE_SPY,DEFENSIVE_SPY,19.19,583.46,593.71,556.11,22.9,23.79,YES,0.0,0.0,0.0,0.0,196405.99,196405.99,0.0,0.0,244985.82,1560.11,96.41
2025-01-14,1266,DEFENSIVE_BOTH,DEFENSIVE_BOTH,18.71,582.56,593.8,556.41,23.02,24.06,YES,0.0,0.0,0.0,0.0,196027.26,196027.26,0.0,0.0,244513.41,-378.73,96.03
2025-01-15,1267,DEFENSIVE_BOTH,DEFENSIVE_BOTH,16.12,593.2,594.28,556.76,21.8,25.93,YES,0.0,0.0,0.0,0.0,201613.35,201613.35,0.0,0.0,251481.19,5586.09,101.61
2025-01-16,1268,DEFENSIVE_BOTH,DEFENSIVE_BOTH,16.6,591.44,594.7,557.11,21.99,25.87,YES,0.0,0.0,0.0,0.0,200253.36,200253.36,0.0,0.0,249784.81,-1359.99,100.25
2025-01-17,1269,DEFENSIVE_BOTH,DEFENSIVE_BOTH,15.97,597.58,595.25,557.51,21.35,25.9,YES,0.0,0.0,0.0,0.0,203751.51,203751.51,0.0,0.0,254148.21,3498.15,103.75
2025-01-21,1270,DEFENSIVE_BOTH,DEFENSIVE_BOTH,15.06,603.88,595.79,557.92,20.66,26.98,YES,0.0,0.0,0.0,0.0,207097.06,207097.06,0.0,0.0,258321.26,3345.55,107.1
2025-01-22,1271,BULL_100,BULL_100,15.1,605.97,596.09,558.39,20.45,26.41,YES,0.0,0.0,0.0,0.0,208894.41,208894.41,0.0,0.0,260563.18,1797.35,108.89
2025-01-23,1272,BULL_100,BULL_100,15.02,609.15,596.35,558.84,20.15,27.01,YES,0.0,0.0,0.0,0.0,211646.41,211646.41,0.0,0.0,263995.87,2752.0,111.65
2025-01-24,1273,BULL_100,BULL_100,14.85,607.58,596.55,559.28,20.29,27.19,YES,0.0,0.0,0.0,0.0,209351.34,209351.34,0.0,0.0,261133.12,-2295.07,109.35
2025-01-27,1274,BULL_100,BULL_100,17.9,599.96,596.58,559.69,21.09,25.47,YES,0.0,0.0,0.0,0.0,199490.11,199490.11,0.0,0.0,248832.78,-9861.23,99.49
2025-01-28,1275,BULL_100,BULL_100,16.41,603.8,596.73,560.14,20.7,26.0,YES,0.0,0.0,0.0,0.0,203770.79,203770.79,0.0,0.0,254172.26,4280.68,103.77
2025-01-29,1276,BULL_100,BULL_100,16.56,601.91,596.81,560.56,20.88,26.25,YES,0.0,0.0,0.0,0.0,202118.53,202118.53,0.0,0.0,252111.33,-1652.26,102.12
2025-01-30,1277,BULL_100,BULL_100,15.84,605.93,597.08,561.04,20.49,26.25,YES,0.0,0.0,0.0,0.0,206204.79,206204.79,0.0,0.0,257208.3,4086.26,106.2
2025-01-31,1278,BULL_100,BULL_100,16.43,600.7,597.38,561.52,20.99,25.49,YES,0.0,0.0,0.0,0.0,201805.1,201805.1,0.0,0.0,251720.37,-4399.69,101.81
2025-02-03,1279,BULL_100,BULL_100,18.62,600.78,597.64,562.0,21.01,25.5,YES,0.0,0.0,0.0,0.0,201525.94,201525.94,0.0,0.0,251372.16,-279.16,101.53
2025-02-04,1280,BULL_100,BULL_100,17.21,599.8,597.82,562.49,21.16,25.4,YES,0.0,0.0,0.0,0.0,200430.73,200430.73,0.0,0.0,250006.06,-1095.21,100.43
2025-02-05,1281,BULL_100,BULL_100,15.77,604.49,598.09,563.02,20.66,26.09,YES,0.0,0.0,0.0,0.0,205344.57,205344.57,0.0,0.0,256135.3,4913.84,105.34
2025-02-06,1282,BULL_100,BULL_100,15.5,605.55,598.34,563.57,20.56,26.11,YES,0.0,0.0,0.0,0.0,206318.55,206318.55,0.0,0.0,257350.19,973.98,106.32
2025-02-07,1283,BULL_100,BULL_100,16.54,600.62,598.43,564.08,21.08,25.45,YES,0.0,0.0,0.0,0.0,200702.55,200702.55,0.0,0.0,250345.11,-5616.0,100.7
2025-02-10,1284,BULL_100,BULL_100,15.81,603.68,598.58,564.56,20.78,26.12,YES,0.0,0.0,0.0,0.0,204463.01,204463.01,0.0,0.0,255035.7,3760.46,104.46
2025-02-11,1285,BULL_100,BULL_100,16.02,605.33,598.66,565.08,20.62,26.02,YES,0.0,0.0,0.0,0.0,205827.82,205827.82,0.0,0.0,256738.09,1364.81,105.83
2025-02-12,1286,BULL_100,BULL_100,15.89,604.53,598.77,565.57,20.7,26.05,YES,0.0,0.0,0.0,0.0,205688.41,205688.41,0.0,0.0,256564.19,-139.41,105.69
2025-02-13,1287,BULL_100,BULL_100,15.1,609.57,598.9,566.07,20.19,26.5,YES,0.0,0.0,0.0,0.0,210864.05,210864.05,0.0,0.0,263019.99,5175.64,110.86
2025-02-14,1288,BULL_100,BULL_100,14.77,609.65,599.01,566.57,20.21,26.54,YES,0.0,0.0,0.0,0.0,211592.66,211592.66,0.0,0.0,263928.82,728.61,111.59
2025-02-18,1289,BULL_100,BULL_100,15.35,611.44,599.15,567.12,20.07,26.805,YES,0.0,0.0,0.0,0.0,213268.45,213268.45,0.0,0.0,266019.11,1675.79,113.27
2025-02-19,1290,BULL_100,BULL_100,15.27,612.02,599.25,567.67,20.0,26.82,YES,0.0,0.0,0.0,0.0,213467.77,213467.77,0.0,0.0,266267.73,199.32,113.47
2025-02-20,1291,BULL_100,BULL_100,15.66,610.42,599.33,568.19,20.16,26.88,YES,0.0,0.0,0.0,0.0,211823.92,211823.92,0.0,0.0,264217.28,-1643.85,111.82
2025-02-21,1292,BULL_100,BULL_100,18.21,600.16,599.19,568.63,21.23,25.31,YES,0.0,0.0,0.0,0.0,200341.2,200341.2,0.0,0.0,249894.38,-11482.72,100.34
2025-02-24,1293,BULL_100,BULL_100,18.98,597.09,599.04,569.03,21.56,24.9,YES,0.0,0.0,0.0,0.0,195617.6,195617.6,0.0,0.0,244002.43,-4723.6,95.62
2025-02-25,1294,BULL_100,BULL_100,19.43,595.63,598.89,569.42,21.73,24.88,YES,0.0,0.0,0.0,0.0,193695.65,193695.65,0.0,0.0,241605.09,-1921.95,93.7
2025-02-26,1295,DEFENSIVE_BOTH,DEFENSIVE_BOTH,19.1,595.07,598.66,569.81,21.8,25.4,YES,0.0,0.0,0.0,0.0,193883.8,193883.8,0.0,0.0,241839.78,188.15,93.88
2025-02-27,1296,DEFENSIVE_BOTH,DEFENSIVE_BOTH,21.13,586.05,598.28,570.14,22.79,24.19,YES,0.0,0.0,0.0,0.0,188876.37,188876.37,0.0,0.0,235593.79,-5007.43,88.88
2025-02-28,1297,DEFENSIVE_BOTH,DEFENSIVE_BOTH,19.63,593.81,598.07,570.51,21.9,24.29,YES,0.0,0.0,0.0,0.0,192257.57,192257.57,0.0,0.0,239811.32,3381.2,92.26
2025-03-03,1298,DEFENSIVE_BOTH,DEFENSIVE_BOTH,22.78,584.63,597.64,570.83,22.91,22.61,YES,0.0,0.0,0.0,0.0,187542.75,187542.75,0.0,0.0,233930.31,-4714.82,87.54
2025-03-04,1299,DEFENSIVE_BOTH,DEFENSIVE_BOTH,23.51,580.97,597.18,571.12,23.29,22.36,YES,0.0,0.0,0.0,0.0,186563.39,186563.39,0.0,0.0,232708.72,-979.36,86.56
2025-03-05,1300,DEFENSIVE_BOTH,DEFENSIVE_BOTH,21.93,582.5,597.1,571.38,23.18,22.59,YES,0.0,0.0,0.0,0.0,187057.16,187057.16,0.0,0.0,233324.61,493.77,87.06
2025-03-06,1301,DEFENSIVE_BOTH,DEFENSIVE_BOTH,24.87,574.29,596.86,571.6,24.1,20.64,YES,0.0,0.0,0.0,0.0,182768.31,182768.31,0.0,0.0,227974.94,-4288.85,82.77
2025-03-07,1302,DEFENSIVE_BOTH,DEFENSIVE_BOTH,23.37,574.85,596.51,571.83,24.02,21.0,YES,0.0,0.0,0.0,0.0,182914.83,182914.83,0.0,0.0,228157.7,146.52,82.91
2025-03-10,1303,DEFENSIVE_BOTH,DEFENSIVE_BOTH,27.86,558.5,595.79,571.97,26.16,18.85,YES,0.0,0.0,0.0,0.0,174594.49,174594.49,0.0,0.0,217779.38,-8320.34,74.59
2025-03-11,1304,CASH,CASH_IDLE,26.92,557.88,594.92,572.11,26.29,18.97,YES,0.0,0.0,0.0,0.0,174594.49,174594.49,0.0,0.0,219593.66,0.0,74.59
2025-03-12,1305,CASH,CASH_IDLE,24.23,560.59,594.11,572.25,26.12,19.79,YES,0.0,0.0,0.0,0.0,174594.49,174594.49,0.0,0.0,219593.66,0.0,74.59
2025-03-13,1306,CASH,CASH_IDLE,24.66,554.13,593.3,572.39,26.8,19.12,YES,0.0,0.0,0.0,0.0,174594.49,174594.49,0.0,0.0,219593.66,0.0,74.59
2025-03-14,1307,CASH,CASH_IDLE,21.77,562.13,592.78,572.56,25.55,20.36,YES,0.0,0.0,0.0,0.0,174594.49,174594.49,0.0,0.0,219593.66,0.0,74.59
2025-03-17,1308,CASH,CASH_IDLE,20.51,567.11,592.4,572.75,24.95,21.39,YES,0.0,0.0,0.0,0.0,174594.49,174594.49,0.0,0.0,219593.66,0.0,74.59
2025-03-18,1309,CASH,CASH_IDLE,21.7,561.23,591.94,572.93,25.78,20.78,YES,0.0,0.0,0.0,0.0,174594.49,174594.49,0.0,0.0,219593.66,0.0,74.59
2025-03-19,1310,CASH,CASH_IDLE,19.9,568.75,591.47,573.17,24.8,21.66,YES,0.0,0.0,0.0,0.0,174594.49,174594.49,0.0,0.0,219593.66,0.0,74.59
2025-03-20,1311,CASH,CASH_IDLE,19.8,565.69,590.87,573.35,25.15,21.85,YES,0.0,0.0,0.0,0.0,174594.49,174594.49,0.0,0.0,219593.66,0.0,74.59
2025-03-21,1312,CASH,CASH_IDLE,19.28,565.11,590.39,573.54,25.14,21.85,YES,0.0,0.0,0.0,0.0,174594.49,174594.49,0.0,0.0,219593.66,0.0,74.59
2025-03-24,1313,CASH,CASH_IDLE,17.48,573.81,590.1,573.77,23.88,23.08,YES,0.0,0.0,0.0,0.0,174594.49,174594.49,0.0,0.0,219593.66,0.0,74.59
2025-03-25,1314,SMA_RECOVERY,SMA_RECOVERY,17.15,575.98,590.02,573.97,23.63,23.06,YES,0.0,0.0,0.0,0.0,176739.17,176739.17,0.0,0.0,222291.1,2144.68,76.74
2025-03-26,1315,SMA_RECOVERY,SMA_RECOVERY,18.33,567.5,589.7,574.14,24.43,22.07,YES,0.0,0.0,0.0,0.0,169825.19,169825.19,0.0,0.0,213595.14,-6913.98,69.83
2025-03-27,1316,CASH,CASH_IDLE,18.69,566.58,589.38,574.3,24.56,22.22,YES,0.0,0.0,0.0,0.0,169825.19,169825.19,0.0,0.0,213879.85,-0.0,69.83
2025-03-28,1317,CASH,CASH_IDLE,21.65,554.15,588.6,574.4,26.26,20.06,YES,0.0,0.0,0.0,0.0,169825.19,169825.19,0.0,0.0,213879.85,-0.0,69.83
2025-03-31,1318,CASH,CASH_IDLE,22.28,557.04,587.91,574.5,25.83,19.95,YES,0.0,0.0,0.0,0.0,169825.19,169825.19,0.0,0.0,213879.85,-0.0,69.83
2025-04-01,1319,CASH,CASH_IDLE,21.77,561.77,587.2,574.6,25.15,20.22,YES,0.0,0.0,0.0,0.0,169825.19,169825.19,0.0,0.0,213879.85,-0.0,69.83
2025-04-02,1320,CASH,CASH_IDLE,21.51,544.84,586.01,574.61,27.41,18.15,YES,0.0,0.0,0.0,0.0,169825.19,169825.19,0.0,0.0,213879.85,-0.0,69.83
2025-04-03,1321,CASH,CASH_IDLE,30.02,536.2,584.62,574.57,28.57,16.4,YES,0.0,0.0,0.0,0.0,169825.19,169825.19,0.0,0.0,213879.85,-0.0,69.83
2025-04-04,1322,CASH,CASH_SPXU,45.31,505.67,582.55,574.36,33.55,12.8,YES,2927.0112,0.0,98201.22,0.0,84741.77,182942.99,0.5368,53.7,213879.85,13117.8,82.94
2025-04-07,1323,CASH,CASH_SPXU,46.98,509.58,580.59,574.17,32.68,13.45,YES,2927.0112,0.0,95654.73,0.0,84741.77,180396.49,0.5302,53.0,213879.85,-2546.5,80.4
2025-04-08,1324,CASH,CASH_SPXU,52.33,490.6,578.4,573.89,36.63,10.29,YES,2927.0112,0.0,107216.42,0.0,84741.77,191958.19,0.5585,55.9,213879.85,11561.7,91.96
2025-04-09,1325,CASH,CASH_SPXU,33.62,545.76,577.24,573.89,24.95,13.11,YES,2927.0112,0.0,73028.93,0.0,84741.77,157770.7,0.4629,46.3,213879.85,-34187.49,57.77
2025-04-10,1326,CASH,CASH_SPXU,40.72,522.02,575.64,573.79,28.36,10.21,YES,2927.0112,0.0,83010.04,0.0,84741.77,167751.81,0.4948,49.5,213879.85,9981.11,67.75
2025-04-11,1327,CASH,CASH_SPXU,37.56,534.2,574.21,573.74,26.56,10.65,YES,2927.0112,0.0,77741.42,0.0,84741.77,162483.19,0.4785,47.8,213879.85,-5268.62,62.48
2025-04-14,1328,CASH,CASH_SPXU,30.89,536.79,572.93,573.7,26.07,11.46,YES,2927.0112,0.0,76307.18,0.0,84741.77,161048.95,0.4738,47.4,213879.85,-1434.24,61.05
2025-04-15,1329,CASH,CASH_SPXU_SVIX,30.12,533.61,571.59,573.63,26.56,11.48,YES,2927.0112,1359.6919,77741.42,15609.26,68459.95,161810.63,0.5769,57.7,213879.85,761.68,61.81
2025-04-16,1330,CASH,CASH_SPXU_SVIX,32.64,525.87,570.11,573.54,27.7,11.2,YES,2927.0112,1359.6919,81078.21,15228.55,68459.95,164766.71,0.5845,58.5,213879.85,2956.08,64.77
2025-04-17,1331,CASH,CASH_SPXU_SVIX,29.65,527.05,568.56,573.45,27.61,11.37,YES,2927.0112,1359.6919,80814.78,15459.7,68459.95,164734.43,0.5844,58.4,213879.85,-32.28,64.73
2025-04-21,1332,CASH,CASH_SVIX,33.82,516.07,566.77,573.29,29.34,10.62,YES,0.0,1359.6919,0.0,14439.93,151887.2,166327.13,0.0868,8.7,213879.85,1592.7,66.33
2025-04-22,1333,CASH,CASH_SPXU_SVIX,30.57,536.6,565.49,573.21,25.89,11.82,YES,2909.8884,1359.6919,75337.01,16071.56,67738.86,159147.43,0.5744,57.4,213879.85,-7179.7,59.15
2025-04-23,1334,CASH,CASH_SPXU_SVIX,28.45,536.87,564.15,573.13,25.87,11.71,YES,2909.8884,1359.6919,75278.81,15921.99,67738.86,158939.67,0.5738,57.4,213879.85,-207.76,58.94
2025-04-24,1335,CASH,CASH_SVIX,26.47,548.42,563.02,573.09,24.23,12.3,YES,0.0,1359.6919,0.0,16724.21,144521.44,161245.65,0.1037,10.4,213879.85,2305.98,61.25
2025-04-25,1336,CASH,CASH_SVIX,24.84,551.15,561.95,573.06,23.95,12.59,YES,0.0,1359.6919,0.0,17118.52,144521.44,161639.96,0.1059,10.6,213879.85,394.31,61.64
2025-04-28,1337,CASH,CASH_SVIX,25.15,550.95,560.78,573.01,23.91,12.46,YES,0.0,1359.6919,0.0,16941.76,144521.44,161463.2,0.1049,10.5,213879.85,-176.76,61.46
2025-04-29,1338,CASH,CASH_SVIX,24.17,552.99,559.64,572.99,23.69,12.64,YES,0.0,1359.6919,0.0,17186.51,144521.44,161707.94,0.1063,10.6,213879.85,244.74,61.71
2025-04-30,1339,CASH,CASH_SVIX,24.7,559.2,558.6,572.99,22.88,12.62,YES,0.0,1359.6919,0.0,17159.31,144521.44,161680.75,0.1061,10.6,213879.85,-27.19,61.68
2025-05-01,1340,CASH,CASH_SVIX,24.6,557.18,557.5,572.97,23.15,12.49,YES,0.0,1359.6919,0.0,16982.55,144521.44,161503.99,0.1052,10.5,213879.85,-176.76,61.5
2025-05-02,1341,CASH,CASH_SVIX,22.68,566.9,556.63,572.98,22.0,13.08,YES,0.0,1359.6919,0.0,17784.77,144521.44,162306.21,0.1096,11.0,213879.85,802.22,62.31
2025-05-05,1342,CASH,CASH_SVIX,23.64,562.87,555.88,573.0,22.47,12.8,YES,0.0,1359.6919,0.0,17404.06,144521.44,161925.49,0.1075,10.7,213879.85,-380.72,61.93
2025-05-06,1343,CASH,CASH_SVIX,24.76,563.33,555.21,573.05,22.44,12.42,YES,0.0,1359.6919,0.0,16887.37,144521.44,161408.81,0.1046,10.5,213879.85,-516.68,61.41
2025-05-07,1344,CASH,CASH_SVIX,23.55,561.07,554.52,573.11,22.69,12.64,YES,0.0,1359.6919,0.0,17186.51,144521.44,161707.94,0.1063,10.6,213879.85,299.13,61.71
2025-05-08,1345,CASH,CASH_SVIX,22.48,564.34,553.9,573.16,22.34,13.13,YES,0.0,1359.6919,0.0,17852.76,144521.44,162374.19,0.1099,11.0,213879.85,666.25,62.37
2025-05-09,1346,CASH,CASH_SVIX,21.9,564.97,553.48,573.23,22.32,13.2,YES,0.0,1359.6919,0.0,17947.93,144521.44,162469.37,0.1105,11.0,213879.85,95.18,62.47
2025-05-12,1347,CASH,CASH_SVIX,18.39,582.16,553.25,573.43,20.22,14.98,YES,0.0,1359.6919,0.0,20368.19,144521.44,164889.62,0.1235,12.4,213879.85,2420.25,64.89
2025-05-13,1348,SMA_RECOVERY,SMA_RECOVERY,18.22,587.35,553.3,573.67,19.7,14.96,YES,0.0,0.0,0.0,0.0,170053.1,170053.1,0.0,0.0,220577.44,5163.48,70.05
2025-05-14,1349,BULL_100,BULL_100,18.62,586.08,553.41,573.88,19.83,14.7,YES,0.0,0.0,0.0,0.0,169663.9,169663.9,0.0,0.0,220072.61,-389.2,69.66
2025-05-15,1350,BULL_100,BULL_100,17.83,590.07,553.56,574.11,19.43,14.93,YES,0.0,0.0,0.0,0.0,172460.62,172460.62,0.0,0.0,223700.26,2796.72,72.46
2025-05-16,1351,BULL_100,BULL_100,17.24,588.25,553.84,574.34,19.55,14.54,YES,0.0,0.0,0.0,0.0,169977.77,169977.77,0.0,0.0,220479.73,-2482.85,69.98
2025-05-19,1352,BULL_100,BULL_100,18.14,595.34,554.25,574.55,18.95,14.88,YES,0.0,0.0,0.0,0.0,176422.91,176422.91,0.0,0.0,228839.78,6445.14,76.42
2025-05-20,1353,BULL_100,BULL_100,18.09,592.35,554.92,574.81,19.28,15.0,YES,0.0,0.0,0.0,0.0,173715.75,173715.75,0.0,0.0,225328.3,-2707.16,73.72
2025-05-21,1354,BULL_100,BULL_100,20.87,583.08,555.43,575.06,20.18,13.88,YES,0.0,0.0,0.0,0.0,165990.14,165990.14,0.0,0.0,215307.34,-7725.61,65.99
2025-05-22,1355,BULL_100,BULL_100,20.28,583.18,555.88,575.37,20.17,14.11,YES,0.0,0.0,0.0,0.0,165672.62,165672.62,0.0,0.0,214895.48,-317.52,65.67
2025-05-23,1356,BULL_100,BULL_100,22.29,579.0,556.38,575.66,20.64,13.17,YES,0.0,0.0,0.0,0.0,162039.52,162039.52,0.0,0.0,210182.95,-3633.1,62.04
2025-05-27,1357,BULL_100,BULL_100,18.96,591.33,556.96,576.04,19.34,14.51,YES,0.0,0.0,0.0,0.0,172799.09,172799.09,0.0,0.0,224139.29,10759.57,72.8
2025-05-28,1358,BULL_100,BULL_100,19.31,596.6,557.55,576.36,18.8,14.66,YES,0.0,0.0,0.0,0.0,177290.48,177290.48,0.0,0.0,229965.12,4491.39,77.29
2025-05-29,1359,BULL_100,BULL_100,19.18,588.29,558.09,576.64,19.58,14.24,YES,0.0,0.0,0.0,0.0,169697.49,169697.49,0.0,0.0,220116.18,-7592.99,69.7
2025-05-30,1360,BULL_100,BULL_100,18.57,588.39,558.48,576.92,19.64,14.195,YES,0.0,0.0,0.0,0.0,169268.03,169268.03,0.0,0.0,219559.12,-429.46,69.27
2025-06-02,1361,BULL_100,BULL_100,18.36,591.5,559.0,577.16,19.36,14.4,YES,0.0,0.0,0.0,0.0,172684.63,172684.63,0.0,0.0,223990.82,3416.6,72.68
2025-06-03,1362,BULL_100,BULL_100,17.69,596.35,559.62,577.43,18.91,14.64,YES,0.0,0.0,0.0,0.0,177181.62,177181.62,0.0,0.0,229823.91,4496.99,77.18
2025-06-04,1363,BULL_100,BULL_100,17.61,595.42,560.06,577.64,18.99,14.65,YES,0.0,0.0,0.0,0.0,176697.95,176697.95,0.0,0.0,229196.54,-483.67,76.7
2025-06-05,1364,BULL_100,BULL_100,18.48,592.82,560.39,577.83,19.23,14.25,YES,0.0,0.0,0.0,0.0,173800.5,173800.5,0.0,0.0,225438.23,-2897.45,73.8
2025-06-06,1365,BULL_100,BULL_100,16.77,599.71,561.04,578.03,18.64,14.99,YES,0.0,0.0,0.0,0.0,179650.25,179650.25,0.0,0.0,233025.99,5849.75,79.65
2025-06-09,1366,BULL_100,BULL_100,17.16,599.92,561.71,578.24,18.6,15.13,YES,0.0,0.0,0.0,0.0,179960.94,179960.94,0.0,0.0,233429.0,310.69,79.96
2025-06-10,1367,BULL_100,BULL_100,16.95,602.58,562.67,578.45,18.32,15.18,YES,0.0,0.0,0.0,0.0,182413.71,182413.71,0.0,0.0,236610.51,2452.77,82.41
2025-06-11,1368,BULL_100,BULL_100,17.26,600.47,563.54,578.66,18.55,15.04,YES,0.0,0.0,0.0,0.0,180433.16,180433.16,0.0,0.0,234041.52,-1980.55,80.43
2025-06-12,1369,BULL_100,BULL_100,18.02,600.2,564.31,578.85,18.59,14.9,YES,0.0,0.0,0.0,0.0,179781.13,179781.13,0.0,0.0,233195.76,-652.03,79.78
2025-06-13,1370,BULL_100,BULL_100,20.82,597.46,565.36,579.04,18.93,13.84,YES,0.0,0.0,0.0,0.0,176838.52,176838.52,0.0,0.0,229378.87,-2942.61,76.84
2025-06-16,1371,BULL_100,BULL_100,19.11,598.95,566.62,579.23,18.72,14.31,YES,0.0,0.0,0.0,0.0,178740.08,178740.08,0.0,0.0,231845.4,1901.56,78.74
2025-06-17,1372,BULL_100,BULL_100,21.6,596.09,568.43,579.44,18.96,13.81,YES,0.0,0.0,0.0,0.0,176077.32,176077.32,0.0,0.0,228391.51,-2662.76,76.08
2025-06-18,1373,BULL_100,BULL_100,20.14,597.19,570.18,579.63,18.91,14.19,YES,0.0,0.0,0.0,0.0,176889.43,176889.43,0.0,0.0,229444.91,812.11,76.89
2025-06-20,1374,BULL_100,BULL_100,20.62,595.45,572.28,579.79,18.98,14.06,YES,0.0,0.0,0.0,0.0,176051.86,176051.86,0.0,0.0,228358.49,-837.57,76.05
2025-06-23,1375,BULL_100,BULL_100,19.83,603.45,573.43,580.05,18.18,14.63,YES,0.0,0.0,0.0,0.0,183861.33,183861.33,0.0,0.0,238488.23,7809.47,83.86
2025-06-24,1376,BULL_100,BULL_100,17.48,606.9,575.13,580.34,17.89,15.06,YES,0.0,0.0,0.0,0.0,187021.55,187021.55,0.0,0.0,242587.38,3160.22,87.02
2025-06-25,1377,BULL_100,BULL_100,16.76,607.07,576.58,580.63,17.67,15.29,YES,0.0,0.0,0.0,0.0,187102.65,187102.65,0.0,0.0,242692.57,81.1,87.1
2025-06-26,1378,BULL_100,BULL_100,16.59,612.05,578.09,580.99,17.24,15.39,YES,0.0,0.0,0.0,0.0,191809.97,191809.97,0.0,0.0,248798.48,4707.32,91.81
2025-06-27,1379,BULL_100,BULL_100,16.32,613.58,579.69,581.32,17.13,15.42,YES,0.0,0.0,0.0,0.0,193516.6,193516.6,0.0,0.0,251012.17,1706.63,93.52
2025-06-30,1380,BULL_100,BULL_100,16.73,617.64,581.52,581.67,16.82,15.42,YES,0.0,0.0,0.0,0.0,196609.29,196609.29,0.0,0.0,255023.72,3092.69,96.61
2025-07-01,1381,BULL_100,BULL_100,16.83,617.87,583.34,581.99,16.8,15.53,YES,0.0,0.0,0.0,0.0,195742.04,195742.04,0.0,0.0,253898.81,-867.25,95.74
2025-07-02,1382,BULL_100,BULL_100,16.64,620.58,585.43,582.3,16.59,15.59,YES,0.0,0.0,0.0,0.0,198580.55,198580.55,0.0,0.0,257580.66,2838.51,98.58
2025-07-03,1383,BULL_100,BULL_100,16.38,625.01,587.2,582.61,16.26,15.68,YES,0.0,0.0,0.0,0.0,202752.74,202752.74,0.0,0.0,262992.45,4172.19,102.75
2025-07-07,1384,BULL_TRIMMED,BULL_TRIMMED,17.79,620.0,588.86,582.9,16.66,15.5,YES,0.0,0.0,0.0,0.0,198573.95,198573.95,0.0,0.0,257572.1,-4178.79,98.57
2025-07-08,1385,BULL_TRIMMED,BULL_TRIMMED,16.81,620.35,590.3,583.18,16.65,15.95,YES,0.0,0.0,0.0,0.0,198890.07,198890.07,0.0,0.0,257982.14,316.12,98.89
2025-07-09,1386,BULL_TRIMMED,BULL_TRIMMED,15.94,623.71,591.75,583.48,16.38,16.33,YES,0.0,0.0,0.0,0.0,201403.4,201403.4,0.0,0.0,261242.21,2513.33,101.4
2025-07-10,1387,BULL_TRIMMED,BULL_TRIMMED,15.78,626.06,593.25,583.76,16.18,16.57,YES,0.0,0.0,0.0,0.0,202627.11,202627.11,0.0,0.0,262829.49,1223.71,102.63
2025-07-11,1388,BULL_TRIMMED,BULL_TRIMMED,16.4,623.01,594.65,584.03,16.4,16.4,YES,0.0,0.0,0.0,0.0,200402.89,200402.89,0.0,0.0,259944.44,-2224.22,100.4
2025-07-14,1389,BULL_TRIMMED,BULL_TRIMMED,17.2,624.11,595.95,584.3,16.39,16.26,YES,0.0,0.0,0.0,0.0,201268.17,201268.17,0.0,0.0,261066.8,865.28,101.27
2025-07-15,1390,BULL_TRIMMED,BULL_TRIMMED,17.38,621.0,597.23,584.55,16.63,16.19,YES,0.0,0.0,0.0,0.0,199615.53,199615.53,0.0,0.0,258923.14,-1652.64,99.62
2025-07-16,1391,BULL_TRIMMED,BULL_TRIMMED,17.16,623.21,598.36,584.81,16.46,16.17,YES,0.0,0.0,0.0,0.0,200886.88,200886.88,0.0,0.0,260572.23,1271.35,100.89
2025-07-17,1392,BULL_TRIMMED,BULL_TRIMMED,16.52,628.67,599.67,585.1,16.04,16.205,YES,0.0,0.0,0.0,0.0,205111.41,205111.41,0.0,0.0,266051.9,4224.53,105.11
2025-07-18,1393,BULL_TRIMMED,BULL_TRIMMED,16.41,627.69,600.96,585.38,16.14,16.47,YES,0.0,0.0,0.0,0.0,204089.75,204089.75,0.0,0.0,264726.69,-1021.66,104.09
2025-07-21,1394,BULL_TRIMMED,BULL_TRIMMED,16.65,629.04,602.32,585.66,16.05,16.55,YES,0.0,0.0,0.0,0.0,205456.53,205456.53,0.0,0.0,266499.56,1366.78,105.46
2025-07-22,1395,BULL_TRIMMED,BULL_TRIMMED,16.5,630.57,603.64,585.97,15.97,16.66,YES,0.0,0.0,0.0,0.0,205801.68,205801.68,0.0,0.0,266947.25,345.15,105.8
2025-07-23,1396,BULL_TRIMMED,BULL_TRIMMED,15.37,634.58,605.03,586.3,15.63,17.35,YES,0.0,0.0,0.0,0.0,208707.29,208707.29,0.0,0.0,270716.15,2905.61,108.71
2025-07-24,1397,BULL_TRIMMED,BULL_TRIMMED,15.39,635.45,606.1,586.64,15.57,17.34,YES,0.0,0.0,0.0,0.0,209137.22,209137.22,0.0,0.0,271273.81,429.93,109.14
2025-07-25,1398,BULL_TRIMMED,BULL_TRIMMED,14.93,637.5,607.1,586.96,15.48,17.48,YES,0.0,0.0,0.0,0.0,210292.12,210292.12,0.0,0.0,272771.85,1154.9,110.29
2025-07-28,1399,BULL_TRIMMED,BULL_TRIMMED,15.03,637.36,608.13,587.31,15.46,18.03,YES,0.0,0.0,0.0,0.0,210716.6,210716.6,0.0,0.0,273322.45,424.48,110.72
2025-07-29,1400,BULL_TRIMMED,BULL_TRIMMED,15.98,635.31,609.03,587.62,15.61,17.45,YES,0.0,0.0,0.0,0.0,209367.53,209367.53,0.0,0.0,271572.55,-1349.07,109.37
2025-07-30,1401,BULL_TRIMMED,BULL_TRIMMED,15.48,638.94,610.05,587.93,15.35,17.75,YES,0.0,0.0,0.0,0.0,212661.75,212661.75,0.0,0.0,275845.52,3294.22,112.66
2025-07-31,1402,BULL_TRIMMED,BULL_TRIMMED,16.72,631.01,610.76,588.2,15.95,17.2,YES,0.0,0.0,0.0,0.0,205894.33,205894.33,0.0,0.0,267067.43,-6767.42,105.89
2025-08-01,1403,BULL_100,BULL_100,20.38,621.3,611.34,588.42,16.71,16.04,YES,0.0,0.0,0.0,0.0,196532.69,196532.69,0.0,0.0,254924.36,-9361.64,96.53
2025-08-04,1404,BULL_100,BULL_100,17.52,631.78,612.31,588.65,15.89,17.2,YES,0.0,0.0,0.0,0.0,207018.16,207018.16,0.0,0.0,268525.16,10485.47,107.02
2025-08-05,1405,BULL_100,BULL_100,17.85,627.12,613.19,588.89,16.18,16.84,YES,0.0,0.0,0.0,0.0,201929.83,201929.83,0.0,0.0,261925.05,-5088.33,101.93
2025-08-06,1406,BULL_100,BULL_100,16.77,633.65,614.29,589.15,15.75,17.48,YES,0.0,0.0,0.0,0.0,209035.29,209035.29,0.0,0.0,271141.6,7105.46,109.04
2025-08-07,1407,BULL_100,BULL_100,16.57,633.3,615.13,589.4,15.77,17.33,YES,0.0,0.0,0.0,0.0,209276.47,209276.47,0.0,0.0,271454.44,241.18,109.28
2025-08-08,1408,BULL_100,BULL_100,15.15,638.59,615.97,589.67,15.42,17.9,YES,0.0,0.0,0.0,0.0,214430.59,214430.59,0.0,0.0,278139.9,5154.12,114.43
2025-08-11,1409,BULL_100,BULL_100,16.25,635.67,616.91,589.93,15.66,17.71,YES,0.0,0.0,0.0,0.0,211490.47,211490.47,0.0,0.0,274326.24,-2940.12,111.49
2025-08-12,1410,BULL_100,BULL_100,14.73,643.06,618.01,590.23,15.1,18.5,YES,0.0,0.0,0.0,0.0,219039.91,219039.91,0.0,0.0,284118.69,7549.44,119.04
2025-08-13,1411,BULL_100,BULL_100,14.49,644.81,619.07,590.56,14.97,18.51,YES,0.0,0.0,0.0,0.0,220363.97,220363.97,0.0,0.0,285836.14,1324.06,120.36
2025-08-14,1412,BULL_100,BULL_100,14.83,645.16,620.05,590.89,14.96,18.48,YES,0.0,0.0,0.0,0.0,220393.14,220393.14,0.0,0.0,285873.97,29.17,120.39
2025-08-15,1413,BULL_100,BULL_100,15.09,643.6,621.01,591.22,15.13,18.51,YES,0.0,0.0,0.0,0.0,217997.81,217997.81,0.0,0.0,282766.97,-2395.33,118.0
2025-08-18,1414,BULL_100,BULL_100,14.99,643.58,622.03,591.54,15.09,19.11,YES,0.0,0.0,0.0,0.0,218383.95,218383.95,0.0,0.0,283267.84,386.14,118.38
2025-08-19,1415,BULL_100,BULL_100,15.57,639.25,622.82,591.82,15.41,18.56,YES,0.0,0.0,0.0,0.0,212163.15,212163.15,0.0,0.0,275198.78,-6220.8,112.16
2025-08-20,1416,BULL_100,BULL_100,15.69,637.66,623.57,592.12,15.53,18.76,YES,0.0,0.0,0.0,0.0,210404.52,210404.52,0.0,0.0,272917.64,-1758.63,110.4
2025-08-21,1417,BULL_100,BULL_100,16.6,636.61,624.25,592.45,15.66,18.5,YES,0.0,0.0,0.0,0.0,208962.6,208962.6,0.0,0.0,271047.32,-1441.92,108.96
2025-08-22,1418,BULL_100,BULL_100,14.22,645.5,625.15,592.83,14.95,19.86,YES,0.0,0.0,0.0,0.0,217783.04,217783.04,0.0,0.0,282488.39,8820.44,117.78
2025-08-25,1419,BULL_100,BULL_100,14.79,643.01,626.01,593.19,15.16,19.84,YES,0.0,0.0,0.0,0.0,215123.6,215123.6,0.0,0.0,279038.81,-2659.44,115.12
2025-08-26,1420,BULL_100,BULL_100,14.62,645.74,626.98,593.54,14.97,20.05,YES,0.0,0.0,0.0,0.0,217973.41,217973.41,0.0,0.0,282735.32,2849.81,117.97
2025-08-27,1421,BULL_100,BULL_100,14.85,644.68,627.89,593.8,15.05,19.89,YES,0.0,0.0,0.0,0.0,216475.67,216475.67,0.0,0.0,280792.59,-1497.74,116.48
2025-08-28,1422,BULL_100,BULL_100,14.43,648.64,628.94,594.07,14.79,20.12,YES,0.0,0.0,0.0,0.0,220810.48,220810.48,0.0,0.0,286415.31,4334.81,120.81
2025-08-29,1423,BULL_100,BULL_100,15.36,644.93,629.9,594.3,15.07,19.78,YES,0.0,0.0,0.0,0.0,215952.23,215952.23,0.0,0.0,280113.63,-4858.25,115.95
2025-09-02,1424,BULL_100,BULL_100,17.17,641.21,630.81,594.52,15.34,19.3,YES,0.0,0.0,0.0,0.0,212280.1,212280.1,0.0,0.0,275350.47,-3672.13,112.28
2025-09-03,1425,BULL_100,BULL_100,16.35,643.36,631.61,594.75,15.18,19.64,YES,0.0,0.0,0.0,0.0,214562.43,214562.43,0.0,0.0,278310.91,2282.33,114.56
2025-09-04,1426,BULL_100,BULL_100,15.3,649.55,632.46,595.01,14.76,20.22,YES,0.0,0.0,0.0,0.0,220816.77,220816.77,0.0,0.0,286423.47,6254.34,120.82
2025-09-05,1427,BULL_100,BULL_100,15.18,645.96,633.24,595.28,14.98,20.07,YES,0.0,0.0,0.0,0.0,217768.12,217768.12,0.0,0.0,282469.04,-3048.65,117.77
2025-09-08,1428,BULL_100,BULL_100,15.11,649.26,633.98,595.6,14.81,20.51,YES,0.0,0.0,0.0,0.0,221026.46,221026.46,0.0,0.0,286695.46,3258.34,121.03
2025-09-09,1429,BULL_100,BULL_100,15.04,651.15,634.74,595.91,14.69,20.64,YES,0.0,0.0,0.0,0.0,222966.0,222966.0,0.0,0.0,289211.26,1939.54,122.97
2025-09-10,1430,BULL_100,BULL_100,15.35,652.75,635.44,596.22,14.56,20.71,YES,0.0,0.0,0.0,0.0,224435.58,224435.58,0.0,0.0,291117.46,1469.58,124.44
2025-09-11,1431,BULL_100,BULL_100,14.71,657.72,636.24,596.56,14.25,21.13,YES,0.0,0.0,0.0,0.0,229033.31,229033.31,0.0,0.0,297081.22,4597.73,129.03
2025-09-12,1432,BULL_100,BULL_100,14.76,657.25,636.97,596.88,14.28,21.14,YES,0.0,0.0,0.0,0.0,229103.51,229103.51,0.0,0.0,297172.28,70.2,129.1
2025-09-15,1433,BULL_100,BULL_100,15.69,660.64,637.68,597.2,14.08,20.91,YES,0.0,0.0,0.0,0.0,233085.18,233085.18,0.0,0.0,302336.94,3981.67,133.09
2025-09-16,1434,BULL_100,BULL_100,16.36,660.33,638.49,597.52,14.12,20.69,YES,0.0,0.0,0.0,0.0,232747.32,232747.32,0.0,0.0,301898.69,-337.86,132.75
2025-09-17,1435,BULL_100,BULL_100,15.72,661.49,639.31,597.82,14.05,21.61,YES,0.0,0.0,0.0,0.0,233750.3,233750.3,0.0,0.0,303199.67,1002.98,133.75
2025-09-18,1436,BULL_100,BULL_100,15.7,663.41,640.1,598.14,13.92,21.54,YES,0.0,0.0,0.0,0.0,236511.23,236511.23,0.0,0.0,306780.89,2760.93,136.51
2025-09-19,1437,BULL_100,BULL_100,15.45,663.42,640.85,598.44,13.81,21.37,YES,0.0,0.0,0.0,0.0,238447.48,238447.48,0.0,0.0,309292.43,1936.25,138.45
2025-09-22,1438,BULL_100,BULL_100,16.1,666.76,641.73,598.76,13.64,21.08,YES,0.0,0.0,0.0,0.0,242265.55,242265.55,0.0,0.0,314244.88,3818.07,142.27
2025-09-23,1439,BULL_100,BULL_100,16.64,663.55,642.52,599.05,13.83,20.8,YES,0.0,0.0,0.0,0.0,238507.88,238507.88,0.0,0.0,309370.77,-3757.67,138.51
2025-09-24,1440,BULL_100,BULL_100,16.18,661.67,643.33,599.33,13.78,21.11,YES,0.0,0.0,0.0,0.0,235706.36,235706.36,0.0,0.0,305736.89,-2801.52,135.71
2025-09-25,1441,BULL_100,BULL_100,16.74,657.86,644.02,599.58,14.0,20.77,YES,0.0,0.0,0.0,0.0,231892.81,231892.81,0.0,0.0,300790.3,-3813.55,131.89
2025-09-26,1442,BULL_100,BULL_100,15.29,662.1,644.69,599.86,13.77,21.48,YES,0.0,0.0,0.0,0.0,235842.21,235842.21,0.0,0.0,305913.1,3949.4,135.84
2025-09-29,1443,BULL_100,BULL_100,16.12,663.31,645.4,600.15,13.67,21.24,YES,0.0,0.0,0.0,0.0,237679.11,237679.11,0.0,0.0,308295.76,1836.9,137.68
2025-09-30,1444,BULL_100,BULL_100,16.28,664.65,646.12,600.46,13.6,21.22,YES,0.0,0.0,0.0,0.0,238671.54,238671.54,0.0,0.0,309583.05,992.43,138.67
2025-10-01,1445,BULL_100,BULL_100,16.29,668.38,646.87,600.77,13.39,21.34,YES,0.0,0.0,0.0,0.0,242744.62,242744.62,0.0,0.0,314866.28,4073.08,142.74
2025-10-02,1446,BULL_100,BULL_100,16.63,669.43,647.57,601.09,13.33,21.16,YES,0.0,0.0,0.0,0.0,244388.97,244388.97,0.0,0.0,316999.18,1644.35,144.39
2025-10-03,1447,BULL_100,BULL_100,16.65,669.6,648.25,601.42,13.36,21.29,YES,0.0,0.0,0.0,0.0,243138.15,243138.15,0.0,0.0,315376.73,-1250.82,143.14
2025-10-06,1448,BULL_100,BULL_100,16.37,670.67,648.91,601.74,13.27,21.4,YES,0.0,0.0,0.0,0.0,245316.27,245316.27,0.0,0.0,318202.0,2178.12,145.32
2025-10-07,1449,BULL_100,BULL_100,17.24,668.9,649.55,602.07,13.39,20.93,YES,0.0,0.0,0.0,0.0,243182.94,243182.94,0.0,0.0,315434.83,-2133.33,143.18
2025-10-08,1450,BULL_100,BULL_100,16.3,673.8,650.32,602.5,13.1,21.44,YES,0.0,0.0,0.0,0.0,249383.06,249383.06,0.0,0.0,323477.07,6200.12,149.38
2025-10-09,1451,BULL_100,BULL_100,16.43,671.97,650.98,602.93,13.22,21.38,YES,0.0,0.0,0.0,0.0,247568.98,247568.98,0.0,0.0,321124.0,-1814.08,147.57
2025-10-10,1452,BULL_100,BULL_100,21.66,652.15,651.4,603.23,14.42,18.5,YES,0.0,0.0,0.0,0.0,224489.23,224489.23,0.0,0.0,291187.05,-23079.75,124.49
2025-10-13,1453,BULL_100,BULL_100,19.03,662.74,652.23,603.57,13.73,20.04,YES,0.0,0.0,0.0,0.0,235958.71,235958.71,0.0,0.0,306064.22,11469.48,135.96
2025-10-14,1454,BULL_100,BULL_100,20.81,662.89,652.85,603.88,13.7,19.14,YES,0.0,0.0,0.0,0.0,234945.92,234945.92,0.0,0.0,304750.52,-1012.79,134.95
2025-10-15,1455,BULL_100,BULL_100,20.64,665.16,653.61,604.2,13.58,18.87,YES,0.0,0.0,0.0,0.0,237756.43,237756.43,0.0,0.0,308396.06,2810.51,137.76
2025-10-16,1456,BULL_100,BULL_100,25.31,658.82,654.11,604.52,14.0,17.19,YES,0.0,0.0,0.0,0.0,231238.12,231238.12,0.0,0.0,299941.1,-6518.31,131.24
2025-10-17,1457,BULL_100,BULL_100,20.78,665.24,654.75,604.91,13.56,18.5,YES,0.0,0.0,0.0,0.0,238208.04,238208.04,0.0,0.0,308981.85,6969.92,138.21
2025-10-20,1458,BULL_100,BULL_100,18.23,671.72,655.42,605.33,13.18,19.95,YES,0.0,0.0,0.0,0.0,245732.7,245732.7,0.0,0.0,318742.15,7524.66,145.73
2025-10-21,1459,BULL_100,BULL_100,17.87,671.0,656.12,605.77,13.24,19.9,YES,0.0,0.0,0.0,0.0,244598.03,244598.03,0.0,0.0,317270.36,-1134.67,144.6
2025-10-22,1460,BULL_100,BULL_100,18.6,666.78,656.6,606.14,13.49,19.63,YES,0.0,0.0,0.0,0.0,239226.83,239226.83,0.0,0.0,310303.33,-5371.2,139.23
2025-10-23,1461,BULL_100,BULL_100,17.3,672.32,657.15,606.52,13.18,20.2,YES,0.0,0.0,0.0,0.0,245656.62,245656.62,0.0,0.0,318643.46,6429.79,145.66
2025-10-24,1462,BULL_100,BULL_100,16.37,677.31,657.79,606.96,12.89,20.39,YES,0.0,0.0,0.0,0.0,251474.35,251474.35,0.0,0.0,326189.7,5817.73,151.47
2025-10-27,1463,BULL_100,BULL_100,15.79,685.54,658.63,607.45,12.42,21.0,YES,0.0,0.0,0.0,0.0,261840.54,261840.54,0.0,0.0,339635.78,10366.19,161.84
2025-10-28,1464,BULL_100,BULL_100,16.42,687.28,659.5,607.99,12.35,20.45,YES,0.0,0.0,0.0,0.0,264503.96,264503.96,0.0,0.0,343090.53,2663.42,164.5
2025-10-29,1465,BULL_100,BULL_100,16.92,686.72,660.45,608.5,12.37,20.08,YES,0.0,0.0,0.0,0.0,264283.13,264283.13,0.0,0.0,342804.09,-220.83,164.28
2025-10-30,1466,BULL_100,BULL_100,16.91,684.45,661.39,609.01,12.5,20.38,YES,0.0,0.0,0.0,0.0,260964.14,260964.14,0.0,0.0,338498.99,-3318.99,160.96
2025-10-31,1467,BULL_100,BULL_100,17.44,681.79,662.29,609.45,12.67,19.83,YES,0.0,0.0,0.0,0.0,258401.17,258401.17,0.0,0.0,335174.54,-2562.97,158.4
2025-11-03,1468,BULL_100,BULL_100,17.17,682.54,663.03,609.91,12.62,20.0,YES,0.0,0.0,0.0,0.0,259398.06,259398.06,0.0,0.0,336467.62,996.89,159.4
2025-11-04,1469,BULL_100,BULL_100,19.0,674.4,663.66,610.29,13.08,19.29,YES,0.0,0.0,0.0,0.0,248004.84,248004.84,0.0,0.0,321689.37,-11393.22,148.0
2025-11-05,1470,BULL_100,BULL_100,18.01,678.58,664.32,610.67,12.87,19.89,YES,0.0,0.0,0.0,0.0,252885.07,252885.07,0.0,0.0,328019.56,4880.23,152.89
2025-11-06,1471,BULL_100,BULL_100,19.5,671.8,664.86,611.0,13.22,19.17,YES,0.0,0.0,0.0,0.0,244369.67,244369.67,0.0,0.0,316974.15,-8515.4,144.37
2025-11-07,1472,BULL_100,BULL_100,19.08,672.03,665.33,611.31,13.27,19.28,YES,0.0,0.0,0.0,0.0,243850.54,243850.54,0.0,0.0,316300.78,-519.13,143.85
2025-11-10,1473,BULL_100,BULL_100,17.6,681.57,666.06,611.68,12.7,20.29,YES,0.0,0.0,0.0,0.0,254775.36,254775.36,0.0,0.0,330471.47,10924.82,154.78
2025-11-11,1474,BULL_100,BULL_100,17.28,683.04,666.9,612.1,12.6,20.3,YES,0.0,0.0,0.0,0.0,255303.91,255303.91,0.0,0.0,331157.06,528.55,155.3
2025-11-12,1475,BULL_100,BULL_100,17.51,681.54,667.66,612.49,12.69,19.97,YES,0.0,0.0,0.0,0.0,253137.17,253137.17,0.0,0.0,328346.55,-2166.74,153.14
2025-11-13,1476,BULL_100,BULL_100,20.0,672.63,668.12,612.84,13.22,18.97,YES,0.0,0.0,0.0,0.0,242564.18,242564.18,0.0,0.0,314632.23,-10572.99,142.56
2025-11-14,1477,BULL_100,BULL_100,19.83,672.92,668.66,613.17,13.2,19.17,YES,0.0,0.0,0.0,0.0,242915.54,242915.54,0.0,0.0,315087.99,351.36,142.92
2025-11-17,1478,BULL_100,BULL_100,22.38,666.42,669.0,613.5,13.56,18.14,YES,0.0,0.0,0.0,0.0,235832.64,235832.64,0.0,0.0,305900.69,-7082.9,135.83
2025-11-18,1479,BULL_100,BULL_100,24.69,660.77,669.2,613.8,13.98,17.52,YES,0.0,0.0,0.0,0.0,229215.29,229215.29,0.0,0.0,297317.27,-6617.35,129.22
2025-11-19,1480,DEFENSIVE_BOTH,DEFENSIVE_BOTH,23.66,669.5,669.53,614.15,13.39,18.6,YES,0.0,0.0,0.0,0.0,234068.18,234068.18,0.0,0.0,303611.99,4852.89,134.07
2025-11-20,1481,DEFENSIVE_BOTH,DEFENSIVE_BOTH,26.42,653.15,669.44,614.39,57.53,16.96,YES,0.0,0.0,0.0,0.0,224317.67,224317.67,0.0,0.0,290964.52,-9750.51,124.32
2025-11-21,1482,DEFENSIVE_BOTH,DEFENSIVE_BOTH,23.43,659.37,669.48,614.66,55.97,17.59,YES,0.0,0.0,0.0,0.0,227532.77,227532.77,0.0,0.0,295134.85,3215.1,127.53
2025-11-24,1483,DEFENSIVE_BOTH,DEFENSIVE_BOTH,20.52,669.25,669.65,615.01,53.48,18.79,YES,0.0,0.0,0.0,0.0,233296.67,233296.67,0.0,0.0,302611.26,5763.9,133.3
2025-11-25,1484,DEFENSIVE_BOTH,DEFENSIVE_BOTH,18.56,675.33,669.95,615.36,52.15,19.29,YES,0.0,0.0,0.0,0.0,236049.15,236049.15,0.0,0.0,306181.53,2752.48,136.05
2025-11-26,1485,DEFENSIVE_BOTH,DEFENSIVE_BOTH,17.19,680.11,670.33,615.74,51.01,19.82,YES,0.0,0.0,0.0,0.0,238764.69,238764.69,0.0,0.0,309703.88,2715.54,138.76
2025-11-28,1486,BULL_100,BULL_100,16.35,683.59,670.73,616.13,50.33,20.24,YES,0.0,0.0,0.0,0.0,241573.77,241573.77,0.0,0.0,313347.57,2809.08,141.57
2025-12-01,1487,BULL_100,BULL_100,17.24,679.93,671.06,616.49,51.06,20.26,YES,0.0,0.0,0.0,0.0,238245.23,238245.23,0.0,0.0,309030.09,-3328.54,138.25
2025-12-02,1488,BULL_100,BULL_100,16.59,682.15,671.37,616.85,50.76,20.51,YES,0.0,0.0,0.0,0.0,241346.05,241346.05,0.0,0.0,313052.18,3100.82,141.35
2025-12-03,1489,BULL_100,BULL_100,16.08,683.91,671.78,617.21,50.31,20.69,YES,0.0,0.0,0.0,0.0,242766.64,242766.64,0.0,0.0,314894.85,1420.59,142.77
2025-12-04,1490,BULL_100,BULL_100,15.78,683.98,672.22,617.57,50.28,20.9,YES,0.0,0.0,0.0,0.0,242695.14,242695.14,0.0,0.0,314802.1,-71.5,142.7
2025-12-05,1491,BULL_100,BULL_100,15.41,685.8,672.78,617.95,49.93,21.1,YES,0.0,0.0,0.0,0.0,244780.35,244780.35,0.0,0.0,317506.85,2085.21,144.78
2025-12-08,1492,BULL_100,BULL_100,16.66,684.81,673.23,618.37,50.29,20.86,YES,0.0,0.0,0.0,0.0,243487.53,243487.53,0.0,0.0,315829.92,-1292.82,143.49
2025-12-09,1493,BULL_100,BULL_100,16.93,682.85,673.63,618.8,50.65,20.79,YES,0.0,0.0,0.0,0.0,241936.11,241936.11,0.0,0.0,313817.56,-1551.42,141.94
2025-12-10,1494,BULL_100,BULL_100,15.77,686.6,674.06,619.25,49.65,21.43,YES,0.0,0.0,0.0,0.0,245200.47,245200.47,0.0,0.0,318051.79,3264.36,145.2
2025-12-11,1495,BULL_100,BULL_100,14.85,689.04,674.48,619.72,49.35,22.07,YES,0.0,0.0,0.0,0.0,246645.04,246645.04,0.0,0.0,319925.56,1444.57,146.65
2025-12-12,1496,BULL_100,BULL_100,15.74,681.95,674.73,620.2,50.96,21.86,YES,0.0,0.0,0.0,0.0,237130.11,237130.11,0.0,0.0,307583.65,-9514.93,137.13
2025-12-15,1497,BULL_100,BULL_100,16.5,680.34,674.94,620.64,51.32,21.84,YES,0.0,0.0,0.0,0.0,235052.87,235052.87,0.0,0.0,304889.24,-2077.24,135.05
2025-12-16,1498,DEFENSIVE_QQQ,DEFENSIVE_QQQ,16.48,678.03,675.09,621.1,51.86,21.85,YES,0.0,0.0,0.0,0.0,233056.63,233056.63,0.0,0.0,302299.9,-1996.24,133.06
2025-12-17,1499,DEFENSIVE_QQQ,DEFENSIVE_QQQ,17.62,671.88,675.15,621.56,53.27,21.74,YES,0.0,0.0,0.0,0.0,227198.28,227198.28,0.0,0.0,294700.98,-5858.35,127.2
2025-12-18,1500,DEFENSIVE_QQQ,DEFENSIVE_QQQ,16.87,676.54,675.2,622.03,52.34,22.27,YES,0.0,0.0,0.0,0.0,231482.43,231482.43,0.0,0.0,300257.99,4284.15,131.48
2025-12-19,1501,DEFENSIVE_QQQ,DEFENSIVE_QQQ,14.91,681.18,675.39,622.56,50.71,23.23,YES,0.0,0.0,0.0,0.0,237692.14,237692.14,0.0,0.0,308312.67,6209.71,137.69
2025-12-22,1502,DEFENSIVE_QQQ,DEFENSIVE_QQQ,14.08,684.93,676.04,623.11,49.9,23.78,YES,0.0,0.0,0.0,0.0,241062.88,241062.88,0.0,0.0,312684.88,3370.74,141.06
2025-12-23,1503,BULL_100,BULL_100,14.0,687.48,676.54,623.76,49.35,23.8,YES,0.0,0.0,0.0,0.0,243632.86,243632.86,0.0,0.0,316018.43,2569.98,143.63
2025-12-24,1504,BULL_100,BULL_100,13.47,689.57,677.07,624.42,47.92,23.83,YES,0.0,0.0,0.0,0.0,245009.11,245009.11,0.0,0.0,317803.57,1376.25,145.01
2025-12-26,1505,BULL_100,BULL_100,13.6,690.1,677.57,625.06,47.95,23.86,YES,0.0,0.0,0.0,0.0,244973.07,244973.07,0.0,0.0,317756.83,-36.04,144.97
2025-12-29,1506,BULL_100,BULL_100,14.2,687.48,678.14,625.73,48.48,24.16,YES,0.0,0.0,0.0,0.0,241967.19,241967.19,0.0,0.0,313857.87,-3005.88,141.97
2025-12-30,1507,BULL_100,BULL_100,14.33,686.7,678.57,626.35,48.68,24.44,YES,0.0,0.0,0.0,0.0,240929.5,240929.5,0.0,0.0,312511.87,-1037.69,140.93
