date,day_number,step2_state,combined_state,vix,spy_close,spy_sma50,spy_sma200,spxu_close,svix_close,svix_available,spxu_shares,svix_shares,spxu_value,svix_value,cash,portfolio_value,allocation,allocation_pct,step2_pv_reference,daily_pnl,cumulative_return_pct
2019-02-14,1,CASH,CASH_IDLE,16.22,274.1,261.11,274.12,34.99,0.0,NO,0.0,0.0,0.0,0.0,100000.0,100000.0,0.0,0.0,100000.0,0.0,0.0
2019-02-15,2,CASH,CASH_IDLE,14.91,277.86,261.09,274.18,33.69,0.0,NO,0.0,0.0,0.0,0.0,100000.0,100000.0,0.0,0.0,100000.0,0.0,0.0
2019-02-19,3,SMA_RECOVERY,SMA_RECOVERY,14.88,277.66,261.23,274.26,33.67,0.0,NO,0.0,0.0,0.0,0.0,100140.21,100140.21,0.0,0.0,100140.21,140.21,0.14
2019-02-20,4,BULL_100,BULL_100,14.02,278.47,261.4,274.34,33.36,0.0,NO,0.0,0.0,0.0,0.0,100747.32,100747.32,0.0,0.0,100747.32,607.11,0.75
2019-02-21,5,BULL_100,BULL_100,14.46,277.37,261.68,274.39,33.84,0.0,NO,0.0,0.0,0.0,0.0,99486.31,99486.31,0.0,0.0,99486.31,-1261.01,-0.51
2019-02-22,6,BULL_100,BULL_100,13.51,279.33,261.99,274.45,33.09,0.0,NO,0.0,0.0,0.0,0.0,101639.96,101639.96,0.0,0.0,101639.96,2153.65,1.64
2019-02-25,7,BULL_100,BULL_100,14.85,279.35,262.29,274.52,33.16,0.0,NO,0.0,0.0,0.0,0.0,101788.03,101788.03,0.0,0.0,101788.03,148.07,1.79
2019-02-26,8,BULL_100,BULL_100,15.17,278.77,262.54,274.56,33.25,0.0,NO,0.0,0.0,0.0,0.0,101515.87,101515.87,0.0,0.0,101515.87,-272.16,1.52
2019-02-27,9,BULL_100,BULL_100,14.7,279.4,262.83,274.6,33.1,0.0,NO,0.0,0.0,0.0,0.0,102059.3,102059.3,0.0,0.0,102059.3,543.43,2.06
2019-02-28,10,BULL_100,BULL_100,14.78,278.59,263.2,274.63,33.52,0.0,NO,0.0,0.0,0.0,0.0,101060.56,101060.56,0.0,0.0,101060.56,-998.74,1.06
2019-03-01,11,BULL_100,BULL_100,13.57,280.75,263.69,274.67,32.7,0.0,NO,0.0,0.0,0.0,0.0,103363.2,103363.2,0.0,0.0,103363.2,2302.64,3.36
2019-03-04,12,BULL_100,BULL_100,14.63,279.09,264.18,274.71,33.33,0.0,NO,0.0,0.0,0.0,0.0,101905.66,101905.66,0.0,0.0,101905.66,-1457.54,1.91
2019-03-05,13,BULL_100,BULL_100,14.74,278.75,264.73,274.74,33.43,0.0,NO,0.0,0.0,0.0,0.0,101626.8,101626.8,0.0,0.0,101626.8,-278.86,1.63
2019-03-06,14,BULL_100,BULL_100,15.74,276.94,265.29,274.77,33.97,0.0,NO,0.0,0.0,0.0,0.0,99710.23,99710.23,0.0,0.0,99710.23,-1916.57,-0.29
2019-03-07,15,BULL_100,BULL_100,16.59,275.25,265.99,274.79,34.71,0.0,NO,0.0,0.0,0.0,0.0,97572.24,97572.24,0.0,0.0,97572.24,-2137.99,-2.43
2019-03-08,16,BULL_100,BULL_100,16.05,274.96,266.83,274.79,34.88,0.0,NO,0.0,0.0,0.0,0.0,97198.95,97198.95,0.0,0.0,97198.95,-373.29,-2.8
2019-03-11,17,BULL_100,BULL_100,14.33,279.37,267.5,274.83,33.14,0.0,NO,0.0,0.0,0.0,0.0,102499.14,102499.14,0.0,0.0,102499.14,5300.19,2.5
2019-03-12,18,BULL_100,BULL_100,13.77,279.26,268.14,274.86,33.13,0.0,NO,0.0,0.0,0.0,0.0,102305.8,102305.8,0.0,0.0,102305.8,-193.34,2.31
2019-03-13,19,BULL_100,BULL_100,13.41,281.73,268.82,274.9,32.32,0.0,NO,0.0,0.0,0.0,0.0,105137.94,105137.94,0.0,0.0,105137.94,2832.14,5.14
2019-03-14,20,BULL_100,BULL_100,13.5,281.23,269.45,274.95,32.52,0.0,NO,0.0,0.0,0.0,0.0,104467.3,104467.3,0.0,0.0,104467.3,-670.64,4.47
2019-03-15,21,BULL_100,BULL_100,12.88,281.11,270.14,275.01,32.02,0.0,NO,0.0,0.0,0.0,0.0,106211.41,106211.41,0.0,0.0,106211.41,1744.11,6.21
2019-03-18,22,BULL_100,BULL_100,13.1,282.68,270.9,275.06,31.71,0.0,NO,0.0,0.0,0.0,0.0,107616.77,107616.77,0.0,0.0,107616.77,1405.36,7.62
2019-03-19,23,BULL_100,BULL_100,13.56,282.01,271.49,275.11,31.87,0.0,NO,0.0,0.0,0.0,0.0,107221.13,107221.13,0.0,0.0,107221.13,-395.64,7.22
2019-03-20,24,BULL_100,BULL_100,13.91,281.4,272.03,275.15,31.97,0.0,NO,0.0,0.0,0.0,0.0,107072.36,107072.36,0.0,0.0,107072.36,-148.77,7.07
2019-03-21,25,BULL_100,BULL_100,13.63,284.77,272.59,275.2,30.85,0.0,NO,0.0,0.0,0.0,0.0,110978.81,110978.81,0.0,0.0,110978.81,3906.45,10.98
2019-03-22,26,BULL_100,BULL_100,16.48,279.24,273.03,275.22,32.74,0.0,NO,0.0,0.0,0.0,0.0,104127.48,104127.48,0.0,0.0,104127.48,-6851.33,4.13
2019-03-25,27,BULL_100,BULL_100,16.33,279.69,273.46,275.23,32.5,0.0,NO,0.0,0.0,0.0,0.0,104699.3,104699.3,0.0,0.0,104699.3,571.82,4.7
2019-03-26,28,BULL_100,BULL_100,14.68,280.97,273.9,275.25,32.15,0.0,NO,0.0,0.0,0.0,0.0,105840.36,105840.36,0.0,0.0,105840.36,1141.06,5.84
2019-03-27,29,BULL_100,BULL_100,15.15,279.39,274.34,275.25,32.71,0.0,NO,0.0,0.0,0.0,0.0,103862.06,103862.06,0.0,0.0,103862.06,-1978.3,3.86
2019-03-28,30,BULL_100,BULL_100,14.43,281.44,274.76,275.27,32.05,0.0,NO,0.0,0.0,0.0,0.0,106254.54,106254.54,0.0,0.0,106254.54,2392.48,6.25
2019-03-29,31,BULL_100,BULL_100,13.71,282.58,275.2,275.28,31.57,0.0,NO,0.0,0.0,0.0,0.0,107575.82,107575.82,0.0,0.0,107575.82,1321.28,7.58
2019-04-01,32,BULL_100,BULL_100,13.4,285.97,275.66,275.32,30.44,0.0,NO,0.0,0.0,0.0,0.0,111407.54,111407.54,0.0,0.0,111407.54,3831.72,11.41
2019-04-02,33,BULL_100,BULL_100,13.36,285.53,276.04,275.36,30.6,0.0,NO,0.0,0.0,0.0,0.0,111224.34,111224.34,0.0,0.0,111224.34,-183.2,11.22
2019-04-03,34,BULL_100,BULL_100,13.74,286.7,276.53,275.41,30.16,0.0,NO,0.0,0.0,0.0,0.0,112796.86,112796.86,0.0,0.0,112796.86,1572.52,12.8
2019-04-04,35,BULL_100,BULL_100,13.58,287.04,277.02,275.47,30.07,0.0,NO,0.0,0.0,0.0,0.0,112879.21,112879.21,0.0,0.0,112879.21,82.35,12.88
2019-04-05,36,BULL_100,BULL_100,12.82,288.86,277.53,275.53,29.6,0.0,NO,0.0,0.0,0.0,0.0,114863.32,114863.32,0.0,0.0,114863.32,1984.11,14.86
2019-04-08,37,BULL_100,BULL_100,13.18,288.74,277.98,275.59,29.62,0.0,NO,0.0,0.0,0.0,0.0,115022.4,115022.4,0.0,0.0,115022.4,159.08,15.02
2019-04-09,38,BULL_100,BULL_100,14.28,287.1,278.46,275.66,30.07,0.0,NO,0.0,0.0,0.0,0.0,113249.85,113249.85,0.0,0.0,113249.85,-1772.55,13.25
2019-04-10,39,BULL_100,BULL_100,13.3,288.7,278.95,275.73,29.67,0.0,NO,0.0,0.0,0.0,0.0,115342.62,115342.62,0.0,0.0,115342.62,2092.77,15.34
2019-04-11,40,BULL_100,BULL_100,13.02,288.41,279.35,275.82,29.8,0.0,NO,0.0,0.0,0.0,0.0,114600.13,114600.13,0.0,0.0,114600.13,-742.49,14.6
2019-04-12,41,BULL_100,BULL_100,12.01,290.22,279.76,275.91,29.26,0.0,NO,0.0,0.0,0.0,0.0,116599.35,116599.35,0.0,0.0,116599.35,1999.22,16.6
2019-04-15,42,BULL_100,BULL_100,12.32,290.02,280.15,276.01,29.25,0.0,NO,0.0,0.0,0.0,0.0,116424.0,116424.0,0.0,0.0,116424.0,-175.35,16.42
2019-04-16,43,BULL_100,BULL_100,12.18,290.02,280.52,276.1,29.29,0.0,NO,0.0,0.0,0.0,0.0,116767.4,116767.4,0.0,0.0,116767.4,343.4,16.77
2019-04-17,44,BULL_100,BULL_100,12.6,289.42,280.85,276.19,29.58,0.0,NO,0.0,0.0,0.0,0.0,116206.82,116206.82,0.0,0.0,116206.82,-560.58,16.21
2019-04-18,45,BULL_100,BULL_100,12.09,290.11,281.2,276.29,28.82,0.0,NO,0.0,0.0,0.0,0.0,117153.09,117153.09,0.0,0.0,117153.09,946.27,17.15
2019-04-22,46,BULL_100,BULL_100,12.42,290.38,281.62,276.39,29.18,0.0,NO,0.0,0.0,0.0,0.0,117683.14,117683.14,0.0,0.0,117683.14,530.05,17.68
2019-04-23,47,BULL_100,BULL_100,12.28,293.12,282.08,276.49,28.41,0.0,NO,0.0,0.0,0.0,0.0,121081.24,121081.24,0.0,0.0,121081.24,3398.1,21.08
2019-04-24,48,BULL_100,BULL_100,13.14,292.45,282.51,276.57,28.58,0.0,NO,0.0,0.0,0.0,0.0,120804.11,120804.11,0.0,0.0,120804.11,-277.13,20.8
2019-04-25,49,BULL_100,BULL_100,13.25,291.59,282.85,276.64,28.83,0.0,NO,0.0,0.0,0.0,0.0,119437.38,119437.38,0.0,0.0,119437.38,-1366.73,19.44
2019-04-26,50,BULL_100,BULL_100,12.73,293.3,283.22,276.72,28.38,0.0,NO,0.0,0.0,0.0,0.0,121433.38,121433.38,0.0,0.0,121433.38,1996.0,21.43
2019-04-29,51,BULL_100,BULL_100,13.11,293.41,283.61,276.8,28.33,0.0,NO,0.0,0.0,0.0,0.0,121001.03,121001.03,0.0,0.0,121001.03,-432.35,21.0
2019-04-30,52,BULL_100,BULL_100,13.12,294.78,283.95,276.88,27.94,0.0,NO,0.0,0.0,0.0,0.0,122582.57,122582.57,0.0,0.0,122582.57,1581.54,22.58
2019-05-01,53,BULL_100,BULL_100,14.8,291.42,284.22,276.94,28.92,0.0,NO,0.0,0.0,0.0,0.0,118560.44,118560.44,0.0,0.0,118560.44,-4022.13,18.56
2019-05-02,54,BULL_100,BULL_100,14.42,291.37,284.48,277.0,29.0,0.0,NO,0.0,0.0,0.0,0.0,118354.1,118354.1,0.0,0.0,118354.1,-206.34,18.35
2019-05-03,55,BULL_100,BULL_100,12.87,294.32,284.82,277.07,28.22,0.0,NO,0.0,0.0,0.0,0.0,122190.09,122190.09,0.0,0.0,122190.09,3835.99,22.19
2019-05-06,56,BULL_100,BULL_100,15.44,291.28,285.06,277.12,29.01,0.0,NO,0.0,0.0,0.0,0.0,118463.03,118463.03,0.0,0.0,118463.03,-3727.06,18.46
2019-05-07,57,BULL_100,BULL_100,19.32,287.97,285.23,277.16,29.91,0.0,NO,0.0,0.0,0.0,0.0,114254.59,114254.59,0.0,0.0,114254.59,-4208.44,14.25
2019-05-08,58,BULL_100,BULL_100,19.4,287.73,285.41,277.2,29.99,0.0,NO,0.0,0.0,0.0,0.0,113690.9,113690.9,0.0,0.0,113690.9,-563.69,13.69
2019-05-09,59,BULL_100,BULL_100,19.1,287.06,285.56,277.23,30.41,0.0,NO,0.0,0.0,0.0,0.0,112529.02,112529.02,0.0,0.0,112529.02,-1161.88,12.53
2019-05-10,60,BULL_100,BULL_100,16.04,288.49,285.76,277.26,29.82,0.0,NO,0.0,0.0,0.0,0.0,113664.87,113664.87,0.0,0.0,113664.87,1135.85,13.66
2019-05-13,61,BULL_100,BULL_100,20.55,280.14,285.75,277.25,32.5,0.0,NO,0.0,0.0,0.0,0.0,103069.71,103069.71,0.0,0.0,103069.71,-10595.16,3.07
2019-05-14,62,BULL_100,BULL_100,18.06,283.8,285.84,277.25,31.22,0.0,NO,0.0,0.0,0.0,0.0,107591.76,107591.76,0.0,0.0,107591.76,4522.05,7.59
2019-05-15,63,DEFENSIVE_BOTH,DEFENSIVE_BOTH,16.44,284.97,285.97,277.27,30.84,0.0,NO,0.0,0.0,0.0,0.0,108283.13,108283.13,0.0,0.0,108283.13,691.37,8.28
2019-05-16,64,DEFENSIVE_BOTH,DEFENSIVE_BOTH,15.29,287.98,286.19,277.31,29.98,0.0,NO,0.0,0.0,0.0,0.0,110079.97,110079.97,0.0,0.0,110079.97,1796.84,10.08
2019-05-17,65,DEFENSIVE_BOTH,DEFENSIVE_BOTH,15.96,286.4,286.41,277.33,30.58,0.0,NO,0.0,0.0,0.0,0.0,108767.15,108767.15,0.0,0.0,108767.15,-1312.82,8.77
2019-05-20,66,DEFENSIVE_BOTH,DEFENSIVE_BOTH,16.31,284.76,286.61,277.35,30.92,0.0,NO,0.0,0.0,0.0,0.0,107474.72,107474.72,0.0,0.0,107474.72,-1292.43,7.47
2019-05-21,67,DEFENSIVE_BOTH,DEFENSIVE_BOTH,14.95,286.59,286.75,277.37,30.38,0.0,NO,0.0,0.0,0.0,0.0,108651.88,108651.88,0.0,0.0,108651.88,1177.16,8.65
2019-05-22,68,DEFENSIVE_BOTH,DEFENSIVE_BOTH,14.75,285.35,286.87,277.38,30.75,0.0,NO,0.0,0.0,0.0,0.0,107989.3,107989.3,0.0,0.0,107989.3,-662.58,7.99
2019-05-23,69,DEFENSIVE_BOTH,DEFENSIVE_BOTH,16.92,282.35,286.89,277.37,31.81,0.0,NO,0.0,0.0,0.0,0.0,105834.49,105834.49,0.0,0.0,105834.49,-2154.81,5.83
2019-05-24,70,DEFENSIVE_BOTH,DEFENSIVE_BOTH,15.85,282.98,286.92,277.36,31.48,0.0,NO,0.0,0.0,0.0,0.0,106245.58,106245.58,0.0,0.0,106245.58,411.09,6.25
2019-05-28,71,DEFENSIVE_BOTH,DEFENSIVE_BOTH,17.5,280.51,286.91,277.33,32.39,0.0,NO,0.0,0.0,0.0,0.0,105012.91,105012.91,0.0,0.0,105012.91,-1232.67,5.01
2019-05-29,72,DEFENSIVE_BOTH,DEFENSIVE_BOTH,17.9,278.24,286.82,277.3,33.09,0.0,NO,0.0,0.0,0.0,0.0,103733.34,103733.34,0.0,0.0,103733.34,-1279.57,3.73
2019-05-30,73,DEFENSIVE_BOTH,DEFENSIVE_BOTH,17.3,276.72,286.72,277.27,33.7,0.0,NO,0.0,0.0,0.0,0.0,102903.75,102903.75,0.0,0.0,102903.75,-829.59,2.9
2019-05-31,74,CASH,CASH_IDLE,18.71,275.29,286.59,277.23,34.35,0.0,NO,0.0,0.0,0.0,0.0,102903.75,102903.75,0.0,0.0,102423.75,0.0,2.9
2019-06-03,75,CASH,CASH_IDLE,18.86,275.33,286.4,277.19,34.25,0.0,NO,0.0,0.0,0.0,0.0,102903.75,102903.75,0.0,0.0,102423.75,0.0,2.9
2019-06-04,76,CASH,CASH_IDLE,16.97,281.35,286.45,277.18,31.98,0.0,NO,0.0,0.0,0.0,0.0,102903.75,102903.75,0.0,0.0,102423.75,0.0,2.9
2019-06-05,77,SMA_RECOVERY,SMA_RECOVERY,16.09,282.39,286.5,277.18,31.66,0.0,NO,0.0,0.0,0.0,0.0,102865.97,102865.97,0.0,0.0,102386.15,-37.78,2.87
2019-06-06,78,SMA_RECOVERY,SMA_RECOVERY,15.93,284.71,286.58,277.17,30.92,0.0,NO,0.0,0.0,0.0,0.0,105192.61,105192.61,0.0,0.0,104701.93,2326.64,5.19
2019-06-07,79,SMA_RECOVERY,SMA_RECOVERY,16.3,288.04,286.75,277.19,29.85,0.0,NO,0.0,0.0,0.0,0.0,108462.86,108462.86,0.0,0.0,107956.93,3270.25,8.46
2019-06-10,80,SMA_RECOVERY,SMA_RECOVERY,15.94,288.89,286.9,277.21,29.54,0.0,NO,0.0,0.0,0.0,0.0,109917.87,109917.87,0.0,0.0,109405.15,1455.01,9.92
2019-06-11,81,SMA_RECOVERY,SMA_RECOVERY,15.99,288.81,287.02,277.22,29.55,0.0,NO,0.0,0.0,0.0,0.0,109898.25,109898.25,0.0,0.0,109385.62,-19.62,9.9
2019-06-12,82,SMA_RECOVERY,SMA_RECOVERY,15.91,288.81,287.08,277.24,29.6,0.0,NO,0.0,0.0,0.0,0.0,109680.07,109680.07,0.0,0.0,109168.46,-218.18,9.68
2019-06-13,83,SMA_RECOVERY,SMA_RECOVERY,15.82,289.46,287.16,277.25,29.34,0.0,NO,0.0,0.0,0.0,0.0,110036.46,110036.46,0.0,0.0,109523.19,356.39,10.04
2019-06-14,84,SMA_RECOVERY,SMA_RECOVERY,15.28,289.31,287.21,277.24,29.36,0.0,NO,0.0,0.0,0.0,0.0,109809.8,109809.8,0.0,0.0,109297.59,-226.66,9.81
2019-06-17,85,SMA_RECOVERY,SMA_RECOVERY,15.35,289.62,287.26,277.24,29.45,0.0,NO,0.0,0.0,0.0,0.0,110444.87,110444.87,0.0,0.0,109929.69,635.07,10.44
2019-06-18,86,BULL_100,BULL_100,15.15,292.82,287.34,277.25,28.44,0.0,NO,0.0,0.0,0.0,0.0,114598.08,114598.08,0.0,0.0,114063.53,4153.21,14.6
2019-06-19,87,BULL_100,BULL_100,14.33,294.06,287.45,277.27,28.08,0.0,NO,0.0,0.0,0.0,0.0,116137.82,116137.82,0.0,0.0,115596.09,1539.74,16.14
2019-06-20,88,BULL_100,BULL_100,14.75,295.66,287.62,277.29,27.59,0.0,NO,0.0,0.0,0.0,0.0,117840.72,117840.72,0.0,0.0,117291.05,1702.9,17.84
2019-06-21,89,BULL_100,BULL_100,15.4,293.15,287.71,277.31,27.98,0.0,NO,0.0,0.0,0.0,0.0,116977.4,116977.4,0.0,0.0,116431.75,-863.32,16.98
2019-06-24,90,BULL_100,BULL_100,15.26,293.81,287.82,277.33,27.78,0.0,NO,0.0,0.0,0.0,0.0,117444.72,117444.72,0.0,0.0,116896.89,467.32,17.44
2019-06-25,91,BULL_100,BULL_100,16.28,290.62,287.82,277.35,28.42,0.0,NO,0.0,0.0,0.0,0.0,112840.28,112840.28,0.0,0.0,112313.93,-4604.44,12.84
2019-06-26,92,BULL_100,BULL_100,16.21,290.47,287.83,277.36,28.65,0.0,NO,0.0,0.0,0.0,0.0,112954.75,112954.75,0.0,0.0,112427.87,114.47,12.95
2019-06-27,93,BULL_100,BULL_100,15.82,292.31,287.88,277.38,28.06,0.0,NO,0.0,0.0,0.0,0.0,115093.03,115093.03,0.0,0.0,114556.17,2138.28,15.09
2019-06-28,94,BULL_100,BULL_100,15.08,294.5,287.98,277.41,27.52,0.0,NO,0.0,0.0,0.0,0.0,116647.28,116647.28,0.0,0.0,116103.17,1554.25,16.65
2019-07-01,95,BULL_100,BULL_100,14.06,295.22,288.08,277.44,27.24,0.0,NO,0.0,0.0,0.0,0.0,118536.01,118536.01,0.0,0.0,117983.09,1888.73,18.54
2019-07-02,96,BULL_100,BULL_100,12.93,296.61,288.21,277.47,26.88,0.0,NO,0.0,0.0,0.0,0.0,120431.29,120431.29,0.0,0.0,119869.53,1895.28,20.43
2019-07-03,97,BULL_100,BULL_100,12.57,298.77,288.32,277.51,26.32,0.0,NO,0.0,0.0,0.0,0.0,122931.67,122931.67,0.0,0.0,122358.25,2500.38,22.93
2019-07-05,98,BULL_100,BULL_100,13.28,298.14,288.43,277.56,26.5,0.0,NO,0.0,0.0,0.0,0.0,121828.12,121828.12,0.0,0.0,121259.85,-1103.55,21.83
2019-07-08,99,BULL_100,BULL_100,13.96,296.48,288.53,277.58,26.88,0.0,NO,0.0,0.0,0.0,0.0,119625.37,119625.37,0.0,0.0,119067.37,-2202.75,19.63
2019-07-09,100,BULL_100,BULL_100,14.09,297.1,288.61,277.61,26.8,0.0,NO,0.0,0.0,0.0,0.0,120792.58,120792.58,0.0,0.0,120229.14,1167.21,20.79
2019-07-10,101,BULL_100,BULL_100,13.03,298.62,288.71,277.63,26.33,0.0,NO,0.0,0.0,0.0,0.0,123262.04,123262.04,0.0,0.0,122687.08,2469.46,23.26
2019-07-11,102,BULL_100,BULL_100,12.93,299.48,288.81,277.67,26.17,0.0,NO,0.0,0.0,0.0,0.0,123817.13,123817.13,0.0,0.0,123239.58,555.09,23.82
2019-07-12,103,BULL_100,BULL_100,12.39,300.37,288.98,277.72,25.91,0.0,NO,0.0,0.0,0.0,0.0,125315.88,125315.88,0.0,0.0,124731.34,1498.75,25.32
2019-07-15,104,BULL_100,BULL_100,12.68,300.94,289.18,277.77,25.81,0.0,NO,0.0,0.0,0.0,0.0,125990.35,125990.35,0.0,0.0,125402.66,674.47,25.99
2019-07-16,105,BULL_100,BULL_100,12.86,299.64,289.28,277.82,26.12,0.0,NO,0.0,0.0,0.0,0.0,124142.61,124142.61,0.0,0.0,123563.54,-1847.74,24.14
2019-07-17,106,BULL_100,BULL_100,13.97,297.23,289.4,277.85,26.72,0.0,NO,0.0,0.0,0.0,0.0,121121.61,121121.61,0.0,0.0,120556.63,-3021.0,21.12
2019-07-18,107,BULL_100,BULL_100,13.53,299.16,289.62,277.89,26.21,0.0,NO,0.0,0.0,0.0,0.0,123489.67,123489.67,0.0,0.0,122913.65,2368.06,23.49
2019-07-19,108,BULL_100,BULL_100,14.45,296.33,289.8,277.91,26.99,0.0,NO,0.0,0.0,0.0,0.0,119903.54,119903.54,0.0,0.0,119344.24,-3586.13,19.9
2019-07-22,109,BULL_100,BULL_100,13.53,298.07,290.02,277.95,26.61,0.0,NO,0.0,0.0,0.0,0.0,122410.7,122410.7,0.0,0.0,121839.71,2507.16,22.41
2019-07-23,110,BULL_100,BULL_100,12.61,299.77,290.24,277.99,26.16,0.0,NO,0.0,0.0,0.0,0.0,124077.82,124077.82,0.0,0.0,123499.05,1667.12,24.08
2019-07-24,111,BULL_100,BULL_100,12.07,301.33,290.67,278.05,25.71,0.0,NO,0.0,0.0,0.0,0.0,126388.52,126388.52,0.0,0.0,125798.97,2310.7,26.39
2019-07-25,112,BULL_100,BULL_100,12.74,300.17,290.99,278.11,26.01,0.0,NO,0.0,0.0,0.0,0.0,124935.94,124935.94,0.0,0.0,124353.17,-1452.58,24.94
2019-07-26,113,BULL_100,BULL_100,12.16,301.3,291.32,278.17,25.67,0.0,NO,0.0,0.0,0.0,0.0,126641.86,126641.86,0.0,0.0,126051.13,1705.92,26.64
2019-07-29,114,BULL_100,BULL_100,12.83,301.78,291.6,278.24,25.64,0.0,NO,0.0,0.0,0.0,0.0,126689.98,126689.98,0.0,0.0,126099.03,48.12,26.69
2019-07-30,115,BULL_100,BULL_100,13.94,300.96,291.89,278.36,25.81,0.0,NO,0.0,0.0,0.0,0.0,125534.75,125534.75,0.0,0.0,124949.19,-1155.23,25.53
2019-07-31,116,BULL_100,BULL_100,16.12,296.8,292.13,278.47,26.9,0.0,NO,0.0,0.0,0.0,0.0,119908.19,119908.19,0.0,0.0,119348.87,-5626.56,19.91
2019-08-01,117,BULL_100,BULL_100,17.87,294.15,292.28,278.56,27.66,0.0,NO,0.0,0.0,0.0,0.0,116693.37,116693.37,0.0,0.0,116149.05,-3214.82,16.69
2019-08-02,118,BULL_100,BULL_100,17.61,292.9,292.43,278.65,27.97,0.0,NO,0.0,0.0,0.0,0.0,114840.22,114840.22,0.0,0.0,114304.54,-1853.15,14.84
2019-08-05,119,BULL_100,BULL_100,24.59,277.94,292.34,278.64,32.53,0.0,NO,0.0,0.0,0.0,0.0,97179.62,97179.62,0.0,0.0,96726.32,-17660.6,-2.82
2019-08-06,120,CASH,CASH_IDLE,20.17,286.62,292.42,278.67,29.73,0.0,NO,0.0,0.0,0.0,0.0,97179.62,97179.62,0.0,0.0,102701.77,-0.0,-2.82
2019-08-07,121,SMA_RECOVERY,SMA_RECOVERY,19.49,287.16,292.55,278.72,29.53,0.0,NO,0.0,0.0,0.0,0.0,96891.11,96891.11,0.0,0.0,102396.87,-288.51,-3.11
2019-08-08,122,SMA_RECOVERY,SMA_RECOVERY,16.91,293.12,292.85,278.81,27.77,0.0,NO,0.0,0.0,0.0,0.0,101455.68,101455.68,0.0,0.0,107220.81,4564.57,1.46
2019-08-09,123,BULL_100,BULL_100,17.97,291.9,293.15,278.89,28.07,0.0,NO,0.0,0.0,0.0,0.0,100241.6,100241.6,0.0,0.0,105937.75,-1214.08,0.24
2019-08-12,124,BULL_100,BULL_100,21.09,288.39,293.41,278.97,29.2,0.0,NO,0.0,0.0,0.0,0.0,96626.94,96626.94,0.0,0.0,102117.69,-3614.66,-3.37
2019-08-13,125,DEFENSIVE_BOTH,DEFENSIVE_BOTH,17.52,292.94,293.76,279.1,27.71,0.0,NO,0.0,0.0,0.0,0.0,98666.61,98666.61,0.0,0.0,104273.26,2039.67,-1.33
2019-08-14,126,DEFENSIVE_BOTH,DEFENSIVE_BOTH,22.1,284.47,293.83,279.19,30.49,0.0,NO,0.0,0.0,0.0,0.0,94171.53,94171.53,0.0,0.0,99522.75,-4495.08,-5.83
2019-08-15,127,DEFENSIVE_BOTH,DEFENSIVE_BOTH,21.18,285.29,293.88,279.28,29.87,0.0,NO,0.0,0.0,0.0,0.0,94652.1,94652.1,0.0,0.0,100030.63,480.57,-5.35
2019-08-16,128,DEFENSIVE_BOTH,DEFENSIVE_BOTH,18.47,288.9,293.97,279.41,28.7,0.0,NO,0.0,0.0,0.0,0.0,96244.48,96244.48,0.0,0.0,101713.49,1592.38,-3.76
2019-08-19,129,DEFENSIVE_BOTH,DEFENSIVE_BOTH,16.88,291.76,294.04,279.53,27.9,0.0,NO,0.0,0.0,0.0,0.0,97881.0,97881.0,0.0,0.0,103443.01,1636.52,-2.12
2019-08-20,130,DEFENSIVE_BOTH,DEFENSIVE_BOTH,17.5,289.85,294.06,279.62,28.49,0.0,NO,0.0,0.0,0.0,0.0,96933.09,96933.09,0.0,0.0,102441.23,-947.91,-3.07
2019-08-21,131,DEFENSIVE_BOTH,DEFENSIVE_BOTH,15.8,293.4,294.15,279.72,27.45,0.0,NO,0.0,0.0,0.0,0.0,98745.44,98745.44,0.0,0.0,104356.57,1812.35,-1.25
2019-08-22,132,DEFENSIVE_BOTH,DEFENSIVE_BOTH,16.68,292.24,294.22,279.83,27.82,0.0,NO,0.0,0.0,0.0,0.0,97874.79,97874.79,0.0,0.0,103436.44,-870.65,-2.13
2019-08-23,133,DEFENSIVE_BOTH,DEFENSIVE_BOTH,19.87,284.77,294.13,279.88,29.98,0.0,NO,0.0,0.0,0.0,0.0,93982.62,93982.62,0.0,0.0,99323.1,-3892.17,-6.02
2019-08-26,134,DEFENSIVE_BOTH,DEFENSIVE_BOTH,19.32,287.71,294.1,279.95,29.0,0.0,NO,0.0,0.0,0.0,0.0,95463.29,95463.29,0.0,0.0,100887.91,1480.67,-4.54
2019-08-27,135,DEFENSIVE_BOTH,DEFENSIVE_BOTH,20.31,287.47,294.05,279.98,29.12,0.0,NO,0.0,0.0,0.0,0.0,95437.09,95437.09,0.0,0.0,100860.22,-26.2,-4.56
2019-08-28,136,DEFENSIVE_BOTH,DEFENSIVE_BOTH,19.35,288.51,293.97,280.02,28.68,0.0,NO,0.0,0.0,0.0,0.0,95765.69,95765.69,0.0,0.0,101207.49,328.6,-4.23
2019-08-29,137,DEFENSIVE_BOTH,DEFENSIVE_BOTH,17.88,292.42,293.93,280.1,27.65,0.0,NO,0.0,0.0,0.0,0.0,97818.92,97818.92,0.0,0.0,103377.4,2053.23,-2.18
2019-08-30,138,DEFENSIVE_BOTH,DEFENSIVE_BOTH,18.98,292.32,293.87,280.19,27.56,0.0,NO,0.0,0.0,0.0,0.0,97688.29,97688.29,0.0,0.0,103239.35,-130.63,-2.31
2019-09-03,139,DEFENSIVE_BOTH,DEFENSIVE_BOTH,19.66,290.46,293.81,280.28,28.19,0.0,NO,0.0,0.0,0.0,0.0,96620.55,96620.55,0.0,0.0,102110.93,-1067.74,-3.38
2019-09-04,140,DEFENSIVE_BOTH,DEFENSIVE_BOTH,17.33,293.94,293.82,280.4,27.17,0.0,NO,0.0,0.0,0.0,0.0,98514.07,98514.07,0.0,0.0,104112.05,1893.52,-1.49
2019-09-05,141,DEFENSIVE_BOTH,DEFENSIVE_BOTH,16.27,297.92,293.96,280.53,26.12,0.0,NO,0.0,0.0,0.0,0.0,100708.76,100708.76,0.0,0.0,106431.45,2194.69,0.71
2019-09-06,142,DEFENSIVE_QQQ,DEFENSIVE_QQQ,15.0,298.59,294.12,280.65,25.98,0.0,NO,0.0,0.0,0.0,0.0,100846.59,100846.59,0.0,0.0,106577.11,137.83,0.85
2019-09-09,143,BULL_100,BULL_100,15.27,298.42,294.25,280.8,25.98,0.0,NO,0.0,0.0,0.0,0.0,100507.07,100507.07,0.0,0.0,106218.3,-339.52,0.51
2019-09-10,144,BULL_100,BULL_100,15.2,297.92,294.31,280.97,26.02,0.0,NO,0.0,0.0,0.0,0.0,100034.84,100034.84,0.0,0.0,105719.24,-472.23,0.03
2019-09-11,145,BULL_100,BULL_100,14.61,302.06,294.45,281.15,25.04,0.0,NO,0.0,0.0,0.0,0.0,104317.49,104317.49,0.0,0.0,110245.24,4282.65,4.32
2019-09-12,146,BULL_100,BULL_100,14.22,301.75,294.55,281.35,25.3,0.0,NO,0.0,0.0,0.0,0.0,103818.81,103818.81,0.0,0.0,109718.23,-498.68,3.82
2019-09-13,147,BULL_100,BULL_100,13.74,301.1,294.6,281.52,25.32,0.0,NO,0.0,0.0,0.0,0.0,102913.78,102913.78,0.0,0.0,108761.77,-905.03,2.91
2019-09-16,148,BULL_100,BULL_100,14.67,300.52,294.65,281.68,25.43,0.0,NO,0.0,0.0,0.0,0.0,102337.77,102337.77,0.0,0.0,108153.03,-576.01,2.34
2019-09-17,149,BULL_100,BULL_100,14.44,300.83,294.74,281.82,25.37,0.0,NO,0.0,0.0,0.0,0.0,102752.19,102752.19,0.0,0.0,108591.0,414.42,2.75
2019-09-18,150,BULL_100,BULL_100,13.95,300.85,294.81,281.95,25.38,0.0,NO,0.0,0.0,0.0,0.0,102755.83,102755.83,0.0,0.0,108594.84,3.64,2.76
2019-09-19,151,BULL_100,BULL_100,14.05,301.23,294.86,282.07,25.3,0.0,NO,0.0,0.0,0.0,0.0,103183.36,103183.36,0.0,0.0,109046.67,427.53,3.18
2019-09-20,152,BULL_100,BULL_100,15.32,297.28,294.82,282.17,25.97,0.0,NO,0.0,0.0,0.0,0.0,100355.46,100355.46,0.0,0.0,106058.07,-2827.9,0.36
2019-09-23,153,BULL_100,BULL_100,14.91,299.63,294.8,282.31,25.3,0.0,NO,0.0,0.0,0.0,0.0,102604.9,102604.9,0.0,0.0,108435.34,2249.44,2.6
2019-09-24,154,BULL_100,BULL_100,17.05,296.46,294.71,282.44,26.24,0.0,NO,0.0,0.0,0.0,0.0,98685.79,98685.79,0.0,0.0,104293.53,-3919.11,-1.31
2019-09-25,155,BULL_100,BULL_100,15.96,297.51,294.67,282.61,25.76,0.0,NO,0.0,0.0,0.0,0.0,100168.48,100168.48,0.0,0.0,105860.47,1482.69,0.17
2019-09-26,156,BULL_100,BULL_100,16.07,296.86,294.66,282.78,25.92,0.0,NO,0.0,0.0,0.0,0.0,99401.99,99401.99,0.0,0.0,105050.42,-766.49,-0.6
2019-09-27,157,BULL_100,BULL_100,17.22,295.83,294.6,282.94,26.3,0.0,NO,0.0,0.0,0.0,0.0,97822.89,97822.89,0.0,0.0,103381.59,-1579.1,-2.18
2019-09-30,158,DEFENSIVE_QQQ,DEFENSIVE_QQQ,16.24,297.32,294.62,283.09,25.83,0.0,NO,0.0,0.0,0.0,0.0,99584.87,99584.87,0.0,0.0,105243.7,1761.98,-0.42
2019-10-01,159,DEFENSIVE_QQQ,DEFENSIVE_QQQ,18.56,293.71,294.53,283.23,26.82,0.0,NO,0.0,0.0,0.0,0.0,96379.65,96379.65,0.0,0.0,101856.34,-3205.22,-3.62
2019-10-02,160,DEFENSIVE_QQQ,DEFENSIVE_QQQ,20.56,287.88,294.29,283.37,28.35,0.0,NO,0.0,0.0,0.0,0.0,91616.26,91616.26,0.0,0.0,96822.28,-4763.39,-8.38
2019-10-03,161,DEFENSIVE_BOTH,DEFENSIVE_BOTH,19.12,290.06,294.07,283.54,27.8,0.0,NO,0.0,0.0,0.0,0.0,92692.24,92692.24,0.0,0.0,97959.4,1075.98,-7.31
2019-10-04,162,DEFENSIVE_BOTH,DEFENSIVE_BOTH,17.04,294.52,293.95,283.74,26.55,0.0,NO,0.0,0.0,0.0,0.0,94691.54,94691.54,0.0,0.0,100072.31,1999.3,-5.31
2019-10-07,163,DEFENSIVE_BOTH,DEFENSIVE_BOTH,17.86,293.02,293.79,283.95,26.93,0.0,NO,0.0,0.0,0.0,0.0,94125.84,94125.84,0.0,0.0,99474.46,-565.7,-5.87
2019-10-08,164,DEFENSIVE_SPY,DEFENSIVE_SPY,20.28,288.62,293.53,284.15,28.21,0.0,NO,0.0,0.0,0.0,0.0,91319.0,91319.0,0.0,0.0,96508.13,-2806.84,-8.68
2019-10-09,165,DEFENSIVE_SPY,DEFENSIVE_SPY,18.64,289.24,293.29,284.4,28.0,0.0,NO,0.0,0.0,0.0,0.0,91434.91,91434.91,0.0,0.0,96630.62,115.91,-8.57
2019-10-10,166,DEFENSIVE_BOTH,DEFENSIVE_BOTH,17.57,294.08,293.24,284.7,26.62,0.0,NO,0.0,0.0,0.0,0.0,94197.98,94197.98,0.0,0.0,99550.7,2763.07,-5.8
2019-10-11,167,DEFENSIVE_BOTH,DEFENSIVE_BOTH,15.58,296.89,293.29,284.96,25.97,0.0,NO,0.0,0.0,0.0,0.0,95714.79,95714.79,0.0,0.0,101153.7,1516.81,-4.29
2019-10-14,168,BULL_100,BULL_100,14.57,296.67,293.37,285.2,26.0,0.0,NO,0.0,0.0,0.0,0.0,96144.19,96144.19,0.0,0.0,101607.5,429.4,-3.86
2019-10-15,169,BULL_100,BULL_100,13.54,298.84,293.79,285.46,25.35,0.0,NO,0.0,0.0,0.0,0.0,98290.63,98290.63,0.0,0.0,103875.91,2146.44,-1.71
2019-10-16,170,BULL_100,BULL_100,13.68,298.25,294.02,285.7,25.5,0.0,NO,0.0,0.0,0.0,0.0,97803.79,97803.79,0.0,0.0,103361.41,-486.84,-2.2
2019-10-17,171,BULL_100,BULL_100,13.79,299.12,294.26,285.96,25.24,0.0,NO,0.0,0.0,0.0,0.0,98452.1,98452.1,0.0,0.0,104046.56,648.31,-1.55
2019-10-18,172,BULL_100,BULL_100,14.25,298.0,294.35,286.23,25.56,0.0,NO,0.0,0.0,0.0,0.0,97137.63,97137.63,0.0,0.0,102657.39,-1314.47,-2.86
2019-10-21,173,BULL_100,BULL_100,14.0,300.03,294.52,286.47,25.04,0.0,NO,0.0,0.0,0.0,0.0,99100.14,99100.14,0.0,0.0,104731.42,1962.51,-0.9
2019-10-22,174,BULL_100,BULL_100,14.46,298.58,294.72,286.69,25.41,0.0,NO,0.0,0.0,0.0,0.0,97105.21,97105.21,0.0,0.0,102623.13,-1994.93,-2.89
2019-10-23,175,BULL_100,BULL_100,14.01,300.2,294.87,286.91,24.97,0.0,NO,0.0,0.0,0.0,0.0,98891.62,98891.62,0.0,0.0,104511.05,1786.41,-1.11
2019-10-24,176,BULL_100,BULL_100,13.71,299.75,295.17,287.12,25.13,0.0,NO,0.0,0.0,0.0,0.0,98479.25,98479.25,0.0,0.0,104075.25,-412.37,-1.52
2019-10-25,177,BULL_100,BULL_100,12.65,301.85,295.5,287.34,24.7,0.0,NO,0.0,0.0,0.0,0.0,101128.23,101128.23,0.0,0.0,106874.76,2648.98,1.13
2019-10-28,178,BULL_100,BULL_100,13.11,303.41,295.79,287.56,24.21,0.0,NO,0.0,0.0,0.0,0.0,102901.45,102901.45,0.0,0.0,108748.74,1773.22,2.9
2019-10-29,179,BULL_100,BULL_100,13.2,303.15,296.02,287.79,24.26,0.0,NO,0.0,0.0,0.0,0.0,102330.06,102330.06,0.0,0.0,108144.88,-571.39,2.33
2019-10-30,180,BULL_100,BULL_100,12.33,304.53,296.31,288.01,23.99,0.0,NO,0.0,0.0,0.0,0.0,103804.24,103804.24,0.0,0.0,109702.83,1474.18,3.8
2019-10-31,181,BULL_100,BULL_100,13.22,303.29,296.51,288.22,24.3,0.0,NO,0.0,0.0,0.0,0.0,102537.02,102537.02,0.0,0.0,108363.6,-1267.22,2.54
2019-11-01,182,BULL_100,BULL_100,12.3,306.08,296.79,288.44,23.6,0.0,NO,0.0,0.0,0.0,0.0,105209.09,105209.09,0.0,0.0,111187.51,2672.07,5.21
2019-11-04,183,BULL_100,BULL_100,12.83,307.91,297.25,288.65,23.11,0.0,NO,0.0,0.0,0.0,0.0,107409.63,107409.63,0.0,0.0,113513.09,2200.54,7.41
2019-11-05,184,BULL_100,BULL_100,13.1,306.95,297.64,288.87,23.49,0.0,NO,0.0,0.0,0.0,0.0,106350.52,106350.52,0.0,0.0,112393.8,-1059.11,6.35
2019-11-06,185,BULL_100,BULL_100,12.62,307.17,298.03,289.09,23.39,0.0,NO,0.0,0.0,0.0,0.0,106756.94,106756.94,0.0,0.0,112823.31,406.42,6.76
2019-11-07,186,BULL_100,BULL_100,12.73,308.44,298.43,289.32,23.13,0.0,NO,0.0,0.0,0.0,0.0,107717.81,107717.81,0.0,0.0,113838.78,960.87,7.72
2019-11-08,187,BULL_100,BULL_100,12.07,308.95,298.76,289.53,23.0,0.0,NO,0.0,0.0,0.0,0.0,108444.3,108444.3,0.0,0.0,114606.56,726.49,8.44
2019-11-11,188,BULL_100,BULL_100,12.69,308.45,299.08,289.76,23.1,0.0,NO,0.0,0.0,0.0,0.0,108055.97,108055.97,0.0,0.0,114196.16,-388.33,8.06
2019-11-12,189,BULL_100,BULL_100,12.68,308.66,299.45,289.98,23.09,0.0,NO,0.0,0.0,0.0,0.0,108448.23,108448.23,0.0,0.0,114610.71,392.26,8.45
2019-11-13,190,BULL_100,BULL_100,13.0,309.27,299.75,290.18,22.95,0.0,NO,0.0,0.0,0.0,0.0,108875.43,108875.43,0.0,0.0,115062.18,427.2,8.88
2019-11-14,191,BULL_100,BULL_100,13.05,309.8,299.99,290.38,22.84,0.0,NO,0.0,0.0,0.0,0.0,109076.08,109076.08,0.0,0.0,115274.24,200.65,9.08
2019-11-15,192,BULL_100,BULL_100,12.05,311.67,300.25,290.59,22.36,0.0,NO,0.0,0.0,0.0,0.0,111196.07,111196.07,0.0,0.0,117514.69,2119.99,11.2
2019-11-18,193,BULL_100,BULL_100,12.46,311.9,300.52,290.79,22.32,0.0,NO,0.0,0.0,0.0,0.0,111424.76,111424.76,0.0,0.0,117756.38,228.69,11.42
2019-11-19,194,BULL_100,BULL_100,12.86,311.14,300.79,290.98,22.56,0.0,NO,0.0,0.0,0.0,0.0,110715.12,110715.12,0.0,0.0,117006.41,-709.64,10.72
2019-11-20,195,BULL_100,BULL_100,12.78,310.17,300.95,291.17,22.73,0.0,NO,0.0,0.0,0.0,0.0,109430.77,109430.77,0.0,0.0,115649.08,-1284.35,9.43
2019-11-21,196,BULL_100,BULL_100,13.13,310.19,301.12,291.37,22.72,0.0,NO,0.0,0.0,0.0,0.0,109588.65,109588.65,0.0,0.0,115815.93,157.88,9.59
2019-11-22,197,BULL_100,BULL_100,12.34,311.15,301.32,291.58,22.58,0.0,NO,0.0,0.0,0.0,0.0,110164.58,110164.58,0.0,0.0,116424.59,575.93,10.16
2019-11-25,198,BULL_100,BULL_100,11.87,313.19,301.57,291.79,22.13,0.0,NO,0.0,0.0,0.0,0.0,112742.48,112742.48,0.0,0.0,119148.98,2577.9,12.74
2019-11-26,199,BULL_100,BULL_100,11.54,314.4,301.84,291.99,21.87,0.0,NO,0.0,0.0,0.0,0.0,113933.48,113933.48,0.0,0.0,120407.65,1191.0,13.93
2019-11-27,200,BULL_100,BULL_100,11.75,314.55,302.12,292.19,21.83,0.0,NO,0.0,0.0,0.0,0.0,114277.66,114277.66,0.0,0.0,120771.39,344.18,14.28
2019-11-29,201,BULL_100,BULL_100,12.62,314.65,302.39,292.39,21.89,0.0,NO,0.0,0.0,0.0,0.0,114158.51,114158.51,0.0,0.0,120645.47,-119.15,14.16
2019-12-02,202,BULL_100,BULL_100,14.91,311.42,302.67,292.56,22.57,0.0,NO,0.0,0.0,0.0,0.0,110330.38,110330.38,0.0,0.0,116599.81,-3828.13,10.33
2019-12-03,203,BULL_100,BULL_100,15.96,309.54,302.87,292.72,22.89,0.0,NO,0.0,0.0,0.0,0.0,108368.27,108368.27,0.0,0.0,114526.21,-1962.11,8.37
2019-12-04,204,BULL_100,BULL_100,14.8,311.2,303.16,292.88,22.51,0.0,NO,0.0,0.0,0.0,0.0,110246.5,110246.5,0.0,0.0,116511.16,1878.23,10.25
2019-12-05,205,BULL_100,BULL_100,14.52,312.1,303.45,293.06,22.35,0.0,NO,0.0,0.0,0.0,0.0,111106.84,111106.84,0.0,0.0,117420.39,860.34,11.11
2019-12-06,206,BULL_100,BULL_100,13.62,315.03,303.82,293.24,21.76,0.0,NO,0.0,0.0,0.0,0.0,114134.0,114134.0,0.0,0.0,120619.57,3027.16,14.13
2019-12-09,207,BULL_100,BULL_100,15.86,313.72,304.17,293.41,22.05,0.0,NO,0.0,0.0,0.0,0.0,112662.2,112662.2,0.0,0.0,119064.13,-1471.8,12.66
2019-12-10,208,BULL_100,BULL_100,15.68,313.6,304.5,293.58,22.03,0.0,NO,0.0,0.0,0.0,0.0,112803.34,112803.34,0.0,0.0,119213.3,141.14,12.8
2019-12-11,209,BULL_100,BULL_100,14.99,314.78,304.92,293.76,21.81,0.0,NO,0.0,0.0,0.0,0.0,114074.9,114074.9,0.0,0.0,120557.11,1271.56,14.07
2019-12-12,210,BULL_100,BULL_100,13.94,318.39,305.53,293.96,21.04,0.0,NO,0.0,0.0,0.0,0.0,117928.56,117928.56,0.0,0.0,124629.75,3853.66,17.93
2019-12-13,211,BULL_100,BULL_100,12.63,317.32,306.08,294.14,21.25,0.0,NO,0.0,0.0,0.0,0.0,117103.89,117103.89,0.0,0.0,123758.22,-824.67,17.1
2019-12-16,212,BULL_100,BULL_100,12.14,319.39,306.57,294.34,20.82,0.0,NO,0.0,0.0,0.0,0.0,119471.65,119471.65,0.0,0.0,126260.53,2367.76,19.47
2019-12-17,213,BULL_100,BULL_100,12.29,319.39,307.1,294.54,20.84,0.0,NO,0.0,0.0,0.0,0.0,119403.07,119403.07,0.0,0.0,126188.05,-68.58,19.4
2019-12-18,214,BULL_100,BULL_100,12.58,319.79,307.72,294.76,20.77,0.0,NO,0.0,0.0,0.0,0.0,120007.02,120007.02,0.0,0.0,126826.32,603.95,20.01
2019-12-19,215,BULL_100,BULL_100,12.5,321.17,308.36,294.99,20.51,0.0,NO,0.0,0.0,0.0,0.0,121653.91,121653.91,0.0,0.0,128566.79,1646.89,21.65
2019-12-20,216,BULL_100,BULL_100,12.51,321.15,308.9,295.22,20.23,0.0,NO,0.0,0.0,0.0,0.0,123229.51,123229.51,0.0,0.0,130231.92,1575.6,23.23
2019-12-23,217,BULL_100,BULL_100,12.61,321.48,309.4,295.43,20.18,0.0,NO,0.0,0.0,0.0,0.0,123646.0,123646.0,0.0,0.0,130672.08,416.49,23.65
2019-12-24,218,BULL_100,BULL_100,12.67,321.24,309.89,295.64,20.1,0.0,NO,0.0,0.0,0.0,0.0,123450.95,123450.95,0.0,0.0,130465.95,-195.05,23.45
2019-12-26,219,BULL_100,BULL_100,12.65,322.95,310.37,295.85,19.83,0.0,NO,0.0,0.0,0.0,0.0,125737.33,125737.33,0.0,0.0,132882.25,2286.38,25.74
2019-12-27,220,BULL_TRIMMED,BULL_TRIMMED,13.43,322.45,310.85,296.05,19.9,0.0,NO,0.0,0.0,0.0,0.0,125283.96,125283.96,0.0,0.0,132403.12,-453.37,25.28
2019-12-30,221,BULL_TRIMMED,BULL_TRIMMED,14.82,321.29,311.3,296.25,20.15,0.0,NO,0.0,0.0,0.0,0.0,124233.68,124233.68,0.0,0.0,131293.16,-1050.28,24.23
2020-01-02,222,BULL_TRIMMED,BULL_TRIMMED,12.47,325.07,311.84,296.47,19.47,0.0,NO,0.0,0.0,0.0,0.0,128045.33,128045.33,0.0,0.0,135321.4,3811.65,28.05
2020-01-03,223,BULL_TRIMMED,BULL_TRIMMED,14.02,322.74,312.29,296.67,19.93,0.0,NO,0.0,0.0,0.0,0.0,125536.57,125536.57,0.0,0.0,132670.08,-2508.76,25.54
2020-01-06,224,BULL_TRIMMED,BULL_TRIMMED,13.85,323.22,312.79,296.88,19.79,0.0,NO,0.0,0.0,0.0,0.0,126363.46,126363.46,0.0,0.0,133543.96,826.89,26.36
2020-01-07,225,BULL_TRIMMED,BULL_TRIMMED,13.79,319.47,313.17,297.05,20.49,0.0,NO,0.0,0.0,0.0,0.0,123148.4,123148.4,0.0,0.0,130146.2,-3215.06,23.15
2020-01-08,226,BULL_100,BULL_100,13.45,325.15,313.68,297.28,19.44,0.0,NO,0.0,0.0,0.0,0.0,129442.61,129442.61,0.0,0.0,136798.08,6294.21,29.44
2020-01-09,227,BULL_100,BULL_100,12.54,326.9,314.18,297.52,19.16,0.0,NO,0.0,0.0,0.0,0.0,131429.72,131429.72,0.0,0.0,138898.1,1987.11,31.43
2020-01-10,228,BULL_100,BULL_100,12.56,325.62,314.62,297.74,19.37,0.0,NO,0.0,0.0,0.0,0.0,129766.31,129766.31,0.0,0.0,137140.17,-1663.41,29.77
2020-01-13,229,BULL_100,BULL_100,12.32,328.38,315.13,297.99,18.87,0.0,NO,0.0,0.0,0.0,0.0,133851.14,133851.14,0.0,0.0,141457.12,4084.83,33.85
2020-01-14,230,BULL_100,BULL_100,12.39,327.2,315.58,298.21,19.11,0.0,NO,0.0,0.0,0.0,0.0,131956.73,131956.73,0.0,0.0,139455.06,-1894.41,31.96
2020-01-15,231,BULL_100,BULL_100,12.42,328.8,316.09,298.45,18.8,0.0,NO,0.0,0.0,0.0,0.0,133866.11,133866.11,0.0,0.0,141472.94,1909.38,33.87
2020-01-16,232,BULL_100,BULL_100,12.32,331.13,316.59,298.67,18.45,0.0,NO,0.0,0.0,0.0,0.0,136376.08,136376.08,0.0,0.0,144125.54,2509.97,36.38
2020-01-17,233,BULL_100,BULL_100,12.1,331.8,317.07,298.9,18.33,0.0,NO,0.0,0.0,0.0,0.0,137578.74,137578.74,0.0,0.0,145396.54,1202.66,37.58
2020-01-21,234,BULL_100,BULL_100,12.85,331.2,317.56,299.12,18.4,0.0,NO,0.0,0.0,0.0,0.0,137084.95,137084.95,0.0,0.0,144874.69,-493.79,37.08
2020-01-22,235,BULL_100,BULL_100,12.91,330.69,318.03,299.34,18.47,0.0,NO,0.0,0.0,0.0,0.0,136566.56,136566.56,0.0,0.0,144326.84,-518.39,36.57
2020-01-23,236,BULL_100,BULL_100,12.98,332.25,318.5,299.56,18.26,0.0,NO,0.0,0.0,0.0,0.0,138990.81,138990.81,0.0,0.0,146888.85,2424.25,38.99
2020-01-24,237,BULL_100,BULL_100,14.56,328.41,318.89,299.76,18.82,0.0,NO,0.0,0.0,0.0,0.0,133656.79,133656.79,0.0,0.0,141251.73,-5334.02,33.66
2020-01-27,238,BULL_100,BULL_100,18.23,324.03,319.2,299.94,19.66,0.0,NO,0.0,0.0,0.0,0.0,128236.42,128236.42,0.0,0.0,135523.35,-5420.37,28.24
2020-01-28,239,BULL_100,BULL_100,16.28,326.89,319.57,300.13,19.11,0.0,NO,0.0,0.0,0.0,0.0,131877.29,131877.29,0.0,0.0,139371.11,3640.87,31.88
2020-01-29,240,BULL_100,BULL_100,16.39,326.73,319.92,300.33,19.23,0.0,NO,0.0,0.0,0.0,0.0,132274.58,132274.58,0.0,0.0,139790.97,397.29,32.27
2020-01-30,241,BULL_100,BULL_100,15.49,328.32,320.29,300.52,18.83,0.0,NO,0.0,0.0,0.0,0.0,134555.15,134555.15,0.0,0.0,142201.13,2280.57,34.56
2020-01-31,242,BULL_100,BULL_100,18.84,321.92,320.49,300.68,19.95,0.0,NO,0.0,0.0,0.0,0.0,126372.0,126372.0,0.0,0.0,133552.98,-8183.15,26.37
2020-02-03,243,BULL_100,BULL_100,17.97,323.61,320.73,300.84,19.66,0.0,NO,0.0,0.0,0.0,0.0,128445.29,128445.29,0.0,0.0,135744.09,2073.29,28.45
2020-02-04,244,BULL_100,BULL_100,16.05,328.88,321.08,301.04,18.58,0.0,NO,0.0,0.0,0.0,0.0,136055.4,136055.4,0.0,0.0,143786.63,7610.11,36.06
2020-02-05,245,BULL_100,BULL_100,15.15,332.9,321.54,301.25,18.01,0.0,NO,0.0,0.0,0.0,0.0,140496.39,140496.39,0.0,0.0,148479.98,4440.99,40.5
2020-02-06,246,BULL_100,BULL_100,14.96,334.45,322.02,301.48,17.8,0.0,NO,0.0,0.0,0.0,0.0,142404.42,142404.42,0.0,0.0,150496.43,1908.03,42.4
2020-02-07,247,BULL_100,BULL_100,15.47,331.74,322.43,301.67,18.23,0.0,NO,0.0,0.0,0.0,0.0,139292.2,139292.2,0.0,0.0,147207.36,-3112.22,39.29
2020-02-10,248,BULL_100,BULL_100,15.04,334.61,322.86,301.88,17.77,0.0,NO,0.0,0.0,0.0,0.0,143351.61,143351.61,0.0,0.0,151497.45,4059.41,43.35
2020-02-11,249,BULL_100,BULL_100,15.18,335.62,323.29,302.1,17.6,0.0,NO,0.0,0.0,0.0,0.0,144619.73,144619.73,0.0,0.0,152837.63,1268.12,44.62
2020-02-12,250,BULL_100,BULL_100,13.74,336.15,323.72,302.31,17.5,0.0,NO,0.0,0.0,0.0,0.0,145634.88,145634.88,0.0,0.0,153910.46,1015.15,45.63
2020-02-13,251,BULL_100,BULL_100,14.15,337.06,324.17,302.53,17.33,0.0,NO,0.0,0.0,0.0,0.0,146408.68,146408.68,0.0,0.0,154728.23,773.8,46.41
2020-02-14,252,BULL_100,BULL_100,13.68,337.81,324.69,302.75,17.29,0.0,NO,0.0,0.0,0.0,0.0,147342.28,147342.28,0.0,0.0,155714.88,933.6,47.34
2020-02-18,253,BULL_100,BULL_100,14.83,337.4,325.25,302.98,17.39,0.0,NO,0.0,0.0,0.0,0.0,147526.62,147526.62,0.0,0.0,155909.7,184.34,47.53
2020-02-19,254,BULL_100,BULL_100,14.38,338.86,325.81,303.21,17.13,0.0,NO,0.0,0.0,0.0,0.0,149638.78,149638.78,0.0,0.0,158141.88,2112.16,49.64
2020-02-20,255,BULL_100,BULL_100,15.56,335.36,326.27,303.42,17.67,0.0,NO,0.0,0.0,0.0,0.0,144532.84,144532.84,0.0,0.0,152745.8,-5105.94,44.53
2020-02-21,256,BULL_100,BULL_100,17.08,333.45,326.64,303.63,17.96,0.0,NO,0.0,0.0,0.0,0.0,141215.54,141215.54,0.0,0.0,149239.99,-3317.3,41.22
2020-02-24,257,BULL_100,BULL_100,25.03,323.8,326.84,303.81,19.54,0.0,NO,0.0,0.0,0.0,0.0,128031.37,128031.37,0.0,0.0,135306.65,-13184.17,28.03
2020-02-25,258,BULL_100,BULL_100,27.85,315.0,326.87,303.95,21.09,0.0,NO,0.0,0.0,0.0,0.0,118097.27,118097.27,0.0,0.0,124808.05,-9934.1,18.1
2020-02-26,259,DEFENSIVE_SPY,DEFENSIVE_SPY,27.56,310.28,326.78,304.06,22.16,0.0,NO,0.0,0.0,0.0,0.0,113742.64,113742.64,0.0,0.0,120205.97,-4354.63,13.74
2020-02-27,260,DEFENSIVE_BOTH,DEFENSIVE_BOTH,39.16,296.87,326.35,304.1,24.99,0.0,NO,0.0,0.0,0.0,0.0,105658.02,105658.02,0.0,0.0,111661.95,-8084.62,5.66
2020-02-28,261,CASH,CASH_IDLE,40.11,299.0,325.98,304.2,24.5,0.0,NO,0.0,0.0,0.0,0.0,105658.02,105658.02,0.0,0.0,108695.64,0.0,5.66
2020-03-02,262,CASH,CASH_SPXU,33.42,308.3,325.76,304.32,21.95,0.0,NO,2187.5367,0.0,48016.43,0.0,52722.35,100738.78,0.4766,47.7,108695.64,-4919.24,0.74
2020-03-03,263,CASH,CASH_SPXU,36.82,299.34,325.36,304.39,24.01,0.0,NO,2187.5367,0.0,52522.76,0.0,52722.35,105245.11,0.4991,49.9,108695.64,4506.33,5.25
2020-03-04,264,CASH,CASH_SPXU,31.99,310.83,325.18,304.51,21.11,0.0,NO,2187.5367,0.0,46178.9,0.0,52722.35,98901.25,0.4669,46.7,108695.64,-6343.86,-1.1
2020-03-05,265,CASH,CASH_SPXU,39.62,302.77,324.81,304.59,22.67,0.0,NO,2187.5367,0.0,49591.46,0.0,52722.35,102313.81,0.4847,48.5,108695.64,3412.56,2.31
2020-03-06,266,CASH,CASH_SPXU,41.94,295.35,324.3,304.64,24.3,0.0,NO,2187.5367,0.0,53157.14,0.0,52722.35,105879.49,0.5021,50.2,108695.64,3565.68,5.88
2020-03-09,267,CASH,CASH_SPXU,54.46,280.29,323.47,304.61,27.47,0.0,NO,2187.5367,0.0,60091.63,0.0,52722.35,112813.99,0.5327,53.3,108695.64,6934.5,12.81
2020-03-10,268,CASH,CASH_SPXU,47.3,283.17,322.71,304.6,26.5,0.0,NO,2187.5367,0.0,57969.72,0.0,52722.35,110692.07,0.5237,52.4,108695.64,-2121.92,10.69
2020-03-11,269,CASH,CASH_SPXU,53.9,273.8,321.73,304.56,28.8,0.0,NO,2187.5367,0.0,63001.06,0.0,52722.35,115723.41,0.5444,54.4,108695.64,5031.34,15.72
2020-03-12,270,CASH,CASH_SPXU,75.47,244.85,320.18,304.37,38.4,0.0,NO,2187.5367,0.0,84001.41,0.0,52722.35,136723.76,0.6144,61.4,108695.64,21000.35,36.72
2020-03-13,271,CASH,CASH_SPXU,57.83,267.15,319.09,304.3,28.0,0.0,NO,2187.5367,0.0,61251.03,0.0,52722.35,113973.38,0.5374,53.7,108695.64,-22750.38,13.97
2020-03-16,272,CASH,CASH_SPXU,82.69,244.86,317.49,304.13,33.39,0.0,NO,2187.5367,0.0,73041.85,0.0,52722.35,125764.2,0.5808,58.1,108695.64,11790.82,25.76
2020-03-17,273,CASH,CASH_SPXU,75.91,242.95,315.89,303.96,33.35,0.0,NO,2187.5367,0.0,72954.35,0.0,52722.35,125676.7,0.5805,58.0,108695.64,-87.5,25.68
2020-03-18,274,CASH,CASH_SPXU,76.45,246.0,314.35,303.82,31.6,0.0,NO,2187.5367,0.0,69126.16,0.0,52722.35,121848.51,0.5673,56.7,108695.64,-3828.19,21.85
2020-03-19,275,CASH,CASH_SPXU,72.0,237.35,312.71,303.63,35.51,0.0,NO,2187.5367,0.0,77679.43,0.0,52722.35,130401.78,0.5957,59.6,108695.64,8553.27,30.4
2020-03-20,276,CASH,CASH_SPXU,66.04,226.37,310.73,303.35,39.57,0.0,NO,2187.5367,0.0,86560.83,0.0,52722.35,139283.18,0.6215,62.1,108695.64,8881.4,39.28
2020-03-23,277,CASH,CASH_SPXU,61.59,226.39,308.72,303.07,39.4,0.0,NO,2187.5367,0.0,86188.94,0.0,52722.35,138911.3,0.6205,62.0,108695.64,-371.88,38.91
2020-03-24,278,CASH,CASH_SPXU,61.67,242.47,307.06,302.86,30.2,0.0,NO,2187.5367,0.0,66063.61,0.0,52722.35,118785.96,0.5562,55.6,108695.64,-20125.34,18.79
2020-03-25,279,CASH,CASH_SPXU,63.95,246.96,305.43,302.66,28.5,0.0,NO,2187.5367,0.0,62344.8,0.0,52722.35,115067.15,0.5418,54.2,108695.64,-3718.81,15.07
2020-03-26,280,CASH,CASH_SPXU,61.0,263.35,304.15,302.53,22.99,0.0,NO,2187.5367,0.0,50291.47,0.0,52722.35,103013.82,0.4882,48.8,108695.64,-12053.33,3.01
2020-03-27,281,CASH,CASH_SPXU,65.54,252.09,302.62,302.34,25.7,0.0,NO,2187.5367,0.0,56219.69,0.0,52722.35,108942.05,0.5161,51.6,108695.64,5928.23,8.94
2020-03-30,282,CASH,CASH_SPXU,57.08,261.9,301.23,302.21,23.0,0.0,NO,2187.5367,0.0,50313.34,0.0,52722.35,103035.7,0.4883,48.8,108695.64,-5906.35,3.04
2020-03-31,283,CASH,CASH_SPXU,53.54,254.31,299.68,302.03,25.06,0.0,NO,2187.5367,0.0,54819.67,0.0,52722.35,107542.02,0.5098,51.0,108695.64,4506.32,7.54
2020-04-01,284,CASH,CASH_SPXU,57.06,247.5,298.01,301.82,26.95,0.0,NO,2187.5367,0.0,58954.11,0.0,52722.35,111676.47,0.5279,52.8,108695.64,4134.45,11.68
2020-04-02,285,CASH,CASH_SPXU,50.91,250.89,296.41,301.63,25.79,0.0,NO,2187.5367,0.0,56416.57,0.0,52722.35,109138.92,0.5169,51.7,108695.64,-2537.55,9.14
2020-04-03,286,CASH,CASH_SPXU,46.8,247.99,294.73,301.41,26.67,0.0,NO,2187.5367,0.0,58341.6,0.0,52722.35,111063.96,0.5253,52.5,108695.64,1925.04,11.06
2020-04-06,287,CASH,CASH_SPXU,45.24,266.53,293.49,301.27,20.77,0.0,NO,2187.5367,0.0,45435.14,0.0,52722.35,98157.49,0.4629,46.3,108695.64,-12906.47,-1.84
2020-04-07,288,CASH,CASH_SPXU,46.7,265.2,292.31,301.12,21.04,0.0,NO,2187.5367,0.0,46025.77,0.0,52722.35,98748.12,0.4661,46.6,108695.64,590.63,-1.25
2020-04-08,289,CASH,CASH_SPXU,43.35,274.97,291.28,301.03,18.76,0.0,NO,2187.5367,0.0,41038.19,0.0,52722.35,93760.54,0.4377,43.8,108695.64,-4987.58,-6.24
2020-04-09,290,CASH,CASH_SPXU,41.67,279.03,290.32,300.95,17.97,0.0,NO,2187.5367,0.0,39310.03,0.0,52722.35,92032.39,0.4271,42.7,108695.64,-1728.15,-7.97
2020-04-13,291,CASH,CASH_SPXU,41.17,277.02,289.3,300.88,18.26,0.0,NO,2187.5367,0.0,39944.42,0.0,52722.35,92666.77,0.4311,43.1,108695.64,634.38,-7.33
2020-04-14,292,CASH,CASH_SPXU,37.76,283.39,288.52,300.85,16.98,0.0,NO,2187.5367,0.0,37144.37,0.0,52722.35,89866.73,0.4133,41.3,108695.64,-2800.04,-10.13
2020-04-15,293,CASH,CASH_SPXU,40.84,275.66,287.57,300.77,18.42,0.0,NO,2187.5367,0.0,40294.43,0.0,52722.35,93016.78,0.4332,43.3,108695.64,3150.05,-6.98
2020-04-16,294,CASH,CASH_SPXU,40.11,287.51,286.74,300.73,16.12,0.0,NO,2187.5367,0.0,35263.09,0.0,52722.35,87985.44,0.4008,40.1,108695.64,-5031.34,-12.01
2020-04-17,295,CASH,CASH_IDLE,38.15,286.65,285.81,300.69,16.3,0.0,NO,0.0,0.0,0.0,0.0,88306.89,88306.89,0.0,0.0,108695.64,321.45,-11.69
2020-04-20,296,CASH,CASH_SPXU,43.83,281.92,284.76,300.61,17.07,0.0,NO,2682.4692,0.0,45789.75,0.0,44064.14,89853.89,0.5096,51.0,108695.64,1547.0,-10.15
2020-04-21,297,CASH,CASH_SPXU,45.41,274.47,283.62,300.49,18.41,0.0,NO,2682.4692,0.0,49384.26,0.0,44064.14,93448.39,0.5285,52.8,108695.64,3594.5,-6.55
2020-04-22,298,CASH,CASH_SPXU,41.98,278.13,282.49,300.39,17.65,0.0,NO,2682.4692,0.0,47345.58,0.0,44064.14,91409.72,0.5179,51.8,108695.64,-2038.67,-8.59
2020-04-23,299,CASH,CASH_SPXU,41.38,277.37,281.32,300.3,17.79,0.0,NO,2682.4692,0.0,47721.13,0.0,44064.14,91785.26,0.5199,52.0,108695.64,375.54,-8.21
2020-04-24,300,CASH,CASH_SPXU,35.93,283.25,280.26,300.23,16.66,0.0,NO,2682.4692,0.0,44689.94,0.0,44064.14,88754.07,0.5035,50.4,108695.64,-3031.19,-11.25
2020-04-27,301,CASH,CASH_IDLE,33.29,286.95,279.26,300.17,16.02,0.0,NO,0.0,0.0,0.0,0.0,87780.25,87780.25,0.0,0.0,108695.64,-973.82,-12.22
2020-04-28,302,CASH,CASH_SPXU,33.57,287.39,278.25,300.11,15.94,0.0,NO,2772.5916,0.0,44195.11,0.0,43801.34,87996.45,0.5022,50.2,108695.64,216.2,-12.0
2020-04-29,303,CASH,CASH_IDLE,31.23,294.84,277.4,300.08,14.69,0.0,NO,0.0,0.0,0.0,0.0,87021.61,87021.61,0.0,0.0,108695.64,-974.84,-12.98
2020-04-30,304,CASH,CASH_SPXU,34.15,287.68,276.38,300.01,15.83,0.0,NO,2945.8906,0.0,46633.45,0.0,43422.78,90056.23,0.5178,51.8,108695.64,3034.62,-9.94
2020-05-01,305,CASH,CASH_IDLE,37.19,282.81,275.33,299.93,16.58,0.0,NO,0.0,0.0,0.0,0.0,91490.76,91490.76,0.0,0.0,108695.64,1434.53,-8.51
2020-05-04,306,CASH,CASH_SPXU,35.97,283.5,274.33,299.86,16.45,0.0,NO,2692.4886,0.0,44291.44,0.0,45652.89,89944.33,0.4924,49.2,108695.64,-1546.43,-10.06
2020-05-05,307,CASH,CASH_IDLE,33.61,287.02,273.59,299.8,15.85,0.0,NO,0.0,0.0,0.0,0.0,88538.07,88538.07,0.0,0.0,108695.64,-1406.26,-11.46
2020-05-06,308,CASH,CASH_SPXU,34.12,283.68,272.97,299.74,16.41,0.0,NO,2814.306,0.0,46182.76,0.0,44179.49,90362.26,0.5111,51.1,108695.64,1824.19,-9.64
2020-05-07,309,CASH,CASH_IDLE,31.44,289.52,272.55,299.7,15.42,0.0,NO,0.0,0.0,0.0,0.0,88864.55,88864.55,0.0,0.0,108695.64,-1497.71,-11.14
2020-05-08,310,CASH,CASH_SPXU,27.98,293.74,272.49,299.67,14.77,0.0,NO,2923.176,0.0,43175.31,0.0,44342.41,87517.72,0.4933,49.3,108695.64,-1346.83,-12.48
2020-05-11,311,CASH,CASH_IDLE,27.57,291.95,272.35,299.62,15.01,0.0,NO,0.0,0.0,0.0,0.0,87372.02,87372.02,0.0,0.0,108695.64,-145.7,-12.63
2020-05-12,312,CASH,CASH_IDLE,33.04,283.29,271.85,299.53,16.37,0.0,NO,0.0,0.0,0.0,0.0,87372.02,87372.02,0.0,0.0,108695.64,0.0,-12.63
2020-05-13,313,CASH,CASH_SPXU,35.28,282.02,271.5,299.44,16.57,0.0,NO,2733.793,0.0,45298.95,0.0,43597.64,88896.59,0.5096,51.0,108695.64,1524.57,-11.1
2020-05-14,314,CASH,CASH_IDLE,32.61,285.72,271.0,299.36,15.94,0.0,NO,0.0,0.0,0.0,0.0,89405.22,89405.22,0.0,0.0,108695.64,508.63,-10.59
2020-05-15,315,CASH,CASH_SPXU,31.89,285.69,270.66,299.28,15.95,0.0,NO,2825.7024,0.0,45069.95,0.0,44612.21,89682.16,0.5026,50.3,108695.64,276.94,-10.32
2020-05-18,316,CASH,CASH_IDLE,29.3,295.4,270.66,299.27,14.31,0.0,NO,0.0,0.0,0.0,0.0,87786.19,87786.19,0.0,0.0,108695.64,-1895.97,-12.21
2020-05-19,317,CASH,CASH_IDLE,30.53,292.72,270.91,299.27,14.71,0.0,NO,0.0,0.0,0.0,0.0,87786.19,87786.19,0.0,0.0,108695.64,-0.0,-12.21
2020-05-20,318,CASH,CASH_SPXU,27.99,296.83,271.18,299.29,14.08,0.0,NO,3006.3763,0.0,42329.78,0.0,43804.31,86134.09,0.4914,49.1,108695.64,-1652.1,-13.87
2020-05-21,319,CASH,CASH_IDLE,29.53,295.38,271.61,299.37,14.28,0.0,NO,0.0,0.0,0.0,0.0,86678.5,86678.5,0.0,0.0,108695.64,544.41,-13.32
2020-05-22,320,CASH,CASH_IDLE,28.16,295.57,272.63,299.42,14.2,0.0,NO,0.0,0.0,0.0,0.0,86678.5,86678.5,0.0,0.0,108695.64,0.0,-13.32
2020-05-26,321,CASH,CASH_IDLE,28.01,299.39,273.27,299.48,13.69,0.0,NO,0.0,0.0,0.0,0.0,86678.5,86678.5,0.0,0.0,108695.64,0.0,-13.32
2020-05-27,322,CASH,CASH_IDLE,27.62,304.45,274.46,299.54,13.01,0.0,NO,0.0,0.0,0.0,0.0,86678.5,86678.5,0.0,0.0,108695.64,0.0,-13.32
2020-05-28,323,SMA_RECOVERY,SMA_RECOVERY,28.59,302.79,275.66,299.59,13.22,0.0,NO,0.0,0.0,0.0,0.0,85393.18,85393.18,0.0,0.0,107083.84,-1285.32,-14.61
2020-05-29,324,BULL_100,BULL_100,27.51,306.09,276.86,299.68,12.81,0.0,NO,0.0,0.0,0.0,0.0,88379.51,88379.51,0.0,0.0,110828.72,2986.33,-11.62
2020-06-01,325,BULL_100,BULL_100,28.23,304.19,278.2,299.74,13.03,0.0,NO,0.0,0.0,0.0,0.0,87330.52,87330.52,0.0,0.0,109513.28,-1048.99,-12.67
2020-06-02,326,BULL_100,BULL_100,26.84,308.89,279.85,299.86,12.45,0.0,NO,0.0,0.0,0.0,0.0,91101.61,91101.61,0.0,0.0,114242.26,3771.09,-8.9
2020-06-03,327,BULL_100,BULL_100,25.66,312.66,281.57,299.99,11.98,0.0,NO,0.0,0.0,0.0,0.0,93783.04,93783.04,0.0,0.0,117604.8,2681.43,-6.22
2020-06-04,328,BULL_100,BULL_100,25.81,311.2,282.95,300.11,12.15,0.0,NO,0.0,0.0,0.0,0.0,92218.01,92218.01,0.0,0.0,115642.23,-1565.03,-7.78
2020-06-05,329,BULL_100,BULL_100,24.52,319.15,284.39,300.24,11.16,0.0,NO,0.0,0.0,0.0,0.0,98757.47,98757.47,0.0,0.0,123842.78,6539.46,-1.24
2020-06-08,330,BULL_100,BULL_100,25.81,322.61,285.58,300.41,10.84,0.0,NO,0.0,0.0,0.0,0.0,101760.34,101760.34,0.0,0.0,127608.4,3002.87,1.76
2020-06-09,331,BULL_100,BULL_100,27.57,321.92,286.97,300.55,10.91,0.0,NO,0.0,0.0,0.0,0.0,102006.39,102006.39,0.0,0.0,127916.95,246.05,2.01
2020-06-10,332,BULL_100,BULL_100,27.57,316.68,288.07,300.67,11.46,0.0,NO,0.0,0.0,0.0,0.0,98735.61,98735.61,0.0,0.0,123815.37,-3270.78,-1.26
2020-06-11,333,BULL_100,BULL_100,40.79,303.08,289.05,300.76,12.83,0.0,NO,0.0,0.0,0.0,0.0,86013.36,86013.36,0.0,0.0,107861.55,-12722.25,-13.99
2020-06-12,334,CASH,CASH_IDLE,36.09,303.5,290.17,300.84,12.75,0.0,NO,0.0,0.0,0.0,0.0,86013.36,86013.36,0.0,0.0,109452.07,0.0,-13.99
2020-06-15,335,CASH,CASH_IDLE,34.4,310.15,291.35,300.96,11.94,0.0,NO,0.0,0.0,0.0,0.0,86013.36,86013.36,0.0,0.0,109452.07,0.0,-13.99
2020-06-16,336,CASH,CASH_IDLE,33.67,313.9,292.67,301.08,11.49,0.0,NO,0.0,0.0,0.0,0.0,86013.36,86013.36,0.0,0.0,109452.07,0.0,-13.99
2020-06-17,337,CASH,CASH_IDLE,33.47,310.6,293.55,301.17,11.86,0.0,NO,0.0,0.0,0.0,0.0,86013.36,86013.36,0.0,0.0,109452.07,0.0,-13.99
2020-06-18,338,CASH,CASH_IDLE,32.94,312.93,294.5,301.28,11.6,0.0,NO,0.0,0.0,0.0,0.0,86013.36,86013.36,0.0,0.0,109452.07,0.0,-13.99
2020-06-19,339,CASH,CASH_IDLE,35.12,306.15,295.13,301.35,12.2,0.0,NO,0.0,0.0,0.0,0.0,86013.36,86013.36,0.0,0.0,109452.07,0.0,-13.99
2020-06-22,340,CASH,CASH_IDLE,31.77,312.29,295.79,301.45,11.51,0.0,NO,0.0,0.0,0.0,0.0,86013.36,86013.36,0.0,0.0,109452.07,0.0,-13.99
2020-06-23,341,CASH,CASH_IDLE,31.37,311.2,296.48,301.51,11.62,0.0,NO,0.0,0.0,0.0,0.0,86013.36,86013.36,0.0,0.0,109452.07,0.0,-13.99
2020-06-24,342,CASH,CASH_IDLE,33.84,303.82,296.89,301.54,12.4,0.0,NO,0.0,0.0,0.0,0.0,86013.36,86013.36,0.0,0.0,109452.07,0.0,-13.99
2020-06-25,343,CASH,CASH_IDLE,32.22,307.37,297.52,301.58,12.01,0.0,NO,0.0,0.0,0.0,0.0,86013.36,86013.36,0.0,0.0,109452.07,0.0,-13.99
2020-06-26,344,CASH,CASH_IDLE,34.73,300.15,297.77,301.59,12.82,0.0,NO,0.0,0.0,0.0,0.0,86013.36,86013.36,0.0,0.0,109452.07,0.0,-13.99
2020-06-29,345,CASH,CASH_SPXU,31.78,305.48,298.15,301.61,12.2,0.0,NO,3357.2741,0.0,40958.74,0.0,42919.67,83878.41,0.4883,48.8,109452.07,-2134.95,-16.12
2020-06-30,346,CASH,CASH_IDLE,30.43,308.28,298.68,301.64,11.84,0.0,NO,0.0,0.0,0.0,0.0,84331.59,84331.59,0.0,0.0,109452.07,453.18,-15.67
2020-07-01,347,CASH,CASH_IDLE,28.62,310.35,299.39,301.69,11.59,0.0,NO,0.0,0.0,0.0,0.0,84331.59,84331.59,0.0,0.0,109452.07,-0.0,-15.67
2020-07-02,348,SMA_RECOVERY,SMA_RECOVERY,27.68,312.7,300.09,301.75,11.34,0.0,NO,0.0,0.0,0.0,0.0,84556.81,84556.81,0.0,0.0,109744.39,225.22,-15.44
2020-07-06,349,BULL_100,BULL_100,27.94,317.73,300.89,301.84,10.79,0.0,NO,0.0,0.0,0.0,0.0,88493.74,88493.74,0.0,0.0,114854.04,3936.93,-11.51
2020-07-07,350,BULL_100,BULL_100,29.43,314.18,301.51,301.9,11.15,0.0,NO,0.0,0.0,0.0,0.0,85776.38,85776.38,0.0,0.0,111327.24,-2717.36,-14.22
2020-07-08,351,BULL_100,BULL_100,28.08,316.85,302.11,301.98,10.87,0.0,NO,0.0,0.0,0.0,0.0,88171.93,88171.93,0.0,0.0,114436.37,2395.55,-11.83
2020-07-09,352,BULL_100,BULL_100,29.26,315.16,302.66,302.07,11.01,0.0,NO,0.0,0.0,0.0,0.0,87603.15,87603.15,0.0,0.0,113698.16,-568.78,-12.4
2020-07-10,353,BULL_100,BULL_100,27.29,318.11,303.13,302.16,10.74,0.0,NO,0.0,0.0,0.0,0.0,89956.5,89956.5,0.0,0.0,116752.52,2353.35,-10.04
2020-07-13,354,BULL_100,BULL_100,32.19,315.5,303.69,302.26,10.99,0.0,NO,0.0,0.0,0.0,0.0,87007.73,87007.73,0.0,0.0,112925.38,-2948.77,-12.99
2020-07-14,355,CASH,CASH_IDLE,29.52,320.99,304.45,302.38,10.41,0.0,NO,0.0,0.0,0.0,0.0,87007.73,87007.73,0.0,0.0,112555.79,0.0,-12.99
2020-07-15,356,SMA_RECOVERY,SMA_RECOVERY,27.76,321.86,305.22,302.5,10.34,0.0,NO,0.0,0.0,0.0,0.0,87143.78,87143.78,0.0,0.0,112731.79,136.05,-12.86
2020-07-16,357,BULL_100,BULL_100,28.0,320.41,305.89,302.62,10.47,0.0,NO,0.0,0.0,0.0,0.0,86032.36,86032.36,0.0,0.0,111294.02,-1111.42,-13.97
2020-07-17,358,BULL_100,BULL_100,25.68,321.9,306.65,302.75,10.3,0.0,NO,0.0,0.0,0.0,0.0,87112.83,87112.83,0.0,0.0,112691.75,1080.47,-12.89
2020-07-20,359,BULL_100,BULL_100,24.46,324.38,307.35,302.9,10.08,0.0,NO,0.0,0.0,0.0,0.0,90789.58,90789.58,0.0,0.0,117448.1,3676.75,-9.21
2020-07-21,360,BULL_100,BULL_100,24.84,325.6,307.98,303.09,9.98,0.0,NO,0.0,0.0,0.0,0.0,91015.83,91015.83,0.0,0.0,117740.79,226.25,-8.98
2020-07-22,361,BULL_100,BULL_100,24.32,326.15,308.67,303.27,9.92,0.0,NO,0.0,0.0,0.0,0.0,90977.05,90977.05,0.0,0.0,117690.62,-38.78,-9.02
2020-07-23,362,BULL_100,BULL_100,26.08,323.43,309.47,303.41,10.18,0.0,NO,0.0,0.0,0.0,0.0,87804.43,87804.43,0.0,0.0,113586.42,-3172.62,-12.2
2020-07-24,363,BULL_100,BULL_100,25.84,320.3,310.24,303.55,10.43,0.0,NO,0.0,0.0,0.0,0.0,84973.58,84973.58,0.0,0.0,109924.35,-2830.85,-15.03
2020-07-27,364,BULL_100,BULL_100,24.74,323.75,311.0,303.73,10.14,0.0,NO,0.0,0.0,0.0,0.0,88452.46,88452.46,0.0,0.0,114424.73,3478.88,-11.55
2020-07-28,365,BULL_100,BULL_100,25.44,321.8,311.72,303.89,10.32,0.0,NO,0.0,0.0,0.0,0.0,86597.24,86597.24,0.0,0.0,112024.76,-1855.22,-13.4
2020-07-29,366,BULL_100,BULL_100,24.1,325.15,312.31,304.04,9.98,0.0,NO,0.0,0.0,0.0,0.0,89303.9,89303.9,0.0,0.0,115526.18,2706.66,-10.7
2020-07-30,367,BULL_100,BULL_100,24.76,326.79,313.0,304.19,9.81,0.0,NO,0.0,0.0,0.0,0.0,91673.32,91673.32,0.0,0.0,118591.34,2369.42,-8.33
2020-07-31,368,BULL_100,BULL_100,24.46,326.44,313.59,304.34,9.89,0.0,NO,0.0,0.0,0.0,0.0,91175.44,91175.44,0.0,0.0,117947.26,-497.88,-8.82
2020-08-03,369,BULL_100,BULL_100,24.28,328.81,314.26,304.49,9.65,0.0,NO,0.0,0.0,0.0,0.0,93766.09,93766.09,0.0,0.0,121298.6,2590.65,-6.23
2020-08-04,370,BULL_100,BULL_100,23.76,329.98,314.94,304.65,9.54,0.0,NO,0.0,0.0,0.0,0.0,94767.87,94767.87,0.0,0.0,122594.54,1001.78,-5.23
2020-08-05,371,BULL_100,BULL_100,22.99,331.98,315.6,304.81,9.37,0.0,NO,0.0,0.0,0.0,0.0,96118.72,96118.72,0.0,0.0,124342.03,1350.85,-3.88
2020-08-06,372,BULL_100,BULL_100,22.65,334.11,316.19,305.0,9.18,0.0,NO,0.0,0.0,0.0,0.0,98624.6,98624.6,0.0,0.0,127583.72,2505.88,-1.38
2020-08-07,373,BULL_100,BULL_100,22.21,334.57,316.83,305.17,9.2,0.0,NO,0.0,0.0,0.0,0.0,97948.94,97948.94,0.0,0.0,126709.66,-675.66,-2.05
2020-08-10,374,BULL_100,BULL_100,22.13,335.32,317.41,305.35,9.12,0.0,NO,0.0,0.0,0.0,0.0,98117.72,98117.72,0.0,0.0,126928.0,168.78,-1.88
2020-08-11,375,BULL_100,BULL_100,24.03,333.37,317.99,305.52,9.23,0.0,NO,0.0,0.0,0.0,0.0,96063.7,96063.7,0.0,0.0,124270.86,-2054.02,-3.94
2020-08-12,376,BULL_100,BULL_100,22.28,337.11,318.56,305.7,8.93,0.0,NO,0.0,0.0,0.0,0.0,99543.31,99543.31,0.0,0.0,128772.19,3479.61,-0.46
2020-08-13,377,BULL_100,BULL_100,22.13,337.62,319.06,305.88,8.88,0.0,NO,0.0,0.0,0.0,0.0,100341.18,100341.18,0.0,0.0,129804.34,797.87,0.34
2020-08-14,378,BULL_100,BULL_100,22.05,336.65,319.57,306.05,8.98,0.0,NO,0.0,0.0,0.0,0.0,99238.66,99238.66,0.0,0.0,128378.08,-1102.52,-0.76
2020-08-17,379,BULL_100,BULL_100,21.35,338.62,319.96,306.23,8.81,0.0,NO,0.0,0.0,0.0,0.0,101675.71,101675.71,0.0,0.0,131530.72,2437.05,1.68
2020-08-18,380,BULL_100,BULL_100,21.51,338.92,320.28,306.4,8.78,0.0,NO,0.0,0.0,0.0,0.0,102608.59,102608.59,0.0,0.0,132737.53,932.88,2.61
2020-08-19,381,BULL_100,BULL_100,22.54,336.29,320.57,306.56,8.99,0.0,NO,0.0,0.0,0.0,0.0,100107.98,100107.98,0.0,0.0,129502.66,-2500.61,0.11
2020-08-20,382,BULL_100,BULL_100,22.72,338.97,321.01,306.73,8.78,0.0,NO,0.0,0.0,0.0,0.0,103189.49,103189.49,0.0,0.0,133489.0,3081.51,3.19
2020-08-21,383,BULL_100,BULL_100,22.54,339.63,321.75,306.89,8.74,0.0,NO,0.0,0.0,0.0,0.0,104057.91,104057.91,0.0,0.0,134612.41,868.42,4.06
2020-08-24,384,BULL_100,BULL_100,22.37,343.39,322.54,307.07,8.44,0.0,NO,0.0,0.0,0.0,0.0,107216.95,107216.95,0.0,0.0,138699.04,3159.04,7.22
2020-08-25,385,BULL_100,BULL_100,22.03,344.6,323.23,307.26,8.34,0.0,NO,0.0,0.0,0.0,0.0,108837.19,108837.19,0.0,0.0,140795.03,1620.24,8.84
2020-08-26,386,BULL_100,BULL_100,23.27,347.73,323.91,307.45,8.11,0.0,NO,0.0,0.0,0.0,0.0,112523.44,112523.44,0.0,0.0,145563.67,3686.25,12.52
2020-08-27,387,BULL_TRIMMED,BULL_TRIMMED,24.47,349.26,324.68,307.65,8.01,0.0,NO,0.0,0.0,0.0,0.0,113251.56,113251.56,0.0,0.0,146505.59,728.12,13.25
2020-08-28,388,BULL_TRIMMED,BULL_TRIMMED,22.96,351.0,325.44,307.87,7.91,0.0,NO,0.0,0.0,0.0,0.0,114466.47,114466.47,0.0,0.0,148077.23,1214.91,14.47
2020-08-31,389,BULL_TRIMMED,BULL_TRIMMED,26.41,349.69,326.31,308.07,7.97,0.0,NO,0.0,0.0,0.0,0.0,113953.44,113953.44,0.0,0.0,147413.56,-513.03,13.95
2020-09-01,390,BULL_TRIMMED,BULL_TRIMMED,26.12,353.55,327.14,308.29,7.72,0.0,NO,0.0,0.0,0.0,0.0,117754.36,117754.36,0.0,0.0,152330.54,3800.92,17.75
2020-09-02,391,BULL_TRIMMED,BULL_TRIMMED,26.57,358.43,328.08,308.54,7.39,0.0,NO,0.0,0.0,0.0,0.0,120837.25,120837.25,0.0,0.0,156318.66,3082.89,20.84
2020-09-03,392,BULL_TRIMMED,BULL_TRIMMED,33.6,343.25,328.87,308.69,8.36,0.0,NO,0.0,0.0,0.0,0.0,107578.92,107578.92,0.0,0.0,139167.29,-13258.33,7.58
2020-09-04,393,CASH,CASH_IDLE,30.75,341.99,329.57,308.84,8.49,0.0,NO,0.0,0.0,0.0,0.0,107578.92,107578.92,0.0,0.0,142662.82,-0.0,7.58
2020-09-08,394,CASH,CASH_IDLE,31.46,332.3,330.21,308.95,9.17,0.0,NO,0.0,0.0,0.0,0.0,107578.92,107578.92,0.0,0.0,142662.82,-0.0,7.58
2020-09-09,395,CASH,CASH_IDLE,28.81,340.9,330.92,309.1,8.47,0.0,NO,0.0,0.0,0.0,0.0,107578.92,107578.92,0.0,0.0,142662.82,-0.0,7.58
2020-09-10,396,SMA_RECOVERY,SMA_RECOVERY,29.71,334.81,331.45,309.23,8.9,0.0,NO,0.0,0.0,0.0,0.0,105095.96,105095.96,0.0,0.0,139370.11,-2482.96,5.1
2020-09-11,397,BULL_100,BULL_100,26.87,333.91,331.92,309.34,9.01,0.0,NO,0.0,0.0,0.0,0.0,102694.18,102694.18,0.0,0.0,136185.06,-2401.78,2.69
2020-09-14,398,BULL_100,BULL_100,25.85,338.65,332.44,309.47,8.63,0.0,NO,0.0,0.0,0.0,0.0,107710.55,107710.55,0.0,0.0,142837.38,5016.37,7.71
2020-09-15,399,BULL_100,BULL_100,25.59,340.29,332.89,309.6,8.51,0.0,NO,0.0,0.0,0.0,0.0,109906.77,109906.77,0.0,0.0,145749.84,2196.22,9.91
2020-09-16,400,BULL_100,BULL_100,26.04,339.11,333.39,309.72,8.57,0.0,NO,0.0,0.0,0.0,0.0,108089.14,108089.14,0.0,0.0,143339.43,-1817.63,8.09
2020-09-17,401,BULL_100,BULL_100,26.46,336.0,333.77,309.83,8.81,0.0,NO,0.0,0.0,0.0,0.0,104477.77,104477.77,0.0,0.0,138550.32,-3611.37,4.48
2020-09-18,402,BULL_100,BULL_100,25.83,331.38,334.1,309.93,9.08,0.0,NO,0.0,0.0,0.0,0.0,100737.63,100737.63,0.0,0.0,133590.43,-3740.14,0.74
2020-09-21,403,DEFENSIVE_QQQ,DEFENSIVE_QQQ,27.78,328.1,334.29,310.02,9.34,0.0,NO,0.0,0.0,0.0,0.0,98674.97,98674.97,0.0,0.0,130855.1,-2062.66,-1.33
2020-09-22,404,DEFENSIVE_BOTH,DEFENSIVE_BOTH,26.86,330.14,334.59,310.11,9.16,0.0,NO,0.0,0.0,0.0,0.0,99454.64,99454.64,0.0,0.0,131889.03,779.67,-0.55
2020-09-23,405,DEFENSIVE_BOTH,DEFENSIVE_BOTH,28.58,321.69,334.6,310.16,9.87,0.0,NO,0.0,0.0,0.0,0.0,95295.5,95295.5,0.0,0.0,126373.5,-4159.14,-4.7
2020-09-24,406,DEFENSIVE_BOTH,DEFENSIVE_BOTH,28.51,325.37,334.67,310.21,9.53,0.0,NO,0.0,0.0,0.0,0.0,97114.06,97114.06,0.0,0.0,128785.13,1818.56,-2.89
2020-09-25,407,DEFENSIVE_BOTH,DEFENSIVE_BOTH,26.38,328.03,334.82,310.29,9.21,0.0,NO,0.0,0.0,0.0,0.0,98819.48,98819.48,0.0,0.0,131046.73,1705.42,-1.18
2020-09-28,408,DEFENSIVE_BOTH,DEFENSIVE_BOTH,26.19,335.38,335.09,310.39,8.68,0.0,NO,0.0,0.0,0.0,0.0,102105.74,102105.74,0.0,0.0,135404.72,3286.26,2.11
2020-09-29,409,DEFENSIVE_BOTH,DEFENSIVE_BOTH,26.27,333.55,335.28,310.49,8.82,0.0,NO,0.0,0.0,0.0,0.0,101196.2,101196.2,0.0,0.0,134198.55,-909.54,1.2
2020-09-30,410,DEFENSIVE_SPY,DEFENSIVE_SPY,26.37,336.1,335.49,310.58,8.62,0.0,NO,0.0,0.0,0.0,0.0,103076.2,103076.2,0.0,0.0,136691.67,1880.0,3.08
2020-10-01,411,DEFENSIVE_SPY,DEFENSIVE_SPY,26.7,336.77,335.7,310.67,8.57,0.0,NO,0.0,0.0,0.0,0.0,104155.89,104155.89,0.0,0.0,138123.47,1079.69,4.16
2020-10-02,412,BULL_100,BULL_100,27.63,332.44,335.88,310.74,8.96,0.0,NO,0.0,0.0,0.0,0.0,99913.37,99913.37,0.0,0.0,132497.37,-4242.52,-0.09
2020-10-05,413,BULL_100,BULL_100,27.96,338.85,336.25,310.84,8.38,0.0,NO,0.0,0.0,0.0,0.0,105666.27,105666.27,0.0,0.0,140126.42,5752.9,5.67
2020-10-06,414,BULL_100,BULL_100,29.48,334.61,336.47,310.91,8.69,0.0,NO,0.0,0.0,0.0,0.0,101546.02,101546.02,0.0,0.0,134662.46,-4120.25,1.55
2020-10-07,415,BULL_100,BULL_100,28.06,341.36,336.86,311.01,8.17,0.0,NO,0.0,0.0,0.0,0.0,107806.84,107806.84,0.0,0.0,142965.07,6260.82,7.81
2020-10-08,416,BULL_100,BULL_100,26.36,345.26,337.26,311.13,7.91,0.0,NO,0.0,0.0,0.0,0.0,111033.37,111033.37,0.0,0.0,147243.84,3226.53,11.03
2020-10-09,417,BULL_100,BULL_100,25.0,347.21,337.67,311.26,7.75,0.0,NO,0.0,0.0,0.0,0.0,113711.44,113711.44,0.0,0.0,150795.3,2678.07,13.71
2020-10-12,418,BULL_100,BULL_100,25.07,353.06,338.2,311.42,7.38,0.0,NO,0.0,0.0,0.0,0.0,120366.98,120366.98,0.0,0.0,159621.35,6655.54,20.37
2020-10-13,419,BULL_100,BULL_100,26.07,350.77,338.64,311.56,7.51,0.0,NO,0.0,0.0,0.0,0.0,118734.65,118734.65,0.0,0.0,157456.69,-1632.33,18.73
2020-10-14,420,BULL_100,BULL_100,26.4,348.35,339.01,311.69,7.67,0.0,NO,0.0,0.0,0.0,0.0,115787.58,115787.58,0.0,0.0,153548.51,-2947.07,15.79
2020-10-15,421,BULL_100,BULL_100,26.97,348.32,339.34,311.82,7.67,0.0,NO,0.0,0.0,0.0,0.0,115530.75,115530.75,0.0,0.0,153207.92,-256.83,15.53
2020-10-16,422,BULL_100,BULL_100,27.41,346.21,339.58,311.93,7.79,0.0,NO,0.0,0.0,0.0,0.0,113027.0,113027.0,0.0,0.0,149887.64,-2503.75,13.03
2020-10-19,423,BULL_100,BULL_100,29.18,343.9,339.76,312.04,7.96,0.0,NO,0.0,0.0,0.0,0.0,110658.19,110658.19,0.0,0.0,146746.31,-2368.81,10.66
2020-10-20,424,BULL_100,BULL_100,29.35,344.43,339.95,312.14,7.92,0.0,NO,0.0,0.0,0.0,0.0,110963.64,110963.64,0.0,0.0,147151.37,305.45,10.96
2020-10-21,425,BULL_100,BULL_100,28.65,341.33,340.11,312.25,8.13,0.0,NO,0.0,0.0,0.0,0.0,108008.09,108008.09,0.0,0.0,143231.95,-2955.55,8.01
2020-10-22,426,BULL_100,BULL_100,28.11,345.15,340.27,312.35,7.87,0.0,NO,0.0,0.0,0.0,0.0,111131.42,111131.42,0.0,0.0,147373.87,3123.33,11.13
2020-10-23,427,BULL_100,BULL_100,27.55,345.5,340.42,312.44,7.84,0.0,NO,0.0,0.0,0.0,0.0,111617.66,111617.66,0.0,0.0,148018.68,486.24,11.62
2020-10-26,428,BULL_100,BULL_100,32.46,339.17,340.47,312.51,8.26,0.0,NO,0.0,0.0,0.0,0.0,105854.08,105854.08,0.0,0.0,140375.47,-5763.58,5.85
2020-10-27,429,CASH,CASH_IDLE,33.35,336.55,340.43,312.55,8.48,0.0,NO,0.0,0.0,0.0,0.0,105854.08,105854.08,0.0,0.0,141226.94,-0.0,5.85
2020-10-28,430,CASH,CASH_IDLE,40.28,328.19,340.22,312.56,9.07,0.0,NO,0.0,0.0,0.0,0.0,105854.08,105854.08,0.0,0.0,141226.94,-0.0,5.85
2020-10-29,431,CASH,CASH_IDLE,37.59,327.65,340.05,312.55,9.11,0.0,NO,0.0,0.0,0.0,0.0,105854.08,105854.08,0.0,0.0,141226.94,-0.0,5.85
2020-10-30,432,CASH,CASH_IDLE,38.02,327.5,339.82,312.53,9.08,0.0,NO,0.0,0.0,0.0,0.0,105854.08,105854.08,0.0,0.0,141226.94,-0.0,5.85
2020-11-02,433,CASH,CASH_IDLE,37.13,330.96,339.64,312.53,8.82,0.0,NO,0.0,0.0,0.0,0.0,105854.08,105854.08,0.0,0.0,141226.94,-0.0,5.85
2020-11-03,434,CASH,CASH_IDLE,35.55,338.29,339.54,312.56,8.23,0.0,NO,0.0,0.0,0.0,0.0,105854.08,105854.08,0.0,0.0,141226.94,-0.0,5.85
2020-11-04,435,CASH,CASH_IDLE,29.57,343.55,339.52,312.63,7.84,0.0,NO,0.0,0.0,0.0,0.0,105854.08,105854.08,0.0,0.0,141226.94,-0.0,5.85
2020-11-05,436,SMA_RECOVERY,SMA_RECOVERY,27.58,349.93,339.56,312.72,7.4,0.0,NO,0.0,0.0,0.0,0.0,107046.08,107046.08,0.0,0.0,142817.27,1192.0,7.05
2020-11-06,437,BULL_100,BULL_100,24.86,350.95,339.6,312.83,7.33,0.0,NO,0.0,0.0,0.0,0.0,108479.22,108479.22,0.0,0.0,144729.32,1433.14,8.48
2020-11-09,438,BULL_100,BULL_100,25.75,354.6,339.67,312.98,7.1,0.0,NO,0.0,0.0,0.0,0.0,109457.87,109457.87,0.0,0.0,146035.0,978.65,9.46
2020-11-10,439,BULL_100,BULL_100,24.8,353.66,339.75,313.12,7.17,0.0,NO,0.0,0.0,0.0,0.0,107133.37,107133.37,0.0,0.0,142933.73,-2324.5,7.13
2020-11-11,440,BULL_100,BULL_100,23.45,356.82,339.81,313.27,6.98,0.0,NO,0.0,0.0,0.0,0.0,111166.81,111166.81,0.0,0.0,148315.01,4033.44,11.17
2020-11-12,441,BULL_100,BULL_100,25.35,353.31,339.71,313.39,7.17,0.0,NO,0.0,0.0,0.0,0.0,108394.13,108394.13,0.0,0.0,144615.79,-2772.68,8.39
2020-11-13,442,BULL_100,BULL_100,23.1,358.28,340.01,313.57,6.85,0.0,NO,0.0,0.0,0.0,0.0,112416.41,112416.41,0.0,0.0,149982.18,4022.28,12.42
2020-11-16,443,BULL_100,BULL_100,22.45,362.35,340.42,313.77,6.64,0.0,NO,0.0,0.0,0.0,0.0,115986.01,115986.01,0.0,0.0,154744.62,3569.6,15.99
2020-11-17,444,BULL_100,BULL_100,22.71,360.89,340.99,313.93,6.72,0.0,NO,0.0,0.0,0.0,0.0,114468.11,114468.11,0.0,0.0,152719.49,-1517.9,14.47
2020-11-18,445,BULL_100,BULL_100,23.84,356.3,341.3,314.04,6.96,0.0,NO,0.0,0.0,0.0,0.0,110429.35,110429.35,0.0,0.0,147331.12,-4038.76,10.43
2020-11-19,446,BULL_100,BULL_100,23.11,354.86,341.7,314.15,7.06,0.0,NO,0.0,0.0,0.0,0.0,109879.47,109879.47,0.0,0.0,146597.48,-549.88,9.88
2020-11-20,447,BULL_100,BULL_100,23.7,355.05,342.12,314.26,7.09,0.0,NO,0.0,0.0,0.0,0.0,109793.26,109793.26,0.0,0.0,146482.46,-86.21,9.79
2020-11-23,448,BULL_100,BULL_100,22.66,359.09,342.53,314.39,6.81,0.0,NO,0.0,0.0,0.0,0.0,113115.99,113115.99,0.0,0.0,150915.54,3322.73,13.12
2020-11-24,449,BULL_100,BULL_100,21.64,364.06,343.01,314.53,6.52,0.0,NO,0.0,0.0,0.0,0.0,117667.04,117667.04,0.0,0.0,156987.4,4551.05,17.67
2020-11-25,450,BULL_100,BULL_100,21.25,363.11,343.49,314.66,6.58,0.0,NO,0.0,0.0,0.0,0.0,117280.75,117280.75,0.0,0.0,156472.02,-386.29,17.28
2020-11-27,451,BULL_100,BULL_100,20.84,363.66,344.04,314.8,6.54,0.0,NO,0.0,0.0,0.0,0.0,118091.69,118091.69,0.0,0.0,157553.95,810.94,18.09
2020-11-30,452,BULL_100,BULL_100,20.57,363.76,344.69,314.93,6.54,0.0,NO,0.0,0.0,0.0,0.0,118854.03,118854.03,0.0,0.0,158571.04,762.34,18.85
2020-12-01,453,BULL_100,BULL_100,20.77,365.74,345.44,315.07,6.43,0.0,NO,0.0,0.0,0.0,0.0,120883.38,120883.38,0.0,0.0,161278.53,2029.35,20.88
2020-12-02,454,BULL_100,BULL_100,21.17,366.6,346.17,315.21,6.38,0.0,NO,0.0,0.0,0.0,0.0,121677.9,121677.9,0.0,0.0,162338.55,794.52,21.68
2020-12-03,455,BULL_100,BULL_100,21.28,367.0,347.08,315.36,6.36,0.0,NO,0.0,0.0,0.0,0.0,122136.32,122136.32,0.0,0.0,162950.16,458.42,22.14
2020-12-04,456,BULL_100,BULL_100,20.79,369.11,347.95,315.54,6.23,0.0,NO,0.0,0.0,0.0,0.0,124171.08,124171.08,0.0,0.0,165664.87,2034.76,24.17
2020-12-07,457,BULL_100,BULL_100,21.3,368.25,348.76,315.76,6.29,0.0,NO,0.0,0.0,0.0,0.0,123622.32,123622.32,0.0,0.0,164932.73,-548.76,23.62
2020-12-08,458,BULL_100,BULL_100,20.68,370.63,349.46,316.04,6.17,0.0,NO,0.0,0.0,0.0,0.0,125988.23,125988.23,0.0,0.0,168089.25,2365.91,25.99
2020-12-09,459,BULL_100,BULL_100,22.27,367.4,350.14,316.33,6.34,0.0,NO,0.0,0.0,0.0,0.0,121481.23,121481.23,0.0,0.0,162076.16,-4507.0,21.48
2020-12-10,460,BULL_100,BULL_100,22.52,367.22,350.76,316.68,6.34,0.0,NO,0.0,0.0,0.0,0.0,121599.3,121599.3,0.0,0.0,162233.69,118.07,21.6
2020-12-11,461,BULL_100,BULL_100,23.31,366.08,351.35,317.02,6.37,0.0,NO,0.0,0.0,0.0,0.0,120550.28,120550.28,0.0,0.0,160834.12,-1049.02,20.55
2020-12-14,462,BULL_100,BULL_100,24.72,365.39,352.01,317.3,6.44,0.0,NO,0.0,0.0,0.0,0.0,120761.23,120761.23,0.0,0.0,161115.56,210.95,20.76
2020-12-15,463,BULL_100,BULL_100,22.89,369.32,352.61,317.65,6.23,0.0,NO,0.0,0.0,0.0,0.0,124462.98,124462.98,0.0,0.0,166054.31,3701.75,24.46
2020-12-16,464,BULL_100,BULL_100,22.5,370.35,353.33,317.95,6.17,0.0,NO,0.0,0.0,0.0,0.0,125807.45,125807.45,0.0,0.0,167848.06,1344.47,25.81
2020-12-17,465,BULL_100,BULL_100,21.93,372.27,353.95,318.3,6.08,0.0,NO,0.0,0.0,0.0,0.0,127834.38,127834.38,0.0,0.0,170552.32,2026.93,27.83
2020-12-18,466,BULL_100,BULL_100,21.57,370.0,354.44,318.67,6.09,0.0,NO,0.0,0.0,0.0,0.0,127632.25,127632.25,0.0,0.0,170282.64,-202.13,27.63
2020-12-21,467,BULL_100,BULL_100,25.16,367.59,354.85,319.11,6.23,0.0,NO,0.0,0.0,0.0,0.0,125178.04,125178.04,0.0,0.0,167008.32,-2454.21,25.18
2020-12-22,468,BULL_100,BULL_100,24.23,367.69,355.14,319.53,6.24,0.0,NO,0.0,0.0,0.0,0.0,125280.53,125280.53,0.0,0.0,167145.06,102.49,25.28
2020-12-23,469,BULL_100,BULL_100,23.31,367.81,355.48,320.0,6.22,0.0,NO,0.0,0.0,0.0,0.0,124871.65,124871.65,0.0,0.0,166599.54,-408.88,24.87
2020-12-24,470,BULL_100,BULL_100,21.53,369.23,355.9,320.62,6.17,0.0,NO,0.0,0.0,0.0,0.0,126120.79,126120.79,0.0,0.0,168266.1,1249.14,26.12
2020-12-28,471,BULL_100,BULL_100,21.7,372.83,356.39,321.15,5.97,0.0,NO,0.0,0.0,0.0,0.0,130074.33,130074.33,0.0,0.0,173540.78,3953.54,30.07
2020-12-29,472,BULL_100,BULL_100,23.08,371.6,356.9,321.78,6.02,0.0,NO,0.0,0.0,0.0,0.0,129111.54,129111.54,0.0,0.0,172256.26,-962.79,29.11
2020-12-30,473,BULL_100,BULL_100,22.77,372.19,357.46,322.43,6.0,0.0,NO,0.0,0.0,0.0,0.0,129571.31,129571.31,0.0,0.0,172869.67,459.77,29.57
2020-12-31,474,BULL_100,BULL_100,22.75,374.39,358.06,323.07,5.88,0.0,NO,0.0,0.0,0.0,0.0,131471.69,131471.69,0.0,0.0,175405.1,1900.38,31.47
2021-01-04,475,BULL_100,BULL_100,26.97,368.7,358.61,323.73,6.17,0.0,NO,0.0,0.0,0.0,0.0,125445.53,125445.53,0.0,0.0,167365.19,-6026.16,25.45
2021-01-05,476,BULL_100,BULL_100,25.34,370.95,359.13,324.45,6.05,0.0,NO,0.0,0.0,0.0,0.0,128196.71,128196.71,0.0,0.0,171035.73,2751.18,28.2
2021-01-06,477,BULL_100,BULL_100,25.07,374.5,359.71,325.19,5.87,0.0,NO,0.0,0.0,0.0,0.0,130000.33,130000.33,0.0,0.0,173442.05,1803.62,30.0
2021-01-07,478,BULL_100,BULL_100,22.37,379.48,360.51,325.88,5.64,0.0,NO,0.0,0.0,0.0,0.0,135822.97,135822.97,0.0,0.0,181210.42,5822.64,35.82
2021-01-08,479,BULL_100,BULL_100,21.56,381.6,361.41,326.55,5.54,0.0,NO,0.0,0.0,0.0,0.0,138833.74,138833.74,0.0,0.0,185227.29,3010.77,38.83
2021-01-11,480,BULL_100,BULL_100,24.08,379.25,362.44,327.13,5.65,0.0,NO,0.0,0.0,0.0,0.0,135355.18,135355.18,0.0,0.0,180586.32,-3478.56,35.36
2021-01-12,481,BULL_100,BULL_100,23.33,379.05,363.46,327.76,5.66,0.0,NO,0.0,0.0,0.0,0.0,135008.43,135008.43,0.0,0.0,180123.69,-346.75,35.01
2021-01-13,482,BULL_100,BULL_100,22.21,380.2,364.52,328.35,5.6,0.0,NO,0.0,0.0,0.0,0.0,136401.73,136401.73,0.0,0.0,181982.59,1393.3,36.4
2021-01-14,483,BULL_100,BULL_100,23.25,378.98,365.48,328.98,5.66,0.0,NO,0.0,0.0,0.0,0.0,135077.28,135077.28,0.0,0.0,180215.55,-1324.45,35.08
2021-01-15,484,BULL_100,BULL_100,24.34,374.77,366.21,329.61,5.84,0.0,NO,0.0,0.0,0.0,0.0,130926.71,130926.71,0.0,0.0,174678.0,-4150.57,30.93
2021-01-19,485,BULL_100,BULL_100,23.24,379.85,366.93,330.26,5.63,0.0,NO,0.0,0.0,0.0,0.0,136555.42,136555.42,0.0,0.0,182187.64,5628.71,36.56
2021-01-20,486,BULL_100,BULL_100,21.58,384.36,367.62,330.94,5.43,0.0,NO,0.0,0.0,0.0,0.0,142231.84,142231.84,0.0,0.0,189760.92,5676.42,42.23
2021-01-21,487,BULL_100,BULL_100,21.32,383.9,368.28,331.53,27.12,0.0,NO,0.0,0.0,0.0,0.0,142695.31,142695.31,0.0,0.0,190379.27,463.47,42.7
2021-01-22,488,BULL_100,BULL_100,21.91,382.64,368.84,332.12,27.34,0.0,NO,0.0,0.0,0.0,0.0,141385.98,141385.98,0.0,0.0,188632.4,-1309.33,41.39
2021-01-25,489,BULL_100,BULL_100,23.19,384.2,369.45,332.66,27.1,0.0,NO,0.0,0.0,0.0,0.0,143277.13,143277.13,0.0,0.0,191155.51,1891.15,43.28
2021-01-26,490,BULL_100,BULL_100,23.02,384.2,370.0,333.19,27.11,0.0,NO,0.0,0.0,0.0,0.0,143878.53,143878.53,0.0,0.0,191957.88,601.4,43.88
2021-01-27,491,BULL_100,BULL_100,37.21,370.6,370.35,333.66,30.13,0.0,NO,0.0,0.0,0.0,0.0,128280.79,128280.79,0.0,0.0,171147.9,-15597.74,28.28
2021-01-28,492,CASH,CASH_IDLE,30.21,376.25,370.71,334.12,28.82,0.0,NO,0.0,0.0,0.0,0.0,128280.79,128280.79,0.0,0.0,170526.01,-0.0,28.28
2021-01-29,493,CASH,CASH_IDLE,33.09,369.6,370.85,334.59,30.29,0.0,NO,0.0,0.0,0.0,0.0,128280.79,128280.79,0.0,0.0,170526.01,-0.0,28.28
2021-02-01,494,CASH,CASH_IDLE,30.24,376.55,371.16,335.03,28.51,0.0,NO,0.0,0.0,0.0,0.0,128280.79,128280.79,0.0,0.0,170526.01,-0.0,28.28
2021-02-02,495,CASH,CASH_IDLE,25.56,382.47,371.69,335.51,27.17,0.0,NO,0.0,0.0,0.0,0.0,128280.79,128280.79,0.0,0.0,170526.01,-0.0,28.28
2021-02-03,496,SMA_RECOVERY,SMA_RECOVERY,22.91,382.88,372.25,336.02,27.11,0.0,NO,0.0,0.0,0.0,0.0,127445.53,127445.53,0.0,0.0,169415.68,-835.26,27.45
2021-02-04,497,BULL_100,BULL_100,21.77,386.14,372.87,336.58,26.4,0.0,NO,0.0,0.0,0.0,0.0,130595.23,130595.23,0.0,0.0,173602.64,3149.7,30.6
2021-02-05,498,BULL_100,BULL_100,20.87,388.05,373.45,337.13,26.03,0.0,NO,0.0,0.0,0.0,0.0,132509.76,132509.76,0.0,0.0,176147.66,1914.53,32.51
2021-02-08,499,BULL_100,BULL_100,21.24,390.6,373.98,337.69,25.53,0.0,NO,0.0,0.0,0.0,0.0,134929.85,134929.85,0.0,0.0,179364.73,2420.09,34.93
2021-02-09,500,BULL_100,BULL_100,21.63,390.61,374.53,338.23,25.51,0.0,NO,0.0,0.0,0.0,0.0,135099.12,135099.12,0.0,0.0,179589.75,169.27,35.1
2021-02-10,501,BULL_100,BULL_100,21.99,390.21,375.06,338.75,25.58,0.0,NO,0.0,0.0,0.0,0.0,134493.11,134493.11,0.0,0.0,178784.16,-606.01,34.49
2021-02-11,502,BULL_100,BULL_100,21.25,390.7,375.6,339.26,25.5,0.0,NO,0.0,0.0,0.0,0.0,135403.72,135403.72,0.0,0.0,179994.66,910.61,35.4
2021-02-12,503,BULL_100,BULL_100,19.97,393.1,376.15,339.75,25.1,0.0,NO,0.0,0.0,0.0,0.0,137916.57,137916.57,0.0,0.0,183335.03,2512.85,37.92
2021-02-16,504,BULL_100,BULL_100,21.46,391.85,376.65,340.27,25.28,0.0,NO,0.0,0.0,0.0,0.0,136149.56,136149.56,0.0,0.0,180986.12,-1767.01,36.15
2021-02-17,505,BULL_100,BULL_100,21.5,392.6,377.16,340.82,25.11,0.0,NO,0.0,0.0,0.0,0.0,136648.02,136648.02,0.0,0.0,181648.72,498.46,36.65
2021-02-18,506,BULL_100,BULL_100,22.49,390.21,377.59,341.36,25.58,0.0,NO,0.0,0.0,0.0,0.0,134025.42,134025.42,0.0,0.0,178162.46,-2622.6,34.03
2021-02-19,507,BULL_100,BULL_100,22.05,389.71,378.01,341.87,25.65,0.0,NO,0.0,0.0,0.0,0.0,133341.34,133341.34,0.0,0.0,177253.1,-684.08,33.34
2021-02-22,508,BULL_100,BULL_100,23.45,387.42,378.35,342.39,26.1,0.0,NO,0.0,0.0,0.0,0.0,129254.39,129254.39,0.0,0.0,171820.24,-4086.95,29.25
2021-02-23,509,BULL_100,BULL_100,23.11,387.28,378.75,342.88,26.13,0.0,NO,0.0,0.0,0.0,0.0,128664.57,128664.57,0.0,0.0,171036.18,-589.82,28.66
2021-02-24,510,BULL_100,BULL_100,21.34,393.06,379.27,343.37,24.99,0.0,NO,0.0,0.0,0.0,0.0,134202.64,134202.64,0.0,0.0,178398.04,5538.07,34.2
2021-02-25,511,BULL_100,BULL_100,28.89,381.83,379.58,343.82,27.17,0.0,NO,0.0,0.0,0.0,0.0,121839.23,121839.23,0.0,0.0,161963.13,-12363.41,21.84
2021-02-26,512,BULL_100,BULL_100,27.95,380.1,379.87,344.31,27.62,0.0,NO,0.0,0.0,0.0,0.0,121016.29,121016.29,0.0,0.0,160869.18,-822.94,21.02
2021-03-01,513,DEFENSIVE_QQQ,DEFENSIVE_QQQ,23.35,390.05,380.29,344.85,25.4,0.0,NO,0.0,0.0,0.0,0.0,130555.0,130555.0,0.0,0.0,173549.16,9538.71,30.55
2021-03-02,514,DEFENSIVE_QQQ,DEFENSIVE_QQQ,24.1,387.51,380.63,345.36,25.87,0.0,NO,0.0,0.0,0.0,0.0,127720.1,127720.1,0.0,0.0,169780.68,-2834.9,27.72
2021-03-03,515,DEFENSIVE_QQQ,DEFENSIVE_QQQ,26.67,379.5,380.78,345.83,27.55,0.0,NO,0.0,0.0,0.0,0.0,119919.83,119919.83,0.0,0.0,159411.64,-7800.27,19.92
2021-03-04,516,DEFENSIVE_QQQ,DEFENSIVE_QQQ,28.57,375.81,380.89,346.23,28.33,0.0,NO,0.0,0.0,0.0,0.0,116695.99,116695.99,0.0,0.0,155126.13,-3223.84,16.7
2021-03-05,517,DEFENSIVE_BOTH,DEFENSIVE_BOTH,24.66,383.78,381.22,346.68,26.5,0.0,NO,0.0,0.0,0.0,0.0,120263.67,120263.67,0.0,0.0,159868.71,3567.68,20.26
2021-03-08,518,DEFENSIVE_BOTH,DEFENSIVE_BOTH,25.47,383.6,381.54,347.12,26.55,0.0,NO,0.0,0.0,0.0,0.0,119011.26,119011.26,0.0,0.0,158203.86,-1252.41,19.01
2021-03-09,519,DEFENSIVE_QQQ,DEFENSIVE_QQQ,24.03,387.4,381.93,347.58,25.74,0.0,NO,0.0,0.0,0.0,0.0,122743.66,122743.66,0.0,0.0,163165.4,3732.4,22.74
2021-03-10,520,DEFENSIVE_QQQ,DEFENSIVE_QQQ,22.56,389.85,382.34,348.05,25.19,0.0,NO,0.0,0.0,0.0,0.0,124144.26,124144.26,0.0,0.0,165027.25,1400.6,24.14
2021-03-11,521,DEFENSIVE_QQQ,DEFENSIVE_QQQ,21.91,393.96,382.76,348.52,24.45,0.0,NO,0.0,0.0,0.0,0.0,128333.63,128333.63,0.0,0.0,170596.25,4189.37,28.33
2021-03-12,522,DEFENSIVE_QQQ,DEFENSIVE_QQQ,20.69,394.1,383.21,348.97,24.44,0.0,NO,0.0,0.0,0.0,0.0,127850.88,127850.88,0.0,0.0,169954.52,-482.75,27.85
2021-03-15,523,DEFENSIVE_QQQ,DEFENSIVE_QQQ,20.03,395.95,383.69,349.44,24.08,0.0,NO,0.0,0.0,0.0,0.0,129624.19,129624.19,0.0,0.0,172311.82,1773.31,29.62
2021-03-16,524,DEFENSIVE_QQQ,DEFENSIVE_QQQ,19.79,396.22,384.12,349.89,24.03,0.0,NO,0.0,0.0,0.0,0.0,130213.0,130213.0,0.0,0.0,173094.53,588.81,30.21
2021-03-17,525,DEFENSIVE_QQQ,DEFENSIVE_QQQ,19.23,398.02,384.71,350.36,23.7,0.0,NO,0.0,0.0,0.0,0.0,131818.74,131818.74,0.0,0.0,175229.08,1605.74,31.82
2021-03-18,526,BULL_100,BULL_100,21.58,391.98,385.13,350.77,24.81,0.0,NO,0.0,0.0,0.0,0.0,124536.84,124536.84,0.0,0.0,165549.11,-7281.9,24.54
2021-03-19,527,BULL_100,BULL_100,20.95,389.1,385.42,351.15,25.11,0.0,NO,0.0,0.0,0.0,0.0,123964.82,123964.82,0.0,0.0,164788.72,-572.02,23.96
2021-03-22,528,DEFENSIVE_QQQ,DEFENSIVE_QQQ,18.88,393.22,385.7,351.56,24.31,0.0,NO,0.0,0.0,0.0,0.0,127882.76,127882.76,0.0,0.0,169996.9,3917.94,27.88
2021-03-23,529,DEFENSIVE_QQQ,DEFENSIVE_QQQ,20.3,389.43,385.85,351.91,25.05,0.0,NO,0.0,0.0,0.0,0.0,124842.52,124842.52,0.0,0.0,165955.46,-3040.24,24.84
2021-03-24,530,DEFENSIVE_QQQ,DEFENSIVE_QQQ,21.2,388.15,386.03,352.24,25.26,0.0,NO,0.0,0.0,0.0,0.0,123125.2,123125.2,0.0,0.0,163672.59,-1717.32,23.13
2021-03-25,531,DEFENSIVE_QQQ,DEFENSIVE_QQQ,19.81,390.33,386.26,352.58,24.84,0.0,NO,0.0,0.0,0.0,0.0,124618.72,124618.72,0.0,0.0,165657.95,1493.52,24.62
2021-03-26,532,DEFENSIVE_QQQ,DEFENSIVE_QQQ,18.86,395.62,386.57,352.98,23.81,0.0,NO,0.0,0.0,0.0,0.0,129055.73,129055.73,0.0,0.0,171556.15,4437.01,29.06
2021-03-29,533,DEFENSIVE_QQQ,DEFENSIVE_QQQ,20.74,396.2,386.91,353.44,23.71,0.0,NO,0.0,0.0,0.0,0.0,129518.73,129518.73,0.0,0.0,172171.63,463.0,29.52
2021-03-30,534,DEFENSIVE_QQQ,DEFENSIVE_QQQ,19.61,394.64,387.31,353.9,23.99,0.0,NO,0.0,0.0,0.0,0.0,128028.07,128028.07,0.0,0.0,170190.07,-1490.66,28.03
2021-03-31,535,DEFENSIVE_QQQ,DEFENSIVE_QQQ,19.4,396.62,387.64,354.33,23.64,0.0,NO,0.0,0.0,0.0,0.0,130215.49,130215.49,0.0,0.0,173097.84,2187.42,30.22
2021-04-01,536,DEFENSIVE_QQQ,DEFENSIVE_QQQ,17.33,401.2,387.98,354.77,22.82,0.0,NO,0.0,0.0,0.0,0.0,134500.51,134500.51,0.0,0.0,178794.0,4285.02,34.5
2021-04-05,537,DEFENSIVE_QQQ,DEFENSIVE_QQQ,17.91,406.72,388.44,355.25,21.86,0.0,NO,0.0,0.0,0.0,0.0,139726.1,139726.1,0.0,0.0,185740.48,5225.59,39.73
2021-04-06,538,BULL_100,BULL_100,18.12,406.75,388.92,355.72,21.86,0.0,NO,0.0,0.0,0.0,0.0,139815.29,139815.29,0.0,0.0,185859.03,89.19,39.82
2021-04-07,539,BULL_100,BULL_100,17.16,407.6,389.39,356.23,21.72,0.0,NO,0.0,0.0,0.0,0.0,140794.95,140794.95,0.0,0.0,187161.32,979.66,40.79
2021-04-08,540,BULL_100,BULL_100,16.95,409.5,389.89,356.71,21.42,0.0,NO,0.0,0.0,0.0,0.0,143451.44,143451.44,0.0,0.0,190692.64,2656.49,43.45
2021-04-09,541,BULL_100,BULL_100,16.69,410.68,390.69,357.21,21.17,0.0,NO,0.0,0.0,0.0,0.0,144454.88,144454.88,0.0,0.0,192026.53,1003.44,44.45
2021-04-12,542,BULL_100,BULL_100,16.91,411.67,391.4,357.75,21.07,0.0,NO,0.0,0.0,0.0,0.0,145460.47,145460.47,0.0,0.0,193363.28,1005.59,45.46
2021-04-13,543,BULL_100,BULL_100,16.65,412.65,392.26,358.27,20.92,0.0,NO,0.0,0.0,0.0,0.0,147259.89,147259.89,0.0,0.0,195755.28,1799.42,47.26
2021-04-14,544,BULL_100,BULL_100,16.99,411.81,392.97,358.83,21.05,0.0,NO,0.0,0.0,0.0,0.0,145213.21,145213.21,0.0,0.0,193034.59,-2046.68,45.21
2021-04-15,545,BULL_100,BULL_100,16.57,415.82,393.64,359.38,20.41,0.0,NO,0.0,0.0,0.0,0.0,149954.08,149954.08,0.0,0.0,199336.72,4740.87,49.95
2021-04-16,546,BULL_100,BULL_100,16.25,416.8,394.31,359.93,20.28,0.0,NO,0.0,0.0,0.0,0.0,151098.82,151098.82,0.0,0.0,200858.44,1144.74,51.1
2021-04-19,547,BULL_100,BULL_100,17.29,415.72,394.91,360.45,20.43,0.0,NO,0.0,0.0,0.0,0.0,149137.33,149137.33,0.0,0.0,198250.99,-1961.49,49.14
2021-04-20,548,BULL_100,BULL_100,18.68,411.93,395.38,360.95,21.02,0.0,NO,0.0,0.0,0.0,0.0,144615.65,144615.65,0.0,0.0,192240.24,-4521.68,44.62
2021-04-21,549,BULL_100,BULL_100,17.5,414.96,395.87,361.44,20.51,0.0,NO,0.0,0.0,0.0,0.0,148219.37,148219.37,0.0,0.0,197030.74,3603.72,48.22
2021-04-22,550,BULL_100,BULL_100,18.71,412.55,396.31,361.93,20.85,0.0,NO,0.0,0.0,0.0,0.0,145295.27,145295.27,0.0,0.0,193143.67,-2924.1,45.3
2021-04-23,551,BULL_100,BULL_100,17.33,416.24,396.83,362.43,20.25,0.0,NO,0.0,0.0,0.0,0.0,149419.03,149419.03,0.0,0.0,198625.47,4123.76,49.42
2021-04-26,552,BULL_100,BULL_100,17.64,417.95,397.38,362.94,20.11,0.0,NO,0.0,0.0,0.0,0.0,151538.41,151538.41,0.0,0.0,201442.8,2119.38,51.54
2021-04-27,553,BULL_100,BULL_100,17.56,417.64,397.87,363.44,20.11,0.0,NO,0.0,0.0,0.0,0.0,150805.11,150805.11,0.0,0.0,200468.0,-733.3,50.81
2021-04-28,554,BULL_100,BULL_100,17.28,418.44,398.4,363.95,20.0,0.0,NO,0.0,0.0,0.0,0.0,151426.84,151426.84,0.0,0.0,201294.48,621.73,51.43
2021-04-29,555,BULL_100,BULL_100,17.61,419.31,398.93,364.44,19.86,0.0,NO,0.0,0.0,0.0,0.0,151509.32,151509.32,0.0,0.0,201404.13,82.48,51.51
2021-04-30,556,BULL_100,BULL_100,18.61,417.22,399.47,364.92,20.15,0.0,NO,0.0,0.0,0.0,0.0,149762.38,149762.38,0.0,0.0,199081.89,-1746.94,49.76
2021-05-03,557,BULL_100,BULL_100,18.31,417.56,400.03,365.41,20.11,0.0,NO,0.0,0.0,0.0,0.0,149075.84,149075.84,0.0,0.0,198169.25,-686.54,49.08
2021-05-04,558,BULL_100,BULL_100,19.48,415.6,400.59,365.87,20.39,0.0,NO,0.0,0.0,0.0,0.0,145565.59,145565.59,0.0,0.0,193503.02,-3510.25,45.57
2021-05-05,559,BULL_100,BULL_100,19.15,415.69,401.16,366.33,20.41,0.0,NO,0.0,0.0,0.0,0.0,145431.52,145431.52,0.0,0.0,193324.79,-134.07,45.43
2021-05-06,560,BULL_100,BULL_100,18.39,419.12,401.68,366.8,19.87,0.0,NO,0.0,0.0,0.0,0.0,148992.22,148992.22,0.0,0.0,198058.1,3560.7,48.99
2021-05-07,561,BULL_100,BULL_100,16.69,422.4,402.49,367.28,19.4,0.0,NO,0.0,0.0,0.0,0.0,152458.87,152458.87,0.0,0.0,202666.38,3466.65,52.46
2021-05-10,562,BULL_100,BULL_100,19.66,417.96,403.25,367.75,20.04,0.0,NO,0.0,0.0,0.0,0.0,145869.18,145869.18,0.0,0.0,193906.58,-6589.69,45.87
2021-05-11,563,BULL_100,BULL_100,21.84,414.24,403.73,368.22,20.54,0.0,NO,0.0,0.0,0.0,0.0,142854.6,142854.6,0.0,0.0,189899.24,-3014.58,42.85
2021-05-12,564,DEFENSIVE_QQQ,DEFENSIVE_QQQ,27.59,406.12,404.11,368.63,21.74,0.0,NO,0.0,0.0,0.0,0.0,135126.94,135126.94,0.0,0.0,179626.73,-7727.66,35.13
2021-05-13,565,DEFENSIVE_QQQ,DEFENSIVE_QQQ,23.13,411.03,404.74,369.08,20.95,0.0,NO,0.0,0.0,0.0,0.0,139225.54,139225.54,0.0,0.0,185075.07,4098.6,39.23
2021-05-14,566,DEFENSIVE_QQQ,DEFENSIVE_QQQ,18.81,417.39,405.57,369.54,19.97,0.0,NO,0.0,0.0,0.0,0.0,145172.92,145172.92,0.0,0.0,192981.03,5947.38,45.17
2021-05-17,567,DEFENSIVE_QQQ,DEFENSIVE_QQQ,19.72,416.22,406.22,369.99,20.17,0.0,NO,0.0,0.0,0.0,0.0,143922.64,143922.64,0.0,0.0,191319.01,-1250.28,43.92
2021-05-18,568,DEFENSIVE_QQQ,DEFENSIVE_QQQ,21.34,410.6,406.76,370.41,20.97,0.0,NO,0.0,0.0,0.0,0.0,139067.67,139067.67,0.0,0.0,184865.21,-4854.97,39.07
2021-05-19,569,DEFENSIVE_QQQ,DEFENSIVE_QQQ,22.18,409.82,407.21,370.81,21.1,0.0,NO,0.0,0.0,0.0,0.0,138354.05,138354.05,0.0,0.0,183916.58,-713.62,38.35
2021-05-20,570,DEFENSIVE_QQQ,DEFENSIVE_QQQ,20.67,415.82,407.73,371.24,20.2,0.0,NO,0.0,0.0,0.0,0.0,144253.31,144253.31,0.0,0.0,191758.58,5899.26,44.25
2021-05-21,571,DEFENSIVE_QQQ,DEFENSIVE_QQQ,20.15,415.42,408.15,371.66,20.29,0.0,NO,0.0,0.0,0.0,0.0,143096.12,143096.12,0.0,0.0,190220.31,-1157.19,43.1
2021-05-24,572,DEFENSIVE_QQQ,DEFENSIVE_QQQ,18.4,419.82,408.67,372.09,19.58,0.0,NO,0.0,0.0,0.0,0.0,147982.3,147982.3,0.0,0.0,196715.59,4886.18,47.98
2021-05-25,573,DEFENSIVE_QQQ,DEFENSIVE_QQQ,18.84,419.1,409.13,372.51,19.71,0.0,NO,0.0,0.0,0.0,0.0,147421.35,147421.35,0.0,0.0,195969.91,-560.95,47.42
2021-05-26,574,BULL_100,BULL_100,17.36,419.0,409.59,372.93,19.73,0.0,NO,0.0,0.0,0.0,0.0,147451.81,147451.81,0.0,0.0,196010.4,30.46,47.45
2021-05-27,575,BULL_100,BULL_100,16.74,421.19,410.05,373.37,19.41,0.0,NO,0.0,0.0,0.0,0.0,149111.76,149111.76,0.0,0.0,198217.0,1659.95,49.11
2021-05-28,576,BULL_100,BULL_100,16.76,419.97,410.61,373.78,19.55,0.0,NO,0.0,0.0,0.0,0.0,148159.52,148159.52,0.0,0.0,196951.17,-952.24,48.16
2021-06-01,577,BULL_100,BULL_100,17.9,419.28,411.21,374.19,19.67,0.0,NO,0.0,0.0,0.0,0.0,147047.41,147047.41,0.0,0.0,195472.82,-1112.11,47.05
2021-06-02,578,BULL_100,BULL_100,17.48,420.63,411.76,374.61,19.5,0.0,NO,0.0,0.0,0.0,0.0,148555.64,148555.64,0.0,0.0,197477.74,1508.23,48.56
2021-06-03,579,BULL_100,BULL_100,18.04,418.37,412.34,375.01,19.79,0.0,NO,0.0,0.0,0.0,0.0,145361.63,145361.63,0.0,0.0,193231.89,-3194.01,45.36
2021-06-04,580,BULL_100,BULL_100,16.42,422.62,413.03,375.43,19.19,0.0,NO,0.0,0.0,0.0,0.0,150596.37,150596.37,0.0,0.0,200190.53,5234.74,50.6
2021-06-07,581,BULL_100,BULL_100,16.42,422.3,413.67,375.86,19.24,0.0,NO,0.0,0.0,0.0,0.0,150866.04,150866.04,0.0,0.0,200549.0,269.67,50.87
2021-06-08,582,BULL_100,BULL_100,17.07,422.38,414.21,376.28,19.23,0.0,NO,0.0,0.0,0.0,0.0,150940.44,150940.44,0.0,0.0,200647.9,74.4,50.94
2021-06-09,583,BULL_100,BULL_100,17.89,421.84,414.72,376.69,19.3,0.0,NO,0.0,0.0,0.0,0.0,150428.73,150428.73,0.0,0.0,199967.68,-511.71,50.43
2021-06-10,584,BULL_100,BULL_100,16.1,423.46,415.29,377.09,19.06,0.0,NO,0.0,0.0,0.0,0.0,152990.46,152990.46,0.0,0.0,203373.03,2561.73,52.99
2021-06-11,585,BULL_100,BULL_100,15.65,424.43,415.85,377.49,18.96,0.0,NO,0.0,0.0,0.0,0.0,153888.78,153888.78,0.0,0.0,204567.19,898.32,53.89
2021-06-14,586,BULL_100,BULL_100,16.39,425.07,416.33,377.87,18.85,0.0,NO,0.0,0.0,0.0,0.0,155483.25,155483.25,0.0,0.0,206686.74,1594.47,55.48
2021-06-15,587,BULL_100,BULL_100,17.02,424.4,416.68,378.25,18.94,0.0,NO,0.0,0.0,0.0,0.0,154285.86,154285.86,0.0,0.0,205095.03,-1197.39,54.29
2021-06-16,588,BULL_100,BULL_100,18.15,420.36,416.95,378.6,19.48,0.0,NO,0.0,0.0,0.0,0.0,149995.92,149995.92,0.0,0.0,199392.33,-4289.94,50.0
2021-06-17,589,BULL_100,BULL_100,17.75,422.31,417.25,378.96,19.22,0.0,NO,0.0,0.0,0.0,0.0,153772.01,153772.01,0.0,0.0,204411.96,3776.09,53.77
2021-06-18,590,BULL_100,BULL_100,20.7,413.61,417.33,379.26,20.27,0.0,NO,0.0,0.0,0.0,0.0,146735.47,146735.47,0.0,0.0,195058.16,-7036.54,46.74
2021-06-21,591,BULL_100,BULL_100,17.89,421.2,417.54,379.57,19.14,0.0,NO,0.0,0.0,0.0,0.0,153532.51,153532.51,0.0,0.0,204093.59,6797.04,53.53
2021-06-22,592,BULL_100,BULL_100,16.66,423.26,417.77,379.97,18.86,0.0,NO,0.0,0.0,0.0,0.0,156396.81,156396.81,0.0,0.0,207901.15,2864.3,56.4
2021-06-23,593,BULL_100,BULL_100,16.32,423.11,417.98,380.38,18.87,0.0,NO,0.0,0.0,0.0,0.0,156317.28,156317.28,0.0,0.0,207795.44,-79.53,56.32
2021-06-24,594,BULL_100,BULL_100,15.97,425.49,418.26,380.84,18.56,0.0,NO,0.0,0.0,0.0,0.0,158715.94,158715.94,0.0,0.0,210984.02,2398.66,58.72
2021-06-25,595,BULL_100,BULL_100,15.62,426.71,418.47,381.27,18.4,0.0,NO,0.0,0.0,0.0,0.0,159295.48,159295.48,0.0,0.0,211754.41,579.54,59.3
2021-06-28,596,BULL_100,BULL_100,15.76,427.2,418.68,381.74,18.33,0.0,NO,0.0,0.0,0.0,0.0,161333.35,161333.35,0.0,0.0,214463.39,2037.87,61.33
2021-06-29,597,BULL_100,BULL_100,16.02,428.25,418.93,382.21,18.24,0.0,NO,0.0,0.0,0.0,0.0,163031.28,163031.28,0.0,0.0,216720.48,1697.93,63.03
2021-06-30,598,BULL_100,BULL_100,15.83,428.87,419.27,382.66,18.13,0.0,NO,0.0,0.0,0.0,0.0,163295.46,163295.46,0.0,0.0,217071.66,264.18,63.3
2021-07-01,599,BULL_100,BULL_100,15.48,430.38,419.58,383.11,17.92,0.0,NO,0.0,0.0,0.0,0.0,164317.01,164317.01,0.0,0.0,218429.62,1021.55,64.32
2021-07-02,600,BULL_100,BULL_100,15.07,433.38,420.0,383.58,17.58,0.0,NO,0.0,0.0,0.0,0.0,168427.95,168427.95,0.0,0.0,223894.37,4110.94,68.43
2021-07-06,601,BULL_100,BULL_100,16.44,432.2,420.31,384.06,17.7,0.0,NO,0.0,0.0,0.0,0.0,167896.69,167896.69,0.0,0.0,223188.16,-531.26,67.9
2021-07-07,602,BULL_100,BULL_100,16.2,434.48,420.65,384.58,17.42,0.0,NO,0.0,0.0,0.0,0.0,170257.72,170257.72,0.0,0.0,226326.72,2361.03,70.26
2021-07-08,603,BULL_100,BULL_100,19.0,430.26,420.9,385.09,17.88,0.0,NO,0.0,0.0,0.0,0.0,165569.43,165569.43,0.0,0.0,220094.49,-4688.29,65.57
2021-07-09,604,BULL_100,BULL_100,16.18,435.61,421.24,385.62,17.27,0.0,NO,0.0,0.0,0.0,0.0,171190.82,171190.82,0.0,0.0,227567.1,5621.39,71.19
2021-07-12,605,BULL_100,BULL_100,16.17,437.16,421.6,386.19,17.11,0.0,NO,0.0,0.0,0.0,0.0,173114.73,173114.73,0.0,0.0,230124.6,1923.91,73.11
2021-07-13,606,BULL_100,BULL_100,17.12,435.02,421.95,386.74,17.33,0.0,NO,0.0,0.0,0.0,0.0,170877.42,170877.42,0.0,0.0,227150.49,-2237.31,70.88
2021-07-14,607,BULL_100,BULL_100,16.33,436.23,422.33,387.28,17.19,0.0,NO,0.0,0.0,0.0,0.0,172302.56,172302.56,0.0,0.0,229044.96,1425.14,72.3
2021-07-15,608,BULL_100,BULL_100,17.01,433.75,422.69,387.77,17.47,0.0,NO,0.0,0.0,0.0,0.0,169107.65,169107.65,0.0,0.0,224797.91,-3194.91,69.11
2021-07-16,609,BULL_100,BULL_100,18.45,431.28,423.0,388.26,17.9,0.0,NO,0.0,0.0,0.0,0.0,165678.83,165678.83,0.0,0.0,220239.92,-3428.82,65.68
2021-07-19,610,BULL_100,BULL_100,22.5,425.74,423.13,388.71,18.45,0.0,NO,0.0,0.0,0.0,0.0,160681.24,160681.24,0.0,0.0,213596.53,-4997.59,60.68
2021-07-20,611,BULL_100,BULL_100,19.73,432.02,423.33,389.19,17.64,0.0,NO,0.0,0.0,0.0,0.0,167100.61,167100.61,0.0,0.0,222129.91,6419.37,67.1
2021-07-21,612,BULL_100,BULL_100,17.91,434.97,423.67,389.7,17.27,0.0,NO,0.0,0.0,0.0,0.0,170555.6,170555.6,0.0,0.0,226722.69,3454.99,70.56
2021-07-22,613,BULL_100,BULL_100,17.69,436.48,424.11,390.19,17.09,0.0,NO,0.0,0.0,0.0,0.0,172970.1,172970.1,0.0,0.0,229932.33,2414.5,72.97
2021-07-23,614,BULL_100,BULL_100,17.2,439.23,424.77,390.71,16.71,0.0,NO,0.0,0.0,0.0,0.0,176516.27,176516.27,0.0,0.0,234646.32,3546.17,76.52
2021-07-26,615,BULL_100,BULL_100,17.58,440.69,425.37,391.21,16.59,0.0,NO,0.0,0.0,0.0,0.0,177906.15,177906.15,0.0,0.0,236493.91,1389.88,77.91
2021-07-27,616,BULL_100,BULL_100,19.36,438.75,425.79,391.67,16.81,0.0,NO,0.0,0.0,0.0,0.0,174272.64,174272.64,0.0,0.0,231663.82,-3633.51,74.27
2021-07-28,617,BULL_100,BULL_100,18.31,438.94,426.25,392.13,16.8,0.0,NO,0.0,0.0,0.0,0.0,174892.96,174892.96,0.0,0.0,232488.43,620.32,74.89
2021-07-29,618,BULL_100,BULL_100,17.7,438.2,426.8,392.56,16.87,0.0,NO,0.0,0.0,0.0,0.0,173338.82,173338.82,0.0,0.0,230422.48,-1554.14,73.34
2021-07-30,619,BULL_100,BULL_100,18.24,438.83,427.38,393.0,16.8,0.0,NO,0.0,0.0,0.0,0.0,174955.9,174955.9,0.0,0.0,232572.1,1617.08,74.96
2021-08-02,620,BULL_100,BULL_100,19.46,438.19,427.83,393.45,16.88,0.0,NO,0.0,0.0,0.0,0.0,174142.52,174142.52,0.0,0.0,231490.86,-813.38,74.14
2021-08-03,621,BULL_100,BULL_100,18.04,440.42,428.33,393.91,16.61,0.0,NO,0.0,0.0,0.0,0.0,176848.75,176848.75,0.0,0.0,235088.3,2706.23,76.85
2021-08-04,622,BULL_100,BULL_100,17.97,439.3,428.72,394.37,16.72,0.0,NO,0.0,0.0,0.0,0.0,176275.4,176275.4,0.0,0.0,234326.13,-573.35,76.28
2021-08-05,623,BULL_100,BULL_100,17.28,441.31,429.16,394.86,16.46,0.0,NO,0.0,0.0,0.0,0.0,178692.98,178692.98,0.0,0.0,237539.86,2417.58,78.69
2021-08-06,624,BULL_100,BULL_100,16.15,442.35,429.63,395.35,16.36,0.0,NO,0.0,0.0,0.0,0.0,178956.76,178956.76,0.0,0.0,237890.51,263.78,78.96
2021-08-09,625,BULL_100,BULL_100,16.72,442.09,430.05,395.86,16.41,0.0,NO,0.0,0.0,0.0,0.0,178867.41,178867.41,0.0,0.0,237771.74,-89.35,78.87
2021-08-10,626,BULL_100,BULL_100,16.79,442.46,430.5,396.34,16.37,0.0,NO,0.0,0.0,0.0,0.0,178334.64,178334.64,0.0,0.0,237063.51,-532.77,78.33
2021-08-11,627,BULL_100,BULL_100,16.06,443.57,430.98,396.83,16.24,0.0,NO,0.0,0.0,0.0,0.0,178971.22,178971.22,0.0,0.0,237909.74,636.58,78.97
2021-08-12,628,BULL_100,BULL_100,15.59,444.88,431.47,397.36,16.09,0.0,NO,0.0,0.0,0.0,0.0,180808.49,180808.49,0.0,0.0,240352.05,1837.27,80.81
2021-08-13,629,BULL_100,BULL_100,15.45,445.4,432.01,397.9,16.0,0.0,NO,0.0,0.0,0.0,0.0,182025.84,182025.84,0.0,0.0,241970.29,1217.35,82.03
2021-08-16,630,BULL_100,BULL_100,16.12,446.75,432.49,398.5,15.9,0.0,NO,0.0,0.0,0.0,0.0,183015.27,183015.27,0.0,0.0,243285.56,989.43,83.02
2021-08-17,631,BULL_100,BULL_100,17.91,443.0,432.91,399.07,16.29,0.0,NO,0.0,0.0,0.0,0.0,178126.81,178126.81,0.0,0.0,236787.25,-4888.46,78.13
2021-08-18,632,BULL_100,BULL_100,21.57,438.8,433.23,399.63,16.76,0.0,NO,0.0,0.0,0.0,0.0,173281.95,173281.95,0.0,0.0,230346.88,-4844.86,73.28
2021-08-19,633,BULL_100,BULL_100,21.67,439.1,433.58,400.17,16.74,0.0,NO,0.0,0.0,0.0,0.0,174189.02,174189.02,0.0,0.0,231552.67,907.07,74.19
2021-08-20,634,BULL_100,BULL_100,18.56,443.51,433.98,400.7,16.21,0.0,NO,0.0,0.0,0.0,0.0,179635.4,179635.4,0.0,0.0,238792.64,5446.38,79.64
2021-08-23,635,BULL_100,BULL_100,17.15,448.01,434.45,401.22,15.74,0.0,NO,0.0,0.0,0.0,0.0,185794.07,185794.07,0.0,0.0,246979.48,6158.67,85.79
2021-08-24,636,BULL_100,BULL_100,17.22,447.8,434.91,401.71,15.76,0.0,NO,0.0,0.0,0.0,0.0,185892.37,185892.37,0.0,0.0,247110.15,98.3,85.89
2021-08-25,637,BULL_100,BULL_100,16.79,448.88,435.4,402.2,15.63,0.0,NO,0.0,0.0,0.0,0.0,186950.08,186950.08,0.0,0.0,248516.18,1057.71,86.95
2021-08-26,638,BULL_100,BULL_100,18.84,446.32,435.92,402.66,15.91,0.0,NO,0.0,0.0,0.0,0.0,183613.24,183613.24,0.0,0.0,244080.45,-3336.84,83.61
2021-08-27,639,BULL_100,BULL_100,16.39,450.44,436.48,403.14,15.49,0.0,NO,0.0,0.0,0.0,0.0,188895.05,188895.05,0.0,0.0,251101.66,5281.81,88.9
2021-08-30,640,BULL_100,BULL_100,16.19,452.38,437.25,403.62,15.26,0.0,NO,0.0,0.0,0.0,0.0,192363.75,192363.75,0.0,0.0,255712.67,3468.7,92.36
2021-08-31,641,BULL_100,BULL_100,16.48,452.44,437.88,404.11,15.26,0.0,NO,0.0,0.0,0.0,0.0,192320.99,192320.99,0.0,0.0,255655.83,-42.76,92.32
2021-09-01,642,BULL_100,BULL_100,16.11,451.96,438.45,404.58,15.3,0.0,NO,0.0,0.0,0.0,0.0,192182.99,192182.99,0.0,0.0,255472.38,-138.0,92.18
2021-09-02,643,BULL_100,BULL_100,16.41,453.14,439.05,405.04,15.19,0.0,NO,0.0,0.0,0.0,0.0,193011.65,193011.65,0.0,0.0,256573.94,828.66,93.01
2021-09-03,644,BULL_100,BULL_100,16.41,452.77,439.6,405.5,15.22,0.0,NO,0.0,0.0,0.0,0.0,193209.82,193209.82,0.0,0.0,256837.36,198.17,93.21
2021-09-07,645,BULL_100,BULL_100,18.14,451.08,440.09,405.97,15.39,0.0,NO,0.0,0.0,0.0,0.0,191705.98,191705.98,0.0,0.0,254838.28,-1503.84,91.71
2021-09-08,646,BULL_100,BULL_100,17.96,450.47,440.55,406.45,15.47,0.0,NO,0.0,0.0,0.0,0.0,190487.87,190487.87,0.0,0.0,253219.03,-1218.11,90.49
2021-09-09,647,BULL_100,BULL_100,18.8,448.76,440.96,406.92,15.62,0.0,NO,0.0,0.0,0.0,0.0,188653.47,188653.47,0.0,0.0,250780.52,-1834.4,88.65
2021-09-10,648,BULL_100,BULL_100,20.95,445.26,441.29,407.35,15.94,0.0,NO,0.0,0.0,0.0,0.0,184247.27,184247.27,0.0,0.0,244923.28,-4406.2,84.25
2021-09-13,649,BULL_100,BULL_100,19.37,447.22,441.63,407.76,15.79,0.0,NO,0.0,0.0,0.0,0.0,186020.91,186020.91,0.0,0.0,247281.01,1773.64,86.02
2021-09-14,650,BULL_100,BULL_100,19.46,444.69,441.85,408.17,16.06,0.0,NO,0.0,0.0,0.0,0.0,183375.45,183375.45,0.0,0.0,243764.36,-2645.46,83.38
2021-09-15,651,BULL_100,BULL_100,18.18,448.17,442.17,408.59,15.68,0.0,NO,0.0,0.0,0.0,0.0,187330.89,187330.89,0.0,0.0,249022.4,3955.44,87.33
2021-09-16,652,BULL_100,BULL_100,18.69,446.49,442.41,409.01,15.86,0.0,NO,0.0,0.0,0.0,0.0,185501.8,185501.8,0.0,0.0,246590.96,-1829.09,85.5
2021-09-17,653,BULL_100,BULL_100,20.81,441.02,442.63,409.38,16.34,0.0,NO,0.0,0.0,0.0,0.0,179688.86,179688.86,0.0,0.0,238863.7,-5812.94,79.69
2021-09-20,654,BULL_100,BULL_100,25.71,435.02,442.61,409.73,16.95,0.0,NO,0.0,0.0,0.0,0.0,172263.49,172263.49,0.0,0.0,228993.02,-7425.37,72.26
2021-09-21,655,DEFENSIVE_SPY,DEFENSIVE_SPY,24.36,432.57,442.52,410.05,17.22,0.0,NO,0.0,0.0,0.0,0.0,172136.23,172136.23,0.0,0.0,228823.86,-127.26,72.14
2021-09-22,656,DEFENSIVE_BOTH,DEFENSIVE_BOTH,20.87,438.67,442.6,410.4,16.51,0.0,NO,0.0,0.0,0.0,0.0,175952.48,175952.48,0.0,0.0,233896.87,3816.25,75.95
2021-09-23,657,DEFENSIVE_BOTH,DEFENSIVE_BOTH,18.63,443.52,442.74,410.78,15.95,0.0,NO,0.0,0.0,0.0,0.0,178894.76,178894.76,0.0,0.0,237808.09,2942.28,78.89
2021-09-24,658,DEFENSIVE_SPY,DEFENSIVE_SPY,17.75,444.21,442.95,411.15,15.87,0.0,NO,0.0,0.0,0.0,0.0,179524.95,179524.95,0.0,0.0,238645.82,630.19,79.52
2021-09-27,659,BULL_100,BULL_100,18.76,442.47,443.17,411.52,16.09,0.0,NO,0.0,0.0,0.0,0.0,176110.53,176110.53,0.0,0.0,234106.96,-3414.42,76.11
2021-09-28,660,BULL_100,BULL_100,23.25,434.86,443.36,411.86,16.88,0.0,NO,0.0,0.0,0.0,0.0,166127.93,166127.93,0.0,0.0,220836.91,-9982.6,66.13
2021-09-29,661,DEFENSIVE_BOTH,DEFENSIVE_BOTH,22.56,435.56,443.43,412.21,16.8,0.0,NO,0.0,0.0,0.0,0.0,167698.3,167698.3,0.0,0.0,222924.44,1570.37,67.7
2021-09-30,662,DEFENSIVE_BOTH,DEFENSIVE_BOTH,23.14,429.95,443.33,412.53,17.45,0.0,NO,0.0,0.0,0.0,0.0,164941.67,164941.67,0.0,0.0,219259.99,-2756.63,64.94
2021-10-01,663,DEFENSIVE_BOTH,DEFENSIVE_BOTH,21.15,434.88,443.3,412.86,16.81,0.0,NO,0.0,0.0,0.0,0.0,167295.87,167295.87,0.0,0.0,222389.47,2354.2,67.3
2021-10-04,664,DEFENSIVE_BOTH,DEFENSIVE_BOTH,22.96,428.77,443.09,413.15,17.57,0.0,NO,0.0,0.0,0.0,0.0,163441.57,163441.57,0.0,0.0,217265.88,-3854.3,63.44
2021-10-05,665,DEFENSIVE_BOTH,DEFENSIVE_BOTH,21.3,432.45,442.92,413.45,17.11,0.0,NO,0.0,0.0,0.0,0.0,165561.66,165561.66,0.0,0.0,220084.16,2120.09,65.56
2021-10-06,666,DEFENSIVE_BOTH,DEFENSIVE_BOTH,21.0,436.06,442.87,413.78,16.69,0.0,NO,0.0,0.0,0.0,0.0,167810.17,167810.17,0.0,0.0,223073.14,2248.51,67.81
2021-10-07,667,DEFENSIVE_BOTH,DEFENSIVE_BOTH,19.54,439.53,442.88,414.14,16.28,0.0,NO,0.0,0.0,0.0,0.0,169555.71,169555.71,0.0,0.0,225393.52,1745.54,69.56
2021-10-08,668,DEFENSIVE_BOTH,DEFENSIVE_BOTH,18.77,437.37,442.86,414.49,16.54,0.0,NO,0.0,0.0,0.0,0.0,168315.38,168315.38,0.0,0.0,223744.73,-1240.33,68.32
2021-10-11,669,DEFENSIVE_BOTH,DEFENSIVE_BOTH,20.0,434.41,442.77,414.82,16.87,0.0,NO,0.0,0.0,0.0,0.0,166459.13,166459.13,0.0,0.0,221277.18,-1856.25,66.46
2021-10-12,670,DEFENSIVE_BOTH,DEFENSIVE_BOTH,19.85,432.42,442.66,415.14,17.1,0.0,NO,0.0,0.0,0.0,0.0,165304.81,165304.81,0.0,0.0,219742.73,-1154.32,65.3
2021-10-13,671,DEFENSIVE_BOTH,DEFENSIVE_BOTH,18.64,435.73,442.57,415.45,16.7,0.0,NO,0.0,0.0,0.0,0.0,167588.74,167588.74,0.0,0.0,222778.79,2283.93,67.59
2021-10-14,672,DEFENSIVE_BOTH,DEFENSIVE_BOTH,16.86,443.2,442.64,415.81,15.84,0.0,NO,0.0,0.0,0.0,0.0,171900.62,171900.62,0.0,0.0,228510.66,4311.88,71.9
2021-10-15,673,DEFENSIVE_BOTH,DEFENSIVE_BOTH,16.3,445.87,442.73,416.18,15.51,0.0,NO,0.0,0.0,0.0,0.0,173250.2,173250.2,0.0,0.0,230304.68,1349.58,73.25
2021-10-18,674,DEFENSIVE_QQQ,DEFENSIVE_QQQ,16.31,447.28,442.83,416.54,15.41,0.0,NO,0.0,0.0,0.0,0.0,175844.09,175844.09,0.0,0.0,233752.78,2593.89,75.84
2021-10-19,675,DEFENSIVE_QQQ,DEFENSIVE_QQQ,15.7,451.07,443.01,416.96,15.02,0.0,NO,0.0,0.0,0.0,0.0,179701.86,179701.86,0.0,0.0,238880.99,3857.77,79.7
2021-10-20,676,BULL_100,BULL_100,15.49,451.63,443.2,417.36,14.97,0.0,NO,0.0,0.0,0.0,0.0,179671.64,179671.64,0.0,0.0,238840.82,-30.22,79.67
2021-10-21,677,BULL_100,BULL_100,15.01,452.59,443.38,417.75,14.88,0.0,NO,0.0,0.0,0.0,0.0,180907.59,180907.59,0.0,0.0,240483.79,1235.95,80.91
2021-10-22,678,BULL_100,BULL_100,15.43,452.3,443.52,418.11,14.89,0.0,NO,0.0,0.0,0.0,0.0,180228.47,180228.47,0.0,0.0,239581.02,-679.12,80.23
2021-10-25,679,BULL_100,BULL_100,15.24,456.17,443.74,418.49,14.52,0.0,NO,0.0,0.0,0.0,0.0,185415.63,185415.63,0.0,0.0,246476.4,5187.16,85.42
2021-10-26,680,BULL_100,BULL_100,15.98,456.55,443.94,418.87,14.49,0.0,NO,0.0,0.0,0.0,0.0,185813.2,185813.2,0.0,0.0,247004.9,397.57,85.81
2021-10-27,681,BULL_100,BULL_100,16.98,454.88,444.17,419.25,14.64,0.0,NO,0.0,0.0,0.0,0.0,184986.71,184986.71,0.0,0.0,245906.23,-826.49,84.99
2021-10-28,682,BULL_100,BULL_100,16.53,456.99,444.54,419.64,14.43,0.0,NO,0.0,0.0,0.0,0.0,187241.44,187241.44,0.0,0.0,248903.49,2254.73,87.24
2021-10-29,683,BULL_100,BULL_100,16.26,459.67,444.95,420.04,14.14,0.0,NO,0.0,0.0,0.0,0.0,191315.72,191315.72,0.0,0.0,254319.51,4074.28,91.32
2021-11-01,684,BULL_100,BULL_100,16.41,459.86,445.28,420.46,14.15,0.0,NO,0.0,0.0,0.0,0.0,191785.18,191785.18,0.0,0.0,254943.57,469.46,91.79
2021-11-02,685,BULL_100,BULL_100,16.03,461.42,445.54,420.87,13.99,0.0,NO,0.0,0.0,0.0,0.0,193732.81,193732.81,0.0,0.0,257532.59,1947.63,93.73
2021-11-03,686,BULL_100,BULL_100,15.1,465.45,445.9,421.28,13.65,0.0,NO,0.0,0.0,0.0,0.0,199729.83,199729.83,0.0,0.0,265504.54,5997.02,99.73
2021-11-04,687,BULL_100,BULL_100,15.44,467.17,446.26,421.69,13.5,0.0,NO,0.0,0.0,0.0,0.0,202810.14,202810.14,0.0,0.0,269599.25,3080.31,102.81
2021-11-05,688,BULL_100,BULL_100,16.48,467.8,446.69,422.12,13.4,0.0,NO,0.0,0.0,0.0,0.0,203640.42,203640.42,0.0,0.0,270702.95,830.28,103.64
2021-11-08,689,BULL_TRIMMED,BULL_TRIMMED,17.22,468.4,447.05,422.54,13.39,0.0,NO,0.0,0.0,0.0,0.0,203877.5,203877.5,0.0,0.0,271018.11,237.08,103.88
2021-11-09,690,BULL_TRIMMED,BULL_TRIMMED,17.78,466.76,447.34,422.95,13.53,0.0,NO,0.0,0.0,0.0,0.0,201612.49,201612.49,0.0,0.0,268007.19,-2265.01,101.61
2021-11-10,691,BULL_TRIMMED,BULL_TRIMMED,18.73,463.69,447.56,423.42,13.8,0.0,NO,0.0,0.0,0.0,0.0,197808.27,197808.27,0.0,0.0,262950.17,-3804.22,97.81
2021-11-11,692,BULL_TRIMMED,BULL_TRIMMED,17.66,464.6,447.82,423.86,13.72,0.0,NO,0.0,0.0,0.0,0.0,199114.65,199114.65,0.0,0.0,264686.77,1306.38,99.11
2021-11-12,693,BULL_TRIMMED,BULL_TRIMMED,16.29,467.5,448.1,424.35,13.41,0.0,NO,0.0,0.0,0.0,0.0,202438.35,202438.35,0.0,0.0,269105.02,3323.7,102.44
2021-11-15,694,BULL_TRIMMED,BULL_TRIMMED,16.49,467.46,448.4,424.81,13.45,0.0,NO,0.0,0.0,0.0,0.0,202006.74,202006.74,0.0,0.0,268531.27,-431.61,102.01
2021-11-16,695,BULL_TRIMMED,BULL_TRIMMED,16.37,469.46,448.77,425.24,13.29,0.0,NO,0.0,0.0,0.0,0.0,204217.59,204217.59,0.0,0.0,271470.2,2210.85,104.22
2021-11-17,696,BULL_TRIMMED,BULL_TRIMMED,17.11,468.29,449.12,425.67,13.39,0.0,NO,0.0,0.0,0.0,0.0,203599.37,203599.37,0.0,0.0,270648.38,-618.22,103.6
2021-11-18,697,BULL_TRIMMED,BULL_TRIMMED,17.59,470.01,449.55,426.09,13.24,0.0,NO,0.0,0.0,0.0,0.0,205966.41,205966.41,0.0,0.0,273794.93,2367.04,105.97
2021-11-19,698,BULL_TRIMMED,BULL_TRIMMED,17.91,469.2,450.03,426.49,13.29,0.0,NO,0.0,0.0,0.0,0.0,205934.62,205934.62,0.0,0.0,273752.68,-31.79,105.93
2021-11-22,699,BULL_TRIMMED,BULL_TRIMMED,19.17,468.08,450.44,426.88,13.41,0.0,NO,0.0,0.0,0.0,0.0,203829.81,203829.81,0.0,0.0,270954.72,-2104.81,103.83
2021-11-23,700,BULL_TRIMMED,BULL_TRIMMED,19.38,467.79,450.91,427.27,13.42,0.0,NO,0.0,0.0,0.0,0.0,202863.97,202863.97,0.0,0.0,269670.8,-965.84,102.86
2021-11-24,701,BULL_TRIMMED,BULL_TRIMMED,18.58,469.73,451.34,427.66,13.26,0.0,NO,0.0,0.0,0.0,0.0,204734.41,204734.41,0.0,0.0,272157.22,1870.44,104.73
2021-11-26,702,BULL_TRIMMED,BULL_TRIMMED,28.62,457.03,451.55,427.99,14.32,0.0,NO,0.0,0.0,0.0,0.0,193454.29,193454.29,0.0,0.0,257162.34,-11280.12,93.45
2021-11-29,703,BULL_100,BULL_100,22.96,465.85,452.04,428.36,13.54,0.0,NO,0.0,0.0,0.0,0.0,203383.13,203383.13,0.0,0.0,270360.94,9928.84,103.38
2021-11-30,704,BULL_100,BULL_100,27.19,457.99,452.5,428.69,14.18,0.0,NO,0.0,0.0,0.0,0.0,193675.66,193675.66,0.0,0.0,257456.62,-9707.47,93.68
2021-12-01,705,BULL_100,BULL_100,31.12,452.35,452.9,428.99,14.74,0.0,NO,0.0,0.0,0.0,0.0,186001.74,186001.74,0.0,0.0,247255.53,-7673.92,86.0
2021-12-02,706,CASH,CASH_IDLE,27.95,455.87,453.24,429.32,14.39,0.0,NO,0.0,0.0,0.0,0.0,186001.74,186001.74,0.0,0.0,247868.15,-0.0,86.0
2021-12-03,707,SMA_RECOVERY,SMA_RECOVERY,30.67,454.2,453.46,429.64,14.57,0.0,NO,0.0,0.0,0.0,0.0,181859.09,181859.09,0.0,0.0,242347.61,-4142.65,81.86
2021-12-06,708,CASH,CASH_IDLE,27.18,458.72,453.75,430.0,14.09,0.0,NO,0.0,0.0,0.0,0.0,181859.09,181859.09,0.0,0.0,244090.82,0.0,81.86
2021-12-07,709,SMA_RECOVERY,SMA_RECOVERY,21.89,468.53,454.27,430.4,13.19,0.0,NO,0.0,0.0,0.0,0.0,186604.15,186604.15,0.0,0.0,250459.62,4745.06,86.6
2021-12-08,710,BULL_100,BULL_100,19.9,469.28,454.96,430.78,13.12,0.0,NO,0.0,0.0,0.0,0.0,187130.51,187130.51,0.0,0.0,251166.11,526.36,87.13
2021-12-09,711,BULL_100,BULL_100,21.58,467.09,455.59,431.21,13.32,0.0,NO,0.0,0.0,0.0,0.0,183335.48,183335.48,0.0,0.0,246072.43,-3795.03,83.34
2021-12-10,712,BULL_100,BULL_100,18.69,470.4,456.4,431.66,13.03,0.0,NO,0.0,0.0,0.0,0.0,187444.57,187444.57,0.0,0.0,251587.64,4109.09,87.44
2021-12-13,713,BULL_100,BULL_100,20.31,466.99,457.04,432.05,13.32,0.0,NO,0.0,0.0,0.0,0.0,182480.81,182480.81,0.0,0.0,244925.29,-4963.76,82.48
2021-12-14,714,BULL_100,BULL_100,21.89,463.24,457.73,432.42,13.63,0.0,NO,0.0,0.0,0.0,0.0,177791.05,177791.05,0.0,0.0,238630.71,-4689.76,77.79
2021-12-15,715,BULL_100,BULL_100,19.29,471.2,458.5,432.88,12.92,0.0,NO,0.0,0.0,0.0,0.0,187926.89,187926.89,0.0,0.0,252235.0,10135.84,87.93
2021-12-16,716,BULL_100,BULL_100,20.57,466.31,459.11,433.33,13.33,0.0,NO,0.0,0.0,0.0,0.0,179423.68,179423.68,0.0,0.0,240822.02,-8503.21,79.42
2021-12-17,717,BULL_100,BULL_100,21.57,461.55,459.55,433.72,13.64,0.0,NO,0.0,0.0,0.0,0.0,176549.83,176549.83,0.0,0.0,236964.74,-2873.85,76.55
2021-12-20,718,DEFENSIVE_QQQ,DEFENSIVE_QQQ,22.87,456.9,459.94,434.09,14.0,0.0,NO,0.0,0.0,0.0,0.0,171074.13,171074.13,0.0,0.0,229615.27,-5475.7,71.07
2021-12-21,719,DEFENSIVE_QQQ,DEFENSIVE_QQQ,21.01,462.83,460.51,434.47,13.45,0.0,NO,0.0,0.0,0.0,0.0,176924.8,176924.8,0.0,0.0,237468.02,5850.67,76.92
2021-12-22,720,DEFENSIVE_QQQ,DEFENSIVE_QQQ,18.63,468.15,461.22,434.86,12.99,0.0,NO,0.0,0.0,0.0,0.0,182489.39,182489.39,0.0,0.0,244936.81,5564.59,82.49
2021-12-23,721,BULL_100,BULL_100,17.96,470.63,461.92,435.24,12.77,0.0,NO,0.0,0.0,0.0,0.0,185498.42,185498.42,0.0,0.0,248975.52,3009.03,85.5
2021-12-27,722,BULL_100,BULL_100,17.68,476.8,462.59,435.66,12.26,0.0,NO,0.0,0.0,0.0,0.0,193181.8,193181.8,0.0,0.0,259288.13,7683.38,93.18
2021-12-28,723,BULL_100,BULL_100,17.54,477.5,463.22,436.06,12.22,0.0,NO,0.0,0.0,0.0,0.0,193657.31,193657.31,0.0,0.0,259926.36,475.51,93.66
2021-12-29,724,BULL_100,BULL_100,16.95,477.12,463.82,436.47,12.26,0.0,NO,0.0,0.0,0.0,0.0,192435.35,192435.35,0.0,0.0,258286.25,-1221.96,92.44
2021-12-30,725,BULL_100,BULL_100,17.33,476.24,464.32,436.86,12.32,0.0,NO,0.0,0.0,0.0,0.0,191484.55,191484.55,0.0,0.0,257010.09,-950.8,91.48
2021-12-31,726,BULL_100,BULL_100,17.22,475.15,464.79,437.27,12.38,0.0,NO,0.0,0.0,0.0,0.0,189888.05,189888.05,0.0,0.0,254867.27,-1596.5,89.89
2022-01-03,727,BULL_100,BULL_100,16.6,477.4,465.29,437.72,12.23,0.0,NO,0.0,0.0,0.0,0.0,193030.8,193030.8,0.0,0.0,259085.46,3142.75,93.03
2022-01-04,728,BULL_100,BULL_100,16.91,477.04,465.79,438.14,12.25,0.0,NO,0.0,0.0,0.0,0.0,190363.96,190363.96,0.0,0.0,255506.04,-2666.84,90.36
2022-01-05,729,BULL_100,BULL_100,19.73,469.0,466.04,438.53,12.86,0.0,NO,0.0,0.0,0.0,0.0,179490.19,179490.19,0.0,0.0,240911.28,-10873.77,79.49
2022-01-06,730,BULL_100,BULL_100,19.61,469.16,466.29,438.94,12.85,0.0,NO,0.0,0.0,0.0,0.0,179622.18,179622.18,0.0,0.0,241088.44,131.99,79.62
2022-01-07,731,DEFENSIVE_QQQ,DEFENSIVE_QQQ,18.76,466.01,466.52,439.32,13.1,0.0,NO,0.0,0.0,0.0,0.0,175835.01,175835.01,0.0,0.0,236005.31,-3787.17,75.84
2022-01-10,732,DEFENSIVE_QQQ,DEFENSIVE_QQQ,19.4,465.8,466.69,439.67,13.12,0.0,NO,0.0,0.0,0.0,0.0,175623.14,175623.14,0.0,0.0,235720.94,-211.87,75.62
2022-01-11,733,DEFENSIVE_BOTH,DEFENSIVE_BOTH,18.41,469.59,466.89,440.03,12.8,0.0,NO,0.0,0.0,0.0,0.0,178075.3,178075.3,0.0,0.0,239012.23,2452.16,78.08
2022-01-12,734,DEFENSIVE_BOTH,DEFENSIVE_BOTH,17.62,470.86,467.11,440.42,12.69,0.0,NO,0.0,0.0,0.0,0.0,178916.0,178916.0,0.0,0.0,240140.61,840.7,78.92
2022-01-13,735,DEFENSIVE_QQQ,DEFENSIVE_QQQ,20.31,464.68,467.18,440.76,13.2,0.0,NO,0.0,0.0,0.0,0.0,172026.62,172026.62,0.0,0.0,230893.7,-6889.38,72.03
2022-01-14,736,DEFENSIVE_QQQ,DEFENSIVE_QQQ,19.19,465.33,467.17,441.08,13.15,0.0,NO,0.0,0.0,0.0,0.0,172789.08,172789.08,0.0,0.0,231917.07,762.46,72.79
2022-01-18,737,DEFENSIVE_BOTH,DEFENSIVE_BOTH,22.79,456.16,466.95,441.32,13.92,0.0,NO,0.0,0.0,0.0,0.0,165412.87,165412.87,0.0,0.0,222016.74,-7376.21,65.41
2022-01-19,738,DEFENSIVE_BOTH,DEFENSIVE_BOTH,23.85,450.94,466.62,441.54,14.41,0.0,NO,0.0,0.0,0.0,0.0,162533.39,162533.39,0.0,0.0,218151.91,-2879.48,62.53
2022-01-20,739,DEFENSIVE_BOTH,DEFENSIVE_BOTH,25.59,445.5,466.16,441.73,14.95,0.0,NO,0.0,0.0,0.0,0.0,159378.69,159378.69,0.0,0.0,213917.68,-3154.7,59.38
2022-01-21,740,DEFENSIVE_BOTH,DEFENSIVE_BOTH,28.85,436.78,465.56,441.87,15.82,0.0,NO,0.0,0.0,0.0,0.0,154751.45,154751.45,0.0,0.0,207707.01,-4627.24,54.75
2022-01-24,741,CASH,CASH_IDLE,29.9,439.65,465.08,442.02,15.5,0.0,NO,0.0,0.0,0.0,0.0,154751.45,154751.45,0.0,0.0,209483.99,-0.0,54.75
2022-01-25,742,CASH,CASH_IDLE,31.16,435.01,464.49,442.13,15.98,0.0,NO,0.0,0.0,0.0,0.0,154751.45,154751.45,0.0,0.0,209483.99,-0.0,54.75
2022-01-26,743,CASH,CASH_SPXU,31.96,435.75,463.85,442.25,15.86,0.0,NO,4934.6763,0.0,78263.97,0.0,77219.97,155483.94,0.5034,50.3,209483.99,732.49,55.48
2022-01-27,744,CASH,CASH_SPXU,30.49,433.08,463.16,442.35,16.18,0.0,NO,4934.6763,0.0,79843.06,0.0,77219.97,157063.04,0.5084,50.8,209483.99,1579.1,57.06
2022-01-28,745,CASH,CASH_SPXU,27.66,442.15,462.62,442.49,15.19,0.0,NO,4934.6763,0.0,74957.73,0.0,77219.97,152177.71,0.4926,49.3,209483.99,-4885.33,52.18
2022-01-31,746,CASH,CASH_IDLE,24.83,448.77,462.23,442.65,14.46,0.0,NO,0.0,0.0,0.0,0.0,151534.31,151534.31,0.0,0.0,209483.99,-643.4,51.53
2022-02-01,747,SMA_RECOVERY,SMA_RECOVERY,21.96,454.6,461.92,442.84,13.92,0.0,NO,0.0,0.0,0.0,0.0,155013.49,155013.49,0.0,0.0,214293.68,3479.18,55.01
2022-02-02,748,SMA_RECOVERY,SMA_RECOVERY,22.09,452.7,461.59,443.04,14.07,0.0,NO,0.0,0.0,0.0,0.0,151777.02,151777.02,0.0,0.0,209819.52,-3236.47,51.78
2022-02-03,749,SMA_RECOVERY,SMA_RECOVERY,24.35,451.4,461.26,443.23,14.13,0.0,NO,0.0,0.0,0.0,0.0,150879.64,150879.64,0.0,0.0,208578.96,-897.38,50.88
2022-02-04,750,SMA_RECOVERY,SMA_RECOVERY,23.22,448.35,460.87,443.4,14.01,0.0,NO,0.0,0.0,0.0,0.0,148708.62,148708.62,0.0,0.0,205577.7,-2171.02,48.71
2022-02-07,751,SMA_RECOVERY,SMA_RECOVERY,22.86,448.19,460.44,443.56,14.47,0.0,NO,0.0,0.0,0.0,0.0,147996.63,147996.63,0.0,0.0,204593.43,-711.99,48.0
2022-02-08,752,SMA_RECOVERY,SMA_RECOVERY,21.44,452.01,460.34,443.74,14.09,0.0,NO,0.0,0.0,0.0,0.0,151071.76,151071.76,0.0,0.0,208844.55,3075.13,51.07
2022-02-09,753,SMA_RECOVERY,SMA_RECOVERY,19.96,457.37,460.17,443.93,13.58,0.0,NO,0.0,0.0,0.0,0.0,155639.49,155639.49,0.0,0.0,215159.07,4567.73,55.64
2022-02-10,754,SMA_RECOVERY,SMA_RECOVERY,23.91,448.02,459.97,444.08,14.38,0.0,NO,0.0,0.0,0.0,0.0,148187.19,148187.19,0.0,0.0,204856.87,-7452.3,48.19
2022-02-11,755,SMA_RECOVERY,SMA_RECOVERY,27.36,440.8,459.74,444.19,15.1,0.0,NO,0.0,0.0,0.0,0.0,141643.74,141643.74,0.0,0.0,195811.07,-6543.45,41.64
2022-02-14,756,CASH,CASH_IDLE,28.33,439.81,459.41,444.3,15.2,0.0,NO,0.0,0.0,0.0,0.0,141643.74,141643.74,0.0,0.0,191220.3,-0.0,41.64
2022-02-15,757,CASH,CASH_IDLE,25.7,444.85,459.23,444.44,14.67,0.0,NO,0.0,0.0,0.0,0.0,141643.74,141643.74,0.0,0.0,191220.3,-0.0,41.64
2022-02-16,758,SMA_RECOVERY,SMA_RECOVERY,24.29,445.7,458.97,444.59,14.59,0.0,NO,0.0,0.0,0.0,0.0,140372.78,140372.78,0.0,0.0,189504.5,-1270.96,40.37
2022-02-17,759,SMA_RECOVERY,SMA_RECOVERY,28.11,437.46,458.35,444.7,15.39,0.0,NO,0.0,0.0,0.0,0.0,133804.11,133804.11,0.0,0.0,180636.73,-6568.67,33.8
2022-02-18,760,CASH,CASH_IDLE,27.75,432.46,457.61,444.76,15.88,0.0,NO,0.0,0.0,0.0,0.0,133804.11,133804.11,0.0,0.0,182330.75,-0.0,33.8
2022-02-22,761,CASH,CASH_IDLE,28.81,432.02,456.91,444.81,15.95,0.0,NO,0.0,0.0,0.0,0.0,133804.11,133804.11,0.0,0.0,182330.75,-0.0,33.8
2022-02-23,762,CASH,CASH_IDLE,31.02,421.6,455.93,444.83,17.12,0.0,NO,0.0,0.0,0.0,0.0,133804.11,133804.11,0.0,0.0,182330.75,-0.0,33.8
2022-02-24,763,CASH,CASH_SPXU,30.32,426.07,455.11,444.89,16.6,0.0,NO,3708.5396,0.0,61561.76,0.0,66767.25,128329.01,0.4797,48.0,182330.75,-5475.1,28.33
2022-02-25,764,CASH,CASH_SPXU,27.59,438.02,454.61,445.05,15.26,0.0,NO,3708.5396,0.0,56592.31,0.0,66767.25,123359.56,0.4588,45.9,182330.75,-4969.45,23.36
2022-02-28,765,CASH,CASH_IDLE,30.15,437.5,453.94,445.18,15.24,0.0,NO,0.0,0.0,0.0,0.0,126280.3,126280.3,0.0,0.0,182330.75,2920.74,26.28
2022-03-01,766,CASH,CASH_SPXU,33.32,431.43,453.24,445.25,16.02,0.0,NO,4113.3648,0.0,65896.1,0.0,63012.87,128908.97,0.5112,51.1,182330.75,2628.67,28.91
2022-03-02,767,CASH,CASH_SPXU,30.74,437.2,452.75,445.36,15.25,0.0,NO,4113.3648,0.0,62728.81,0.0,63012.87,125741.68,0.4989,49.9,182330.75,-3167.29,25.74
2022-03-03,768,CASH,CASH_SPXU,30.48,436.99,452.35,445.49,15.28,0.0,NO,4113.3648,0.0,62852.21,0.0,63012.87,125865.08,0.4994,49.9,182330.75,123.4,25.87
2022-03-04,769,CASH,CASH_SPXU,31.98,430.0,451.7,445.59,15.86,0.0,NO,4113.3648,0.0,65237.97,0.0,63012.87,128250.84,0.5087,50.9,182330.75,2385.76,28.25
2022-03-07,770,CASH,CASH_SPXU,36.45,418.5,450.7,445.6,17.31,0.0,NO,4113.3648,0.0,71202.34,0.0,63012.87,134215.21,0.5305,53.1,182330.75,5964.37,34.22
2022-03-08,771,CASH,CASH_SPXU,35.13,416.7,449.62,445.61,17.54,0.0,NO,4113.3648,0.0,72148.42,0.0,63012.87,135161.29,0.5338,53.4,182330.75,946.08,35.16
2022-03-09,772,CASH,CASH_SPXU,32.45,427.12,448.63,445.65,16.17,0.0,NO,4113.3648,0.0,66513.11,0.0,63012.87,129525.98,0.5135,51.4,182330.75,-5635.31,29.53
2022-03-10,773,CASH,CASH_SPXU,30.23,426.34,447.61,445.68,16.25,0.0,NO,4113.3648,0.0,66842.18,0.0,63012.87,129855.05,0.5147,51.5,182330.75,329.07,29.86
2022-03-11,774,CASH,CASH_SPXU,30.75,420.1,446.47,445.69,16.94,0.0,NO,4113.3648,0.0,69680.4,0.0,63012.87,132693.27,0.5251,52.5,182330.75,2838.22,32.69
2022-03-14,775,CASH,CASH_SPXU,31.77,417.88,445.3,445.67,17.26,0.0,NO,4113.3648,0.0,70996.68,0.0,63012.87,134009.55,0.5298,53.0,182330.75,1316.28,34.01
2022-03-15,776,CASH,CASH_SPXU,29.83,425.32,444.3,445.7,16.31,0.0,NO,4113.3648,0.0,67088.98,0.0,63012.87,130101.85,0.5157,51.6,182330.75,-3907.7,30.1
2022-03-16,777,CASH,CASH_IDLE,26.67,436.25,443.48,445.78,15.08,0.0,NO,0.0,0.0,0.0,0.0,128201.46,128201.46,0.0,0.0,182330.75,-1900.39,28.2
2022-03-17,778,CASH,CASH_IDLE,25.67,438.65,442.71,445.87,14.82,0.0,NO,0.0,0.0,0.0,0.0,128201.46,128201.46,0.0,0.0,182330.75,0.0,28.2
2022-03-18,779,CASH,CASH_IDLE,23.87,445.46,442.24,446.01,14.07,0.0,NO,0.0,0.0,0.0,0.0,128201.46,128201.46,0.0,0.0,182330.75,0.0,28.2
2022-03-21,780,CASH,CASH_IDLE,23.53,443.67,441.73,446.11,14.17,0.0,NO,0.0,0.0,0.0,0.0,128201.46,128201.46,0.0,0.0,182330.75,0.0,28.2
2022-03-22,781,CASH,CASH_IDLE,22.94,450.11,441.41,446.25,13.56,0.0,NO,0.0,0.0,0.0,0.0,128201.46,128201.46,0.0,0.0,182330.75,0.0,28.2
2022-03-23,782,SMA_RECOVERY,SMA_RECOVERY,23.57,444.3,440.98,446.36,14.09,0.0,NO,0.0,0.0,0.0,0.0,124730.47,124730.47,0.0,0.0,177394.24,-3470.99,24.73
2022-03-24,783,CASH,CASH_IDLE,21.67,450.14,440.6,446.5,13.53,0.0,NO,0.0,0.0,0.0,0.0,124730.47,124730.47,0.0,0.0,178153.0,0.0,24.73
2022-03-25,784,SMA_RECOVERY,SMA_RECOVERY,20.81,452.9,440.24,446.65,13.31,0.0,NO,0.0,0.0,0.0,0.0,125146.9,125146.9,0.0,0.0,178747.78,416.43,25.15
2022-03-28,785,BULL_100,BULL_100,19.63,455.81,440.06,446.81,13.03,0.0,NO,0.0,0.0,0.0,0.0,128882.53,128882.53,0.0,0.0,184083.39,3735.63,28.88
2022-03-29,786,BULL_100,BULL_100,18.9,461.11,439.97,446.99,12.58,0.0,NO,0.0,0.0,0.0,0.0,133745.76,133745.76,0.0,0.0,191029.56,4863.23,33.75
2022-03-30,787,BULL_100,BULL_100,19.33,458.89,440.03,447.16,12.76,14.79,YES,0.0,0.0,0.0,0.0,131469.44,131469.44,0.0,0.0,187778.29,-2276.32,31.47
2022-03-31,788,BULL_100,BULL_100,20.56,453.21,440.07,447.32,13.22,14.12,YES,0.0,0.0,0.0,0.0,126561.77,126561.77,0.0,0.0,180768.64,-4907.67,26.56
2022-04-01,789,BULL_100,BULL_100,19.63,453.28,440.23,447.48,13.25,14.58,YES,0.0,0.0,0.0,0.0,126144.84,126144.84,0.0,0.0,180173.14,-416.93,26.14
2022-04-04,790,BULL_100,BULL_100,18.57,456.4,440.62,447.69,12.94,15.31,YES,0.0,0.0,0.0,0.0,130029.85,130029.85,0.0,0.0,185722.12,3885.01,30.03
2022-04-05,791,BULL_100,BULL_100,21.03,451.28,440.85,447.84,13.37,14.11,YES,0.0,0.0,0.0,0.0,124765.58,124765.58,0.0,0.0,178203.14,-5264.27,24.77
2022-04-06,792,BULL_100,BULL_100,22.1,445.19,441.06,447.95,13.92,13.67,YES,0.0,0.0,0.0,0.0,118679.53,118679.53,0.0,0.0,169510.41,-6086.05,18.68
2022-04-07,793,CASH,CASH_IDLE,21.55,449.25,441.33,448.08,13.55,14.07,YES,0.0,0.0,0.0,0.0,118679.53,118679.53,0.0,0.0,170826.35,-0.0,18.68
2022-04-08,794,SMA_RECOVERY,SMA_RECOVERY,21.16,447.24,441.61,448.19,13.72,14.1,YES,0.0,0.0,0.0,0.0,115844.73,115844.73,0.0,0.0,166745.96,-2834.8,15.84
2022-04-11,795,CASH,CASH_IDLE,24.37,439.66,441.56,448.26,14.43,13.32,YES,0.0,0.0,0.0,0.0,115844.73,115844.73,0.0,0.0,165492.05,-0.0,15.84
2022-04-12,796,CASH,CASH_IDLE,24.26,439.64,441.38,448.32,14.43,13.16,YES,0.0,0.0,0.0,0.0,115844.73,115844.73,0.0,0.0,165492.05,-0.0,15.84
2022-04-13,797,CASH,CASH_IDLE,21.82,443.05,441.15,448.39,14.09,14.08,YES,0.0,0.0,0.0,0.0,115844.73,115844.73,0.0,0.0,165492.05,-0.0,15.84
2022-04-14,798,CASH,CASH_IDLE,22.7,437.74,440.85,448.44,14.56,13.72,YES,0.0,0.0,0.0,0.0,115844.73,115844.73,0.0,0.0,165492.05,-0.0,15.84
2022-04-18,799,CASH,CASH_IDLE,22.17,440.13,440.62,448.49,14.35,14.05,YES,0.0,0.0,0.0,0.0,115844.73,115844.73,0.0,0.0,165492.05,-0.0,15.84
2022-04-19,800,CASH,CASH_IDLE,21.37,443.42,440.52,448.54,14.01,14.42,YES,0.0,0.0,0.0,0.0,115844.73,115844.73,0.0,0.0,165492.05,-0.0,15.84
2022-04-20,801,CASH,CASH_IDLE,20.32,446.22,440.49,448.61,13.75,14.85,YES,0.0,0.0,0.0,0.0,115844.73,115844.73,0.0,0.0,165492.05,-0.0,15.84
2022-04-21,802,CASH,CASH_IDLE,22.68,436.93,440.18,448.62,14.63,13.71,YES,0.0,0.0,0.0,0.0,115844.73,115844.73,0.0,0.0,165492.05,-0.0,15.84
2022-04-22,803,CASH,CASH_IDLE,28.21,424.23,439.52,448.59,15.99,12.1,YES,0.0,0.0,0.0,0.0,115844.73,115844.73,0.0,0.0,165492.05,-0.0,15.84
2022-04-25,804,CASH,CASH_IDLE,27.02,428.34,439.13,448.55,15.47,12.39,YES,0.0,0.0,0.0,0.0,115844.73,115844.73,0.0,0.0,165492.05,-0.0,15.84
2022-04-26,805,CASH,CASH_IDLE,33.52,416.66,438.64,448.45,16.72,11.17,YES,0.0,0.0,0.0,0.0,115844.73,115844.73,0.0,0.0,165492.05,-0.0,15.84
2022-04-27,806,CASH,CASH_SPXU,31.6,420.59,438.26,448.38,16.26,11.08,YES,3542.6522,0.0,57603.52,0.0,57805.52,115409.04,0.4991,49.9,165492.05,-435.69,15.41
2022-04-28,807,CASH,CASH_SPXU,29.99,423.91,437.84,448.32,15.82,11.5,YES,3542.6522,0.0,56044.76,0.0,57805.52,113850.28,0.4923,49.2,165492.05,-1558.76,13.85
2022-04-29,808,CASH,CASH_IDLE,33.4,413.4,437.2,448.22,16.98,10.68,YES,0.0,0.0,0.0,0.0,112853.29,112853.29,0.0,0.0,165492.05,-996.99,12.85
2022-05-02,809,CASH,CASH_SPXU,32.34,414.01,436.73,448.13,16.85,10.72,YES,3334.9082,0.0,56193.2,0.0,56312.79,112506.0,0.4995,49.9,165492.05,-347.29,12.51
2022-05-03,810,CASH,CASH_SPXU,29.25,416.94,436.42,448.08,16.5,11.42,YES,3334.9082,0.0,55025.99,0.0,56312.79,111338.78,0.4942,49.4,165492.05,-1167.22,11.34
2022-05-04,811,CASH,CASH_IDLE,25.42,428.1,436.34,448.07,15.15,12.28,YES,0.0,0.0,0.0,0.0,111061.32,111061.32,0.0,0.0,165492.05,-277.46,11.06
2022-05-05,812,CASH,CASH_IDLE,31.2,414.25,436.19,447.96,16.62,10.21,YES,0.0,0.0,0.0,0.0,111061.32,111061.32,0.0,0.0,165492.05,-0.0,11.06
2022-05-06,813,CASH,CASH_SPXU,30.19,411.0,435.89,447.83,17.14,10.31,YES,3299.5043,0.0,56553.5,0.0,55418.6,111972.1,0.5051,50.5,165492.05,910.78,11.97
2022-05-09,814,CASH,CASH_SPXU,34.75,399.44,435.12,447.64,18.42,9.38,YES,3299.5043,0.0,60776.87,0.0,55418.6,116195.47,0.5231,52.3,165492.05,4223.37,16.2
2022-05-10,815,CASH,CASH_SPXU,32.99,398.22,434.33,447.42,18.56,9.76,YES,3299.5043,0.0,61238.8,0.0,55418.6,116657.4,0.5249,52.5,165492.05,461.93,16.66
2022-05-11,816,CASH,CASH_SPXU,32.56,393.86,433.58,447.2,19.19,9.93,YES,3299.5043,0.0,63317.49,0.0,55418.6,118736.08,0.5333,53.3,165492.05,2078.68,18.74
2022-05-12,817,CASH,CASH_SPXU_SVIX,31.77,393.9,432.71,446.97,19.18,10.03,YES,3299.5043,1240.3667,63284.49,12440.88,43523.55,119248.92,0.635,63.5,165492.05,512.84,19.25
2022-05-13,818,CASH,CASH_SPXU_SVIX,28.87,401.45,432.0,446.79,17.99,10.69,YES,3299.5043,1240.3667,59358.08,13259.52,43523.55,116141.15,0.6253,62.5,165492.05,-3107.77,16.14
2022-05-16,819,CASH,CASH_SVIX,27.47,400.46,431.41,446.6,18.2,11.01,YES,0.0,1240.3667,0.0,13656.44,103881.5,117537.94,0.1162,11.6,165492.05,1396.79,17.54
2022-05-17,820,CASH,CASH_SVIX,26.1,408.25,431.21,446.45,17.13,11.4,YES,0.0,1240.3667,0.0,14140.18,103881.5,118021.68,0.1198,12.0,165492.05,483.74,18.02
2022-05-18,821,CASH,CASH_SVIX,30.96,389.5,430.66,446.19,19.55,9.96,YES,0.0,1240.3667,0.0,12354.05,103881.5,116235.55,0.1063,10.6,165492.05,-1786.13,16.24
2022-05-19,822,CASH,CASH_SPXU_SVIX,29.35,390.57,429.93,445.95,19.41,10.49,YES,2969.8412,1240.3667,57644.62,13011.45,45317.13,115973.2,0.6092,60.9,165492.05,-262.35,15.97
2022-05-20,823,CASH,CASH_SVIX,29.43,390.62,429.22,445.7,19.45,10.26,YES,0.0,1240.3667,0.0,12726.16,101452.43,114178.59,0.1115,11.1,165492.05,-1794.61,14.18
2022-05-23,824,CASH,CASH_SVIX,28.48,394.51,428.71,445.46,18.77,10.45,YES,0.0,1240.3667,0.0,12961.83,101452.43,114414.26,0.1133,11.3,165492.05,235.67,14.41
2022-05-24,825,CASH,CASH_SVIX,29.45,395.6,428.26,445.22,18.61,10.39,YES,0.0,1240.3667,0.0,12887.41,101452.43,114339.84,0.1127,11.3,165492.05,-74.42,14.34
2022-05-25,826,CASH,CASH_SVIX,28.37,396.73,427.69,445.0,18.45,10.61,YES,0.0,1240.3667,0.0,13160.29,101452.43,114612.72,0.1148,11.5,165492.05,272.88,14.61
2022-05-26,827,CASH,CASH_SVIX,27.5,405.41,427.07,444.81,17.24,10.75,YES,0.0,1240.3667,0.0,13333.94,101452.43,114786.37,0.1162,11.6,165492.05,173.65,14.79
2022-05-27,828,CASH,CASH_SVIX,25.72,416.6,426.63,444.66,15.81,11.13,YES,0.0,1240.3667,0.0,13805.28,101452.43,115257.71,0.1198,12.0,165492.05,471.34,15.26
2022-05-31,829,CASH,CASH_SVIX,26.19,414.49,426.01,444.51,16.06,11.31,YES,0.0,1240.3667,0.0,14028.55,101452.43,115480.98,0.1215,12.1,165492.05,223.27,15.48
2022-06-01,830,CASH,CASH_SVIX,25.69,408.47,425.31,444.32,16.79,11.39,YES,0.0,1240.3667,0.0,14127.78,101452.43,115580.21,0.1222,12.2,165492.05,99.23,15.58
2022-06-02,831,CASH,CASH_SVIX,24.72,418.0,424.67,444.19,15.64,11.72,YES,0.0,1240.3667,0.0,14537.1,101452.43,115989.53,0.1253,12.5,165492.05,409.32,15.99
2022-06-03,832,CASH,CASH_SVIX,24.79,410.3,423.99,444.05,16.45,11.52,YES,0.0,1240.3667,0.0,14289.02,101452.43,115741.45,0.1235,12.3,165492.05,-248.08,15.74
2022-06-06,833,CASH,CASH_SVIX,25.07,411.9,423.22,443.91,16.29,11.67,YES,0.0,1240.3667,0.0,14475.08,101452.43,115927.51,0.1249,12.5,165492.05,186.06,15.93
2022-06-07,834,CASH,CASH_SVIX,24.02,414.55,422.45,443.77,16.0,11.88,YES,0.0,1240.3667,0.0,14735.56,101452.43,116187.98,0.1268,12.7,165492.05,260.47,16.19
2022-06-08,835,CASH,CASH_SVIX,23.96,411.69,421.57,443.59,16.33,12.01,YES,0.0,1240.3667,0.0,14896.8,101452.43,116349.23,0.128,12.8,165492.05,161.25,16.35
2022-06-09,836,CASH,CASH_SVIX,26.09,401.98,420.39,443.36,17.47,11.43,YES,0.0,1240.3667,0.0,14177.39,101452.43,115629.82,0.1226,12.3,165492.05,-719.41,15.63
2022-06-10,837,CASH,CASH_SVIX,27.75,390.25,419.02,443.07,18.96,10.74,YES,0.0,1240.3667,0.0,13321.54,101452.43,114773.97,0.1161,11.6,165492.05,-855.85,14.77
2022-06-13,838,CASH,CASH_SVIX,34.02,375.82,417.47,442.71,21.13,9.43,YES,0.0,1240.3667,0.0,11696.66,101452.43,113149.09,0.1034,10.3,165492.05,-1624.88,13.15
2022-06-14,839,CASH,CASH_SPXU_SVIX,32.69,375.72,415.92,442.34,21.12,9.51,YES,2763.5021,1240.3667,58365.16,11795.89,44714.02,114875.07,0.6108,61.1,165492.05,1725.98,14.88
2022-06-15,840,CASH,CASH_SPXU_SVIX,29.62,381.66,414.42,441.99,20.13,10.17,YES,2763.5021,1240.3667,55629.3,12614.53,44714.02,112957.85,0.6042,60.4,165492.05,-1917.22,12.96
2022-06-16,841,CASH,CASH_SVIX,32.95,368.44,412.77,441.57,22.42,9.36,YES,0.0,1240.3667,0.0,11609.83,104781.72,116391.55,0.0997,10.0,165492.05,3433.7,16.39
2022-06-17,842,CASH,CASH_SPXU_SVIX,31.13,366.33,411.19,441.14,22.35,9.75,YES,2655.0499,1240.3667,59340.36,12093.57,46226.2,117660.14,0.6071,60.7,165492.05,1268.59,17.66
2022-06-21,843,CASH,CASH_SPXU_SVIX,30.19,374.67,409.7,440.75,20.84,10.0,YES,2655.0499,1240.3667,55331.24,12403.67,46226.2,113961.1,0.5944,59.4,165492.05,-3699.04,13.96
2022-06-22,844,CASH,CASH_SPXU_SVIX,28.95,372.65,408.21,440.34,21.19,10.34,YES,2655.0499,1240.3667,56260.51,12825.39,46226.2,115312.1,0.5991,59.9,165492.05,1351.0,15.31
2022-06-23,845,CASH,CASH_SVIX,29.05,376.84,406.95,439.97,20.48,10.34,YES,0.0,1240.3667,0.0,12825.39,102426.18,115251.57,0.1113,11.1,165492.05,-60.53,15.25
2022-06-24,846,CASH,CASH_SVIX,27.23,389.63,405.95,439.67,18.43,10.55,YES,0.0,1240.3667,0.0,13085.87,102426.18,115512.05,0.1133,11.3,165492.05,260.48,15.51
2022-06-27,847,CASH,CASH_SVIX,26.95,389.01,404.87,439.37,18.49,10.88,YES,0.0,1240.3667,0.0,13495.19,102426.18,115921.37,0.1164,11.6,165492.05,409.32,15.92
2022-06-28,848,CASH,CASH_SVIX,28.36,381.2,403.74,439.05,19.62,10.46,YES,0.0,1240.3667,0.0,12974.24,102426.18,115400.41,0.1124,11.2,165492.05,-520.96,15.4
2022-06-29,849,CASH,CASH_SVIX,28.16,380.06,402.54,438.71,19.81,10.58,YES,0.0,1240.3667,0.0,13123.08,102426.18,115549.26,0.1136,11.4,165492.05,148.85,15.55
2022-06-30,850,CASH,CASH_SVIX,28.71,377.3,401.21,438.38,20.22,10.34,YES,0.0,1240.3667,0.0,12825.39,102426.18,115251.57,0.1113,11.1,165492.05,-297.69,15.25
2022-07-01,851,CASH,CASH_SVIX,26.7,381.14,399.91,438.04,19.74,10.71,YES,0.0,1240.3667,0.0,13284.33,102426.18,115710.5,0.1148,11.5,165492.05,458.93,15.71
2022-07-05,852,CASH,CASH_SVIX,27.54,380.89,398.79,437.71,19.67,10.62,YES,0.0,1240.3667,0.0,13172.69,102426.18,115598.87,0.114,11.4,165492.05,-111.63,15.6
2022-07-06,853,CASH,CASH_SVIX,26.73,383.65,397.98,437.43,19.25,10.825,YES,0.0,1240.3667,0.0,13426.97,102426.18,115853.15,0.1159,11.6,165492.05,254.28,15.85
2022-07-07,854,CASH,CASH_SVIX,26.08,388.18,397.18,437.19,18.55,10.92,YES,0.0,1240.3667,0.0,13544.8,102426.18,115970.98,0.1168,11.7,165492.05,117.83,15.97
2022-07-08,855,CASH,CASH_SVIX,24.64,388.79,396.62,436.97,18.45,11.2,YES,0.0,1240.3667,0.0,13892.11,102426.18,116318.28,0.1194,11.9,165492.05,347.3,16.32
2022-07-11,856,CASH,CASH_SVIX,26.17,384.84,395.9,436.71,19.04,10.88,YES,0.0,1240.3667,0.0,13495.19,102426.18,115921.37,0.1164,11.6,165492.05,-396.91,15.92
2022-07-12,857,CASH,CASH_SVIX,27.29,380.69,395.04,436.39,19.65,10.79,YES,0.0,1240.3667,0.0,13383.56,102426.18,115809.73,0.1156,11.6,165492.05,-111.64,15.81
2022-07-13,858,CASH,CASH_SVIX,26.82,376.51,394.3,436.05,20.32,10.93,YES,0.0,1240.3667,0.0,13557.21,102426.18,115983.39,0.1169,11.7,165492.05,173.66,15.98
2022-07-14,859,CASH,CASH_SVIX,26.4,379.49,393.61,435.74,19.85,10.91,YES,0.0,1240.3667,0.0,13532.4,102426.18,115958.58,0.1167,11.7,165492.05,-24.81,15.96
2022-07-15,860,CASH,CASH_SVIX,24.23,385.19,392.98,435.49,18.91,11.41,YES,0.0,1240.3667,0.0,14152.58,102426.18,116578.76,0.1214,12.1,165492.05,620.18,16.58
2022-07-18,861,CASH,CASH_SVIX,25.3,382.93,392.07,435.23,19.27,11.12,YES,0.0,1240.3667,0.0,13792.88,102426.18,116219.05,0.1187,11.9,165492.05,-359.71,16.22
2022-07-19,862,CASH,CASH_SVIX,24.5,393.02,391.65,435.04,17.74,11.26,YES,0.0,1240.3667,0.0,13966.53,102426.18,116392.71,0.12,12.0,165492.05,173.66,16.39
2022-07-20,863,CASH,CASH_SVIX,23.88,394.21,391.31,434.84,17.56,11.53,YES,0.0,1240.3667,0.0,14301.43,102426.18,116727.61,0.1225,12.3,165492.05,334.9,16.73
2022-07-21,864,CASH,CASH_SVIX,23.11,396.97,391.26,434.68,17.21,11.69,YES,0.0,1240.3667,0.0,14499.89,102426.18,116926.06,0.124,12.4,165492.05,198.45,16.93
2022-07-22,865,CASH,CASH_SVIX,23.03,394.16,391.18,434.49,17.52,11.89,YES,0.0,1240.3667,0.0,14747.96,102426.18,117174.14,0.1259,12.6,165492.05,248.08,17.17
2022-07-25,866,CASH,CASH_SVIX,23.36,394.2,391.19,434.28,17.59,12.01,YES,0.0,1240.3667,0.0,14896.8,102426.18,117322.98,0.127,12.7,165492.05,148.84,17.32
2022-07-26,867,CASH,CASH_SVIX,24.69,394.0,391.19,434.05,17.57,11.94,YES,0.0,1240.3667,0.0,14809.98,102426.18,117236.16,0.1263,12.6,165492.05,-86.82,17.24
2022-07-27,868,CASH,CASH_SVIX,23.24,400.43,391.17,433.87,16.68,12.04,YES,0.0,1240.3667,0.0,14934.01,102426.18,117360.19,0.1272,12.7,165492.05,124.03,17.36
2022-07-28,869,CASH,CASH_SVIX,22.33,408.21,391.32,433.74,15.73,12.83,YES,0.0,1240.3667,0.0,15913.9,102426.18,118340.08,0.1345,13.4,165492.05,979.89,18.34
2022-07-29,870,CASH,CASH_SVIX,21.33,411.5,391.39,433.63,15.43,12.89,YES,0.0,1240.3667,0.0,15988.33,102426.18,118414.5,0.135,13.5,165492.05,74.42,18.41
2022-08-01,871,CASH,CASH_SVIX,22.84,410.18,391.8,433.5,15.5,12.4,YES,0.0,1240.3667,0.0,15380.55,102426.18,117806.72,0.1306,13.1,165492.05,-607.78,17.81
2022-08-02,872,CASH,CASH_SVIX,23.93,408.17,392.16,433.33,15.74,12.26,YES,0.0,1240.3667,0.0,15206.9,102426.18,117633.07,0.1293,12.9,165492.05,-173.65,17.63
2022-08-03,873,CASH,CASH_SVIX,21.95,413.78,392.62,433.17,15.08,12.89,YES,0.0,1240.3667,0.0,15988.33,102426.18,118414.5,0.135,13.5,165492.05,781.43,18.41
2022-08-04,874,CASH,CASH_SVIX,21.44,414.31,393.01,433.0,15.04,12.81,YES,0.0,1240.3667,0.0,15889.1,102426.18,118315.27,0.1343,13.4,165492.05,-99.23,18.32
2022-08-05,875,CASH,CASH_SVIX,21.15,412.8,393.36,432.81,15.16,13.09,YES,0.0,1240.3667,0.0,16236.4,102426.18,118662.58,0.1368,13.7,165492.05,347.31,18.66
2022-08-08,876,CASH,CASH_SVIX,21.29,414.12,393.71,432.62,15.07,13.07,YES,0.0,1240.3667,0.0,16211.59,102426.18,118637.77,0.1366,13.7,165492.05,-24.81,18.64
2022-08-09,877,CASH,CASH_SVIX,21.77,411.69,393.83,432.42,15.34,12.99,YES,0.0,1240.3667,0.0,16112.36,102426.18,118538.54,0.1359,13.6,165492.05,-99.23,18.54
2022-08-10,878,CASH,CASH_SVIX,19.74,420.12,393.9,432.26,14.38,13.75,YES,0.0,1240.3667,0.0,17055.04,102426.18,119481.22,0.1427,14.3,165492.05,942.68,19.48
2022-08-11,879,CASH,CASH_IDLE,20.2,420.33,394.02,432.08,14.38,13.67,YES,0.0,0.0,0.0,0.0,119483.25,119483.25,0.0,0.0,165492.05,2.03,19.48
2022-08-12,880,CASH,CASH_IDLE,19.53,427.19,394.39,431.93,13.71,13.77,YES,0.0,0.0,0.0,0.0,119483.25,119483.25,0.0,0.0,165492.05,-0.0,19.48
2022-08-15,881,CASH,CASH_IDLE,19.95,428.62,394.61,431.8,13.55,13.96,YES,0.0,0.0,0.0,0.0,119483.25,119483.25,0.0,0.0,165492.05,-0.0,19.48
2022-08-16,882,CASH,CASH_IDLE,19.69,429.72,394.99,431.66,13.43,13.87,YES,0.0,0.0,0.0,0.0,119483.25,119483.25,0.0,0.0,165492.05,-0.0,19.48
2022-08-17,883,CASH,CASH_IDLE,19.9,425.99,395.28,431.5,13.8,13.91,YES,0.0,0.0,0.0,0.0,119483.25,119483.25,0.0,0.0,165492.05,-0.0,19.48
2022-08-18,884,CASH,CASH_IDLE,19.56,427.66,395.54,431.34,13.66,14.12,YES,0.0,0.0,0.0,0.0,119483.25,119483.25,0.0,0.0,165492.05,-0.0,19.48
2022-08-19,885,CASH,CASH_IDLE,20.6,421.75,395.74,431.14,14.29,13.42,YES,0.0,0.0,0.0,0.0,119483.25,119483.25,0.0,0.0,165492.05,-0.0,19.48
2022-08-22,886,CASH,CASH_IDLE,23.8,414.38,395.99,430.88,14.95,12.58,YES,0.0,0.0,0.0,0.0,119483.25,119483.25,0.0,0.0,165492.05,-0.0,19.48
2022-08-23,887,CASH,CASH_IDLE,24.11,412.04,396.42,430.61,15.21,12.79,YES,0.0,0.0,0.0,0.0,119483.25,119483.25,0.0,0.0,165492.05,-0.0,19.48
2022-08-24,888,CASH,CASH_IDLE,22.82,413.83,397.18,430.34,15.02,13.27,YES,0.0,0.0,0.0,0.0,119483.25,119483.25,0.0,0.0,165492.05,-0.0,19.48
2022-08-25,889,CASH,CASH_IDLE,21.78,418.97,398.05,430.09,14.45,13.62,YES,0.0,0.0,0.0,0.0,119483.25,119483.25,0.0,0.0,165492.05,-0.0,19.48
2022-08-26,890,CASH,CASH_IDLE,25.56,403.8,398.49,429.77,16.11,12.36,YES,0.0,0.0,0.0,0.0,119483.25,119483.25,0.0,0.0,165492.05,-0.0,19.48
2022-08-29,891,CASH,CASH_IDLE,26.21,403.62,399.2,429.47,16.08,12.31,YES,0.0,0.0,0.0,0.0,119483.25,119483.25,0.0,0.0,165492.05,-0.0,19.48
2022-08-30,892,CASH,CASH_IDLE,26.21,398.34,399.84,429.14,16.74,12.26,YES,0.0,0.0,0.0,0.0,119483.25,119483.25,0.0,0.0,165492.05,-0.0,19.48
2022-08-31,893,CASH,CASH_IDLE,25.87,393.08,400.2,428.77,17.38,12.38,YES,0.0,0.0,0.0,0.0,119483.25,119483.25,0.0,0.0,165492.05,-0.0,19.48
2022-09-01,894,CASH,CASH_IDLE,25.56,397.67,400.7,428.42,16.96,12.49,YES,0.0,0.0,0.0,0.0,119483.25,119483.25,0.0,0.0,165492.05,-0.0,19.48
2022-09-02,895,CASH,CASH_IDLE,25.47,392.74,401.02,428.04,17.52,12.47,YES,0.0,0.0,0.0,0.0,119483.25,119483.25,0.0,0.0,165492.05,-0.0,19.48
2022-09-06,896,CASH,CASH_IDLE,26.91,390.34,401.04,427.65,17.77,12.09,YES,0.0,0.0,0.0,0.0,119483.25,119483.25,0.0,0.0,165492.05,-0.0,19.48
2022-09-07,897,CASH,CASH_IDLE,24.64,397.51,401.21,427.29,16.81,12.74,YES,0.0,0.0,0.0,0.0,119483.25,119483.25,0.0,0.0,165492.05,-0.0,19.48
2022-09-08,898,CASH,CASH_IDLE,23.61,400.76,401.6,426.94,16.4,12.99,YES,0.0,0.0,0.0,0.0,119483.25,119483.25,0.0,0.0,165492.05,-0.0,19.48
2022-09-09,899,CASH,CASH_IDLE,22.79,406.2,402.12,426.63,15.7,13.16,YES,0.0,0.0,0.0,0.0,119483.25,119483.25,0.0,0.0,165492.05,-0.0,19.48
2022-09-12,900,CASH,CASH_IDLE,23.87,411.39,402.8,426.35,15.13,13.23,YES,0.0,0.0,0.0,0.0,119483.25,119483.25,0.0,0.0,165492.05,-0.0,19.48
2022-09-13,901,CASH,CASH_IDLE,27.27,393.94,403.06,425.97,17.05,11.96,YES,0.0,0.0,0.0,0.0,119483.25,119483.25,0.0,0.0,165492.05,-0.0,19.48
2022-09-14,902,CASH,CASH_IDLE,26.16,395.39,403.35,425.66,16.88,12.04,YES,0.0,0.0,0.0,0.0,119483.25,119483.25,0.0,0.0,165492.05,-0.0,19.48
2022-09-15,903,CASH,CASH_IDLE,26.27,387.63,403.43,425.27,17.9,12.0,YES,0.0,0.0,0.0,0.0,119483.25,119483.25,0.0,0.0,165492.05,-0.0,19.48
2022-09-16,904,CASH,CASH_IDLE,26.3,387.45,403.41,424.92,17.79,12.08,YES,0.0,0.0,0.0,0.0,119483.25,119483.25,0.0,0.0,165492.05,-0.0,19.48
2022-09-19,905,CASH,CASH_IDLE,25.76,389.76,403.43,424.61,17.39,12.47,YES,0.0,0.0,0.0,0.0,119483.25,119483.25,0.0,0.0,165492.05,-0.0,19.48
2022-09-20,906,CASH,CASH_IDLE,27.16,384.33,403.42,424.25,18.14,12.0,YES,0.0,0.0,0.0,0.0,119483.25,119483.25,0.0,0.0,165492.05,-0.0,19.48
2022-09-21,907,CASH,CASH_IDLE,27.99,375.18,403.31,423.86,19.41,11.48,YES,0.0,0.0,0.0,0.0,119483.25,119483.25,0.0,0.0,165492.05,-0.0,19.48
2022-09-22,908,CASH,CASH_IDLE,27.35,374.99,403.28,423.44,19.5,11.74,YES,0.0,0.0,0.0,0.0,119483.25,119483.25,0.0,0.0,165492.05,-0.0,19.48
2022-09-23,909,CASH,CASH_IDLE,29.92,368.1,403.05,422.93,20.47,11.0,YES,0.0,0.0,0.0,0.0,119483.25,119483.25,0.0,0.0,165492.05,-0.0,19.48
2022-09-26,910,CASH,CASH_IDLE,32.26,365.15,402.65,422.41,21.08,10.6,YES,0.0,0.0,0.0,0.0,119483.25,119483.25,0.0,0.0,165492.05,-0.0,19.48
2022-09-27,911,CASH,CASH_SPXU,32.6,363.55,402.27,421.9,21.37,10.49,YES,2929.9472,0.0,62612.97,0.0,59621.14,122234.11,0.5122,51.2,165492.05,2750.86,22.23
2022-09-28,912,CASH,CASH_SPXU,30.18,370.06,401.81,421.39,20.22,10.86,YES,2929.9472,0.0,59243.53,0.0,59621.14,118864.67,0.4984,49.8,165492.05,-3369.44,18.86
2022-09-29,913,CASH,CASH_SPXU,31.84,364.24,401.21,420.88,21.17,10.52,YES,2929.9472,0.0,62026.98,0.0,59621.14,121648.12,0.5099,51.0,165492.05,2783.45,21.65
2022-09-30,914,CASH,CASH_SPXU,31.62,357.95,400.43,420.35,22.36,10.39,YES,2929.9472,0.0,65513.62,0.0,59621.14,125134.76,0.5235,52.4,165492.05,3486.64,25.13
2022-10-03,915,CASH,CASH_SPXU,30.1,367.69,399.9,419.84,20.5,10.79,YES,2929.9472,0.0,60063.92,0.0,59621.14,119685.06,0.5018,50.2,165492.05,-5449.7,19.69
2022-10-04,916,CASH,CASH_SPXU_SVIX,29.07,377.06,399.55,419.39,18.89,11.12,YES,2929.9472,1043.2654,55346.7,11601.11,48100.36,115048.17,0.5819,58.2,165492.05,-4636.89,15.05
2022-10-05,917,CASH,CASH_SVIX,28.55,378.59,399.25,418.98,18.67,11.15,YES,0.0,1043.2654,0.0,11632.41,104154.12,115786.52,0.1005,10.0,165492.05,738.35,15.79
2022-10-06,918,CASH,CASH_SVIX,30.52,372.15,398.68,418.55,19.65,10.68,YES,0.0,1043.2654,0.0,11142.07,104154.12,115296.19,0.0966,9.7,165492.05,-490.33,15.3
2022-10-07,919,CASH,CASH_SPXU_SVIX,31.36,361.95,397.76,418.05,21.3,10.21,YES,2919.7827,1043.2654,62191.37,10651.74,46635.38,119478.49,0.6097,61.0,165492.05,4182.3,19.48
2022-10-10,920,CASH,CASH_SPXU_SVIX,32.45,360.79,396.74,417.51,21.45,10.05,YES,2919.7827,1043.2654,62629.34,10484.82,46635.38,119749.54,0.6106,61.1,165492.05,271.05,19.75
2022-10-11,921,CASH,CASH_SPXU_SVIX,33.63,358.28,395.7,416.95,21.94,9.9,YES,2919.7827,1043.2654,64060.03,10328.33,46635.38,121023.74,0.6147,61.5,165492.05,1274.2,21.02
2022-10-12,922,CASH,CASH_SPXU_SVIX,33.57,357.64,394.69,416.35,22.06,10.02,YES,2919.7827,1043.2654,64410.41,10453.52,46635.38,121499.31,0.6162,61.6,165492.05,475.57,21.5
2022-10-13,923,CASH,CASH_SPXU_SVIX,31.94,365.84,393.73,415.79,20.55,10.35,YES,2919.7827,1043.2654,60001.53,10797.8,46635.38,117434.71,0.6029,60.3,165492.05,-4064.6,17.43
2022-10-14,924,CASH,CASH_SPXU_SVIX,32.02,356.6,392.58,415.19,22.21,10.08,YES,2919.7827,1043.2654,64848.37,10516.11,46635.38,121999.87,0.6177,61.8,165492.05,4565.16,22.0
2022-10-17,925,CASH,CASH_SPXU_SVIX,31.37,369.75,391.72,414.66,19.74,10.35,YES,2919.7827,1043.2654,57636.51,10797.8,46635.38,115069.69,0.5947,59.5,165492.05,-6930.18,15.07
2022-10-18,926,CASH,CASH_SPXU_SVIX,30.5,374.1,390.92,414.15,19.04,10.67,YES,2919.7827,1043.2654,55592.66,11131.64,46635.38,113359.69,0.5886,58.9,165492.05,-1710.0,13.36
2022-10-19,927,CASH,CASH_SPXU_SVIX,30.76,367.52,390.03,413.6,20.11,10.46,YES,2919.7827,1043.2654,58716.83,10912.56,46635.38,116264.77,0.5989,59.9,165492.05,2905.08,16.26
2022-10-20,928,CASH,CASH_SPXU_SVIX,29.98,364.17,388.92,413.04,20.66,10.61,YES,2919.7827,1043.2654,60322.71,11069.05,46635.38,118027.14,0.6049,60.5,165492.05,1762.37,18.03
2022-10-21,929,CASH,CASH_SVIX,29.69,375.65,388.02,412.57,18.77,10.67,YES,0.0,1043.2654,0.0,11131.64,106923.86,118055.51,0.0943,9.4,165492.05,28.37,18.06
2022-10-24,930,CASH,CASH_SVIX,29.85,378.9,387.06,412.12,18.28,10.77,YES,0.0,1043.2654,0.0,11235.97,106923.86,118159.83,0.0951,9.5,165492.05,104.32,18.16
2022-10-25,931,CASH,CASH_SVIX,28.46,381.18,386.11,411.7,17.92,10.97,YES,0.0,1043.2654,0.0,11444.62,106923.86,118368.49,0.0967,9.7,165492.05,208.66,18.37
2022-10-26,932,CASH,CASH_SVIX,27.28,383.73,385.19,411.29,17.56,11.48,YES,0.0,1043.2654,0.0,11976.69,106923.86,118900.55,0.1007,10.1,165492.05,532.06,18.9
2022-10-27,933,CASH,CASH_SVIX,27.39,377.4,384.22,410.83,18.46,11.5,YES,0.0,1043.2654,0.0,11997.55,106923.86,118921.42,0.1009,10.1,165492.05,20.87,18.92
2022-10-28,934,CASH,CASH_SVIX,25.75,390.2,383.47,410.42,16.74,11.98,YES,0.0,1043.2654,0.0,12498.32,106923.86,119422.18,0.1047,10.5,165492.05,500.76,19.42
2022-10-31,935,CASH,CASH_SVIX,25.88,386.73,382.77,410.03,17.1,12.09,YES,0.0,1043.2654,0.0,12613.08,106923.86,119536.94,0.1055,10.6,165492.05,114.76,19.54
2022-11-01,936,CASH,CASH_SVIX,25.81,384.45,382.17,409.63,17.42,12.23,YES,0.0,1043.2654,0.0,12759.14,106923.86,119683.0,0.1066,10.7,165492.05,146.06,19.68
2022-11-02,937,CASH,CASH_SVIX,25.86,374.08,381.41,409.22,18.84,11.99,YES,0.0,1043.2654,0.0,12508.75,106923.86,119432.62,0.1047,10.5,165492.05,-250.38,19.43
2022-11-03,938,CASH,CASH_SVIX,25.3,370.37,380.54,408.82,19.42,12.24,YES,0.0,1043.2654,0.0,12769.57,106923.86,119693.43,0.1067,10.7,165492.05,260.81,19.69
2022-11-04,939,CASH,CASH_SVIX,24.55,376.0,379.68,408.47,18.59,12.35,YES,0.0,1043.2654,0.0,12884.33,106923.86,119808.19,0.1075,10.8,165492.05,114.76,19.81
2022-11-07,940,CASH,CASH_SVIX,24.35,379.99,379.2,408.18,17.98,12.42,YES,0.0,1043.2654,0.0,12957.36,106923.86,119881.22,0.1081,10.8,165492.05,73.03,19.88
2022-11-08,941,CASH,CASH_SVIX,25.54,382.64,378.78,407.9,17.59,12.08,YES,0.0,1043.2654,0.0,12602.65,106923.86,119526.51,0.1054,10.5,165492.05,-354.71,19.53
2022-11-09,942,CASH,CASH_SVIX,26.09,374.32,378.3,407.6,18.79,11.77,YES,0.0,1043.2654,0.0,12279.23,106923.86,119203.1,0.103,10.3,165492.05,-323.41,19.2
2022-11-10,943,CASH,CASH_SVIX,23.53,395.7,378.36,407.4,15.6,12.31,YES,0.0,1043.2654,0.0,12842.6,106923.86,119766.46,0.1072,10.7,165492.05,563.36,19.77
2022-11-11,944,CASH,CASH_SVIX,22.52,398.57,378.37,407.22,15.27,12.5,YES,0.0,1043.2654,0.0,13040.82,106923.86,119964.68,0.1087,10.9,165492.05,198.22,19.96
2022-11-14,945,CASH,CASH_SVIX,23.73,395.91,378.44,406.99,15.56,12.65,YES,0.0,1043.2654,0.0,13197.31,106923.86,120121.17,0.1099,11.0,165492.05,156.49,20.12
2022-11-15,946,CASH,CASH_SVIX,24.54,398.08,378.59,406.74,15.31,12.35,YES,0.0,1043.2654,0.0,12884.33,106923.86,119808.19,0.1075,10.8,165492.05,-312.98,19.81
2022-11-16,947,CASH,CASH_SVIX,24.11,396.19,378.57,406.45,15.52,12.69,YES,0.0,1043.2654,0.0,13239.04,106923.86,120162.9,0.1102,11.0,165492.05,354.71,20.16
2022-11-17,948,CASH,CASH_SVIX,23.93,394.15,378.43,406.15,15.79,12.82,YES,0.0,1043.2654,0.0,13374.66,106923.86,120298.53,0.1112,11.1,165492.05,135.63,20.3
2022-11-18,949,CASH,CASH_SVIX,23.12,395.95,378.23,405.88,15.55,12.96,YES,0.0,1043.2654,0.0,13520.72,106923.86,120444.58,0.1123,11.2,165492.05,146.05,20.44
2022-11-21,950,CASH,CASH_SVIX,22.36,394.57,377.89,405.61,15.72,13.32,YES,0.0,1043.2654,0.0,13896.29,106923.86,120820.16,0.115,11.5,165492.05,375.58,20.82
2022-11-22,951,CASH,CASH_SVIX,21.29,399.84,378.01,405.37,15.11,13.75,YES,0.0,1043.2654,0.0,14344.9,106923.86,121268.76,0.1183,11.8,165492.05,448.6,21.27
2022-11-23,952,CASH,CASH_SVIX,20.35,403.05,378.16,405.12,14.78,14.08,YES,0.0,1043.2654,0.0,14689.18,106923.86,121613.04,0.1208,12.1,165492.05,344.28,21.61
2022-11-25,953,CASH,CASH_SVIX,20.5,402.01,378.45,404.84,14.89,13.99,YES,0.0,1043.2654,0.0,14595.28,106923.86,121519.15,0.1201,12.0,165492.05,-93.89,21.52
2022-11-28,954,CASH,CASH_SVIX,22.21,396.21,378.63,404.59,15.55,13.4,YES,0.0,1043.2654,0.0,13979.76,106923.86,120903.62,0.1156,11.6,165492.05,-615.53,20.9
2022-11-29,955,CASH,CASH_SVIX,21.89,394.97,378.73,404.36,15.71,13.68,YES,0.0,1043.2654,0.0,14271.87,106923.86,121195.73,0.1178,11.8,165492.05,292.11,21.2
2022-11-30,956,CASH,CASH_SVIX,20.58,408.26,379.21,404.2,14.13,14.2,YES,0.0,1043.2654,0.0,14814.37,106923.86,121738.23,0.1217,12.2,165492.05,542.5,21.74
2022-12-01,957,SMA_RECOVERY,SMA_RECOVERY,19.84,407.03,379.85,404.01,14.27,14.43,YES,0.0,0.0,0.0,0.0,121663.55,121663.55,0.0,0.0,165390.53,-74.68,21.66
2022-12-02,958,BULL_100,BULL_100,19.06,406.0,380.47,403.81,14.38,14.65,YES,0.0,0.0,0.0,0.0,120361.18,120361.18,0.0,0.0,163620.07,-1302.37,20.36
2022-12-05,959,BULL_100,BULL_100,20.75,400.25,381.11,403.63,15.0,14.38,YES,0.0,0.0,0.0,0.0,115367.91,115367.91,0.0,0.0,156832.17,-4993.27,15.37
2022-12-06,960,CASH,CASH_IDLE,22.17,394.26,381.69,403.43,15.69,14.01,YES,0.0,0.0,0.0,0.0,115367.91,115367.91,0.0,0.0,157000.32,-0.0,15.37
2022-12-07,961,CASH,CASH_IDLE,22.68,393.3,382.29,403.24,15.8,13.82,YES,0.0,0.0,0.0,0.0,115367.91,115367.91,0.0,0.0,157000.32,-0.0,15.37
2022-12-08,962,CASH,CASH_IDLE,22.29,395.96,382.8,403.11,15.44,14.08,YES,0.0,0.0,0.0,0.0,115367.91,115367.91,0.0,0.0,157000.32,-0.0,15.37
2022-12-09,963,CASH,CASH_IDLE,22.83,392.94,383.38,402.95,15.83,13.73,YES,0.0,0.0,0.0,0.0,115367.91,115367.91,0.0,0.0,157000.32,-0.0,15.37
2022-12-12,964,CASH,CASH_IDLE,25.0,398.74,384.19,402.75,15.17,13.79,YES,0.0,0.0,0.0,0.0,115367.91,115367.91,0.0,0.0,157000.32,-0.0,15.37
2022-12-13,965,CASH,CASH_IDLE,22.55,401.86,384.88,402.57,14.8,14.35,YES,0.0,0.0,0.0,0.0,115367.91,115367.91,0.0,0.0,157000.32,-0.0,15.37
2022-12-14,966,CASH,CASH_IDLE,21.14,400.26,385.34,402.42,14.98,15.0,YES,0.0,0.0,0.0,0.0,115367.91,115367.91,0.0,0.0,157000.32,-0.0,15.37
2022-12-15,967,CASH,CASH_IDLE,22.83,389.58,385.56,402.18,16.25,13.87,YES,0.0,0.0,0.0,0.0,115367.91,115367.91,0.0,0.0,157000.32,-0.0,15.37
2022-12-16,968,CASH,CASH_IDLE,22.62,382.6,385.77,401.91,16.86,13.92,YES,0.0,0.0,0.0,0.0,115367.91,115367.91,0.0,0.0,157000.32,-0.0,15.37
2022-12-19,969,CASH,CASH_IDLE,22.42,380.55,386.14,401.66,17.15,14.23,YES,0.0,0.0,0.0,0.0,115367.91,115367.91,0.0,0.0,157000.32,-0.0,15.37
2022-12-20,970,CASH,CASH_IDLE,21.48,381.7,386.56,401.47,17.02,14.34,YES,0.0,0.0,0.0,0.0,115367.91,115367.91,0.0,0.0,157000.32,-0.0,15.37
2022-12-21,971,CASH,CASH_IDLE,20.07,386.62,387.13,401.32,16.36,14.87,YES,0.0,0.0,0.0,0.0,115367.91,115367.91,0.0,0.0,157000.32,-0.0,15.37
2022-12-22,972,CASH,CASH_IDLE,21.97,380.62,387.59,401.09,17.08,14.02,YES,0.0,0.0,0.0,0.0,115367.91,115367.91,0.0,0.0,157000.32,-0.0,15.37
2022-12-23,973,CASH,CASH_IDLE,20.87,382.93,387.93,400.87,16.81,14.48,YES,0.0,0.0,0.0,0.0,115367.91,115367.91,0.0,0.0,157000.32,-0.0,15.37
2022-12-27,974,CASH,CASH_IDLE,21.65,381.38,388.42,400.68,17.0,14.52,YES,0.0,0.0,0.0,0.0,115367.91,115367.91,0.0,0.0,157000.32,-0.0,15.37
2022-12-28,975,CASH,CASH_IDLE,22.14,377.32,388.58,400.48,17.56,14.48,YES,0.0,0.0,0.0,0.0,115367.91,115367.91,0.0,0.0,157000.32,-0.0,15.37
2022-12-29,976,CASH,CASH_IDLE,21.44,382.77,388.75,400.27,16.8,14.64,YES,0.0,0.0,0.0,0.0,115367.91,115367.91,0.0,0.0,157000.32,-0.0,15.37
2022-12-30,977,CASH,CASH_IDLE,21.67,383.08,389.06,400.0,16.76,14.66,YES,0.0,0.0,0.0,0.0,115367.91,115367.91,0.0,0.0,157000.32,-0.0,15.37
2023-01-03,978,CASH,CASH_IDLE,22.9,380.79,389.39,399.71,17.08,14.775,YES,0.0,0.0,0.0,0.0,115367.91,115367.91,0.0,0.0,157000.32,-0.0,15.37
2023-01-04,979,CASH,CASH_IDLE,22.01,383.65,389.55,399.4,16.7,15.07,YES,0.0,0.0,0.0,0.0,115367.91,115367.91,0.0,0.0,157000.32,-0.0,15.37
2023-01-05,980,CASH,CASH_IDLE,22.46,380.09,389.58,399.08,17.18,15.06,YES,0.0,0.0,0.0,0.0,115367.91,115367.91,0.0,0.0,157000.32,-0.0,15.37
2023-01-06,981,CASH,CASH_IDLE,21.13,387.8,389.71,398.77,16.11,15.42,YES,0.0,0.0,0.0,0.0,115367.91,115367.91,0.0,0.0,157000.32,-0.0,15.37
2023-01-09,982,CASH,CASH_IDLE,21.97,387.38,389.78,398.49,16.17,15.34,YES,0.0,0.0,0.0,0.0,115367.91,115367.91,0.0,0.0,157000.32,-0.0,15.37
2023-01-10,983,CASH,CASH_IDLE,20.58,390.72,390.05,398.19,15.78,15.94,YES,0.0,0.0,0.0,0.0,115367.91,115367.91,0.0,0.0,157000.32,-0.0,15.37
2023-01-11,984,CASH,CASH_IDLE,21.09,395.34,390.15,397.9,15.23,15.86,YES,0.0,0.0,0.0,0.0,115367.91,115367.91,0.0,0.0,157000.32,-0.0,15.37
2023-01-12,985,CASH,CASH_IDLE,18.83,397.14,390.36,397.61,15.05,16.51,YES,0.0,0.0,0.0,0.0,115367.91,115367.91,0.0,0.0,157000.32,-0.0,15.37
2023-01-13,986,CASH,CASH_IDLE,18.35,398.25,390.64,397.3,14.94,17.0,YES,0.0,0.0,0.0,0.0,115367.91,115367.91,0.0,0.0,157000.32,-0.0,15.37
2023-01-17,987,SMA_RECOVERY,SMA_RECOVERY,19.36,396.81,391.09,396.98,15.12,16.88,YES,0.0,0.0,0.0,0.0,115051.48,115051.48,0.0,0.0,156569.71,-316.43,15.05
2023-01-18,988,CASH,CASH_IDLE,20.34,391.51,391.51,396.68,15.7,16.39,YES,0.0,0.0,0.0,0.0,115051.48,115051.48,0.0,0.0,157560.24,0.0,15.05
2023-01-19,989,CASH,CASH_IDLE,20.52,389.03,391.77,396.35,16.04,16.39,YES,0.0,0.0,0.0,0.0,115051.48,115051.48,0.0,0.0,157560.24,0.0,15.05
2023-01-20,990,CASH,CASH_IDLE,19.85,396.08,392.1,396.05,15.17,16.76,YES,0.0,0.0,0.0,0.0,115051.48,115051.48,0.0,0.0,157560.24,0.0,15.05
2023-01-23,991,SMA_RECOVERY,SMA_RECOVERY,19.81,400.37,392.45,395.8,14.68,16.98,YES,0.0,0.0,0.0,0.0,118851.07,118851.07,0.0,0.0,162763.69,3799.59,18.85
2023-01-24,992,BULL_100,BULL_100,19.2,398.81,392.94,395.57,14.84,17.65,YES,0.0,0.0,0.0,0.0,117224.44,117224.44,0.0,0.0,160536.06,-1626.63,17.22
2023-01-25,993,BULL_100,BULL_100,19.08,400.85,393.04,395.32,14.62,17.57,YES,0.0,0.0,0.0,0.0,119118.9,119118.9,0.0,0.0,163130.47,1894.46,19.12
2023-01-26,994,BULL_100,BULL_100,18.73,403.52,393.14,395.11,14.35,17.82,YES,0.0,0.0,0.0,0.0,121681.23,121681.23,0.0,0.0,166639.52,2562.33,21.68
2023-01-27,995,BULL_100,BULL_100,18.51,405.59,393.34,394.94,14.15,18.07,YES,0.0,0.0,0.0,0.0,124218.16,124218.16,0.0,0.0,170113.79,2536.93,24.22
2023-01-30,996,BULL_100,BULL_100,19.94,401.68,393.41,394.75,14.55,17.57,YES,0.0,0.0,0.0,0.0,120000.11,120000.11,0.0,0.0,164337.26,-4218.05,20.0
2023-01-31,997,BULL_100,BULL_100,19.4,405.56,393.59,394.56,14.13,17.98,YES,0.0,0.0,0.0,0.0,123317.65,123317.65,0.0,0.0,168880.56,3317.54,23.32
2023-02-01,998,BULL_100,BULL_100,17.87,412.38,393.96,394.43,13.43,18.75,YES,0.0,0.0,0.0,0.0,131358.73,131358.73,0.0,0.0,179892.62,8041.08,31.36
2023-02-02,999,BULL_100,BULL_100,18.73,414.0,394.32,394.3,13.27,17.86,YES,0.0,0.0,0.0,0.0,133183.89,133183.89,0.0,0.0,182392.13,1825.16,33.18
2023-02-03,1000,BULL_100,BULL_100,18.33,411.96,394.67,394.14,13.45,17.97,YES,0.0,0.0,0.0,0.0,131316.51,131316.51,0.0,0.0,179834.8,-1867.38,31.32
2023-02-06,1001,BULL_100,BULL_100,19.43,410.67,394.88,393.97,13.62,17.56,YES,0.0,0.0,0.0,0.0,129690.75,129690.75,0.0,0.0,177608.36,-1625.76,29.69
2023-02-07,1002,BULL_100,BULL_100,18.66,414.53,395.11,393.85,13.22,18.09,YES,0.0,0.0,0.0,0.0,133945.72,133945.72,0.0,0.0,183435.45,4254.97,33.95
2023-02-08,1003,BULL_100,BULL_100,19.63,411.16,395.3,393.79,13.54,17.34,YES,0.0,0.0,0.0,0.0,130016.47,130016.47,0.0,0.0,178054.43,-3929.25,30.02
2023-02-09,1004,BULL_100,BULL_100,20.71,407.26,395.52,393.68,13.93,16.8,YES,0.0,0.0,0.0,0.0,126271.86,126271.86,0.0,0.0,172926.28,-3744.61,26.27
2023-02-10,1005,BULL_100,BULL_100,20.53,407.98,395.78,393.64,13.81,16.67,YES,0.0,0.0,0.0,0.0,125982.6,125982.6,0.0,0.0,172530.14,-289.26,25.98
2023-02-13,1006,BULL_100,BULL_100,20.34,412.88,395.87,393.6,13.38,17.24,YES,0.0,0.0,0.0,0.0,130775.37,130775.37,0.0,0.0,179093.72,4792.77,30.78
2023-02-14,1007,BULL_100,BULL_100,18.91,412.0,395.97,393.54,13.45,17.89,YES,0.0,0.0,0.0,0.0,130674.49,130674.49,0.0,0.0,178955.58,-100.88,30.67
2023-02-15,1008,BULL_100,BULL_100,18.23,414.0,396.13,393.54,13.3,18.16,YES,0.0,0.0,0.0,0.0,133215.52,133215.52,0.0,0.0,182435.45,2541.03,33.22
2023-02-16,1009,BULL_100,BULL_100,20.17,407.14,396.27,393.51,13.97,17.25,YES,0.0,0.0,0.0,0.0,125701.23,125701.23,0.0,0.0,172144.82,-7514.29,25.7
2023-02-17,1010,BULL_100,BULL_100,20.02,407.2,396.53,393.46,13.99,17.25,YES,0.0,0.0,0.0,0.0,125314.79,125314.79,0.0,0.0,171615.59,-386.44,25.31
2023-02-21,1011,BULL_100,BULL_100,22.87,399.6,396.65,393.32,14.77,15.89,YES,0.0,0.0,0.0,0.0,118036.83,118036.83,0.0,0.0,161648.6,-7277.96,18.04
2023-02-22,1012,BULL_100,BULL_100,22.29,399.6,396.73,393.25,14.78,16.52,YES,0.0,0.0,0.0,0.0,118358.07,118358.07,0.0,0.0,162088.53,321.24,18.36
2023-02-23,1013,BULL_100,BULL_100,21.14,399.99,396.87,393.19,14.74,17.0,YES,0.0,0.0,0.0,0.0,118602.56,118602.56,0.0,0.0,162423.36,244.49,18.6
2023-02-24,1014,BULL_100,BULL_100,21.67,396.25,396.82,393.18,15.16,16.4,YES,0.0,0.0,0.0,0.0,114805.01,114805.01,0.0,0.0,157222.7,-3797.55,14.81
2023-02-27,1015,BULL_100,BULL_100,20.95,398.07,396.74,393.17,14.97,17.0,YES,0.0,0.0,0.0,0.0,116671.17,116671.17,0.0,0.0,159778.37,1866.16,16.67
2023-02-28,1016,BULL_100,BULL_100,20.7,395.38,396.64,393.18,15.29,17.36,YES,0.0,0.0,0.0,0.0,114287.33,114287.33,0.0,0.0,156513.75,-2383.84,14.29
2023-03-01,1017,BULL_100,BULL_100,20.58,394.99,396.75,393.19,15.33,17.18,YES,0.0,0.0,0.0,0.0,113683.86,113683.86,0.0,0.0,155687.31,-603.47,13.68
2023-03-02,1018,DEFENSIVE_SPY,DEFENSIVE_SPY,19.59,397.09,397.04,393.17,15.11,17.81,YES,0.0,0.0,0.0,0.0,114056.2,114056.2,0.0,0.0,156197.23,372.34,14.06
2023-03-03,1019,DEFENSIVE_SPY,DEFENSIVE_SPY,18.49,404.64,397.52,393.19,14.25,18.37,YES,0.0,0.0,0.0,0.0,118500.26,118500.26,0.0,0.0,162283.26,4444.06,18.5
2023-03-06,1020,BULL_100,BULL_100,18.61,404.76,397.98,393.17,14.26,18.61,YES,0.0,0.0,0.0,0.0,118652.37,118652.37,0.0,0.0,162491.57,152.11,18.65
2023-03-07,1021,BULL_100,BULL_100,19.59,398.45,398.22,393.21,14.92,18.16,YES,0.0,0.0,0.0,0.0,113449.42,113449.42,0.0,0.0,155366.26,-5202.95,13.45
2023-03-08,1022,BULL_100,BULL_100,19.11,398.85,398.59,393.26,14.89,18.49,YES,0.0,0.0,0.0,0.0,113972.74,113972.74,0.0,0.0,156082.93,523.32,13.97
2023-03-09,1023,BULL_100,BULL_100,22.61,390.69,398.74,393.26,15.82,16.38,YES,0.0,0.0,0.0,0.0,107129.1,107129.1,0.0,0.0,146710.73,-6843.64,7.13
2023-03-10,1024,CASH,CASH_IDLE,24.8,386.85,398.85,393.22,16.28,14.89,YES,0.0,0.0,0.0,0.0,107129.1,107129.1,0.0,0.0,145081.84,0.0,7.13
2023-03-13,1025,CASH,CASH_IDLE,26.52,385.75,399.02,393.17,16.42,14.19,YES,0.0,0.0,0.0,0.0,107129.1,107129.1,0.0,0.0,145081.84,0.0,7.13
2023-03-14,1026,CASH,CASH_IDLE,23.73,391.63,399.2,393.14,15.7,15.25,YES,0.0,0.0,0.0,0.0,107129.1,107129.1,0.0,0.0,145081.84,0.0,7.13
2023-03-15,1027,CASH,CASH_IDLE,26.14,388.77,399.31,393.06,16.05,13.85,YES,0.0,0.0,0.0,0.0,107129.1,107129.1,0.0,0.0,145081.84,0.0,7.13
2023-03-16,1028,CASH,CASH_IDLE,22.99,396.0,399.61,392.96,15.18,15.05,YES,0.0,0.0,0.0,0.0,107129.1,107129.1,0.0,0.0,145081.84,0.0,7.13
2023-03-17,1029,SMA_RECOVERY,SMA_RECOVERY,25.51,391.05,399.76,392.84,15.62,13.75,YES,0.0,0.0,0.0,0.0,104544.02,104544.02,0.0,0.0,141580.94,-2585.08,4.54
2023-03-20,1030,CASH,CASH_IDLE,24.15,393.66,400.03,392.76,15.28,13.99,YES,0.0,0.0,0.0,0.0,104544.02,104544.02,0.0,0.0,139371.87,0.0,4.54
2023-03-21,1031,SMA_RECOVERY,SMA_RECOVERY,21.38,398.89,400.26,392.67,14.68,15.33,YES,0.0,0.0,0.0,0.0,107010.65,107010.65,0.0,0.0,142660.23,2466.63,7.01
2023-03-22,1032,SMA_RECOVERY,SMA_RECOVERY,22.26,392.74,400.36,392.58,15.23,14.83,YES,0.0,0.0,0.0,0.0,103251.25,103251.25,0.0,0.0,137648.43,-3759.4,3.25
2023-03-23,1033,SMA_RECOVERY,SMA_RECOVERY,22.61,393.84,400.42,392.49,15.13,14.75,YES,0.0,0.0,0.0,0.0,104347.03,104347.03,0.0,0.0,139109.25,1095.78,4.35
2023-03-24,1034,SMA_RECOVERY,SMA_RECOVERY,21.74,396.48,400.45,392.4,14.81,14.9,YES,0.0,0.0,0.0,0.0,105747.32,105747.32,0.0,0.0,140976.04,1400.29,5.75
2023-03-27,1035,SMA_RECOVERY,SMA_RECOVERY,20.6,397.02,400.45,392.33,14.79,15.57,YES,0.0,0.0,0.0,0.0,105542.2,105542.2,0.0,0.0,140702.58,-205.12,5.54
2023-03-28,1036,SMA_RECOVERY,SMA_RECOVERY,19.97,396.67,400.41,392.3,14.84,15.91,YES,0.0,0.0,0.0,0.0,105043.13,105043.13,0.0,0.0,140037.25,-499.07,5.04
2023-03-29,1037,SMA_RECOVERY,SMA_RECOVERY,19.12,400.93,400.5,392.35,14.35,16.4,YES,0.0,0.0,0.0,0.0,107763.27,107763.27,0.0,0.0,143663.58,2720.14,7.76
2023-03-30,1038,BULL_100,BULL_100,19.02,404.2,400.75,392.5,14.03,16.47,YES,0.0,0.0,0.0,0.0,110270.73,110270.73,0.0,0.0,147006.38,2507.46,10.27
2023-03-31,1039,BULL_100,BULL_100,18.7,409.76,401.16,392.67,13.47,16.55,YES,0.0,0.0,0.0,0.0,114824.32,114824.32,0.0,0.0,153076.96,4553.59,14.82
2023-04-03,1040,BULL_100,BULL_100,18.55,410.59,401.45,392.81,13.37,16.93,YES,0.0,0.0,0.0,0.0,115034.77,115034.77,0.0,0.0,153357.51,210.45,15.03
2023-04-04,1041,BULL_100,BULL_100,19.0,409.09,401.63,393.01,13.53,16.65,YES,0.0,0.0,0.0,0.0,114015.21,114015.21,0.0,0.0,151998.3,-1019.56,14.02
2023-04-05,1042,BULL_100,BULL_100,19.08,407.28,401.8,393.22,13.73,16.73,YES,0.0,0.0,0.0,0.0,111599.59,111599.59,0.0,0.0,148777.94,-2415.62,11.6
2023-04-06,1043,BULL_100,BULL_100,18.4,408.78,401.96,393.39,13.59,17.02,YES,0.0,0.0,0.0,0.0,113133.12,113133.12,0.0,0.0,150822.34,1533.53,13.13
2023-04-10,1044,BULL_100,BULL_100,18.97,410.13,402.09,393.58,13.46,17.22,YES,0.0,0.0,0.0,0.0,114071.82,114071.82,0.0,0.0,152073.76,938.7,14.07
2023-04-11,1045,BULL_100,BULL_100,19.1,409.9,402.18,393.74,13.48,17.33,YES,0.0,0.0,0.0,0.0,113345.13,113345.13,0.0,0.0,151104.99,-726.69,13.35
2023-04-12,1046,BULL_100,BULL_100,19.09,407.2,402.29,393.83,13.76,17.28,YES,0.0,0.0,0.0,0.0,110629.65,110629.65,0.0,0.0,147484.87,-2715.48,10.63
2023-04-13,1047,BULL_100,BULL_100,17.8,413.1,402.44,393.95,13.19,17.88,YES,0.0,0.0,0.0,0.0,115813.45,115813.45,0.0,0.0,154395.6,5183.8,15.81
2023-04-14,1048,BULL_100,BULL_100,17.07,413.13,402.45,394.11,13.2,18.13,YES,0.0,0.0,0.0,0.0,115737.32,115737.32,0.0,0.0,154294.11,-76.13,15.74
2023-04-17,1049,BULL_100,BULL_100,16.95,413.86,402.45,394.28,13.13,18.65,YES,0.0,0.0,0.0,0.0,116073.26,116073.26,0.0,0.0,154741.97,335.94,16.07
2023-04-18,1050,BULL_100,BULL_100,16.83,413.88,402.49,394.46,13.13,18.76,YES,0.0,0.0,0.0,0.0,116117.22,116117.22,0.0,0.0,154800.57,43.96,16.12
2023-04-19,1051,BULL_100,BULL_100,16.46,412.94,402.53,394.62,13.23,18.82,YES,0.0,0.0,0.0,0.0,115228.01,115228.01,0.0,0.0,153615.13,-889.21,15.23
2023-04-20,1052,BULL_100,BULL_100,17.17,411.66,402.48,394.78,13.37,18.46,YES,0.0,0.0,0.0,0.0,113997.38,113997.38,0.0,0.0,151974.52,-1230.63,14.0
2023-04-21,1053,BULL_100,BULL_100,16.77,412.03,402.49,394.92,13.35,18.79,YES,0.0,0.0,0.0,0.0,114122.18,114122.18,0.0,0.0,152140.9,124.8,14.12
2023-04-24,1054,BULL_100,BULL_100,16.89,412.26,402.59,395.04,13.32,18.88,YES,0.0,0.0,0.0,0.0,114188.93,114188.93,0.0,0.0,152229.89,66.75,14.19
2023-04-25,1055,BULL_100,BULL_100,18.76,407.92,402.59,395.13,13.74,17.47,YES,0.0,0.0,0.0,0.0,110728.52,110728.52,0.0,0.0,147616.67,-3460.41,10.73
2023-04-26,1056,BULL_100,BULL_100,18.84,405.4,402.44,395.24,14.01,17.8,YES,0.0,0.0,0.0,0.0,109169.74,109169.74,0.0,0.0,145538.61,-1558.78,9.17
2023-04-27,1057,BULL_100,BULL_100,17.03,411.85,402.44,395.39,13.35,18.62,YES,0.0,0.0,0.0,0.0,114490.13,114490.13,0.0,0.0,152631.43,5320.39,14.49
2023-04-28,1058,BULL_100,BULL_100,15.78,416.18,402.48,395.59,12.99,19.23,YES,0.0,0.0,0.0,0.0,117829.64,117829.64,0.0,0.0,157083.47,3339.51,17.83
2023-05-01,1059,BULL_100,BULL_100,16.08,415.01,402.64,395.77,13.06,19.28,YES,0.0,0.0,0.0,0.0,116805.43,116805.43,0.0,0.0,155718.05,-1024.21,16.81
2023-05-02,1060,BULL_100,BULL_100,17.78,410.99,402.72,395.9,13.43,18.6,YES,0.0,0.0,0.0,0.0,113615.03,113615.03,0.0,0.0,151464.8,-3190.4,13.62
2023-05-03,1061,BULL_100,BULL_100,18.34,406.59,402.86,396.01,13.86,17.7,YES,0.0,0.0,0.0,0.0,110315.51,110315.51,0.0,0.0,147066.07,-3299.52,10.32
2023-05-04,1062,BULL_100,BULL_100,20.09,406.33,402.99,396.08,13.93,17.39,YES,0.0,0.0,0.0,0.0,110041.58,110041.58,0.0,0.0,146700.89,-273.93,10.04
2023-05-05,1063,BULL_100,BULL_100,17.19,412.25,403.24,396.17,13.3,18.52,YES,0.0,0.0,0.0,0.0,114818.09,114818.09,0.0,0.0,153068.65,4776.51,14.82
2023-05-08,1064,BULL_100,BULL_100,16.98,412.51,403.56,396.25,13.29,18.79,YES,0.0,0.0,0.0,0.0,115253.66,115253.66,0.0,0.0,153649.32,435.57,15.25
2023-05-09,1065,BULL_100,BULL_100,17.71,411.35,403.83,396.34,13.43,18.47,YES,0.0,0.0,0.0,0.0,114010.49,114010.49,0.0,0.0,151992.01,-1243.17,14.01
2023-05-10,1066,BULL_100,BULL_100,16.94,413.34,404.19,396.43,13.23,18.95,YES,0.0,0.0,0.0,0.0,116211.88,116211.88,0.0,0.0,154926.77,2201.39,16.21
2023-05-11,1067,BULL_100,BULL_100,16.93,412.43,404.53,396.52,13.34,19.15,YES,0.0,0.0,0.0,0.0,115844.52,115844.52,0.0,0.0,154437.02,-367.36,15.84
2023-05-12,1068,BULL_100,BULL_100,17.03,410.84,404.81,396.58,13.47,19.07,YES,0.0,0.0,0.0,0.0,114318.05,114318.05,0.0,0.0,152402.02,-1526.47,14.32
2023-05-15,1069,BULL_100,BULL_100,17.12,412.56,404.97,396.6,13.33,19.64,YES,0.0,0.0,0.0,0.0,115831.17,115831.17,0.0,0.0,154419.23,1513.12,15.83
2023-05-16,1070,BULL_100,BULL_100,17.99,410.81,405.09,396.59,13.5,19.06,YES,0.0,0.0,0.0,0.0,115028.18,115028.18,0.0,0.0,153348.73,-802.99,15.03
2023-05-17,1071,BULL_100,BULL_100,16.87,414.96,405.42,396.62,13.1,19.68,YES,0.0,0.0,0.0,0.0,118450.06,118450.06,0.0,0.0,157910.58,3421.88,18.45
2023-05-18,1072,BULL_100,BULL_100,16.05,419.89,405.84,396.68,12.65,20.53,YES,0.0,0.0,0.0,0.0,123461.9,123461.9,0.0,0.0,164592.06,5011.84,23.46
2023-05-19,1073,BULL_100,BULL_100,16.81,418.6,406.4,396.7,12.82,19.94,YES,0.0,0.0,0.0,0.0,122011.56,122011.56,0.0,0.0,162658.55,-1450.34,22.01
2023-05-22,1074,BULL_100,BULL_100,17.21,419.94,407.06,396.73,12.67,19.92,YES,0.0,0.0,0.0,0.0,123457.17,123457.17,0.0,0.0,164585.76,1445.61,23.46
2023-05-23,1075,BULL_100,BULL_100,18.53,414.73,407.64,396.74,13.14,19.61,YES,0.0,0.0,0.0,0.0,118761.52,118761.52,0.0,0.0,158325.8,-4695.65,18.76
2023-05-24,1076,BULL_100,BULL_100,20.03,412.9,408.06,396.73,13.31,19.15,YES,0.0,0.0,0.0,0.0,118214.32,118214.32,0.0,0.0,157596.3,-547.2,18.21
2023-05-25,1077,BULL_100,BULL_100,19.14,413.88,408.57,396.74,13.24,19.24,YES,0.0,0.0,0.0,0.0,119557.87,119557.87,0.0,0.0,159387.44,1343.55,19.56
2023-05-26,1078,BULL_100,BULL_100,17.95,420.6,409.06,396.75,12.65,19.97,YES,0.0,0.0,0.0,0.0,126486.97,126486.97,0.0,0.0,168624.91,6929.1,26.49
2023-05-30,1079,BULL_100,BULL_100,17.46,420.29,409.64,396.75,12.65,20.52,YES,0.0,0.0,0.0,0.0,126788.29,126788.29,0.0,0.0,169026.61,301.32,26.79
2023-05-31,1080,BULL_100,BULL_100,17.94,418.42,410.14,396.7,12.83,20.65,YES,0.0,0.0,0.0,0.0,124634.76,124634.76,0.0,0.0,166155.65,-2153.53,24.63
2023-06-01,1081,BULL_100,BULL_100,15.65,422.0,410.6,396.67,12.5,21.78,YES,0.0,0.0,0.0,0.0,128126.42,128126.42,0.0,0.0,170810.52,3491.66,28.13
2023-06-02,1082,BULL_100,BULL_100,14.6,428.02,411.31,396.66,11.98,22.65,YES,0.0,0.0,0.0,0.0,132681.7,132681.7,0.0,0.0,176883.35,4555.28,32.68
2023-06-05,1083,BULL_100,BULL_100,14.73,426.64,411.96,396.66,12.11,23.16,YES,0.0,0.0,0.0,0.0,131659.82,131659.82,0.0,0.0,175521.04,-1021.88,31.66
2023-06-06,1084,BULL_100,BULL_100,13.96,428.48,412.6,396.67,11.95,24.47,YES,0.0,0.0,0.0,0.0,133091.39,133091.39,0.0,0.0,177429.52,1431.57,33.09
2023-06-07,1085,BULL_100,BULL_100,13.94,426.62,413.19,396.69,12.13,24.35,YES,0.0,0.0,0.0,0.0,129798.46,129798.46,0.0,0.0,173039.58,-3292.93,29.8
2023-06-08,1086,BULL_100,BULL_100,13.65,428.82,413.84,396.76,11.95,24.98,YES,0.0,0.0,0.0,0.0,132488.75,132488.75,0.0,0.0,176626.12,2690.29,32.49
2023-06-09,1087,BULL_100,BULL_100,13.83,429.9,414.42,396.85,11.83,24.77,YES,0.0,0.0,0.0,0.0,133594.58,133594.58,0.0,0.0,178100.35,1105.83,33.59
2023-06-12,1088,BULL_100,BULL_100,15.01,433.8,415.01,396.95,11.54,24.68,YES,0.0,0.0,0.0,0.0,138243.77,138243.77,0.0,0.0,184298.37,4649.19,38.24
2023-06-13,1089,BULL_100,BULL_100,14.61,436.77,415.55,397.04,11.32,24.79,YES,0.0,0.0,0.0,0.0,140875.31,140875.31,0.0,0.0,187806.59,2631.54,40.88
2023-06-14,1090,BULL_100,BULL_100,13.88,437.26,416.08,397.21,11.28,25.49,YES,0.0,0.0,0.0,0.0,142114.46,142114.46,0.0,0.0,189458.54,1239.15,42.11
2023-06-15,1091,BULL_100,BULL_100,14.5,441.88,416.74,397.4,10.94,24.78,YES,0.0,0.0,0.0,0.0,146374.54,146374.54,0.0,0.0,195137.83,4260.08,46.37
2023-06-16,1092,BULL_TRIMMED,BULL_TRIMMED,13.54,439.5,417.38,397.61,11.01,25.71,YES,0.0,0.0,0.0,0.0,145622.1,145622.1,0.0,0.0,194134.72,-752.44,45.62
2023-06-20,1093,BULL_TRIMMED,BULL_TRIMMED,13.88,437.42,417.96,397.83,11.17,25.62,YES,0.0,0.0,0.0,0.0,144223.28,144223.28,0.0,0.0,192269.9,-1398.82,44.22
2023-06-21,1094,BULL_TRIMMED,BULL_TRIMMED,13.2,435.0,418.45,398.01,11.22,26.25,YES,0.0,0.0,0.0,0.0,141374.92,141374.92,0.0,0.0,188472.64,-2848.36,41.37
2023-06-22,1095,BULL_TRIMMED,BULL_TRIMMED,12.91,436.68,418.99,398.23,11.12,26.79,YES,0.0,0.0,0.0,0.0,143165.78,143165.78,0.0,0.0,190860.1,1790.86,43.17
2023-06-23,1096,BULL_TRIMMED,BULL_TRIMMED,13.44,432.79,419.5,398.45,11.4,26.45,YES,0.0,0.0,0.0,0.0,140161.39,140161.39,0.0,0.0,186854.83,-3004.39,40.16
2023-06-26,1097,BULL_100,BULL_100,14.25,432.25,419.88,398.62,11.47,26.5,YES,0.0,0.0,0.0,0.0,138549.78,138549.78,0.0,0.0,184706.33,-1611.61,38.55
2023-06-27,1098,BULL_100,BULL_100,13.74,435.45,420.33,398.79,11.21,27.21,YES,0.0,0.0,0.0,0.0,141921.63,141921.63,0.0,0.0,189201.47,3371.85,41.92
2023-06-28,1099,BULL_100,BULL_100,13.43,436.95,420.79,398.95,11.09,27.97,YES,0.0,0.0,0.0,0.0,143788.0,143788.0,0.0,0.0,191689.61,1866.37,43.79
2023-06-29,1100,BULL_100,BULL_100,13.54,438.3,421.28,399.08,11.02,27.6,YES,0.0,0.0,0.0,0.0,144259.62,144259.62,0.0,0.0,192318.35,471.62,44.26
2023-06-30,1101,BULL_100,BULL_100,13.59,442.87,421.88,399.33,10.66,28.1,YES,0.0,0.0,0.0,0.0,148992.63,148992.63,0.0,0.0,198628.11,4733.01,48.99
2023-07-03,1102,BULL_100,BULL_100,13.57,443.87,422.52,399.57,10.6,28.15,YES,0.0,0.0,0.0,0.0,149953.31,149953.31,0.0,0.0,199908.83,960.68,49.95
2023-07-05,1103,BULL_100,BULL_100,14.18,442.83,423.14,399.84,10.69,27.69,YES,0.0,0.0,0.0,0.0,149101.36,149101.36,0.0,0.0,198773.06,-851.95,49.1
2023-07-06,1104,BULL_100,BULL_100,15.44,439.49,423.68,400.11,10.94,26.16,YES,0.0,0.0,0.0,0.0,145638.0,145638.0,0.0,0.0,194155.92,-3463.36,45.64
2023-07-07,1105,BULL_100,BULL_100,14.83,438.65,424.3,400.35,11.02,26.85,YES,0.0,0.0,0.0,0.0,144432.48,144432.48,0.0,0.0,192548.79,-1205.52,44.43
2023-07-10,1106,BULL_100,BULL_100,15.07,439.68,424.98,400.63,10.95,27.06,YES,0.0,0.0,0.0,0.0,145420.66,145420.66,0.0,0.0,193866.17,988.18,45.42
2023-07-11,1107,BULL_100,BULL_100,14.84,442.42,425.59,400.96,10.75,27.35,YES,0.0,0.0,0.0,0.0,147921.65,147921.65,0.0,0.0,197200.34,2500.99,47.92
2023-07-12,1108,BULL_100,BULL_100,13.54,446.4,426.2,401.32,10.47,28.84,YES,0.0,0.0,0.0,0.0,152290.69,152290.69,0.0,0.0,203024.89,4369.04,52.29
2023-07-13,1109,BULL_100,BULL_100,13.61,449.37,426.89,401.73,10.28,28.68,YES,0.0,0.0,0.0,0.0,156125.67,156125.67,0.0,0.0,208137.46,3834.98,56.13
2023-07-14,1110,BULL_100,BULL_100,13.34,449.14,427.65,402.15,10.32,28.98,YES,0.0,0.0,0.0,0.0,155677.34,155677.34,0.0,0.0,207539.77,-448.33,55.68
2023-07-17,1111,BULL_100,BULL_100,13.48,450.29,428.52,402.58,10.21,29.06,YES,0.0,0.0,0.0,0.0,157783.73,157783.73,0.0,0.0,210347.89,2106.39,57.78
2023-07-18,1112,BULL_100,BULL_100,13.3,454.05,429.48,403.0,9.97,29.45,YES,0.0,0.0,0.0,0.0,161640.32,161640.32,0.0,0.0,215489.26,3856.59,61.64
2023-07-19,1113,BULL_100,BULL_100,13.76,454.0,430.31,403.45,9.98,28.55,YES,0.0,0.0,0.0,0.0,160707.76,160707.76,0.0,0.0,214246.02,-932.56,60.71
2023-07-20,1114,BULL_100,BULL_100,13.99,452.25,431.11,403.92,10.11,28.9,YES,0.0,0.0,0.0,0.0,157112.57,157112.57,0.0,0.0,209453.13,-3595.19,57.11
2023-07-21,1115,BULL_100,BULL_100,13.6,451.95,431.92,404.34,10.11,29.25,YES,0.0,0.0,0.0,0.0,156842.54,156842.54,0.0,0.0,209093.15,-270.03,56.84
2023-07-24,1116,BULL_100,BULL_100,13.91,454.31,432.74,404.73,9.98,29.71,YES,0.0,0.0,0.0,0.0,158601.65,158601.65,0.0,0.0,211438.29,1759.11,58.6
2023-07-25,1117,BULL_100,BULL_100,13.86,455.32,433.6,405.11,9.92,29.9,YES,0.0,0.0,0.0,0.0,159788.61,159788.61,0.0,0.0,213020.67,1186.96,59.79
2023-07-26,1118,BULL_100,BULL_100,13.19,455.6,434.49,405.53,9.9,30.42,YES,0.0,0.0,0.0,0.0,160101.56,160101.56,0.0,0.0,213437.88,312.95,60.1
2023-07-27,1119,BULL_100,BULL_100,14.41,452.74,435.3,405.98,10.11,29.2,YES,0.0,0.0,0.0,0.0,157319.32,157319.32,0.0,0.0,209728.76,-2782.24,57.32
2023-07-28,1120,BULL_100,BULL_100,13.33,457.08,436.22,406.46,9.81,30.01,YES,0.0,0.0,0.0,0.0,162812.14,162812.14,0.0,0.0,217051.46,5492.82,62.81
2023-07-31,1121,BULL_100,BULL_100,13.63,457.81,437.08,406.96,9.78,30.36,YES,0.0,0.0,0.0,0.0,163111.24,163111.24,0.0,0.0,217450.2,299.1,63.11
2023-08-01,1122,BULL_100,BULL_100,13.93,454.98,437.78,407.45,9.97,29.94,YES,0.0,0.0,0.0,0.0,159972.17,159972.17,0.0,0.0,213265.38,-3139.07,59.97
2023-08-02,1123,BULL_100,BULL_100,16.09,450.85,438.42,407.87,10.24,27.27,YES,0.0,0.0,0.0,0.0,154738.77,154738.77,0.0,0.0,206288.53,-5233.4,54.74
2023-08-03,1124,BULL_100,BULL_100,15.92,449.87,439.02,408.34,10.33,27.59,YES,0.0,0.0,0.0,0.0,153809.79,153809.79,0.0,0.0,205050.06,-928.98,53.81
2023-08-04,1125,BULL_100,BULL_100,17.1,446.89,439.67,408.73,10.57,26.42,YES,0.0,0.0,0.0,0.0,150204.55,150204.55,0.0,0.0,200243.77,-3605.24,50.2
2023-08-07,1126,BULL_100,BULL_100,15.77,450.72,440.42,409.11,10.27,27.71,YES,0.0,0.0,0.0,0.0,154368.32,154368.32,0.0,0.0,205794.66,4163.77,54.37
2023-08-08,1127,BULL_100,BULL_100,15.99,448.65,441.12,409.51,10.41,27.14,YES,0.0,0.0,0.0,0.0,151844.44,151844.44,0.0,0.0,202429.98,-2523.88,51.84
2023-08-09,1128,BULL_100,BULL_100,15.96,446.8,441.64,409.93,10.55,27.5,YES,0.0,0.0,0.0,0.0,149394.35,149394.35,0.0,0.0,199163.66,-2450.09,49.39
2023-08-10,1129,BULL_100,BULL_100,15.85,446.44,442.17,410.28,10.59,27.4,YES,0.0,0.0,0.0,0.0,149131.77,149131.77,0.0,0.0,198813.61,-262.58,49.13
2023-08-11,1130,BULL_100,BULL_100,14.84,445.82,442.71,410.62,10.61,28.43,YES,0.0,0.0,0.0,0.0,147656.84,147656.84,0.0,0.0,196847.32,-1474.93,47.66
2023-08-14,1131,BULL_100,BULL_100,14.82,448.51,443.24,410.95,10.45,28.94,YES,0.0,0.0,0.0,0.0,151032.05,151032.05,0.0,0.0,201346.94,3375.21,51.03
2023-08-15,1132,BULL_100,BULL_100,16.46,443.15,443.55,411.25,10.84,27.1,YES,0.0,0.0,0.0,0.0,145674.94,145674.94,0.0,0.0,194205.16,-5357.11,45.67
2023-08-16,1133,BULL_100,BULL_100,16.78,439.54,443.8,411.56,11.11,26.85,YES,0.0,0.0,0.0,0.0,141609.92,141609.92,0.0,0.0,188785.92,-4065.02,41.61
2023-08-17,1134,DEFENSIVE_BOTH,DEFENSIVE_BOTH,17.89,436.07,443.96,411.79,11.39,25.46,YES,0.0,0.0,0.0,0.0,139930.16,139930.16,0.0,0.0,186546.56,-1679.76,39.93
2023-08-18,1135,DEFENSIVE_BOTH,DEFENSIVE_BOTH,17.3,436.16,444.15,412.04,11.35,26.17,YES,0.0,0.0,0.0,0.0,140077.78,140077.78,0.0,0.0,186743.37,147.62,40.08
2023-08-21,1136,DEFENSIVE_BOTH,DEFENSIVE_BOTH,17.13,438.65,444.34,412.31,11.2,26.86,YES,0.0,0.0,0.0,0.0,141485.99,141485.99,0.0,0.0,188620.7,1408.21,41.49
2023-08-22,1137,DEFENSIVE_BOTH,DEFENSIVE_BOTH,16.97,438.19,444.51,412.63,11.24,26.73,YES,0.0,0.0,0.0,0.0,141338.31,141338.31,0.0,0.0,188423.83,-147.68,41.34
2023-08-23,1138,DEFENSIVE_BOTH,DEFENSIVE_BOTH,15.98,445.09,444.73,413.0,10.73,27.97,YES,0.0,0.0,0.0,0.0,145169.52,145169.52,0.0,0.0,193531.37,3831.21,45.17
2023-08-24,1139,DEFENSIVE_BOTH,DEFENSIVE_BOTH,17.2,437.19,444.74,413.31,11.32,26.57,YES,0.0,0.0,0.0,0.0,140464.35,140464.35,0.0,0.0,187258.71,-4705.17,40.46
2023-08-25,1140,DEFENSIVE_BOTH,DEFENSIVE_BOTH,15.68,439.65,444.79,413.61,11.11,27.62,YES,0.0,0.0,0.0,0.0,141832.85,141832.85,0.0,0.0,189083.12,1368.5,41.83
2023-08-28,1141,DEFENSIVE_BOTH,DEFENSIVE_BOTH,15.08,442.83,444.81,413.91,10.9,28.75,YES,0.0,0.0,0.0,0.0,143299.76,143299.76,0.0,0.0,191038.72,1466.91,43.3
2023-08-29,1142,DEFENSIVE_BOTH,DEFENSIVE_BOTH,14.45,449.45,445.01,414.28,10.42,29.44,YES,0.0,0.0,0.0,0.0,146906.05,146906.05,0.0,0.0,195846.41,3606.29,46.91
2023-08-30,1143,DEFENSIVE_BOTH,DEFENSIVE_BOTH,13.88,451.08,445.28,414.56,10.31,30.45,YES,0.0,0.0,0.0,0.0,147763.71,147763.71,0.0,0.0,196989.79,857.66,47.76
2023-08-31,1144,BULL_100,BULL_100,13.57,450.65,445.6,414.82,10.36,31.02,YES,0.0,0.0,0.0,0.0,147254.53,147254.53,0.0,0.0,196310.98,-509.18,47.25
2023-09-01,1145,BULL_100,BULL_100,13.09,450.92,445.88,415.09,10.36,31.45,YES,0.0,0.0,0.0,0.0,147153.48,147153.48,0.0,0.0,196176.26,-101.05,47.15
2023-09-05,1146,BULL_100,BULL_100,14.01,449.17,446.21,415.35,10.48,31.13,YES,0.0,0.0,0.0,0.0,146011.31,146011.31,0.0,0.0,194653.59,-1142.17,46.01
2023-09-06,1147,BULL_100,BULL_100,14.45,446.1,446.48,415.6,10.7,30.66,YES,0.0,0.0,0.0,0.0,142831.64,142831.64,0.0,0.0,190414.64,-3179.67,42.83
2023-09-07,1148,BULL_100,BULL_100,14.4,445.05,446.68,415.85,10.79,30.81,YES,0.0,0.0,0.0,0.0,141179.44,141179.44,0.0,0.0,188212.03,-1652.2,41.18
2023-09-08,1149,DEFENSIVE_SPY,DEFENSIVE_SPY,13.84,445.11,446.84,416.1,10.79,31.4,YES,0.0,0.0,0.0,0.0,141881.08,141881.08,0.0,0.0,189147.41,701.64,41.88
2023-09-11,1150,DEFENSIVE_SPY,DEFENSIVE_SPY,13.8,448.05,447.03,416.37,10.58,31.96,YES,0.0,0.0,0.0,0.0,143684.26,143684.26,0.0,0.0,191551.31,1803.18,43.68
2023-09-12,1151,DEFENSIVE_SPY,DEFENSIVE_SPY,14.23,446.01,447.1,416.6,10.73,31.89,YES,0.0,0.0,0.0,0.0,141865.56,141865.56,0.0,0.0,189126.73,-1818.7,41.87
2023-09-13,1152,DEFENSIVE_SPY,DEFENSIVE_SPY,13.48,447.0,447.16,416.82,10.67,32.47,YES,0.0,0.0,0.0,0.0,142670.35,142670.35,0.0,0.0,190199.62,804.79,42.67
2023-09-14,1153,DEFENSIVE_SPY,DEFENSIVE_SPY,12.82,450.67,447.32,417.06,10.42,33.42,YES,0.0,0.0,0.0,0.0,144684.11,144684.11,0.0,0.0,192884.25,2013.76,44.68
2023-09-15,1154,DEFENSIVE_SPY,DEFENSIVE_SPY,13.79,443.29,447.39,417.3,10.81,32.14,YES,0.0,0.0,0.0,0.0,140581.2,140581.2,0.0,0.0,187414.5,-4102.91,40.58
2023-09-18,1155,DEFENSIVE_SPY,DEFENSIVE_SPY,14.0,443.88,447.5,417.54,10.79,32.35,YES,0.0,0.0,0.0,0.0,140965.54,140965.54,0.0,0.0,187926.87,384.34,40.97
2023-09-19,1156,DEFENSIVE_BOTH,DEFENSIVE_BOTH,14.11,442.86,447.56,417.71,10.87,32.49,YES,0.0,0.0,0.0,0.0,140463.81,140463.81,0.0,0.0,187257.99,-501.73,40.46
2023-09-20,1157,DEFENSIVE_BOTH,DEFENSIVE_BOTH,15.14,437.87,447.47,417.87,11.07,31.14,YES,0.0,0.0,0.0,0.0,137651.57,137651.57,0.0,0.0,183508.88,-2812.24,37.65
2023-09-21,1158,DEFENSIVE_BOTH,DEFENSIVE_BOTH,17.54,431.11,447.16,417.99,11.6,28.67,YES,0.0,0.0,0.0,0.0,134367.53,134367.53,0.0,0.0,179130.8,-3284.04,34.37
2023-09-22,1159,DEFENSIVE_BOTH,DEFENSIVE_BOTH,17.2,430.65,446.79,418.15,11.61,28.76,YES,0.0,0.0,0.0,0.0,134258.2,134258.2,0.0,0.0,178985.05,-109.33,34.26
2023-09-25,1160,DEFENSIVE_BOTH,DEFENSIVE_BOTH,16.9,432.12,446.45,418.34,11.53,28.96,YES,0.0,0.0,0.0,0.0,134923.46,134923.46,0.0,0.0,179871.93,665.26,34.92
2023-09-26,1161,DEFENSIVE_BOTH,DEFENSIVE_BOTH,18.94,426.55,445.98,418.5,11.98,26.46,YES,0.0,0.0,0.0,0.0,132421.43,132421.43,0.0,0.0,176536.38,-2502.03,32.42
2023-09-27,1162,DEFENSIVE_BOTH,DEFENSIVE_BOTH,18.22,426.66,445.43,418.66,11.97,27.23,YES,0.0,0.0,0.0,0.0,132551.98,132551.98,0.0,0.0,176710.41,130.55,32.55
2023-09-28,1163,DEFENSIVE_BOTH,DEFENSIVE_BOTH,17.34,428.67,444.92,418.83,11.81,28.6,YES,0.0,0.0,0.0,0.0,133438.71,133438.71,0.0,0.0,177892.55,886.73,33.44
2023-09-29,1164,DEFENSIVE_BOTH,DEFENSIVE_BOTH,17.52,427.45,444.42,418.98,11.9,28.0,YES,0.0,0.0,0.0,0.0,133162.09,133162.09,0.0,0.0,177523.78,-276.62,33.16
2023-10-02,1165,DEFENSIVE_BOTH,DEFENSIVE_BOTH,17.61,427.38,443.93,419.1,11.94,27.93,YES,0.0,0.0,0.0,0.0,133399.7,133399.7,0.0,0.0,177840.54,237.61,33.4
2023-10-03,1166,DEFENSIVE_BOTH,DEFENSIVE_BOTH,19.78,421.58,443.28,419.21,12.44,25.34,YES,0.0,0.0,0.0,0.0,130580.41,130580.41,0.0,0.0,174082.04,-2819.29,30.58
2023-10-04,1167,DEFENSIVE_BOTH,DEFENSIVE_BOTH,18.58,424.14,442.65,419.38,12.21,26.33,YES,0.0,0.0,0.0,0.0,132007.84,132007.84,0.0,0.0,175985.0,1427.43,32.01
2023-10-05,1168,DEFENSIVE_BOTH,DEFENSIVE_BOTH,18.49,423.92,442.02,419.59,12.26,26.6,YES,0.0,0.0,0.0,0.0,131663.34,131663.34,0.0,0.0,175525.73,-344.5,31.66
2023-10-06,1169,DEFENSIVE_BOTH,DEFENSIVE_BOTH,17.45,430.2,441.57,419.84,11.71,27.19,YES,0.0,0.0,0.0,0.0,134517.28,134517.28,0.0,0.0,179330.44,2853.94,34.52
2023-10-09,1170,DEFENSIVE_BOTH,DEFENSIVE_BOTH,17.7,432.26,441.07,420.09,11.56,27.57,YES,0.0,0.0,0.0,0.0,135469.2,135469.2,0.0,0.0,180599.48,951.92,35.47
2023-10-10,1171,DEFENSIVE_BOTH,DEFENSIVE_BOTH,17.03,434.62,440.61,420.33,11.38,28.4,YES,0.0,0.0,0.0,0.0,136510.62,136510.62,0.0,0.0,181987.84,1041.42,36.51
2023-10-11,1172,DEFENSIVE_BOTH,DEFENSIVE_BOTH,16.09,437.36,440.26,420.62,11.17,29.13,YES,0.0,0.0,0.0,0.0,137859.35,137859.35,0.0,0.0,183785.89,1348.73,37.86
2023-10-12,1173,DEFENSIVE_SPY,DEFENSIVE_SPY,16.69,433.94,439.92,420.87,11.46,28.37,YES,0.0,0.0,0.0,0.0,136018.74,136018.74,0.0,0.0,181332.1,-1840.61,36.02
2023-10-13,1174,DEFENSIVE_SPY,DEFENSIVE_SPY,19.32,430.51,439.53,421.12,11.71,24.9,YES,0.0,0.0,0.0,0.0,133267.31,133267.31,0.0,0.0,177664.05,-2751.43,33.27
2023-10-16,1175,DEFENSIVE_SPY,DEFENSIVE_SPY,17.21,436.08,439.32,421.41,11.28,27.05,YES,0.0,0.0,0.0,0.0,136426.39,136426.39,0.0,0.0,181875.55,3159.08,36.43
2023-10-17,1176,DEFENSIVE_SPY,DEFENSIVE_SPY,17.88,435.05,439.0,421.67,11.36,26.27,YES,0.0,0.0,0.0,0.0,135531.13,135531.13,0.0,0.0,180682.04,-895.26,35.53
2023-10-18,1177,DEFENSIVE_SPY,DEFENSIVE_SPY,19.22,430.4,438.64,421.91,11.74,25.11,YES,0.0,0.0,0.0,0.0,132661.13,132661.13,0.0,0.0,176855.93,-2870.0,32.66
2023-10-19,1178,DEFENSIVE_SPY,DEFENSIVE_SPY,21.4,425.79,438.22,422.13,12.14,23.5,YES,0.0,0.0,0.0,0.0,129862.97,129862.97,0.0,0.0,173125.59,-2798.16,29.86
2023-10-20,1179,DEFENSIVE_BOTH,DEFENSIVE_BOTH,21.71,420.8,437.7,422.32,12.54,23.28,YES,0.0,0.0,0.0,0.0,127506.93,127506.93,0.0,0.0,169984.66,-2356.04,27.51
2023-10-23,1180,CASH,CASH_IDLE,20.37,421.8,437.22,422.53,12.49,24.42,YES,0.0,0.0,0.0,0.0,127506.93,127506.93,0.0,0.0,169596.35,0.0,27.51
2023-10-24,1181,CASH,CASH_IDLE,18.97,423.3,436.72,422.7,12.36,25.25,YES,0.0,0.0,0.0,0.0,127506.93,127506.93,0.0,0.0,169596.35,0.0,27.51
2023-10-25,1182,SMA_RECOVERY,SMA_RECOVERY,20.19,415.72,436.17,422.85,13.03,23.27,YES,0.0,0.0,0.0,0.0,122289.13,122289.13,0.0,0.0,162656.17,-5217.8,22.29
2023-10-26,1183,CASH,CASH_IDLE,20.68,414.86,435.68,422.97,13.12,23.91,YES,0.0,0.0,0.0,0.0,122289.13,122289.13,0.0,0.0,161567.28,-0.0,22.29
2023-10-27,1184,CASH,CASH_IDLE,21.27,410.38,435.16,423.04,13.54,22.87,YES,0.0,0.0,0.0,0.0,122289.13,122289.13,0.0,0.0,161567.28,-0.0,22.29
2023-10-30,1185,CASH,CASH_IDLE,19.75,415.15,434.74,423.13,13.09,24.39,YES,0.0,0.0,0.0,0.0,122289.13,122289.13,0.0,0.0,161567.28,-0.0,22.29
2023-10-31,1186,CASH,CASH_IDLE,18.14,417.35,434.32,423.23,12.91,25.78,YES,0.0,0.0,0.0,0.0,122289.13,122289.13,0.0,0.0,161567.28,-0.0,22.29
2023-11-01,1187,CASH,CASH_IDLE,16.87,423.6,434.03,423.36,12.33,27.01,YES,0.0,0.0,0.0,0.0,122289.13,122289.13,0.0,0.0,161567.28,-0.0,22.29
2023-11-02,1188,SMA_RECOVERY,SMA_RECOVERY,15.66,429.89,433.72,423.55,11.79,27.76,YES,0.0,0.0,0.0,0.0,125681.26,125681.26,0.0,0.0,166048.94,3392.13,25.68
2023-11-03,1189,SMA_RECOVERY,SMA_RECOVERY,14.91,435.27,433.68,423.79,11.36,28.7,YES,0.0,0.0,0.0,0.0,129421.43,129421.43,0.0,0.0,170990.41,3740.17,29.42
2023-11-06,1190,BULL_100,BULL_100,14.89,434.88,433.59,423.98,11.4,29.56,YES,0.0,0.0,0.0,0.0,129324.5,129324.5,0.0,0.0,170862.35,-96.93,29.32
2023-11-07,1191,BULL_100,BULL_100,14.81,436.76,433.47,424.16,11.25,29.76,YES,0.0,0.0,0.0,0.0,131559.47,131559.47,0.0,0.0,173815.17,2234.97,31.56
2023-11-08,1192,BULL_100,BULL_100,14.45,436.61,433.21,424.35,11.28,30.22,YES,0.0,0.0,0.0,0.0,131310.96,131310.96,0.0,0.0,173486.85,-248.51,31.31
2023-11-09,1193,BULL_100,BULL_100,15.29,433.63,432.86,424.51,11.53,29.08,YES,0.0,0.0,0.0,0.0,128458.7,128458.7,0.0,0.0,169718.46,-2852.26,28.46
2023-11-10,1194,BULL_100,BULL_100,14.17,439.96,432.65,424.7,11.0,29.75,YES,0.0,0.0,0.0,0.0,134534.81,134534.81,0.0,0.0,177746.16,6076.11,34.53
2023-11-13,1195,BULL_100,BULL_100,14.76,440.38,432.44,424.87,10.99,30.59,YES,0.0,0.0,0.0,0.0,134926.6,134926.6,0.0,0.0,178263.79,391.79,34.93
2023-11-14,1196,BULL_100,BULL_100,14.16,449.35,432.44,425.11,10.32,30.93,YES,0.0,0.0,0.0,0.0,143254.55,143254.55,0.0,0.0,189266.61,8327.95,43.25
2023-11-15,1197,BULL_100,BULL_100,14.18,449.36,432.51,425.33,10.34,31.34,YES,0.0,0.0,0.0,0.0,142943.27,142943.27,0.0,0.0,188855.35,-311.28,42.94
2023-11-16,1198,BULL_100,BULL_100,14.32,450.38,432.61,425.52,10.28,31.82,YES,0.0,0.0,0.0,0.0,143699.98,143699.98,0.0,0.0,189855.1,756.71,43.7
2023-11-17,1199,BULL_100,BULL_100,13.8,450.25,432.71,425.7,10.28,32.37,YES,0.0,0.0,0.0,0.0,143778.87,143778.87,0.0,0.0,189959.33,78.89,43.78
2023-11-20,1200,BULL_100,BULL_100,13.41,454.41,432.84,425.91,10.02,32.52,YES,0.0,0.0,0.0,0.0,148015.99,148015.99,0.0,0.0,195557.38,4237.12,48.02
2023-11-21,1201,BULL_100,BULL_100,13.35,452.73,432.98,426.12,10.14,33.15,YES,0.0,0.0,0.0,0.0,145656.77,145656.77,0.0,0.0,192440.4,-2359.22,45.66
2023-11-22,1202,BULL_100,BULL_100,12.85,454.71,433.13,426.32,10.01,32.9,YES,0.0,0.0,0.0,0.0,147656.45,147656.45,0.0,0.0,195082.36,1999.68,47.66
2023-11-24,1203,BULL_100,BULL_100,12.46,455.39,433.23,426.54,9.98,34.3,YES,0.0,0.0,0.0,0.0,147824.99,147824.99,0.0,0.0,195305.03,168.54,47.82
2023-11-27,1204,BULL_100,BULL_100,12.69,454.81,433.46,426.78,10.02,34.18,YES,0.0,0.0,0.0,0.0,147387.63,147387.63,0.0,0.0,194727.19,-437.36,47.39
2023-11-28,1205,BULL_100,BULL_100,12.69,455.02,433.68,427.02,10.01,34.66,YES,0.0,0.0,0.0,0.0,147814.67,147814.67,0.0,0.0,195291.4,427.04,47.81
2023-11-29,1206,BULL_100,BULL_100,12.98,454.88,433.92,427.23,10.03,34.19,YES,0.0,0.0,0.0,0.0,147622.7,147622.7,0.0,0.0,195037.77,-191.97,47.62
2023-11-30,1207,BULL_100,BULL_100,12.92,456.09,434.28,427.45,9.96,34.38,YES,0.0,0.0,0.0,0.0,147812.74,147812.74,0.0,0.0,195288.84,190.04,47.81
2023-12-01,1208,BULL_100,BULL_100,12.63,459.74,434.86,427.68,9.75,34.86,YES,0.0,0.0,0.0,0.0,151017.02,151017.02,0.0,0.0,199522.31,3204.28,51.02
2023-12-04,1209,BULL_100,BULL_100,13.08,455.95,435.36,427.92,9.98,34.55,YES,0.0,0.0,0.0,0.0,146842.45,146842.45,0.0,0.0,194006.91,-4174.57,46.84
2023-12-05,1210,BULL_100,BULL_100,12.85,456.74,435.85,428.17,9.93,34.7,YES,0.0,0.0,0.0,0.0,147919.15,147919.15,0.0,0.0,195429.43,1076.7,47.92
2023-12-06,1211,BULL_100,BULL_100,12.97,454.51,436.41,428.44,10.08,34.61,YES,0.0,0.0,0.0,0.0,145473.18,145473.18,0.0,0.0,192197.84,-2445.97,45.47
2023-12-07,1212,BULL_100,BULL_100,13.06,457.76,437.04,428.73,9.88,34.48,YES,0.0,0.0,0.0,0.0,149137.29,149137.29,0.0,0.0,197038.83,3664.11,49.14
2023-12-08,1213,BULL_100,BULL_100,12.35,460.4,437.67,429.03,9.73,35.45,YES,0.0,0.0,0.0,0.0,151342.6,151342.6,0.0,0.0,199952.46,2205.31,51.34
2023-12-11,1214,BULL_100,BULL_100,12.63,462.03,438.36,429.36,9.62,36.26,YES,0.0,0.0,0.0,0.0,153651.09,153651.09,0.0,0.0,203002.42,2308.49,53.65
2023-12-12,1215,BULL_100,BULL_100,12.07,464.71,439.11,429.7,9.46,37.28,YES,0.0,0.0,0.0,0.0,156755.41,156755.41,0.0,0.0,207103.82,3104.32,56.76
2023-12-13,1216,BULL_100,BULL_100,12.19,471.31,440.1,430.08,9.1,37.71,YES,0.0,0.0,0.0,0.0,162914.07,162914.07,0.0,0.0,215240.58,6158.66,62.91
2023-12-14,1217,BULL_TRIMMED,BULL_TRIMMED,12.48,471.69,441.05,430.46,9.06,37.87,YES,0.0,0.0,0.0,0.0,163093.31,163093.31,0.0,0.0,215477.4,179.24,63.09
2023-12-15,1218,BULL_TRIMMED,BULL_TRIMMED,12.28,469.95,441.97,430.82,9.06,36.8,YES,0.0,0.0,0.0,0.0,163567.47,163567.47,0.0,0.0,216103.85,474.16,63.57
2023-12-18,1219,BULL_TRIMMED,BULL_TRIMMED,12.56,471.79,442.81,431.16,8.96,36.67,YES,0.0,0.0,0.0,0.0,165231.48,165231.48,0.0,0.0,218302.32,1664.01,65.23
2023-12-19,1220,BULL_TRIMMED,BULL_TRIMMED,12.53,474.6,443.65,431.51,8.79,36.05,YES,0.0,0.0,0.0,0.0,167424.84,167424.84,0.0,0.0,221200.17,2193.36,67.42
2023-12-20,1221,BULL_TRIMMED,BULL_TRIMMED,13.67,468.86,444.34,431.86,8.92,33.91,YES,0.0,0.0,0.0,0.0,162378.31,162378.31,0.0,0.0,214532.74,-5046.53,62.38
2023-12-21,1222,BULL_TRIMMED,BULL_TRIMMED,13.65,472.59,445.04,432.23,8.72,34.7,YES,0.0,0.0,0.0,0.0,165101.72,165101.72,0.0,0.0,218130.89,2723.41,65.1
2023-12-22,1223,BULL_TRIMMED,BULL_TRIMMED,13.03,473.19,445.83,432.64,8.67,35.36,YES,0.0,0.0,0.0,0.0,165475.79,165475.79,0.0,0.0,218625.11,374.07,65.48
2023-12-26,1224,BULL_TRIMMED,BULL_TRIMMED,12.99,475.81,446.73,433.09,8.55,36.35,YES,0.0,0.0,0.0,0.0,167751.29,167751.29,0.0,0.0,221631.48,2275.5,67.75
2023-12-27,1225,BULL_TRIMMED,BULL_TRIMMED,12.43,476.55,447.54,433.54,8.53,37.73,YES,0.0,0.0,0.0,0.0,168345.53,168345.53,0.0,0.0,222416.58,594.24,68.35
2023-12-28,1226,BULL_TRIMMED,BULL_TRIMMED,12.47,477.0,448.38,433.97,8.52,37.8,YES,0.0,0.0,0.0,0.0,168391.77,168391.77,0.0,0.0,222477.67,46.24,68.39
2023-12-29,1227,BULL_TRIMMED,BULL_TRIMMED,12.45,475.25,449.28,434.4,8.62,37.68,YES,0.0,0.0,0.0,0.0,166559.36,166559.36,0.0,0.0,220056.71,-1832.41,66.56
2024-01-02,1228,BULL_TRIMMED,BULL_TRIMMED,13.2,472.64,450.22,434.78,8.76,37.84,YES,0.0,0.0,0.0,0.0,163667.52,163667.52,0.0,0.0,216236.04,-2891.84,63.67
2024-01-03,1229,BULL_TRIMMED,BULL_TRIMMED,14.04,469.08,451.18,435.17,8.96,36.46,YES,0.0,0.0,0.0,0.0,160538.28,160538.28,0.0,0.0,212101.71,-3129.24,60.54
2024-01-04,1230,BULL_100,BULL_100,14.13,467.84,452.1,435.54,9.04,36.52,YES,0.0,0.0,0.0,0.0,158827.83,158827.83,0.0,0.0,209841.88,-1710.45,58.83
2024-01-05,1231,BULL_100,BULL_100,13.35,468.35,453.0,435.89,9.03,37.43,YES,0.0,0.0,0.0,0.0,158961.22,158961.22,0.0,0.0,210018.12,133.39,58.96
2024-01-08,1232,BULL_100,BULL_100,13.08,474.21,454.17,436.3,8.69,38.4,YES,0.0,0.0,0.0,0.0,165851.41,165851.41,0.0,0.0,219121.37,6890.19,65.85
2024-01-09,1233,BULL_100,BULL_100,12.76,473.77,455.35,436.7,8.72,39.32,YES,0.0,0.0,0.0,0.0,165690.21,165690.21,0.0,0.0,218908.39,-161.2,65.69
2024-01-10,1234,BULL_100,BULL_100,12.69,476.8,456.68,437.1,8.56,39.77,YES,0.0,0.0,0.0,0.0,169122.34,169122.34,0.0,0.0,223442.89,3432.13,69.12
2024-01-11,1235,BULL_100,BULL_100,12.44,476.05,457.9,437.5,8.62,39.83,YES,0.0,0.0,0.0,0.0,168234.77,168234.77,0.0,0.0,222270.24,-887.57,68.23
2024-01-12,1236,BULL_100,BULL_100,12.7,475.7,459.06,437.89,8.61,39.05,YES,0.0,0.0,0.0,0.0,168189.39,168189.39,0.0,0.0,222210.29,-45.38,68.19
2024-01-16,1237,BULL_100,BULL_100,13.84,475.08,460.09,438.26,8.67,37.94,YES,0.0,0.0,0.0,0.0,167710.38,167710.38,0.0,0.0,221577.42,-479.01,67.71
2024-01-17,1238,BULL_100,BULL_100,14.79,472.2,460.94,438.6,8.84,36.67,YES,0.0,0.0,0.0,0.0,164482.41,164482.41,0.0,0.0,217312.66,-3227.97,64.48
2024-01-18,1239,BULL_100,BULL_100,14.13,476.88,461.77,438.94,8.59,37.6,YES,0.0,0.0,0.0,0.0,170088.08,170088.08,0.0,0.0,224718.82,5605.67,70.09
2024-01-19,1240,BULL_100,BULL_100,13.3,482.44,462.72,439.3,8.27,38.51,YES,0.0,0.0,0.0,0.0,177015.27,177015.27,0.0,0.0,233870.96,6927.19,77.02
2024-01-22,1241,BULL_100,BULL_100,13.19,483.63,463.66,439.67,8.24,39.93,YES,0.0,0.0,0.0,0.0,177763.94,177763.94,0.0,0.0,234860.1,748.67,77.76
2024-01-23,1242,BULL_100,BULL_100,12.55,485.83,464.65,440.06,8.13,40.96,YES,0.0,0.0,0.0,0.0,180424.71,180424.71,0.0,0.0,238375.48,2660.77,80.42
2024-01-24,1243,BULL_100,BULL_100,13.14,485.34,465.68,440.44,8.15,39.86,YES,0.0,0.0,0.0,0.0,180340.0,180340.0,0.0,0.0,238263.57,-84.71,80.34
2024-01-25,1244,BULL_100,BULL_100,13.45,487.09,466.62,440.83,8.07,39.75,YES,0.0,0.0,0.0,0.0,180994.39,180994.39,0.0,0.0,239128.14,654.39,80.99
2024-01-26,1245,BULL_100,BULL_100,13.26,486.95,467.55,441.21,8.09,39.65,YES,0.0,0.0,0.0,0.0,180741.76,180741.76,0.0,0.0,238794.37,-252.63,80.74
2024-01-29,1246,BULL_100,BULL_100,13.6,491.09,468.39,441.63,7.88,39.41,YES,0.0,0.0,0.0,0.0,185620.91,185620.91,0.0,0.0,245240.65,4879.15,85.62
2024-01-30,1247,BULL_TRIMMED,BULL_TRIMMED,13.31,488.91,469.18,442.01,8.0,39.99,YES,0.0,0.0,0.0,0.0,182610.17,182610.17,0.0,0.0,241262.89,-3010.74,82.61
2024-01-31,1248,BULL_TRIMMED,BULL_TRIMMED,14.35,483.7,469.85,442.37,8.25,37.83,YES,0.0,0.0,0.0,0.0,178270.53,178270.53,0.0,0.0,235529.4,-4339.64,78.27
2024-02-01,1249,BULL_100,BULL_100,13.88,491.64,470.67,442.76,7.86,38.93,YES,0.0,0.0,0.0,0.0,186737.75,186737.75,0.0,0.0,246716.22,8467.22,86.74
2024-02-02,1250,BULL_100,BULL_100,13.85,494.27,471.47,443.16,7.73,38.26,YES,0.0,0.0,0.0,0.0,190009.2,190009.2,0.0,0.0,251038.43,3271.45,90.01
2024-02-05,1251,BULL_100,BULL_100,13.67,492.17,472.26,443.55,7.83,39.69,YES,0.0,0.0,0.0,0.0,187940.94,187940.94,0.0,0.0,248305.86,-2068.26,87.94
2024-02-06,1252,BULL_100,BULL_100,13.06,493.79,473.04,443.96,7.76,40.7,YES,0.0,0.0,0.0,0.0,188966.71,188966.71,0.0,0.0,249661.1,1025.77,88.97
2024-02-07,1253,BULL_100,BULL_100,12.83,497.9,473.89,444.39,7.58,40.89,YES,0.0,0.0,0.0,0.0,193734.74,193734.74,0.0,0.0,255960.57,4768.03,93.73
2024-02-08,1254,BULL_100,BULL_100,12.79,498.25,474.76,444.82,7.57,40.89,YES,0.0,0.0,0.0,0.0,194205.33,194205.33,0.0,0.0,256582.31,470.59,94.21
2024-02-09,1255,BULL_100,BULL_100,12.93,501.0,475.68,445.29,7.45,40.68,YES,0.0,0.0,0.0,0.0,197915.91,197915.91,0.0,0.0,261484.7,3710.58,97.92
2024-02-12,1256,BULL_100,BULL_100,13.93,500.55,476.59,445.76,7.48,39.8,YES,0.0,0.0,0.0,0.0,196566.39,196566.39,0.0,0.0,259701.73,-1349.52,96.57
2024-02-13,1257,BULL_100,BULL_100,15.85,494.26,477.36,446.18,7.76,37.4,YES,0.0,0.0,0.0,0.0,189038.08,189038.08,0.0,0.0,249755.39,-7528.31,89.04
2024-02-14,1258,BULL_100,BULL_100,14.38,498.95,478.14,446.59,7.55,39.0,YES,0.0,0.0,0.0,0.0,194410.97,194410.97,0.0,0.0,256854.0,5372.89,94.41
2024-02-15,1259,BULL_100,BULL_100,14.01,502.2,479.07,447.03,7.41,38.99,YES,0.0,0.0,0.0,0.0,197680.84,197680.84,0.0,0.0,261174.12,3269.87,97.68
2024-02-16,1260,BULL_100,BULL_100,14.24,498.76,479.91,447.46,7.56,39.06,YES,0.0,0.0,0.0,0.0,192926.25,192926.25,0.0,0.0,254892.4,-4754.59,92.93
2024-02-20,1261,BULL_100,BULL_100,15.42,496.33,480.74,447.91,7.66,37.85,YES,0.0,0.0,0.0,0.0,189366.52,189366.52,0.0,0.0,250189.32,-3559.73,89.37
2024-02-21,1262,BULL_100,BULL_100,15.34,499.68,481.58,448.38,7.53,39.0,YES,0.0,0.0,0.0,0.0,193291.65,193291.65,0.0,0.0,255375.17,3925.13,93.29
2024-02-22,1263,BULL_100,BULL_100,14.54,507.75,482.53,448.86,7.17,39.09,YES,0.0,0.0,0.0,0.0,202580.7,202580.7,0.0,0.0,267647.77,9289.05,102.58
2024-02-23,1264,BULL_100,BULL_100,13.75,507.16,483.43,449.33,7.2,40.33,YES,0.0,0.0,0.0,0.0,201538.14,201538.14,0.0,0.0,266270.35,-1042.56,101.54
2024-02-26,1265,BULL_100,BULL_100,13.74,505.91,484.25,449.8,7.26,40.74,YES,0.0,0.0,0.0,0.0,200341.19,200341.19,0.0,0.0,264688.95,-1196.95,100.34
2024-02-27,1266,BULL_100,BULL_100,13.43,506.76,484.96,450.27,7.22,41.34,YES,0.0,0.0,0.0,0.0,201517.24,201517.24,0.0,0.0,266242.74,1176.05,101.52
2024-02-28,1267,BULL_100,BULL_100,13.84,505.05,485.63,450.73,7.29,40.87,YES,0.0,0.0,0.0,0.0,198704.25,198704.25,0.0,0.0,262526.24,-2812.99,98.7
2024-02-29,1268,BULL_100,BULL_100,13.4,508.08,486.39,451.22,7.18,41.15,YES,0.0,0.0,0.0,0.0,202730.83,202730.83,0.0,0.0,267846.13,4026.58,102.73
2024-03-01,1269,BULL_100,BULL_100,13.11,512.05,487.2,451.72,7.01,41.2,YES,0.0,0.0,0.0,0.0,208468.61,208468.61,0.0,0.0,275426.83,5737.78,108.47
2024-03-04,1270,BULL_100,BULL_100,13.49,511.55,487.94,452.22,7.04,41.33,YES,0.0,0.0,0.0,0.0,207109.33,207109.33,0.0,0.0,273630.96,-1359.28,107.11
2024-03-05,1271,BULL_100,BULL_100,14.46,507.35,488.71,452.68,7.22,39.55,YES,0.0,0.0,0.0,0.0,201049.59,201049.59,0.0,0.0,265624.89,-6059.74,101.05
2024-03-06,1272,BULL_100,BULL_100,14.5,509.65,489.45,453.13,7.12,39.63,YES,0.0,0.0,0.0,0.0,203358.1,203358.1,0.0,0.0,268674.87,2308.51,103.36
2024-03-07,1273,BULL_100,BULL_100,14.44,514.69,490.28,453.61,6.92,39.56,YES,0.0,0.0,0.0,0.0,209919.1,209919.1,0.0,0.0,277343.2,6561.0,109.92
2024-03-08,1274,BULL_100,BULL_100,14.74,511.72,491.0,454.07,7.01,38.84,YES,0.0,0.0,0.0,0.0,205063.12,205063.12,0.0,0.0,270927.53,-4855.98,105.06
2024-03-11,1275,BULL_100,BULL_100,15.22,512.64,491.72,454.56,7.02,39.1,YES,0.0,0.0,0.0,0.0,205975.73,205975.73,0.0,0.0,272133.26,912.61,105.98
2024-03-12,1276,BULL_100,BULL_100,13.84,517.04,492.52,455.08,6.83,40.85,YES,0.0,0.0,0.0,0.0,211395.14,211395.14,0.0,0.0,279293.33,5419.41,111.4
2024-03-13,1277,BULL_100,BULL_100,13.75,516.57,493.35,455.6,6.86,41.21,YES,0.0,0.0,0.0,0.0,209958.52,209958.52,0.0,0.0,277395.29,-1436.62,109.96
2024-03-14,1278,BULL_100,BULL_100,14.4,514.22,494.18,456.06,6.96,40.06,YES,0.0,0.0,0.0,0.0,206487.4,206487.4,0.0,0.0,272809.27,-3471.12,106.49
2024-03-15,1279,BULL_100,BULL_100,14.41,509.79,494.99,456.51,7.08,39.36,YES,0.0,0.0,0.0,0.0,202491.61,202491.61,0.0,0.0,267530.07,-3995.79,102.49
2024-03-18,1280,BULL_100,BULL_100,14.33,512.42,495.88,456.98,6.97,40.15,YES,0.0,0.0,0.0,0.0,205772.1,205772.1,0.0,0.0,271864.23,3280.49,105.77
2024-03-19,1281,BULL_100,BULL_100,13.82,515.45,496.83,457.45,6.85,40.92,YES,0.0,0.0,0.0,0.0,209184.58,209184.58,0.0,0.0,276372.76,3412.48,109.18
2024-03-20,1282,BULL_100,BULL_100,13.04,521.87,497.78,457.92,6.48,42.08,YES,0.0,0.0,0.0,0.0,217106.22,217106.22,0.0,0.0,286838.76,7921.64,117.11
2024-03-21,1283,BULL_100,BULL_100,12.92,522.84,498.76,458.4,6.46,42.3,YES,0.0,0.0,0.0,0.0,218012.8,218012.8,0.0,0.0,288036.52,906.58,118.01
2024-03-22,1284,BULL_100,BULL_100,13.06,520.75,499.64,458.86,6.53,42.08,YES,0.0,0.0,0.0,0.0,215771.85,215771.85,0.0,0.0,285075.8,-2240.95,115.77
2024-03-25,1285,BULL_100,BULL_100,13.19,520.45,500.53,459.33,6.55,42.24,YES,0.0,0.0,0.0,0.0,215243.53,215243.53,0.0,0.0,284377.79,-528.32,115.24
2024-03-26,1286,BULL_100,BULL_100,13.24,519.7,501.41,459.78,6.59,42.5,YES,0.0,0.0,0.0,0.0,213945.13,213945.13,0.0,0.0,282662.36,-1298.4,113.95
2024-03-27,1287,BULL_100,BULL_100,12.78,522.41,502.35,460.25,6.48,43.1,YES,0.0,0.0,0.0,0.0,216173.95,216173.95,0.0,0.0,285607.05,2228.82,116.17
2024-03-28,1288,BULL_100,BULL_100,13.01,523.0,503.37,460.69,6.46,42.29,YES,0.0,0.0,0.0,0.0,216901.09,216901.09,0.0,0.0,286567.75,727.14,116.9
2024-04-01,1289,BULL_100,BULL_100,13.65,521.66,504.27,461.12,6.52,42.03,YES,0.0,0.0,0.0,0.0,215351.45,215351.45,0.0,0.0,284520.38,-1549.64,115.35
2024-04-02,1290,BULL_100,BULL_100,14.61,518.75,504.99,461.52,6.64,40.94,YES,0.0,0.0,0.0,0.0,211410.52,211410.52,0.0,0.0,279313.65,-3940.93,111.41
2024-04-03,1291,BULL_100,BULL_100,14.33,520.7,505.73,461.92,6.57,41.54,YES,0.0,0.0,0.0,0.0,214002.07,214002.07,0.0,0.0,282737.59,2591.55,114.0
2024-04-04,1292,BULL_100,BULL_100,16.35,513.38,506.28,462.29,6.85,38.88,YES,0.0,0.0,0.0,0.0,204363.28,204363.28,0.0,0.0,270002.9,-9638.79,104.36
2024-04-05,1293,BULL_100,BULL_100,16.03,518.68,506.95,462.69,6.67,38.57,YES,0.0,0.0,0.0,0.0,211024.73,211024.73,0.0,0.0,278803.95,6661.45,111.02
2024-04-08,1294,BULL_100,BULL_100,15.19,518.8,507.58,463.11,6.64,39.98,YES,0.0,0.0,0.0,0.0,210696.02,210696.02,0.0,0.0,278369.66,-328.71,110.7
2024-04-09,1295,BULL_100,BULL_100,14.98,519.54,508.24,463.53,6.62,40.4,YES,0.0,0.0,0.0,0.0,211877.38,211877.38,0.0,0.0,279930.46,1181.36,111.88
2024-04-10,1296,BULL_100,BULL_100,15.8,513.15,508.68,463.93,34.34,39.45,YES,0.0,0.0,0.0,0.0,204353.66,204353.66,0.0,0.0,269990.19,-7523.72,104.35
2024-04-11,1297,BULL_100,BULL_100,14.91,518.25,509.26,464.36,33.45,40.3,YES,0.0,0.0,0.0,0.0,211354.58,211354.58,0.0,0.0,279239.74,7000.92,111.35
2024-04-12,1298,BULL_100,BULL_100,17.31,510.01,509.79,464.73,35.1,36.68,YES,0.0,0.0,0.0,0.0,201095.91,201095.91,0.0,0.0,265686.09,-10258.67,101.1
2024-04-15,1299,BULL_100,BULL_100,19.23,504.79,510.05,465.07,36.15,34.99,YES,0.0,0.0,0.0,0.0,193734.9,193734.9,0.0,0.0,255960.78,-7361.01,93.73
2024-04-16,1300,DEFENSIVE_QQQ,DEFENSIVE_QQQ,18.4,504.91,510.27,465.4,36.09,36.34,YES,0.0,0.0,0.0,0.0,194278.35,194278.35,0.0,0.0,256678.79,543.45,94.28
2024-04-17,1301,DEFENSIVE_BOTH,DEFENSIVE_BOTH,18.21,501.06,510.44,465.69,37.0,36.31,YES,0.0,0.0,0.0,0.0,191236.22,191236.22,0.0,0.0,252659.55,-3042.13,91.24
2024-04-18,1302,DEFENSIVE_BOTH,DEFENSIVE_BOTH,18.0,498.68,510.54,465.97,37.54,36.09,YES,0.0,0.0,0.0,0.0,189480.03,189480.03,0.0,0.0,250339.29,-1756.19,89.48
2024-04-19,1303,DEFENSIVE_BOTH,DEFENSIVE_BOTH,18.71,494.75,510.48,466.23,38.2,35.38,YES,0.0,0.0,0.0,0.0,186563.66,186563.66,0.0,0.0,246486.21,-2916.37,86.56
2024-04-22,1304,DEFENSIVE_BOTH,DEFENSIVE_BOTH,16.94,499.35,510.5,466.53,37.37,37.8,YES,0.0,0.0,0.0,0.0,188963.38,188963.38,0.0,0.0,249656.7,2399.72,88.96
2024-04-23,1305,DEFENSIVE_BOTH,DEFENSIVE_BOTH,15.69,506.52,510.61,466.87,35.77,39.19,YES,0.0,0.0,0.0,0.0,193413.11,193413.11,0.0,0.0,255535.64,4449.73,93.41
2024-04-24,1306,DEFENSIVE_BOTH,DEFENSIVE_BOTH,15.97,502.46,510.65,467.18,36.71,38.54,YES,0.0,0.0,0.0,0.0,190695.67,190695.67,0.0,0.0,251945.38,-2717.44,90.7
2024-04-25,1307,DEFENSIVE_BOTH,DEFENSIVE_BOTH,15.37,507.11,510.91,467.5,35.73,39.4,YES,0.0,0.0,0.0,0.0,193809.31,193809.31,0.0,0.0,256059.1,3113.64,93.81
2024-04-26,1308,DEFENSIVE_BOTH,DEFENSIVE_BOTH,15.03,508.57,511.1,467.82,35.47,39.88,YES,0.0,0.0,0.0,0.0,194652.8,194652.8,0.0,0.0,257173.5,843.49,94.65
2024-04-29,1309,DEFENSIVE_BOTH,DEFENSIVE_BOTH,14.67,509.83,511.25,468.12,35.2,40.43,YES,0.0,0.0,0.0,0.0,195538.49,195538.49,0.0,0.0,258343.67,885.69,95.54
2024-04-30,1310,DEFENSIVE_BOTH,DEFENSIVE_BOTH,15.65,501.26,511.3,468.38,37.0,39.09,YES,0.0,0.0,0.0,0.0,190068.06,190068.06,0.0,0.0,251116.19,-5470.43,90.07
2024-05-01,1311,DEFENSIVE_BOTH,DEFENSIVE_BOTH,15.39,502.29,511.42,468.64,36.79,39.5,YES,0.0,0.0,0.0,0.0,190541.43,190541.43,0.0,0.0,251741.6,473.37,90.54
2024-05-02,1312,DEFENSIVE_BOTH,DEFENSIVE_BOTH,14.68,506.48,511.56,468.9,35.7,40.7,YES,0.0,0.0,0.0,0.0,193240.23,193240.23,0.0,0.0,255307.23,2698.8,93.24
2024-05-03,1313,DEFENSIVE_BOTH,DEFENSIVE_BOTH,13.49,512.45,511.65,469.19,34.79,41.78,YES,0.0,0.0,0.0,0.0,196614.93,196614.93,0.0,0.0,259765.85,3374.7,96.61
2024-05-06,1314,DEFENSIVE_BOTH,DEFENSIVE_BOTH,13.49,516.45,511.84,469.51,33.9,42.66,YES,0.0,0.0,0.0,0.0,199244.78,199244.78,0.0,0.0,263240.39,2629.85,99.24
2024-05-07,1315,DEFENSIVE_QQQ,DEFENSIVE_QQQ,13.23,517.31,512.06,469.84,33.73,42.95,YES,0.0,0.0,0.0,0.0,200022.94,200022.94,0.0,0.0,264268.49,778.16,100.02
2024-05-08,1316,BULL_100,BULL_100,13.0,517.0,512.27,470.15,33.8,43.3,YES,0.0,0.0,0.0,0.0,199506.13,199506.13,0.0,0.0,263585.68,-516.81,99.51
2024-05-09,1317,BULL_100,BULL_100,12.69,520.56,512.58,470.48,33.15,43.38,YES,0.0,0.0,0.0,0.0,202892.66,202892.66,0.0,0.0,268059.93,3386.53,102.89
2024-05-10,1318,BULL_100,BULL_100,12.55,519.95,512.82,470.8,33.35,43.99,YES,0.0,0.0,0.0,0.0,202295.81,202295.81,0.0,0.0,267271.38,-596.85,102.3
2024-05-13,1319,BULL_100,BULL_100,13.6,520.8,512.99,471.14,33.16,43.45,YES,0.0,0.0,0.0,0.0,203420.63,203420.63,0.0,0.0,268757.48,1124.82,103.42
2024-05-14,1320,BULL_100,BULL_100,13.42,523.6,513.23,471.47,32.63,44.29,YES,0.0,0.0,0.0,0.0,206914.65,206914.65,0.0,0.0,273373.75,3494.02,106.91
2024-05-15,1321,BULL_100,BULL_100,12.45,530.17,513.69,471.84,31.41,46.06,YES,0.0,0.0,0.0,0.0,215186.05,215186.05,0.0,0.0,284301.85,8271.4,115.19
2024-05-16,1322,BULL_100,BULL_100,12.42,528.72,514.07,472.21,31.75,45.86,YES,0.0,0.0,0.0,0.0,213072.49,213072.49,0.0,0.0,281509.43,-2113.56,113.07
2024-05-17,1323,BULL_100,BULL_100,11.99,529.6,514.37,472.6,31.58,46.51,YES,0.0,0.0,0.0,0.0,213488.79,213488.79,0.0,0.0,282059.44,416.3,113.49
2024-05-20,1324,BULL_100,BULL_100,12.15,529.95,514.73,473.0,31.57,46.98,YES,0.0,0.0,0.0,0.0,214918.63,214918.63,0.0,0.0,283948.54,1429.84,114.92
2024-05-21,1325,BULL_100,BULL_100,11.86,531.43,515.11,473.42,31.3,47.31,YES,0.0,0.0,0.0,0.0,216804.04,216804.04,0.0,0.0,286439.52,1885.41,116.8
2024-05-22,1326,BULL_100,BULL_100,12.29,530.96,515.39,473.82,31.4,46.55,YES,0.0,0.0,0.0,0.0,216884.06,216884.06,0.0,0.0,286545.24,80.02,116.88
2024-05-23,1327,BULL_100,BULL_100,12.77,526.1,515.58,474.21,32.35,45.74,YES,0.0,0.0,0.0,0.0,210649.93,210649.93,0.0,0.0,278308.77,-6234.13,110.65
2024-05-24,1328,BULL_100,BULL_100,11.93,529.38,515.88,474.62,31.75,47.04,YES,0.0,0.0,0.0,0.0,215226.54,215226.54,0.0,0.0,284355.34,4576.61,115.23
2024-05-28,1329,BULL_100,BULL_100,12.92,529.27,516.27,475.04,31.8,45.9,YES,0.0,0.0,0.0,0.0,215316.12,215316.12,0.0,0.0,284473.69,89.58,115.32
2024-05-29,1330,BULL_100,BULL_100,14.28,524.13,516.51,475.43,32.75,43.75,YES,0.0,0.0,0.0,0.0,208944.79,208944.79,0.0,0.0,276055.95,-6371.33,108.94
2024-05-30,1331,BULL_100,BULL_100,14.47,521.83,516.63,475.8,33.17,43.95,YES,0.0,0.0,0.0,0.0,205428.77,205428.77,0.0,0.0,271410.62,-3516.02,105.43
2024-05-31,1332,BULL_100,BULL_100,12.92,528.26,516.76,476.22,32.09,45.63,YES,0.0,0.0,0.0,0.0,210680.0,210680.0,0.0,0.0,278348.49,5251.23,110.68
2024-06-03,1333,BULL_100,BULL_100,13.11,527.53,516.85,476.66,32.17,45.685,YES,0.0,0.0,0.0,0.0,211065.3,211065.3,0.0,0.0,278857.55,385.3,111.07
2024-06-04,1334,BULL_100,BULL_100,13.16,529.04,517.02,477.13,31.92,45.6,YES,0.0,0.0,0.0,0.0,213073.15,213073.15,0.0,0.0,281510.3,2007.85,113.07
2024-06-05,1335,BULL_100,BULL_100,12.63,534.99,517.31,477.62,30.87,46.34,YES,0.0,0.0,0.0,0.0,221388.64,221388.64,0.0,0.0,292496.65,8315.49,121.39
2024-06-06,1336,BULL_100,BULL_100,12.58,534.5,517.61,478.1,30.96,46.4,YES,0.0,0.0,0.0,0.0,220812.96,220812.96,0.0,0.0,291736.07,-575.68,120.81
2024-06-07,1337,BULL_100,BULL_100,12.22,533.31,517.83,478.57,31.19,47.09,YES,0.0,0.0,0.0,0.0,219144.1,219144.1,0.0,0.0,289531.19,-1668.86,119.14
2024-06-10,1338,BULL_100,BULL_100,12.74,535.15,518.07,479.03,30.95,47.17,YES,0.0,0.0,0.0,0.0,221247.08,221247.08,0.0,0.0,292309.63,2102.98,121.25
2024-06-11,1339,BULL_100,BULL_100,12.85,537.07,518.38,479.52,30.6,47.2,YES,0.0,0.0,0.0,0.0,224453.55,224453.55,0.0,0.0,296545.98,3206.47,124.45
2024-06-12,1340,BULL_100,BULL_100,12.04,542.22,518.85,480.04,29.75,48.0,YES,0.0,0.0,0.0,0.0,232337.98,232337.98,0.0,0.0,306962.82,7884.43,132.34
2024-06-13,1341,BULL_100,BULL_100,11.94,542.49,519.28,480.54,29.71,48.1,YES,0.0,0.0,0.0,0.0,232709.73,232709.73,0.0,0.0,307453.98,371.75,132.71
2024-06-14,1342,BULL_100,BULL_100,12.66,542.78,519.87,481.0,29.71,46.64,YES,0.0,0.0,0.0,0.0,233025.24,233025.24,0.0,0.0,307870.83,315.51,133.03
2024-06-17,1343,BULL_100,BULL_100,12.75,547.51,520.45,481.48,28.95,46.8,YES,0.0,0.0,0.0,0.0,240301.59,240301.59,0.0,0.0,317484.27,7276.35,140.3
2024-06-18,1344,BULL_100,BULL_100,12.3,548.8,521.05,481.98,28.78,46.8,YES,0.0,0.0,0.0,0.0,241462.51,241462.51,0.0,0.0,319018.07,1160.92,141.46
2024-06-20,1345,BULL_TRIMMED,BULL_TRIMMED,13.28,547.17,521.6,482.46,29.06,45.5,YES,0.0,0.0,0.0,0.0,239751.74,239751.74,0.0,0.0,316757.81,-1710.77,139.75
2024-06-21,1346,BULL_TRIMMED,BULL_TRIMMED,13.2,544.38,522.22,482.93,29.21,46.35,YES,0.0,0.0,0.0,0.0,238482.32,238482.32,0.0,0.0,315080.67,-1269.42,138.48
2024-06-24,1347,BULL_TRIMMED,BULL_TRIMMED,13.33,543.05,522.72,483.42,29.6,46.51,YES,0.0,0.0,0.0,0.0,235985.47,235985.47,0.0,0.0,311781.85,-2496.85,135.99
2024-06-25,1348,BULL_TRIMMED,BULL_TRIMMED,12.84,544.69,523.41,483.92,29.25,47.09,YES,0.0,0.0,0.0,0.0,238457.56,238457.56,0.0,0.0,315047.95,2472.09,138.46
2024-06-26,1349,BULL_TRIMMED,BULL_TRIMMED,12.55,543.99,524.2,484.41,28.81,47.81,YES,0.0,0.0,0.0,0.0,236951.55,236951.55,0.0,0.0,313058.23,-1506.01,136.95
2024-06-27,1350,BULL_TRIMMED,BULL_TRIMMED,12.24,547.08,525.04,484.91,28.34,48.22,YES,0.0,0.0,0.0,0.0,240329.68,240329.68,0.0,0.0,317521.39,3378.13,140.33
2024-06-28,1351,BULL_TRIMMED,BULL_TRIMMED,12.44,545.07,525.92,485.4,28.67,47.62,YES,0.0,0.0,0.0,0.0,237924.46,237924.46,0.0,0.0,314343.63,-2405.22,137.92
2024-07-01,1352,BULL_TRIMMED,BULL_TRIMMED,12.22,544.84,526.84,485.89,28.75,49.41,YES,0.0,0.0,0.0,0.0,238095.94,238095.94,0.0,0.0,314570.18,171.48,138.1
2024-07-02,1353,BULL_TRIMMED,BULL_TRIMMED,12.03,548.23,527.91,486.38,28.2,49.91,YES,0.0,0.0,0.0,0.0,241949.84,241949.84,0.0,0.0,319661.92,3853.9,141.95
2024-07-03,1354,BULL_TRIMMED,BULL_TRIMMED,12.09,551.14,528.95,486.92,27.79,49.49,YES,0.0,0.0,0.0,0.0,245148.38,245148.38,0.0,0.0,323887.81,3198.54,145.15
2024-07-05,1355,BULL_TRIMMED,BULL_TRIMMED,12.48,554.11,529.9,487.47,27.36,49.4,YES,0.0,0.0,0.0,0.0,248597.44,248597.44,0.0,0.0,328444.67,3449.06,148.6
2024-07-08,1356,BULL_TRIMMED,BULL_TRIMMED,12.37,556.4,530.98,488.04,27.07,50.21,YES,0.0,0.0,0.0,0.0,251246.05,251246.05,0.0,0.0,331943.99,2648.61,151.25
2024-07-09,1357,BULL_TRIMMED,BULL_TRIMMED,12.51,556.03,531.96,488.63,27.15,50.18,YES,0.0,0.0,0.0,0.0,250619.69,250619.69,0.0,0.0,331116.45,-626.36,150.62
2024-07-10,1358,BULL_TRIMMED,BULL_TRIMMED,12.85,561.06,533.01,489.28,26.43,50.35,YES,0.0,0.0,0.0,0.0,255702.54,255702.54,0.0,0.0,337831.86,5082.85,155.7
2024-07-11,1359,BULL_TRIMMED,BULL_TRIMMED,12.92,556.52,533.94,489.91,27.04,50.13,YES,0.0,0.0,0.0,0.0,248821.95,248821.95,0.0,0.0,328741.29,-6880.59,148.82
2024-07-12,1360,BULL_TRIMMED,BULL_TRIMMED,12.46,559.77,535.11,490.54,26.6,50.8,YES,0.0,0.0,0.0,0.0,252106.33,252106.33,0.0,0.0,333080.58,3284.38,152.11
2024-07-15,1361,BULL_TRIMMED,BULL_TRIMMED,13.12,562.22,536.31,491.22,26.31,50.01,YES,0.0,0.0,0.0,0.0,254571.48,254571.48,0.0,0.0,336337.52,2465.15,154.57
2024-07-16,1362,BULL_TRIMMED,BULL_TRIMMED,13.19,564.4,537.47,491.91,26.02,49.65,YES,0.0,0.0,0.0,0.0,255670.41,255670.41,0.0,0.0,337789.42,1098.93,155.67
2024-07-17,1363,BULL_TRIMMED,BULL_TRIMMED,14.48,558.08,538.38,492.56,26.88,48.02,YES,0.0,0.0,0.0,0.0,247101.3,247101.3,0.0,0.0,326467.99,-8569.11,147.1
2024-07-18,1364,BULL_TRIMMED,BULL_TRIMMED,15.93,553.6,539.12,493.19,27.55,47.04,YES,0.0,0.0,0.0,0.0,242924.63,242924.63,0.0,0.0,320949.81,-4176.67,142.92
2024-07-19,1365,BULL_100,BULL_100,16.52,548.94,539.76,493.8,28.34,45.02,YES,0.0,0.0,0.0,0.0,236616.01,236616.01,0.0,0.0,312614.91,-6308.62,136.62
2024-07-22,1366,BULL_100,BULL_100,14.91,554.28,540.5,494.46,27.46,46.93,YES,0.0,0.0,0.0,0.0,244162.75,244162.75,0.0,0.0,322585.6,7546.74,144.16
2024-07-23,1367,BULL_100,BULL_100,14.72,551.33,541.12,495.1,27.94,47.5,YES,0.0,0.0,0.0,0.0,239844.12,239844.12,0.0,0.0,316879.87,-4318.63,139.84
2024-07-24,1368,BULL_100,BULL_100,18.04,542.5,541.57,495.69,29.25,41.99,YES,0.0,0.0,0.0,0.0,226264.57,226264.57,0.0,0.0,298938.69,-13579.55,126.26
2024-07-25,1369,BULL_100,BULL_100,18.46,539.29,541.94,496.23,29.81,41.1,YES,0.0,0.0,0.0,0.0,221012.73,221012.73,0.0,0.0,292000.0,-5251.84,121.01
2024-07-26,1370,DEFENSIVE_QQQ,DEFENSIVE_QQQ,16.39,544.27,542.35,496.79,29.03,43.01,YES,0.0,0.0,0.0,0.0,226768.37,226768.37,0.0,0.0,299604.31,5755.64,126.77
2024-07-29,1371,DEFENSIVE_QQQ,DEFENSIVE_QQQ,16.6,543.41,542.62,497.34,29.19,43.6,YES,0.0,0.0,0.0,0.0,225592.66,225592.66,0.0,0.0,298050.97,-1175.71,125.59
2024-07-30,1372,DEFENSIVE_QQQ,DEFENSIVE_QQQ,17.69,542.73,542.9,497.86,29.3,42.9,YES,0.0,0.0,0.0,0.0,224184.35,224184.35,0.0,0.0,296190.32,-1408.31,124.18
2024-07-31,1373,DEFENSIVE_QQQ,DEFENSIVE_QQQ,16.36,553.46,543.37,498.46,27.59,44.21,YES,0.0,0.0,0.0,0.0,237149.35,237149.35,0.0,0.0,313319.56,12965.0,137.15
2024-08-01,1374,DEFENSIVE_QQQ,DEFENSIVE_QQQ,18.59,541.12,543.6,499.02,29.48,39.04,YES,0.0,0.0,0.0,0.0,222086.86,222086.86,0.0,0.0,293419.14,-15062.49,122.09
2024-08-02,1375,DEFENSIVE_QQQ,DEFENSIVE_QQQ,23.39,531.21,543.59,499.49,31.13,31.1,YES,0.0,0.0,0.0,0.0,210930.07,210930.07,0.0,0.0,278678.89,-11156.79,110.93
2024-08-05,1376,DEFENSIVE_BOTH,DEFENSIVE_BOTH,38.57,522.88,543.43,499.93,32.62,22.7,YES,0.0,0.0,0.0,0.0,201150.82,201150.82,0.0,0.0,265758.63,-9779.25,101.15
2024-08-06,1377,CASH,CASH_IDLE,27.71,519.95,543.31,500.38,33.11,21.91,YES,0.0,0.0,0.0,0.0,201150.82,201150.82,0.0,0.0,265153.85,-0.0,101.15
2024-08-07,1378,SMA_RECOVERY,SMA_RECOVERY,27.85,516.0,543.04,500.83,34.03,21.25,YES,0.0,0.0,0.0,0.0,192296.34,192296.34,0.0,0.0,253482.02,-8854.48,92.3
2024-08-08,1379,SMA_RECOVERY,SMA_RECOVERY,23.79,531.58,543.09,501.38,30.88,23.92,YES,0.0,0.0,0.0,0.0,207159.43,207159.43,0.0,0.0,273074.3,14863.09,107.16
2024-08-09,1380,SMA_RECOVERY,SMA_RECOVERY,20.37,532.95,543.26,501.94,30.73,26.26,YES,0.0,0.0,0.0,0.0,208061.12,208061.12,0.0,0.0,274262.9,901.69,108.06
2024-08-12,1381,SMA_RECOVERY,SMA_RECOVERY,20.71,533.19,543.49,502.49,30.67,26.58,YES,0.0,0.0,0.0,0.0,208490.0,208490.0,0.0,0.0,274828.24,428.88,108.49
2024-08-13,1382,SMA_RECOVERY,SMA_RECOVERY,18.12,541.97,543.77,503.12,29.18,28.82,YES,0.0,0.0,0.0,0.0,217124.38,217124.38,0.0,0.0,286209.95,8634.38,117.12
2024-08-14,1383,SMA_RECOVERY,SMA_RECOVERY,16.19,543.72,544.09,503.76,28.93,30.5,YES,0.0,0.0,0.0,0.0,218150.04,218150.04,0.0,0.0,287561.95,1025.66,118.15
2024-08-15,1384,SMA_RECOVERY,SMA_RECOVERY,15.23,553.52,544.58,504.48,27.37,31.82,YES,0.0,0.0,0.0,0.0,228485.56,228485.56,0.0,0.0,301186.08,10335.52,128.49
2024-08-16,1385,BULL_100,BULL_100,14.8,553.9,544.96,505.17,27.27,31.55,YES,0.0,0.0,0.0,0.0,228537.2,228537.2,0.0,0.0,301254.14,51.64,128.54
2024-08-19,1386,BULL_100,BULL_100,14.65,559.28,545.45,505.88,26.55,32.5,YES,0.0,0.0,0.0,0.0,235559.45,235559.45,0.0,0.0,310510.76,7022.25,135.56
2024-08-20,1387,BULL_100,BULL_100,15.88,558.55,545.96,506.56,26.69,31.24,YES,0.0,0.0,0.0,0.0,234243.7,234243.7,0.0,0.0,308776.36,-1315.75,134.24
2024-08-21,1388,BULL_100,BULL_100,16.27,561.08,546.48,507.21,26.35,30.81,YES,0.0,0.0,0.0,0.0,237849.19,237849.19,0.0,0.0,313529.07,3605.49,137.85
2024-08-22,1389,BULL_100,BULL_100,17.55,557.07,546.88,507.82,26.94,29.78,YES,0.0,0.0,0.0,0.0,231319.08,231319.08,0.0,0.0,304921.18,-6530.11,131.32
2024-08-23,1390,BULL_100,BULL_100,15.86,562.27,547.28,508.46,26.23,30.84,YES,0.0,0.0,0.0,0.0,237475.16,237475.16,0.0,0.0,313036.02,6156.08,137.48
2024-08-26,1391,BULL_100,BULL_100,16.15,560.23,547.63,509.08,26.51,31.18,YES,0.0,0.0,0.0,0.0,233366.79,233366.79,0.0,0.0,307620.43,-4108.37,133.37
2024-08-27,1392,BULL_100,BULL_100,15.43,560.76,547.99,509.7,26.45,31.72,YES,0.0,0.0,0.0,0.0,233865.75,233865.75,0.0,0.0,308278.16,498.96,133.87
2024-08-28,1393,BULL_100,BULL_100,17.11,554.4,548.13,510.3,27.35,29.65,YES,0.0,0.0,0.0,0.0,224586.5,224586.5,0.0,0.0,296046.39,-9279.25,124.59
2024-08-29,1394,BULL_100,BULL_100,15.65,558.86,548.33,510.9,26.75,31.36,YES,0.0,0.0,0.0,0.0,230589.88,230589.88,0.0,0.0,303959.96,6003.38,130.59
2024-08-30,1395,DEFENSIVE_QQQ,DEFENSIVE_QQQ,15.0,563.46,548.66,511.51,26.13,31.99,YES,0.0,0.0,0.0,0.0,235980.28,235980.28,0.0,0.0,311065.5,5390.4,135.98
2024-09-03,1396,DEFENSIVE_QQQ,DEFENSIVE_QQQ,20.72,551.28,548.79,512.02,27.86,26.0,YES,0.0,0.0,0.0,0.0,221240.64,221240.64,0.0,0.0,291635.93,-14739.64,121.24
2024-09-04,1397,DEFENSIVE_QQQ,DEFENSIVE_QQQ,21.32,550.05,548.93,512.52,28.01,25.25,YES,0.0,0.0,0.0,0.0,219920.43,219920.43,0.0,0.0,289895.66,-1320.21,119.92
2024-09-05,1398,DEFENSIVE_QQQ,DEFENSIVE_QQQ,19.9,549.05,549.02,513.02,28.28,26.0,YES,0.0,0.0,0.0,0.0,219074.85,219074.85,0.0,0.0,288781.03,-845.58,119.07
2024-09-06,1399,DEFENSIVE_QQQ,DEFENSIVE_QQQ,22.38,538.75,548.92,513.46,29.84,24.1,YES,0.0,0.0,0.0,0.0,207426.79,207426.79,0.0,0.0,273426.74,-11648.06,107.43
2024-09-09,1400,DEFENSIVE_QQQ,DEFENSIVE_QQQ,19.45,547.2,548.92,513.92,28.53,25.87,YES,0.0,0.0,0.0,0.0,216044.23,216044.23,0.0,0.0,284786.11,8617.44,116.04
2024-09-10,1401,DEFENSIVE_BOTH,DEFENSIVE_BOTH,19.08,548.31,548.98,514.4,28.37,26.22,YES,0.0,0.0,0.0,0.0,216941.97,216941.97,0.0,0.0,285969.49,897.74,116.94
2024-09-11,1402,DEFENSIVE_BOTH,DEFENSIVE_BOTH,17.69,554.34,549.17,514.9,27.43,27.16,YES,0.0,0.0,0.0,0.0,221335.35,221335.35,0.0,0.0,291760.78,4393.38,121.34
2024-09-12,1403,DEFENSIVE_BOTH,DEFENSIVE_BOTH,17.07,559.26,549.39,515.42,26.69,27.53,YES,0.0,0.0,0.0,0.0,224539.54,224539.54,0.0,0.0,295984.49,3204.19,124.54
2024-09-13,1404,DEFENSIVE_QQQ,DEFENSIVE_QQQ,16.56,561.65,549.6,515.95,26.41,27.55,YES,0.0,0.0,0.0,0.0,226340.79,226340.79,0.0,0.0,298358.87,1801.25,126.34
2024-09-16,1405,BULL_100,BULL_100,17.14,562.5,549.77,516.49,26.3,27.2,YES,0.0,0.0,0.0,0.0,226815.71,226815.71,0.0,0.0,298984.9,474.92,126.82
2024-09-17,1406,BULL_100,BULL_100,17.61,563.49,549.91,517.03,26.18,26.79,YES,0.0,0.0,0.0,0.0,227783.48,227783.48,0.0,0.0,300260.61,967.77,127.78
2024-09-18,1407,BULL_100,BULL_100,18.23,565.11,550.1,517.58,26.0,27.12,YES,0.0,0.0,0.0,0.0,229460.54,229460.54,0.0,0.0,302471.28,1677.06,129.46
2024-09-19,1408,BULL_100,BULL_100,16.33,570.24,550.28,518.13,25.25,28.13,YES,0.0,0.0,0.0,0.0,236615.63,236615.63,0.0,0.0,311903.01,7155.09,136.62
2024-09-20,1409,BULL_100,BULL_100,16.15,568.15,550.51,518.69,25.34,28.27,YES,0.0,0.0,0.0,0.0,235222.84,235222.84,0.0,0.0,310067.05,-1392.79,135.22
2024-09-23,1410,BULL_100,BULL_100,15.89,569.34,550.7,519.26,25.2,28.09,YES,0.0,0.0,0.0,0.0,237154.01,237154.01,0.0,0.0,312612.69,1931.17,137.15
2024-09-24,1411,BULL_100,BULL_100,15.39,571.21,550.88,519.84,24.95,28.2,YES,0.0,0.0,0.0,0.0,240174.49,240174.49,0.0,0.0,316594.24,3020.48,140.17
2024-09-25,1412,BULL_100,BULL_100,15.41,570.97,551.01,520.41,24.55,27.86,YES,0.0,0.0,0.0,0.0,239971.54,239971.54,0.0,0.0,316326.71,-202.95,139.97
2024-09-26,1413,BULL_100,BULL_100,15.37,572.45,551.3,520.97,24.37,27.8,YES,0.0,0.0,0.0,0.0,241902.96,241902.96,0.0,0.0,318872.68,1931.42,141.9
2024-09-27,1414,BULL_100,BULL_100,16.96,570.71,551.64,521.51,24.6,26.4,YES,0.0,0.0,0.0,0.0,238777.39,238777.39,0.0,0.0,314752.61,-3125.57,138.78
2024-09-30,1415,BULL_100,BULL_100,16.73,573.23,552.13,522.05,24.3,26.92,YES,0.0,0.0,0.0,0.0,241296.81,241296.81,0.0,0.0,318073.66,2519.42,141.3
2024-10-01,1416,BULL_100,BULL_100,19.26,567.76,552.4,522.53,25.07,25.05,YES,0.0,0.0,0.0,0.0,233402.98,233402.98,0.0,0.0,307668.14,-7893.83,133.4
2024-10-02,1417,BULL_100,BULL_100,18.9,569.71,552.77,523.02,24.79,25.44,YES,0.0,0.0,0.0,0.0,236136.01,236136.01,0.0,0.0,311270.78,2733.03,136.14
2024-10-03,1418,BULL_100,BULL_100,20.49,567.8,553.27,523.51,25.05,24.48,YES,0.0,0.0,0.0,0.0,234046.09,234046.09,0.0,0.0,308515.88,-2089.92,134.05
2024-10-04,1419,BULL_100,BULL_100,19.21,572.3,553.93,524.02,24.44,25.0,YES,0.0,0.0,0.0,0.0,240095.25,240095.25,0.0,0.0,316489.78,6049.16,140.1
2024-10-07,1420,BULL_100,BULL_100,22.64,567.71,554.4,524.48,25.05,23.14,YES,0.0,0.0,0.0,0.0,233537.35,233537.35,0.0,0.0,307845.26,-6557.9,133.54
2024-10-08,1421,BULL_100,BULL_100,21.42,572.7,554.99,525.0,24.4,23.81,YES,0.0,0.0,0.0,0.0,240617.59,240617.59,0.0,0.0,317178.33,7080.24,140.62
2024-10-09,1422,BULL_100,BULL_100,20.86,577.0,555.67,525.52,23.9,24.3,YES,0.0,0.0,0.0,0.0,245928.09,245928.09,0.0,0.0,324178.55,5310.5,145.93
2024-10-10,1423,BULL_100,BULL_100,20.93,576.77,556.14,526.04,23.93,24.12,YES,0.0,0.0,0.0,0.0,245882.36,245882.36,0.0,0.0,324118.26,-45.73,145.88
2024-10-11,1424,BULL_100,BULL_100,20.46,578.54,556.89,526.55,23.75,24.41,YES,0.0,0.0,0.0,0.0,247265.85,247265.85,0.0,0.0,325941.96,1383.49,147.27
2024-10-14,1425,BULL_100,BULL_100,19.7,584.71,557.96,527.1,22.99,25.44,YES,0.0,0.0,0.0,0.0,254849.41,254849.41,0.0,0.0,335938.49,7583.56,154.85
2024-10-15,1426,BULL_100,BULL_100,20.64,579.81,559.1,527.61,23.59,24.3,YES,0.0,0.0,0.0,0.0,247473.02,247473.02,0.0,0.0,326215.05,-7376.39,147.47
2024-10-16,1427,BULL_100,BULL_100,19.58,581.55,560.33,528.14,23.38,24.73,YES,0.0,0.0,0.0,0.0,248681.4,248681.4,0.0,0.0,327807.91,1208.38,148.68
2024-10-17,1428,BULL_100,BULL_100,19.11,582.9,561.67,528.69,23.25,25.0,YES,0.0,0.0,0.0,0.0,250688.45,250688.45,0.0,0.0,330453.57,2007.05,150.69
2024-10-18,1429,BULL_100,BULL_100,18.03,584.65,562.73,529.27,23.08,25.68,YES,0.0,0.0,0.0,0.0,253128.87,253128.87,0.0,0.0,333670.5,2440.42,153.13
2024-10-21,1430,BULL_100,BULL_100,18.37,583.6,563.74,529.85,23.19,25.64,YES,0.0,0.0,0.0,0.0,252408.3,252408.3,0.0,0.0,332720.66,-720.57,152.41
2024-10-22,1431,BULL_100,BULL_100,18.2,583.07,564.74,530.42,23.27,25.68,YES,0.0,0.0,0.0,0.0,251766.47,251766.47,0.0,0.0,331874.61,-641.83,151.77
2024-10-23,1432,BULL_100,BULL_100,19.24,578.58,565.47,530.94,23.82,24.53,YES,0.0,0.0,0.0,0.0,245158.02,245158.02,0.0,0.0,323163.45,-6608.45,145.16
2024-10-24,1433,BULL_100,BULL_100,19.08,579.25,566.18,531.47,23.73,24.62,YES,0.0,0.0,0.0,0.0,246468.72,246468.72,0.0,0.0,324891.19,1310.7,146.47
2024-10-25,1434,BULL_100,BULL_100,20.33,577.9,566.67,531.98,23.96,23.61,YES,0.0,0.0,0.0,0.0,245715.51,245715.51,0.0,0.0,323898.32,-753.21,145.72
2024-10-28,1435,BULL_100,BULL_100,19.8,580.73,567.21,532.5,23.64,24.77,YES,0.0,0.0,0.0,0.0,248785.01,248785.01,0.0,0.0,327944.49,3069.5,148.79
2024-10-29,1436,BULL_100,BULL_100,19.34,583.07,567.68,533.04,23.35,24.87,YES,0.0,0.0,0.0,0.0,253229.71,253229.71,0.0,0.0,333803.43,4444.7,153.23
2024-10-30,1437,BULL_100,BULL_100,20.35,577.87,568.07,533.55,23.98,24.22,YES,0.0,0.0,0.0,0.0,245256.29,245256.29,0.0,0.0,323292.99,-7973.42,145.26
2024-10-31,1438,BULL_100,BULL_100,23.16,569.34,568.23,534.04,25.01,22.69,YES,0.0,0.0,0.0,0.0,233838.66,233838.66,0.0,0.0,308242.45,-11417.63,133.84
2024-11-01,1439,BULL_100,BULL_100,21.88,570.76,568.51,534.51,24.83,22.84,YES,0.0,0.0,0.0,0.0,236375.47,236375.47,0.0,0.0,311586.43,2536.81,136.38
2024-11-04,1440,BULL_100,BULL_100,21.98,569.76,568.66,534.94,25.04,23.85,YES,0.0,0.0,0.0,0.0,234122.49,234122.49,0.0,0.0,308616.59,-2252.98,134.12
2024-11-05,1441,BULL_100,BULL_100,20.49,576.98,568.99,535.41,24.05,25.11,YES,0.0,0.0,0.0,0.0,243190.84,243190.84,0.0,0.0,320570.35,9068.35,143.19
2024-11-06,1442,BULL_100,BULL_100,16.27,590.87,569.59,535.93,22.36,27.47,YES,0.0,0.0,0.0,0.0,260669.69,260669.69,0.0,0.0,343610.69,17478.85,160.67
2024-11-07,1443,BULL_100,BULL_100,15.2,596.02,570.43,536.49,21.8,28.35,YES,0.0,0.0,0.0,0.0,268889.47,268889.47,0.0,0.0,354445.87,8219.78,168.89
2024-11-08,1444,BULL_100,BULL_100,14.94,598.0,571.21,537.04,21.61,28.36,YES,0.0,0.0,0.0,0.0,270715.63,270715.63,0.0,0.0,356853.09,1826.16,170.72
2024-11-11,1445,BULL_100,BULL_100,14.97,598.25,571.9,537.6,21.58,28.45,YES,0.0,0.0,0.0,0.0,270878.1,270878.1,0.0,0.0,357067.25,162.47,170.88
2024-11-12,1446,BULL_100,BULL_100,14.71,596.39,572.81,538.13,21.82,28.41,YES,0.0,0.0,0.0,0.0,268033.5,268033.5,0.0,0.0,353317.55,-2844.6,168.03
2024-11-13,1447,BULL_100,BULL_100,14.02,597.65,573.76,538.67,21.67,29.22,YES,0.0,0.0,0.0,0.0,269384.34,269384.34,0.0,0.0,355098.21,1350.84,169.38
2024-11-14,1448,BULL_100,BULL_100,14.31,592.44,574.63,539.21,22.25,29.14,YES,0.0,0.0,0.0,0.0,262304.96,262304.96,0.0,0.0,345766.28,-7079.38,162.3
2024-11-15,1449,BULL_100,BULL_100,16.14,585.98,575.57,539.68,23.02,27.31,YES,0.0,0.0,0.0,0.0,251552.6,251552.6,0.0,0.0,331592.68,-10752.36,151.55
2024-11-18,1450,BULL_100,BULL_100,15.58,587.85,576.38,540.15,22.81,28.05,YES,0.0,0.0,0.0,0.0,254310.53,254310.53,0.0,0.0,335228.14,2757.93,154.31
2024-11-19,1451,BULL_100,BULL_100,16.35,590.87,577.24,540.65,22.47,27.39,YES,0.0,0.0,0.0,0.0,258595.28,258595.28,0.0,0.0,340876.24,4284.75,158.6
2024-11-20,1452,BULL_100,BULL_100,17.16,590.61,577.96,541.13,22.61,26.44,YES,0.0,0.0,0.0,0.0,258057.0,258057.0,0.0,0.0,340166.68,-538.28,158.06
2024-11-21,1453,BULL_100,BULL_100,16.87,593.04,578.64,541.61,22.23,26.37,YES,0.0,0.0,0.0,0.0,260312.99,260312.99,0.0,0.0,343140.5,2255.99,160.31
2024-11-22,1454,BULL_100,BULL_100,15.24,596.4,579.33,542.1,21.88,27.53,YES,0.0,0.0,0.0,0.0,264458.89,264458.89,0.0,0.0,348605.56,4145.9,164.46
2024-11-25,1455,BULL_100,BULL_100,14.6,596.29,580.01,542.57,21.97,28.56,YES,0.0,0.0,0.0,0.0,264053.87,264053.87,0.0,0.0,348071.66,-405.02,164.05
2024-11-26,1456,BULL_100,BULL_100,14.1,601.08,580.76,543.08,21.4,28.73,YES,0.0,0.0,0.0,0.0,270177.11,270177.11,0.0,0.0,356143.22,6123.24,170.18
2024-11-27,1457,BULL_100,BULL_100,14.1,599.19,581.44,543.6,21.68,28.91,YES,0.0,0.0,0.0,0.0,266705.26,266705.26,0.0,0.0,351566.68,-3471.85,166.71
2024-11-29,1458,BULL_100,BULL_100,13.51,603.14,582.1,544.12,21.29,29.3,YES,0.0,0.0,0.0,0.0,271786.63,271786.63,0.0,0.0,358264.87,5081.37,171.79
2024-12-02,1459,BULL_100,BULL_100,13.34,603.86,582.81,544.63,21.16,29.65,YES,0.0,0.0,0.0,0.0,274892.9,274892.9,0.0,0.0,362359.5,3106.27,174.89
2024-12-03,1460,BULL_100,BULL_100,13.3,604.48,583.52,545.16,21.12,29.87,YES,0.0,0.0,0.0,0.0,276487.85,276487.85,0.0,0.0,364461.94,1594.95,176.49
2024-12-04,1461,BULL_100,BULL_100,13.45,607.25,584.24,545.71,20.83,29.6,YES,0.0,0.0,0.0,0.0,280998.29,280998.29,0.0,0.0,370407.53,4510.44,181.0
2024-12-05,1462,BULL_100,BULL_100,13.54,606.21,584.94,546.25,20.96,29.44,YES,0.0,0.0,0.0,0.0,279062.65,279062.65,0.0,0.0,367856.0,-1935.64,179.06
2024-12-06,1463,BULL_100,BULL_100,12.77,607.25,585.64,546.74,20.81,29.96,YES,0.0,0.0,0.0,0.0,282063.91,282063.91,0.0,0.0,371812.22,3001.26,182.06
2024-12-09,1464,BULL_100,BULL_100,14.19,604.3,586.31,547.23,21.17,29.57,YES,0.0,0.0,0.0,0.0,277295.23,277295.23,0.0,0.0,365526.21,-4768.68,177.3
2024-12-10,1465,BULL_100,BULL_100,14.18,603.24,586.91,547.72,21.3,29.43,YES,0.0,0.0,0.0,0.0,275722.58,275722.58,0.0,0.0,363453.17,-1572.65,175.72
2024-12-11,1466,BULL_100,BULL_100,13.58,606.91,587.69,548.22,20.92,29.67,YES,0.0,0.0,0.0,0.0,282566.79,282566.79,0.0,0.0,372475.1,6844.21,182.57
2024-12-12,1467,BULL_100,BULL_100,13.92,604.98,588.4,548.72,21.12,29.4,YES,0.0,0.0,0.0,0.0,280373.58,280373.58,0.0,0.0,369584.05,-2193.21,180.37
2024-12-13,1468,BULL_100,BULL_100,13.81,604.07,589.12,549.2,21.27,29.51,YES,0.0,0.0,0.0,0.0,279427.59,279427.59,0.0,0.0,368337.06,-945.99,179.43
2024-12-16,1469,BULL_100,BULL_100,14.69,606.18,589.8,549.67,21.06,28.84,YES,0.0,0.0,0.0,0.0,284800.44,284800.44,0.0,0.0,375419.47,5372.85,184.8
2024-12-17,1470,BULL_100,BULL_100,15.87,603.9,590.52,550.13,21.3,28.25,YES,0.0,0.0,0.0,0.0,281349.78,281349.78,0.0,0.0,370870.86,-3450.66,181.35
2024-12-18,1471,BULL_100,BULL_100,27.62,586.77,590.81,550.53,23.1,24.64,YES,0.0,0.0,0.0,0.0,255947.22,255947.22,0.0,0.0,337385.6,-25402.56,155.95
2024-12-19,1472,BULL_100,BULL_100,24.09,586.15,590.99,550.91,23.18,22.28,YES,0.0,0.0,0.0,0.0,254277.66,254277.66,0.0,0.0,335184.82,-1669.56,154.28
2024-12-20,1473,DEFENSIVE_SPY,DEFENSIVE_SPY,18.36,592.17,591.3,551.3,22.5,24.74,YES,0.0,0.0,0.0,0.0,258832.53,258832.53,0.0,0.0,341188.98,4554.87,158.83
2024-12-23,1474,DEFENSIVE_SPY,DEFENSIVE_SPY,16.78,594.65,591.62,551.71,21.48,26.05,YES,0.0,0.0,0.0,0.0,260756.17,260756.17,0.0,0.0,343724.68,1923.64,160.76
2024-12-24,1475,BULL_100,BULL_100,14.27,601.2,591.95,552.15,20.86,27.25,YES,0.0,0.0,0.0,0.0,269478.38,269478.38,0.0,0.0,355222.17,8722.21,169.48
2024-12-26,1476,BULL_100,BULL_100,14.73,601.16,592.38,552.57,20.86,27.4,YES,0.0,0.0,0.0,0.0,269379.72,269379.72,0.0,0.0,355092.12,-98.66,169.38
2024-12-27,1477,BULL_100,BULL_100,15.95,594.94,592.64,552.97,21.54,26.05,YES,0.0,0.0,0.0,0.0,260316.87,260316.87,0.0,0.0,343145.61,-9062.85,160.32
2024-12-30,1478,BULL_100,BULL_100,17.4,587.76,592.74,553.33,22.32,25.41,YES,0.0,0.0,0.0,0.0,250482.89,250482.89,0.0,0.0,330182.61,-9833.98,150.48
2024-12-31,1479,BULL_100,BULL_100,17.35,586.49,592.78,553.72,22.51,25.23,YES,0.0,0.0,0.0,0.0,247588.51,247588.51,0.0,0.0,326367.29,-2894.38,147.59
2025-01-02,1480,DEFENSIVE_SPY,DEFENSIVE_SPY,17.93,584.23,592.79,554.08,22.78,24.78,YES,0.0,0.0,0.0,0.0,247143.79,247143.79,0.0,0.0,325781.06,-444.72,147.14
2025-01-03,1481,DEFENSIVE_SPY,DEFENSIVE_SPY,16.13,591.82,592.97,554.46,21.95,26.05,YES,0.0,0.0,0.0,0.0,253816.29,253816.29,0.0,0.0,334576.65,6672.5,153.82
2025-01-06,1482,DEFENSIVE_SPY,DEFENSIVE_SPY,16.04,595.74,593.31,554.83,21.47,26.33,YES,0.0,0.0,0.0,0.0,257874.63,257874.63,0.0,0.0,339926.29,4058.34,157.87
2025-01-07,1483,DEFENSIVE_SPY,DEFENSIVE_SPY,17.82,589.15,593.51,555.16,22.26,24.9,YES,0.0,0.0,0.0,0.0,251087.9,251087.9,0.0,0.0,330980.12,-6786.73,151.09
2025-01-08,1484,DEFENSIVE_SPY,DEFENSIVE_SPY,17.7,588.51,593.72,555.5,22.23,24.75,YES,0.0,0.0,0.0,0.0,250066.67,250066.67,0.0,0.0,329633.95,-1021.23,150.07
2025-01-10,1485,DEFENSIVE_SPY,DEFENSIVE_SPY,19.54,579.94,593.7,555.79,23.32,23.26,YES,0.0,0.0,0.0,0.0,243124.48,243124.48,0.0,0.0,320482.87,-6942.19,143.12
2025-01-13,1486,DEFENSIVE_SPY,DEFENSIVE_SPY,19.19,583.46,593.71,556.11,22.9,23.79,YES,0.0,0.0,0.0,0.0,245071.14,245071.14,0.0,0.0,323048.93,1946.66,145.07
2025-01-14,1487,DEFENSIVE_BOTH,DEFENSIVE_BOTH,18.71,582.56,593.8,556.41,23.02,24.06,YES,0.0,0.0,0.0,0.0,244599.05,244599.05,0.0,0.0,322426.62,-472.09,144.6
2025-01-15,1488,DEFENSIVE_BOTH,DEFENSIVE_BOTH,16.12,593.2,594.28,556.76,21.8,25.93,YES,0.0,0.0,0.0,0.0,251569.25,251569.25,0.0,0.0,331614.63,6970.2,151.57
2025-01-16,1489,DEFENSIVE_BOTH,DEFENSIVE_BOTH,16.6,591.44,594.7,557.11,21.99,25.87,YES,0.0,0.0,0.0,0.0,249872.28,249872.28,0.0,0.0,329377.71,-1696.97,149.87
2025-01-17,1490,DEFENSIVE_BOTH,DEFENSIVE_BOTH,15.97,597.58,595.25,557.51,21.35,25.9,YES,0.0,0.0,0.0,0.0,254237.21,254237.21,0.0,0.0,335131.49,4364.93,154.24
2025-01-21,1491,DEFENSIVE_BOTH,DEFENSIVE_BOTH,15.06,603.88,595.79,557.92,20.66,26.98,YES,0.0,0.0,0.0,0.0,258411.71,258411.71,0.0,0.0,340634.26,4174.5,158.41
2025-01-22,1492,BULL_100,BULL_100,15.1,605.97,596.09,558.39,20.45,26.41,YES,0.0,0.0,0.0,0.0,260654.89,260654.89,0.0,0.0,343591.18,2243.18,160.65
2025-01-23,1493,BULL_100,BULL_100,15.02,609.15,596.35,558.84,20.15,27.01,YES,0.0,0.0,0.0,0.0,264088.78,264088.78,0.0,0.0,348117.68,3433.89,164.09
2025-01-24,1494,BULL_100,BULL_100,14.85,607.58,596.55,559.28,20.29,27.19,YES,0.0,0.0,0.0,0.0,261225.03,261225.03,0.0,0.0,344342.73,-2863.75,161.23
2025-01-27,1495,BULL_100,BULL_100,17.9,599.96,596.58,559.69,21.09,25.47,YES,0.0,0.0,0.0,0.0,248920.38,248920.38,0.0,0.0,328122.94,-12304.65,148.92
2025-01-28,1496,BULL_100,BULL_100,16.41,603.8,596.73,560.14,20.7,26.0,YES,0.0,0.0,0.0,0.0,254261.73,254261.73,0.0,0.0,335163.82,5341.35,154.26
2025-01-29,1497,BULL_100,BULL_100,16.56,601.91,596.81,560.56,20.88,26.25,YES,0.0,0.0,0.0,0.0,252200.09,252200.09,0.0,0.0,332446.19,-2061.64,152.2
2025-01-30,1498,BULL_100,BULL_100,15.84,605.93,597.08,561.04,20.49,26.25,YES,0.0,0.0,0.0,0.0,257298.84,257298.84,0.0,0.0,339167.29,5098.75,157.3
2025-01-31,1499,BULL_100,BULL_100,16.43,600.7,597.38,561.52,20.99,25.49,YES,0.0,0.0,0.0,0.0,251808.99,251808.99,0.0,0.0,331930.65,-5489.85,151.81
2025-02-03,1500,BULL_100,BULL_100,18.62,600.78,597.64,562.0,21.01,25.5,YES,0.0,0.0,0.0,0.0,251460.65,251460.65,0.0,0.0,331471.48,-348.34,151.46
2025-02-04,1501,BULL_100,BULL_100,17.21,599.8,597.82,562.49,21.16,25.4,YES,0.0,0.0,0.0,0.0,250094.07,250094.07,0.0,0.0,329670.08,-1366.58,150.09
2025-02-05,1502,BULL_100,BULL_100,15.77,604.49,598.09,563.02,20.66,26.09,YES,0.0,0.0,0.0,0.0,256225.46,256225.46,0.0,0.0,337752.38,6131.39,156.23
2025-02-06,1503,BULL_100,BULL_100,15.5,605.55,598.34,563.57,20.56,26.11,YES,0.0,0.0,0.0,0.0,257440.77,257440.77,0.0,0.0,339354.38,1215.31,157.44
2025-02-07,1504,BULL_100,BULL_100,16.54,600.62,598.43,564.08,21.08,25.45,YES,0.0,0.0,0.0,0.0,250433.25,250433.25,0.0,0.0,330117.17,-7007.52,150.43
2025-02-10,1505,BULL_100,BULL_100,15.81,603.68,598.58,564.56,20.78,26.12,YES,0.0,0.0,0.0,0.0,255125.48,255125.48,0.0,0.0,336302.4,4692.23,155.13
2025-02-11,1506,BULL_100,BULL_100,16.02,605.33,598.66,565.08,20.62,26.02,YES,0.0,0.0,0.0,0.0,256828.47,256828.47,0.0,0.0,338547.25,1702.99,156.83
2025-02-12,1507,BULL_100,BULL_100,15.89,604.53,598.77,565.57,20.7,26.05,YES,0.0,0.0,0.0,0.0,256654.51,256654.51,0.0,0.0,338317.94,-173.96,156.65
2025-02-13,1508,BULL_100,BULL_100,15.1,609.57,598.9,566.07,20.19,26.5,YES,0.0,0.0,0.0,0.0,263112.57,263112.57,0.0,0.0,346830.85,6458.06,163.11
2025-02-14,1509,BULL_100,BULL_100,14.77,609.65,599.01,566.57,20.21,26.54,YES,0.0,0.0,0.0,0.0,264021.71,264021.71,0.0,0.0,348029.27,909.14,164.02
2025-02-18,1510,BULL_100,BULL_100,15.35,611.44,599.15,567.12,20.07,26.805,YES,0.0,0.0,0.0,0.0,266112.73,266112.73,0.0,0.0,350785.62,2091.02,166.11
2025-02-19,1511,BULL_100,BULL_100,15.27,612.02,599.25,567.67,20.0,26.82,YES,0.0,0.0,0.0,0.0,266361.44,266361.44,0.0,0.0,351113.47,248.71,166.36
2025-02-20,1512,BULL_100,BULL_100,15.66,610.42,599.33,568.19,20.16,26.88,YES,0.0,0.0,0.0,0.0,264310.27,264310.27,0.0,0.0,348409.65,-2051.17,164.31
2025-02-21,1513,BULL_100,BULL_100,18.21,600.16,599.19,568.63,21.23,25.31,YES,0.0,0.0,0.0,0.0,249982.36,249982.36,0.0,0.0,329522.82,-14327.91,149.98
2025-02-24,1514,BULL_100,BULL_100,18.98,597.09,599.04,569.03,21.56,24.9,YES,0.0,0.0,0.0,0.0,244088.34,244088.34,0.0,0.0,321753.41,-5894.02,144.09
2025-02-25,1515,BULL_100,BULL_100,19.43,595.63,598.89,569.42,21.73,24.88,YES,0.0,0.0,0.0,0.0,241690.16,241690.16,0.0,0.0,318592.17,-2398.18,141.69
2025-02-26,1516,DEFENSIVE_BOTH,DEFENSIVE_BOTH,19.1,595.07,598.66,569.81,21.8,25.4,YES,0.0,0.0,0.0,0.0,241925.41,241925.41,0.0,0.0,318902.28,235.25,141.93
2025-02-27,1517,DEFENSIVE_BOTH,DEFENSIVE_BOTH,21.13,586.05,598.28,570.14,22.79,24.19,YES,0.0,0.0,0.0,0.0,235677.23,235677.23,0.0,0.0,310666.02,-6248.18,135.68
2025-02-28,1518,DEFENSIVE_BOTH,DEFENSIVE_BOTH,19.63,593.81,598.07,570.51,21.9,24.29,YES,0.0,0.0,0.0,0.0,239896.24,239896.24,0.0,0.0,316227.45,4219.01,139.9
2025-03-03,1519,DEFENSIVE_BOTH,DEFENSIVE_BOTH,22.78,584.63,597.64,570.83,22.91,22.61,YES,0.0,0.0,0.0,0.0,234013.16,234013.16,0.0,0.0,308472.47,-5883.08,134.01
2025-03-04,1520,DEFENSIVE_BOTH,DEFENSIVE_BOTH,23.51,580.97,597.18,571.12,23.29,22.36,YES,0.0,0.0,0.0,0.0,232791.15,232791.15,0.0,0.0,306861.63,-1222.01,132.79
2025-03-05,1521,DEFENSIVE_BOTH,DEFENSIVE_BOTH,21.93,582.5,597.1,571.38,23.18,22.59,YES,0.0,0.0,0.0,0.0,233407.24,233407.24,0.0,0.0,307673.76,616.09,133.41
2025-03-06,1522,DEFENSIVE_BOTH,DEFENSIVE_BOTH,24.87,574.29,596.86,571.6,24.1,20.64,YES,0.0,0.0,0.0,0.0,228055.69,228055.69,0.0,0.0,300619.43,-5351.55,128.06
2025-03-07,1523,DEFENSIVE_BOTH,DEFENSIVE_BOTH,23.37,574.85,596.51,571.83,24.02,21.0,YES,0.0,0.0,0.0,0.0,228238.52,228238.52,0.0,0.0,300860.43,182.83,128.24
2025-03-10,1524,DEFENSIVE_BOTH,DEFENSIVE_BOTH,27.86,558.5,595.79,571.97,26.16,18.85,YES,0.0,0.0,0.0,0.0,217856.55,217856.55,0.0,0.0,287175.08,-10381.97,117.86
2025-03-11,1525,CASH,CASH_IDLE,26.92,557.88,594.92,572.11,26.29,18.97,YES,0.0,0.0,0.0,0.0,217856.55,217856.55,0.0,0.0,289568.11,-0.0,117.86
2025-03-12,1526,CASH,CASH_IDLE,24.23,560.59,594.11,572.25,26.12,19.79,YES,0.0,0.0,0.0,0.0,217856.55,217856.55,0.0,0.0,289568.11,-0.0,117.86
2025-03-13,1527,CASH,CASH_IDLE,24.66,554.13,593.3,572.39,26.8,19.12,YES,0.0,0.0,0.0,0.0,217856.55,217856.55,0.0,0.0,289568.11,-0.0,117.86
2025-03-14,1528,CASH,CASH_IDLE,21.77,562.13,592.78,572.56,25.55,20.36,YES,0.0,0.0,0.0,0.0,217856.55,217856.55,0.0,0.0,289568.11,-0.0,117.86
2025-03-17,1529,CASH,CASH_IDLE,20.51,567.11,592.4,572.75,24.95,21.39,YES,0.0,0.0,0.0,0.0,217856.55,217856.55,0.0,0.0,289568.11,-0.0,117.86
2025-03-18,1530,CASH,CASH_IDLE,21.7,561.23,591.94,572.93,25.78,20.78,YES,0.0,0.0,0.0,0.0,217856.55,217856.55,0.0,0.0,289568.11,-0.0,117.86
2025-03-19,1531,CASH,CASH_IDLE,19.9,568.75,591.47,573.17,24.8,21.66,YES,0.0,0.0,0.0,0.0,217856.55,217856.55,0.0,0.0,289568.11,-0.0,117.86
2025-03-20,1532,CASH,CASH_IDLE,19.8,565.69,590.87,573.35,25.15,21.85,YES,0.0,0.0,0.0,0.0,217856.55,217856.55,0.0,0.0,289568.11,-0.0,117.86
2025-03-21,1533,CASH,CASH_IDLE,19.28,565.11,590.39,573.54,25.14,21.85,YES,0.0,0.0,0.0,0.0,217856.55,217856.55,0.0,0.0,289568.11,-0.0,117.86
2025-03-24,1534,CASH,CASH_IDLE,17.48,573.81,590.1,573.77,23.88,23.08,YES,0.0,0.0,0.0,0.0,217856.55,217856.55,0.0,0.0,289568.11,-0.0,117.86
2025-03-25,1535,SMA_RECOVERY,SMA_RECOVERY,17.15,575.98,590.02,573.97,23.63,23.06,YES,0.0,0.0,0.0,0.0,220533.13,220533.13,0.0,0.0,293125.74,2676.58,120.53
2025-03-26,1536,SMA_RECOVERY,SMA_RECOVERY,18.33,567.5,589.7,574.14,24.43,22.07,YES,0.0,0.0,0.0,0.0,211905.96,211905.96,0.0,0.0,281658.77,-8627.17,111.91
2025-03-27,1537,CASH,CASH_IDLE,18.69,566.58,589.38,574.3,24.56,22.22,YES,0.0,0.0,0.0,0.0,211905.96,211905.96,0.0,0.0,282034.84,-0.0,111.91
2025-03-28,1538,CASH,CASH_IDLE,21.65,554.15,588.6,574.4,26.26,20.06,YES,0.0,0.0,0.0,0.0,211905.96,211905.96,0.0,0.0,282034.84,-0.0,111.91
2025-03-31,1539,CASH,CASH_IDLE,22.28,557.04,587.91,574.5,25.83,19.95,YES,0.0,0.0,0.0,0.0,211905.96,211905.96,0.0,0.0,282034.84,-0.0,111.91
2025-04-01,1540,CASH,CASH_IDLE,21.77,561.77,587.2,574.6,25.15,20.22,YES,0.0,0.0,0.0,0.0,211905.96,211905.96,0.0,0.0,282034.84,-0.0,111.91
2025-04-02,1541,CASH,CASH_IDLE,21.51,544.84,586.01,574.61,27.41,18.15,YES,0.0,0.0,0.0,0.0,211905.96,211905.96,0.0,0.0,282034.84,-0.0,111.91
2025-04-03,1542,CASH,CASH_IDLE,30.02,536.2,584.62,574.57,28.57,16.4,YES,0.0,0.0,0.0,0.0,211905.96,211905.96,0.0,0.0,282034.84,-0.0,111.91
2025-04-04,1543,CASH,CASH_SPXU,45.31,505.67,582.55,574.36,33.55,12.8,YES,3652.2916,0.0,122534.38,0.0,105740.07,228274.46,0.5368,53.7,282034.84,16368.5,128.27
2025-04-07,1544,CASH,CASH_SPXU,46.98,509.58,580.59,574.17,32.68,13.45,YES,3652.2916,0.0,119356.89,0.0,105740.07,225096.96,0.5302,53.0,282034.84,-3177.5,125.1
2025-04-08,1545,CASH,CASH_SPXU,52.33,490.6,578.4,573.89,36.63,10.29,YES,3652.2916,0.0,133783.44,0.0,105740.07,239523.51,0.5585,55.9,282034.84,14426.55,139.52
2025-04-09,1546,CASH,CASH_SPXU,33.62,545.76,577.24,573.89,24.95,13.11,YES,3652.2916,0.0,91124.67,0.0,105740.07,196864.75,0.4629,46.3,282034.84,-42658.76,96.86
2025-04-10,1547,CASH,CASH_SPXU,40.72,522.02,575.64,573.79,28.36,10.21,YES,3652.2916,0.0,103578.99,0.0,105740.07,209319.06,0.4948,49.5,282034.84,12454.31,109.32
2025-04-11,1548,CASH,CASH_SPXU,37.56,534.2,574.21,573.74,26.56,10.65,YES,3652.2916,0.0,97004.86,0.0,105740.07,202744.94,0.4785,47.8,282034.84,-6574.12,102.74
2025-04-14,1549,CASH,CASH_SPXU,30.89,536.79,572.93,573.7,26.07,11.46,YES,3652.2916,0.0,95215.24,0.0,105740.07,200955.31,0.4738,47.4,282034.84,-1789.63,100.96
2025-04-15,1550,CASH,CASH_SPXU_SVIX,30.12,533.61,571.59,573.63,26.56,11.48,YES,3652.2916,1696.6104,97004.86,19477.09,85424.03,201905.98,0.5769,57.7,282034.84,950.67,101.91
2025-04-16,1551,CASH,CASH_SPXU_SVIX,32.64,525.87,570.11,573.54,27.7,11.2,YES,3652.2916,1696.6104,101168.48,19002.04,85424.03,205594.54,0.5845,58.5,282034.84,3688.56,105.59
2025-04-17,1552,CASH,CASH_SPXU_SVIX,29.65,527.05,568.56,573.45,27.61,11.37,YES,3652.2916,1696.6104,100839.77,19290.46,85424.03,205554.26,0.5844,58.4,282034.84,-40.28,105.55
2025-04-21,1553,CASH,CASH_SVIX,33.82,516.07,566.77,573.29,29.34,10.62,YES,0.0,1696.6104,0.0,18018.0,189523.86,207541.86,0.0868,8.7,282034.84,1987.6,107.54
2025-04-22,1554,CASH,CASH_SPXU_SVIX,30.57,536.6,565.49,573.21,25.89,11.82,YES,3630.9389,1696.6104,94005.01,20053.93,84524.38,198583.33,0.5744,57.4,282034.84,-8958.53,98.58
2025-04-23,1555,CASH,CASH_SPXU_SVIX,28.45,536.87,564.15,573.13,25.87,11.71,YES,3630.9389,1696.6104,93932.39,19867.31,84524.38,198324.08,0.5738,57.4,282034.84,-259.25,98.32
2025-04-24,1556,CASH,CASH_SVIX,26.47,548.42,563.02,573.09,24.23,12.3,YES,0.0,1696.6104,0.0,20868.31,180333.4,201201.71,0.1037,10.4,282034.84,2877.63,101.2
2025-04-25,1557,CASH,CASH_SVIX,24.84,551.15,561.95,573.06,23.95,12.59,YES,0.0,1696.6104,0.0,21360.32,180333.4,201693.73,0.1059,10.6,282034.84,492.02,101.69
2025-04-28,1558,CASH,CASH_SVIX,25.15,550.95,560.78,573.01,23.91,12.46,YES,0.0,1696.6104,0.0,21139.76,180333.4,201473.17,0.1049,10.5,282034.84,-220.56,101.47
2025-04-29,1559,CASH,CASH_SVIX,24.17,552.99,559.64,572.99,23.69,12.64,YES,0.0,1696.6104,0.0,21445.15,180333.4,201778.56,0.1063,10.6,282034.84,305.39,101.78
2025-04-30,1560,CASH,CASH_SVIX,24.7,559.2,558.6,572.99,22.88,12.62,YES,0.0,1696.6104,0.0,21411.22,180333.4,201744.63,0.1061,10.6,282034.84,-33.93,101.74
2025-05-01,1561,CASH,CASH_SVIX,24.6,557.18,557.5,572.97,23.15,12.49,YES,0.0,1696.6104,0.0,21190.66,180333.4,201524.07,0.1052,10.5,282034.84,-220.56,101.52
2025-05-02,1562,CASH,CASH_SVIX,22.68,566.9,556.63,572.98,22.0,13.08,YES,0.0,1696.6104,0.0,22191.66,180333.4,202525.07,0.1096,11.0,282034.84,1001.0,102.53
2025-05-05,1563,CASH,CASH_SVIX,23.64,562.87,555.88,573.0,22.47,12.8,YES,0.0,1696.6104,0.0,21716.61,180333.4,202050.02,0.1075,10.7,282034.84,-475.05,102.05
2025-05-06,1564,CASH,CASH_SVIX,24.76,563.33,555.21,573.05,22.44,12.42,YES,0.0,1696.6104,0.0,21071.9,180333.4,201405.31,0.1046,10.5,282034.84,-644.71,101.41
2025-05-07,1565,CASH,CASH_SVIX,23.55,561.07,554.52,573.11,22.69,12.64,YES,0.0,1696.6104,0.0,21445.15,180333.4,201778.56,0.1063,10.6,282034.84,373.25,101.78
2025-05-08,1566,CASH,CASH_SVIX,22.48,564.34,553.9,573.16,22.34,13.13,YES,0.0,1696.6104,0.0,22276.49,180333.4,202609.9,0.1099,11.0,282034.84,831.34,102.61
2025-05-09,1567,CASH,CASH_SVIX,21.9,564.97,553.48,573.23,22.32,13.2,YES,0.0,1696.6104,0.0,22395.26,180333.4,202728.66,0.1105,11.0,282034.84,118.76,102.73
2025-05-12,1568,CASH,CASH_SVIX,18.39,582.16,553.25,573.43,20.22,14.98,YES,0.0,1696.6104,0.0,25415.22,180333.4,205748.63,0.1235,12.4,282034.84,3019.97,105.75
2025-05-13,1569,SMA_RECOVERY,SMA_RECOVERY,18.22,587.35,553.3,573.67,19.7,14.96,YES,0.0,0.0,0.0,0.0,212192.05,212192.05,0.0,0.0,290867.32,6443.42,112.19
2025-05-14,1570,BULL_100,BULL_100,18.62,586.08,553.41,573.88,19.83,14.7,YES,0.0,0.0,0.0,0.0,211706.89,211706.89,0.0,0.0,290202.27,-485.16,111.71
2025-05-15,1571,BULL_100,BULL_100,17.83,590.07,553.56,574.11,19.43,14.93,YES,0.0,0.0,0.0,0.0,215196.63,215196.63,0.0,0.0,294985.91,3489.74,115.2
2025-05-16,1572,BULL_100,BULL_100,17.24,588.25,553.84,574.34,19.55,14.54,YES,0.0,0.0,0.0,0.0,212098.52,212098.52,0.0,0.0,290739.11,-3098.11,112.1
2025-05-19,1573,BULL_100,BULL_100,18.14,595.34,554.25,574.55,18.95,14.88,YES,0.0,0.0,0.0,0.0,220140.77,220140.77,0.0,0.0,301763.21,8042.25,120.14
2025-05-20,1574,BULL_100,BULL_100,18.09,592.35,554.92,574.81,19.28,15.0,YES,0.0,0.0,0.0,0.0,216762.78,216762.78,0.0,0.0,297132.75,-3377.99,116.76
2025-05-21,1575,BULL_100,BULL_100,20.87,583.08,555.43,575.06,20.18,13.88,YES,0.0,0.0,0.0,0.0,207122.77,207122.77,0.0,0.0,283918.48,-9640.01,107.12
2025-05-22,1576,BULL_100,BULL_100,20.28,583.18,555.88,575.37,20.17,14.11,YES,0.0,0.0,0.0,0.0,206726.57,206726.57,0.0,0.0,283375.38,-396.2,106.73
2025-05-23,1577,BULL_100,BULL_100,22.29,579.0,556.38,575.66,20.64,13.17,YES,0.0,0.0,0.0,0.0,202193.18,202193.18,0.0,0.0,277161.13,-4533.39,102.19
2025-05-27,1578,BULL_100,BULL_100,18.96,591.33,556.96,576.04,19.34,14.51,YES,0.0,0.0,0.0,0.0,215618.97,215618.97,0.0,0.0,295564.85,13425.79,115.62
2025-05-28,1579,BULL_100,BULL_100,19.31,596.6,557.55,576.36,18.8,14.66,YES,0.0,0.0,0.0,0.0,221223.32,221223.32,0.0,0.0,303247.15,5604.35,121.22
2025-05-29,1580,BULL_100,BULL_100,19.18,588.29,558.09,576.64,19.58,14.24,YES,0.0,0.0,0.0,0.0,211748.79,211748.79,0.0,0.0,290259.71,-9474.53,111.75
2025-05-30,1581,BULL_100,BULL_100,18.57,588.39,558.48,576.92,19.64,14.195,YES,0.0,0.0,0.0,0.0,211212.91,211212.91,0.0,0.0,289525.14,-535.88,111.21
2025-06-02,1582,BULL_100,BULL_100,18.36,591.5,559.0,577.16,19.36,14.4,YES,0.0,0.0,0.0,0.0,215476.14,215476.14,0.0,0.0,295369.06,4263.23,115.48
2025-06-03,1583,BULL_100,BULL_100,17.69,596.35,559.62,577.43,18.91,14.64,YES,0.0,0.0,0.0,0.0,221087.48,221087.48,0.0,0.0,303060.94,5611.34,121.09
2025-06-04,1584,BULL_100,BULL_100,17.61,595.42,560.06,577.64,18.99,14.65,YES,0.0,0.0,0.0,0.0,220483.97,220483.97,0.0,0.0,302233.66,-603.51,120.48
2025-06-05,1585,BULL_100,BULL_100,18.48,592.82,560.39,577.83,19.23,14.25,YES,0.0,0.0,0.0,0.0,216868.53,216868.53,0.0,0.0,297277.71,-3615.44,116.87
2025-06-06,1586,BULL_100,BULL_100,16.77,599.71,561.04,578.03,18.64,14.99,YES,0.0,0.0,0.0,0.0,224167.84,224167.84,0.0,0.0,307283.41,7299.31,124.17
2025-06-09,1587,BULL_100,BULL_100,17.16,599.92,561.71,578.24,18.6,15.13,YES,0.0,0.0,0.0,0.0,224555.53,224555.53,0.0,0.0,307814.85,387.69,124.56
2025-06-10,1588,BULL_100,BULL_100,16.95,602.58,562.67,578.45,18.32,15.18,YES,0.0,0.0,0.0,0.0,227616.09,227616.09,0.0,0.0,312010.18,3060.56,127.62
2025-06-11,1589,BULL_100,BULL_100,17.26,600.47,563.54,578.66,18.55,15.04,YES,0.0,0.0,0.0,0.0,225144.76,225144.76,0.0,0.0,308622.55,-2471.33,125.14
2025-06-12,1590,BULL_100,BULL_100,18.02,600.2,564.31,578.85,18.59,14.9,YES,0.0,0.0,0.0,0.0,224331.15,224331.15,0.0,0.0,307507.28,-813.61,124.33
2025-06-13,1591,BULL_100,BULL_100,20.82,597.46,565.36,579.04,18.93,13.84,YES,0.0,0.0,0.0,0.0,220659.36,220659.36,0.0,0.0,302474.08,-3671.79,120.66
2025-06-16,1592,BULL_100,BULL_100,19.11,598.95,566.62,579.23,18.72,14.31,YES,0.0,0.0,0.0,0.0,223032.13,223032.13,0.0,0.0,305726.61,2372.77,123.03
2025-06-17,1593,BULL_100,BULL_100,21.6,596.09,568.43,579.44,18.96,13.81,YES,0.0,0.0,0.0,0.0,219709.54,219709.54,0.0,0.0,301172.09,-3322.59,119.71
2025-06-18,1594,BULL_100,BULL_100,20.14,597.19,570.18,579.63,18.91,14.19,YES,0.0,0.0,0.0,0.0,220722.89,220722.89,0.0,0.0,302561.17,1013.35,120.72
2025-06-20,1595,BULL_100,BULL_100,20.62,595.45,572.28,579.79,18.98,14.06,YES,0.0,0.0,0.0,0.0,219677.77,219677.77,0.0,0.0,301128.54,-1045.12,119.68
2025-06-23,1596,BULL_100,BULL_100,19.83,603.45,573.43,580.05,18.18,14.63,YES,0.0,0.0,0.0,0.0,229422.42,229422.42,0.0,0.0,314486.26,9744.65,129.42
2025-06-24,1597,BULL_100,BULL_100,17.48,606.9,575.13,580.34,17.89,15.06,YES,0.0,0.0,0.0,0.0,233365.74,233365.74,0.0,0.0,319891.66,3943.32,133.37
2025-06-25,1598,BULL_100,BULL_100,16.76,607.07,576.58,580.63,17.67,15.29,YES,0.0,0.0,0.0,0.0,233466.93,233466.93,0.0,0.0,320030.37,101.19,133.47
2025-06-26,1599,BULL_100,BULL_100,16.59,612.05,578.09,580.99,17.24,15.39,YES,0.0,0.0,0.0,0.0,239340.73,239340.73,0.0,0.0,328082.01,5873.8,139.34
2025-06-27,1600,BULL_100,BULL_100,16.32,613.58,579.69,581.32,17.13,15.42,YES,0.0,0.0,0.0,0.0,241470.26,241470.26,0.0,0.0,331001.12,2129.53,141.47
2025-06-30,1601,BULL_100,BULL_100,16.73,617.64,581.52,581.67,16.82,15.42,YES,0.0,0.0,0.0,0.0,245329.31,245329.31,0.0,0.0,336291.0,3859.05,145.33
2025-07-01,1602,BULL_100,BULL_100,16.83,617.87,583.34,581.99,16.8,15.53,YES,0.0,0.0,0.0,0.0,244247.17,244247.17,0.0,0.0,334807.63,-1082.14,144.25
2025-07-02,1603,BULL_100,BULL_100,16.64,620.58,585.43,582.3,16.59,15.59,YES,0.0,0.0,0.0,0.0,247789.04,247789.04,0.0,0.0,339662.74,3541.87,147.79
2025-07-03,1604,BULL_100,BULL_100,16.38,625.01,587.2,582.61,16.26,15.68,YES,0.0,0.0,0.0,0.0,252995.1,252995.1,0.0,0.0,346799.07,5206.06,153.0
2025-07-07,1605,BULL_TRIMMED,BULL_TRIMMED,17.79,620.0,588.86,582.9,16.66,15.5,YES,0.0,0.0,0.0,0.0,247781.27,247781.27,0.0,0.0,339652.09,-5213.83,147.78
2025-07-08,1606,BULL_TRIMMED,BULL_TRIMMED,16.81,620.35,590.3,583.18,16.65,15.95,YES,0.0,0.0,0.0,0.0,248175.73,248175.73,0.0,0.0,340192.8,394.46,148.18
2025-07-09,1607,BULL_TRIMMED,BULL_TRIMMED,15.94,623.71,591.75,583.48,16.38,16.33,YES,0.0,0.0,0.0,0.0,251311.86,251311.86,0.0,0.0,344491.73,3136.13,151.31
2025-07-10,1608,BULL_TRIMMED,BULL_TRIMMED,15.78,626.06,593.25,583.76,16.18,16.57,YES,0.0,0.0,0.0,0.0,252838.81,252838.81,0.0,0.0,346584.83,1526.95,152.84
2025-07-11,1609,BULL_TRIMMED,BULL_TRIMMED,16.4,623.01,594.65,584.03,16.4,16.4,YES,0.0,0.0,0.0,0.0,250063.43,250063.43,0.0,0.0,342780.41,-2775.38,150.06
2025-07-14,1610,BULL_TRIMMED,BULL_TRIMMED,17.2,624.11,595.95,584.3,16.39,16.26,YES,0.0,0.0,0.0,0.0,251143.12,251143.12,0.0,0.0,344260.42,1079.69,151.14
2025-07-15,1611,BULL_TRIMMED,BULL_TRIMMED,17.38,621.0,597.23,584.55,16.63,16.19,YES,0.0,0.0,0.0,0.0,249080.95,249080.95,0.0,0.0,341433.66,-2062.17,149.08
2025-07-16,1612,BULL_TRIMMED,BULL_TRIMMED,17.16,623.21,598.36,584.81,16.46,16.17,YES,0.0,0.0,0.0,0.0,250667.35,250667.35,0.0,0.0,343608.25,1586.4,150.67
2025-07-17,1613,BULL_TRIMMED,BULL_TRIMMED,16.52,628.67,599.67,585.1,16.04,16.205,YES,0.0,0.0,0.0,0.0,255938.72,255938.72,0.0,0.0,350834.11,5271.37,155.94
2025-07-18,1614,BULL_TRIMMED,BULL_TRIMMED,16.41,627.69,600.96,585.38,16.14,16.47,YES,0.0,0.0,0.0,0.0,254663.9,254663.9,0.0,0.0,349086.61,-1274.82,154.66
2025-07-21,1615,BULL_TRIMMED,BULL_TRIMMED,16.65,629.04,602.32,585.66,16.05,16.55,YES,0.0,0.0,0.0,0.0,256369.36,256369.36,0.0,0.0,351424.42,1705.46,156.37
2025-07-22,1616,BULL_TRIMMED,BULL_TRIMMED,16.5,630.57,603.64,585.97,15.97,16.66,YES,0.0,0.0,0.0,0.0,256800.04,256800.04,0.0,0.0,352014.78,430.68,156.8
2025-07-23,1617,BULL_TRIMMED,BULL_TRIMMED,15.37,634.58,605.03,586.3,15.63,17.35,YES,0.0,0.0,0.0,0.0,260425.66,260425.66,0.0,0.0,356984.69,3625.62,160.43
2025-07-24,1618,BULL_TRIMMED,BULL_TRIMMED,15.39,635.45,606.1,586.64,15.57,17.34,YES,0.0,0.0,0.0,0.0,260962.13,260962.13,0.0,0.0,357720.06,536.47,160.96
2025-07-25,1619,BULL_TRIMMED,BULL_TRIMMED,14.93,637.5,607.1,586.96,15.48,17.48,YES,0.0,0.0,0.0,0.0,262403.22,262403.22,0.0,0.0,359695.47,1441.09,162.4
2025-07-28,1620,BULL_TRIMMED,BULL_TRIMMED,15.03,637.36,608.13,587.31,15.46,18.03,YES,0.0,0.0,0.0,0.0,262932.89,262932.89,0.0,0.0,360421.53,529.67,162.93
2025-07-29,1621,BULL_TRIMMED,BULL_TRIMMED,15.98,635.31,609.03,587.62,15.61,17.45,YES,0.0,0.0,0.0,0.0,261249.51,261249.51,0.0,0.0,358114.0,-1683.38,161.25
2025-07-30,1622,BULL_TRIMMED,BULL_TRIMMED,15.48,638.94,610.05,587.93,15.35,17.75,YES,0.0,0.0,0.0,0.0,265360.05,265360.05,0.0,0.0,363748.62,4110.54,165.36
2025-07-31,1623,BULL_TRIMMED,BULL_TRIMMED,16.72,631.01,610.76,588.2,15.95,17.2,YES,0.0,0.0,0.0,0.0,256915.65,256915.65,0.0,0.0,352173.26,-8444.4,156.92
2025-08-01,1624,BULL_100,BULL_100,20.38,621.3,611.34,588.42,16.71,16.04,YES,0.0,0.0,0.0,0.0,245234.64,245234.64,0.0,0.0,336161.23,-11681.01,145.23
2025-08-04,1625,BULL_100,BULL_100,17.52,631.78,612.31,588.65,15.89,17.2,YES,0.0,0.0,0.0,0.0,258318.44,258318.44,0.0,0.0,354096.16,13083.8,158.32
2025-08-05,1626,BULL_100,BULL_100,17.85,627.12,613.19,588.89,16.18,16.84,YES,0.0,0.0,0.0,0.0,251969.21,251969.21,0.0,0.0,345392.8,-6349.23,151.97
2025-08-06,1627,BULL_100,BULL_100,16.77,633.65,614.29,589.15,15.75,17.48,YES,0.0,0.0,0.0,0.0,260835.42,260835.42,0.0,0.0,357546.37,8866.21,160.84
2025-08-07,1628,BULL_100,BULL_100,16.57,633.3,615.13,589.4,15.77,17.33,YES,0.0,0.0,0.0,0.0,261136.37,261136.37,0.0,0.0,357958.91,300.95,161.14
2025-08-08,1629,BULL_100,BULL_100,15.15,638.59,615.97,589.67,15.42,17.9,YES,0.0,0.0,0.0,0.0,267567.7,267567.7,0.0,0.0,366774.81,6431.33,167.57
2025-08-11,1630,BULL_100,BULL_100,16.25,635.67,616.91,589.93,15.66,17.71,YES,0.0,0.0,0.0,0.0,263899.0,263899.0,0.0,0.0,361745.85,-3668.7,163.9
2025-08-12,1631,BULL_100,BULL_100,14.73,643.06,618.01,590.23,15.1,18.5,YES,0.0,0.0,0.0,0.0,273319.23,273319.23,0.0,0.0,374658.85,9420.23,173.32
2025-08-13,1632,BULL_100,BULL_100,14.49,644.81,619.07,590.56,14.97,18.51,YES,0.0,0.0,0.0,0.0,274971.4,274971.4,0.0,0.0,376923.6,1652.17,174.97
2025-08-14,1633,BULL_100,BULL_100,14.83,645.16,620.05,590.89,14.96,18.48,YES,0.0,0.0,0.0,0.0,275007.78,275007.78,0.0,0.0,376973.48,36.38,175.01
2025-08-15,1634,BULL_100,BULL_100,15.09,643.6,621.01,591.22,15.13,18.51,YES,0.0,0.0,0.0,0.0,272018.89,272018.89,0.0,0.0,372876.38,-2988.89,172.02
2025-08-18,1635,BULL_100,BULL_100,14.99,643.58,622.03,591.54,15.09,19.11,YES,0.0,0.0,0.0,0.0,272500.72,272500.72,0.0,0.0,373536.86,481.83,172.5
2025-08-19,1636,BULL_100,BULL_100,15.57,639.25,622.82,591.82,15.41,18.56,YES,0.0,0.0,0.0,0.0,264738.37,264738.37,0.0,0.0,362896.44,-7762.35,164.74
2025-08-20,1637,BULL_100,BULL_100,15.69,637.66,623.57,592.12,15.53,18.76,YES,0.0,0.0,0.0,0.0,262543.96,262543.96,0.0,0.0,359888.39,-2194.41,162.54
2025-08-21,1638,BULL_100,BULL_100,16.6,636.61,624.25,592.45,15.66,18.5,YES,0.0,0.0,0.0,0.0,260744.72,260744.72,0.0,0.0,357422.05,-1799.24,160.74
2025-08-22,1639,BULL_100,BULL_100,14.22,645.5,625.15,592.83,14.95,19.86,YES,0.0,0.0,0.0,0.0,271750.89,271750.89,0.0,0.0,372509.02,11006.17,171.75
2025-08-25,1640,BULL_100,BULL_100,14.79,643.01,626.01,593.19,15.16,19.84,YES,0.0,0.0,0.0,0.0,268432.44,268432.44,0.0,0.0,367960.17,-3318.45,168.43
2025-08-26,1641,BULL_100,BULL_100,14.62,645.74,626.98,593.54,14.97,20.05,YES,0.0,0.0,0.0,0.0,271988.44,271988.44,0.0,0.0,372834.64,3556.0,171.99
2025-08-27,1642,BULL_100,BULL_100,14.85,644.68,627.89,593.8,15.05,19.89,YES,0.0,0.0,0.0,0.0,270119.56,270119.56,0.0,0.0,370272.83,-1868.88,170.12
2025-08-28,1643,BULL_100,BULL_100,14.43,648.64,628.94,594.07,14.79,20.12,YES,0.0,0.0,0.0,0.0,275528.54,275528.54,0.0,0.0,377687.32,5408.98,175.53
2025-08-29,1644,BULL_100,BULL_100,15.36,644.93,629.9,594.3,15.07,19.78,YES,0.0,0.0,0.0,0.0,269466.4,269466.4,0.0,0.0,369377.5,-6062.14,169.47
2025-09-02,1645,BULL_100,BULL_100,17.17,641.21,630.81,594.52,15.34,19.3,YES,0.0,0.0,0.0,0.0,264884.3,264884.3,0.0,0.0,363096.47,-4582.1,164.88
2025-09-03,1646,BULL_100,BULL_100,16.35,643.36,631.61,594.75,15.18,19.64,YES,0.0,0.0,0.0,0.0,267732.21,267732.21,0.0,0.0,367000.31,2847.91,167.73
2025-09-04,1647,BULL_100,BULL_100,15.3,649.55,632.46,595.01,14.76,20.22,YES,0.0,0.0,0.0,0.0,275536.4,275536.4,0.0,0.0,377698.09,7804.19,175.54
2025-09-05,1648,BULL_100,BULL_100,15.18,645.96,633.24,595.28,14.98,20.07,YES,0.0,0.0,0.0,0.0,271732.28,271732.28,0.0,0.0,372483.5,-3804.12,171.73
2025-09-08,1649,BULL_100,BULL_100,15.11,649.26,633.98,595.6,14.81,20.51,YES,0.0,0.0,0.0,0.0,275798.05,275798.05,0.0,0.0,378056.75,4065.77,175.8
2025-09-09,1650,BULL_100,BULL_100,15.04,651.15,634.74,595.91,14.69,20.64,YES,0.0,0.0,0.0,0.0,278218.21,278218.21,0.0,0.0,381374.25,2420.16,178.22
2025-09-10,1651,BULL_100,BULL_100,15.35,652.75,635.44,596.22,14.56,20.71,YES,0.0,0.0,0.0,0.0,280051.96,280051.96,0.0,0.0,383887.9,1833.75,180.05
2025-09-11,1652,BULL_100,BULL_100,14.71,657.72,636.24,596.56,14.25,21.13,YES,0.0,0.0,0.0,0.0,285789.02,285789.02,0.0,0.0,391752.12,5737.06,185.79
2025-09-12,1653,BULL_100,BULL_100,14.76,657.25,636.97,596.88,14.28,21.14,YES,0.0,0.0,0.0,0.0,285876.62,285876.62,0.0,0.0,391872.2,87.6,185.88
2025-09-15,1654,BULL_100,BULL_100,15.69,660.64,637.68,597.2,14.08,20.91,YES,0.0,0.0,0.0,0.0,290844.96,290844.96,0.0,0.0,398682.67,4968.34,190.84
2025-09-16,1655,BULL_100,BULL_100,16.36,660.33,638.49,597.52,14.12,20.69,YES,0.0,0.0,0.0,0.0,290423.38,290423.38,0.0,0.0,398104.77,-421.58,190.42
2025-09-17,1656,BULL_100,BULL_100,15.72,661.49,639.31,597.82,14.05,21.61,YES,0.0,0.0,0.0,0.0,291674.89,291674.89,0.0,0.0,399820.32,1251.51,191.67
2025-09-18,1657,BULL_100,BULL_100,15.7,663.41,640.1,598.14,13.92,21.54,YES,0.0,0.0,0.0,0.0,295119.99,295119.99,0.0,0.0,404542.77,3445.1,195.12
2025-09-19,1658,BULL_100,BULL_100,15.45,663.42,640.85,598.44,13.81,21.37,YES,0.0,0.0,0.0,0.0,297536.07,297536.07,0.0,0.0,407854.66,2416.08,197.54
2025-09-22,1659,BULL_100,BULL_100,16.1,666.76,641.73,598.76,13.64,21.08,YES,0.0,0.0,0.0,0.0,302300.26,302300.26,0.0,0.0,414385.3,4764.19,202.3
2025-09-23,1660,BULL_100,BULL_100,16.64,663.55,642.52,599.05,13.83,20.8,YES,0.0,0.0,0.0,0.0,297611.42,297611.42,0.0,0.0,407957.96,-4688.84,197.61
2025-09-24,1661,BULL_100,BULL_100,16.18,661.67,643.33,599.33,13.78,21.11,YES,0.0,0.0,0.0,0.0,294115.67,294115.67,0.0,0.0,403166.07,-3495.75,194.12
2025-09-25,1662,BULL_100,BULL_100,16.74,657.86,644.02,599.58,14.0,20.77,YES,0.0,0.0,0.0,0.0,289357.12,289357.12,0.0,0.0,396643.17,-4758.55,189.36
2025-09-26,1663,BULL_100,BULL_100,15.29,662.1,644.69,599.86,13.77,21.48,YES,0.0,0.0,0.0,0.0,294285.19,294285.19,0.0,0.0,403398.44,4928.07,194.29
2025-09-29,1664,BULL_100,BULL_100,16.12,663.31,645.4,600.15,13.67,21.24,YES,0.0,0.0,0.0,0.0,296577.27,296577.27,0.0,0.0,406540.37,2292.08,196.58
2025-09-30,1665,BULL_100,BULL_100,16.28,664.65,646.12,600.46,13.6,21.22,YES,0.0,0.0,0.0,0.0,297815.64,297815.64,0.0,0.0,408237.89,1238.37,197.82
2025-10-01,1666,BULL_100,BULL_100,16.29,668.38,646.87,600.77,13.39,21.34,YES,0.0,0.0,0.0,0.0,302898.04,302898.04,0.0,0.0,415204.71,5082.4,202.9
2025-10-02,1667,BULL_100,BULL_100,16.63,669.43,647.57,601.09,13.33,21.16,YES,0.0,0.0,0.0,0.0,304949.86,304949.86,0.0,0.0,418017.29,2051.82,204.95
2025-10-03,1668,BULL_100,BULL_100,16.65,669.6,648.25,601.42,13.36,21.29,YES,0.0,0.0,0.0,0.0,303389.09,303389.09,0.0,0.0,415877.83,-1560.77,203.39
2025-10-06,1669,BULL_100,BULL_100,16.37,670.67,648.91,601.74,13.27,21.4,YES,0.0,0.0,0.0,0.0,306106.96,306106.96,0.0,0.0,419603.42,2717.87,206.11
2025-10-07,1670,BULL_100,BULL_100,17.24,668.9,649.55,602.07,13.39,20.93,YES,0.0,0.0,0.0,0.0,303444.98,303444.98,0.0,0.0,415954.44,-2661.98,203.44
2025-10-08,1671,BULL_100,BULL_100,16.3,673.8,650.32,602.5,13.1,21.44,YES,0.0,0.0,0.0,0.0,311181.51,311181.51,0.0,0.0,426559.48,7736.53,211.18
2025-10-09,1672,BULL_100,BULL_100,16.43,671.97,650.98,602.93,13.22,21.38,YES,0.0,0.0,0.0,0.0,308917.89,308917.89,0.0,0.0,423456.57,-2263.62,208.92
2025-10-10,1673,BULL_100,BULL_100,21.66,652.15,651.4,603.23,14.42,18.5,YES,0.0,0.0,0.0,0.0,280118.9,280118.9,0.0,0.0,383979.67,-28798.99,180.12
2025-10-13,1674,BULL_100,BULL_100,19.03,662.74,652.23,603.57,13.73,20.04,YES,0.0,0.0,0.0,0.0,294430.56,294430.56,0.0,0.0,403597.71,14311.66,194.43
2025-10-14,1675,BULL_100,BULL_100,20.81,662.89,652.85,603.88,13.7,19.14,YES,0.0,0.0,0.0,0.0,293166.8,293166.8,0.0,0.0,401865.38,-1263.76,193.17
2025-10-15,1676,BULL_100,BULL_100,20.64,665.16,653.61,604.2,13.58,18.87,YES,0.0,0.0,0.0,0.0,296673.76,296673.76,0.0,0.0,406672.63,3506.96,196.67
2025-10-16,1677,BULL_100,BULL_100,25.31,658.82,654.11,604.52,14.0,17.19,YES,0.0,0.0,0.0,0.0,288540.19,288540.19,0.0,0.0,395523.35,-8133.57,188.54
2025-10-17,1678,BULL_100,BULL_100,20.78,665.24,654.75,604.91,13.56,18.5,YES,0.0,0.0,0.0,0.0,297237.29,297237.29,0.0,0.0,407445.1,8697.1,197.24
2025-10-20,1679,BULL_100,BULL_100,18.23,671.72,655.42,605.33,13.18,19.95,YES,0.0,0.0,0.0,0.0,306626.58,306626.58,0.0,0.0,420315.7,9389.29,206.63
2025-10-21,1680,BULL_100,BULL_100,17.87,671.0,656.12,605.77,13.24,19.9,YES,0.0,0.0,0.0,0.0,305210.74,305210.74,0.0,0.0,418374.9,-1415.84,205.21
2025-10-22,1681,BULL_100,BULL_100,18.6,666.78,656.6,606.14,13.49,19.63,YES,0.0,0.0,0.0,0.0,298508.53,298508.53,0.0,0.0,409187.69,-6702.21,198.51
2025-10-23,1682,BULL_100,BULL_100,17.3,672.32,657.15,606.52,13.18,20.2,YES,0.0,0.0,0.0,0.0,306531.64,306531.64,0.0,0.0,420185.56,8023.11,206.53
2025-10-24,1683,BULL_100,BULL_100,16.37,677.31,657.79,606.96,12.89,20.39,YES,0.0,0.0,0.0,0.0,313791.03,313791.03,0.0,0.0,430136.54,7259.39,213.79
2025-10-27,1684,BULL_100,BULL_100,15.79,685.54,658.63,607.45,12.42,21.0,YES,0.0,0.0,0.0,0.0,326725.99,326725.99,0.0,0.0,447867.45,12934.96,226.73
2025-10-28,1685,BULL_100,BULL_100,16.42,687.28,659.5,607.99,12.35,20.45,YES,0.0,0.0,0.0,0.0,330049.43,330049.43,0.0,0.0,452423.13,3323.44,230.05
2025-10-29,1686,BULL_100,BULL_100,16.92,686.72,660.45,608.5,12.37,20.08,YES,0.0,0.0,0.0,0.0,329773.88,329773.88,0.0,0.0,452045.41,-275.55,229.77
2025-10-30,1687,BULL_100,BULL_100,16.91,684.45,661.39,609.01,12.5,20.38,YES,0.0,0.0,0.0,0.0,325632.41,325632.41,0.0,0.0,446368.4,-4141.47,225.63
2025-10-31,1688,BULL_100,BULL_100,17.44,681.79,662.29,609.45,12.67,19.83,YES,0.0,0.0,0.0,0.0,322434.34,322434.34,0.0,0.0,441984.56,-3198.07,222.43
2025-11-03,1689,BULL_100,BULL_100,17.17,682.54,663.03,609.91,12.62,20.0,YES,0.0,0.0,0.0,0.0,323678.26,323678.26,0.0,0.0,443689.7,1243.92,223.68
2025-11-04,1690,BULL_100,BULL_100,19.0,674.4,663.66,610.29,13.08,19.29,YES,0.0,0.0,0.0,0.0,309461.77,309461.77,0.0,0.0,424202.1,-14216.49,209.46
2025-11-05,1691,BULL_100,BULL_100,18.01,678.58,664.32,610.67,12.87,19.89,YES,0.0,0.0,0.0,0.0,315551.33,315551.33,0.0,0.0,432549.52,6089.56,215.55
2025-11-06,1692,BULL_100,BULL_100,19.5,671.8,664.86,611.0,13.22,19.17,YES,0.0,0.0,0.0,0.0,304925.78,304925.78,0.0,0.0,417984.29,-10625.55,204.93
2025-11-07,1693,BULL_100,BULL_100,19.08,672.03,665.33,611.31,13.27,19.28,YES,0.0,0.0,0.0,0.0,304278.01,304278.01,0.0,0.0,417096.34,-647.77,204.28
2025-11-10,1694,BULL_100,BULL_100,17.6,681.57,666.06,611.68,12.7,20.29,YES,0.0,0.0,0.0,0.0,317910.04,317910.04,0.0,0.0,435782.77,13632.03,217.91
2025-11-11,1695,BULL_100,BULL_100,17.28,683.04,666.9,612.1,12.6,20.3,YES,0.0,0.0,0.0,0.0,318569.57,318569.57,0.0,0.0,436686.84,659.53,218.57
2025-11-12,1696,BULL_100,BULL_100,17.51,681.54,667.66,612.49,12.69,19.97,YES,0.0,0.0,0.0,0.0,315865.89,315865.89,0.0,0.0,432980.7,-2703.68,215.87
2025-11-13,1697,BULL_100,BULL_100,20.0,672.63,668.12,612.84,13.22,18.97,YES,0.0,0.0,0.0,0.0,302672.89,302672.89,0.0,0.0,414896.08,-13193.0,202.67
2025-11-14,1698,BULL_100,BULL_100,19.83,672.92,668.66,613.17,13.2,19.17,YES,0.0,0.0,0.0,0.0,303111.33,303111.33,0.0,0.0,415497.08,438.44,203.11
2025-11-17,1699,BULL_100,BULL_100,22.38,666.42,669.0,613.5,13.56,18.14,YES,0.0,0.0,0.0,0.0,294273.24,294273.24,0.0,0.0,403382.07,-8838.09,194.27
2025-11-18,1700,BULL_100,BULL_100,24.69,660.77,669.2,613.8,13.98,17.52,YES,0.0,0.0,0.0,0.0,286016.1,286016.1,0.0,0.0,392063.39,-8257.14,186.02
2025-11-19,1701,DEFENSIVE_BOTH,DEFENSIVE_BOTH,23.66,669.5,669.53,614.15,13.39,18.6,YES,0.0,0.0,0.0,0.0,292072.03,292072.03,0.0,0.0,400364.7,6055.93,192.07
2025-11-20,1702,DEFENSIVE_BOTH,DEFENSIVE_BOTH,26.42,653.15,669.44,614.39,57.53,16.96,YES,0.0,0.0,0.0,0.0,279905.28,279905.28,0.0,0.0,383686.84,-12166.75,179.91
2025-11-21,1703,DEFENSIVE_BOTH,DEFENSIVE_BOTH,23.43,659.37,669.48,614.66,55.97,17.59,YES,0.0,0.0,0.0,0.0,283917.1,283917.1,0.0,0.0,389186.14,4011.82,183.92
2025-11-24,1704,DEFENSIVE_BOTH,DEFENSIVE_BOTH,20.52,669.25,669.65,615.01,53.48,18.79,YES,0.0,0.0,0.0,0.0,291109.32,291109.32,0.0,0.0,399045.05,7192.22,191.11
2025-11-25,1705,DEFENSIVE_BOTH,DEFENSIVE_BOTH,18.56,675.33,669.95,615.36,52.15,19.29,YES,0.0,0.0,0.0,0.0,294543.89,294543.89,0.0,0.0,403753.07,3434.57,194.54
2025-11-26,1706,DEFENSIVE_BOTH,DEFENSIVE_BOTH,17.19,680.11,670.33,615.74,51.01,19.82,YES,0.0,0.0,0.0,0.0,297932.36,297932.36,0.0,0.0,408397.89,3388.47,197.93
2025-11-28,1707,BULL_100,BULL_100,16.35,683.59,670.73,616.13,50.33,20.24,YES,0.0,0.0,0.0,0.0,301438.01,301438.01,0.0,0.0,413203.34,3505.65,201.44
2025-12-01,1708,BULL_100,BULL_100,17.24,679.93,671.06,616.49,51.06,20.26,YES,0.0,0.0,0.0,0.0,297284.63,297284.63,0.0,0.0,407510.0,-4153.38,197.28
2025-12-02,1709,BULL_100,BULL_100,16.59,682.15,671.37,616.85,50.76,20.51,YES,0.0,0.0,0.0,0.0,301153.85,301153.85,0.0,0.0,412813.82,3869.22,201.15
2025-12-03,1710,BULL_100,BULL_100,16.08,683.91,671.78,617.21,50.31,20.69,YES,0.0,0.0,0.0,0.0,302926.49,302926.49,0.0,0.0,415243.71,1772.64,202.93
2025-12-04,1711,BULL_100,BULL_100,15.78,683.98,672.22,617.57,50.28,20.9,YES,0.0,0.0,0.0,0.0,302837.26,302837.26,0.0,0.0,415121.4,-89.23,202.84
2025-12-05,1712,BULL_100,BULL_100,15.41,685.8,672.78,617.95,49.93,21.1,YES,0.0,0.0,0.0,0.0,305439.21,305439.21,0.0,0.0,418688.08,2601.95,205.44
2025-12-08,1713,BULL_100,BULL_100,16.66,684.81,673.23,618.37,50.29,20.86,YES,0.0,0.0,0.0,0.0,303826.02,303826.02,0.0,0.0,416476.76,-1613.19,203.83
2025-12-09,1714,BULL_100,BULL_100,16.93,682.85,673.63,618.8,50.65,20.79,YES,0.0,0.0,0.0,0.0,301890.15,301890.15,0.0,0.0,413823.12,-1935.87,201.89
2025-12-10,1715,BULL_100,BULL_100,15.77,686.6,674.06,619.25,49.65,21.43,YES,0.0,0.0,0.0,0.0,305963.43,305963.43,0.0,0.0,419406.67,4073.28,205.96
2025-12-11,1716,BULL_100,BULL_100,14.85,689.04,674.48,619.72,49.35,22.07,YES,0.0,0.0,0.0,0.0,307765.99,307765.99,0.0,0.0,421877.57,1802.56,207.77
2025-12-12,1717,BULL_100,BULL_100,15.74,681.95,674.73,620.2,50.96,21.86,YES,0.0,0.0,0.0,0.0,295893.18,295893.18,0.0,0.0,405602.63,-11872.81,195.89
2025-12-15,1718,BULL_100,BULL_100,16.5,680.34,674.94,620.64,51.32,21.84,YES,0.0,0.0,0.0,0.0,293301.18,293301.18,0.0,0.0,402049.59,-2592.0,193.3
2025-12-16,1719,DEFENSIVE_QQQ,DEFENSIVE_QQQ,16.48,678.03,675.09,621.1,51.86,21.85,YES,0.0,0.0,0.0,0.0,290810.73,290810.73,0.0,0.0,398635.74,-2490.45,190.81
2025-12-17,1720,DEFENSIVE_QQQ,DEFENSIVE_QQQ,17.62,671.88,675.15,621.56,53.27,21.74,YES,0.0,0.0,0.0,0.0,283500.62,283500.62,0.0,0.0,388615.24,-7310.11,183.5
2025-12-18,1721,DEFENSIVE_QQQ,DEFENSIVE_QQQ,16.87,676.54,675.2,622.03,52.34,22.27,YES,0.0,0.0,0.0,0.0,288846.42,288846.42,0.0,0.0,395943.12,5345.8,188.85
2025-12-19,1722,DEFENSIVE_QQQ,DEFENSIVE_QQQ,14.91,681.18,675.39,622.56,50.71,23.23,YES,0.0,0.0,0.0,0.0,296594.95,296594.95,0.0,0.0,406564.61,7748.53,196.59
2025-12-22,1723,DEFENSIVE_QQQ,DEFENSIVE_QQQ,14.08,684.93,676.04,623.11,49.9,23.78,YES,0.0,0.0,0.0,0.0,300801.0,300801.0,0.0,0.0,412330.14,4206.05,200.8
2025-12-23,1724,BULL_100,BULL_100,14.0,687.48,676.54,623.76,49.35,23.8,YES,0.0,0.0,0.0,0.0,304008.31,304008.31,0.0,0.0,416726.65,3207.31,204.01
2025-12-24,1725,BULL_100,BULL_100,13.47,689.57,677.07,624.42,47.92,23.83,YES,0.0,0.0,0.0,0.0,305725.61,305725.61,0.0,0.0,419080.68,1717.3,205.73
2025-12-26,1726,BULL_100,BULL_100,13.6,690.1,677.57,625.06,47.95,23.86,YES,0.0,0.0,0.0,0.0,305680.65,305680.65,0.0,0.0,419019.04,-44.96,205.68
2025-12-29,1727,BULL_100,BULL_100,14.2,687.48,678.14,625.73,48.48,24.16,YES,0.0,0.0,0.0,0.0,301929.87,301929.87,0.0,0.0,413877.57,-3750.78,201.93
2025-12-30,1728,BULL_100,BULL_100,14.33,686.7,678.57,626.35,48.68,24.44,YES,0.0,0.0,0.0,0.0,300635.02,300635.02,0.0,0.0,412102.63,-1294.85,200.64
