date,day_number,step2_state,step4_active,svix_available,step4_state,pending_signal_for_tomorrow,vix,vix_in_30_40,vix_above_50,vix_below_20,vix_curve_down,svix_close,svix_open,svix_shares,svix_value,svix_allocation_pct,cash,cash_allocation_pct,portfolio_value,daily_pnl,cumulative_return_pct
2018-05-01,1,UNKNOWN,NO,NO,INACTIVE,NONE,15.49,NO,NO,YES,NO,0.0,0.0,0.0,0.0,0.0,100000.0,100.0,100000.0,0.0,0.0
2018-05-02,2,UNKNOWN,NO,NO,INACTIVE,NONE,15.97,NO,NO,YES,NO,0.0,0.0,0.0,0.0,0.0,100000.0,100.0,100000.0,0.0,0.0
2018-05-03,3,UNKNOWN,NO,NO,INACTIVE,NONE,15.9,NO,NO,YES,NO,0.0,0.0,0.0,0.0,0.0,100000.0,100.0,100000.0,0.0,0.0
2018-05-04,4,UNKNOWN,NO,NO,INACTIVE,NONE,14.77,NO,NO,YES,YES,0.0,0.0,0.0,0.0,0.0,100000.0,100.0,100000.0,0.0,0.0
2018-05-07,5,UNKNOWN,NO,NO,INACTIVE,NONE,14.75,NO,NO,YES,YES,0.0,0.0,0.0,0.0,0.0,100000.0,100.0,100000.0,0.0,0.0
2018-05-08,6,UNKNOWN,NO,NO,INACTIVE,NONE,14.71,NO,NO,YES,YES,0.0,0.0,0.0,0.0,0.0,100000.0,100.0,100000.0,0.0,0.0
2018-05-09,7,UNKNOWN,NO,NO,INACTIVE,NONE,13.42,NO,NO,YES,YES,0.0,0.0,0.0,0.0,0.0,100000.0,100.0,100000.0,0.0,0.0
2018-05-10,8,UNKNOWN,NO,NO,INACTIVE,NONE,13.23,NO,NO,YES,YES,0.0,0.0,0.0,0.0,0.0,100000.0,100.0,100000.0,0.0,0.0
2018-05-11,9,UNKNOWN,NO,NO,INACTIVE,NONE,12.65,NO,NO,YES,YES,0.0,0.0,0.0,0.0,0.0,100000.0,100.0,100000.0,0.0,0.0
2018-05-14,10,UNKNOWN,NO,NO,INACTIVE,NONE,12.93,NO,NO,YES,NO,0.0,0.0,0.0,0.0,0.0,100000.0,100.0,100000.0,0.0,0.0
2018-05-15,11,UNKNOWN,NO,NO,INACTIVE,NONE,14.63,NO,NO,YES,NO,0.0,0.0,0.0,0.0,0.0,100000.0,100.0,100000.0,0.0,0.0
2018-05-16,12,UNKNOWN,NO,NO,INACTIVE,NONE,13.42,NO,NO,YES,NO,0.0,0.0,0.0,0.0,0.0,100000.0,100.0,100000.0,0.0,0.0
2018-05-17,13,UNKNOWN,NO,NO,INACTIVE,NONE,13.43,NO,NO,YES,NO,0.0,0.0,0.0,0.0,0.0,100000.0,100.0,100000.0,0.0,0.0
2018-05-18,14,UNKNOWN,NO,NO,INACTIVE,NONE,13.42,NO,NO,YES,NO,0.0,0.0,0.0,0.0,0.0,100000.0,100.0,100000.0,0.0,0.0
2018-05-21,15,UNKNOWN,NO,NO,INACTIVE,NONE,13.08,NO,NO,YES,YES,0.0,0.0,0.0,0.0,0.0,100000.0,100.0,100000.0,0.0,0.0
2018-05-22,16,UNKNOWN,NO,NO,INACTIVE,NONE,13.22,NO,NO,YES,NO,0.0,0.0,0.0,0.0,0.0,100000.0,100.0,100000.0,0.0,0.0
2018-05-23,17,UNKNOWN,NO,NO,INACTIVE,NONE,12.58,NO,NO,YES,NO,0.0,0.0,0.0,0.0,0.0,100000.0,100.0,100000.0,0.0,0.0
2018-05-24,18,UNKNOWN,NO,NO,INACTIVE,NONE,12.53,NO,NO,YES,YES,0.0,0.0,0.0,0.0,0.0,100000.0,100.0,100000.0,0.0,0.0
2018-05-25,19,UNKNOWN,NO,NO,INACTIVE,NONE,13.22,NO,NO,YES,NO,0.0,0.0,0.0,0.0,0.0,100000.0,100.0,100000.0,0.0,0.0
2018-05-29,20,UNKNOWN,NO,NO,INACTIVE,NONE,17.02,NO,NO,YES,NO,0.0,0.0,0.0,0.0,0.0,100000.0,100.0,100000.0,0.0,0.0
2018-05-30,21,UNKNOWN,NO,NO,INACTIVE,NONE,14.94,NO,NO,YES,NO,0.0,0.0,0.0,0.0,0.0,100000.0,100.0,100000.0,0.0,0.0
2018-05-31,22,UNKNOWN,NO,NO,INACTIVE,NONE,15.43,NO,NO,YES,NO,0.0,0.0,0.0,0.0,0.0,100000.0,100.0,100000.0,0.0,0.0
2018-06-01,23,UNKNOWN,NO,NO,INACTIVE,NONE,13.46,NO,NO,YES,NO,0.0,0.0,0.0,0.0,0.0,100000.0,100.0,100000.0,0.0,0.0
2018-06-04,24,UNKNOWN,NO,NO,INACTIVE,NONE,12.74,NO,NO,YES,YES,0.0,0.0,0.0,0.0,0.0,100000.0,100.0,100000.0,0.0,0.0
2018-06-05,25,UNKNOWN,NO,NO,INACTIVE,NONE,12.4,NO,NO,YES,YES,0.0,0.0,0.0,0.0,0.0,100000.0,100.0,100000.0,0.0,0.0
2018-06-06,26,UNKNOWN,NO,NO,INACTIVE,NONE,11.64,NO,NO,YES,YES,0.0,0.0,0.0,0.0,0.0,100000.0,100.0,100000.0,0.0,0.0
2018-06-07,27,UNKNOWN,NO,NO,INACTIVE,NONE,12.13,NO,NO,YES,NO,0.0,0.0,0.0,0.0,0.0,100000.0,100.0,100000.0,0.0,0.0
2018-06-08,28,UNKNOWN,NO,NO,INACTIVE,NONE,12.18,NO,NO,YES,NO,0.0,0.0,0.0,0.0,0.0,100000.0,100.0,100000.0,0.0,0.0
2018-06-11,29,UNKNOWN,NO,NO,INACTIVE,NONE,12.35,NO,NO,YES,NO,0.0,0.0,0.0,0.0,0.0,100000.0,100.0,100000.0,0.0,0.0
2018-06-12,30,UNKNOWN,NO,NO,INACTIVE,NONE,12.34,NO,NO,YES,NO,0.0,0.0,0.0,0.0,0.0,100000.0,100.0,100000.0,0.0,0.0
2018-06-13,31,UNKNOWN,NO,NO,INACTIVE,NONE,12.94,NO,NO,YES,NO,0.0,0.0,0.0,0.0,0.0,100000.0,100.0,100000.0,0.0,0.0
2018-06-14,32,UNKNOWN,NO,NO,INACTIVE,NONE,12.12,NO,NO,YES,NO,0.0,0.0,0.0,0.0,0.0,100000.0,100.0,100000.0,0.0,0.0
2018-06-15,33,UNKNOWN,NO,NO,INACTIVE,NONE,11.98,NO,NO,YES,YES,0.0,0.0,0.0,0.0,0.0,100000.0,100.0,100000.0,0.0,0.0
2018-06-18,34,UNKNOWN,NO,NO,INACTIVE,NONE,12.31,NO,NO,YES,NO,0.0,0.0,0.0,0.0,0.0,100000.0,100.0,100000.0,0.0,0.0
2018-06-19,35,UNKNOWN,NO,NO,INACTIVE,NONE,13.35,NO,NO,YES,NO,0.0,0.0,0.0,0.0,0.0,100000.0,100.0,100000.0,0.0,0.0
2018-06-20,36,UNKNOWN,NO,NO,INACTIVE,NONE,12.79,NO,NO,YES,NO,0.0,0.0,0.0,0.0,0.0,100000.0,100.0,100000.0,0.0,0.0
2018-06-21,37,UNKNOWN,NO,NO,INACTIVE,NONE,14.64,NO,NO,YES,NO,0.0,0.0,0.0,0.0,0.0,100000.0,100.0,100000.0,0.0,0.0
2018-06-22,38,UNKNOWN,NO,NO,INACTIVE,NONE,13.77,NO,NO,YES,NO,0.0,0.0,0.0,0.0,0.0,100000.0,100.0,100000.0,0.0,0.0
2018-06-25,39,UNKNOWN,NO,NO,INACTIVE,NONE,17.33,NO,NO,YES,NO,0.0,0.0,0.0,0.0,0.0,100000.0,100.0,100000.0,0.0,0.0
2018-06-26,40,UNKNOWN,NO,NO,INACTIVE,NONE,15.92,NO,NO,YES,NO,0.0,0.0,0.0,0.0,0.0,100000.0,100.0,100000.0,0.0,0.0
2018-06-27,41,UNKNOWN,NO,NO,INACTIVE,NONE,17.91,NO,NO,YES,NO,0.0,0.0,0.0,0.0,0.0,100000.0,100.0,100000.0,0.0,0.0
2018-06-28,42,UNKNOWN,NO,NO,INACTIVE,NONE,16.85,NO,NO,YES,NO,0.0,0.0,0.0,0.0,0.0,100000.0,100.0,100000.0,0.0,0.0
2018-06-29,43,UNKNOWN,NO,NO,INACTIVE,NONE,16.09,NO,NO,YES,YES,0.0,0.0,0.0,0.0,0.0,100000.0,100.0,100000.0,0.0,0.0
2018-07-02,44,UNKNOWN,NO,NO,INACTIVE,NONE,15.6,NO,NO,YES,YES,0.0,0.0,0.0,0.0,0.0,100000.0,100.0,100000.0,0.0,0.0
2018-07-03,45,UNKNOWN,NO,NO,INACTIVE,NONE,16.14,NO,NO,YES,NO,0.0,0.0,0.0,0.0,0.0,100000.0,100.0,100000.0,0.0,0.0
2018-07-05,46,UNKNOWN,NO,NO,INACTIVE,NONE,14.97,NO,NO,YES,NO,0.0,0.0,0.0,0.0,0.0,100000.0,100.0,100000.0,0.0,0.0
2018-07-06,47,UNKNOWN,NO,NO,INACTIVE,NONE,13.37,NO,NO,YES,YES,0.0,0.0,0.0,0.0,0.0,100000.0,100.0,100000.0,0.0,0.0
2018-07-09,48,UNKNOWN,NO,NO,INACTIVE,NONE,12.69,NO,NO,YES,YES,0.0,0.0,0.0,0.0,0.0,100000.0,100.0,100000.0,0.0,0.0
2018-07-10,49,UNKNOWN,NO,NO,INACTIVE,NONE,12.64,NO,NO,YES,YES,0.0,0.0,0.0,0.0,0.0,100000.0,100.0,100000.0,0.0,0.0
2018-07-11,50,UNKNOWN,NO,NO,INACTIVE,NONE,13.63,NO,NO,YES,NO,0.0,0.0,0.0,0.0,0.0,100000.0,100.0,100000.0,0.0,0.0
2018-07-12,51,UNKNOWN,NO,NO,INACTIVE,NONE,12.58,NO,NO,YES,NO,0.0,0.0,0.0,0.0,0.0,100000.0,100.0,100000.0,0.0,0.0
2018-07-13,52,UNKNOWN,NO,NO,INACTIVE,NONE,12.18,NO,NO,YES,YES,0.0,0.0,0.0,0.0,0.0,100000.0,100.0,100000.0,0.0,0.0
2018-07-16,53,UNKNOWN,NO,NO,INACTIVE,NONE,12.83,NO,NO,YES,NO,0.0,0.0,0.0,0.0,0.0,100000.0,100.0,100000.0,0.0,0.0
2018-07-17,54,UNKNOWN,NO,NO,INACTIVE,NONE,12.06,NO,NO,YES,NO,0.0,0.0,0.0,0.0,0.0,100000.0,100.0,100000.0,0.0,0.0
2018-07-18,55,UNKNOWN,NO,NO,INACTIVE,NONE,12.1,NO,NO,YES,NO,0.0,0.0,0.0,0.0,0.0,100000.0,100.0,100000.0,0.0,0.0
2018-07-19,56,UNKNOWN,NO,NO,INACTIVE,NONE,12.87,NO,NO,YES,NO,0.0,0.0,0.0,0.0,0.0,100000.0,100.0,100000.0,0.0,0.0
2018-07-20,57,UNKNOWN,NO,NO,INACTIVE,NONE,12.86,NO,NO,YES,NO,0.0,0.0,0.0,0.0,0.0,100000.0,100.0,100000.0,0.0,0.0
2018-07-23,58,UNKNOWN,NO,NO,INACTIVE,NONE,12.62,NO,NO,YES,YES,0.0,0.0,0.0,0.0,0.0,100000.0,100.0,100000.0,0.0,0.0
2018-07-24,59,UNKNOWN,NO,NO,INACTIVE,NONE,12.41,NO,NO,YES,YES,0.0,0.0,0.0,0.0,0.0,100000.0,100.0,100000.0,0.0,0.0
2018-07-25,60,UNKNOWN,NO,NO,INACTIVE,NONE,12.29,NO,NO,YES,YES,0.0,0.0,0.0,0.0,0.0,100000.0,100.0,100000.0,0.0,0.0
2018-07-26,61,UNKNOWN,NO,NO,INACTIVE,NONE,12.14,NO,NO,YES,YES,0.0,0.0,0.0,0.0,0.0,100000.0,100.0,100000.0,0.0,0.0
2018-07-27,62,UNKNOWN,NO,NO,INACTIVE,NONE,13.03,NO,NO,YES,NO,0.0,0.0,0.0,0.0,0.0,100000.0,100.0,100000.0,0.0,0.0
2018-07-30,63,UNKNOWN,NO,NO,INACTIVE,NONE,14.26,NO,NO,YES,NO,0.0,0.0,0.0,0.0,0.0,100000.0,100.0,100000.0,0.0,0.0
2018-07-31,64,UNKNOWN,NO,NO,INACTIVE,NONE,12.83,NO,NO,YES,NO,0.0,0.0,0.0,0.0,0.0,100000.0,100.0,100000.0,0.0,0.0
2018-08-01,65,UNKNOWN,NO,NO,INACTIVE,NONE,13.15,NO,NO,YES,NO,0.0,0.0,0.0,0.0,0.0,100000.0,100.0,100000.0,0.0,0.0
2018-08-02,66,UNKNOWN,NO,NO,INACTIVE,NONE,12.19,NO,NO,YES,NO,0.0,0.0,0.0,0.0,0.0,100000.0,100.0,100000.0,0.0,0.0
2018-08-03,67,UNKNOWN,NO,NO,INACTIVE,NONE,11.64,NO,NO,YES,YES,0.0,0.0,0.0,0.0,0.0,100000.0,100.0,100000.0,0.0,0.0
2018-08-06,68,UNKNOWN,NO,NO,INACTIVE,NONE,11.27,NO,NO,YES,YES,0.0,0.0,0.0,0.0,0.0,100000.0,100.0,100000.0,0.0,0.0
2018-08-07,69,UNKNOWN,NO,NO,INACTIVE,NONE,10.93,NO,NO,YES,YES,0.0,0.0,0.0,0.0,0.0,100000.0,100.0,100000.0,0.0,0.0
2018-08-08,70,UNKNOWN,NO,NO,INACTIVE,NONE,10.85,NO,NO,YES,YES,0.0,0.0,0.0,0.0,0.0,100000.0,100.0,100000.0,0.0,0.0
2018-08-09,71,UNKNOWN,NO,NO,INACTIVE,NONE,11.27,NO,NO,YES,NO,0.0,0.0,0.0,0.0,0.0,100000.0,100.0,100000.0,0.0,0.0
2018-08-10,72,UNKNOWN,NO,NO,INACTIVE,NONE,13.16,NO,NO,YES,NO,0.0,0.0,0.0,0.0,0.0,100000.0,100.0,100000.0,0.0,0.0
2018-08-13,73,UNKNOWN,NO,NO,INACTIVE,NONE,14.78,NO,NO,YES,NO,0.0,0.0,0.0,0.0,0.0,100000.0,100.0,100000.0,0.0,0.0
2018-08-14,74,UNKNOWN,NO,NO,INACTIVE,NONE,13.31,NO,NO,YES,NO,0.0,0.0,0.0,0.0,0.0,100000.0,100.0,100000.0,0.0,0.0
2018-08-15,75,UNKNOWN,NO,NO,INACTIVE,NONE,14.64,NO,NO,YES,NO,0.0,0.0,0.0,0.0,0.0,100000.0,100.0,100000.0,0.0,0.0
2018-08-16,76,UNKNOWN,NO,NO,INACTIVE,NONE,13.45,NO,NO,YES,NO,0.0,0.0,0.0,0.0,0.0,100000.0,100.0,100000.0,0.0,0.0
2018-08-17,77,UNKNOWN,NO,NO,INACTIVE,NONE,12.64,NO,NO,YES,YES,0.0,0.0,0.0,0.0,0.0,100000.0,100.0,100000.0,0.0,0.0
2018-08-20,78,UNKNOWN,NO,NO,INACTIVE,NONE,12.49,NO,NO,YES,YES,0.0,0.0,0.0,0.0,0.0,100000.0,100.0,100000.0,0.0,0.0
2018-08-21,79,UNKNOWN,NO,NO,INACTIVE,NONE,12.86,NO,NO,YES,NO,0.0,0.0,0.0,0.0,0.0,100000.0,100.0,100000.0,0.0,0.0
2018-08-22,80,UNKNOWN,NO,NO,INACTIVE,NONE,12.25,NO,NO,YES,NO,0.0,0.0,0.0,0.0,0.0,100000.0,100.0,100000.0,0.0,0.0
2018-08-23,81,UNKNOWN,NO,NO,INACTIVE,NONE,12.41,NO,NO,YES,NO,0.0,0.0,0.0,0.0,0.0,100000.0,100.0,100000.0,0.0,0.0
2018-08-24,82,UNKNOWN,NO,NO,INACTIVE,NONE,11.99,NO,NO,YES,NO,0.0,0.0,0.0,0.0,0.0,100000.0,100.0,100000.0,0.0,0.0
2018-08-27,83,UNKNOWN,NO,NO,INACTIVE,NONE,12.16,NO,NO,YES,NO,0.0,0.0,0.0,0.0,0.0,100000.0,100.0,100000.0,0.0,0.0
2018-08-28,84,UNKNOWN,NO,NO,INACTIVE,NONE,12.5,NO,NO,YES,NO,0.0,0.0,0.0,0.0,0.0,100000.0,100.0,100000.0,0.0,0.0
2018-08-29,85,UNKNOWN,NO,NO,INACTIVE,NONE,12.25,NO,NO,YES,NO,0.0,0.0,0.0,0.0,0.0,100000.0,100.0,100000.0,0.0,0.0
2018-08-30,86,UNKNOWN,NO,NO,INACTIVE,NONE,13.53,NO,NO,YES,NO,0.0,0.0,0.0,0.0,0.0,100000.0,100.0,100000.0,0.0,0.0
2018-08-31,87,UNKNOWN,NO,NO,INACTIVE,NONE,12.86,NO,NO,YES,NO,0.0,0.0,0.0,0.0,0.0,100000.0,100.0,100000.0,0.0,0.0
2018-09-04,88,UNKNOWN,NO,NO,INACTIVE,NONE,13.16,NO,NO,YES,NO,0.0,0.0,0.0,0.0,0.0,100000.0,100.0,100000.0,0.0,0.0
2018-09-05,89,UNKNOWN,NO,NO,INACTIVE,NONE,13.91,NO,NO,YES,NO,0.0,0.0,0.0,0.0,0.0,100000.0,100.0,100000.0,0.0,0.0
2018-09-06,90,UNKNOWN,NO,NO,INACTIVE,NONE,14.65,NO,NO,YES,NO,0.0,0.0,0.0,0.0,0.0,100000.0,100.0,100000.0,0.0,0.0
2018-09-07,91,UNKNOWN,NO,NO,INACTIVE,NONE,14.88,NO,NO,YES,NO,0.0,0.0,0.0,0.0,0.0,100000.0,100.0,100000.0,0.0,0.0
2018-09-10,92,UNKNOWN,NO,NO,INACTIVE,NONE,14.16,NO,NO,YES,NO,0.0,0.0,0.0,0.0,0.0,100000.0,100.0,100000.0,0.0,0.0
2018-09-11,93,UNKNOWN,NO,NO,INACTIVE,NONE,13.22,NO,NO,YES,YES,0.0,0.0,0.0,0.0,0.0,100000.0,100.0,100000.0,0.0,0.0
2018-09-12,94,UNKNOWN,NO,NO,INACTIVE,NONE,13.14,NO,NO,YES,YES,0.0,0.0,0.0,0.0,0.0,100000.0,100.0,100000.0,0.0,0.0
2018-09-13,95,UNKNOWN,NO,NO,INACTIVE,NONE,12.37,NO,NO,YES,YES,0.0,0.0,0.0,0.0,0.0,100000.0,100.0,100000.0,0.0,0.0
2018-09-14,96,UNKNOWN,NO,NO,INACTIVE,NONE,12.07,NO,NO,YES,YES,0.0,0.0,0.0,0.0,0.0,100000.0,100.0,100000.0,0.0,0.0
2018-09-17,97,UNKNOWN,NO,NO,INACTIVE,NONE,13.68,NO,NO,YES,NO,0.0,0.0,0.0,0.0,0.0,100000.0,100.0,100000.0,0.0,0.0
2018-09-18,98,UNKNOWN,NO,NO,INACTIVE,NONE,12.79,NO,NO,YES,NO,0.0,0.0,0.0,0.0,0.0,100000.0,100.0,100000.0,0.0,0.0
2018-09-19,99,UNKNOWN,NO,NO,INACTIVE,NONE,11.75,NO,NO,YES,YES,0.0,0.0,0.0,0.0,0.0,100000.0,100.0,100000.0,0.0,0.0
2018-09-20,100,UNKNOWN,NO,NO,INACTIVE,NONE,11.8,NO,NO,YES,NO,0.0,0.0,0.0,0.0,0.0,100000.0,100.0,100000.0,0.0,0.0
2018-09-21,101,UNKNOWN,NO,NO,INACTIVE,NONE,11.68,NO,NO,YES,NO,0.0,0.0,0.0,0.0,0.0,100000.0,100.0,100000.0,0.0,0.0
2018-09-24,102,UNKNOWN,NO,NO,INACTIVE,NONE,12.2,NO,NO,YES,NO,0.0,0.0,0.0,0.0,0.0,100000.0,100.0,100000.0,0.0,0.0
2018-09-25,103,UNKNOWN,NO,NO,INACTIVE,NONE,12.42,NO,NO,YES,NO,0.0,0.0,0.0,0.0,0.0,100000.0,100.0,100000.0,0.0,0.0
2018-09-26,104,UNKNOWN,NO,NO,INACTIVE,NONE,12.89,NO,NO,YES,NO,0.0,0.0,0.0,0.0,0.0,100000.0,100.0,100000.0,0.0,0.0
2018-09-27,105,UNKNOWN,NO,NO,INACTIVE,NONE,12.41,NO,NO,YES,NO,0.0,0.0,0.0,0.0,0.0,100000.0,100.0,100000.0,0.0,0.0
2018-09-28,106,UNKNOWN,NO,NO,INACTIVE,NONE,12.12,NO,NO,YES,YES,0.0,0.0,0.0,0.0,0.0,100000.0,100.0,100000.0,0.0,0.0
2018-10-01,107,UNKNOWN,NO,NO,INACTIVE,NONE,12.0,NO,NO,YES,YES,0.0,0.0,0.0,0.0,0.0,100000.0,100.0,100000.0,0.0,0.0
2018-10-02,108,UNKNOWN,NO,NO,INACTIVE,NONE,12.05,NO,NO,YES,NO,0.0,0.0,0.0,0.0,0.0,100000.0,100.0,100000.0,0.0,0.0
2018-10-03,109,UNKNOWN,NO,NO,INACTIVE,NONE,11.61,NO,NO,YES,NO,0.0,0.0,0.0,0.0,0.0,100000.0,100.0,100000.0,0.0,0.0
2018-10-04,110,UNKNOWN,NO,NO,INACTIVE,NONE,14.22,NO,NO,YES,NO,0.0,0.0,0.0,0.0,0.0,100000.0,100.0,100000.0,0.0,0.0
2018-10-05,111,UNKNOWN,NO,NO,INACTIVE,NONE,14.82,NO,NO,YES,NO,0.0,0.0,0.0,0.0,0.0,100000.0,100.0,100000.0,0.0,0.0
2018-10-08,112,UNKNOWN,NO,NO,INACTIVE,NONE,15.69,NO,NO,YES,NO,0.0,0.0,0.0,0.0,0.0,100000.0,100.0,100000.0,0.0,0.0
2018-10-09,113,UNKNOWN,NO,NO,INACTIVE,NONE,15.95,NO,NO,YES,NO,0.0,0.0,0.0,0.0,0.0,100000.0,100.0,100000.0,0.0,0.0
2018-10-10,114,UNKNOWN,NO,NO,INACTIVE,NONE,22.96,NO,NO,NO,NO,0.0,0.0,0.0,0.0,0.0,100000.0,100.0,100000.0,0.0,0.0
2018-10-11,115,UNKNOWN,NO,NO,INACTIVE,NONE,24.98,NO,NO,NO,NO,0.0,0.0,0.0,0.0,0.0,100000.0,100.0,100000.0,0.0,0.0
2018-10-12,116,UNKNOWN,NO,NO,INACTIVE,NONE,21.31,NO,NO,NO,NO,0.0,0.0,0.0,0.0,0.0,100000.0,100.0,100000.0,0.0,0.0
2018-10-15,117,UNKNOWN,NO,NO,INACTIVE,NONE,21.3,NO,NO,NO,YES,0.0,0.0,0.0,0.0,0.0,100000.0,100.0,100000.0,0.0,0.0
2018-10-16,118,UNKNOWN,NO,NO,INACTIVE,NONE,17.62,NO,NO,YES,YES,0.0,0.0,0.0,0.0,0.0,100000.0,100.0,100000.0,0.0,0.0
2018-10-17,119,UNKNOWN,NO,NO,INACTIVE,NONE,17.4,NO,NO,YES,YES,0.0,0.0,0.0,0.0,0.0,100000.0,100.0,100000.0,0.0,0.0
2018-10-18,120,UNKNOWN,NO,NO,INACTIVE,NONE,20.06,NO,NO,NO,NO,0.0,0.0,0.0,0.0,0.0,100000.0,100.0,100000.0,0.0,0.0
2018-10-19,121,UNKNOWN,NO,NO,INACTIVE,NONE,19.89,NO,NO,YES,NO,0.0,0.0,0.0,0.0,0.0,100000.0,100.0,100000.0,0.0,0.0
2018-10-22,122,UNKNOWN,NO,NO,INACTIVE,NONE,19.64,NO,NO,YES,YES,0.0,0.0,0.0,0.0,0.0,100000.0,100.0,100000.0,0.0,0.0
2018-10-23,123,UNKNOWN,NO,NO,INACTIVE,NONE,20.71,NO,NO,NO,NO,0.0,0.0,0.0,0.0,0.0,100000.0,100.0,100000.0,0.0,0.0
2018-10-24,124,UNKNOWN,NO,NO,INACTIVE,NONE,25.23,NO,NO,NO,NO,0.0,0.0,0.0,0.0,0.0,100000.0,100.0,100000.0,0.0,0.0
2018-10-25,125,UNKNOWN,NO,NO,INACTIVE,NONE,24.22,NO,NO,NO,NO,0.0,0.0,0.0,0.0,0.0,100000.0,100.0,100000.0,0.0,0.0
2018-10-26,126,UNKNOWN,NO,NO,INACTIVE,NONE,24.16,NO,NO,NO,YES,0.0,0.0,0.0,0.0,0.0,100000.0,100.0,100000.0,0.0,0.0
2018-10-29,127,UNKNOWN,NO,NO,INACTIVE,NONE,24.7,NO,NO,NO,NO,0.0,0.0,0.0,0.0,0.0,100000.0,100.0,100000.0,0.0,0.0
2018-10-30,128,UNKNOWN,NO,NO,INACTIVE,NONE,23.35,NO,NO,NO,NO,0.0,0.0,0.0,0.0,0.0,100000.0,100.0,100000.0,0.0,0.0
2018-10-31,129,UNKNOWN,NO,NO,INACTIVE,NONE,21.23,NO,NO,NO,YES,0.0,0.0,0.0,0.0,0.0,100000.0,100.0,100000.0,0.0,0.0
2018-11-01,130,UNKNOWN,NO,NO,INACTIVE,NONE,19.34,NO,NO,YES,YES,0.0,0.0,0.0,0.0,0.0,100000.0,100.0,100000.0,0.0,0.0
2018-11-02,131,UNKNOWN,NO,NO,INACTIVE,NONE,19.51,NO,NO,YES,NO,0.0,0.0,0.0,0.0,0.0,100000.0,100.0,100000.0,0.0,0.0
2018-11-05,132,UNKNOWN,NO,NO,INACTIVE,NONE,19.96,NO,NO,YES,NO,0.0,0.0,0.0,0.0,0.0,100000.0,100.0,100000.0,0.0,0.0
2018-11-06,133,UNKNOWN,NO,NO,INACTIVE,NONE,19.91,NO,NO,YES,NO,0.0,0.0,0.0,0.0,0.0,100000.0,100.0,100000.0,0.0,0.0
2018-11-07,134,UNKNOWN,NO,NO,INACTIVE,NONE,16.36,NO,NO,YES,YES,0.0,0.0,0.0,0.0,0.0,100000.0,100.0,100000.0,0.0,0.0
2018-11-08,135,UNKNOWN,NO,NO,INACTIVE,NONE,16.72,NO,NO,YES,NO,0.0,0.0,0.0,0.0,0.0,100000.0,100.0,100000.0,0.0,0.0
2018-11-09,136,UNKNOWN,NO,NO,INACTIVE,NONE,17.36,NO,NO,YES,NO,0.0,0.0,0.0,0.0,0.0,100000.0,100.0,100000.0,0.0,0.0
2018-11-12,137,UNKNOWN,NO,NO,INACTIVE,NONE,20.45,NO,NO,NO,NO,0.0,0.0,0.0,0.0,0.0,100000.0,100.0,100000.0,0.0,0.0
2018-11-13,138,UNKNOWN,NO,NO,INACTIVE,NONE,20.02,NO,NO,NO,NO,0.0,0.0,0.0,0.0,0.0,100000.0,100.0,100000.0,0.0,0.0
2018-11-14,139,UNKNOWN,NO,NO,INACTIVE,NONE,21.25,NO,NO,NO,NO,0.0,0.0,0.0,0.0,0.0,100000.0,100.0,100000.0,0.0,0.0
2018-11-15,140,UNKNOWN,NO,NO,INACTIVE,NONE,19.98,NO,NO,YES,NO,0.0,0.0,0.0,0.0,0.0,100000.0,100.0,100000.0,0.0,0.0
2018-11-16,141,UNKNOWN,NO,NO,INACTIVE,NONE,18.14,NO,NO,YES,YES,0.0,0.0,0.0,0.0,0.0,100000.0,100.0,100000.0,0.0,0.0
2018-11-19,142,UNKNOWN,NO,NO,INACTIVE,NONE,20.1,NO,NO,NO,NO,0.0,0.0,0.0,0.0,0.0,100000.0,100.0,100000.0,0.0,0.0
2018-11-20,143,UNKNOWN,NO,NO,INACTIVE,NONE,22.48,NO,NO,NO,NO,0.0,0.0,0.0,0.0,0.0,100000.0,100.0,100000.0,0.0,0.0
2018-11-21,144,UNKNOWN,NO,NO,INACTIVE,NONE,20.8,NO,NO,NO,NO,0.0,0.0,0.0,0.0,0.0,100000.0,100.0,100000.0,0.0,0.0
2018-11-23,145,UNKNOWN,NO,NO,INACTIVE,NONE,21.52,NO,NO,NO,NO,0.0,0.0,0.0,0.0,0.0,100000.0,100.0,100000.0,0.0,0.0
2018-11-26,146,UNKNOWN,NO,NO,INACTIVE,NONE,18.9,NO,NO,YES,NO,0.0,0.0,0.0,0.0,0.0,100000.0,100.0,100000.0,0.0,0.0
2018-11-27,147,UNKNOWN,NO,NO,INACTIVE,NONE,19.02,NO,NO,YES,NO,0.0,0.0,0.0,0.0,0.0,100000.0,100.0,100000.0,0.0,0.0
2018-11-28,148,UNKNOWN,NO,NO,INACTIVE,NONE,18.49,NO,NO,YES,NO,0.0,0.0,0.0,0.0,0.0,100000.0,100.0,100000.0,0.0,0.0
2018-11-29,149,UNKNOWN,NO,NO,INACTIVE,NONE,18.79,NO,NO,YES,NO,0.0,0.0,0.0,0.0,0.0,100000.0,100.0,100000.0,0.0,0.0
2018-11-30,150,UNKNOWN,NO,NO,INACTIVE,NONE,18.07,NO,NO,YES,NO,0.0,0.0,0.0,0.0,0.0,100000.0,100.0,100000.0,0.0,0.0
2018-12-03,151,UNKNOWN,NO,NO,INACTIVE,NONE,16.44,NO,NO,YES,YES,0.0,0.0,0.0,0.0,0.0,100000.0,100.0,100000.0,0.0,0.0
2018-12-04,152,UNKNOWN,NO,NO,INACTIVE,NONE,20.74,NO,NO,NO,NO,0.0,0.0,0.0,0.0,0.0,100000.0,100.0,100000.0,0.0,0.0
2018-12-06,153,UNKNOWN,NO,NO,INACTIVE,NONE,21.19,NO,NO,NO,NO,0.0,0.0,0.0,0.0,0.0,100000.0,100.0,100000.0,0.0,0.0
2018-12-07,154,UNKNOWN,NO,NO,INACTIVE,NONE,23.23,NO,NO,NO,NO,0.0,0.0,0.0,0.0,0.0,100000.0,100.0,100000.0,0.0,0.0
2018-12-10,155,UNKNOWN,NO,NO,INACTIVE,NONE,22.64,NO,NO,NO,NO,0.0,0.0,0.0,0.0,0.0,100000.0,100.0,100000.0,0.0,0.0
2018-12-11,156,UNKNOWN,NO,NO,INACTIVE,NONE,21.76,NO,NO,NO,YES,0.0,0.0,0.0,0.0,0.0,100000.0,100.0,100000.0,0.0,0.0
2018-12-12,157,UNKNOWN,NO,NO,INACTIVE,NONE,21.46,NO,NO,NO,YES,0.0,0.0,0.0,0.0,0.0,100000.0,100.0,100000.0,0.0,0.0
2018-12-13,158,UNKNOWN,NO,NO,INACTIVE,NONE,20.65,NO,NO,NO,YES,0.0,0.0,0.0,0.0,0.0,100000.0,100.0,100000.0,0.0,0.0
2018-12-14,159,UNKNOWN,NO,NO,INACTIVE,NONE,21.63,NO,NO,NO,NO,0.0,0.0,0.0,0.0,0.0,100000.0,100.0,100000.0,0.0,0.0
2018-12-17,160,UNKNOWN,NO,NO,INACTIVE,NONE,24.52,NO,NO,NO,NO,0.0,0.0,0.0,0.0,0.0,100000.0,100.0,100000.0,0.0,0.0
2018-12-18,161,UNKNOWN,NO,NO,INACTIVE,NONE,25.58,NO,NO,NO,NO,0.0,0.0,0.0,0.0,0.0,100000.0,100.0,100000.0,0.0,0.0
2018-12-19,162,UNKNOWN,NO,NO,INACTIVE,NONE,25.58,NO,NO,NO,NO,0.0,0.0,0.0,0.0,0.0,100000.0,100.0,100000.0,0.0,0.0
2018-12-20,163,UNKNOWN,NO,NO,INACTIVE,NONE,28.38,NO,NO,NO,NO,0.0,0.0,0.0,0.0,0.0,100000.0,100.0,100000.0,0.0,0.0
2018-12-21,164,UNKNOWN,NO,NO,INACTIVE,NONE,30.11,YES,NO,NO,NO,0.0,0.0,0.0,0.0,0.0,100000.0,100.0,100000.0,0.0,0.0
2018-12-24,165,UNKNOWN,NO,NO,INACTIVE,NONE,36.07,YES,NO,NO,NO,0.0,0.0,0.0,0.0,0.0,100000.0,100.0,100000.0,0.0,0.0
2018-12-26,166,UNKNOWN,NO,NO,INACTIVE,NONE,30.41,YES,NO,NO,NO,0.0,0.0,0.0,0.0,0.0,100000.0,100.0,100000.0,0.0,0.0
2018-12-27,167,UNKNOWN,NO,NO,INACTIVE,NONE,29.96,NO,NO,NO,YES,0.0,0.0,0.0,0.0,0.0,100000.0,100.0,100000.0,0.0,0.0
2018-12-28,168,UNKNOWN,NO,NO,INACTIVE,NONE,28.34,NO,NO,NO,YES,0.0,0.0,0.0,0.0,0.0,100000.0,100.0,100000.0,0.0,0.0
2018-12-31,169,UNKNOWN,NO,NO,INACTIVE,NONE,25.42,NO,NO,NO,YES,0.0,0.0,0.0,0.0,0.0,100000.0,100.0,100000.0,0.0,0.0
2019-01-02,170,UNKNOWN,NO,NO,INACTIVE,NONE,23.22,NO,NO,NO,YES,0.0,0.0,0.0,0.0,0.0,100000.0,100.0,100000.0,0.0,0.0
2019-01-03,171,UNKNOWN,NO,NO,INACTIVE,NONE,25.45,NO,NO,NO,NO,0.0,0.0,0.0,0.0,0.0,100000.0,100.0,100000.0,0.0,0.0
2019-01-04,172,UNKNOWN,NO,NO,INACTIVE,NONE,21.38,NO,NO,NO,NO,0.0,0.0,0.0,0.0,0.0,100000.0,100.0,100000.0,0.0,0.0
2019-01-07,173,UNKNOWN,NO,NO,INACTIVE,NONE,21.4,NO,NO,NO,NO,0.0,0.0,0.0,0.0,0.0,100000.0,100.0,100000.0,0.0,0.0
2019-01-08,174,UNKNOWN,NO,NO,INACTIVE,NONE,20.47,NO,NO,NO,NO,0.0,0.0,0.0,0.0,0.0,100000.0,100.0,100000.0,0.0,0.0
2019-01-09,175,UNKNOWN,NO,NO,INACTIVE,NONE,19.98,NO,NO,YES,YES,0.0,0.0,0.0,0.0,0.0,100000.0,100.0,100000.0,0.0,0.0
2019-01-10,176,UNKNOWN,NO,NO,INACTIVE,NONE,19.5,NO,NO,YES,YES,0.0,0.0,0.0,0.0,0.0,100000.0,100.0,100000.0,0.0,0.0
2019-01-11,177,UNKNOWN,NO,NO,INACTIVE,NONE,18.19,NO,NO,YES,YES,0.0,0.0,0.0,0.0,0.0,100000.0,100.0,100000.0,0.0,0.0
2019-01-14,178,UNKNOWN,NO,NO,INACTIVE,NONE,19.07,NO,NO,YES,NO,0.0,0.0,0.0,0.0,0.0,100000.0,100.0,100000.0,0.0,0.0
2019-01-15,179,UNKNOWN,NO,NO,INACTIVE,NONE,18.6,NO,NO,YES,NO,0.0,0.0,0.0,0.0,0.0,100000.0,100.0,100000.0,0.0,0.0
2019-01-16,180,UNKNOWN,NO,NO,INACTIVE,NONE,19.04,NO,NO,YES,NO,0.0,0.0,0.0,0.0,0.0,100000.0,100.0,100000.0,0.0,0.0
2019-01-17,181,UNKNOWN,NO,NO,INACTIVE,NONE,18.06,NO,NO,YES,NO,0.0,0.0,0.0,0.0,0.0,100000.0,100.0,100000.0,0.0,0.0
2019-01-18,182,UNKNOWN,NO,NO,INACTIVE,NONE,17.8,NO,NO,YES,YES,0.0,0.0,0.0,0.0,0.0,100000.0,100.0,100000.0,0.0,0.0
2019-01-22,183,UNKNOWN,NO,NO,INACTIVE,NONE,20.8,NO,NO,NO,NO,0.0,0.0,0.0,0.0,0.0,100000.0,100.0,100000.0,0.0,0.0
2019-01-23,184,UNKNOWN,NO,NO,INACTIVE,NONE,19.52,NO,NO,YES,NO,0.0,0.0,0.0,0.0,0.0,100000.0,100.0,100000.0,0.0,0.0
2019-01-24,185,UNKNOWN,NO,NO,INACTIVE,NONE,18.89,NO,NO,YES,YES,0.0,0.0,0.0,0.0,0.0,100000.0,100.0,100000.0,0.0,0.0
2019-01-25,186,UNKNOWN,NO,NO,INACTIVE,NONE,17.42,NO,NO,YES,YES,0.0,0.0,0.0,0.0,0.0,100000.0,100.0,100000.0,0.0,0.0
2019-01-28,187,UNKNOWN,NO,NO,INACTIVE,NONE,18.87,NO,NO,YES,NO,0.0,0.0,0.0,0.0,0.0,100000.0,100.0,100000.0,0.0,0.0
2019-01-29,188,UNKNOWN,NO,NO,INACTIVE,NONE,19.13,NO,NO,YES,NO,0.0,0.0,0.0,0.0,0.0,100000.0,100.0,100000.0,0.0,0.0
2019-01-30,189,UNKNOWN,NO,NO,INACTIVE,NONE,17.66,NO,NO,YES,NO,0.0,0.0,0.0,0.0,0.0,100000.0,100.0,100000.0,0.0,0.0
2019-01-31,190,UNKNOWN,NO,NO,INACTIVE,NONE,16.57,NO,NO,YES,YES,0.0,0.0,0.0,0.0,0.0,100000.0,100.0,100000.0,0.0,0.0
2019-02-01,191,UNKNOWN,NO,NO,INACTIVE,NONE,16.14,NO,NO,YES,YES,0.0,0.0,0.0,0.0,0.0,100000.0,100.0,100000.0,0.0,0.0
2019-02-04,192,UNKNOWN,NO,NO,INACTIVE,NONE,15.73,NO,NO,YES,YES,0.0,0.0,0.0,0.0,0.0,100000.0,100.0,100000.0,0.0,0.0
2019-02-05,193,UNKNOWN,NO,NO,INACTIVE,NONE,15.57,NO,NO,YES,YES,0.0,0.0,0.0,0.0,0.0,100000.0,100.0,100000.0,0.0,0.0
2019-02-06,194,UNKNOWN,NO,NO,INACTIVE,NONE,15.38,NO,NO,YES,YES,0.0,0.0,0.0,0.0,0.0,100000.0,100.0,100000.0,0.0,0.0
2019-02-07,195,UNKNOWN,NO,NO,INACTIVE,NONE,16.37,NO,NO,YES,NO,0.0,0.0,0.0,0.0,0.0,100000.0,100.0,100000.0,0.0,0.0
2019-02-08,196,UNKNOWN,NO,NO,INACTIVE,NONE,15.72,NO,NO,YES,NO,0.0,0.0,0.0,0.0,0.0,100000.0,100.0,100000.0,0.0,0.0
2019-02-11,197,UNKNOWN,NO,NO,INACTIVE,NONE,15.97,NO,NO,YES,NO,0.0,0.0,0.0,0.0,0.0,100000.0,100.0,100000.0,0.0,0.0
2019-02-12,198,UNKNOWN,NO,NO,INACTIVE,NONE,15.43,NO,NO,YES,NO,0.0,0.0,0.0,0.0,0.0,100000.0,100.0,100000.0,0.0,0.0
2019-02-13,199,UNKNOWN,NO,NO,INACTIVE,NONE,15.65,NO,NO,YES,NO,0.0,0.0,0.0,0.0,0.0,100000.0,100.0,100000.0,0.0,0.0
2019-02-14,200,CASH,YES,NO,CASH_IDLE,NONE,16.22,NO,NO,YES,NO,0.0,0.0,0.0,0.0,0.0,100000.0,100.0,100000.0,0.0,0.0
2019-02-15,201,CASH,YES,NO,CASH_IDLE,NONE,14.91,NO,NO,YES,NO,0.0,0.0,0.0,0.0,0.0,100000.0,100.0,100000.0,0.0,0.0
2019-02-19,202,SMA_RECOVERY,NO,NO,INACTIVE,NONE,14.88,NO,NO,YES,YES,0.0,0.0,0.0,0.0,0.0,100000.0,100.0,100000.0,0.0,0.0
2019-02-20,203,BULL_100,NO,NO,INACTIVE,NONE,14.02,NO,NO,YES,YES,0.0,0.0,0.0,0.0,0.0,100000.0,100.0,100000.0,0.0,0.0
2019-02-21,204,BULL_100,NO,NO,INACTIVE,NONE,14.46,NO,NO,YES,NO,0.0,0.0,0.0,0.0,0.0,100000.0,100.0,100000.0,0.0,0.0
2019-02-22,205,BULL_100,NO,NO,INACTIVE,NONE,13.51,NO,NO,YES,NO,0.0,0.0,0.0,0.0,0.0,100000.0,100.0,100000.0,0.0,0.0
2019-02-25,206,BULL_100,NO,NO,INACTIVE,NONE,14.85,NO,NO,YES,NO,0.0,0.0,0.0,0.0,0.0,100000.0,100.0,100000.0,0.0,0.0
2019-02-26,207,BULL_100,NO,NO,INACTIVE,NONE,15.17,NO,NO,YES,NO,0.0,0.0,0.0,0.0,0.0,100000.0,100.0,100000.0,0.0,0.0
2019-02-27,208,BULL_100,NO,NO,INACTIVE,NONE,14.7,NO,NO,YES,NO,0.0,0.0,0.0,0.0,0.0,100000.0,100.0,100000.0,0.0,0.0
2019-02-28,209,BULL_100,NO,NO,INACTIVE,NONE,14.78,NO,NO,YES,NO,0.0,0.0,0.0,0.0,0.0,100000.0,100.0,100000.0,0.0,0.0
2019-03-01,210,BULL_100,NO,NO,INACTIVE,NONE,13.57,NO,NO,YES,NO,0.0,0.0,0.0,0.0,0.0,100000.0,100.0,100000.0,0.0,0.0
2019-03-04,211,BULL_100,NO,NO,INACTIVE,NONE,14.63,NO,NO,YES,NO,0.0,0.0,0.0,0.0,0.0,100000.0,100.0,100000.0,0.0,0.0
2019-03-05,212,BULL_100,NO,NO,INACTIVE,NONE,14.74,NO,NO,YES,NO,0.0,0.0,0.0,0.0,0.0,100000.0,100.0,100000.0,0.0,0.0
2019-03-06,213,BULL_100,NO,NO,INACTIVE,NONE,15.74,NO,NO,YES,NO,0.0,0.0,0.0,0.0,0.0,100000.0,100.0,100000.0,0.0,0.0
2019-03-07,214,BULL_100,NO,NO,INACTIVE,NONE,16.59,NO,NO,YES,NO,0.0,0.0,0.0,0.0,0.0,100000.0,100.0,100000.0,0.0,0.0
2019-03-08,215,BULL_100,NO,NO,INACTIVE,NONE,16.05,NO,NO,YES,NO,0.0,0.0,0.0,0.0,0.0,100000.0,100.0,100000.0,0.0,0.0
2019-03-11,216,BULL_100,NO,NO,INACTIVE,NONE,14.33,NO,NO,YES,YES,0.0,0.0,0.0,0.0,0.0,100000.0,100.0,100000.0,0.0,0.0
2019-03-12,217,BULL_100,NO,NO,INACTIVE,NONE,13.77,NO,NO,YES,YES,0.0,0.0,0.0,0.0,0.0,100000.0,100.0,100000.0,0.0,0.0
2019-03-13,218,BULL_100,NO,NO,INACTIVE,NONE,13.41,NO,NO,YES,YES,0.0,0.0,0.0,0.0,0.0,100000.0,100.0,100000.0,0.0,0.0
2019-03-14,219,BULL_100,NO,NO,INACTIVE,NONE,13.5,NO,NO,YES,NO,0.0,0.0,0.0,0.0,0.0,100000.0,100.0,100000.0,0.0,0.0
2019-03-15,220,BULL_100,NO,NO,INACTIVE,NONE,12.88,NO,NO,YES,NO,0.0,0.0,0.0,0.0,0.0,100000.0,100.0,100000.0,0.0,0.0
2019-03-18,221,BULL_100,NO,NO,INACTIVE,NONE,13.1,NO,NO,YES,NO,0.0,0.0,0.0,0.0,0.0,100000.0,100.0,100000.0,0.0,0.0
2019-03-19,222,BULL_100,NO,NO,INACTIVE,NONE,13.56,NO,NO,YES,NO,0.0,0.0,0.0,0.0,0.0,100000.0,100.0,100000.0,0.0,0.0
2019-03-20,223,BULL_100,NO,NO,INACTIVE,NONE,13.91,NO,NO,YES,NO,0.0,0.0,0.0,0.0,0.0,100000.0,100.0,100000.0,0.0,0.0
2019-03-21,224,BULL_100,NO,NO,INACTIVE,NONE,13.63,NO,NO,YES,NO,0.0,0.0,0.0,0.0,0.0,100000.0,100.0,100000.0,0.0,0.0
2019-03-22,225,BULL_100,NO,NO,INACTIVE,NONE,16.48,NO,NO,YES,NO,0.0,0.0,0.0,0.0,0.0,100000.0,100.0,100000.0,0.0,0.0
2019-03-25,226,BULL_100,NO,NO,INACTIVE,NONE,16.33,NO,NO,YES,NO,0.0,0.0,0.0,0.0,0.0,100000.0,100.0,100000.0,0.0,0.0
2019-03-26,227,BULL_100,NO,NO,INACTIVE,NONE,14.68,NO,NO,YES,YES,0.0,0.0,0.0,0.0,0.0,100000.0,100.0,100000.0,0.0,0.0
2019-03-27,228,BULL_100,NO,NO,INACTIVE,NONE,15.15,NO,NO,YES,NO,0.0,0.0,0.0,0.0,0.0,100000.0,100.0,100000.0,0.0,0.0
2019-03-28,229,BULL_100,NO,NO,INACTIVE,NONE,14.43,NO,NO,YES,NO,0.0,0.0,0.0,0.0,0.0,100000.0,100.0,100000.0,0.0,0.0
2019-03-29,230,BULL_100,NO,NO,INACTIVE,NONE,13.71,NO,NO,YES,YES,0.0,0.0,0.0,0.0,0.0,100000.0,100.0,100000.0,0.0,0.0
2019-04-01,231,BULL_100,NO,NO,INACTIVE,NONE,13.4,NO,NO,YES,YES,0.0,0.0,0.0,0.0,0.0,100000.0,100.0,100000.0,0.0,0.0
2019-04-02,232,BULL_100,NO,NO,INACTIVE,NONE,13.36,NO,NO,YES,YES,0.0,0.0,0.0,0.0,0.0,100000.0,100.0,100000.0,0.0,0.0
2019-04-03,233,BULL_100,NO,NO,INACTIVE,NONE,13.74,NO,NO,YES,NO,0.0,0.0,0.0,0.0,0.0,100000.0,100.0,100000.0,0.0,0.0
2019-04-04,234,BULL_100,NO,NO,INACTIVE,NONE,13.58,NO,NO,YES,NO,0.0,0.0,0.0,0.0,0.0,100000.0,100.0,100000.0,0.0,0.0
2019-04-05,235,BULL_100,NO,NO,INACTIVE,NONE,12.82,NO,NO,YES,YES,0.0,0.0,0.0,0.0,0.0,100000.0,100.0,100000.0,0.0,0.0
2019-04-08,236,BULL_100,NO,NO,INACTIVE,NONE,13.18,NO,NO,YES,NO,0.0,0.0,0.0,0.0,0.0,100000.0,100.0,100000.0,0.0,0.0
2019-04-09,237,BULL_100,NO,NO,INACTIVE,NONE,14.28,NO,NO,YES,NO,0.0,0.0,0.0,0.0,0.0,100000.0,100.0,100000.0,0.0,0.0
2019-04-10,238,BULL_100,NO,NO,INACTIVE,NONE,13.3,NO,NO,YES,NO,0.0,0.0,0.0,0.0,0.0,100000.0,100.0,100000.0,0.0,0.0
2019-04-11,239,BULL_100,NO,NO,INACTIVE,NONE,13.02,NO,NO,YES,YES,0.0,0.0,0.0,0.0,0.0,100000.0,100.0,100000.0,0.0,0.0
2019-04-12,240,BULL_100,NO,NO,INACTIVE,NONE,12.01,NO,NO,YES,YES,0.0,0.0,0.0,0.0,0.0,100000.0,100.0,100000.0,0.0,0.0
2019-04-15,241,BULL_100,NO,NO,INACTIVE,NONE,12.32,NO,NO,YES,NO,0.0,0.0,0.0,0.0,0.0,100000.0,100.0,100000.0,0.0,0.0
2019-04-16,242,BULL_100,NO,NO,INACTIVE,NONE,12.18,NO,NO,YES,NO,0.0,0.0,0.0,0.0,0.0,100000.0,100.0,100000.0,0.0,0.0
2019-04-17,243,BULL_100,NO,NO,INACTIVE,NONE,12.6,NO,NO,YES,NO,0.0,0.0,0.0,0.0,0.0,100000.0,100.0,100000.0,0.0,0.0
2019-04-18,244,BULL_100,NO,NO,INACTIVE,NONE,12.09,NO,NO,YES,NO,0.0,0.0,0.0,0.0,0.0,100000.0,100.0,100000.0,0.0,0.0
2019-04-22,245,BULL_100,NO,NO,INACTIVE,NONE,12.42,NO,NO,YES,NO,0.0,0.0,0.0,0.0,0.0,100000.0,100.0,100000.0,0.0,0.0
2019-04-23,246,BULL_100,NO,NO,INACTIVE,NONE,12.28,NO,NO,YES,NO,0.0,0.0,0.0,0.0,0.0,100000.0,100.0,100000.0,0.0,0.0
2019-04-24,247,BULL_100,NO,NO,INACTIVE,NONE,13.14,NO,NO,YES,NO,0.0,0.0,0.0,0.0,0.0,100000.0,100.0,100000.0,0.0,0.0
2019-04-25,248,BULL_100,NO,NO,INACTIVE,NONE,13.25,NO,NO,YES,NO,0.0,0.0,0.0,0.0,0.0,100000.0,100.0,100000.0,0.0,0.0
2019-04-26,249,BULL_100,NO,NO,INACTIVE,NONE,12.73,NO,NO,YES,NO,0.0,0.0,0.0,0.0,0.0,100000.0,100.0,100000.0,0.0,0.0
2019-04-29,250,BULL_100,NO,NO,INACTIVE,NONE,13.11,NO,NO,YES,NO,0.0,0.0,0.0,0.0,0.0,100000.0,100.0,100000.0,0.0,0.0
2019-04-30,251,BULL_100,NO,NO,INACTIVE,NONE,13.12,NO,NO,YES,NO,0.0,0.0,0.0,0.0,0.0,100000.0,100.0,100000.0,0.0,0.0
2019-05-01,252,BULL_100,NO,NO,INACTIVE,NONE,14.8,NO,NO,YES,NO,0.0,0.0,0.0,0.0,0.0,100000.0,100.0,100000.0,0.0,0.0
2019-05-02,253,BULL_100,NO,NO,INACTIVE,NONE,14.42,NO,NO,YES,NO,0.0,0.0,0.0,0.0,0.0,100000.0,100.0,100000.0,0.0,0.0
2019-05-03,254,BULL_100,NO,NO,INACTIVE,NONE,12.87,NO,NO,YES,YES,0.0,0.0,0.0,0.0,0.0,100000.0,100.0,100000.0,0.0,0.0
2019-05-06,255,BULL_100,NO,NO,INACTIVE,NONE,15.44,NO,NO,YES,NO,0.0,0.0,0.0,0.0,0.0,100000.0,100.0,100000.0,0.0,0.0
2019-05-07,256,BULL_100,NO,NO,INACTIVE,NONE,19.32,NO,NO,YES,NO,0.0,0.0,0.0,0.0,0.0,100000.0,100.0,100000.0,0.0,0.0
2019-05-08,257,BULL_100,NO,NO,INACTIVE,NONE,19.4,NO,NO,YES,NO,0.0,0.0,0.0,0.0,0.0,100000.0,100.0,100000.0,0.0,0.0
2019-05-09,258,BULL_100,NO,NO,INACTIVE,NONE,19.1,NO,NO,YES,NO,0.0,0.0,0.0,0.0,0.0,100000.0,100.0,100000.0,0.0,0.0
2019-05-10,259,BULL_100,NO,NO,INACTIVE,NONE,16.04,NO,NO,YES,YES,0.0,0.0,0.0,0.0,0.0,100000.0,100.0,100000.0,0.0,0.0
2019-05-13,260,BULL_100,NO,NO,INACTIVE,NONE,20.55,NO,NO,NO,NO,0.0,0.0,0.0,0.0,0.0,100000.0,100.0,100000.0,0.0,0.0
2019-05-14,261,BULL_100,NO,NO,INACTIVE,NONE,18.06,NO,NO,YES,NO,0.0,0.0,0.0,0.0,0.0,100000.0,100.0,100000.0,0.0,0.0
2019-05-15,262,DEFENSIVE_BOTH,NO,NO,INACTIVE,NONE,16.44,NO,NO,YES,YES,0.0,0.0,0.0,0.0,0.0,100000.0,100.0,100000.0,0.0,0.0
2019-05-16,263,DEFENSIVE_BOTH,NO,NO,INACTIVE,NONE,15.29,NO,NO,YES,YES,0.0,0.0,0.0,0.0,0.0,100000.0,100.0,100000.0,0.0,0.0
2019-05-17,264,DEFENSIVE_BOTH,NO,NO,INACTIVE,NONE,15.96,NO,NO,YES,NO,0.0,0.0,0.0,0.0,0.0,100000.0,100.0,100000.0,0.0,0.0
2019-05-20,265,DEFENSIVE_BOTH,NO,NO,INACTIVE,NONE,16.31,NO,NO,YES,NO,0.0,0.0,0.0,0.0,0.0,100000.0,100.0,100000.0,0.0,0.0
2019-05-21,266,DEFENSIVE_BOTH,NO,NO,INACTIVE,NONE,14.95,NO,NO,YES,NO,0.0,0.0,0.0,0.0,0.0,100000.0,100.0,100000.0,0.0,0.0
2019-05-22,267,DEFENSIVE_BOTH,NO,NO,INACTIVE,NONE,14.75,NO,NO,YES,YES,0.0,0.0,0.0,0.0,0.0,100000.0,100.0,100000.0,0.0,0.0
2019-05-23,268,DEFENSIVE_BOTH,NO,NO,INACTIVE,NONE,16.92,NO,NO,YES,NO,0.0,0.0,0.0,0.0,0.0,100000.0,100.0,100000.0,0.0,0.0
2019-05-24,269,DEFENSIVE_BOTH,NO,NO,INACTIVE,NONE,15.85,NO,NO,YES,NO,0.0,0.0,0.0,0.0,0.0,100000.0,100.0,100000.0,0.0,0.0
2019-05-28,270,DEFENSIVE_BOTH,NO,NO,INACTIVE,NONE,17.5,NO,NO,YES,NO,0.0,0.0,0.0,0.0,0.0,100000.0,100.0,100000.0,0.0,0.0
2019-05-29,271,DEFENSIVE_BOTH,NO,NO,INACTIVE,NONE,17.9,NO,NO,YES,NO,0.0,0.0,0.0,0.0,0.0,100000.0,100.0,100000.0,0.0,0.0
2019-05-30,272,DEFENSIVE_BOTH,NO,NO,INACTIVE,NONE,17.3,NO,NO,YES,NO,0.0,0.0,0.0,0.0,0.0,100000.0,100.0,100000.0,0.0,0.0
2019-05-31,273,CASH,YES,NO,CASH_IDLE,NONE,18.71,NO,NO,YES,NO,0.0,0.0,0.0,0.0,0.0,100000.0,100.0,100000.0,0.0,0.0
2019-06-03,274,CASH,YES,NO,CASH_IDLE,NONE,18.86,NO,NO,YES,NO,0.0,0.0,0.0,0.0,0.0,100000.0,100.0,100000.0,0.0,0.0
2019-06-04,275,CASH,YES,NO,CASH_IDLE,NONE,16.97,NO,NO,YES,NO,0.0,0.0,0.0,0.0,0.0,100000.0,100.0,100000.0,0.0,0.0
2019-06-05,276,SMA_RECOVERY,NO,NO,INACTIVE,NONE,16.09,NO,NO,YES,YES,0.0,0.0,0.0,0.0,0.0,100000.0,100.0,100000.0,0.0,0.0
2019-06-06,277,SMA_RECOVERY,NO,NO,INACTIVE,NONE,15.93,NO,NO,YES,YES,0.0,0.0,0.0,0.0,0.0,100000.0,100.0,100000.0,0.0,0.0
2019-06-07,278,SMA_RECOVERY,NO,NO,INACTIVE,NONE,16.3,NO,NO,YES,NO,0.0,0.0,0.0,0.0,0.0,100000.0,100.0,100000.0,0.0,0.0
2019-06-10,279,SMA_RECOVERY,NO,NO,INACTIVE,NONE,15.94,NO,NO,YES,NO,0.0,0.0,0.0,0.0,0.0,100000.0,100.0,100000.0,0.0,0.0
2019-06-11,280,SMA_RECOVERY,NO,NO,INACTIVE,NONE,15.99,NO,NO,YES,NO,0.0,0.0,0.0,0.0,0.0,100000.0,100.0,100000.0,0.0,0.0
2019-06-12,281,SMA_RECOVERY,NO,NO,INACTIVE,NONE,15.91,NO,NO,YES,NO,0.0,0.0,0.0,0.0,0.0,100000.0,100.0,100000.0,0.0,0.0
2019-06-13,282,SMA_RECOVERY,NO,NO,INACTIVE,NONE,15.82,NO,NO,YES,YES,0.0,0.0,0.0,0.0,0.0,100000.0,100.0,100000.0,0.0,0.0
2019-06-14,283,SMA_RECOVERY,NO,NO,INACTIVE,NONE,15.28,NO,NO,YES,YES,0.0,0.0,0.0,0.0,0.0,100000.0,100.0,100000.0,0.0,0.0
2019-06-17,284,SMA_RECOVERY,NO,NO,INACTIVE,NONE,15.35,NO,NO,YES,NO,0.0,0.0,0.0,0.0,0.0,100000.0,100.0,100000.0,0.0,0.0
2019-06-18,285,BULL_100,NO,NO,INACTIVE,NONE,15.15,NO,NO,YES,NO,0.0,0.0,0.0,0.0,0.0,100000.0,100.0,100000.0,0.0,0.0
2019-06-19,286,BULL_100,NO,NO,INACTIVE,NONE,14.33,NO,NO,YES,YES,0.0,0.0,0.0,0.0,0.0,100000.0,100.0,100000.0,0.0,0.0
2019-06-20,287,BULL_100,NO,NO,INACTIVE,NONE,14.75,NO,NO,YES,NO,0.0,0.0,0.0,0.0,0.0,100000.0,100.0,100000.0,0.0,0.0
2019-06-21,288,BULL_100,NO,NO,INACTIVE,NONE,15.4,NO,NO,YES,NO,0.0,0.0,0.0,0.0,0.0,100000.0,100.0,100000.0,0.0,0.0
2019-06-24,289,BULL_100,NO,NO,INACTIVE,NONE,15.26,NO,NO,YES,NO,0.0,0.0,0.0,0.0,0.0,100000.0,100.0,100000.0,0.0,0.0
2019-06-25,290,BULL_100,NO,NO,INACTIVE,NONE,16.28,NO,NO,YES,NO,0.0,0.0,0.0,0.0,0.0,100000.0,100.0,100000.0,0.0,0.0
2019-06-26,291,BULL_100,NO,NO,INACTIVE,NONE,16.21,NO,NO,YES,NO,0.0,0.0,0.0,0.0,0.0,100000.0,100.0,100000.0,0.0,0.0
2019-06-27,292,BULL_100,NO,NO,INACTIVE,NONE,15.82,NO,NO,YES,YES,0.0,0.0,0.0,0.0,0.0,100000.0,100.0,100000.0,0.0,0.0
2019-06-28,293,BULL_100,NO,NO,INACTIVE,NONE,15.08,NO,NO,YES,YES,0.0,0.0,0.0,0.0,0.0,100000.0,100.0,100000.0,0.0,0.0
2019-07-01,294,BULL_100,NO,NO,INACTIVE,NONE,14.06,NO,NO,YES,YES,0.0,0.0,0.0,0.0,0.0,100000.0,100.0,100000.0,0.0,0.0
2019-07-02,295,BULL_100,NO,NO,INACTIVE,NONE,12.93,NO,NO,YES,YES,0.0,0.0,0.0,0.0,0.0,100000.0,100.0,100000.0,0.0,0.0
2019-07-03,296,BULL_100,NO,NO,INACTIVE,NONE,12.57,NO,NO,YES,YES,0.0,0.0,0.0,0.0,0.0,100000.0,100.0,100000.0,0.0,0.0
2019-07-05,297,BULL_100,NO,NO,INACTIVE,NONE,13.28,NO,NO,YES,NO,0.0,0.0,0.0,0.0,0.0,100000.0,100.0,100000.0,0.0,0.0
2019-07-08,298,BULL_100,NO,NO,INACTIVE,NONE,13.96,NO,NO,YES,NO,0.0,0.0,0.0,0.0,0.0,100000.0,100.0,100000.0,0.0,0.0
2019-07-09,299,BULL_100,NO,NO,INACTIVE,NONE,14.09,NO,NO,YES,NO,0.0,0.0,0.0,0.0,0.0,100000.0,100.0,100000.0,0.0,0.0
2019-07-10,300,BULL_100,NO,NO,INACTIVE,NONE,13.03,NO,NO,YES,NO,0.0,0.0,0.0,0.0,0.0,100000.0,100.0,100000.0,0.0,0.0
2019-07-11,301,BULL_100,NO,NO,INACTIVE,NONE,12.93,NO,NO,YES,YES,0.0,0.0,0.0,0.0,0.0,100000.0,100.0,100000.0,0.0,0.0
2019-07-12,302,BULL_100,NO,NO,INACTIVE,NONE,12.39,NO,NO,YES,YES,0.0,0.0,0.0,0.0,0.0,100000.0,100.0,100000.0,0.0,0.0
2019-07-15,303,BULL_100,NO,NO,INACTIVE,NONE,12.68,NO,NO,YES,NO,0.0,0.0,0.0,0.0,0.0,100000.0,100.0,100000.0,0.0,0.0
2019-07-16,304,BULL_100,NO,NO,INACTIVE,NONE,12.86,NO,NO,YES,NO,0.0,0.0,0.0,0.0,0.0,100000.0,100.0,100000.0,0.0,0.0
2019-07-17,305,BULL_100,NO,NO,INACTIVE,NONE,13.97,NO,NO,YES,NO,0.0,0.0,0.0,0.0,0.0,100000.0,100.0,100000.0,0.0,0.0
2019-07-18,306,BULL_100,NO,NO,INACTIVE,NONE,13.53,NO,NO,YES,NO,0.0,0.0,0.0,0.0,0.0,100000.0,100.0,100000.0,0.0,0.0
2019-07-19,307,BULL_100,NO,NO,INACTIVE,NONE,14.45,NO,NO,YES,NO,0.0,0.0,0.0,0.0,0.0,100000.0,100.0,100000.0,0.0,0.0
2019-07-22,308,BULL_100,NO,NO,INACTIVE,NONE,13.53,NO,NO,YES,NO,0.0,0.0,0.0,0.0,0.0,100000.0,100.0,100000.0,0.0,0.0
2019-07-23,309,BULL_100,NO,NO,INACTIVE,NONE,12.61,NO,NO,YES,YES,0.0,0.0,0.0,0.0,0.0,100000.0,100.0,100000.0,0.0,0.0
2019-07-24,310,BULL_100,NO,NO,INACTIVE,NONE,12.07,NO,NO,YES,YES,0.0,0.0,0.0,0.0,0.0,100000.0,100.0,100000.0,0.0,0.0
2019-07-25,311,BULL_100,NO,NO,INACTIVE,NONE,12.74,NO,NO,YES,NO,0.0,0.0,0.0,0.0,0.0,100000.0,100.0,100000.0,0.0,0.0
2019-07-26,312,BULL_100,NO,NO,INACTIVE,NONE,12.16,NO,NO,YES,NO,0.0,0.0,0.0,0.0,0.0,100000.0,100.0,100000.0,0.0,0.0
2019-07-29,313,BULL_100,NO,NO,INACTIVE,NONE,12.83,NO,NO,YES,NO,0.0,0.0,0.0,0.0,0.0,100000.0,100.0,100000.0,0.0,0.0
2019-07-30,314,BULL_100,NO,NO,INACTIVE,NONE,13.94,NO,NO,YES,NO,0.0,0.0,0.0,0.0,0.0,100000.0,100.0,100000.0,0.0,0.0
2019-07-31,315,BULL_100,NO,NO,INACTIVE,NONE,16.12,NO,NO,YES,NO,0.0,0.0,0.0,0.0,0.0,100000.0,100.0,100000.0,0.0,0.0
2019-08-01,316,BULL_100,NO,NO,INACTIVE,NONE,17.87,NO,NO,YES,NO,0.0,0.0,0.0,0.0,0.0,100000.0,100.0,100000.0,0.0,0.0
2019-08-02,317,BULL_100,NO,NO,INACTIVE,NONE,17.61,NO,NO,YES,NO,0.0,0.0,0.0,0.0,0.0,100000.0,100.0,100000.0,0.0,0.0
2019-08-05,318,BULL_100,NO,NO,INACTIVE,NONE,24.59,NO,NO,NO,NO,0.0,0.0,0.0,0.0,0.0,100000.0,100.0,100000.0,0.0,0.0
2019-08-06,319,CASH,YES,NO,CASH_IDLE,NONE,20.17,NO,NO,NO,NO,0.0,0.0,0.0,0.0,0.0,100000.0,100.0,100000.0,0.0,0.0
2019-08-07,320,SMA_RECOVERY,NO,NO,INACTIVE,NONE,19.49,NO,NO,YES,YES,0.0,0.0,0.0,0.0,0.0,100000.0,100.0,100000.0,0.0,0.0
2019-08-08,321,SMA_RECOVERY,NO,NO,INACTIVE,NONE,16.91,NO,NO,YES,YES,0.0,0.0,0.0,0.0,0.0,100000.0,100.0,100000.0,0.0,0.0
2019-08-09,322,BULL_100,NO,NO,INACTIVE,NONE,17.97,NO,NO,YES,NO,0.0,0.0,0.0,0.0,0.0,100000.0,100.0,100000.0,0.0,0.0
2019-08-12,323,BULL_100,NO,NO,INACTIVE,NONE,21.09,NO,NO,NO,NO,0.0,0.0,0.0,0.0,0.0,100000.0,100.0,100000.0,0.0,0.0
2019-08-13,324,DEFENSIVE_BOTH,NO,NO,INACTIVE,NONE,17.52,NO,NO,YES,NO,0.0,0.0,0.0,0.0,0.0,100000.0,100.0,100000.0,0.0,0.0
2019-08-14,325,DEFENSIVE_BOTH,NO,NO,INACTIVE,NONE,22.1,NO,NO,NO,NO,0.0,0.0,0.0,0.0,0.0,100000.0,100.0,100000.0,0.0,0.0
2019-08-15,326,DEFENSIVE_BOTH,NO,NO,INACTIVE,NONE,21.18,NO,NO,NO,NO,0.0,0.0,0.0,0.0,0.0,100000.0,100.0,100000.0,0.0,0.0
2019-08-16,327,DEFENSIVE_BOTH,NO,NO,INACTIVE,NONE,18.47,NO,NO,YES,YES,0.0,0.0,0.0,0.0,0.0,100000.0,100.0,100000.0,0.0,0.0
2019-08-19,328,DEFENSIVE_BOTH,NO,NO,INACTIVE,NONE,16.88,NO,NO,YES,YES,0.0,0.0,0.0,0.0,0.0,100000.0,100.0,100000.0,0.0,0.0
2019-08-20,329,DEFENSIVE_BOTH,NO,NO,INACTIVE,NONE,17.5,NO,NO,YES,NO,0.0,0.0,0.0,0.0,0.0,100000.0,100.0,100000.0,0.0,0.0
2019-08-21,330,DEFENSIVE_BOTH,NO,NO,INACTIVE,NONE,15.8,NO,NO,YES,NO,0.0,0.0,0.0,0.0,0.0,100000.0,100.0,100000.0,0.0,0.0
2019-08-22,331,DEFENSIVE_BOTH,NO,NO,INACTIVE,NONE,16.68,NO,NO,YES,NO,0.0,0.0,0.0,0.0,0.0,100000.0,100.0,100000.0,0.0,0.0
2019-08-23,332,DEFENSIVE_BOTH,NO,NO,INACTIVE,NONE,19.87,NO,NO,YES,NO,0.0,0.0,0.0,0.0,0.0,100000.0,100.0,100000.0,0.0,0.0
2019-08-26,333,DEFENSIVE_BOTH,NO,NO,INACTIVE,NONE,19.32,NO,NO,YES,NO,0.0,0.0,0.0,0.0,0.0,100000.0,100.0,100000.0,0.0,0.0
2019-08-27,334,DEFENSIVE_BOTH,NO,NO,INACTIVE,NONE,20.31,NO,NO,NO,NO,0.0,0.0,0.0,0.0,0.0,100000.0,100.0,100000.0,0.0,0.0
2019-08-28,335,DEFENSIVE_BOTH,NO,NO,INACTIVE,NONE,19.35,NO,NO,YES,NO,0.0,0.0,0.0,0.0,0.0,100000.0,100.0,100000.0,0.0,0.0
2019-08-29,336,DEFENSIVE_BOTH,NO,NO,INACTIVE,NONE,17.88,NO,NO,YES,YES,0.0,0.0,0.0,0.0,0.0,100000.0,100.0,100000.0,0.0,0.0
2019-08-30,337,DEFENSIVE_BOTH,NO,NO,INACTIVE,NONE,18.98,NO,NO,YES,NO,0.0,0.0,0.0,0.0,0.0,100000.0,100.0,100000.0,0.0,0.0
2019-09-03,338,DEFENSIVE_BOTH,NO,NO,INACTIVE,NONE,19.66,NO,NO,YES,NO,0.0,0.0,0.0,0.0,0.0,100000.0,100.0,100000.0,0.0,0.0
2019-09-04,339,DEFENSIVE_BOTH,NO,NO,INACTIVE,NONE,17.33,NO,NO,YES,NO,0.0,0.0,0.0,0.0,0.0,100000.0,100.0,100000.0,0.0,0.0
2019-09-05,340,DEFENSIVE_BOTH,NO,NO,INACTIVE,NONE,16.27,NO,NO,YES,YES,0.0,0.0,0.0,0.0,0.0,100000.0,100.0,100000.0,0.0,0.0
2019-09-06,341,DEFENSIVE_QQQ,NO,NO,INACTIVE,NONE,15.0,NO,NO,YES,YES,0.0,0.0,0.0,0.0,0.0,100000.0,100.0,100000.0,0.0,0.0
2019-09-09,342,BULL_100,NO,NO,INACTIVE,NONE,15.27,NO,NO,YES,NO,0.0,0.0,0.0,0.0,0.0,100000.0,100.0,100000.0,0.0,0.0
2019-09-10,343,BULL_100,NO,NO,INACTIVE,NONE,15.2,NO,NO,YES,NO,0.0,0.0,0.0,0.0,0.0,100000.0,100.0,100000.0,0.0,0.0
2019-09-11,344,BULL_100,NO,NO,INACTIVE,NONE,14.61,NO,NO,YES,YES,0.0,0.0,0.0,0.0,0.0,100000.0,100.0,100000.0,0.0,0.0
2019-09-12,345,BULL_100,NO,NO,INACTIVE,NONE,14.22,NO,NO,YES,YES,0.0,0.0,0.0,0.0,0.0,100000.0,100.0,100000.0,0.0,0.0
2019-09-13,346,BULL_100,NO,NO,INACTIVE,NONE,13.74,NO,NO,YES,YES,0.0,0.0,0.0,0.0,0.0,100000.0,100.0,100000.0,0.0,0.0
2019-09-16,347,BULL_100,NO,NO,INACTIVE,NONE,14.67,NO,NO,YES,NO,0.0,0.0,0.0,0.0,0.0,100000.0,100.0,100000.0,0.0,0.0
2019-09-17,348,BULL_100,NO,NO,INACTIVE,NONE,14.44,NO,NO,YES,NO,0.0,0.0,0.0,0.0,0.0,100000.0,100.0,100000.0,0.0,0.0
2019-09-18,349,BULL_100,NO,NO,INACTIVE,NONE,13.95,NO,NO,YES,YES,0.0,0.0,0.0,0.0,0.0,100000.0,100.0,100000.0,0.0,0.0
2019-09-19,350,BULL_100,NO,NO,INACTIVE,NONE,14.05,NO,NO,YES,NO,0.0,0.0,0.0,0.0,0.0,100000.0,100.0,100000.0,0.0,0.0
2019-09-20,351,BULL_100,NO,NO,INACTIVE,NONE,15.32,NO,NO,YES,NO,0.0,0.0,0.0,0.0,0.0,100000.0,100.0,100000.0,0.0,0.0
2019-09-23,352,BULL_100,NO,NO,INACTIVE,NONE,14.91,NO,NO,YES,NO,0.0,0.0,0.0,0.0,0.0,100000.0,100.0,100000.0,0.0,0.0
2019-09-24,353,BULL_100,NO,NO,INACTIVE,NONE,17.05,NO,NO,YES,NO,0.0,0.0,0.0,0.0,0.0,100000.0,100.0,100000.0,0.0,0.0
2019-09-25,354,BULL_100,NO,NO,INACTIVE,NONE,15.96,NO,NO,YES,NO,0.0,0.0,0.0,0.0,0.0,100000.0,100.0,100000.0,0.0,0.0
2019-09-26,355,BULL_100,NO,NO,INACTIVE,NONE,16.07,NO,NO,YES,NO,0.0,0.0,0.0,0.0,0.0,100000.0,100.0,100000.0,0.0,0.0
2019-09-27,356,BULL_100,NO,NO,INACTIVE,NONE,17.22,NO,NO,YES,NO,0.0,0.0,0.0,0.0,0.0,100000.0,100.0,100000.0,0.0,0.0
2019-09-30,357,DEFENSIVE_QQQ,NO,NO,INACTIVE,NONE,16.24,NO,NO,YES,NO,0.0,0.0,0.0,0.0,0.0,100000.0,100.0,100000.0,0.0,0.0
2019-10-01,358,DEFENSIVE_QQQ,NO,NO,INACTIVE,NONE,18.56,NO,NO,YES,NO,0.0,0.0,0.0,0.0,0.0,100000.0,100.0,100000.0,0.0,0.0
2019-10-02,359,DEFENSIVE_QQQ,NO,NO,INACTIVE,NONE,20.56,NO,NO,NO,NO,0.0,0.0,0.0,0.0,0.0,100000.0,100.0,100000.0,0.0,0.0
2019-10-03,360,DEFENSIVE_BOTH,NO,NO,INACTIVE,NONE,19.12,NO,NO,YES,NO,0.0,0.0,0.0,0.0,0.0,100000.0,100.0,100000.0,0.0,0.0
2019-10-04,361,DEFENSIVE_BOTH,NO,NO,INACTIVE,NONE,17.04,NO,NO,YES,YES,0.0,0.0,0.0,0.0,0.0,100000.0,100.0,100000.0,0.0,0.0
2019-10-07,362,DEFENSIVE_BOTH,NO,NO,INACTIVE,NONE,17.86,NO,NO,YES,NO,0.0,0.0,0.0,0.0,0.0,100000.0,100.0,100000.0,0.0,0.0
2019-10-08,363,DEFENSIVE_SPY,NO,NO,INACTIVE,NONE,20.28,NO,NO,NO,NO,0.0,0.0,0.0,0.0,0.0,100000.0,100.0,100000.0,0.0,0.0
2019-10-09,364,DEFENSIVE_SPY,NO,NO,INACTIVE,NONE,18.64,NO,NO,YES,NO,0.0,0.0,0.0,0.0,0.0,100000.0,100.0,100000.0,0.0,0.0
2019-10-10,365,DEFENSIVE_BOTH,NO,NO,INACTIVE,NONE,17.57,NO,NO,YES,YES,0.0,0.0,0.0,0.0,0.0,100000.0,100.0,100000.0,0.0,0.0
2019-10-11,366,DEFENSIVE_BOTH,NO,NO,INACTIVE,NONE,15.58,NO,NO,YES,YES,0.0,0.0,0.0,0.0,0.0,100000.0,100.0,100000.0,0.0,0.0
2019-10-14,367,BULL_100,NO,NO,INACTIVE,NONE,14.57,NO,NO,YES,YES,0.0,0.0,0.0,0.0,0.0,100000.0,100.0,100000.0,0.0,0.0
2019-10-15,368,BULL_100,NO,NO,INACTIVE,NONE,13.54,NO,NO,YES,YES,0.0,0.0,0.0,0.0,0.0,100000.0,100.0,100000.0,0.0,0.0
2019-10-16,369,BULL_100,NO,NO,INACTIVE,NONE,13.68,NO,NO,YES,NO,0.0,0.0,0.0,0.0,0.0,100000.0,100.0,100000.0,0.0,0.0
2019-10-17,370,BULL_100,NO,NO,INACTIVE,NONE,13.79,NO,NO,YES,NO,0.0,0.0,0.0,0.0,0.0,100000.0,100.0,100000.0,0.0,0.0
2019-10-18,371,BULL_100,NO,NO,INACTIVE,NONE,14.25,NO,NO,YES,NO,0.0,0.0,0.0,0.0,0.0,100000.0,100.0,100000.0,0.0,0.0
2019-10-21,372,BULL_100,NO,NO,INACTIVE,NONE,14.0,NO,NO,YES,NO,0.0,0.0,0.0,0.0,0.0,100000.0,100.0,100000.0,0.0,0.0
2019-10-22,373,BULL_100,NO,NO,INACTIVE,NONE,14.46,NO,NO,YES,NO,0.0,0.0,0.0,0.0,0.0,100000.0,100.0,100000.0,0.0,0.0
2019-10-23,374,BULL_100,NO,NO,INACTIVE,NONE,14.01,NO,NO,YES,NO,0.0,0.0,0.0,0.0,0.0,100000.0,100.0,100000.0,0.0,0.0
2019-10-24,375,BULL_100,NO,NO,INACTIVE,NONE,13.71,NO,NO,YES,YES,0.0,0.0,0.0,0.0,0.0,100000.0,100.0,100000.0,0.0,0.0
2019-10-25,376,BULL_100,NO,NO,INACTIVE,NONE,12.65,NO,NO,YES,YES,0.0,0.0,0.0,0.0,0.0,100000.0,100.0,100000.0,0.0,0.0
2019-10-28,377,BULL_100,NO,NO,INACTIVE,NONE,13.11,NO,NO,YES,NO,0.0,0.0,0.0,0.0,0.0,100000.0,100.0,100000.0,0.0,0.0
2019-10-29,378,BULL_100,NO,NO,INACTIVE,NONE,13.2,NO,NO,YES,NO,0.0,0.0,0.0,0.0,0.0,100000.0,100.0,100000.0,0.0,0.0
2019-10-30,379,BULL_100,NO,NO,INACTIVE,NONE,12.33,NO,NO,YES,NO,0.0,0.0,0.0,0.0,0.0,100000.0,100.0,100000.0,0.0,0.0
2019-10-31,380,BULL_100,NO,NO,INACTIVE,NONE,13.22,NO,NO,YES,NO,0.0,0.0,0.0,0.0,0.0,100000.0,100.0,100000.0,0.0,0.0
2019-11-01,381,BULL_100,NO,NO,INACTIVE,NONE,12.3,NO,NO,YES,NO,0.0,0.0,0.0,0.0,0.0,100000.0,100.0,100000.0,0.0,0.0
2019-11-04,382,BULL_100,NO,NO,INACTIVE,NONE,12.83,NO,NO,YES,NO,0.0,0.0,0.0,0.0,0.0,100000.0,100.0,100000.0,0.0,0.0
2019-11-05,383,BULL_100,NO,NO,INACTIVE,NONE,13.1,NO,NO,YES,NO,0.0,0.0,0.0,0.0,0.0,100000.0,100.0,100000.0,0.0,0.0
2019-11-06,384,BULL_100,NO,NO,INACTIVE,NONE,12.62,NO,NO,YES,NO,0.0,0.0,0.0,0.0,0.0,100000.0,100.0,100000.0,0.0,0.0
2019-11-07,385,BULL_100,NO,NO,INACTIVE,NONE,12.73,NO,NO,YES,NO,0.0,0.0,0.0,0.0,0.0,100000.0,100.0,100000.0,0.0,0.0
2019-11-08,386,BULL_100,NO,NO,INACTIVE,NONE,12.07,NO,NO,YES,NO,0.0,0.0,0.0,0.0,0.0,100000.0,100.0,100000.0,0.0,0.0
2019-11-11,387,BULL_100,NO,NO,INACTIVE,NONE,12.69,NO,NO,YES,NO,0.0,0.0,0.0,0.0,0.0,100000.0,100.0,100000.0,0.0,0.0
2019-11-12,388,BULL_100,NO,NO,INACTIVE,NONE,12.68,NO,NO,YES,NO,0.0,0.0,0.0,0.0,0.0,100000.0,100.0,100000.0,0.0,0.0
2019-11-13,389,BULL_100,NO,NO,INACTIVE,NONE,13.0,NO,NO,YES,NO,0.0,0.0,0.0,0.0,0.0,100000.0,100.0,100000.0,0.0,0.0
2019-11-14,390,BULL_100,NO,NO,INACTIVE,NONE,13.05,NO,NO,YES,NO,0.0,0.0,0.0,0.0,0.0,100000.0,100.0,100000.0,0.0,0.0
2019-11-15,391,BULL_100,NO,NO,INACTIVE,NONE,12.05,NO,NO,YES,NO,0.0,0.0,0.0,0.0,0.0,100000.0,100.0,100000.0,0.0,0.0
2019-11-18,392,BULL_100,NO,NO,INACTIVE,NONE,12.46,NO,NO,YES,NO,0.0,0.0,0.0,0.0,0.0,100000.0,100.0,100000.0,0.0,0.0
2019-11-19,393,BULL_100,NO,NO,INACTIVE,NONE,12.86,NO,NO,YES,NO,0.0,0.0,0.0,0.0,0.0,100000.0,100.0,100000.0,0.0,0.0
2019-11-20,394,BULL_100,NO,NO,INACTIVE,NONE,12.78,NO,NO,YES,NO,0.0,0.0,0.0,0.0,0.0,100000.0,100.0,100000.0,0.0,0.0
2019-11-21,395,BULL_100,NO,NO,INACTIVE,NONE,13.13,NO,NO,YES,NO,0.0,0.0,0.0,0.0,0.0,100000.0,100.0,100000.0,0.0,0.0
2019-11-22,396,BULL_100,NO,NO,INACTIVE,NONE,12.34,NO,NO,YES,NO,0.0,0.0,0.0,0.0,0.0,100000.0,100.0,100000.0,0.0,0.0
2019-11-25,397,BULL_100,NO,NO,INACTIVE,NONE,11.87,NO,NO,YES,YES,0.0,0.0,0.0,0.0,0.0,100000.0,100.0,100000.0,0.0,0.0
2019-11-26,398,BULL_100,NO,NO,INACTIVE,NONE,11.54,NO,NO,YES,YES,0.0,0.0,0.0,0.0,0.0,100000.0,100.0,100000.0,0.0,0.0
2019-11-27,399,BULL_100,NO,NO,INACTIVE,NONE,11.75,NO,NO,YES,NO,0.0,0.0,0.0,0.0,0.0,100000.0,100.0,100000.0,0.0,0.0
2019-11-29,400,BULL_100,NO,NO,INACTIVE,NONE,12.62,NO,NO,YES,NO,0.0,0.0,0.0,0.0,0.0,100000.0,100.0,100000.0,0.0,0.0
2019-12-02,401,BULL_100,NO,NO,INACTIVE,NONE,14.91,NO,NO,YES,NO,0.0,0.0,0.0,0.0,0.0,100000.0,100.0,100000.0,0.0,0.0
2019-12-03,402,BULL_100,NO,NO,INACTIVE,NONE,15.96,NO,NO,YES,NO,0.0,0.0,0.0,0.0,0.0,100000.0,100.0,100000.0,0.0,0.0
2019-12-04,403,BULL_100,NO,NO,INACTIVE,NONE,14.8,NO,NO,YES,NO,0.0,0.0,0.0,0.0,0.0,100000.0,100.0,100000.0,0.0,0.0
2019-12-05,404,BULL_100,NO,NO,INACTIVE,NONE,14.52,NO,NO,YES,YES,0.0,0.0,0.0,0.0,0.0,100000.0,100.0,100000.0,0.0,0.0
2019-12-06,405,BULL_100,NO,NO,INACTIVE,NONE,13.62,NO,NO,YES,YES,0.0,0.0,0.0,0.0,0.0,100000.0,100.0,100000.0,0.0,0.0
2019-12-09,406,BULL_100,NO,NO,INACTIVE,NONE,15.86,NO,NO,YES,NO,0.0,0.0,0.0,0.0,0.0,100000.0,100.0,100000.0,0.0,0.0
2019-12-10,407,BULL_100,NO,NO,INACTIVE,NONE,15.68,NO,NO,YES,NO,0.0,0.0,0.0,0.0,0.0,100000.0,100.0,100000.0,0.0,0.0
2019-12-11,408,BULL_100,NO,NO,INACTIVE,NONE,14.99,NO,NO,YES,YES,0.0,0.0,0.0,0.0,0.0,100000.0,100.0,100000.0,0.0,0.0
2019-12-12,409,BULL_100,NO,NO,INACTIVE,NONE,13.94,NO,NO,YES,YES,0.0,0.0,0.0,0.0,0.0,100000.0,100.0,100000.0,0.0,0.0
2019-12-13,410,BULL_100,NO,NO,INACTIVE,NONE,12.63,NO,NO,YES,YES,0.0,0.0,0.0,0.0,0.0,100000.0,100.0,100000.0,0.0,0.0
2019-12-16,411,BULL_100,NO,NO,INACTIVE,NONE,12.14,NO,NO,YES,YES,0.0,0.0,0.0,0.0,0.0,100000.0,100.0,100000.0,0.0,0.0
2019-12-17,412,BULL_100,NO,NO,INACTIVE,NONE,12.29,NO,NO,YES,NO,0.0,0.0,0.0,0.0,0.0,100000.0,100.0,100000.0,0.0,0.0
2019-12-18,413,BULL_100,NO,NO,INACTIVE,NONE,12.58,NO,NO,YES,NO,0.0,0.0,0.0,0.0,0.0,100000.0,100.0,100000.0,0.0,0.0
2019-12-19,414,BULL_100,NO,NO,INACTIVE,NONE,12.5,NO,NO,YES,NO,0.0,0.0,0.0,0.0,0.0,100000.0,100.0,100000.0,0.0,0.0
2019-12-20,415,BULL_100,NO,NO,INACTIVE,NONE,12.51,NO,NO,YES,NO,0.0,0.0,0.0,0.0,0.0,100000.0,100.0,100000.0,0.0,0.0
2019-12-23,416,BULL_100,NO,NO,INACTIVE,NONE,12.61,NO,NO,YES,NO,0.0,0.0,0.0,0.0,0.0,100000.0,100.0,100000.0,0.0,0.0
2019-12-24,417,BULL_100,NO,NO,INACTIVE,NONE,12.67,NO,NO,YES,NO,0.0,0.0,0.0,0.0,0.0,100000.0,100.0,100000.0,0.0,0.0
2019-12-26,418,BULL_100,NO,NO,INACTIVE,NONE,12.65,NO,NO,YES,NO,0.0,0.0,0.0,0.0,0.0,100000.0,100.0,100000.0,0.0,0.0
2019-12-27,419,BULL_TRIMMED,NO,NO,INACTIVE,NONE,13.43,NO,NO,YES,NO,0.0,0.0,0.0,0.0,0.0,100000.0,100.0,100000.0,0.0,0.0
2019-12-30,420,BULL_TRIMMED,NO,NO,INACTIVE,NONE,14.82,NO,NO,YES,NO,0.0,0.0,0.0,0.0,0.0,100000.0,100.0,100000.0,0.0,0.0
2020-01-02,421,BULL_TRIMMED,NO,NO,INACTIVE,NONE,12.47,NO,NO,YES,NO,0.0,0.0,0.0,0.0,0.0,100000.0,100.0,100000.0,0.0,0.0
2020-01-03,422,BULL_TRIMMED,NO,NO,INACTIVE,NONE,14.02,NO,NO,YES,NO,0.0,0.0,0.0,0.0,0.0,100000.0,100.0,100000.0,0.0,0.0
2020-01-06,423,BULL_TRIMMED,NO,NO,INACTIVE,NONE,13.85,NO,NO,YES,NO,0.0,0.0,0.0,0.0,0.0,100000.0,100.0,100000.0,0.0,0.0
2020-01-07,424,BULL_TRIMMED,NO,NO,INACTIVE,NONE,13.79,NO,NO,YES,YES,0.0,0.0,0.0,0.0,0.0,100000.0,100.0,100000.0,0.0,0.0
2020-01-08,425,BULL_100,NO,NO,INACTIVE,NONE,13.45,NO,NO,YES,YES,0.0,0.0,0.0,0.0,0.0,100000.0,100.0,100000.0,0.0,0.0
2020-01-09,426,BULL_100,NO,NO,INACTIVE,NONE,12.54,NO,NO,YES,YES,0.0,0.0,0.0,0.0,0.0,100000.0,100.0,100000.0,0.0,0.0
2020-01-10,427,BULL_100,NO,NO,INACTIVE,NONE,12.56,NO,NO,YES,NO,0.0,0.0,0.0,0.0,0.0,100000.0,100.0,100000.0,0.0,0.0
2020-01-13,428,BULL_100,NO,NO,INACTIVE,NONE,12.32,NO,NO,YES,NO,0.0,0.0,0.0,0.0,0.0,100000.0,100.0,100000.0,0.0,0.0
2020-01-14,429,BULL_100,NO,NO,INACTIVE,NONE,12.39,NO,NO,YES,NO,0.0,0.0,0.0,0.0,0.0,100000.0,100.0,100000.0,0.0,0.0
2020-01-15,430,BULL_100,NO,NO,INACTIVE,NONE,12.42,NO,NO,YES,NO,0.0,0.0,0.0,0.0,0.0,100000.0,100.0,100000.0,0.0,0.0
2020-01-16,431,BULL_100,NO,NO,INACTIVE,NONE,12.32,NO,NO,YES,NO,0.0,0.0,0.0,0.0,0.0,100000.0,100.0,100000.0,0.0,0.0
2020-01-17,432,BULL_100,NO,NO,INACTIVE,NONE,12.1,NO,NO,YES,YES,0.0,0.0,0.0,0.0,0.0,100000.0,100.0,100000.0,0.0,0.0
2020-01-21,433,BULL_100,NO,NO,INACTIVE,NONE,12.85,NO,NO,YES,NO,0.0,0.0,0.0,0.0,0.0,100000.0,100.0,100000.0,0.0,0.0
2020-01-22,434,BULL_100,NO,NO,INACTIVE,NONE,12.91,NO,NO,YES,NO,0.0,0.0,0.0,0.0,0.0,100000.0,100.0,100000.0,0.0,0.0
2020-01-23,435,BULL_100,NO,NO,INACTIVE,NONE,12.98,NO,NO,YES,NO,0.0,0.0,0.0,0.0,0.0,100000.0,100.0,100000.0,0.0,0.0
2020-01-24,436,BULL_100,NO,NO,INACTIVE,NONE,14.56,NO,NO,YES,NO,0.0,0.0,0.0,0.0,0.0,100000.0,100.0,100000.0,0.0,0.0
2020-01-27,437,BULL_100,NO,NO,INACTIVE,NONE,18.23,NO,NO,YES,NO,0.0,0.0,0.0,0.0,0.0,100000.0,100.0,100000.0,0.0,0.0
2020-01-28,438,BULL_100,NO,NO,INACTIVE,NONE,16.28,NO,NO,YES,NO,0.0,0.0,0.0,0.0,0.0,100000.0,100.0,100000.0,0.0,0.0
2020-01-29,439,BULL_100,NO,NO,INACTIVE,NONE,16.39,NO,NO,YES,NO,0.0,0.0,0.0,0.0,0.0,100000.0,100.0,100000.0,0.0,0.0
2020-01-30,440,BULL_100,NO,NO,INACTIVE,NONE,15.49,NO,NO,YES,NO,0.0,0.0,0.0,0.0,0.0,100000.0,100.0,100000.0,0.0,0.0
2020-01-31,441,BULL_100,NO,NO,INACTIVE,NONE,18.84,NO,NO,YES,NO,0.0,0.0,0.0,0.0,0.0,100000.0,100.0,100000.0,0.0,0.0
2020-02-03,442,BULL_100,NO,NO,INACTIVE,NONE,17.97,NO,NO,YES,NO,0.0,0.0,0.0,0.0,0.0,100000.0,100.0,100000.0,0.0,0.0
2020-02-04,443,BULL_100,NO,NO,INACTIVE,NONE,16.05,NO,NO,YES,YES,0.0,0.0,0.0,0.0,0.0,100000.0,100.0,100000.0,0.0,0.0
2020-02-05,444,BULL_100,NO,NO,INACTIVE,NONE,15.15,NO,NO,YES,YES,0.0,0.0,0.0,0.0,0.0,100000.0,100.0,100000.0,0.0,0.0
2020-02-06,445,BULL_100,NO,NO,INACTIVE,NONE,14.96,NO,NO,YES,YES,0.0,0.0,0.0,0.0,0.0,100000.0,100.0,100000.0,0.0,0.0
2020-02-07,446,BULL_100,NO,NO,INACTIVE,NONE,15.47,NO,NO,YES,NO,0.0,0.0,0.0,0.0,0.0,100000.0,100.0,100000.0,0.0,0.0
2020-02-10,447,BULL_100,NO,NO,INACTIVE,NONE,15.04,NO,NO,YES,NO,0.0,0.0,0.0,0.0,0.0,100000.0,100.0,100000.0,0.0,0.0
2020-02-11,448,BULL_100,NO,NO,INACTIVE,NONE,15.18,NO,NO,YES,NO,0.0,0.0,0.0,0.0,0.0,100000.0,100.0,100000.0,0.0,0.0
2020-02-12,449,BULL_100,NO,NO,INACTIVE,NONE,13.74,NO,NO,YES,NO,0.0,0.0,0.0,0.0,0.0,100000.0,100.0,100000.0,0.0,0.0
2020-02-13,450,BULL_100,NO,NO,INACTIVE,NONE,14.15,NO,NO,YES,NO,0.0,0.0,0.0,0.0,0.0,100000.0,100.0,100000.0,0.0,0.0
2020-02-14,451,BULL_100,NO,NO,INACTIVE,NONE,13.68,NO,NO,YES,NO,0.0,0.0,0.0,0.0,0.0,100000.0,100.0,100000.0,0.0,0.0
2020-02-18,452,BULL_100,NO,NO,INACTIVE,NONE,14.83,NO,NO,YES,NO,0.0,0.0,0.0,0.0,0.0,100000.0,100.0,100000.0,0.0,0.0
2020-02-19,453,BULL_100,NO,NO,INACTIVE,NONE,14.38,NO,NO,YES,NO,0.0,0.0,0.0,0.0,0.0,100000.0,100.0,100000.0,0.0,0.0
2020-02-20,454,BULL_100,NO,NO,INACTIVE,NONE,15.56,NO,NO,YES,NO,0.0,0.0,0.0,0.0,0.0,100000.0,100.0,100000.0,0.0,0.0
2020-02-21,455,BULL_100,NO,NO,INACTIVE,NONE,17.08,NO,NO,YES,NO,0.0,0.0,0.0,0.0,0.0,100000.0,100.0,100000.0,0.0,0.0
2020-02-24,456,BULL_100,NO,NO,INACTIVE,NONE,25.03,NO,NO,NO,NO,0.0,0.0,0.0,0.0,0.0,100000.0,100.0,100000.0,0.0,0.0
2020-02-25,457,BULL_100,NO,NO,INACTIVE,NONE,27.85,NO,NO,NO,NO,0.0,0.0,0.0,0.0,0.0,100000.0,100.0,100000.0,0.0,0.0
2020-02-26,458,DEFENSIVE_SPY,NO,NO,INACTIVE,NONE,27.56,NO,NO,NO,NO,0.0,0.0,0.0,0.0,0.0,100000.0,100.0,100000.0,0.0,0.0
2020-02-27,459,DEFENSIVE_BOTH,NO,NO,INACTIVE,NONE,39.16,YES,NO,NO,NO,0.0,0.0,0.0,0.0,0.0,100000.0,100.0,100000.0,0.0,0.0
2020-02-28,460,CASH,YES,NO,CASH_IDLE,NONE,40.11,NO,NO,NO,NO,0.0,0.0,0.0,0.0,0.0,100000.0,100.0,100000.0,0.0,0.0
2020-03-02,461,CASH,YES,NO,CASH_IDLE,NONE,33.42,YES,NO,NO,NO,0.0,0.0,0.0,0.0,0.0,100000.0,100.0,100000.0,0.0,0.0
2020-03-03,462,CASH,YES,NO,CASH_IDLE,NONE,36.82,YES,NO,NO,NO,0.0,0.0,0.0,0.0,0.0,100000.0,100.0,100000.0,0.0,0.0
2020-03-04,463,CASH,YES,NO,CASH_IDLE,NONE,31.99,YES,NO,NO,NO,0.0,0.0,0.0,0.0,0.0,100000.0,100.0,100000.0,0.0,0.0
2020-03-05,464,CASH,YES,NO,CASH_IDLE,NONE,39.62,YES,NO,NO,NO,0.0,0.0,0.0,0.0,0.0,100000.0,100.0,100000.0,0.0,0.0
2020-03-06,465,CASH,YES,NO,CASH_IDLE,NONE,41.94,NO,NO,NO,NO,0.0,0.0,0.0,0.0,0.0,100000.0,100.0,100000.0,0.0,0.0
2020-03-09,466,CASH,YES,NO,CASH_IDLE,NONE,54.46,NO,YES,NO,NO,0.0,0.0,0.0,0.0,0.0,100000.0,100.0,100000.0,0.0,0.0
2020-03-10,467,CASH,YES,NO,CASH_IDLE,NONE,47.3,NO,NO,NO,NO,0.0,0.0,0.0,0.0,0.0,100000.0,100.0,100000.0,0.0,0.0
2020-03-11,468,CASH,YES,NO,CASH_IDLE,NONE,53.9,NO,YES,NO,NO,0.0,0.0,0.0,0.0,0.0,100000.0,100.0,100000.0,0.0,0.0
2020-03-12,469,CASH,YES,NO,CASH_IDLE,NONE,75.47,NO,YES,NO,NO,0.0,0.0,0.0,0.0,0.0,100000.0,100.0,100000.0,0.0,0.0
2020-03-13,470,CASH,YES,NO,CASH_IDLE,NONE,57.83,NO,YES,NO,NO,0.0,0.0,0.0,0.0,0.0,100000.0,100.0,100000.0,0.0,0.0
2020-03-16,471,CASH,YES,NO,CASH_IDLE,NONE,82.69,NO,YES,NO,NO,0.0,0.0,0.0,0.0,0.0,100000.0,100.0,100000.0,0.0,0.0
2020-03-17,472,CASH,YES,NO,CASH_IDLE,NONE,75.91,NO,YES,NO,NO,0.0,0.0,0.0,0.0,0.0,100000.0,100.0,100000.0,0.0,0.0
2020-03-18,473,CASH,YES,NO,CASH_IDLE,NONE,76.45,NO,YES,NO,NO,0.0,0.0,0.0,0.0,0.0,100000.0,100.0,100000.0,0.0,0.0
2020-03-19,474,CASH,YES,NO,CASH_IDLE,NONE,72.0,NO,YES,NO,NO,0.0,0.0,0.0,0.0,0.0,100000.0,100.0,100000.0,0.0,0.0
2020-03-20,475,CASH,YES,NO,CASH_IDLE,NONE,66.04,NO,YES,NO,YES,0.0,0.0,0.0,0.0,0.0,100000.0,100.0,100000.0,0.0,0.0
2020-03-23,476,CASH,YES,NO,CASH_IDLE,NONE,61.59,NO,YES,NO,YES,0.0,0.0,0.0,0.0,0.0,100000.0,100.0,100000.0,0.0,0.0
2020-03-24,477,CASH,YES,NO,CASH_IDLE,NONE,61.67,NO,YES,NO,NO,0.0,0.0,0.0,0.0,0.0,100000.0,100.0,100000.0,0.0,0.0
2020-03-25,478,CASH,YES,NO,CASH_IDLE,NONE,63.95,NO,YES,NO,NO,0.0,0.0,0.0,0.0,0.0,100000.0,100.0,100000.0,0.0,0.0
2020-03-26,479,CASH,YES,NO,CASH_IDLE,NONE,61.0,NO,YES,NO,NO,0.0,0.0,0.0,0.0,0.0,100000.0,100.0,100000.0,0.0,0.0
2020-03-27,480,CASH,YES,NO,CASH_IDLE,NONE,65.54,NO,YES,NO,NO,0.0,0.0,0.0,0.0,0.0,100000.0,100.0,100000.0,0.0,0.0
2020-03-30,481,CASH,YES,NO,CASH_IDLE,NONE,57.08,NO,YES,NO,NO,0.0,0.0,0.0,0.0,0.0,100000.0,100.0,100000.0,0.0,0.0
2020-03-31,482,CASH,YES,NO,CASH_IDLE,NONE,53.54,NO,YES,NO,YES,0.0,0.0,0.0,0.0,0.0,100000.0,100.0,100000.0,0.0,0.0
2020-04-01,483,CASH,YES,NO,CASH_IDLE,NONE,57.06,NO,YES,NO,NO,0.0,0.0,0.0,0.0,0.0,100000.0,100.0,100000.0,0.0,0.0
2020-04-02,484,CASH,YES,NO,CASH_IDLE,NONE,50.91,NO,YES,NO,NO,0.0,0.0,0.0,0.0,0.0,100000.0,100.0,100000.0,0.0,0.0
2020-04-03,485,CASH,YES,NO,CASH_IDLE,NONE,46.8,NO,NO,NO,YES,0.0,0.0,0.0,0.0,0.0,100000.0,100.0,100000.0,0.0,0.0
2020-04-06,486,CASH,YES,NO,CASH_IDLE,NONE,45.24,NO,NO,NO,YES,0.0,0.0,0.0,0.0,0.0,100000.0,100.0,100000.0,0.0,0.0
2020-04-07,487,CASH,YES,NO,CASH_IDLE,NONE,46.7,NO,NO,NO,NO,0.0,0.0,0.0,0.0,0.0,100000.0,100.0,100000.0,0.0,0.0
2020-04-08,488,CASH,YES,NO,CASH_IDLE,NONE,43.35,NO,NO,NO,NO,0.0,0.0,0.0,0.0,0.0,100000.0,100.0,100000.0,0.0,0.0
2020-04-09,489,CASH,YES,NO,CASH_IDLE,NONE,41.67,NO,NO,NO,YES,0.0,0.0,0.0,0.0,0.0,100000.0,100.0,100000.0,0.0,0.0
2020-04-13,490,CASH,YES,NO,CASH_IDLE,NONE,41.17,NO,NO,NO,YES,0.0,0.0,0.0,0.0,0.0,100000.0,100.0,100000.0,0.0,0.0
2020-04-14,491,CASH,YES,NO,CASH_IDLE,NONE,37.76,YES,NO,NO,YES,0.0,0.0,0.0,0.0,0.0,100000.0,100.0,100000.0,0.0,0.0
2020-04-15,492,CASH,YES,NO,CASH_IDLE,NONE,40.84,NO,NO,NO,NO,0.0,0.0,0.0,0.0,0.0,100000.0,100.0,100000.0,0.0,0.0
2020-04-16,493,CASH,YES,NO,CASH_IDLE,NONE,40.11,NO,NO,NO,NO,0.0,0.0,0.0,0.0,0.0,100000.0,100.0,100000.0,0.0,0.0
2020-04-17,494,CASH,YES,NO,CASH_IDLE,NONE,38.15,YES,NO,NO,YES,0.0,0.0,0.0,0.0,0.0,100000.0,100.0,100000.0,0.0,0.0
2020-04-20,495,CASH,YES,NO,CASH_IDLE,NONE,43.83,NO,NO,NO,NO,0.0,0.0,0.0,0.0,0.0,100000.0,100.0,100000.0,0.0,0.0
2020-04-21,496,CASH,YES,NO,CASH_IDLE,NONE,45.41,NO,NO,NO,NO,0.0,0.0,0.0,0.0,0.0,100000.0,100.0,100000.0,0.0,0.0
2020-04-22,497,CASH,YES,NO,CASH_IDLE,NONE,41.98,NO,NO,NO,NO,0.0,0.0,0.0,0.0,0.0,100000.0,100.0,100000.0,0.0,0.0
2020-04-23,498,CASH,YES,NO,CASH_IDLE,NONE,41.38,NO,NO,NO,YES,0.0,0.0,0.0,0.0,0.0,100000.0,100.0,100000.0,0.0,0.0
2020-04-24,499,CASH,YES,NO,CASH_IDLE,NONE,35.93,YES,NO,NO,YES,0.0,0.0,0.0,0.0,0.0,100000.0,100.0,100000.0,0.0,0.0
2020-04-27,500,CASH,YES,NO,CASH_IDLE,NONE,33.29,YES,NO,NO,YES,0.0,0.0,0.0,0.0,0.0,100000.0,100.0,100000.0,0.0,0.0
2020-04-28,501,CASH,YES,NO,CASH_IDLE,NONE,33.57,YES,NO,NO,NO,0.0,0.0,0.0,0.0,0.0,100000.0,100.0,100000.0,0.0,0.0
2020-04-29,502,CASH,YES,NO,CASH_IDLE,NONE,31.23,YES,NO,NO,NO,0.0,0.0,0.0,0.0,0.0,100000.0,100.0,100000.0,0.0,0.0
2020-04-30,503,CASH,YES,NO,CASH_IDLE,NONE,34.15,YES,NO,NO,NO,0.0,0.0,0.0,0.0,0.0,100000.0,100.0,100000.0,0.0,0.0
2020-05-01,504,CASH,YES,NO,CASH_IDLE,NONE,37.19,YES,NO,NO,NO,0.0,0.0,0.0,0.0,0.0,100000.0,100.0,100000.0,0.0,0.0
2020-05-04,505,CASH,YES,NO,CASH_IDLE,NONE,35.97,YES,NO,NO,NO,0.0,0.0,0.0,0.0,0.0,100000.0,100.0,100000.0,0.0,0.0
2020-05-05,506,CASH,YES,NO,CASH_IDLE,NONE,33.61,YES,NO,NO,YES,0.0,0.0,0.0,0.0,0.0,100000.0,100.0,100000.0,0.0,0.0
2020-05-06,507,CASH,YES,NO,CASH_IDLE,NONE,34.12,YES,NO,NO,NO,0.0,0.0,0.0,0.0,0.0,100000.0,100.0,100000.0,0.0,0.0
2020-05-07,508,CASH,YES,NO,CASH_IDLE,NONE,31.44,YES,NO,NO,NO,0.0,0.0,0.0,0.0,0.0,100000.0,100.0,100000.0,0.0,0.0
2020-05-08,509,CASH,YES,NO,CASH_IDLE,NONE,27.98,NO,NO,NO,YES,0.0,0.0,0.0,0.0,0.0,100000.0,100.0,100000.0,0.0,0.0
2020-05-11,510,CASH,YES,NO,CASH_IDLE,NONE,27.57,NO,NO,NO,YES,0.0,0.0,0.0,0.0,0.0,100000.0,100.0,100000.0,0.0,0.0
2020-05-12,511,CASH,YES,NO,CASH_IDLE,NONE,33.04,YES,NO,NO,NO,0.0,0.0,0.0,0.0,0.0,100000.0,100.0,100000.0,0.0,0.0
2020-05-13,512,CASH,YES,NO,CASH_IDLE,NONE,35.28,YES,NO,NO,NO,0.0,0.0,0.0,0.0,0.0,100000.0,100.0,100000.0,0.0,0.0
2020-05-14,513,CASH,YES,NO,CASH_IDLE,NONE,32.61,YES,NO,NO,NO,0.0,0.0,0.0,0.0,0.0,100000.0,100.0,100000.0,0.0,0.0
2020-05-15,514,CASH,YES,NO,CASH_IDLE,NONE,31.89,YES,NO,NO,YES,0.0,0.0,0.0,0.0,0.0,100000.0,100.0,100000.0,0.0,0.0
2020-05-18,515,CASH,YES,NO,CASH_IDLE,NONE,29.3,NO,NO,NO,YES,0.0,0.0,0.0,0.0,0.0,100000.0,100.0,100000.0,0.0,0.0
2020-05-19,516,CASH,YES,NO,CASH_IDLE,NONE,30.53,YES,NO,NO,NO,0.0,0.0,0.0,0.0,0.0,100000.0,100.0,100000.0,0.0,0.0
2020-05-20,517,CASH,YES,NO,CASH_IDLE,NONE,27.99,NO,NO,NO,NO,0.0,0.0,0.0,0.0,0.0,100000.0,100.0,100000.0,0.0,0.0
2020-05-21,518,CASH,YES,NO,CASH_IDLE,NONE,29.53,NO,NO,NO,NO,0.0,0.0,0.0,0.0,0.0,100000.0,100.0,100000.0,0.0,0.0
2020-05-22,519,CASH,YES,NO,CASH_IDLE,NONE,28.16,NO,NO,NO,NO,0.0,0.0,0.0,0.0,0.0,100000.0,100.0,100000.0,0.0,0.0
2020-05-26,520,CASH,YES,NO,CASH_IDLE,NONE,28.01,NO,NO,NO,YES,0.0,0.0,0.0,0.0,0.0,100000.0,100.0,100000.0,0.0,0.0
2020-05-27,521,CASH,YES,NO,CASH_IDLE,NONE,27.62,NO,NO,NO,YES,0.0,0.0,0.0,0.0,0.0,100000.0,100.0,100000.0,0.0,0.0
2020-05-28,522,SMA_RECOVERY,NO,NO,INACTIVE,NONE,28.59,NO,NO,NO,NO,0.0,0.0,0.0,0.0,0.0,100000.0,100.0,100000.0,0.0,0.0
2020-05-29,523,BULL_100,NO,NO,INACTIVE,NONE,27.51,NO,NO,NO,NO,0.0,0.0,0.0,0.0,0.0,100000.0,100.0,100000.0,0.0,0.0
2020-06-01,524,BULL_100,NO,NO,INACTIVE,NONE,28.23,NO,NO,NO,NO,0.0,0.0,0.0,0.0,0.0,100000.0,100.0,100000.0,0.0,0.0
2020-06-02,525,BULL_100,NO,NO,INACTIVE,NONE,26.84,NO,NO,NO,NO,0.0,0.0,0.0,0.0,0.0,100000.0,100.0,100000.0,0.0,0.0
2020-06-03,526,BULL_100,NO,NO,INACTIVE,NONE,25.66,NO,NO,NO,YES,0.0,0.0,0.0,0.0,0.0,100000.0,100.0,100000.0,0.0,0.0
2020-06-04,527,BULL_100,NO,NO,INACTIVE,NONE,25.81,NO,NO,NO,NO,0.0,0.0,0.0,0.0,0.0,100000.0,100.0,100000.0,0.0,0.0
2020-06-05,528,BULL_100,NO,NO,INACTIVE,NONE,24.52,NO,NO,NO,NO,0.0,0.0,0.0,0.0,0.0,100000.0,100.0,100000.0,0.0,0.0
2020-06-08,529,BULL_100,NO,NO,INACTIVE,NONE,25.81,NO,NO,NO,NO,0.0,0.0,0.0,0.0,0.0,100000.0,100.0,100000.0,0.0,0.0
2020-06-09,530,BULL_100,NO,NO,INACTIVE,NONE,27.57,NO,NO,NO,NO,0.0,0.0,0.0,0.0,0.0,100000.0,100.0,100000.0,0.0,0.0
2020-06-10,531,BULL_100,NO,NO,INACTIVE,NONE,27.57,NO,NO,NO,NO,0.0,0.0,0.0,0.0,0.0,100000.0,100.0,100000.0,0.0,0.0
2020-06-11,532,BULL_100,NO,NO,INACTIVE,NONE,40.79,NO,NO,NO,NO,0.0,0.0,0.0,0.0,0.0,100000.0,100.0,100000.0,0.0,0.0
2020-06-12,533,CASH,YES,NO,CASH_IDLE,NONE,36.09,YES,NO,NO,NO,0.0,0.0,0.0,0.0,0.0,100000.0,100.0,100000.0,0.0,0.0
2020-06-15,534,CASH,YES,NO,CASH_IDLE,NONE,34.4,YES,NO,NO,YES,0.0,0.0,0.0,0.0,0.0,100000.0,100.0,100000.0,0.0,0.0
2020-06-16,535,CASH,YES,NO,CASH_IDLE,NONE,33.67,YES,NO,NO,YES,0.0,0.0,0.0,0.0,0.0,100000.0,100.0,100000.0,0.0,0.0
2020-06-17,536,CASH,YES,NO,CASH_IDLE,NONE,33.47,YES,NO,NO,YES,0.0,0.0,0.0,0.0,0.0,100000.0,100.0,100000.0,0.0,0.0
2020-06-18,537,CASH,YES,NO,CASH_IDLE,NONE,32.94,YES,NO,NO,YES,0.0,0.0,0.0,0.0,0.0,100000.0,100.0,100000.0,0.0,0.0
2020-06-19,538,CASH,YES,NO,CASH_IDLE,NONE,35.12,YES,NO,NO,NO,0.0,0.0,0.0,0.0,0.0,100000.0,100.0,100000.0,0.0,0.0
2020-06-22,539,CASH,YES,NO,CASH_IDLE,NONE,31.77,YES,NO,NO,NO,0.0,0.0,0.0,0.0,0.0,100000.0,100.0,100000.0,0.0,0.0
2020-06-23,540,CASH,YES,NO,CASH_IDLE,NONE,31.37,YES,NO,NO,YES,0.0,0.0,0.0,0.0,0.0,100000.0,100.0,100000.0,0.0,0.0
2020-06-24,541,CASH,YES,NO,CASH_IDLE,NONE,33.84,YES,NO,NO,NO,0.0,0.0,0.0,0.0,0.0,100000.0,100.0,100000.0,0.0,0.0
2020-06-25,542,CASH,YES,NO,CASH_IDLE,NONE,32.22,YES,NO,NO,NO,0.0,0.0,0.0,0.0,0.0,100000.0,100.0,100000.0,0.0,0.0
2020-06-26,543,CASH,YES,NO,CASH_IDLE,NONE,34.73,YES,NO,NO,NO,0.0,0.0,0.0,0.0,0.0,100000.0,100.0,100000.0,0.0,0.0
2020-06-29,544,CASH,YES,NO,CASH_IDLE,NONE,31.78,YES,NO,NO,NO,0.0,0.0,0.0,0.0,0.0,100000.0,100.0,100000.0,0.0,0.0
2020-06-30,545,CASH,YES,NO,CASH_IDLE,NONE,30.43,YES,NO,NO,YES,0.0,0.0,0.0,0.0,0.0,100000.0,100.0,100000.0,0.0,0.0
2020-07-01,546,CASH,YES,NO,CASH_IDLE,NONE,28.62,NO,NO,NO,YES,0.0,0.0,0.0,0.0,0.0,100000.0,100.0,100000.0,0.0,0.0
2020-07-02,547,SMA_RECOVERY,NO,NO,INACTIVE,NONE,27.68,NO,NO,NO,YES,0.0,0.0,0.0,0.0,0.0,100000.0,100.0,100000.0,0.0,0.0
2020-07-06,548,BULL_100,NO,NO,INACTIVE,NONE,27.94,NO,NO,NO,NO,0.0,0.0,0.0,0.0,0.0,100000.0,100.0,100000.0,0.0,0.0
2020-07-07,549,BULL_100,NO,NO,INACTIVE,NONE,29.43,NO,NO,NO,NO,0.0,0.0,0.0,0.0,0.0,100000.0,100.0,100000.0,0.0,0.0
2020-07-08,550,BULL_100,NO,NO,INACTIVE,NONE,28.08,NO,NO,NO,NO,0.0,0.0,0.0,0.0,0.0,100000.0,100.0,100000.0,0.0,0.0
2020-07-09,551,BULL_100,NO,NO,INACTIVE,NONE,29.26,NO,NO,NO,NO,0.0,0.0,0.0,0.0,0.0,100000.0,100.0,100000.0,0.0,0.0
2020-07-10,552,BULL_100,NO,NO,INACTIVE,NONE,27.29,NO,NO,NO,NO,0.0,0.0,0.0,0.0,0.0,100000.0,100.0,100000.0,0.0,0.0
2020-07-13,553,BULL_100,NO,NO,INACTIVE,NONE,32.19,YES,NO,NO,NO,0.0,0.0,0.0,0.0,0.0,100000.0,100.0,100000.0,0.0,0.0
2020-07-14,554,CASH,YES,NO,CASH_IDLE,NONE,29.52,NO,NO,NO,NO,0.0,0.0,0.0,0.0,0.0,100000.0,100.0,100000.0,0.0,0.0
2020-07-15,555,SMA_RECOVERY,NO,NO,INACTIVE,NONE,27.76,NO,NO,NO,YES,0.0,0.0,0.0,0.0,0.0,100000.0,100.0,100000.0,0.0,0.0
2020-07-16,556,BULL_100,NO,NO,INACTIVE,NONE,28.0,NO,NO,NO,NO,0.0,0.0,0.0,0.0,0.0,100000.0,100.0,100000.0,0.0,0.0
2020-07-17,557,BULL_100,NO,NO,INACTIVE,NONE,25.68,NO,NO,NO,NO,0.0,0.0,0.0,0.0,0.0,100000.0,100.0,100000.0,0.0,0.0
2020-07-20,558,BULL_100,NO,NO,INACTIVE,NONE,24.46,NO,NO,NO,YES,0.0,0.0,0.0,0.0,0.0,100000.0,100.0,100000.0,0.0,0.0
2020-07-21,559,BULL_100,NO,NO,INACTIVE,NONE,24.84,NO,NO,NO,NO,0.0,0.0,0.0,0.0,0.0,100000.0,100.0,100000.0,0.0,0.0
2020-07-22,560,BULL_100,NO,NO,INACTIVE,NONE,24.32,NO,NO,NO,NO,0.0,0.0,0.0,0.0,0.0,100000.0,100.0,100000.0,0.0,0.0
2020-07-23,561,BULL_100,NO,NO,INACTIVE,NONE,26.08,NO,NO,NO,NO,0.0,0.0,0.0,0.0,0.0,100000.0,100.0,100000.0,0.0,0.0
2020-07-24,562,BULL_100,NO,NO,INACTIVE,NONE,25.84,NO,NO,NO,NO,0.0,0.0,0.0,0.0,0.0,100000.0,100.0,100000.0,0.0,0.0
2020-07-27,563,BULL_100,NO,NO,INACTIVE,NONE,24.74,NO,NO,NO,YES,0.0,0.0,0.0,0.0,0.0,100000.0,100.0,100000.0,0.0,0.0
2020-07-28,564,BULL_100,NO,NO,INACTIVE,NONE,25.44,NO,NO,NO,NO,0.0,0.0,0.0,0.0,0.0,100000.0,100.0,100000.0,0.0,0.0
2020-07-29,565,BULL_100,NO,NO,INACTIVE,NONE,24.1,NO,NO,NO,NO,0.0,0.0,0.0,0.0,0.0,100000.0,100.0,100000.0,0.0,0.0
2020-07-30,566,BULL_100,NO,NO,INACTIVE,NONE,24.76,NO,NO,NO,NO,0.0,0.0,0.0,0.0,0.0,100000.0,100.0,100000.0,0.0,0.0
2020-07-31,567,BULL_100,NO,NO,INACTIVE,NONE,24.46,NO,NO,NO,NO,0.0,0.0,0.0,0.0,0.0,100000.0,100.0,100000.0,0.0,0.0
2020-08-03,568,BULL_100,NO,NO,INACTIVE,NONE,24.28,NO,NO,NO,YES,0.0,0.0,0.0,0.0,0.0,100000.0,100.0,100000.0,0.0,0.0
2020-08-04,569,BULL_100,NO,NO,INACTIVE,NONE,23.76,NO,NO,NO,YES,0.0,0.0,0.0,0.0,0.0,100000.0,100.0,100000.0,0.0,0.0
2020-08-05,570,BULL_100,NO,NO,INACTIVE,NONE,22.99,NO,NO,NO,YES,0.0,0.0,0.0,0.0,0.0,100000.0,100.0,100000.0,0.0,0.0
2020-08-06,571,BULL_100,NO,NO,INACTIVE,NONE,22.65,NO,NO,NO,YES,0.0,0.0,0.0,0.0,0.0,100000.0,100.0,100000.0,0.0,0.0
2020-08-07,572,BULL_100,NO,NO,INACTIVE,NONE,22.21,NO,NO,NO,YES,0.0,0.0,0.0,0.0,0.0,100000.0,100.0,100000.0,0.0,0.0
2020-08-10,573,BULL_100,NO,NO,INACTIVE,NONE,22.13,NO,NO,NO,YES,0.0,0.0,0.0,0.0,0.0,100000.0,100.0,100000.0,0.0,0.0
2020-08-11,574,BULL_100,NO,NO,INACTIVE,NONE,24.03,NO,NO,NO,NO,0.0,0.0,0.0,0.0,0.0,100000.0,100.0,100000.0,0.0,0.0
2020-08-12,575,BULL_100,NO,NO,INACTIVE,NONE,22.28,NO,NO,NO,NO,0.0,0.0,0.0,0.0,0.0,100000.0,100.0,100000.0,0.0,0.0
2020-08-13,576,BULL_100,NO,NO,INACTIVE,NONE,22.13,NO,NO,NO,YES,0.0,0.0,0.0,0.0,0.0,100000.0,100.0,100000.0,0.0,0.0
2020-08-14,577,BULL_100,NO,NO,INACTIVE,NONE,22.05,NO,NO,NO,YES,0.0,0.0,0.0,0.0,0.0,100000.0,100.0,100000.0,0.0,0.0
2020-08-17,578,BULL_100,NO,NO,INACTIVE,NONE,21.35,NO,NO,NO,YES,0.0,0.0,0.0,0.0,0.0,100000.0,100.0,100000.0,0.0,0.0
2020-08-18,579,BULL_100,NO,NO,INACTIVE,NONE,21.51,NO,NO,NO,NO,0.0,0.0,0.0,0.0,0.0,100000.0,100.0,100000.0,0.0,0.0
2020-08-19,580,BULL_100,NO,NO,INACTIVE,NONE,22.54,NO,NO,NO,NO,0.0,0.0,0.0,0.0,0.0,100000.0,100.0,100000.0,0.0,0.0
2020-08-20,581,BULL_100,NO,NO,INACTIVE,NONE,22.72,NO,NO,NO,NO,0.0,0.0,0.0,0.0,0.0,100000.0,100.0,100000.0,0.0,0.0
2020-08-21,582,BULL_100,NO,NO,INACTIVE,NONE,22.54,NO,NO,NO,NO,0.0,0.0,0.0,0.0,0.0,100000.0,100.0,100000.0,0.0,0.0
2020-08-24,583,BULL_100,NO,NO,INACTIVE,NONE,22.37,NO,NO,NO,YES,0.0,0.0,0.0,0.0,0.0,100000.0,100.0,100000.0,0.0,0.0
2020-08-25,584,BULL_100,NO,NO,INACTIVE,NONE,22.03,NO,NO,NO,YES,0.0,0.0,0.0,0.0,0.0,100000.0,100.0,100000.0,0.0,0.0
2020-08-26,585,BULL_100,NO,NO,INACTIVE,NONE,23.27,NO,NO,NO,NO,0.0,0.0,0.0,0.0,0.0,100000.0,100.0,100000.0,0.0,0.0
2020-08-27,586,BULL_TRIMMED,NO,NO,INACTIVE,NONE,24.47,NO,NO,NO,NO,0.0,0.0,0.0,0.0,0.0,100000.0,100.0,100000.0,0.0,0.0
2020-08-28,587,BULL_TRIMMED,NO,NO,INACTIVE,NONE,22.96,NO,NO,NO,NO,0.0,0.0,0.0,0.0,0.0,100000.0,100.0,100000.0,0.0,0.0
2020-08-31,588,BULL_TRIMMED,NO,NO,INACTIVE,NONE,26.41,NO,NO,NO,NO,0.0,0.0,0.0,0.0,0.0,100000.0,100.0,100000.0,0.0,0.0
2020-09-01,589,BULL_TRIMMED,NO,NO,INACTIVE,NONE,26.12,NO,NO,NO,NO,0.0,0.0,0.0,0.0,0.0,100000.0,100.0,100000.0,0.0,0.0
2020-09-02,590,BULL_TRIMMED,NO,NO,INACTIVE,NONE,26.57,NO,NO,NO,NO,0.0,0.0,0.0,0.0,0.0,100000.0,100.0,100000.0,0.0,0.0
2020-09-03,591,BULL_TRIMMED,NO,NO,INACTIVE,NONE,33.6,YES,NO,NO,NO,0.0,0.0,0.0,0.0,0.0,100000.0,100.0,100000.0,0.0,0.0
2020-09-04,592,CASH,YES,NO,CASH_IDLE,NONE,30.75,YES,NO,NO,NO,0.0,0.0,0.0,0.0,0.0,100000.0,100.0,100000.0,0.0,0.0
2020-09-08,593,CASH,YES,NO,CASH_IDLE,NONE,31.46,YES,NO,NO,NO,0.0,0.0,0.0,0.0,0.0,100000.0,100.0,100000.0,0.0,0.0
2020-09-09,594,CASH,YES,NO,CASH_IDLE,NONE,28.81,NO,NO,NO,NO,0.0,0.0,0.0,0.0,0.0,100000.0,100.0,100000.0,0.0,0.0
2020-09-10,595,SMA_RECOVERY,NO,NO,INACTIVE,NONE,29.71,NO,NO,NO,NO,0.0,0.0,0.0,0.0,0.0,100000.0,100.0,100000.0,0.0,0.0
2020-09-11,596,BULL_100,NO,NO,INACTIVE,NONE,26.87,NO,NO,NO,NO,0.0,0.0,0.0,0.0,0.0,100000.0,100.0,100000.0,0.0,0.0
2020-09-14,597,BULL_100,NO,NO,INACTIVE,NONE,25.85,NO,NO,NO,YES,0.0,0.0,0.0,0.0,0.0,100000.0,100.0,100000.0,0.0,0.0
2020-09-15,598,BULL_100,NO,NO,INACTIVE,NONE,25.59,NO,NO,NO,YES,0.0,0.0,0.0,0.0,0.0,100000.0,100.0,100000.0,0.0,0.0
2020-09-16,599,BULL_100,NO,NO,INACTIVE,NONE,26.04,NO,NO,NO,NO,0.0,0.0,0.0,0.0,0.0,100000.0,100.0,100000.0,0.0,0.0
2020-09-17,600,BULL_100,NO,NO,INACTIVE,NONE,26.46,NO,NO,NO,NO,0.0,0.0,0.0,0.0,0.0,100000.0,100.0,100000.0,0.0,0.0
2020-09-18,601,BULL_100,NO,NO,INACTIVE,NONE,25.83,NO,NO,NO,NO,0.0,0.0,0.0,0.0,0.0,100000.0,100.0,100000.0,0.0,0.0
2020-09-21,602,DEFENSIVE_QQQ,NO,NO,INACTIVE,NONE,27.78,NO,NO,NO,NO,0.0,0.0,0.0,0.0,0.0,100000.0,100.0,100000.0,0.0,0.0
2020-09-22,603,DEFENSIVE_BOTH,NO,NO,INACTIVE,NONE,26.86,NO,NO,NO,NO,0.0,0.0,0.0,0.0,0.0,100000.0,100.0,100000.0,0.0,0.0
2020-09-23,604,DEFENSIVE_BOTH,NO,NO,INACTIVE,NONE,28.58,NO,NO,NO,NO,0.0,0.0,0.0,0.0,0.0,100000.0,100.0,100000.0,0.0,0.0
2020-09-24,605,DEFENSIVE_BOTH,NO,NO,INACTIVE,NONE,28.51,NO,NO,NO,NO,0.0,0.0,0.0,0.0,0.0,100000.0,100.0,100000.0,0.0,0.0
2020-09-25,606,DEFENSIVE_BOTH,NO,NO,INACTIVE,NONE,26.38,NO,NO,NO,YES,0.0,0.0,0.0,0.0,0.0,100000.0,100.0,100000.0,0.0,0.0
2020-09-28,607,DEFENSIVE_BOTH,NO,NO,INACTIVE,NONE,26.19,NO,NO,NO,YES,0.0,0.0,0.0,0.0,0.0,100000.0,100.0,100000.0,0.0,0.0
2020-09-29,608,DEFENSIVE_BOTH,NO,NO,INACTIVE,NONE,26.27,NO,NO,NO,NO,0.0,0.0,0.0,0.0,0.0,100000.0,100.0,100000.0,0.0,0.0
2020-09-30,609,DEFENSIVE_SPY,NO,NO,INACTIVE,NONE,26.37,NO,NO,NO,NO,0.0,0.0,0.0,0.0,0.0,100000.0,100.0,100000.0,0.0,0.0
2020-10-01,610,DEFENSIVE_SPY,NO,NO,INACTIVE,NONE,26.7,NO,NO,NO,NO,0.0,0.0,0.0,0.0,0.0,100000.0,100.0,100000.0,0.0,0.0
2020-10-02,611,BULL_100,NO,NO,INACTIVE,NONE,27.63,NO,NO,NO,NO,0.0,0.0,0.0,0.0,0.0,100000.0,100.0,100000.0,0.0,0.0
2020-10-05,612,BULL_100,NO,NO,INACTIVE,NONE,27.96,NO,NO,NO,NO,0.0,0.0,0.0,0.0,0.0,100000.0,100.0,100000.0,0.0,0.0
2020-10-06,613,BULL_100,NO,NO,INACTIVE,NONE,29.48,NO,NO,NO,NO,0.0,0.0,0.0,0.0,0.0,100000.0,100.0,100000.0,0.0,0.0
2020-10-07,614,BULL_100,NO,NO,INACTIVE,NONE,28.06,NO,NO,NO,NO,0.0,0.0,0.0,0.0,0.0,100000.0,100.0,100000.0,0.0,0.0
2020-10-08,615,BULL_100,NO,NO,INACTIVE,NONE,26.36,NO,NO,NO,YES,0.0,0.0,0.0,0.0,0.0,100000.0,100.0,100000.0,0.0,0.0
2020-10-09,616,BULL_100,NO,NO,INACTIVE,NONE,25.0,NO,NO,NO,YES,0.0,0.0,0.0,0.0,0.0,100000.0,100.0,100000.0,0.0,0.0
2020-10-12,617,BULL_100,NO,NO,INACTIVE,NONE,25.07,NO,NO,NO,NO,0.0,0.0,0.0,0.0,0.0,100000.0,100.0,100000.0,0.0,0.0
2020-10-13,618,BULL_100,NO,NO,INACTIVE,NONE,26.07,NO,NO,NO,NO,0.0,0.0,0.0,0.0,0.0,100000.0,100.0,100000.0,0.0,0.0
2020-10-14,619,BULL_100,NO,NO,INACTIVE,NONE,26.4,NO,NO,NO,NO,0.0,0.0,0.0,0.0,0.0,100000.0,100.0,100000.0,0.0,0.0
2020-10-15,620,BULL_100,NO,NO,INACTIVE,NONE,26.97,NO,NO,NO,NO,0.0,0.0,0.0,0.0,0.0,100000.0,100.0,100000.0,0.0,0.0
2020-10-16,621,BULL_100,NO,NO,INACTIVE,NONE,27.41,NO,NO,NO,NO,0.0,0.0,0.0,0.0,0.0,100000.0,100.0,100000.0,0.0,0.0
2020-10-19,622,BULL_100,NO,NO,INACTIVE,NONE,29.18,NO,NO,NO,NO,0.0,0.0,0.0,0.0,0.0,100000.0,100.0,100000.0,0.0,0.0
2020-10-20,623,BULL_100,NO,NO,INACTIVE,NONE,29.35,NO,NO,NO,NO,0.0,0.0,0.0,0.0,0.0,100000.0,100.0,100000.0,0.0,0.0
2020-10-21,624,BULL_100,NO,NO,INACTIVE,NONE,28.65,NO,NO,NO,NO,0.0,0.0,0.0,0.0,0.0,100000.0,100.0,100000.0,0.0,0.0
2020-10-22,625,BULL_100,NO,NO,INACTIVE,NONE,28.11,NO,NO,NO,YES,0.0,0.0,0.0,0.0,0.0,100000.0,100.0,100000.0,0.0,0.0
2020-10-23,626,BULL_100,NO,NO,INACTIVE,NONE,27.55,NO,NO,NO,YES,0.0,0.0,0.0,0.0,0.0,100000.0,100.0,100000.0,0.0,0.0
2020-10-26,627,BULL_100,NO,NO,INACTIVE,NONE,32.46,YES,NO,NO,NO,0.0,0.0,0.0,0.0,0.0,100000.0,100.0,100000.0,0.0,0.0
2020-10-27,628,CASH,YES,NO,CASH_IDLE,NONE,33.35,YES,NO,NO,NO,0.0,0.0,0.0,0.0,0.0,100000.0,100.0,100000.0,0.0,0.0
2020-10-28,629,CASH,YES,NO,CASH_IDLE,NONE,40.28,NO,NO,NO,NO,0.0,0.0,0.0,0.0,0.0,100000.0,100.0,100000.0,0.0,0.0
2020-10-29,630,CASH,YES,NO,CASH_IDLE,NONE,37.59,YES,NO,NO,NO,0.0,0.0,0.0,0.0,0.0,100000.0,100.0,100000.0,0.0,0.0
2020-10-30,631,CASH,YES,NO,CASH_IDLE,NONE,38.02,YES,NO,NO,NO,0.0,0.0,0.0,0.0,0.0,100000.0,100.0,100000.0,0.0,0.0
2020-11-02,632,CASH,YES,NO,CASH_IDLE,NONE,37.13,YES,NO,NO,NO,0.0,0.0,0.0,0.0,0.0,100000.0,100.0,100000.0,0.0,0.0
2020-11-03,633,CASH,YES,NO,CASH_IDLE,NONE,35.55,YES,NO,NO,YES,0.0,0.0,0.0,0.0,0.0,100000.0,100.0,100000.0,0.0,0.0
2020-11-04,634,CASH,YES,NO,CASH_IDLE,NONE,29.57,NO,NO,NO,YES,0.0,0.0,0.0,0.0,0.0,100000.0,100.0,100000.0,0.0,0.0
2020-11-05,635,SMA_RECOVERY,NO,NO,INACTIVE,NONE,27.58,NO,NO,NO,YES,0.0,0.0,0.0,0.0,0.0,100000.0,100.0,100000.0,0.0,0.0
2020-11-06,636,BULL_100,NO,NO,INACTIVE,NONE,24.86,NO,NO,NO,YES,0.0,0.0,0.0,0.0,0.0,100000.0,100.0,100000.0,0.0,0.0
2020-11-09,637,BULL_100,NO,NO,INACTIVE,NONE,25.75,NO,NO,NO,NO,0.0,0.0,0.0,0.0,0.0,100000.0,100.0,100000.0,0.0,0.0
2020-11-10,638,BULL_100,NO,NO,INACTIVE,NONE,24.8,NO,NO,NO,NO,0.0,0.0,0.0,0.0,0.0,100000.0,100.0,100000.0,0.0,0.0
2020-11-11,639,BULL_100,NO,NO,INACTIVE,NONE,23.45,NO,NO,NO,YES,0.0,0.0,0.0,0.0,0.0,100000.0,100.0,100000.0,0.0,0.0
2020-11-12,640,BULL_100,NO,NO,INACTIVE,NONE,25.35,NO,NO,NO,NO,0.0,0.0,0.0,0.0,0.0,100000.0,100.0,100000.0,0.0,0.0
2020-11-13,641,BULL_100,NO,NO,INACTIVE,NONE,23.1,NO,NO,NO,NO,0.0,0.0,0.0,0.0,0.0,100000.0,100.0,100000.0,0.0,0.0
2020-11-16,642,BULL_100,NO,NO,INACTIVE,NONE,22.45,NO,NO,NO,YES,0.0,0.0,0.0,0.0,0.0,100000.0,100.0,100000.0,0.0,0.0
2020-11-17,643,BULL_100,NO,NO,INACTIVE,NONE,22.71,NO,NO,NO,NO,0.0,0.0,0.0,0.0,0.0,100000.0,100.0,100000.0,0.0,0.0
2020-11-18,644,BULL_100,NO,NO,INACTIVE,NONE,23.84,NO,NO,NO,NO,0.0,0.0,0.0,0.0,0.0,100000.0,100.0,100000.0,0.0,0.0
2020-11-19,645,BULL_100,NO,NO,INACTIVE,NONE,23.11,NO,NO,NO,NO,0.0,0.0,0.0,0.0,0.0,100000.0,100.0,100000.0,0.0,0.0
2020-11-20,646,BULL_100,NO,NO,INACTIVE,NONE,23.7,NO,NO,NO,NO,0.0,0.0,0.0,0.0,0.0,100000.0,100.0,100000.0,0.0,0.0
2020-11-23,647,BULL_100,NO,NO,INACTIVE,NONE,22.66,NO,NO,NO,NO,0.0,0.0,0.0,0.0,0.0,100000.0,100.0,100000.0,0.0,0.0
2020-11-24,648,BULL_100,NO,NO,INACTIVE,NONE,21.64,NO,NO,NO,YES,0.0,0.0,0.0,0.0,0.0,100000.0,100.0,100000.0,0.0,0.0
2020-11-25,649,BULL_100,NO,NO,INACTIVE,NONE,21.25,NO,NO,NO,YES,0.0,0.0,0.0,0.0,0.0,100000.0,100.0,100000.0,0.0,0.0
2020-11-27,650,BULL_100,NO,NO,INACTIVE,NONE,20.84,NO,NO,NO,YES,0.0,0.0,0.0,0.0,0.0,100000.0,100.0,100000.0,0.0,0.0
2020-11-30,651,BULL_100,NO,NO,INACTIVE,NONE,20.57,NO,NO,NO,YES,0.0,0.0,0.0,0.0,0.0,100000.0,100.0,100000.0,0.0,0.0
2020-12-01,652,BULL_100,NO,NO,INACTIVE,NONE,20.77,NO,NO,NO,NO,0.0,0.0,0.0,0.0,0.0,100000.0,100.0,100000.0,0.0,0.0
2020-12-02,653,BULL_100,NO,NO,INACTIVE,NONE,21.17,NO,NO,NO,NO,0.0,0.0,0.0,0.0,0.0,100000.0,100.0,100000.0,0.0,0.0
2020-12-03,654,BULL_100,NO,NO,INACTIVE,NONE,21.28,NO,NO,NO,NO,0.0,0.0,0.0,0.0,0.0,100000.0,100.0,100000.0,0.0,0.0
2020-12-04,655,BULL_100,NO,NO,INACTIVE,NONE,20.79,NO,NO,NO,NO,0.0,0.0,0.0,0.0,0.0,100000.0,100.0,100000.0,0.0,0.0
2020-12-07,656,BULL_100,NO,NO,INACTIVE,NONE,21.3,NO,NO,NO,NO,0.0,0.0,0.0,0.0,0.0,100000.0,100.0,100000.0,0.0,0.0
2020-12-08,657,BULL_100,NO,NO,INACTIVE,NONE,20.68,NO,NO,NO,NO,0.0,0.0,0.0,0.0,0.0,100000.0,100.0,100000.0,0.0,0.0
2020-12-09,658,BULL_100,NO,NO,INACTIVE,NONE,22.27,NO,NO,NO,NO,0.0,0.0,0.0,0.0,0.0,100000.0,100.0,100000.0,0.0,0.0
2020-12-10,659,BULL_100,NO,NO,INACTIVE,NONE,22.52,NO,NO,NO,NO,0.0,0.0,0.0,0.0,0.0,100000.0,100.0,100000.0,0.0,0.0
2020-12-11,660,BULL_100,NO,NO,INACTIVE,NONE,23.31,NO,NO,NO,NO,0.0,0.0,0.0,0.0,0.0,100000.0,100.0,100000.0,0.0,0.0
2020-12-14,661,BULL_100,NO,NO,INACTIVE,NONE,24.72,NO,NO,NO,NO,0.0,0.0,0.0,0.0,0.0,100000.0,100.0,100000.0,0.0,0.0
2020-12-15,662,BULL_100,NO,NO,INACTIVE,NONE,22.89,NO,NO,NO,NO,0.0,0.0,0.0,0.0,0.0,100000.0,100.0,100000.0,0.0,0.0
2020-12-16,663,BULL_100,NO,NO,INACTIVE,NONE,22.5,NO,NO,NO,YES,0.0,0.0,0.0,0.0,0.0,100000.0,100.0,100000.0,0.0,0.0
2020-12-17,664,BULL_100,NO,NO,INACTIVE,NONE,21.93,NO,NO,NO,YES,0.0,0.0,0.0,0.0,0.0,100000.0,100.0,100000.0,0.0,0.0
2020-12-18,665,BULL_100,NO,NO,INACTIVE,NONE,21.57,NO,NO,NO,YES,0.0,0.0,0.0,0.0,0.0,100000.0,100.0,100000.0,0.0,0.0
2020-12-21,666,BULL_100,NO,NO,INACTIVE,NONE,25.16,NO,NO,NO,NO,0.0,0.0,0.0,0.0,0.0,100000.0,100.0,100000.0,0.0,0.0
2020-12-22,667,BULL_100,NO,NO,INACTIVE,NONE,24.23,NO,NO,NO,NO,0.0,0.0,0.0,0.0,0.0,100000.0,100.0,100000.0,0.0,0.0
2020-12-23,668,BULL_100,NO,NO,INACTIVE,NONE,23.31,NO,NO,NO,YES,0.0,0.0,0.0,0.0,0.0,100000.0,100.0,100000.0,0.0,0.0
2020-12-24,669,BULL_100,NO,NO,INACTIVE,NONE,21.53,NO,NO,NO,YES,0.0,0.0,0.0,0.0,0.0,100000.0,100.0,100000.0,0.0,0.0
2020-12-28,670,BULL_100,NO,NO,INACTIVE,NONE,21.7,NO,NO,NO,NO,0.0,0.0,0.0,0.0,0.0,100000.0,100.0,100000.0,0.0,0.0
2020-12-29,671,BULL_100,NO,NO,INACTIVE,NONE,23.08,NO,NO,NO,NO,0.0,0.0,0.0,0.0,0.0,100000.0,100.0,100000.0,0.0,0.0
2020-12-30,672,BULL_100,NO,NO,INACTIVE,NONE,22.77,NO,NO,NO,NO,0.0,0.0,0.0,0.0,0.0,100000.0,100.0,100000.0,0.0,0.0
2020-12-31,673,BULL_100,NO,NO,INACTIVE,NONE,22.75,NO,NO,NO,YES,0.0,0.0,0.0,0.0,0.0,100000.0,100.0,100000.0,0.0,0.0
2021-01-04,674,BULL_100,NO,NO,INACTIVE,NONE,26.97,NO,NO,NO,NO,0.0,0.0,0.0,0.0,0.0,100000.0,100.0,100000.0,0.0,0.0
2021-01-05,675,BULL_100,NO,NO,INACTIVE,NONE,25.34,NO,NO,NO,NO,0.0,0.0,0.0,0.0,0.0,100000.0,100.0,100000.0,0.0,0.0
2021-01-06,676,BULL_100,NO,NO,INACTIVE,NONE,25.07,NO,NO,NO,YES,0.0,0.0,0.0,0.0,0.0,100000.0,100.0,100000.0,0.0,0.0
2021-01-07,677,BULL_100,NO,NO,INACTIVE,NONE,22.37,NO,NO,NO,YES,0.0,0.0,0.0,0.0,0.0,100000.0,100.0,100000.0,0.0,0.0
2021-01-08,678,BULL_100,NO,NO,INACTIVE,NONE,21.56,NO,NO,NO,YES,0.0,0.0,0.0,0.0,0.0,100000.0,100.0,100000.0,0.0,0.0
2021-01-11,679,BULL_100,NO,NO,INACTIVE,NONE,24.08,NO,NO,NO,NO,0.0,0.0,0.0,0.0,0.0,100000.0,100.0,100000.0,0.0,0.0
2021-01-12,680,BULL_100,NO,NO,INACTIVE,NONE,23.33,NO,NO,NO,NO,0.0,0.0,0.0,0.0,0.0,100000.0,100.0,100000.0,0.0,0.0
2021-01-13,681,BULL_100,NO,NO,INACTIVE,NONE,22.21,NO,NO,NO,YES,0.0,0.0,0.0,0.0,0.0,100000.0,100.0,100000.0,0.0,0.0
2021-01-14,682,BULL_100,NO,NO,INACTIVE,NONE,23.25,NO,NO,NO,NO,0.0,0.0,0.0,0.0,0.0,100000.0,100.0,100000.0,0.0,0.0
2021-01-15,683,BULL_100,NO,NO,INACTIVE,NONE,24.34,NO,NO,NO,NO,0.0,0.0,0.0,0.0,0.0,100000.0,100.0,100000.0,0.0,0.0
2021-01-19,684,BULL_100,NO,NO,INACTIVE,NONE,23.24,NO,NO,NO,NO,0.0,0.0,0.0,0.0,0.0,100000.0,100.0,100000.0,0.0,0.0
2021-01-20,685,BULL_100,NO,NO,INACTIVE,NONE,21.58,NO,NO,NO,YES,0.0,0.0,0.0,0.0,0.0,100000.0,100.0,100000.0,0.0,0.0
2021-01-21,686,BULL_100,NO,NO,INACTIVE,NONE,21.32,NO,NO,NO,YES,0.0,0.0,0.0,0.0,0.0,100000.0,100.0,100000.0,0.0,0.0
2021-01-22,687,BULL_100,NO,NO,INACTIVE,NONE,21.91,NO,NO,NO,NO,0.0,0.0,0.0,0.0,0.0,100000.0,100.0,100000.0,0.0,0.0
2021-01-25,688,BULL_100,NO,NO,INACTIVE,NONE,23.19,NO,NO,NO,NO,0.0,0.0,0.0,0.0,0.0,100000.0,100.0,100000.0,0.0,0.0
2021-01-26,689,BULL_100,NO,NO,INACTIVE,NONE,23.02,NO,NO,NO,NO,0.0,0.0,0.0,0.0,0.0,100000.0,100.0,100000.0,0.0,0.0
2021-01-27,690,BULL_100,NO,NO,INACTIVE,NONE,37.21,YES,NO,NO,NO,0.0,0.0,0.0,0.0,0.0,100000.0,100.0,100000.0,0.0,0.0
2021-01-28,691,CASH,YES,NO,CASH_IDLE,NONE,30.21,YES,NO,NO,NO,0.0,0.0,0.0,0.0,0.0,100000.0,100.0,100000.0,0.0,0.0
2021-01-29,692,CASH,YES,NO,CASH_IDLE,NONE,33.09,YES,NO,NO,NO,0.0,0.0,0.0,0.0,0.0,100000.0,100.0,100000.0,0.0,0.0
2021-02-01,693,CASH,YES,NO,CASH_IDLE,NONE,30.24,YES,NO,NO,NO,0.0,0.0,0.0,0.0,0.0,100000.0,100.0,100000.0,0.0,0.0
2021-02-02,694,CASH,YES,NO,CASH_IDLE,NONE,25.56,NO,NO,NO,YES,0.0,0.0,0.0,0.0,0.0,100000.0,100.0,100000.0,0.0,0.0
2021-02-03,695,SMA_RECOVERY,NO,NO,INACTIVE,NONE,22.91,NO,NO,NO,YES,0.0,0.0,0.0,0.0,0.0,100000.0,100.0,100000.0,0.0,0.0
2021-02-04,696,BULL_100,NO,NO,INACTIVE,NONE,21.77,NO,NO,NO,YES,0.0,0.0,0.0,0.0,0.0,100000.0,100.0,100000.0,0.0,0.0
2021-02-05,697,BULL_100,NO,NO,INACTIVE,NONE,20.87,NO,NO,NO,YES,0.0,0.0,0.0,0.0,0.0,100000.0,100.0,100000.0,0.0,0.0
2021-02-08,698,BULL_100,NO,NO,INACTIVE,NONE,21.24,NO,NO,NO,NO,0.0,0.0,0.0,0.0,0.0,100000.0,100.0,100000.0,0.0,0.0
2021-02-09,699,BULL_100,NO,NO,INACTIVE,NONE,21.63,NO,NO,NO,NO,0.0,0.0,0.0,0.0,0.0,100000.0,100.0,100000.0,0.0,0.0
2021-02-10,700,BULL_100,NO,NO,INACTIVE,NONE,21.99,NO,NO,NO,NO,0.0,0.0,0.0,0.0,0.0,100000.0,100.0,100000.0,0.0,0.0
2021-02-11,701,BULL_100,NO,NO,INACTIVE,NONE,21.25,NO,NO,NO,NO,0.0,0.0,0.0,0.0,0.0,100000.0,100.0,100000.0,0.0,0.0
2021-02-12,702,BULL_100,NO,NO,INACTIVE,NONE,19.97,NO,NO,YES,YES,0.0,0.0,0.0,0.0,0.0,100000.0,100.0,100000.0,0.0,0.0
2021-02-16,703,BULL_100,NO,NO,INACTIVE,NONE,21.46,NO,NO,NO,NO,0.0,0.0,0.0,0.0,0.0,100000.0,100.0,100000.0,0.0,0.0
2021-02-17,704,BULL_100,NO,NO,INACTIVE,NONE,21.5,NO,NO,NO,NO,0.0,0.0,0.0,0.0,0.0,100000.0,100.0,100000.0,0.0,0.0
2021-02-18,705,BULL_100,NO,NO,INACTIVE,NONE,22.49,NO,NO,NO,NO,0.0,0.0,0.0,0.0,0.0,100000.0,100.0,100000.0,0.0,0.0
2021-02-19,706,BULL_100,NO,NO,INACTIVE,NONE,22.05,NO,NO,NO,NO,0.0,0.0,0.0,0.0,0.0,100000.0,100.0,100000.0,0.0,0.0
2021-02-22,707,BULL_100,NO,NO,INACTIVE,NONE,23.45,NO,NO,NO,NO,0.0,0.0,0.0,0.0,0.0,100000.0,100.0,100000.0,0.0,0.0
2021-02-23,708,BULL_100,NO,NO,INACTIVE,NONE,23.11,NO,NO,NO,NO,0.0,0.0,0.0,0.0,0.0,100000.0,100.0,100000.0,0.0,0.0
2021-02-24,709,BULL_100,NO,NO,INACTIVE,NONE,21.34,NO,NO,NO,YES,0.0,0.0,0.0,0.0,0.0,100000.0,100.0,100000.0,0.0,0.0
2021-02-25,710,BULL_100,NO,NO,INACTIVE,NONE,28.89,NO,NO,NO,NO,0.0,0.0,0.0,0.0,0.0,100000.0,100.0,100000.0,0.0,0.0
2021-02-26,711,BULL_100,NO,NO,INACTIVE,NONE,27.95,NO,NO,NO,NO,0.0,0.0,0.0,0.0,0.0,100000.0,100.0,100000.0,0.0,0.0
2021-03-01,712,DEFENSIVE_QQQ,NO,NO,INACTIVE,NONE,23.35,NO,NO,NO,YES,0.0,0.0,0.0,0.0,0.0,100000.0,100.0,100000.0,0.0,0.0
2021-03-02,713,DEFENSIVE_QQQ,NO,NO,INACTIVE,NONE,24.1,NO,NO,NO,NO,0.0,0.0,0.0,0.0,0.0,100000.0,100.0,100000.0,0.0,0.0
2021-03-03,714,DEFENSIVE_QQQ,NO,NO,INACTIVE,NONE,26.67,NO,NO,NO,NO,0.0,0.0,0.0,0.0,0.0,100000.0,100.0,100000.0,0.0,0.0
2021-03-04,715,DEFENSIVE_QQQ,NO,NO,INACTIVE,NONE,28.57,NO,NO,NO,NO,0.0,0.0,0.0,0.0,0.0,100000.0,100.0,100000.0,0.0,0.0
2021-03-05,716,DEFENSIVE_BOTH,NO,NO,INACTIVE,NONE,24.66,NO,NO,NO,NO,0.0,0.0,0.0,0.0,0.0,100000.0,100.0,100000.0,0.0,0.0
2021-03-08,717,DEFENSIVE_BOTH,NO,NO,INACTIVE,NONE,25.47,NO,NO,NO,NO,0.0,0.0,0.0,0.0,0.0,100000.0,100.0,100000.0,0.0,0.0
2021-03-09,718,DEFENSIVE_QQQ,NO,NO,INACTIVE,NONE,24.03,NO,NO,NO,NO,0.0,0.0,0.0,0.0,0.0,100000.0,100.0,100000.0,0.0,0.0
2021-03-10,719,DEFENSIVE_QQQ,NO,NO,INACTIVE,NONE,22.56,NO,NO,NO,YES,0.0,0.0,0.0,0.0,0.0,100000.0,100.0,100000.0,0.0,0.0
2021-03-11,720,DEFENSIVE_QQQ,NO,NO,INACTIVE,NONE,21.91,NO,NO,NO,YES,0.0,0.0,0.0,0.0,0.0,100000.0,100.0,100000.0,0.0,0.0
2021-03-12,721,DEFENSIVE_QQQ,NO,NO,INACTIVE,NONE,20.69,NO,NO,NO,YES,0.0,0.0,0.0,0.0,0.0,100000.0,100.0,100000.0,0.0,0.0
2021-03-15,722,DEFENSIVE_QQQ,NO,NO,INACTIVE,NONE,20.03,NO,NO,NO,YES,0.0,0.0,0.0,0.0,0.0,100000.0,100.0,100000.0,0.0,0.0
2021-03-16,723,DEFENSIVE_QQQ,NO,NO,INACTIVE,NONE,19.79,NO,NO,YES,YES,0.0,0.0,0.0,0.0,0.0,100000.0,100.0,100000.0,0.0,0.0
2021-03-17,724,DEFENSIVE_QQQ,NO,NO,INACTIVE,NONE,19.23,NO,NO,YES,YES,0.0,0.0,0.0,0.0,0.0,100000.0,100.0,100000.0,0.0,0.0
2021-03-18,725,BULL_100,NO,NO,INACTIVE,NONE,21.58,NO,NO,NO,NO,0.0,0.0,0.0,0.0,0.0,100000.0,100.0,100000.0,0.0,0.0
2021-03-19,726,BULL_100,NO,NO,INACTIVE,NONE,20.95,NO,NO,NO,NO,0.0,0.0,0.0,0.0,0.0,100000.0,100.0,100000.0,0.0,0.0
2021-03-22,727,DEFENSIVE_QQQ,NO,NO,INACTIVE,NONE,18.88,NO,NO,YES,YES,0.0,0.0,0.0,0.0,0.0,100000.0,100.0,100000.0,0.0,0.0
2021-03-23,728,DEFENSIVE_QQQ,NO,NO,INACTIVE,NONE,20.3,NO,NO,NO,NO,0.0,0.0,0.0,0.0,0.0,100000.0,100.0,100000.0,0.0,0.0
2021-03-24,729,DEFENSIVE_QQQ,NO,NO,INACTIVE,NONE,21.2,NO,NO,NO,NO,0.0,0.0,0.0,0.0,0.0,100000.0,100.0,100000.0,0.0,0.0
2021-03-25,730,DEFENSIVE_QQQ,NO,NO,INACTIVE,NONE,19.81,NO,NO,YES,NO,0.0,0.0,0.0,0.0,0.0,100000.0,100.0,100000.0,0.0,0.0
2021-03-26,731,DEFENSIVE_QQQ,NO,NO,INACTIVE,NONE,18.86,NO,NO,YES,YES,0.0,0.0,0.0,0.0,0.0,100000.0,100.0,100000.0,0.0,0.0
2021-03-29,732,DEFENSIVE_QQQ,NO,NO,INACTIVE,NONE,20.74,NO,NO,NO,NO,0.0,0.0,0.0,0.0,0.0,100000.0,100.0,100000.0,0.0,0.0
2021-03-30,733,DEFENSIVE_QQQ,NO,NO,INACTIVE,NONE,19.61,NO,NO,YES,NO,0.0,0.0,0.0,0.0,0.0,100000.0,100.0,100000.0,0.0,0.0
2021-03-31,734,DEFENSIVE_QQQ,NO,NO,INACTIVE,NONE,19.4,NO,NO,YES,YES,0.0,0.0,0.0,0.0,0.0,100000.0,100.0,100000.0,0.0,0.0
2021-04-01,735,DEFENSIVE_QQQ,NO,NO,INACTIVE,NONE,17.33,NO,NO,YES,YES,0.0,0.0,0.0,0.0,0.0,100000.0,100.0,100000.0,0.0,0.0
2021-04-05,736,DEFENSIVE_QQQ,NO,NO,INACTIVE,NONE,17.91,NO,NO,YES,NO,0.0,0.0,0.0,0.0,0.0,100000.0,100.0,100000.0,0.0,0.0
2021-04-06,737,BULL_100,NO,NO,INACTIVE,NONE,18.12,NO,NO,YES,NO,0.0,0.0,0.0,0.0,0.0,100000.0,100.0,100000.0,0.0,0.0
2021-04-07,738,BULL_100,NO,NO,INACTIVE,NONE,17.16,NO,NO,YES,NO,0.0,0.0,0.0,0.0,0.0,100000.0,100.0,100000.0,0.0,0.0
2021-04-08,739,BULL_100,NO,NO,INACTIVE,NONE,16.95,NO,NO,YES,YES,0.0,0.0,0.0,0.0,0.0,100000.0,100.0,100000.0,0.0,0.0
2021-04-09,740,BULL_100,NO,NO,INACTIVE,NONE,16.69,NO,NO,YES,YES,0.0,0.0,0.0,0.0,0.0,100000.0,100.0,100000.0,0.0,0.0
2021-04-12,741,BULL_100,NO,NO,INACTIVE,NONE,16.91,NO,NO,YES,NO,0.0,0.0,0.0,0.0,0.0,100000.0,100.0,100000.0,0.0,0.0
2021-04-13,742,BULL_100,NO,NO,INACTIVE,NONE,16.65,NO,NO,YES,NO,0.0,0.0,0.0,0.0,0.0,100000.0,100.0,100000.0,0.0,0.0
2021-04-14,743,BULL_100,NO,NO,INACTIVE,NONE,16.99,NO,NO,YES,NO,0.0,0.0,0.0,0.0,0.0,100000.0,100.0,100000.0,0.0,0.0
2021-04-15,744,BULL_100,NO,NO,INACTIVE,NONE,16.57,NO,NO,YES,NO,0.0,0.0,0.0,0.0,0.0,100000.0,100.0,100000.0,0.0,0.0
2021-04-16,745,BULL_100,NO,NO,INACTIVE,NONE,16.25,NO,NO,YES,YES,0.0,0.0,0.0,0.0,0.0,100000.0,100.0,100000.0,0.0,0.0
2021-04-19,746,BULL_100,NO,NO,INACTIVE,NONE,17.29,NO,NO,YES,NO,0.0,0.0,0.0,0.0,0.0,100000.0,100.0,100000.0,0.0,0.0
2021-04-20,747,BULL_100,NO,NO,INACTIVE,NONE,18.68,NO,NO,YES,NO,0.0,0.0,0.0,0.0,0.0,100000.0,100.0,100000.0,0.0,0.0
2021-04-21,748,BULL_100,NO,NO,INACTIVE,NONE,17.5,NO,NO,YES,NO,0.0,0.0,0.0,0.0,0.0,100000.0,100.0,100000.0,0.0,0.0
2021-04-22,749,BULL_100,NO,NO,INACTIVE,NONE,18.71,NO,NO,YES,NO,0.0,0.0,0.0,0.0,0.0,100000.0,100.0,100000.0,0.0,0.0
2021-04-23,750,BULL_100,NO,NO,INACTIVE,NONE,17.33,NO,NO,YES,NO,0.0,0.0,0.0,0.0,0.0,100000.0,100.0,100000.0,0.0,0.0
2021-04-26,751,BULL_100,NO,NO,INACTIVE,NONE,17.64,NO,NO,YES,NO,0.0,0.0,0.0,0.0,0.0,100000.0,100.0,100000.0,0.0,0.0
2021-04-27,752,BULL_100,NO,NO,INACTIVE,NONE,17.56,NO,NO,YES,NO,0.0,0.0,0.0,0.0,0.0,100000.0,100.0,100000.0,0.0,0.0
2021-04-28,753,BULL_100,NO,NO,INACTIVE,NONE,17.28,NO,NO,YES,YES,0.0,0.0,0.0,0.0,0.0,100000.0,100.0,100000.0,0.0,0.0
2021-04-29,754,BULL_100,NO,NO,INACTIVE,NONE,17.61,NO,NO,YES,NO,0.0,0.0,0.0,0.0,0.0,100000.0,100.0,100000.0,0.0,0.0
2021-04-30,755,BULL_100,NO,NO,INACTIVE,NONE,18.61,NO,NO,YES,NO,0.0,0.0,0.0,0.0,0.0,100000.0,100.0,100000.0,0.0,0.0
2021-05-03,756,BULL_100,NO,NO,INACTIVE,NONE,18.31,NO,NO,YES,NO,0.0,0.0,0.0,0.0,0.0,100000.0,100.0,100000.0,0.0,0.0
2021-05-04,757,BULL_100,NO,NO,INACTIVE,NONE,19.48,NO,NO,YES,NO,0.0,0.0,0.0,0.0,0.0,100000.0,100.0,100000.0,0.0,0.0
2021-05-05,758,BULL_100,NO,NO,INACTIVE,NONE,19.15,NO,NO,YES,NO,0.0,0.0,0.0,0.0,0.0,100000.0,100.0,100000.0,0.0,0.0
2021-05-06,759,BULL_100,NO,NO,INACTIVE,NONE,18.39,NO,NO,YES,YES,0.0,0.0,0.0,0.0,0.0,100000.0,100.0,100000.0,0.0,0.0
2021-05-07,760,BULL_100,NO,NO,INACTIVE,NONE,16.69,NO,NO,YES,YES,0.0,0.0,0.0,0.0,0.0,100000.0,100.0,100000.0,0.0,0.0
2021-05-10,761,BULL_100,NO,NO,INACTIVE,NONE,19.66,NO,NO,YES,NO,0.0,0.0,0.0,0.0,0.0,100000.0,100.0,100000.0,0.0,0.0
2021-05-11,762,BULL_100,NO,NO,INACTIVE,NONE,21.84,NO,NO,NO,NO,0.0,0.0,0.0,0.0,0.0,100000.0,100.0,100000.0,0.0,0.0
2021-05-12,763,DEFENSIVE_QQQ,NO,NO,INACTIVE,NONE,27.59,NO,NO,NO,NO,0.0,0.0,0.0,0.0,0.0,100000.0,100.0,100000.0,0.0,0.0
2021-05-13,764,DEFENSIVE_QQQ,NO,NO,INACTIVE,NONE,23.13,NO,NO,NO,NO,0.0,0.0,0.0,0.0,0.0,100000.0,100.0,100000.0,0.0,0.0
2021-05-14,765,DEFENSIVE_QQQ,NO,NO,INACTIVE,NONE,18.81,NO,NO,YES,YES,0.0,0.0,0.0,0.0,0.0,100000.0,100.0,100000.0,0.0,0.0
2021-05-17,766,DEFENSIVE_QQQ,NO,NO,INACTIVE,NONE,19.72,NO,NO,YES,NO,0.0,0.0,0.0,0.0,0.0,100000.0,100.0,100000.0,0.0,0.0
2021-05-18,767,DEFENSIVE_QQQ,NO,NO,INACTIVE,NONE,21.34,NO,NO,NO,NO,0.0,0.0,0.0,0.0,0.0,100000.0,100.0,100000.0,0.0,0.0
2021-05-19,768,DEFENSIVE_QQQ,NO,NO,INACTIVE,NONE,22.18,NO,NO,NO,NO,0.0,0.0,0.0,0.0,0.0,100000.0,100.0,100000.0,0.0,0.0
2021-05-20,769,DEFENSIVE_QQQ,NO,NO,INACTIVE,NONE,20.67,NO,NO,NO,NO,0.0,0.0,0.0,0.0,0.0,100000.0,100.0,100000.0,0.0,0.0
2021-05-21,770,DEFENSIVE_QQQ,NO,NO,INACTIVE,NONE,20.15,NO,NO,NO,YES,0.0,0.0,0.0,0.0,0.0,100000.0,100.0,100000.0,0.0,0.0
2021-05-24,771,DEFENSIVE_QQQ,NO,NO,INACTIVE,NONE,18.4,NO,NO,YES,YES,0.0,0.0,0.0,0.0,0.0,100000.0,100.0,100000.0,0.0,0.0
2021-05-25,772,DEFENSIVE_QQQ,NO,NO,INACTIVE,NONE,18.84,NO,NO,YES,NO,0.0,0.0,0.0,0.0,0.0,100000.0,100.0,100000.0,0.0,0.0
2021-05-26,773,BULL_100,NO,NO,INACTIVE,NONE,17.36,NO,NO,YES,NO,0.0,0.0,0.0,0.0,0.0,100000.0,100.0,100000.0,0.0,0.0
2021-05-27,774,BULL_100,NO,NO,INACTIVE,NONE,16.74,NO,NO,YES,YES,0.0,0.0,0.0,0.0,0.0,100000.0,100.0,100000.0,0.0,0.0
2021-05-28,775,BULL_100,NO,NO,INACTIVE,NONE,16.76,NO,NO,YES,NO,0.0,0.0,0.0,0.0,0.0,100000.0,100.0,100000.0,0.0,0.0
2021-06-01,776,BULL_100,NO,NO,INACTIVE,NONE,17.9,NO,NO,YES,NO,0.0,0.0,0.0,0.0,0.0,100000.0,100.0,100000.0,0.0,0.0
2021-06-02,777,BULL_100,NO,NO,INACTIVE,NONE,17.48,NO,NO,YES,NO,0.0,0.0,0.0,0.0,0.0,100000.0,100.0,100000.0,0.0,0.0
2021-06-03,778,BULL_100,NO,NO,INACTIVE,NONE,18.04,NO,NO,YES,NO,0.0,0.0,0.0,0.0,0.0,100000.0,100.0,100000.0,0.0,0.0
2021-06-04,779,BULL_100,NO,NO,INACTIVE,NONE,16.42,NO,NO,YES,NO,0.0,0.0,0.0,0.0,0.0,100000.0,100.0,100000.0,0.0,0.0
2021-06-07,780,BULL_100,NO,NO,INACTIVE,NONE,16.42,NO,NO,YES,NO,0.0,0.0,0.0,0.0,0.0,100000.0,100.0,100000.0,0.0,0.0
2021-06-08,781,BULL_100,NO,NO,INACTIVE,NONE,17.07,NO,NO,YES,NO,0.0,0.0,0.0,0.0,0.0,100000.0,100.0,100000.0,0.0,0.0
2021-06-09,782,BULL_100,NO,NO,INACTIVE,NONE,17.89,NO,NO,YES,NO,0.0,0.0,0.0,0.0,0.0,100000.0,100.0,100000.0,0.0,0.0
2021-06-10,783,BULL_100,NO,NO,INACTIVE,NONE,16.1,NO,NO,YES,NO,0.0,0.0,0.0,0.0,0.0,100000.0,100.0,100000.0,0.0,0.0
2021-06-11,784,BULL_100,NO,NO,INACTIVE,NONE,15.65,NO,NO,YES,YES,0.0,0.0,0.0,0.0,0.0,100000.0,100.0,100000.0,0.0,0.0
2021-06-14,785,BULL_100,NO,NO,INACTIVE,NONE,16.39,NO,NO,YES,NO,0.0,0.0,0.0,0.0,0.0,100000.0,100.0,100000.0,0.0,0.0
2021-06-15,786,BULL_100,NO,NO,INACTIVE,NONE,17.02,NO,NO,YES,NO,0.0,0.0,0.0,0.0,0.0,100000.0,100.0,100000.0,0.0,0.0
2021-06-16,787,BULL_100,NO,NO,INACTIVE,NONE,18.15,NO,NO,YES,NO,0.0,0.0,0.0,0.0,0.0,100000.0,100.0,100000.0,0.0,0.0
2021-06-17,788,BULL_100,NO,NO,INACTIVE,NONE,17.75,NO,NO,YES,NO,0.0,0.0,0.0,0.0,0.0,100000.0,100.0,100000.0,0.0,0.0
2021-06-18,789,BULL_100,NO,NO,INACTIVE,NONE,20.7,NO,NO,NO,NO,0.0,0.0,0.0,0.0,0.0,100000.0,100.0,100000.0,0.0,0.0
2021-06-21,790,BULL_100,NO,NO,INACTIVE,NONE,17.89,NO,NO,YES,NO,0.0,0.0,0.0,0.0,0.0,100000.0,100.0,100000.0,0.0,0.0
2021-06-22,791,BULL_100,NO,NO,INACTIVE,NONE,16.66,NO,NO,YES,YES,0.0,0.0,0.0,0.0,0.0,100000.0,100.0,100000.0,0.0,0.0
2021-06-23,792,BULL_100,NO,NO,INACTIVE,NONE,16.32,NO,NO,YES,YES,0.0,0.0,0.0,0.0,0.0,100000.0,100.0,100000.0,0.0,0.0
2021-06-24,793,BULL_100,NO,NO,INACTIVE,NONE,15.97,NO,NO,YES,YES,0.0,0.0,0.0,0.0,0.0,100000.0,100.0,100000.0,0.0,0.0
2021-06-25,794,BULL_100,NO,NO,INACTIVE,NONE,15.62,NO,NO,YES,YES,0.0,0.0,0.0,0.0,0.0,100000.0,100.0,100000.0,0.0,0.0
2021-06-28,795,BULL_100,NO,NO,INACTIVE,NONE,15.76,NO,NO,YES,NO,0.0,0.0,0.0,0.0,0.0,100000.0,100.0,100000.0,0.0,0.0
2021-06-29,796,BULL_100,NO,NO,INACTIVE,NONE,16.02,NO,NO,YES,NO,0.0,0.0,0.0,0.0,0.0,100000.0,100.0,100000.0,0.0,0.0
2021-06-30,797,BULL_100,NO,NO,INACTIVE,NONE,15.83,NO,NO,YES,NO,0.0,0.0,0.0,0.0,0.0,100000.0,100.0,100000.0,0.0,0.0
2021-07-01,798,BULL_100,NO,NO,INACTIVE,NONE,15.48,NO,NO,YES,YES,0.0,0.0,0.0,0.0,0.0,100000.0,100.0,100000.0,0.0,0.0
2021-07-02,799,BULL_100,NO,NO,INACTIVE,NONE,15.07,NO,NO,YES,YES,0.0,0.0,0.0,0.0,0.0,100000.0,100.0,100000.0,0.0,0.0
2021-07-06,800,BULL_100,NO,NO,INACTIVE,NONE,16.44,NO,NO,YES,NO,0.0,0.0,0.0,0.0,0.0,100000.0,100.0,100000.0,0.0,0.0
2021-07-07,801,BULL_100,NO,NO,INACTIVE,NONE,16.2,NO,NO,YES,NO,0.0,0.0,0.0,0.0,0.0,100000.0,100.0,100000.0,0.0,0.0
2021-07-08,802,BULL_100,NO,NO,INACTIVE,NONE,19.0,NO,NO,YES,NO,0.0,0.0,0.0,0.0,0.0,100000.0,100.0,100000.0,0.0,0.0
2021-07-09,803,BULL_100,NO,NO,INACTIVE,NONE,16.18,NO,NO,YES,NO,0.0,0.0,0.0,0.0,0.0,100000.0,100.0,100000.0,0.0,0.0
2021-07-12,804,BULL_100,NO,NO,INACTIVE,NONE,16.17,NO,NO,YES,YES,0.0,0.0,0.0,0.0,0.0,100000.0,100.0,100000.0,0.0,0.0
2021-07-13,805,BULL_100,NO,NO,INACTIVE,NONE,17.12,NO,NO,YES,NO,0.0,0.0,0.0,0.0,0.0,100000.0,100.0,100000.0,0.0,0.0
2021-07-14,806,BULL_100,NO,NO,INACTIVE,NONE,16.33,NO,NO,YES,NO,0.0,0.0,0.0,0.0,0.0,100000.0,100.0,100000.0,0.0,0.0
2021-07-15,807,BULL_100,NO,NO,INACTIVE,NONE,17.01,NO,NO,YES,NO,0.0,0.0,0.0,0.0,0.0,100000.0,100.0,100000.0,0.0,0.0
2021-07-16,808,BULL_100,NO,NO,INACTIVE,NONE,18.45,NO,NO,YES,NO,0.0,0.0,0.0,0.0,0.0,100000.0,100.0,100000.0,0.0,0.0
2021-07-19,809,BULL_100,NO,NO,INACTIVE,NONE,22.5,NO,NO,NO,NO,0.0,0.0,0.0,0.0,0.0,100000.0,100.0,100000.0,0.0,0.0
2021-07-20,810,BULL_100,NO,NO,INACTIVE,NONE,19.73,NO,NO,YES,NO,0.0,0.0,0.0,0.0,0.0,100000.0,100.0,100000.0,0.0,0.0
2021-07-21,811,BULL_100,NO,NO,INACTIVE,NONE,17.91,NO,NO,YES,YES,0.0,0.0,0.0,0.0,0.0,100000.0,100.0,100000.0,0.0,0.0
2021-07-22,812,BULL_100,NO,NO,INACTIVE,NONE,17.69,NO,NO,YES,YES,0.0,0.0,0.0,0.0,0.0,100000.0,100.0,100000.0,0.0,0.0
2021-07-23,813,BULL_100,NO,NO,INACTIVE,NONE,17.2,NO,NO,YES,YES,0.0,0.0,0.0,0.0,0.0,100000.0,100.0,100000.0,0.0,0.0
2021-07-26,814,BULL_100,NO,NO,INACTIVE,NONE,17.58,NO,NO,YES,NO,0.0,0.0,0.0,0.0,0.0,100000.0,100.0,100000.0,0.0,0.0
2021-07-27,815,BULL_100,NO,NO,INACTIVE,NONE,19.36,NO,NO,YES,NO,0.0,0.0,0.0,0.0,0.0,100000.0,100.0,100000.0,0.0,0.0
2021-07-28,816,BULL_100,NO,NO,INACTIVE,NONE,18.31,NO,NO,YES,NO,0.0,0.0,0.0,0.0,0.0,100000.0,100.0,100000.0,0.0,0.0
2021-07-29,817,BULL_100,NO,NO,INACTIVE,NONE,17.7,NO,NO,YES,YES,0.0,0.0,0.0,0.0,0.0,100000.0,100.0,100000.0,0.0,0.0
2021-07-30,818,BULL_100,NO,NO,INACTIVE,NONE,18.24,NO,NO,YES,NO,0.0,0.0,0.0,0.0,0.0,100000.0,100.0,100000.0,0.0,0.0
2021-08-02,819,BULL_100,NO,NO,INACTIVE,NONE,19.46,NO,NO,YES,NO,0.0,0.0,0.0,0.0,0.0,100000.0,100.0,100000.0,0.0,0.0
2021-08-03,820,BULL_100,NO,NO,INACTIVE,NONE,18.04,NO,NO,YES,NO,0.0,0.0,0.0,0.0,0.0,100000.0,100.0,100000.0,0.0,0.0
2021-08-04,821,BULL_100,NO,NO,INACTIVE,NONE,17.97,NO,NO,YES,YES,0.0,0.0,0.0,0.0,0.0,100000.0,100.0,100000.0,0.0,0.0
2021-08-05,822,BULL_100,NO,NO,INACTIVE,NONE,17.28,NO,NO,YES,YES,0.0,0.0,0.0,0.0,0.0,100000.0,100.0,100000.0,0.0,0.0
2021-08-06,823,BULL_100,NO,NO,INACTIVE,NONE,16.15,NO,NO,YES,YES,0.0,0.0,0.0,0.0,0.0,100000.0,100.0,100000.0,0.0,0.0
2021-08-09,824,BULL_100,NO,NO,INACTIVE,NONE,16.72,NO,NO,YES,NO,0.0,0.0,0.0,0.0,0.0,100000.0,100.0,100000.0,0.0,0.0
2021-08-10,825,BULL_100,NO,NO,INACTIVE,NONE,16.79,NO,NO,YES,NO,0.0,0.0,0.0,0.0,0.0,100000.0,100.0,100000.0,0.0,0.0
2021-08-11,826,BULL_100,NO,NO,INACTIVE,NONE,16.06,NO,NO,YES,NO,0.0,0.0,0.0,0.0,0.0,100000.0,100.0,100000.0,0.0,0.0
2021-08-12,827,BULL_100,NO,NO,INACTIVE,NONE,15.59,NO,NO,YES,YES,0.0,0.0,0.0,0.0,0.0,100000.0,100.0,100000.0,0.0,0.0
2021-08-13,828,BULL_100,NO,NO,INACTIVE,NONE,15.45,NO,NO,YES,YES,0.0,0.0,0.0,0.0,0.0,100000.0,100.0,100000.0,0.0,0.0
2021-08-16,829,BULL_100,NO,NO,INACTIVE,NONE,16.12,NO,NO,YES,NO,0.0,0.0,0.0,0.0,0.0,100000.0,100.0,100000.0,0.0,0.0
2021-08-17,830,BULL_100,NO,NO,INACTIVE,NONE,17.91,NO,NO,YES,NO,0.0,0.0,0.0,0.0,0.0,100000.0,100.0,100000.0,0.0,0.0
2021-08-18,831,BULL_100,NO,NO,INACTIVE,NONE,21.57,NO,NO,NO,NO,0.0,0.0,0.0,0.0,0.0,100000.0,100.0,100000.0,0.0,0.0
2021-08-19,832,BULL_100,NO,NO,INACTIVE,NONE,21.67,NO,NO,NO,NO,0.0,0.0,0.0,0.0,0.0,100000.0,100.0,100000.0,0.0,0.0
2021-08-20,833,BULL_100,NO,NO,INACTIVE,NONE,18.56,NO,NO,YES,NO,0.0,0.0,0.0,0.0,0.0,100000.0,100.0,100000.0,0.0,0.0
2021-08-23,834,BULL_100,NO,NO,INACTIVE,NONE,17.15,NO,NO,YES,YES,0.0,0.0,0.0,0.0,0.0,100000.0,100.0,100000.0,0.0,0.0
2021-08-24,835,BULL_100,NO,NO,INACTIVE,NONE,17.22,NO,NO,YES,NO,0.0,0.0,0.0,0.0,0.0,100000.0,100.0,100000.0,0.0,0.0
2021-08-25,836,BULL_100,NO,NO,INACTIVE,NONE,16.79,NO,NO,YES,NO,0.0,0.0,0.0,0.0,0.0,100000.0,100.0,100000.0,0.0,0.0
2021-08-26,837,BULL_100,NO,NO,INACTIVE,NONE,18.84,NO,NO,YES,NO,0.0,0.0,0.0,0.0,0.0,100000.0,100.0,100000.0,0.0,0.0
2021-08-27,838,BULL_100,NO,NO,INACTIVE,NONE,16.39,NO,NO,YES,NO,0.0,0.0,0.0,0.0,0.0,100000.0,100.0,100000.0,0.0,0.0
2021-08-30,839,BULL_100,NO,NO,INACTIVE,NONE,16.19,NO,NO,YES,YES,0.0,0.0,0.0,0.0,0.0,100000.0,100.0,100000.0,0.0,0.0
2021-08-31,840,BULL_100,NO,NO,INACTIVE,NONE,16.48,NO,NO,YES,NO,0.0,0.0,0.0,0.0,0.0,100000.0,100.0,100000.0,0.0,0.0
2021-09-01,841,BULL_100,NO,NO,INACTIVE,NONE,16.11,NO,NO,YES,NO,0.0,0.0,0.0,0.0,0.0,100000.0,100.0,100000.0,0.0,0.0
2021-09-02,842,BULL_100,NO,NO,INACTIVE,NONE,16.41,NO,NO,YES,NO,0.0,0.0,0.0,0.0,0.0,100000.0,100.0,100000.0,0.0,0.0
2021-09-03,843,BULL_100,NO,NO,INACTIVE,NONE,16.41,NO,NO,YES,NO,0.0,0.0,0.0,0.0,0.0,100000.0,100.0,100000.0,0.0,0.0
2021-09-07,844,BULL_100,NO,NO,INACTIVE,NONE,18.14,NO,NO,YES,NO,0.0,0.0,0.0,0.0,0.0,100000.0,100.0,100000.0,0.0,0.0
2021-09-08,845,BULL_100,NO,NO,INACTIVE,NONE,17.96,NO,NO,YES,NO,0.0,0.0,0.0,0.0,0.0,100000.0,100.0,100000.0,0.0,0.0
2021-09-09,846,BULL_100,NO,NO,INACTIVE,NONE,18.8,NO,NO,YES,NO,0.0,0.0,0.0,0.0,0.0,100000.0,100.0,100000.0,0.0,0.0
2021-09-10,847,BULL_100,NO,NO,INACTIVE,NONE,20.95,NO,NO,NO,NO,0.0,0.0,0.0,0.0,0.0,100000.0,100.0,100000.0,0.0,0.0
2021-09-13,848,BULL_100,NO,NO,INACTIVE,NONE,19.37,NO,NO,YES,NO,0.0,0.0,0.0,0.0,0.0,100000.0,100.0,100000.0,0.0,0.0
2021-09-14,849,BULL_100,NO,NO,INACTIVE,NONE,19.46,NO,NO,YES,NO,0.0,0.0,0.0,0.0,0.0,100000.0,100.0,100000.0,0.0,0.0
2021-09-15,850,BULL_100,NO,NO,INACTIVE,NONE,18.18,NO,NO,YES,NO,0.0,0.0,0.0,0.0,0.0,100000.0,100.0,100000.0,0.0,0.0
2021-09-16,851,BULL_100,NO,NO,INACTIVE,NONE,18.69,NO,NO,YES,NO,0.0,0.0,0.0,0.0,0.0,100000.0,100.0,100000.0,0.0,0.0
2021-09-17,852,BULL_100,NO,NO,INACTIVE,NONE,20.81,NO,NO,NO,NO,0.0,0.0,0.0,0.0,0.0,100000.0,100.0,100000.0,0.0,0.0
2021-09-20,853,BULL_100,NO,NO,INACTIVE,NONE,25.71,NO,NO,NO,NO,0.0,0.0,0.0,0.0,0.0,100000.0,100.0,100000.0,0.0,0.0
2021-09-21,854,DEFENSIVE_SPY,NO,NO,INACTIVE,NONE,24.36,NO,NO,NO,NO,0.0,0.0,0.0,0.0,0.0,100000.0,100.0,100000.0,0.0,0.0
2021-09-22,855,DEFENSIVE_BOTH,NO,NO,INACTIVE,NONE,20.87,NO,NO,NO,YES,0.0,0.0,0.0,0.0,0.0,100000.0,100.0,100000.0,0.0,0.0
2021-09-23,856,DEFENSIVE_BOTH,NO,NO,INACTIVE,NONE,18.63,NO,NO,YES,YES,0.0,0.0,0.0,0.0,0.0,100000.0,100.0,100000.0,0.0,0.0
2021-09-24,857,DEFENSIVE_SPY,NO,NO,INACTIVE,NONE,17.75,NO,NO,YES,YES,0.0,0.0,0.0,0.0,0.0,100000.0,100.0,100000.0,0.0,0.0
2021-09-27,858,BULL_100,NO,NO,INACTIVE,NONE,18.76,NO,NO,YES,NO,0.0,0.0,0.0,0.0,0.0,100000.0,100.0,100000.0,0.0,0.0
2021-09-28,859,BULL_100,NO,NO,INACTIVE,NONE,23.25,NO,NO,NO,NO,0.0,0.0,0.0,0.0,0.0,100000.0,100.0,100000.0,0.0,0.0
2021-09-29,860,DEFENSIVE_BOTH,NO,NO,INACTIVE,NONE,22.56,NO,NO,NO,NO,0.0,0.0,0.0,0.0,0.0,100000.0,100.0,100000.0,0.0,0.0
2021-09-30,861,DEFENSIVE_BOTH,NO,NO,INACTIVE,NONE,23.14,NO,NO,NO,NO,0.0,0.0,0.0,0.0,0.0,100000.0,100.0,100000.0,0.0,0.0
2021-10-01,862,DEFENSIVE_BOTH,NO,NO,INACTIVE,NONE,21.15,NO,NO,NO,NO,0.0,0.0,0.0,0.0,0.0,100000.0,100.0,100000.0,0.0,0.0
2021-10-04,863,DEFENSIVE_BOTH,NO,NO,INACTIVE,NONE,22.96,NO,NO,NO,NO,0.0,0.0,0.0,0.0,0.0,100000.0,100.0,100000.0,0.0,0.0
2021-10-05,864,DEFENSIVE_BOTH,NO,NO,INACTIVE,NONE,21.3,NO,NO,NO,NO,0.0,0.0,0.0,0.0,0.0,100000.0,100.0,100000.0,0.0,0.0
2021-10-06,865,DEFENSIVE_BOTH,NO,NO,INACTIVE,NONE,21.0,NO,NO,NO,YES,0.0,0.0,0.0,0.0,0.0,100000.0,100.0,100000.0,0.0,0.0
2021-10-07,866,DEFENSIVE_BOTH,NO,NO,INACTIVE,NONE,19.54,NO,NO,YES,YES,0.0,0.0,0.0,0.0,0.0,100000.0,100.0,100000.0,0.0,0.0
2021-10-08,867,DEFENSIVE_BOTH,NO,NO,INACTIVE,NONE,18.77,NO,NO,YES,YES,0.0,0.0,0.0,0.0,0.0,100000.0,100.0,100000.0,0.0,0.0
2021-10-11,868,DEFENSIVE_BOTH,NO,NO,INACTIVE,NONE,20.0,NO,NO,NO,NO,0.0,0.0,0.0,0.0,0.0,100000.0,100.0,100000.0,0.0,0.0
2021-10-12,869,DEFENSIVE_BOTH,NO,NO,INACTIVE,NONE,19.85,NO,NO,YES,NO,0.0,0.0,0.0,0.0,0.0,100000.0,100.0,100000.0,0.0,0.0
2021-10-13,870,DEFENSIVE_BOTH,NO,NO,INACTIVE,NONE,18.64,NO,NO,YES,YES,0.0,0.0,0.0,0.0,0.0,100000.0,100.0,100000.0,0.0,0.0
2021-10-14,871,DEFENSIVE_BOTH,NO,NO,INACTIVE,NONE,16.86,NO,NO,YES,YES,0.0,0.0,0.0,0.0,0.0,100000.0,100.0,100000.0,0.0,0.0
2021-10-15,872,DEFENSIVE_BOTH,NO,NO,INACTIVE,NONE,16.3,NO,NO,YES,YES,0.0,0.0,0.0,0.0,0.0,100000.0,100.0,100000.0,0.0,0.0
2021-10-18,873,DEFENSIVE_QQQ,NO,NO,INACTIVE,NONE,16.31,NO,NO,YES,NO,0.0,0.0,0.0,0.0,0.0,100000.0,100.0,100000.0,0.0,0.0
2021-10-19,874,DEFENSIVE_QQQ,NO,NO,INACTIVE,NONE,15.7,NO,NO,YES,NO,0.0,0.0,0.0,0.0,0.0,100000.0,100.0,100000.0,0.0,0.0
2021-10-20,875,BULL_100,NO,NO,INACTIVE,NONE,15.49,NO,NO,YES,YES,0.0,0.0,0.0,0.0,0.0,100000.0,100.0,100000.0,0.0,0.0
2021-10-21,876,BULL_100,NO,NO,INACTIVE,NONE,15.01,NO,NO,YES,YES,0.0,0.0,0.0,0.0,0.0,100000.0,100.0,100000.0,0.0,0.0
2021-10-22,877,BULL_100,NO,NO,INACTIVE,NONE,15.43,NO,NO,YES,NO,0.0,0.0,0.0,0.0,0.0,100000.0,100.0,100000.0,0.0,0.0
2021-10-25,878,BULL_100,NO,NO,INACTIVE,NONE,15.24,NO,NO,YES,NO,0.0,0.0,0.0,0.0,0.0,100000.0,100.0,100000.0,0.0,0.0
2021-10-26,879,BULL_100,NO,NO,INACTIVE,NONE,15.98,NO,NO,YES,NO,0.0,0.0,0.0,0.0,0.0,100000.0,100.0,100000.0,0.0,0.0
2021-10-27,880,BULL_100,NO,NO,INACTIVE,NONE,16.98,NO,NO,YES,NO,0.0,0.0,0.0,0.0,0.0,100000.0,100.0,100000.0,0.0,0.0
2021-10-28,881,BULL_100,NO,NO,INACTIVE,NONE,16.53,NO,NO,YES,NO,0.0,0.0,0.0,0.0,0.0,100000.0,100.0,100000.0,0.0,0.0
2021-10-29,882,BULL_100,NO,NO,INACTIVE,NONE,16.26,NO,NO,YES,YES,0.0,0.0,0.0,0.0,0.0,100000.0,100.0,100000.0,0.0,0.0
2021-11-01,883,BULL_100,NO,NO,INACTIVE,NONE,16.41,NO,NO,YES,NO,0.0,0.0,0.0,0.0,0.0,100000.0,100.0,100000.0,0.0,0.0
2021-11-02,884,BULL_100,NO,NO,INACTIVE,NONE,16.03,NO,NO,YES,NO,0.0,0.0,0.0,0.0,0.0,100000.0,100.0,100000.0,0.0,0.0
2021-11-03,885,BULL_100,NO,NO,INACTIVE,NONE,15.1,NO,NO,YES,YES,0.0,0.0,0.0,0.0,0.0,100000.0,100.0,100000.0,0.0,0.0
2021-11-04,886,BULL_100,NO,NO,INACTIVE,NONE,15.44,NO,NO,YES,NO,0.0,0.0,0.0,0.0,0.0,100000.0,100.0,100000.0,0.0,0.0
2021-11-05,887,BULL_100,NO,NO,INACTIVE,NONE,16.48,NO,NO,YES,NO,0.0,0.0,0.0,0.0,0.0,100000.0,100.0,100000.0,0.0,0.0
2021-11-08,888,BULL_TRIMMED,NO,NO,INACTIVE,NONE,17.22,NO,NO,YES,NO,0.0,0.0,0.0,0.0,0.0,100000.0,100.0,100000.0,0.0,0.0
2021-11-09,889,BULL_TRIMMED,NO,NO,INACTIVE,NONE,17.78,NO,NO,YES,NO,0.0,0.0,0.0,0.0,0.0,100000.0,100.0,100000.0,0.0,0.0
2021-11-10,890,BULL_TRIMMED,NO,NO,INACTIVE,NONE,18.73,NO,NO,YES,NO,0.0,0.0,0.0,0.0,0.0,100000.0,100.0,100000.0,0.0,0.0
2021-11-11,891,BULL_TRIMMED,NO,NO,INACTIVE,NONE,17.66,NO,NO,YES,NO,0.0,0.0,0.0,0.0,0.0,100000.0,100.0,100000.0,0.0,0.0
2021-11-12,892,BULL_TRIMMED,NO,NO,INACTIVE,NONE,16.29,NO,NO,YES,YES,0.0,0.0,0.0,0.0,0.0,100000.0,100.0,100000.0,0.0,0.0
2021-11-15,893,BULL_TRIMMED,NO,NO,INACTIVE,NONE,16.49,NO,NO,YES,NO,0.0,0.0,0.0,0.0,0.0,100000.0,100.0,100000.0,0.0,0.0
2021-11-16,894,BULL_TRIMMED,NO,NO,INACTIVE,NONE,16.37,NO,NO,YES,NO,0.0,0.0,0.0,0.0,0.0,100000.0,100.0,100000.0,0.0,0.0
2021-11-17,895,BULL_TRIMMED,NO,NO,INACTIVE,NONE,17.11,NO,NO,YES,NO,0.0,0.0,0.0,0.0,0.0,100000.0,100.0,100000.0,0.0,0.0
2021-11-18,896,BULL_TRIMMED,NO,NO,INACTIVE,NONE,17.59,NO,NO,YES,NO,0.0,0.0,0.0,0.0,0.0,100000.0,100.0,100000.0,0.0,0.0
2021-11-19,897,BULL_TRIMMED,NO,NO,INACTIVE,NONE,17.91,NO,NO,YES,NO,0.0,0.0,0.0,0.0,0.0,100000.0,100.0,100000.0,0.0,0.0
2021-11-22,898,BULL_TRIMMED,NO,NO,INACTIVE,NONE,19.17,NO,NO,YES,NO,0.0,0.0,0.0,0.0,0.0,100000.0,100.0,100000.0,0.0,0.0
2021-11-23,899,BULL_TRIMMED,NO,NO,INACTIVE,NONE,19.38,NO,NO,YES,NO,0.0,0.0,0.0,0.0,0.0,100000.0,100.0,100000.0,0.0,0.0
2021-11-24,900,BULL_TRIMMED,NO,NO,INACTIVE,NONE,18.58,NO,NO,YES,NO,0.0,0.0,0.0,0.0,0.0,100000.0,100.0,100000.0,0.0,0.0
2021-11-26,901,BULL_TRIMMED,NO,NO,INACTIVE,NONE,28.62,NO,NO,NO,NO,0.0,0.0,0.0,0.0,0.0,100000.0,100.0,100000.0,0.0,0.0
2021-11-29,902,BULL_100,NO,NO,INACTIVE,NONE,22.96,NO,NO,NO,NO,0.0,0.0,0.0,0.0,0.0,100000.0,100.0,100000.0,0.0,0.0
2021-11-30,903,BULL_100,NO,NO,INACTIVE,NONE,27.19,NO,NO,NO,NO,0.0,0.0,0.0,0.0,0.0,100000.0,100.0,100000.0,0.0,0.0
2021-12-01,904,BULL_100,NO,NO,INACTIVE,NONE,31.12,YES,NO,NO,NO,0.0,0.0,0.0,0.0,0.0,100000.0,100.0,100000.0,0.0,0.0
2021-12-02,905,CASH,YES,NO,CASH_IDLE,NONE,27.95,NO,NO,NO,NO,0.0,0.0,0.0,0.0,0.0,100000.0,100.0,100000.0,0.0,0.0
2021-12-03,906,SMA_RECOVERY,NO,NO,INACTIVE,NONE,30.67,YES,NO,NO,NO,0.0,0.0,0.0,0.0,0.0,100000.0,100.0,100000.0,0.0,0.0
2021-12-06,907,CASH,YES,NO,CASH_IDLE,NONE,27.18,NO,NO,NO,NO,0.0,0.0,0.0,0.0,0.0,100000.0,100.0,100000.0,0.0,0.0
2021-12-07,908,SMA_RECOVERY,NO,NO,INACTIVE,NONE,21.89,NO,NO,NO,YES,0.0,0.0,0.0,0.0,0.0,100000.0,100.0,100000.0,0.0,0.0
2021-12-08,909,BULL_100,NO,NO,INACTIVE,NONE,19.9,NO,NO,YES,YES,0.0,0.0,0.0,0.0,0.0,100000.0,100.0,100000.0,0.0,0.0
2021-12-09,910,BULL_100,NO,NO,INACTIVE,NONE,21.58,NO,NO,NO,NO,0.0,0.0,0.0,0.0,0.0,100000.0,100.0,100000.0,0.0,0.0
2021-12-10,911,BULL_100,NO,NO,INACTIVE,NONE,18.69,NO,NO,YES,NO,0.0,0.0,0.0,0.0,0.0,100000.0,100.0,100000.0,0.0,0.0
2021-12-13,912,BULL_100,NO,NO,INACTIVE,NONE,20.31,NO,NO,NO,NO,0.0,0.0,0.0,0.0,0.0,100000.0,100.0,100000.0,0.0,0.0
2021-12-14,913,BULL_100,NO,NO,INACTIVE,NONE,21.89,NO,NO,NO,NO,0.0,0.0,0.0,0.0,0.0,100000.0,100.0,100000.0,0.0,0.0
2021-12-15,914,BULL_100,NO,NO,INACTIVE,NONE,19.29,NO,NO,YES,NO,0.0,0.0,0.0,0.0,0.0,100000.0,100.0,100000.0,0.0,0.0
2021-12-16,915,BULL_100,NO,NO,INACTIVE,NONE,20.57,NO,NO,NO,NO,0.0,0.0,0.0,0.0,0.0,100000.0,100.0,100000.0,0.0,0.0
2021-12-17,916,BULL_100,NO,NO,INACTIVE,NONE,21.57,NO,NO,NO,NO,0.0,0.0,0.0,0.0,0.0,100000.0,100.0,100000.0,0.0,0.0
2021-12-20,917,DEFENSIVE_QQQ,NO,NO,INACTIVE,NONE,22.87,NO,NO,NO,NO,0.0,0.0,0.0,0.0,0.0,100000.0,100.0,100000.0,0.0,0.0
2021-12-21,918,DEFENSIVE_QQQ,NO,NO,INACTIVE,NONE,21.01,NO,NO,NO,NO,0.0,0.0,0.0,0.0,0.0,100000.0,100.0,100000.0,0.0,0.0
2021-12-22,919,DEFENSIVE_QQQ,NO,NO,INACTIVE,NONE,18.63,NO,NO,YES,YES,0.0,0.0,0.0,0.0,0.0,100000.0,100.0,100000.0,0.0,0.0
2021-12-23,920,BULL_100,NO,NO,INACTIVE,NONE,17.96,NO,NO,YES,YES,0.0,0.0,0.0,0.0,0.0,100000.0,100.0,100000.0,0.0,0.0
2021-12-27,921,BULL_100,NO,NO,INACTIVE,NONE,17.68,NO,NO,YES,YES,0.0,0.0,0.0,0.0,0.0,100000.0,100.0,100000.0,0.0,0.0
2021-12-28,922,BULL_100,NO,NO,INACTIVE,NONE,17.54,NO,NO,YES,YES,0.0,0.0,0.0,0.0,0.0,100000.0,100.0,100000.0,0.0,0.0
2021-12-29,923,BULL_100,NO,NO,INACTIVE,NONE,16.95,NO,NO,YES,YES,0.0,0.0,0.0,0.0,0.0,100000.0,100.0,100000.0,0.0,0.0
2021-12-30,924,BULL_100,NO,NO,INACTIVE,NONE,17.33,NO,NO,YES,NO,0.0,0.0,0.0,0.0,0.0,100000.0,100.0,100000.0,0.0,0.0
2021-12-31,925,BULL_100,NO,NO,INACTIVE,NONE,17.22,NO,NO,YES,NO,0.0,0.0,0.0,0.0,0.0,100000.0,100.0,100000.0,0.0,0.0
2022-01-03,926,BULL_100,NO,NO,INACTIVE,NONE,16.6,NO,NO,YES,YES,0.0,0.0,0.0,0.0,0.0,100000.0,100.0,100000.0,0.0,0.0
2022-01-04,927,BULL_100,NO,NO,INACTIVE,NONE,16.91,NO,NO,YES,NO,0.0,0.0,0.0,0.0,0.0,100000.0,100.0,100000.0,0.0,0.0
2022-01-05,928,BULL_100,NO,NO,INACTIVE,NONE,19.73,NO,NO,YES,NO,0.0,0.0,0.0,0.0,0.0,100000.0,100.0,100000.0,0.0,0.0
2022-01-06,929,BULL_100,NO,NO,INACTIVE,NONE,19.61,NO,NO,YES,NO,0.0,0.0,0.0,0.0,0.0,100000.0,100.0,100000.0,0.0,0.0
2022-01-07,930,DEFENSIVE_QQQ,NO,NO,INACTIVE,NONE,18.76,NO,NO,YES,YES,0.0,0.0,0.0,0.0,0.0,100000.0,100.0,100000.0,0.0,0.0
2022-01-10,931,DEFENSIVE_QQQ,NO,NO,INACTIVE,NONE,19.4,NO,NO,YES,NO,0.0,0.0,0.0,0.0,0.0,100000.0,100.0,100000.0,0.0,0.0
2022-01-11,932,DEFENSIVE_BOTH,NO,NO,INACTIVE,NONE,18.41,NO,NO,YES,NO,0.0,0.0,0.0,0.0,0.0,100000.0,100.0,100000.0,0.0,0.0
2022-01-12,933,DEFENSIVE_BOTH,NO,NO,INACTIVE,NONE,17.62,NO,NO,YES,YES,0.0,0.0,0.0,0.0,0.0,100000.0,100.0,100000.0,0.0,0.0
2022-01-13,934,DEFENSIVE_QQQ,NO,NO,INACTIVE,NONE,20.31,NO,NO,NO,NO,0.0,0.0,0.0,0.0,0.0,100000.0,100.0,100000.0,0.0,0.0
2022-01-14,935,DEFENSIVE_QQQ,NO,NO,INACTIVE,NONE,19.19,NO,NO,YES,NO,0.0,0.0,0.0,0.0,0.0,100000.0,100.0,100000.0,0.0,0.0
2022-01-18,936,DEFENSIVE_BOTH,NO,NO,INACTIVE,NONE,22.79,NO,NO,NO,NO,0.0,0.0,0.0,0.0,0.0,100000.0,100.0,100000.0,0.0,0.0
2022-01-19,937,DEFENSIVE_BOTH,NO,NO,INACTIVE,NONE,23.85,NO,NO,NO,NO,0.0,0.0,0.0,0.0,0.0,100000.0,100.0,100000.0,0.0,0.0
2022-01-20,938,DEFENSIVE_BOTH,NO,NO,INACTIVE,NONE,25.59,NO,NO,NO,NO,0.0,0.0,0.0,0.0,0.0,100000.0,100.0,100000.0,0.0,0.0
2022-01-21,939,DEFENSIVE_BOTH,NO,NO,INACTIVE,NONE,28.85,NO,NO,NO,NO,0.0,0.0,0.0,0.0,0.0,100000.0,100.0,100000.0,0.0,0.0
2022-01-24,940,CASH,YES,NO,CASH_IDLE,NONE,29.9,NO,NO,NO,NO,0.0,0.0,0.0,0.0,0.0,100000.0,100.0,100000.0,0.0,0.0
2022-01-25,941,CASH,YES,NO,CASH_IDLE,NONE,31.16,YES,NO,NO,NO,0.0,0.0,0.0,0.0,0.0,100000.0,100.0,100000.0,0.0,0.0
2022-01-26,942,CASH,YES,NO,CASH_IDLE,NONE,31.96,YES,NO,NO,NO,0.0,0.0,0.0,0.0,0.0,100000.0,100.0,100000.0,0.0,0.0
2022-01-27,943,CASH,YES,NO,CASH_IDLE,NONE,30.49,YES,NO,NO,NO,0.0,0.0,0.0,0.0,0.0,100000.0,100.0,100000.0,0.0,0.0
2022-01-28,944,CASH,YES,NO,CASH_IDLE,NONE,27.66,NO,NO,NO,YES,0.0,0.0,0.0,0.0,0.0,100000.0,100.0,100000.0,0.0,0.0
2022-01-31,945,CASH,YES,NO,CASH_IDLE,NONE,24.83,NO,NO,NO,YES,0.0,0.0,0.0,0.0,0.0,100000.0,100.0,100000.0,0.0,0.0
2022-02-01,946,SMA_RECOVERY,NO,NO,INACTIVE,NONE,21.96,NO,NO,NO,YES,0.0,0.0,0.0,0.0,0.0,100000.0,100.0,100000.0,0.0,0.0
2022-02-02,947,SMA_RECOVERY,NO,NO,INACTIVE,NONE,22.09,NO,NO,NO,NO,0.0,0.0,0.0,0.0,0.0,100000.0,100.0,100000.0,0.0,0.0
2022-02-03,948,SMA_RECOVERY,NO,NO,INACTIVE,NONE,24.35,NO,NO,NO,NO,0.0,0.0,0.0,0.0,0.0,100000.0,100.0,100000.0,0.0,0.0
2022-02-04,949,SMA_RECOVERY,NO,NO,INACTIVE,NONE,23.22,NO,NO,NO,NO,0.0,0.0,0.0,0.0,0.0,100000.0,100.0,100000.0,0.0,0.0
2022-02-07,950,SMA_RECOVERY,NO,NO,INACTIVE,NONE,22.86,NO,NO,NO,YES,0.0,0.0,0.0,0.0,0.0,100000.0,100.0,100000.0,0.0,0.0
2022-02-08,951,SMA_RECOVERY,NO,NO,INACTIVE,NONE,21.44,NO,NO,NO,YES,0.0,0.0,0.0,0.0,0.0,100000.0,100.0,100000.0,0.0,0.0
2022-02-09,952,SMA_RECOVERY,NO,NO,INACTIVE,NONE,19.96,NO,NO,YES,YES,0.0,0.0,0.0,0.0,0.0,100000.0,100.0,100000.0,0.0,0.0
2022-02-10,953,SMA_RECOVERY,NO,NO,INACTIVE,NONE,23.91,NO,NO,NO,NO,0.0,0.0,0.0,0.0,0.0,100000.0,100.0,100000.0,0.0,0.0
2022-02-11,954,SMA_RECOVERY,NO,NO,INACTIVE,NONE,27.36,NO,NO,NO,NO,0.0,0.0,0.0,0.0,0.0,100000.0,100.0,100000.0,0.0,0.0
2022-02-14,955,CASH,YES,NO,CASH_IDLE,NONE,28.33,NO,NO,NO,NO,0.0,0.0,0.0,0.0,0.0,100000.0,100.0,100000.0,0.0,0.0
2022-02-15,956,CASH,YES,NO,CASH_IDLE,NONE,25.7,NO,NO,NO,NO,0.0,0.0,0.0,0.0,0.0,100000.0,100.0,100000.0,0.0,0.0
2022-02-16,957,SMA_RECOVERY,NO,NO,INACTIVE,NONE,24.29,NO,NO,NO,YES,0.0,0.0,0.0,0.0,0.0,100000.0,100.0,100000.0,0.0,0.0
2022-02-17,958,SMA_RECOVERY,NO,NO,INACTIVE,NONE,28.11,NO,NO,NO,NO,0.0,0.0,0.0,0.0,0.0,100000.0,100.0,100000.0,0.0,0.0
2022-02-18,959,CASH,YES,NO,CASH_IDLE,NONE,27.75,NO,NO,NO,NO,0.0,0.0,0.0,0.0,0.0,100000.0,100.0,100000.0,0.0,0.0
2022-02-22,960,CASH,YES,NO,CASH_IDLE,NONE,28.81,NO,NO,NO,NO,0.0,0.0,0.0,0.0,0.0,100000.0,100.0,100000.0,0.0,0.0
2022-02-23,961,CASH,YES,NO,CASH_IDLE,NONE,31.02,YES,NO,NO,NO,0.0,0.0,0.0,0.0,0.0,100000.0,100.0,100000.0,0.0,0.0
2022-02-24,962,CASH,YES,NO,CASH_IDLE,NONE,30.32,YES,NO,NO,NO,0.0,0.0,0.0,0.0,0.0,100000.0,100.0,100000.0,0.0,0.0
2022-02-25,963,CASH,YES,NO,CASH_IDLE,NONE,27.59,NO,NO,NO,YES,0.0,0.0,0.0,0.0,0.0,100000.0,100.0,100000.0,0.0,0.0
2022-02-28,964,CASH,YES,NO,CASH_IDLE,NONE,30.15,YES,NO,NO,NO,0.0,0.0,0.0,0.0,0.0,100000.0,100.0,100000.0,0.0,0.0
2022-03-01,965,CASH,YES,NO,CASH_IDLE,NONE,33.32,YES,NO,NO,NO,0.0,0.0,0.0,0.0,0.0,100000.0,100.0,100000.0,0.0,0.0
2022-03-02,966,CASH,YES,NO,CASH_IDLE,NONE,30.74,YES,NO,NO,NO,0.0,0.0,0.0,0.0,0.0,100000.0,100.0,100000.0,0.0,0.0
2022-03-03,967,CASH,YES,NO,CASH_IDLE,NONE,30.48,YES,NO,NO,YES,0.0,0.0,0.0,0.0,0.0,100000.0,100.0,100000.0,0.0,0.0
2022-03-04,968,CASH,YES,NO,CASH_IDLE,NONE,31.98,YES,NO,NO,NO,0.0,0.0,0.0,0.0,0.0,100000.0,100.0,100000.0,0.0,0.0
2022-03-07,969,CASH,YES,NO,CASH_IDLE,NONE,36.45,YES,NO,NO,NO,0.0,0.0,0.0,0.0,0.0,100000.0,100.0,100000.0,0.0,0.0
2022-03-08,970,CASH,YES,NO,CASH_IDLE,NONE,35.13,YES,NO,NO,NO,0.0,0.0,0.0,0.0,0.0,100000.0,100.0,100000.0,0.0,0.0
2022-03-09,971,CASH,YES,NO,CASH_IDLE,NONE,32.45,YES,NO,NO,YES,0.0,0.0,0.0,0.0,0.0,100000.0,100.0,100000.0,0.0,0.0
2022-03-10,972,CASH,YES,NO,CASH_IDLE,NONE,30.23,YES,NO,NO,YES,0.0,0.0,0.0,0.0,0.0,100000.0,100.0,100000.0,0.0,0.0
2022-03-11,973,CASH,YES,NO,CASH_IDLE,NONE,30.75,YES,NO,NO,NO,0.0,0.0,0.0,0.0,0.0,100000.0,100.0,100000.0,0.0,0.0
2022-03-14,974,CASH,YES,NO,CASH_IDLE,NONE,31.77,YES,NO,NO,NO,0.0,0.0,0.0,0.0,0.0,100000.0,100.0,100000.0,0.0,0.0
2022-03-15,975,CASH,YES,NO,CASH_IDLE,NONE,29.83,NO,NO,NO,NO,0.0,0.0,0.0,0.0,0.0,100000.0,100.0,100000.0,0.0,0.0
2022-03-16,976,CASH,YES,NO,CASH_IDLE,NONE,26.67,NO,NO,NO,YES,0.0,0.0,0.0,0.0,0.0,100000.0,100.0,100000.0,0.0,0.0
2022-03-17,977,CASH,YES,NO,CASH_IDLE,NONE,25.67,NO,NO,NO,YES,0.0,0.0,0.0,0.0,0.0,100000.0,100.0,100000.0,0.0,0.0
2022-03-18,978,CASH,YES,NO,CASH_IDLE,NONE,23.87,NO,NO,NO,YES,0.0,0.0,0.0,0.0,0.0,100000.0,100.0,100000.0,0.0,0.0
2022-03-21,979,CASH,YES,NO,CASH_IDLE,NONE,23.53,NO,NO,NO,YES,0.0,0.0,0.0,0.0,0.0,100000.0,100.0,100000.0,0.0,0.0
2022-03-22,980,CASH,YES,NO,CASH_IDLE,NONE,22.94,NO,NO,NO,YES,0.0,0.0,0.0,0.0,0.0,100000.0,100.0,100000.0,0.0,0.0
2022-03-23,981,SMA_RECOVERY,NO,NO,INACTIVE,NONE,23.57,NO,NO,NO,NO,0.0,0.0,0.0,0.0,0.0,100000.0,100.0,100000.0,0.0,0.0
2022-03-24,982,CASH,YES,NO,CASH_IDLE,NONE,21.67,NO,NO,NO,NO,0.0,0.0,0.0,0.0,0.0,100000.0,100.0,100000.0,0.0,0.0
2022-03-25,983,SMA_RECOVERY,NO,NO,INACTIVE,NONE,20.81,NO,NO,NO,YES,0.0,0.0,0.0,0.0,0.0,100000.0,100.0,100000.0,0.0,0.0
2022-03-28,984,BULL_100,NO,NO,INACTIVE,NONE,19.63,NO,NO,YES,YES,0.0,0.0,0.0,0.0,0.0,100000.0,100.0,100000.0,0.0,0.0
2022-03-29,985,BULL_100,NO,NO,INACTIVE,NONE,18.9,NO,NO,YES,YES,0.0,0.0,0.0,0.0,0.0,100000.0,100.0,100000.0,0.0,0.0
2022-03-30,986,BULL_100,NO,YES,INACTIVE,NONE,19.33,NO,NO,YES,NO,14.79,14.9,0.0,0.0,0.0,100000.0,100.0,100000.0,0.0,0.0
2022-03-31,987,BULL_100,NO,YES,INACTIVE,NONE,20.56,NO,NO,NO,NO,14.12,14.67,0.0,0.0,0.0,100000.0,100.0,100000.0,0.0,0.0
2022-04-01,988,BULL_100,NO,YES,INACTIVE,NONE,19.63,NO,NO,YES,NO,14.58,14.42,0.0,0.0,0.0,100000.0,100.0,100000.0,0.0,0.0
2022-04-04,989,BULL_100,NO,YES,INACTIVE,NONE,18.57,NO,NO,YES,YES,15.31,14.7,0.0,0.0,0.0,100000.0,100.0,100000.0,0.0,0.0
2022-04-05,990,BULL_100,NO,YES,INACTIVE,NONE,21.03,NO,NO,NO,NO,14.11,15.18,0.0,0.0,0.0,100000.0,100.0,100000.0,0.0,0.0
2022-04-06,991,BULL_100,NO,YES,INACTIVE,NONE,22.1,NO,NO,NO,NO,13.67,13.46,0.0,0.0,0.0,100000.0,100.0,100000.0,0.0,0.0
2022-04-07,992,CASH,YES,YES,CASH_IDLE,NONE,21.55,NO,NO,NO,NO,14.07,13.71,0.0,0.0,0.0,100000.0,100.0,100000.0,0.0,0.0
2022-04-08,993,SMA_RECOVERY,NO,YES,INACTIVE,NONE,21.16,NO,NO,NO,YES,14.1,14.1,0.0,0.0,0.0,100000.0,100.0,100000.0,0.0,0.0
2022-04-11,994,CASH,YES,YES,CASH_IDLE,NONE,24.37,NO,NO,NO,NO,13.32,13.83,0.0,0.0,0.0,100000.0,100.0,100000.0,0.0,0.0
2022-04-12,995,CASH,YES,YES,CASH_IDLE,NONE,24.26,NO,NO,NO,NO,13.16,13.62,0.0,0.0,0.0,100000.0,100.0,100000.0,0.0,0.0
2022-04-13,996,CASH,YES,YES,CASH_IDLE,NONE,21.82,NO,NO,NO,YES,14.08,13.11,0.0,0.0,0.0,100000.0,100.0,100000.0,0.0,0.0
2022-04-14,997,CASH,YES,YES,CASH_IDLE,NONE,22.7,NO,NO,NO,NO,13.72,14.29,0.0,0.0,0.0,100000.0,100.0,100000.0,0.0,0.0
2022-04-18,998,CASH,YES,YES,CASH_IDLE,NONE,22.17,NO,NO,NO,NO,14.05,13.61,0.0,0.0,0.0,100000.0,100.0,100000.0,0.0,0.0
2022-04-19,999,CASH,YES,YES,CASH_IDLE,NONE,21.37,NO,NO,NO,YES,14.42,14.03,0.0,0.0,0.0,100000.0,100.0,100000.0,0.0,0.0
2022-04-20,1000,CASH,YES,YES,CASH_IDLE,NONE,20.32,NO,NO,NO,YES,14.85,14.85,0.0,0.0,0.0,100000.0,100.0,100000.0,0.0,0.0
2022-04-21,1001,CASH,YES,YES,CASH_IDLE,NONE,22.68,NO,NO,NO,NO,13.71,15.23,0.0,0.0,0.0,100000.0,100.0,100000.0,0.0,0.0
2022-04-22,1002,CASH,YES,YES,CASH_IDLE,NONE,28.21,NO,NO,NO,NO,12.1,13.8,0.0,0.0,0.0,100000.0,100.0,100000.0,0.0,0.0
2022-04-25,1003,CASH,YES,YES,CASH_IDLE,NONE,27.02,NO,NO,NO,NO,12.39,11.8,0.0,0.0,0.0,100000.0,100.0,100000.0,0.0,0.0
2022-04-26,1004,CASH,YES,YES,CASH_IDLE,NONE,33.52,YES,NO,NO,NO,11.17,12.11,0.0,0.0,0.0,100000.0,100.0,100000.0,0.0,0.0
2022-04-27,1005,CASH,YES,YES,CASH_IDLE,NONE,31.6,YES,NO,NO,NO,11.08,11.51,0.0,0.0,0.0,100000.0,100.0,100000.0,0.0,0.0
2022-04-28,1006,CASH,YES,YES,CASH_IDLE,NONE,29.99,NO,NO,NO,YES,11.5,11.39,0.0,0.0,0.0,100000.0,100.0,100000.0,0.0,0.0
2022-04-29,1007,CASH,YES,YES,CASH_IDLE,NONE,33.4,YES,NO,NO,NO,10.68,11.64,0.0,0.0,0.0,100000.0,100.0,100000.0,0.0,0.0
2022-05-02,1008,CASH,YES,YES,CASH_IDLE,NONE,32.34,YES,NO,NO,NO,10.72,10.59,0.0,0.0,0.0,100000.0,100.0,100000.0,0.0,0.0
2022-05-03,1009,CASH,YES,YES,CASH_IDLE,NONE,29.25,NO,NO,NO,YES,11.42,10.77,0.0,0.0,0.0,100000.0,100.0,100000.0,0.0,0.0
2022-05-04,1010,CASH,YES,YES,CASH_IDLE,NONE,25.42,NO,NO,NO,YES,12.28,11.42,0.0,0.0,0.0,100000.0,100.0,100000.0,0.0,0.0
2022-05-05,1011,CASH,YES,YES,CASH_IDLE,NONE,31.2,YES,NO,NO,NO,10.21,12.12,0.0,0.0,0.0,100000.0,100.0,100000.0,0.0,0.0
2022-05-06,1012,CASH,YES,YES,CASH_IDLE,NONE,30.19,YES,NO,NO,NO,10.31,9.98,0.0,0.0,0.0,100000.0,100.0,100000.0,0.0,0.0
2022-05-09,1013,CASH,YES,YES,CASH_IDLE,NONE,34.75,YES,NO,NO,NO,9.38,9.64,0.0,0.0,0.0,100000.0,100.0,100000.0,0.0,0.0
2022-05-10,1014,CASH,YES,YES,CASH_IDLE,NONE,32.99,YES,NO,NO,NO,9.76,9.73,0.0,0.0,0.0,100000.0,100.0,100000.0,0.0,0.0
2022-05-11,1015,CASH,YES,YES,CASH_IDLE,"SVIX_INIT: VIX=32.6 in [30,40], falling 2 days",32.56,YES,NO,NO,YES,9.93,9.88,0.0,0.0,0.0,100000.0,100.0,100000.0,0.0,0.0
2022-05-12,1016,CASH,YES,YES,CASH_SVIX_INIT,NONE,31.77,YES,NO,NO,YES,10.03,9.57,1044.9321,10480.67,10.4,89979.0,89.6,100459.67,459.67,0.46
2022-05-13,1017,CASH,YES,YES,CASH_SVIX_INIT,NONE,28.87,NO,NO,NO,YES,10.69,10.28,1044.9321,11170.32,11.0,89979.0,89.0,101149.32,689.65,1.15
2022-05-16,1018,CASH,YES,YES,CASH_SVIX_INIT,NONE,27.47,NO,NO,NO,YES,11.01,10.8,1044.9321,11504.7,11.3,89979.0,88.7,101483.7,334.38,1.48
2022-05-17,1019,CASH,YES,YES,CASH_SVIX_INIT,NONE,26.1,NO,NO,NO,YES,11.4,11.36,1044.9321,11912.23,11.7,89979.0,88.3,101891.23,407.53,1.89
2022-05-18,1020,CASH,YES,YES,CASH_SVIX_INIT,NONE,30.96,YES,NO,NO,NO,9.96,11.22,1044.9321,10407.52,10.4,89979.0,89.6,100386.52,-1504.71,0.39
2022-05-19,1021,CASH,YES,YES,CASH_SVIX_INIT,NONE,29.35,NO,NO,NO,NO,10.49,9.66,1044.9321,10961.34,10.9,89979.0,89.1,100940.34,553.82,0.94
2022-05-20,1022,CASH,YES,YES,CASH_SVIX_INIT,NONE,29.43,NO,NO,NO,NO,10.26,10.68,1044.9321,10721.0,10.6,89979.0,89.4,100700.0,-240.34,0.7
2022-05-23,1023,CASH,YES,YES,CASH_SVIX_INIT,NONE,28.48,NO,NO,NO,NO,10.45,10.42,1044.9321,10919.54,10.8,89979.0,89.2,100898.54,198.54,0.9
2022-05-24,1024,CASH,YES,YES,CASH_SVIX_INIT,NONE,29.45,NO,NO,NO,NO,10.39,10.36,1044.9321,10856.84,10.8,89979.0,89.2,100835.84,-62.7,0.84
2022-05-25,1025,CASH,YES,YES,CASH_SVIX_INIT,NONE,28.37,NO,NO,NO,NO,10.61,10.34,1044.9321,11086.73,11.0,89979.0,89.0,101065.73,229.89,1.07
2022-05-26,1026,CASH,YES,YES,CASH_SVIX_INIT,NONE,27.5,NO,NO,NO,YES,10.75,10.72,1044.9321,11233.02,11.1,89979.0,88.9,101212.02,146.29,1.21
2022-05-27,1027,CASH,YES,YES,CASH_SVIX_INIT,NONE,25.72,NO,NO,NO,YES,11.13,11.03,1044.9321,11630.09,11.4,89979.0,88.6,101609.09,397.07,1.61
2022-05-31,1028,CASH,YES,YES,CASH_SVIX_INIT,NONE,26.19,NO,NO,NO,NO,11.31,10.92,1044.9321,11818.18,11.6,89979.0,88.4,101797.18,188.09,1.8
2022-06-01,1029,CASH,YES,YES,CASH_SVIX_INIT,NONE,25.69,NO,NO,NO,NO,11.39,11.5,1044.9321,11901.78,11.7,89979.0,88.3,101880.78,83.6,1.88
2022-06-02,1030,CASH,YES,YES,CASH_SVIX_INIT,NONE,24.72,NO,NO,NO,YES,11.72,11.45,1044.9321,12246.6,12.0,89979.0,88.0,102225.6,344.82,2.23
2022-06-03,1031,CASH,YES,YES,CASH_SVIX_INIT,NONE,24.79,NO,NO,NO,NO,11.52,11.47,1044.9321,12037.62,11.8,89979.0,88.2,102016.62,-208.98,2.02
2022-06-06,1032,CASH,YES,YES,CASH_SVIX_INIT,NONE,25.07,NO,NO,NO,NO,11.67,11.78,1044.9321,12194.36,11.9,89979.0,88.1,102173.36,156.74,2.17
2022-06-07,1033,CASH,YES,YES,CASH_SVIX_INIT,NONE,24.02,NO,NO,NO,NO,11.88,11.38,1044.9321,12413.79,12.1,89979.0,87.9,102392.79,219.43,2.39
2022-06-08,1034,CASH,YES,YES,CASH_SVIX_INIT,NONE,23.96,NO,NO,NO,YES,12.01,11.9,1044.9321,12549.63,12.2,89979.0,87.8,102528.63,135.84,2.53
2022-06-09,1035,CASH,YES,YES,CASH_SVIX_INIT,NONE,26.09,NO,NO,NO,NO,11.43,11.86,1044.9321,11943.57,11.7,89979.0,88.3,101922.57,-606.06,1.92
2022-06-10,1036,CASH,YES,YES,CASH_SVIX_INIT,NONE,27.75,NO,NO,NO,NO,10.74,11.36,1044.9321,11222.57,11.1,89979.0,88.9,101201.57,-721.0,1.2
2022-06-13,1037,CASH,YES,YES,CASH_SVIX_INIT,NONE,34.02,YES,NO,NO,NO,9.43,10.1,1044.9321,9853.71,9.9,89979.0,90.1,99832.71,-1368.86,-0.17
2022-06-14,1038,CASH,YES,YES,CASH_SVIX_INIT,NONE,32.69,YES,NO,NO,NO,9.51,9.6,1044.9321,9937.3,9.9,89979.0,90.1,99916.3,83.59,-0.08
2022-06-15,1039,CASH,YES,YES,CASH_SVIX_INIT,NONE,29.62,NO,NO,NO,YES,10.17,9.55,1044.9321,10626.96,10.6,89979.0,89.4,100605.96,689.66,0.61
2022-06-16,1040,CASH,YES,YES,CASH_SVIX_INIT,NONE,32.95,YES,NO,NO,NO,9.36,9.75,1044.9321,9780.56,9.8,89979.0,90.2,99759.56,-846.4,-0.24
2022-06-17,1041,CASH,YES,YES,CASH_SVIX_INIT,NONE,31.13,YES,NO,NO,NO,9.75,9.66,1044.9321,10188.09,10.2,89979.0,89.8,100167.09,407.53,0.17
2022-06-21,1042,CASH,YES,YES,CASH_SVIX_INIT,NONE,30.19,YES,NO,NO,YES,10.0,10.14,1044.9321,10449.32,10.4,89979.0,89.6,100428.32,261.23,0.43
2022-06-22,1043,CASH,YES,YES,CASH_SVIX_INIT,NONE,28.95,NO,NO,NO,YES,10.34,9.63,1044.9321,10804.6,10.7,89979.0,89.3,100783.6,355.28,0.78
2022-06-23,1044,CASH,YES,YES,CASH_SVIX_INIT,NONE,29.05,NO,NO,NO,NO,10.34,10.27,1044.9321,10804.6,10.7,89979.0,89.3,100783.6,-0.0,0.78
2022-06-24,1045,CASH,YES,YES,CASH_SVIX_INIT,NONE,27.23,NO,NO,NO,NO,10.55,10.37,1044.9321,11024.03,10.9,89979.0,89.1,101003.03,219.43,1.0
2022-06-27,1046,CASH,YES,YES,CASH_SVIX_INIT,NONE,26.95,NO,NO,NO,YES,10.88,10.64,1044.9321,11368.86,11.2,89979.0,88.8,101347.86,344.83,1.35
2022-06-28,1047,CASH,YES,YES,CASH_SVIX_INIT,NONE,28.36,NO,NO,NO,NO,10.46,10.85,1044.9321,10929.99,10.8,89979.0,89.2,100908.99,-438.87,0.91
2022-06-29,1048,CASH,YES,YES,CASH_SVIX_INIT,NONE,28.16,NO,NO,NO,NO,10.58,10.36,1044.9321,11055.38,10.9,89979.0,89.1,101034.38,125.39,1.03
2022-06-30,1049,CASH,YES,YES,CASH_SVIX_INIT,NONE,28.71,NO,NO,NO,NO,10.34,10.18,1044.9321,10804.6,10.7,89979.0,89.3,100783.6,-250.78,0.78
2022-07-01,1050,CASH,YES,YES,CASH_SVIX_INIT,NONE,26.7,NO,NO,NO,NO,10.71,10.25,1044.9321,11191.22,11.1,89979.0,88.9,101170.22,386.62,1.17
2022-07-05,1051,CASH,YES,YES,CASH_SVIX_INIT,NONE,27.54,NO,NO,NO,NO,10.62,10.5,1044.9321,11097.18,11.0,89979.0,89.0,101076.18,-94.04,1.08
2022-07-06,1052,CASH,YES,YES,CASH_SVIX_INIT,NONE,26.73,NO,NO,NO,NO,10.825,10.635,1044.9321,11311.39,11.2,89979.0,88.8,101290.39,214.21,1.29
2022-07-07,1053,CASH,YES,YES,CASH_SVIX_INIT,NONE,26.08,NO,NO,NO,YES,10.92,10.83,1044.9321,11410.66,11.3,89979.0,88.7,101389.66,99.27,1.39
2022-07-08,1054,CASH,YES,YES,CASH_SVIX_INIT,NONE,24.64,NO,NO,NO,YES,11.2,10.92,1044.9321,11703.24,11.5,89979.0,88.5,101682.24,292.58,1.68
2022-07-11,1055,CASH,YES,YES,CASH_SVIX_INIT,NONE,26.17,NO,NO,NO,NO,10.88,11.03,1044.9321,11368.86,11.2,89979.0,88.8,101347.86,-334.38,1.35
2022-07-12,1056,CASH,YES,YES,CASH_SVIX_INIT,NONE,27.29,NO,NO,NO,NO,10.79,10.8,1044.9321,11274.82,11.1,89979.0,88.9,101253.82,-94.04,1.25
2022-07-13,1057,CASH,YES,YES,CASH_SVIX_INIT,NONE,26.82,NO,NO,NO,NO,10.93,10.79,1044.9321,11421.11,11.3,89979.0,88.7,101400.11,146.29,1.4
2022-07-14,1058,CASH,YES,YES,CASH_SVIX_INIT,NONE,26.4,NO,NO,NO,YES,10.91,10.6,1044.9321,11400.21,11.2,89979.0,88.8,101379.21,-20.9,1.38
2022-07-15,1059,CASH,YES,YES,CASH_SVIX_INIT,NONE,24.23,NO,NO,NO,YES,11.41,11.0,1044.9321,11922.68,11.7,89979.0,88.3,101901.68,522.47,1.9
2022-07-18,1060,CASH,YES,YES,CASH_SVIX_INIT,NONE,25.3,NO,NO,NO,NO,11.12,11.54,1044.9321,11619.64,11.4,89979.0,88.6,101598.64,-303.04,1.6
2022-07-19,1061,CASH,YES,YES,CASH_SVIX_INIT,NONE,24.5,NO,NO,NO,NO,11.26,11.33,1044.9321,11765.94,11.6,89979.0,88.4,101744.94,146.3,1.74
2022-07-20,1062,CASH,YES,YES,CASH_SVIX_INIT,NONE,23.88,NO,NO,NO,YES,11.53,11.32,1044.9321,12048.07,11.8,89979.0,88.2,102027.07,282.13,2.03
2022-07-21,1063,CASH,YES,YES,CASH_SVIX_INIT,NONE,23.11,NO,NO,NO,YES,11.69,11.58,1044.9321,12215.26,12.0,89979.0,88.0,102194.26,167.19,2.19
2022-07-22,1064,CASH,YES,YES,CASH_SVIX_INIT,NONE,23.03,NO,NO,NO,YES,11.89,11.72,1044.9321,12424.24,12.1,89979.0,87.9,102403.24,208.98,2.4
2022-07-25,1065,CASH,YES,YES,CASH_SVIX_INIT,NONE,23.36,NO,NO,NO,NO,12.01,11.92,1044.9321,12549.63,12.2,89979.0,87.8,102528.63,125.39,2.53
2022-07-26,1066,CASH,YES,YES,CASH_SVIX_INIT,NONE,24.69,NO,NO,NO,NO,11.94,11.91,1044.9321,12476.49,12.2,89979.0,87.8,102455.49,-73.14,2.46
2022-07-27,1067,CASH,YES,YES,CASH_SVIX_INIT,NONE,23.24,NO,NO,NO,NO,12.04,12.02,1044.9321,12580.98,12.3,89979.0,87.7,102559.98,104.49,2.56
2022-07-28,1068,CASH,YES,YES,CASH_SVIX_INIT,NONE,22.33,NO,NO,NO,YES,12.83,12.15,1044.9321,13406.48,13.0,89979.0,87.0,103385.48,825.5,3.39
2022-07-29,1069,CASH,YES,YES,CASH_SVIX_INIT,NONE,21.33,NO,NO,NO,YES,12.89,12.76,1044.9321,13469.17,13.0,89979.0,87.0,103448.17,62.69,3.45
2022-08-01,1070,CASH,YES,YES,CASH_SVIX_INIT,NONE,22.84,NO,NO,NO,NO,12.4,12.61,1044.9321,12957.16,12.6,89979.0,87.4,102936.16,-512.01,2.94
2022-08-02,1071,CASH,YES,YES,CASH_SVIX_INIT,NONE,23.93,NO,NO,NO,NO,12.26,12.16,1044.9321,12810.87,12.5,89979.0,87.5,102789.87,-146.29,2.79
2022-08-03,1072,CASH,YES,YES,CASH_SVIX_INIT,NONE,21.95,NO,NO,NO,NO,12.89,12.38,1044.9321,13469.17,13.0,89979.0,87.0,103448.17,658.3,3.45
2022-08-04,1073,CASH,YES,YES,CASH_SVIX_INIT,NONE,21.44,NO,NO,NO,YES,12.81,12.74,1044.9321,13385.58,12.9,89979.0,87.1,103364.58,-83.59,3.36
2022-08-05,1074,CASH,YES,YES,CASH_SVIX_INIT,NONE,21.15,NO,NO,NO,YES,13.09,12.87,1044.9321,13678.16,13.2,89979.0,86.8,103657.16,292.58,3.66
2022-08-08,1075,CASH,YES,YES,CASH_SVIX_INIT,NONE,21.29,NO,NO,NO,NO,13.07,13.2,1044.9321,13657.26,13.2,89979.0,86.8,103636.26,-20.9,3.64
2022-08-09,1076,CASH,YES,YES,CASH_SVIX_INIT,NONE,21.77,NO,NO,NO,NO,12.99,12.89,1044.9321,13573.67,13.1,89979.0,86.9,103552.67,-83.59,3.55
2022-08-10,1077,CASH,YES,YES,CASH_SVIX_INIT,EXIT: VIX=19.7<20.0,19.74,NO,NO,YES,NO,13.75,13.07,1044.9321,14367.82,13.8,89979.0,86.2,104346.82,794.15,4.35
2022-08-11,1078,CASH,YES,YES,CASH_IDLE,NONE,20.2,NO,NO,NO,NO,13.67,13.78,0.0,0.0,0.0,104348.37,100.0,104348.37,1.55,4.35
2022-08-12,1079,CASH,YES,YES,CASH_IDLE,NONE,19.53,NO,NO,YES,NO,13.77,13.65,0.0,0.0,0.0,104348.37,100.0,104348.37,-0.0,4.35
2022-08-15,1080,CASH,YES,YES,CASH_IDLE,NONE,19.95,NO,NO,YES,NO,13.96,13.58,0.0,0.0,0.0,104348.37,100.0,104348.37,-0.0,4.35
2022-08-16,1081,CASH,YES,YES,CASH_IDLE,NONE,19.69,NO,NO,YES,NO,13.87,13.97,0.0,0.0,0.0,104348.37,100.0,104348.37,-0.0,4.35
2022-08-17,1082,CASH,YES,YES,CASH_IDLE,NONE,19.9,NO,NO,YES,NO,13.91,13.7,0.0,0.0,0.0,104348.37,100.0,104348.37,-0.0,4.35
2022-08-18,1083,CASH,YES,YES,CASH_IDLE,NONE,19.56,NO,NO,YES,NO,14.12,13.96,0.0,0.0,0.0,104348.37,100.0,104348.37,-0.0,4.35
2022-08-19,1084,CASH,YES,YES,CASH_IDLE,NONE,20.6,NO,NO,NO,NO,13.42,13.74,0.0,0.0,0.0,104348.37,100.0,104348.37,-0.0,4.35
2022-08-22,1085,CASH,YES,YES,CASH_IDLE,NONE,23.8,NO,NO,NO,NO,12.58,12.89,0.0,0.0,0.0,104348.37,100.0,104348.37,-0.0,4.35
2022-08-23,1086,CASH,YES,YES,CASH_IDLE,NONE,24.11,NO,NO,NO,NO,12.79,12.71,0.0,0.0,0.0,104348.37,100.0,104348.37,-0.0,4.35
2022-08-24,1087,CASH,YES,YES,CASH_IDLE,NONE,22.82,NO,NO,NO,NO,13.27,12.81,0.0,0.0,0.0,104348.37,100.0,104348.37,-0.0,4.35
2022-08-25,1088,CASH,YES,YES,CASH_IDLE,NONE,21.78,NO,NO,NO,YES,13.62,13.49,0.0,0.0,0.0,104348.37,100.0,104348.37,-0.0,4.35
2022-08-26,1089,CASH,YES,YES,CASH_IDLE,NONE,25.56,NO,NO,NO,NO,12.36,13.55,0.0,0.0,0.0,104348.37,100.0,104348.37,-0.0,4.35
2022-08-29,1090,CASH,YES,YES,CASH_IDLE,NONE,26.21,NO,NO,NO,NO,12.31,12.1,0.0,0.0,0.0,104348.37,100.0,104348.37,-0.0,4.35
2022-08-30,1091,CASH,YES,YES,CASH_IDLE,NONE,26.21,NO,NO,NO,NO,12.26,12.6,0.0,0.0,0.0,104348.37,100.0,104348.37,-0.0,4.35
2022-08-31,1092,CASH,YES,YES,CASH_IDLE,NONE,25.87,NO,NO,NO,NO,12.38,12.18,0.0,0.0,0.0,104348.37,100.0,104348.37,-0.0,4.35
2022-09-01,1093,CASH,YES,YES,CASH_IDLE,NONE,25.56,NO,NO,NO,YES,12.49,12.17,0.0,0.0,0.0,104348.37,100.0,104348.37,-0.0,4.35
2022-09-02,1094,CASH,YES,YES,CASH_IDLE,NONE,25.47,NO,NO,NO,YES,12.47,12.55,0.0,0.0,0.0,104348.37,100.0,104348.37,-0.0,4.35
2022-09-06,1095,CASH,YES,YES,CASH_IDLE,NONE,26.91,NO,NO,NO,NO,12.09,12.63,0.0,0.0,0.0,104348.37,100.0,104348.37,-0.0,4.35
2022-09-07,1096,CASH,YES,YES,CASH_IDLE,NONE,24.64,NO,NO,NO,NO,12.74,12.03,0.0,0.0,0.0,104348.37,100.0,104348.37,-0.0,4.35
2022-09-08,1097,CASH,YES,YES,CASH_IDLE,NONE,23.61,NO,NO,NO,YES,12.99,12.72,0.0,0.0,0.0,104348.37,100.0,104348.37,-0.0,4.35
2022-09-09,1098,CASH,YES,YES,CASH_IDLE,NONE,22.79,NO,NO,NO,YES,13.16,13.18,0.0,0.0,0.0,104348.37,100.0,104348.37,-0.0,4.35
2022-09-12,1099,CASH,YES,YES,CASH_IDLE,NONE,23.87,NO,NO,NO,NO,13.23,13.29,0.0,0.0,0.0,104348.37,100.0,104348.37,-0.0,4.35
2022-09-13,1100,CASH,YES,YES,CASH_IDLE,NONE,27.27,NO,NO,NO,NO,11.96,13.27,0.0,0.0,0.0,104348.37,100.0,104348.37,-0.0,4.35
2022-09-14,1101,CASH,YES,YES,CASH_IDLE,NONE,26.16,NO,NO,NO,NO,12.04,12.02,0.0,0.0,0.0,104348.37,100.0,104348.37,-0.0,4.35
2022-09-15,1102,CASH,YES,YES,CASH_IDLE,NONE,26.27,NO,NO,NO,NO,12.0,12.06,0.0,0.0,0.0,104348.37,100.0,104348.37,-0.0,4.35
2022-09-16,1103,CASH,YES,YES,CASH_IDLE,NONE,26.3,NO,NO,NO,NO,12.08,11.8,0.0,0.0,0.0,104348.37,100.0,104348.37,-0.0,4.35
2022-09-19,1104,CASH,YES,YES,CASH_IDLE,NONE,25.76,NO,NO,NO,NO,12.47,11.9,0.0,0.0,0.0,104348.37,100.0,104348.37,-0.0,4.35
2022-09-20,1105,CASH,YES,YES,CASH_IDLE,NONE,27.16,NO,NO,NO,NO,12.0,12.34,0.0,0.0,0.0,104348.37,100.0,104348.37,-0.0,4.35
2022-09-21,1106,CASH,YES,YES,CASH_IDLE,NONE,27.99,NO,NO,NO,NO,11.48,12.02,0.0,0.0,0.0,104348.37,100.0,104348.37,-0.0,4.35
2022-09-22,1107,CASH,YES,YES,CASH_IDLE,NONE,27.35,NO,NO,NO,NO,11.74,11.91,0.0,0.0,0.0,104348.37,100.0,104348.37,-0.0,4.35
2022-09-23,1108,CASH,YES,YES,CASH_IDLE,NONE,29.92,NO,NO,NO,NO,11.0,11.69,0.0,0.0,0.0,104348.37,100.0,104348.37,-0.0,4.35
2022-09-26,1109,CASH,YES,YES,CASH_IDLE,NONE,32.26,YES,NO,NO,NO,10.6,10.73,0.0,0.0,0.0,104348.37,100.0,104348.37,-0.0,4.35
2022-09-27,1110,CASH,YES,YES,CASH_IDLE,NONE,32.6,YES,NO,NO,NO,10.49,10.92,0.0,0.0,0.0,104348.37,100.0,104348.37,-0.0,4.35
2022-09-28,1111,CASH,YES,YES,CASH_IDLE,NONE,30.18,YES,NO,NO,NO,10.86,10.2,0.0,0.0,0.0,104348.37,100.0,104348.37,-0.0,4.35
2022-09-29,1112,CASH,YES,YES,CASH_IDLE,NONE,31.84,YES,NO,NO,NO,10.52,10.59,0.0,0.0,0.0,104348.37,100.0,104348.37,-0.0,4.35
2022-09-30,1113,CASH,YES,YES,CASH_IDLE,NONE,31.62,YES,NO,NO,NO,10.39,10.67,0.0,0.0,0.0,104348.37,100.0,104348.37,-0.0,4.35
2022-10-03,1114,CASH,YES,YES,CASH_IDLE,"SVIX_INIT: VIX=30.1 in [30,40], falling 2 days",30.1,YES,NO,NO,YES,10.79,10.34,0.0,0.0,0.0,104348.37,100.0,104348.37,-0.0,4.35
2022-10-04,1115,CASH,YES,YES,CASH_SVIX_INIT,NONE,29.07,NO,NO,NO,YES,11.12,11.02,946.8999,10529.53,10.1,93891.66,89.9,104421.19,72.82,4.42
2022-10-05,1116,CASH,YES,YES,CASH_SVIX_INIT,NONE,28.55,NO,NO,NO,YES,11.15,10.98,946.8999,10557.93,10.1,93891.66,89.9,104449.59,28.4,4.45
2022-10-06,1117,CASH,YES,YES,CASH_SVIX_INIT,NONE,30.52,YES,NO,NO,NO,10.68,11.11,946.8999,10112.89,9.7,93891.66,90.3,104004.55,-445.04,4.0
2022-10-07,1118,CASH,YES,YES,CASH_SVIX_INIT,NONE,31.36,YES,NO,NO,NO,10.21,10.74,946.8999,9667.85,9.3,93891.66,90.7,103559.51,-445.04,3.56
2022-10-10,1119,CASH,YES,YES,CASH_SVIX_INIT,NONE,32.45,YES,NO,NO,NO,10.05,10.11,946.8999,9516.34,9.2,93891.66,90.8,103408.0,-151.51,3.41
2022-10-11,1120,CASH,YES,YES,CASH_SVIX_INIT,NONE,33.63,YES,NO,NO,NO,9.9,9.98,946.8999,9374.31,9.1,93891.66,90.9,103265.97,-142.03,3.27
2022-10-12,1121,CASH,YES,YES,CASH_SVIX_INIT,NONE,33.57,YES,NO,NO,NO,10.02,10.08,946.8999,9487.94,9.2,93891.66,90.8,103379.6,113.63,3.38
2022-10-13,1122,CASH,YES,YES,CASH_SVIX_INIT,NONE,31.94,YES,NO,NO,YES,10.35,9.99,946.8999,9800.41,9.5,93891.66,90.5,103692.07,312.47,3.69
2022-10-14,1123,CASH,YES,YES,CASH_SVIX_INIT,NONE,32.02,YES,NO,NO,NO,10.08,10.38,946.8999,9544.75,9.2,93891.66,90.8,103436.41,-255.66,3.44
2022-10-17,1124,CASH,YES,YES,CASH_SVIX_INIT,NONE,31.37,YES,NO,NO,NO,10.35,10.23,946.8999,9800.41,9.5,93891.66,90.5,103692.07,255.66,3.69
2022-10-18,1125,CASH,YES,YES,CASH_SVIX_INIT,NONE,30.5,YES,NO,NO,YES,10.67,10.49,946.8999,10103.42,9.7,93891.66,90.3,103995.08,303.01,4.0
2022-10-19,1126,CASH,YES,YES,CASH_SVIX_INIT,NONE,30.76,YES,NO,NO,NO,10.46,10.51,946.8999,9904.57,9.5,93891.66,90.5,103796.23,-198.85,3.8
2022-10-20,1127,CASH,YES,YES,CASH_SVIX_INIT,NONE,29.98,NO,NO,NO,NO,10.61,10.31,946.8999,10046.61,9.7,93891.66,90.3,103938.27,142.04,3.94
2022-10-21,1128,CASH,YES,YES,CASH_SVIX_INIT,NONE,29.69,NO,NO,NO,YES,10.67,10.55,946.8999,10103.42,9.7,93891.66,90.3,103995.08,56.81,4.0
2022-10-24,1129,CASH,YES,YES,CASH_SVIX_INIT,NONE,29.85,NO,NO,NO,NO,10.77,10.58,946.8999,10198.11,9.8,93891.66,90.2,104089.77,94.69,4.09
2022-10-25,1130,CASH,YES,YES,CASH_SVIX_INIT,NONE,28.46,NO,NO,NO,NO,10.97,10.8,946.8999,10387.49,10.0,93891.66,90.0,104279.15,189.38,4.28
2022-10-26,1131,CASH,YES,YES,CASH_SVIX_INIT,NONE,27.28,NO,NO,NO,YES,11.48,11.13,946.8999,10870.41,10.4,93891.66,89.6,104762.07,482.92,4.76
2022-10-27,1132,CASH,YES,YES,CASH_SVIX_INIT,NONE,27.39,NO,NO,NO,NO,11.5,11.54,946.8999,10889.35,10.4,93891.66,89.6,104781.01,18.94,4.78
2022-10-28,1133,CASH,YES,YES,CASH_SVIX_INIT,NONE,25.75,NO,NO,NO,NO,11.98,11.49,946.8999,11343.86,10.8,93891.66,89.2,105235.52,454.51,5.24
2022-10-31,1134,CASH,YES,YES,CASH_SVIX_INIT,NONE,25.88,NO,NO,NO,NO,12.09,11.77,946.8999,11448.02,10.9,93891.66,89.1,105339.68,104.16,5.34
2022-11-01,1135,CASH,YES,YES,CASH_SVIX_INIT,NONE,25.81,NO,NO,NO,NO,12.23,12.22,946.8999,11580.59,11.0,93891.66,89.0,105472.24,132.56,5.47
2022-11-02,1136,CASH,YES,YES,CASH_SVIX_INIT,NONE,25.86,NO,NO,NO,NO,11.99,12.24,946.8999,11353.33,10.8,93891.66,89.2,105244.99,-227.25,5.24
2022-11-03,1137,CASH,YES,YES,CASH_SVIX_INIT,NONE,25.3,NO,NO,NO,NO,12.24,11.98,946.8999,11590.05,11.0,93891.66,89.0,105481.71,236.72,5.48
2022-11-04,1138,CASH,YES,YES,CASH_SVIX_INIT,NONE,24.55,NO,NO,NO,YES,12.35,12.3,946.8999,11694.21,11.1,93891.66,88.9,105585.87,104.16,5.59
2022-11-07,1139,CASH,YES,YES,CASH_SVIX_INIT,NONE,24.35,NO,NO,NO,YES,12.42,12.4,946.8999,11760.5,11.1,93891.66,88.9,105652.16,66.29,5.65
2022-11-08,1140,CASH,YES,YES,CASH_SVIX_INIT,NONE,25.54,NO,NO,NO,NO,12.08,12.58,946.8999,11438.55,10.9,93891.66,89.1,105330.21,-321.95,5.33
2022-11-09,1141,CASH,YES,YES,CASH_SVIX_INIT,NONE,26.09,NO,NO,NO,NO,11.77,12.1,946.8999,11145.01,10.6,93891.66,89.4,105036.67,-293.54,5.04
2022-11-10,1142,CASH,YES,YES,CASH_SVIX_INIT,NONE,23.53,NO,NO,NO,NO,12.31,11.8,946.8999,11656.34,11.0,93891.66,89.0,105548.0,511.33,5.55
2022-11-11,1143,CASH,YES,YES,CASH_SVIX_INIT,NONE,22.52,NO,NO,NO,YES,12.5,12.3,946.8999,11836.25,11.2,93891.66,88.8,105727.91,179.91,5.73
2022-11-14,1144,CASH,YES,YES,CASH_SVIX_INIT,NONE,23.73,NO,NO,NO,NO,12.65,12.46,946.8999,11978.28,11.3,93891.66,88.7,105869.94,142.03,5.87
2022-11-15,1145,CASH,YES,YES,CASH_SVIX_INIT,NONE,24.54,NO,NO,NO,NO,12.35,12.77,946.8999,11694.21,11.1,93891.66,88.9,105585.87,-284.07,5.59
2022-11-16,1146,CASH,YES,YES,CASH_SVIX_INIT,NONE,24.11,NO,NO,NO,NO,12.69,12.51,946.8999,12016.16,11.3,93891.66,88.7,105907.82,321.95,5.91
2022-11-17,1147,CASH,YES,YES,CASH_SVIX_INIT,NONE,23.93,NO,NO,NO,YES,12.82,12.67,946.8999,12139.26,11.4,93891.66,88.6,106030.92,123.1,6.03
2022-11-18,1148,CASH,YES,YES,CASH_SVIX_INIT,NONE,23.12,NO,NO,NO,YES,12.96,12.87,946.8999,12271.82,11.6,93891.66,88.4,106163.48,132.56,6.16
2022-11-21,1149,CASH,YES,YES,CASH_SVIX_INIT,NONE,22.36,NO,NO,NO,YES,13.32,12.935,946.8999,12612.71,11.8,93891.66,88.2,106504.37,340.89,6.5
2022-11-22,1150,CASH,YES,YES,CASH_SVIX_INIT,NONE,21.29,NO,NO,NO,YES,13.75,13.36,946.8999,13019.87,12.2,93891.66,87.8,106911.53,407.16,6.91
2022-11-23,1151,CASH,YES,YES,CASH_SVIX_INIT,NONE,20.35,NO,NO,NO,YES,14.08,13.73,946.8999,13332.35,12.4,93891.66,87.6,107224.01,312.48,7.22
2022-11-25,1152,CASH,YES,YES,CASH_SVIX_INIT,NONE,20.5,NO,NO,NO,NO,13.99,13.88,946.8999,13247.13,12.4,93891.66,87.6,107138.79,-85.22,7.14
2022-11-28,1153,CASH,YES,YES,CASH_SVIX_INIT,NONE,22.21,NO,NO,NO,NO,13.4,13.8,946.8999,12688.46,11.9,93891.66,88.1,106580.12,-558.67,6.58
2022-11-29,1154,CASH,YES,YES,CASH_SVIX_INIT,NONE,21.89,NO,NO,NO,NO,13.68,13.49,946.8999,12953.59,12.1,93891.66,87.9,106845.25,265.13,6.85
2022-11-30,1155,CASH,YES,YES,CASH_SVIX_INIT,NONE,20.58,NO,NO,NO,YES,14.2,13.59,946.8999,13445.98,12.5,93891.66,87.5,107337.64,492.39,7.34
2022-12-01,1156,SMA_RECOVERY,NO,YES,INACTIVE,NONE,19.84,NO,NO,YES,YES,14.43,14.185,0.0,0.0,0.0,107295.57,100.0,107295.57,-42.07,7.3
2022-12-02,1157,BULL_100,NO,YES,INACTIVE,NONE,19.06,NO,NO,YES,YES,14.65,14.36,0.0,0.0,0.0,107295.57,100.0,107295.57,0.0,7.3
2022-12-05,1158,BULL_100,NO,YES,INACTIVE,NONE,20.75,NO,NO,NO,NO,14.38,14.52,0.0,0.0,0.0,107295.57,100.0,107295.57,0.0,7.3
2022-12-06,1159,CASH,YES,YES,CASH_IDLE,NONE,22.17,NO,NO,NO,NO,14.01,14.49,0.0,0.0,0.0,107295.57,100.0,107295.57,0.0,7.3
2022-12-07,1160,CASH,YES,YES,CASH_IDLE,NONE,22.68,NO,NO,NO,NO,13.82,13.92,0.0,0.0,0.0,107295.57,100.0,107295.57,0.0,7.3
2022-12-08,1161,CASH,YES,YES,CASH_IDLE,NONE,22.29,NO,NO,NO,NO,14.08,13.81,0.0,0.0,0.0,107295.57,100.0,107295.57,0.0,7.3
2022-12-09,1162,CASH,YES,YES,CASH_IDLE,NONE,22.83,NO,NO,NO,NO,13.73,13.76,0.0,0.0,0.0,107295.57,100.0,107295.57,0.0,7.3
2022-12-12,1163,CASH,YES,YES,CASH_IDLE,NONE,25.0,NO,NO,NO,NO,13.79,13.76,0.0,0.0,0.0,107295.57,100.0,107295.57,0.0,7.3
2022-12-13,1164,CASH,YES,YES,CASH_IDLE,NONE,22.55,NO,NO,NO,NO,14.35,13.87,0.0,0.0,0.0,107295.57,100.0,107295.57,0.0,7.3
2022-12-14,1165,CASH,YES,YES,CASH_IDLE,NONE,21.14,NO,NO,NO,YES,15.0,14.41,0.0,0.0,0.0,107295.57,100.0,107295.57,0.0,7.3
2022-12-15,1166,CASH,YES,YES,CASH_IDLE,NONE,22.83,NO,NO,NO,NO,13.87,14.76,0.0,0.0,0.0,107295.57,100.0,107295.57,0.0,7.3
2022-12-16,1167,CASH,YES,YES,CASH_IDLE,NONE,22.62,NO,NO,NO,NO,13.92,13.7,0.0,0.0,0.0,107295.57,100.0,107295.57,0.0,7.3
2022-12-19,1168,CASH,YES,YES,CASH_IDLE,NONE,22.42,NO,NO,NO,YES,14.23,13.97,0.0,0.0,0.0,107295.57,100.0,107295.57,0.0,7.3
2022-12-20,1169,CASH,YES,YES,CASH_IDLE,NONE,21.48,NO,NO,NO,YES,14.34,14.18,0.0,0.0,0.0,107295.57,100.0,107295.57,0.0,7.3
2022-12-21,1170,CASH,YES,YES,CASH_IDLE,NONE,20.07,NO,NO,NO,YES,14.87,14.685,0.0,0.0,0.0,107295.57,100.0,107295.57,0.0,7.3
2022-12-22,1171,CASH,YES,YES,CASH_IDLE,NONE,21.97,NO,NO,NO,NO,14.02,14.98,0.0,0.0,0.0,107295.57,100.0,107295.57,0.0,7.3
2022-12-23,1172,CASH,YES,YES,CASH_IDLE,NONE,20.87,NO,NO,NO,NO,14.48,14.11,0.0,0.0,0.0,107295.57,100.0,107295.57,0.0,7.3
2022-12-27,1173,CASH,YES,YES,CASH_IDLE,NONE,21.65,NO,NO,NO,NO,14.52,14.425,0.0,0.0,0.0,107295.57,100.0,107295.57,0.0,7.3
2022-12-28,1174,CASH,YES,YES,CASH_IDLE,NONE,22.14,NO,NO,NO,NO,14.48,14.56,0.0,0.0,0.0,107295.57,100.0,107295.57,0.0,7.3
2022-12-29,1175,CASH,YES,YES,CASH_IDLE,NONE,21.44,NO,NO,NO,NO,14.64,14.695,0.0,0.0,0.0,107295.57,100.0,107295.57,0.0,7.3
2022-12-30,1176,CASH,YES,YES,CASH_IDLE,NONE,21.67,NO,NO,NO,NO,14.66,14.505,0.0,0.0,0.0,107295.57,100.0,107295.57,0.0,7.3
2023-01-03,1177,CASH,YES,YES,CASH_IDLE,NONE,22.9,NO,NO,NO,NO,14.775,14.74,0.0,0.0,0.0,107295.57,100.0,107295.57,0.0,7.3
2023-01-04,1178,CASH,YES,YES,CASH_IDLE,NONE,22.01,NO,NO,NO,NO,15.07,14.83,0.0,0.0,0.0,107295.57,100.0,107295.57,0.0,7.3
2023-01-05,1179,CASH,YES,YES,CASH_IDLE,NONE,22.46,NO,NO,NO,NO,15.06,15.01,0.0,0.0,0.0,107295.57,100.0,107295.57,0.0,7.3
2023-01-06,1180,CASH,YES,YES,CASH_IDLE,NONE,21.13,NO,NO,NO,NO,15.42,15.05,0.0,0.0,0.0,107295.57,100.0,107295.57,0.0,7.3
2023-01-09,1181,CASH,YES,YES,CASH_IDLE,NONE,21.97,NO,NO,NO,NO,15.34,15.44,0.0,0.0,0.0,107295.57,100.0,107295.57,0.0,7.3
2023-01-10,1182,CASH,YES,YES,CASH_IDLE,NONE,20.58,NO,NO,NO,NO,15.94,15.08,0.0,0.0,0.0,107295.57,100.0,107295.57,0.0,7.3
2023-01-11,1183,CASH,YES,YES,CASH_IDLE,NONE,21.09,NO,NO,NO,NO,15.86,16.04,0.0,0.0,0.0,107295.57,100.0,107295.57,0.0,7.3
2023-01-12,1184,CASH,YES,YES,CASH_IDLE,NONE,18.83,NO,NO,YES,NO,16.51,16.18,0.0,0.0,0.0,107295.57,100.0,107295.57,0.0,7.3
2023-01-13,1185,CASH,YES,YES,CASH_IDLE,NONE,18.35,NO,NO,YES,YES,17.0,16.7,0.0,0.0,0.0,107295.57,100.0,107295.57,0.0,7.3
2023-01-17,1186,SMA_RECOVERY,NO,YES,INACTIVE,NONE,19.36,NO,NO,YES,NO,16.88,16.86,0.0,0.0,0.0,107295.57,100.0,107295.57,0.0,7.3
2023-01-18,1187,CASH,YES,YES,CASH_IDLE,NONE,20.34,NO,NO,NO,NO,16.39,17.16,0.0,0.0,0.0,107295.57,100.0,107295.57,0.0,7.3
2023-01-19,1188,CASH,YES,YES,CASH_IDLE,NONE,20.52,NO,NO,NO,NO,16.39,16.19,0.0,0.0,0.0,107295.57,100.0,107295.57,0.0,7.3
2023-01-20,1189,CASH,YES,YES,CASH_IDLE,NONE,19.85,NO,NO,YES,NO,16.76,16.32,0.0,0.0,0.0,107295.57,100.0,107295.57,0.0,7.3
2023-01-23,1190,SMA_RECOVERY,NO,YES,INACTIVE,NONE,19.81,NO,NO,YES,YES,16.98,16.88,0.0,0.0,0.0,107295.57,100.0,107295.57,0.0,7.3
2023-01-24,1191,BULL_100,NO,YES,INACTIVE,NONE,19.2,NO,NO,YES,YES,17.65,16.91,0.0,0.0,0.0,107295.57,100.0,107295.57,0.0,7.3
2023-01-25,1192,BULL_100,NO,YES,INACTIVE,NONE,19.08,NO,NO,YES,YES,17.57,17.06,0.0,0.0,0.0,107295.57,100.0,107295.57,0.0,7.3
2023-01-26,1193,BULL_100,NO,YES,INACTIVE,NONE,18.73,NO,NO,YES,YES,17.82,17.73,0.0,0.0,0.0,107295.57,100.0,107295.57,0.0,7.3
2023-01-27,1194,BULL_100,NO,YES,INACTIVE,NONE,18.51,NO,NO,YES,YES,18.07,17.7,0.0,0.0,0.0,107295.57,100.0,107295.57,0.0,7.3
2023-01-30,1195,BULL_100,NO,YES,INACTIVE,NONE,19.94,NO,NO,YES,NO,17.57,17.67,0.0,0.0,0.0,107295.57,100.0,107295.57,0.0,7.3
2023-01-31,1196,BULL_100,NO,YES,INACTIVE,NONE,19.4,NO,NO,YES,NO,17.98,17.32,0.0,0.0,0.0,107295.57,100.0,107295.57,0.0,7.3
2023-02-01,1197,BULL_100,NO,YES,INACTIVE,NONE,17.87,NO,NO,YES,YES,18.75,17.89,0.0,0.0,0.0,107295.57,100.0,107295.57,0.0,7.3
2023-02-02,1198,BULL_100,NO,YES,INACTIVE,NONE,18.73,NO,NO,YES,NO,17.86,18.98,0.0,0.0,0.0,107295.57,100.0,107295.57,0.0,7.3
2023-02-03,1199,BULL_100,NO,YES,INACTIVE,NONE,18.33,NO,NO,YES,NO,17.97,17.62,0.0,0.0,0.0,107295.57,100.0,107295.57,0.0,7.3
2023-02-06,1200,BULL_100,NO,YES,INACTIVE,NONE,19.43,NO,NO,YES,NO,17.56,17.65,0.0,0.0,0.0,107295.57,100.0,107295.57,0.0,7.3
2023-02-07,1201,BULL_100,NO,YES,INACTIVE,NONE,18.66,NO,NO,YES,NO,18.09,17.37,0.0,0.0,0.0,107295.57,100.0,107295.57,0.0,7.3
2023-02-08,1202,BULL_100,NO,YES,INACTIVE,NONE,19.63,NO,NO,YES,NO,17.34,17.85,0.0,0.0,0.0,107295.57,100.0,107295.57,0.0,7.3
2023-02-09,1203,BULL_100,NO,YES,INACTIVE,NONE,20.71,NO,NO,NO,NO,16.8,17.6,0.0,0.0,0.0,107295.57,100.0,107295.57,0.0,7.3
2023-02-10,1204,BULL_100,NO,YES,INACTIVE,NONE,20.53,NO,NO,NO,NO,16.67,16.45,0.0,0.0,0.0,107295.57,100.0,107295.57,0.0,7.3
2023-02-13,1205,BULL_100,NO,YES,INACTIVE,NONE,20.34,NO,NO,NO,YES,17.24,16.84,0.0,0.0,0.0,107295.57,100.0,107295.57,0.0,7.3
2023-02-14,1206,BULL_100,NO,YES,INACTIVE,NONE,18.91,NO,NO,YES,YES,17.89,17.54,0.0,0.0,0.0,107295.57,100.0,107295.57,0.0,7.3
2023-02-15,1207,BULL_100,NO,YES,INACTIVE,NONE,18.23,NO,NO,YES,YES,18.16,17.83,0.0,0.0,0.0,107295.57,100.0,107295.57,0.0,7.3
2023-02-16,1208,BULL_100,NO,YES,INACTIVE,NONE,20.17,NO,NO,NO,NO,17.25,18.0,0.0,0.0,0.0,107295.57,100.0,107295.57,0.0,7.3
2023-02-17,1209,BULL_100,NO,YES,INACTIVE,NONE,20.02,NO,NO,NO,NO,17.25,17.05,0.0,0.0,0.0,107295.57,100.0,107295.57,0.0,7.3
2023-02-21,1210,BULL_100,NO,YES,INACTIVE,NONE,22.87,NO,NO,NO,NO,15.89,16.58,0.0,0.0,0.0,107295.57,100.0,107295.57,0.0,7.3
2023-02-22,1211,BULL_100,NO,YES,INACTIVE,NONE,22.29,NO,NO,NO,NO,16.52,15.94,0.0,0.0,0.0,107295.57,100.0,107295.57,0.0,7.3
2023-02-23,1212,BULL_100,NO,YES,INACTIVE,NONE,21.14,NO,NO,NO,YES,17.0,16.71,0.0,0.0,0.0,107295.57,100.0,107295.57,0.0,7.3
2023-02-24,1213,BULL_100,NO,YES,INACTIVE,NONE,21.67,NO,NO,NO,NO,16.4,16.78,0.0,0.0,0.0,107295.57,100.0,107295.57,0.0,7.3
2023-02-27,1214,BULL_100,NO,YES,INACTIVE,NONE,20.95,NO,NO,NO,NO,17.0,16.67,0.0,0.0,0.0,107295.57,100.0,107295.57,0.0,7.3
2023-02-28,1215,BULL_100,NO,YES,INACTIVE,NONE,20.7,NO,NO,NO,YES,17.36,17.04,0.0,0.0,0.0,107295.57,100.0,107295.57,0.0,7.3
2023-03-01,1216,BULL_100,NO,YES,INACTIVE,NONE,20.58,NO,NO,NO,YES,17.18,17.31,0.0,0.0,0.0,107295.57,100.0,107295.57,0.0,7.3
2023-03-02,1217,DEFENSIVE_SPY,NO,YES,INACTIVE,NONE,19.59,NO,NO,YES,YES,17.81,16.89,0.0,0.0,0.0,107295.57,100.0,107295.57,0.0,7.3
2023-03-03,1218,DEFENSIVE_SPY,NO,YES,INACTIVE,NONE,18.49,NO,NO,YES,YES,18.37,18.03,0.0,0.0,0.0,107295.57,100.0,107295.57,0.0,7.3
2023-03-06,1219,BULL_100,NO,YES,INACTIVE,NONE,18.61,NO,NO,YES,NO,18.61,18.46,0.0,0.0,0.0,107295.57,100.0,107295.57,0.0,7.3
2023-03-07,1220,BULL_100,NO,YES,INACTIVE,NONE,19.59,NO,NO,YES,NO,18.16,18.63,0.0,0.0,0.0,107295.57,100.0,107295.57,0.0,7.3
2023-03-08,1221,BULL_100,NO,YES,INACTIVE,NONE,19.11,NO,NO,YES,NO,18.49,18.07,0.0,0.0,0.0,107295.57,100.0,107295.57,0.0,7.3
2023-03-09,1222,BULL_100,NO,YES,INACTIVE,NONE,22.61,NO,NO,NO,NO,16.38,18.64,0.0,0.0,0.0,107295.57,100.0,107295.57,0.0,7.3
2023-03-10,1223,CASH,YES,YES,CASH_IDLE,NONE,24.8,NO,NO,NO,NO,14.89,16.3,0.0,0.0,0.0,107295.57,100.0,107295.57,0.0,7.3
2023-03-13,1224,CASH,YES,YES,CASH_IDLE,NONE,26.52,NO,NO,NO,NO,14.19,14.99,0.0,0.0,0.0,107295.57,100.0,107295.57,0.0,7.3
2023-03-14,1225,CASH,YES,YES,CASH_IDLE,NONE,23.73,NO,NO,NO,NO,15.25,14.21,0.0,0.0,0.0,107295.57,100.0,107295.57,0.0,7.3
2023-03-15,1226,CASH,YES,YES,CASH_IDLE,NONE,26.14,NO,NO,NO,NO,13.85,15.18,0.0,0.0,0.0,107295.57,100.0,107295.57,0.0,7.3
2023-03-16,1227,CASH,YES,YES,CASH_IDLE,NONE,22.99,NO,NO,NO,NO,15.05,14.26,0.0,0.0,0.0,107295.57,100.0,107295.57,0.0,7.3
2023-03-17,1228,SMA_RECOVERY,NO,YES,INACTIVE,NONE,25.51,NO,NO,NO,NO,13.75,15.08,0.0,0.0,0.0,107295.57,100.0,107295.57,0.0,7.3
2023-03-20,1229,CASH,YES,YES,CASH_IDLE,NONE,24.15,NO,NO,NO,NO,13.99,13.0,0.0,0.0,0.0,107295.57,100.0,107295.57,0.0,7.3
2023-03-21,1230,SMA_RECOVERY,NO,YES,INACTIVE,NONE,21.38,NO,NO,NO,YES,15.33,14.26,0.0,0.0,0.0,107295.57,100.0,107295.57,0.0,7.3
2023-03-22,1231,SMA_RECOVERY,NO,YES,INACTIVE,NONE,22.26,NO,NO,NO,NO,14.83,15.0,0.0,0.0,0.0,107295.57,100.0,107295.57,0.0,7.3
2023-03-23,1232,SMA_RECOVERY,NO,YES,INACTIVE,NONE,22.61,NO,NO,NO,NO,14.75,15.2,0.0,0.0,0.0,107295.57,100.0,107295.57,0.0,7.3
2023-03-24,1233,SMA_RECOVERY,NO,YES,INACTIVE,NONE,21.74,NO,NO,NO,NO,14.9,14.68,0.0,0.0,0.0,107295.57,100.0,107295.57,0.0,7.3
2023-03-27,1234,SMA_RECOVERY,NO,YES,INACTIVE,NONE,20.6,NO,NO,NO,YES,15.57,14.83,0.0,0.0,0.0,107295.57,100.0,107295.57,0.0,7.3
2023-03-28,1235,SMA_RECOVERY,NO,YES,INACTIVE,NONE,19.97,NO,NO,YES,YES,15.91,15.53,0.0,0.0,0.0,107295.57,100.0,107295.57,0.0,7.3
2023-03-29,1236,SMA_RECOVERY,NO,YES,INACTIVE,NONE,19.12,NO,NO,YES,YES,16.4,16.32,0.0,0.0,0.0,107295.57,100.0,107295.57,0.0,7.3
2023-03-30,1237,BULL_100,NO,YES,INACTIVE,NONE,19.02,NO,NO,YES,YES,16.47,16.63,0.0,0.0,0.0,107295.57,100.0,107295.57,0.0,7.3
2023-03-31,1238,BULL_100,NO,YES,INACTIVE,NONE,18.7,NO,NO,YES,YES,16.55,16.47,0.0,0.0,0.0,107295.57,100.0,107295.57,0.0,7.3
2023-04-03,1239,BULL_100,NO,YES,INACTIVE,NONE,18.55,NO,NO,YES,YES,16.93,16.38,0.0,0.0,0.0,107295.57,100.0,107295.57,0.0,7.3
2023-04-04,1240,BULL_100,NO,YES,INACTIVE,NONE,19.0,NO,NO,YES,NO,16.65,17.01,0.0,0.0,0.0,107295.57,100.0,107295.57,0.0,7.3
2023-04-05,1241,BULL_100,NO,YES,INACTIVE,NONE,19.08,NO,NO,YES,NO,16.73,16.53,0.0,0.0,0.0,107295.57,100.0,107295.57,0.0,7.3
2023-04-06,1242,BULL_100,NO,YES,INACTIVE,NONE,18.4,NO,NO,YES,NO,17.02,16.58,0.0,0.0,0.0,107295.57,100.0,107295.57,0.0,7.3
2023-04-10,1243,BULL_100,NO,YES,INACTIVE,NONE,18.97,NO,NO,YES,NO,17.22,16.79,0.0,0.0,0.0,107295.57,100.0,107295.57,0.0,7.3
2023-04-11,1244,BULL_100,NO,YES,INACTIVE,NONE,19.1,NO,NO,YES,NO,17.33,17.36,0.0,0.0,0.0,107295.57,100.0,107295.57,0.0,7.3
2023-04-12,1245,BULL_100,NO,YES,INACTIVE,NONE,19.09,NO,NO,YES,NO,17.28,17.38,0.0,0.0,0.0,107295.57,100.0,107295.57,0.0,7.3
2023-04-13,1246,BULL_100,NO,YES,INACTIVE,NONE,17.8,NO,NO,YES,YES,17.88,17.38,0.0,0.0,0.0,107295.57,100.0,107295.57,0.0,7.3
2023-04-14,1247,BULL_100,NO,YES,INACTIVE,NONE,17.07,NO,NO,YES,YES,18.13,17.75,0.0,0.0,0.0,107295.57,100.0,107295.57,0.0,7.3
2023-04-17,1248,BULL_100,NO,YES,INACTIVE,NONE,16.95,NO,NO,YES,YES,18.65,18.18,0.0,0.0,0.0,107295.57,100.0,107295.57,0.0,7.3
2023-04-18,1249,BULL_100,NO,YES,INACTIVE,NONE,16.83,NO,NO,YES,YES,18.76,18.73,0.0,0.0,0.0,107295.57,100.0,107295.57,0.0,7.3
2023-04-19,1250,BULL_100,NO,YES,INACTIVE,NONE,16.46,NO,NO,YES,YES,18.82,18.56,0.0,0.0,0.0,107295.57,100.0,107295.57,0.0,7.3
2023-04-20,1251,BULL_100,NO,YES,INACTIVE,NONE,17.17,NO,NO,YES,NO,18.46,18.53,0.0,0.0,0.0,107295.57,100.0,107295.57,0.0,7.3
2023-04-21,1252,BULL_100,NO,YES,INACTIVE,NONE,16.77,NO,NO,YES,NO,18.79,18.3,0.0,0.0,0.0,107295.57,100.0,107295.57,0.0,7.3
2023-04-24,1253,BULL_100,NO,YES,INACTIVE,NONE,16.89,NO,NO,YES,NO,18.88,18.64,0.0,0.0,0.0,107295.57,100.0,107295.57,0.0,7.3
2023-04-25,1254,BULL_100,NO,YES,INACTIVE,NONE,18.76,NO,NO,YES,NO,17.47,18.59,0.0,0.0,0.0,107295.57,100.0,107295.57,0.0,7.3
2023-04-26,1255,BULL_100,NO,YES,INACTIVE,NONE,18.84,NO,NO,YES,NO,17.8,17.52,0.0,0.0,0.0,107295.57,100.0,107295.57,0.0,7.3
2023-04-27,1256,BULL_100,NO,YES,INACTIVE,NONE,17.03,NO,NO,YES,NO,18.62,18.11,0.0,0.0,0.0,107295.57,100.0,107295.57,0.0,7.3
2023-04-28,1257,BULL_100,NO,YES,INACTIVE,NONE,15.78,NO,NO,YES,YES,19.23,18.2,0.0,0.0,0.0,107295.57,100.0,107295.57,0.0,7.3
2023-05-01,1258,BULL_100,NO,YES,INACTIVE,NONE,16.08,NO,NO,YES,NO,19.28,19.39,0.0,0.0,0.0,107295.57,100.0,107295.57,0.0,7.3
2023-05-02,1259,BULL_100,NO,YES,INACTIVE,NONE,17.78,NO,NO,YES,NO,18.6,19.03,0.0,0.0,0.0,107295.57,100.0,107295.57,0.0,7.3
2023-05-03,1260,BULL_100,NO,YES,INACTIVE,NONE,18.34,NO,NO,YES,NO,17.7,18.54,0.0,0.0,0.0,107295.57,100.0,107295.57,0.0,7.3
2023-05-04,1261,BULL_100,NO,YES,INACTIVE,NONE,20.09,NO,NO,NO,NO,17.39,17.98,0.0,0.0,0.0,107295.57,100.0,107295.57,0.0,7.3
2023-05-05,1262,BULL_100,NO,YES,INACTIVE,NONE,17.19,NO,NO,YES,NO,18.52,17.41,0.0,0.0,0.0,107295.57,100.0,107295.57,0.0,7.3
2023-05-08,1263,BULL_100,NO,YES,INACTIVE,NONE,16.98,NO,NO,YES,YES,18.79,18.5,0.0,0.0,0.0,107295.57,100.0,107295.57,0.0,7.3
2023-05-09,1264,BULL_100,NO,YES,INACTIVE,NONE,17.71,NO,NO,YES,NO,18.47,18.66,0.0,0.0,0.0,107295.57,100.0,107295.57,0.0,7.3
2023-05-10,1265,BULL_100,NO,YES,INACTIVE,NONE,16.94,NO,NO,YES,NO,18.95,18.28,0.0,0.0,0.0,107295.57,100.0,107295.57,0.0,7.3
2023-05-11,1266,BULL_100,NO,YES,INACTIVE,NONE,16.93,NO,NO,YES,YES,19.15,19.08,0.0,0.0,0.0,107295.57,100.0,107295.57,0.0,7.3
2023-05-12,1267,BULL_100,NO,YES,INACTIVE,NONE,17.03,NO,NO,YES,NO,19.07,19.21,0.0,0.0,0.0,107295.57,100.0,107295.57,0.0,7.3
2023-05-15,1268,BULL_100,NO,YES,INACTIVE,NONE,17.12,NO,NO,YES,NO,19.64,19.4,0.0,0.0,0.0,107295.57,100.0,107295.57,0.0,7.3
2023-05-16,1269,BULL_100,NO,YES,INACTIVE,NONE,17.99,NO,NO,YES,NO,19.06,19.59,0.0,0.0,0.0,107295.57,100.0,107295.57,0.0,7.3
2023-05-17,1270,BULL_100,NO,YES,INACTIVE,NONE,16.87,NO,NO,YES,NO,19.68,19.27,0.0,0.0,0.0,107295.57,100.0,107295.57,0.0,7.3
2023-05-18,1271,BULL_100,NO,YES,INACTIVE,NONE,16.05,NO,NO,YES,YES,20.53,19.97,0.0,0.0,0.0,107295.57,100.0,107295.57,0.0,7.3
2023-05-19,1272,BULL_100,NO,YES,INACTIVE,NONE,16.81,NO,NO,YES,NO,19.94,20.64,0.0,0.0,0.0,107295.57,100.0,107295.57,0.0,7.3
2023-05-22,1273,BULL_100,NO,YES,INACTIVE,NONE,17.21,NO,NO,YES,NO,19.92,19.91,0.0,0.0,0.0,107295.57,100.0,107295.57,0.0,7.3
2023-05-23,1274,BULL_100,NO,YES,INACTIVE,NONE,18.53,NO,NO,YES,NO,19.61,19.96,0.0,0.0,0.0,107295.57,100.0,107295.57,0.0,7.3
2023-05-24,1275,BULL_100,NO,YES,INACTIVE,NONE,20.03,NO,NO,NO,NO,19.15,19.32,0.0,0.0,0.0,107295.57,100.0,107295.57,0.0,7.3
2023-05-25,1276,BULL_100,NO,YES,INACTIVE,NONE,19.14,NO,NO,YES,NO,19.24,19.06,0.0,0.0,0.0,107295.57,100.0,107295.57,0.0,7.3
2023-05-26,1277,BULL_100,NO,YES,INACTIVE,NONE,17.95,NO,NO,YES,YES,19.97,19.5,0.0,0.0,0.0,107295.57,100.0,107295.57,0.0,7.3
2023-05-30,1278,BULL_100,NO,YES,INACTIVE,NONE,17.46,NO,NO,YES,YES,20.52,20.5,0.0,0.0,0.0,107295.57,100.0,107295.57,0.0,7.3
2023-05-31,1279,BULL_100,NO,YES,INACTIVE,NONE,17.94,NO,NO,YES,NO,20.65,20.22,0.0,0.0,0.0,107295.57,100.0,107295.57,0.0,7.3
2023-06-01,1280,BULL_100,NO,YES,INACTIVE,NONE,15.65,NO,NO,YES,NO,21.78,20.83,0.0,0.0,0.0,107295.57,100.0,107295.57,0.0,7.3
2023-06-02,1281,BULL_100,NO,YES,INACTIVE,NONE,14.6,NO,NO,YES,YES,22.65,22.04,0.0,0.0,0.0,107295.57,100.0,107295.57,0.0,7.3
2023-06-05,1282,BULL_100,NO,YES,INACTIVE,NONE,14.73,NO,NO,YES,NO,23.16,22.7,0.0,0.0,0.0,107295.57,100.0,107295.57,0.0,7.3
2023-06-06,1283,BULL_100,NO,YES,INACTIVE,NONE,13.96,NO,NO,YES,NO,24.47,23.08,0.0,0.0,0.0,107295.57,100.0,107295.57,0.0,7.3
2023-06-07,1284,BULL_100,NO,YES,INACTIVE,NONE,13.94,NO,NO,YES,YES,24.35,24.2,0.0,0.0,0.0,107295.57,100.0,107295.57,0.0,7.3
2023-06-08,1285,BULL_100,NO,YES,INACTIVE,NONE,13.65,NO,NO,YES,YES,24.98,24.33,0.0,0.0,0.0,107295.57,100.0,107295.57,0.0,7.3
2023-06-09,1286,BULL_100,NO,YES,INACTIVE,NONE,13.83,NO,NO,YES,NO,24.77,24.96,0.0,0.0,0.0,107295.57,100.0,107295.57,0.0,7.3
2023-06-12,1287,BULL_100,NO,YES,INACTIVE,NONE,15.01,NO,NO,YES,NO,24.68,24.8,0.0,0.0,0.0,107295.57,100.0,107295.57,0.0,7.3
2023-06-13,1288,BULL_100,NO,YES,INACTIVE,NONE,14.61,NO,NO,YES,NO,24.79,24.73,0.0,0.0,0.0,107295.57,100.0,107295.57,0.0,7.3
2023-06-14,1289,BULL_100,NO,YES,INACTIVE,NONE,13.88,NO,NO,YES,YES,25.49,24.85,0.0,0.0,0.0,107295.57,100.0,107295.57,0.0,7.3
2023-06-15,1290,BULL_100,NO,YES,INACTIVE,NONE,14.5,NO,NO,YES,NO,24.78,25.7,0.0,0.0,0.0,107295.57,100.0,107295.57,0.0,7.3
2023-06-16,1291,BULL_TRIMMED,NO,YES,INACTIVE,NONE,13.54,NO,NO,YES,NO,25.71,24.62,0.0,0.0,0.0,107295.57,100.0,107295.57,0.0,7.3
2023-06-20,1292,BULL_TRIMMED,NO,YES,INACTIVE,NONE,13.88,NO,NO,YES,NO,25.62,25.43,0.0,0.0,0.0,107295.57,100.0,107295.57,0.0,7.3
2023-06-21,1293,BULL_TRIMMED,NO,YES,INACTIVE,NONE,13.2,NO,NO,YES,NO,26.25,25.7,0.0,0.0,0.0,107295.57,100.0,107295.57,0.0,7.3
2023-06-22,1294,BULL_TRIMMED,NO,YES,INACTIVE,NONE,12.91,NO,NO,YES,YES,26.79,26.0,0.0,0.0,0.0,107295.57,100.0,107295.57,0.0,7.3
2023-06-23,1295,BULL_TRIMMED,NO,YES,INACTIVE,NONE,13.44,NO,NO,YES,NO,26.45,26.19,0.0,0.0,0.0,107295.57,100.0,107295.57,0.0,7.3
2023-06-26,1296,BULL_100,NO,YES,INACTIVE,NONE,14.25,NO,NO,YES,NO,26.5,26.33,0.0,0.0,0.0,107295.57,100.0,107295.57,0.0,7.3
2023-06-27,1297,BULL_100,NO,YES,INACTIVE,NONE,13.74,NO,NO,YES,NO,27.21,26.69,0.0,0.0,0.0,107295.57,100.0,107295.57,0.0,7.3
2023-06-28,1298,BULL_100,NO,YES,INACTIVE,NONE,13.43,NO,NO,YES,YES,27.97,27.4,0.0,0.0,0.0,107295.57,100.0,107295.57,0.0,7.3
2023-06-29,1299,BULL_100,NO,YES,INACTIVE,NONE,13.54,NO,NO,YES,NO,27.6,28.2,0.0,0.0,0.0,107295.57,100.0,107295.57,0.0,7.3
2023-06-30,1300,BULL_100,NO,YES,INACTIVE,NONE,13.59,NO,NO,YES,NO,28.1,27.88,0.0,0.0,0.0,107295.57,100.0,107295.57,0.0,7.3
2023-07-03,1301,BULL_100,NO,YES,INACTIVE,NONE,13.57,NO,NO,YES,NO,28.15,28.16,0.0,0.0,0.0,107295.57,100.0,107295.57,0.0,7.3
2023-07-05,1302,BULL_100,NO,YES,INACTIVE,NONE,14.18,NO,NO,YES,NO,27.69,28.19,0.0,0.0,0.0,107295.57,100.0,107295.57,0.0,7.3
2023-07-06,1303,BULL_100,NO,YES,INACTIVE,NONE,15.44,NO,NO,YES,NO,26.16,27.26,0.0,0.0,0.0,107295.57,100.0,107295.57,0.0,7.3
2023-07-07,1304,BULL_100,NO,YES,INACTIVE,NONE,14.83,NO,NO,YES,NO,26.85,25.81,0.0,0.0,0.0,107295.57,100.0,107295.57,0.0,7.3
2023-07-10,1305,BULL_100,NO,YES,INACTIVE,NONE,15.07,NO,NO,YES,NO,27.06,26.51,0.0,0.0,0.0,107295.57,100.0,107295.57,0.0,7.3
2023-07-11,1306,BULL_100,NO,YES,INACTIVE,NONE,14.84,NO,NO,YES,NO,27.35,27.04,0.0,0.0,0.0,107295.57,100.0,107295.57,0.0,7.3
2023-07-12,1307,BULL_100,NO,YES,INACTIVE,NONE,13.54,NO,NO,YES,YES,28.84,27.4,0.0,0.0,0.0,107295.57,100.0,107295.57,0.0,7.3
2023-07-13,1308,BULL_100,NO,YES,INACTIVE,NONE,13.61,NO,NO,YES,NO,28.68,29.12,0.0,0.0,0.0,107295.57,100.0,107295.57,0.0,7.3
2023-07-14,1309,BULL_100,NO,YES,INACTIVE,NONE,13.34,NO,NO,YES,NO,28.98,28.51,0.0,0.0,0.0,107295.57,100.0,107295.57,0.0,7.3
2023-07-17,1310,BULL_100,NO,YES,INACTIVE,NONE,13.48,NO,NO,YES,NO,29.06,28.95,0.0,0.0,0.0,107295.57,100.0,107295.57,0.0,7.3
2023-07-18,1311,BULL_100,NO,YES,INACTIVE,NONE,13.3,NO,NO,YES,NO,29.45,29.17,0.0,0.0,0.0,107295.57,100.0,107295.57,0.0,7.3
2023-07-19,1312,BULL_100,NO,YES,INACTIVE,NONE,13.76,NO,NO,YES,NO,28.55,29.45,0.0,0.0,0.0,107295.57,100.0,107295.57,0.0,7.3
2023-07-20,1313,BULL_100,NO,YES,INACTIVE,NONE,13.99,NO,NO,YES,NO,28.9,28.66,0.0,0.0,0.0,107295.57,100.0,107295.57,0.0,7.3
2023-07-21,1314,BULL_100,NO,YES,INACTIVE,NONE,13.6,NO,NO,YES,NO,29.25,28.99,0.0,0.0,0.0,107295.57,100.0,107295.57,0.0,7.3
2023-07-24,1315,BULL_100,NO,YES,INACTIVE,NONE,13.91,NO,NO,YES,NO,29.71,29.19,0.0,0.0,0.0,107295.57,100.0,107295.57,0.0,7.3
2023-07-25,1316,BULL_100,NO,YES,INACTIVE,NONE,13.86,NO,NO,YES,NO,29.9,29.72,0.0,0.0,0.0,107295.57,100.0,107295.57,0.0,7.3
2023-07-26,1317,BULL_100,NO,YES,INACTIVE,NONE,13.19,NO,NO,YES,YES,30.42,29.54,0.0,0.0,0.0,107295.57,100.0,107295.57,0.0,7.3
2023-07-27,1318,BULL_100,NO,YES,INACTIVE,NONE,14.41,NO,NO,YES,NO,29.2,31.02,0.0,0.0,0.0,107295.57,100.0,107295.57,0.0,7.3
2023-07-28,1319,BULL_100,NO,YES,INACTIVE,NONE,13.33,NO,NO,YES,NO,30.01,29.5,0.0,0.0,0.0,107295.57,100.0,107295.57,0.0,7.3
2023-07-31,1320,BULL_100,NO,YES,INACTIVE,NONE,13.63,NO,NO,YES,NO,30.36,30.35,0.0,0.0,0.0,107295.57,100.0,107295.57,0.0,7.3
2023-08-01,1321,BULL_100,NO,YES,INACTIVE,NONE,13.93,NO,NO,YES,NO,29.94,30.07,0.0,0.0,0.0,107295.57,100.0,107295.57,0.0,7.3
2023-08-02,1322,BULL_100,NO,YES,INACTIVE,NONE,16.09,NO,NO,YES,NO,27.27,28.25,0.0,0.0,0.0,107295.57,100.0,107295.57,0.0,7.3
2023-08-03,1323,BULL_100,NO,YES,INACTIVE,NONE,15.92,NO,NO,YES,NO,27.59,26.48,0.0,0.0,0.0,107295.57,100.0,107295.57,0.0,7.3
2023-08-04,1324,BULL_100,NO,YES,INACTIVE,NONE,17.1,NO,NO,YES,NO,26.42,28.06,0.0,0.0,0.0,107295.57,100.0,107295.57,0.0,7.3
2023-08-07,1325,BULL_100,NO,YES,INACTIVE,NONE,15.77,NO,NO,YES,NO,27.71,26.83,0.0,0.0,0.0,107295.57,100.0,107295.57,0.0,7.3
2023-08-08,1326,BULL_100,NO,YES,INACTIVE,NONE,15.99,NO,NO,YES,NO,27.14,27.3,0.0,0.0,0.0,107295.57,100.0,107295.57,0.0,7.3
2023-08-09,1327,BULL_100,NO,YES,INACTIVE,NONE,15.96,NO,NO,YES,NO,27.5,27.59,0.0,0.0,0.0,107295.57,100.0,107295.57,0.0,7.3
2023-08-10,1328,BULL_100,NO,YES,INACTIVE,NONE,15.85,NO,NO,YES,YES,27.4,27.98,0.0,0.0,0.0,107295.57,100.0,107295.57,0.0,7.3
2023-08-11,1329,BULL_100,NO,YES,INACTIVE,NONE,14.84,NO,NO,YES,YES,28.43,27.4,0.0,0.0,0.0,107295.57,100.0,107295.57,0.0,7.3
2023-08-14,1330,BULL_100,NO,YES,INACTIVE,NONE,14.82,NO,NO,YES,YES,28.94,28.68,0.0,0.0,0.0,107295.57,100.0,107295.57,0.0,7.3
2023-08-15,1331,BULL_100,NO,YES,INACTIVE,NONE,16.46,NO,NO,YES,NO,27.1,28.22,0.0,0.0,0.0,107295.57,100.0,107295.57,0.0,7.3
2023-08-16,1332,BULL_100,NO,YES,INACTIVE,NONE,16.78,NO,NO,YES,NO,26.85,27.37,0.0,0.0,0.0,107295.57,100.0,107295.57,0.0,7.3
2023-08-17,1333,DEFENSIVE_BOTH,NO,YES,INACTIVE,NONE,17.89,NO,NO,YES,NO,25.46,27.06,0.0,0.0,0.0,107295.57,100.0,107295.57,0.0,7.3
2023-08-18,1334,DEFENSIVE_BOTH,NO,YES,INACTIVE,NONE,17.3,NO,NO,YES,NO,26.17,25.47,0.0,0.0,0.0,107295.57,100.0,107295.57,0.0,7.3
2023-08-21,1335,DEFENSIVE_BOTH,NO,YES,INACTIVE,NONE,17.13,NO,NO,YES,YES,26.86,26.51,0.0,0.0,0.0,107295.57,100.0,107295.57,0.0,7.3
2023-08-22,1336,DEFENSIVE_BOTH,NO,YES,INACTIVE,NONE,16.97,NO,NO,YES,YES,26.73,27.15,0.0,0.0,0.0,107295.57,100.0,107295.57,0.0,7.3
2023-08-23,1337,DEFENSIVE_BOTH,NO,YES,INACTIVE,NONE,15.98,NO,NO,YES,YES,27.97,27.11,0.0,0.0,0.0,107295.57,100.0,107295.57,0.0,7.3
2023-08-24,1338,DEFENSIVE_BOTH,NO,YES,INACTIVE,NONE,17.2,NO,NO,YES,NO,26.57,28.04,0.0,0.0,0.0,107295.57,100.0,107295.57,0.0,7.3
2023-08-25,1339,DEFENSIVE_BOTH,NO,YES,INACTIVE,NONE,15.68,NO,NO,YES,NO,27.62,26.74,0.0,0.0,0.0,107295.57,100.0,107295.57,0.0,7.3
2023-08-28,1340,DEFENSIVE_BOTH,NO,YES,INACTIVE,NONE,15.08,NO,NO,YES,YES,28.75,27.94,0.0,0.0,0.0,107295.57,100.0,107295.57,0.0,7.3
2023-08-29,1341,DEFENSIVE_BOTH,NO,YES,INACTIVE,NONE,14.45,NO,NO,YES,YES,29.44,28.7,0.0,0.0,0.0,107295.57,100.0,107295.57,0.0,7.3
2023-08-30,1342,DEFENSIVE_BOTH,NO,YES,INACTIVE,NONE,13.88,NO,NO,YES,YES,30.45,29.4,0.0,0.0,0.0,107295.57,100.0,107295.57,0.0,7.3
2023-08-31,1343,BULL_100,NO,YES,INACTIVE,NONE,13.57,NO,NO,YES,YES,31.02,30.34,0.0,0.0,0.0,107295.57,100.0,107295.57,0.0,7.3
2023-09-01,1344,BULL_100,NO,YES,INACTIVE,NONE,13.09,NO,NO,YES,YES,31.45,31.43,0.0,0.0,0.0,107295.57,100.0,107295.57,0.0,7.3
2023-09-05,1345,BULL_100,NO,YES,INACTIVE,NONE,14.01,NO,NO,YES,NO,31.13,30.94,0.0,0.0,0.0,107295.57,100.0,107295.57,0.0,7.3
2023-09-06,1346,BULL_100,NO,YES,INACTIVE,NONE,14.45,NO,NO,YES,NO,30.66,30.99,0.0,0.0,0.0,107295.57,100.0,107295.57,0.0,7.3
2023-09-07,1347,BULL_100,NO,YES,INACTIVE,NONE,14.4,NO,NO,YES,NO,30.81,30.25,0.0,0.0,0.0,107295.57,100.0,107295.57,0.0,7.3
2023-09-08,1348,DEFENSIVE_SPY,NO,YES,INACTIVE,NONE,13.84,NO,NO,YES,YES,31.4,30.94,0.0,0.0,0.0,107295.57,100.0,107295.57,0.0,7.3
2023-09-11,1349,DEFENSIVE_SPY,NO,YES,INACTIVE,NONE,13.8,NO,NO,YES,YES,31.96,31.83,0.0,0.0,0.0,107295.57,100.0,107295.57,0.0,7.3
2023-09-12,1350,DEFENSIVE_SPY,NO,YES,INACTIVE,NONE,14.23,NO,NO,YES,NO,31.89,31.8,0.0,0.0,0.0,107295.57,100.0,107295.57,0.0,7.3
2023-09-13,1351,DEFENSIVE_SPY,NO,YES,INACTIVE,NONE,13.48,NO,NO,YES,NO,32.47,31.74,0.0,0.0,0.0,107295.57,100.0,107295.57,0.0,7.3
2023-09-14,1352,DEFENSIVE_SPY,NO,YES,INACTIVE,NONE,12.82,NO,NO,YES,YES,33.42,32.75,0.0,0.0,0.0,107295.57,100.0,107295.57,0.0,7.3
2023-09-15,1353,DEFENSIVE_SPY,NO,YES,INACTIVE,NONE,13.79,NO,NO,YES,NO,32.14,33.52,0.0,0.0,0.0,107295.57,100.0,107295.57,0.0,7.3
2023-09-18,1354,DEFENSIVE_SPY,NO,YES,INACTIVE,NONE,14.0,NO,NO,YES,NO,32.35,32.09,0.0,0.0,0.0,107295.57,100.0,107295.57,0.0,7.3
2023-09-19,1355,DEFENSIVE_BOTH,NO,YES,INACTIVE,NONE,14.11,NO,NO,YES,NO,32.49,32.68,0.0,0.0,0.0,107295.57,100.0,107295.57,0.0,7.3
2023-09-20,1356,DEFENSIVE_BOTH,NO,YES,INACTIVE,NONE,15.14,NO,NO,YES,NO,31.14,32.74,0.0,0.0,0.0,107295.57,100.0,107295.57,0.0,7.3
2023-09-21,1357,DEFENSIVE_BOTH,NO,YES,INACTIVE,NONE,17.54,NO,NO,YES,NO,28.67,31.01,0.0,0.0,0.0,107295.57,100.0,107295.57,0.0,7.3
2023-09-22,1358,DEFENSIVE_BOTH,NO,YES,INACTIVE,NONE,17.2,NO,NO,YES,NO,28.76,28.87,0.0,0.0,0.0,107295.57,100.0,107295.57,0.0,7.3
2023-09-25,1359,DEFENSIVE_BOTH,NO,YES,INACTIVE,NONE,16.9,NO,NO,YES,YES,28.96,28.0,0.0,0.0,0.0,107295.57,100.0,107295.57,0.0,7.3
2023-09-26,1360,DEFENSIVE_BOTH,NO,YES,INACTIVE,NONE,18.94,NO,NO,YES,NO,26.46,28.02,0.0,0.0,0.0,107295.57,100.0,107295.57,0.0,7.3
2023-09-27,1361,DEFENSIVE_BOTH,NO,YES,INACTIVE,NONE,18.22,NO,NO,YES,NO,27.23,26.99,0.0,0.0,0.0,107295.57,100.0,107295.57,0.0,7.3
2023-09-28,1362,DEFENSIVE_BOTH,NO,YES,INACTIVE,NONE,17.34,NO,NO,YES,YES,28.6,27.14,0.0,0.0,0.0,107295.57,100.0,107295.57,0.0,7.3
2023-09-29,1363,DEFENSIVE_BOTH,NO,YES,INACTIVE,NONE,17.52,NO,NO,YES,NO,28.0,29.05,0.0,0.0,0.0,107295.57,100.0,107295.57,0.0,7.3
2023-10-02,1364,DEFENSIVE_BOTH,NO,YES,INACTIVE,NONE,17.61,NO,NO,YES,NO,27.93,28.17,0.0,0.0,0.0,107295.57,100.0,107295.57,0.0,7.3
2023-10-03,1365,DEFENSIVE_BOTH,NO,YES,INACTIVE,NONE,19.78,NO,NO,YES,NO,25.34,27.83,0.0,0.0,0.0,107295.57,100.0,107295.57,0.0,7.3
2023-10-04,1366,DEFENSIVE_BOTH,NO,YES,INACTIVE,NONE,18.58,NO,NO,YES,NO,26.33,24.93,0.0,0.0,0.0,107295.57,100.0,107295.57,0.0,7.3
2023-10-05,1367,DEFENSIVE_BOTH,NO,YES,INACTIVE,NONE,18.49,NO,NO,YES,YES,26.6,26.36,0.0,0.0,0.0,107295.57,100.0,107295.57,0.0,7.3
2023-10-06,1368,DEFENSIVE_BOTH,NO,YES,INACTIVE,NONE,17.45,NO,NO,YES,YES,27.19,26.75,0.0,0.0,0.0,107295.57,100.0,107295.57,0.0,7.3
2023-10-09,1369,DEFENSIVE_BOTH,NO,YES,INACTIVE,NONE,17.7,NO,NO,YES,NO,27.57,25.61,0.0,0.0,0.0,107295.57,100.0,107295.57,0.0,7.3
2023-10-10,1370,DEFENSIVE_BOTH,NO,YES,INACTIVE,NONE,17.03,NO,NO,YES,NO,28.4,27.69,0.0,0.0,0.0,107295.57,100.0,107295.57,0.0,7.3
2023-10-11,1371,DEFENSIVE_BOTH,NO,YES,INACTIVE,NONE,16.09,NO,NO,YES,YES,29.13,28.7,0.0,0.0,0.0,107295.57,100.0,107295.57,0.0,7.3
2023-10-12,1372,DEFENSIVE_SPY,NO,YES,INACTIVE,NONE,16.69,NO,NO,YES,NO,28.37,29.25,0.0,0.0,0.0,107295.57,100.0,107295.57,0.0,7.3
2023-10-13,1373,DEFENSIVE_SPY,NO,YES,INACTIVE,NONE,19.32,NO,NO,YES,NO,24.9,28.56,0.0,0.0,0.0,107295.57,100.0,107295.57,0.0,7.3
2023-10-16,1374,DEFENSIVE_SPY,NO,YES,INACTIVE,NONE,17.21,NO,NO,YES,NO,27.05,25.28,0.0,0.0,0.0,107295.57,100.0,107295.57,0.0,7.3
2023-10-17,1375,DEFENSIVE_SPY,NO,YES,INACTIVE,NONE,17.88,NO,NO,YES,NO,26.27,26.96,0.0,0.0,0.0,107295.57,100.0,107295.57,0.0,7.3
2023-10-18,1376,DEFENSIVE_SPY,NO,YES,INACTIVE,NONE,19.22,NO,NO,YES,NO,25.11,26.29,0.0,0.0,0.0,107295.57,100.0,107295.57,0.0,7.3
2023-10-19,1377,DEFENSIVE_SPY,NO,YES,INACTIVE,NONE,21.4,NO,NO,NO,NO,23.5,24.74,0.0,0.0,0.0,107295.57,100.0,107295.57,0.0,7.3
2023-10-20,1378,DEFENSIVE_BOTH,NO,YES,INACTIVE,NONE,21.71,NO,NO,NO,NO,23.28,23.5,0.0,0.0,0.0,107295.57,100.0,107295.57,0.0,7.3
2023-10-23,1379,CASH,YES,YES,CASH_IDLE,NONE,20.37,NO,NO,NO,NO,24.42,23.05,0.0,0.0,0.0,107295.57,100.0,107295.57,0.0,7.3
2023-10-24,1380,CASH,YES,YES,CASH_IDLE,NONE,18.97,NO,NO,YES,YES,25.25,24.78,0.0,0.0,0.0,107295.57,100.0,107295.57,0.0,7.3
2023-10-25,1381,SMA_RECOVERY,NO,YES,INACTIVE,NONE,20.19,NO,NO,NO,NO,23.27,25.0,0.0,0.0,0.0,107295.57,100.0,107295.57,0.0,7.3
2023-10-26,1382,CASH,YES,YES,CASH_IDLE,NONE,20.68,NO,NO,NO,NO,23.91,23.29,0.0,0.0,0.0,107295.57,100.0,107295.57,0.0,7.3
2023-10-27,1383,CASH,YES,YES,CASH_IDLE,NONE,21.27,NO,NO,NO,NO,22.87,23.92,0.0,0.0,0.0,107295.57,100.0,107295.57,0.0,7.3
2023-10-30,1384,CASH,YES,YES,CASH_IDLE,NONE,19.75,NO,NO,YES,NO,24.39,23.4,0.0,0.0,0.0,107295.57,100.0,107295.57,0.0,7.3
2023-10-31,1385,CASH,YES,YES,CASH_IDLE,NONE,18.14,NO,NO,YES,YES,25.78,24.64,0.0,0.0,0.0,107295.57,100.0,107295.57,0.0,7.3
2023-11-01,1386,CASH,YES,YES,CASH_IDLE,NONE,16.87,NO,NO,YES,YES,27.01,25.48,0.0,0.0,0.0,107295.57,100.0,107295.57,0.0,7.3
2023-11-02,1387,SMA_RECOVERY,NO,YES,INACTIVE,NONE,15.66,NO,NO,YES,YES,27.76,27.38,0.0,0.0,0.0,107295.57,100.0,107295.57,0.0,7.3
2023-11-03,1388,SMA_RECOVERY,NO,YES,INACTIVE,NONE,14.91,NO,NO,YES,YES,28.7,27.86,0.0,0.0,0.0,107295.57,100.0,107295.57,0.0,7.3
2023-11-06,1389,BULL_100,NO,YES,INACTIVE,NONE,14.89,NO,NO,YES,YES,29.56,28.99,0.0,0.0,0.0,107295.57,100.0,107295.57,0.0,7.3
2023-11-07,1390,BULL_100,NO,YES,INACTIVE,NONE,14.81,NO,NO,YES,YES,29.76,29.27,0.0,0.0,0.0,107295.57,100.0,107295.57,0.0,7.3
2023-11-08,1391,BULL_100,NO,YES,INACTIVE,NONE,14.45,NO,NO,YES,YES,30.22,29.62,0.0,0.0,0.0,107295.57,100.0,107295.57,0.0,7.3
2023-11-09,1392,BULL_100,NO,YES,INACTIVE,NONE,15.29,NO,NO,YES,NO,29.08,30.5,0.0,0.0,0.0,107295.57,100.0,107295.57,0.0,7.3
2023-11-10,1393,BULL_100,NO,YES,INACTIVE,NONE,14.17,NO,NO,YES,NO,29.75,29.24,0.0,0.0,0.0,107295.57,100.0,107295.57,0.0,7.3
2023-11-13,1394,BULL_100,NO,YES,INACTIVE,NONE,14.76,NO,NO,YES,NO,30.59,29.98,0.0,0.0,0.0,107295.57,100.0,107295.57,0.0,7.3
2023-11-14,1395,BULL_100,NO,YES,INACTIVE,NONE,14.16,NO,NO,YES,NO,30.93,30.5,0.0,0.0,0.0,107295.57,100.0,107295.57,0.0,7.3
2023-11-15,1396,BULL_100,NO,YES,INACTIVE,NONE,14.18,NO,NO,YES,NO,31.34,31.34,0.0,0.0,0.0,107295.57,100.0,107295.57,0.0,7.3
2023-11-16,1397,BULL_100,NO,YES,INACTIVE,NONE,14.32,NO,NO,YES,NO,31.82,31.55,0.0,0.0,0.0,107295.57,100.0,107295.57,0.0,7.3
2023-11-17,1398,BULL_100,NO,YES,INACTIVE,NONE,13.8,NO,NO,YES,NO,32.37,31.97,0.0,0.0,0.0,107295.57,100.0,107295.57,0.0,7.3
2023-11-20,1399,BULL_100,NO,YES,INACTIVE,NONE,13.41,NO,NO,YES,YES,32.52,32.54,0.0,0.0,0.0,107295.57,100.0,107295.57,0.0,7.3
2023-11-21,1400,BULL_100,NO,YES,INACTIVE,NONE,13.35,NO,NO,YES,YES,33.15,32.65,0.0,0.0,0.0,107295.57,100.0,107295.57,0.0,7.3
2023-11-22,1401,BULL_100,NO,YES,INACTIVE,NONE,12.85,NO,NO,YES,YES,32.9,33.3,0.0,0.0,0.0,107295.57,100.0,107295.57,0.0,7.3
2023-11-24,1402,BULL_100,NO,YES,INACTIVE,NONE,12.46,NO,NO,YES,YES,34.3,33.145,0.0,0.0,0.0,107295.57,100.0,107295.57,0.0,7.3
2023-11-27,1403,BULL_100,NO,YES,INACTIVE,NONE,12.69,NO,NO,YES,NO,34.18,34.13,0.0,0.0,0.0,107295.57,100.0,107295.57,0.0,7.3
2023-11-28,1404,BULL_100,NO,YES,INACTIVE,NONE,12.69,NO,NO,YES,NO,34.66,34.24,0.0,0.0,0.0,107295.57,100.0,107295.57,0.0,7.3
2023-11-29,1405,BULL_100,NO,YES,INACTIVE,NONE,12.98,NO,NO,YES,NO,34.19,34.85,0.0,0.0,0.0,107295.57,100.0,107295.57,0.0,7.3
2023-11-30,1406,BULL_100,NO,YES,INACTIVE,NONE,12.92,NO,NO,YES,NO,34.38,34.44,0.0,0.0,0.0,107295.57,100.0,107295.57,0.0,7.3
2023-12-01,1407,BULL_100,NO,YES,INACTIVE,NONE,12.63,NO,NO,YES,YES,34.86,34.73,0.0,0.0,0.0,107295.57,100.0,107295.57,0.0,7.3
2023-12-04,1408,BULL_100,NO,YES,INACTIVE,NONE,13.08,NO,NO,YES,NO,34.55,34.48,0.0,0.0,0.0,107295.57,100.0,107295.57,0.0,7.3
2023-12-05,1409,BULL_100,NO,YES,INACTIVE,NONE,12.85,NO,NO,YES,NO,34.7,34.2,0.0,0.0,0.0,107295.57,100.0,107295.57,0.0,7.3
2023-12-06,1410,BULL_100,NO,YES,INACTIVE,NONE,12.97,NO,NO,YES,NO,34.61,34.91,0.0,0.0,0.0,107295.57,100.0,107295.57,0.0,7.3
2023-12-07,1411,BULL_100,NO,YES,INACTIVE,NONE,13.06,NO,NO,YES,NO,34.48,34.54,0.0,0.0,0.0,107295.57,100.0,107295.57,0.0,7.3
2023-12-08,1412,BULL_100,NO,YES,INACTIVE,NONE,12.35,NO,NO,YES,NO,35.45,34.55,0.0,0.0,0.0,107295.57,100.0,107295.57,0.0,7.3
2023-12-11,1413,BULL_100,NO,YES,INACTIVE,NONE,12.63,NO,NO,YES,NO,36.26,35.4,0.0,0.0,0.0,107295.57,100.0,107295.57,0.0,7.3
2023-12-12,1414,BULL_100,NO,YES,INACTIVE,NONE,12.07,NO,NO,YES,NO,37.28,36.7,0.0,0.0,0.0,107295.57,100.0,107295.57,0.0,7.3
2023-12-13,1415,BULL_100,NO,YES,INACTIVE,NONE,12.19,NO,NO,YES,NO,37.71,37.33,0.0,0.0,0.0,107295.57,100.0,107295.57,0.0,7.3
2023-12-14,1416,BULL_TRIMMED,NO,YES,INACTIVE,NONE,12.48,NO,NO,YES,NO,37.87,38.12,0.0,0.0,0.0,107295.57,100.0,107295.57,0.0,7.3
2023-12-15,1417,BULL_TRIMMED,NO,YES,INACTIVE,NONE,12.28,NO,NO,YES,NO,36.8,38.0,0.0,0.0,0.0,107295.57,100.0,107295.57,0.0,7.3
2023-12-18,1418,BULL_TRIMMED,NO,YES,INACTIVE,NONE,12.56,NO,NO,YES,NO,36.67,36.8,0.0,0.0,0.0,107295.57,100.0,107295.57,0.0,7.3
2023-12-19,1419,BULL_TRIMMED,NO,YES,INACTIVE,NONE,12.53,NO,NO,YES,NO,36.05,36.47,0.0,0.0,0.0,107295.57,100.0,107295.57,0.0,7.3
2023-12-20,1420,BULL_TRIMMED,NO,YES,INACTIVE,NONE,13.67,NO,NO,YES,NO,33.91,36.26,0.0,0.0,0.0,107295.57,100.0,107295.57,0.0,7.3
2023-12-21,1421,BULL_TRIMMED,NO,YES,INACTIVE,NONE,13.65,NO,NO,YES,NO,34.7,34.29,0.0,0.0,0.0,107295.57,100.0,107295.57,0.0,7.3
2023-12-22,1422,BULL_TRIMMED,NO,YES,INACTIVE,NONE,13.03,NO,NO,YES,YES,35.36,34.61,0.0,0.0,0.0,107295.57,100.0,107295.57,0.0,7.3
2023-12-26,1423,BULL_TRIMMED,NO,YES,INACTIVE,NONE,12.99,NO,NO,YES,YES,36.35,35.61,0.0,0.0,0.0,107295.57,100.0,107295.57,0.0,7.3
2023-12-27,1424,BULL_TRIMMED,NO,YES,INACTIVE,NONE,12.43,NO,NO,YES,YES,37.73,36.47,0.0,0.0,0.0,107295.57,100.0,107295.57,0.0,7.3
2023-12-28,1425,BULL_TRIMMED,NO,YES,INACTIVE,NONE,12.47,NO,NO,YES,NO,37.8,37.95,0.0,0.0,0.0,107295.57,100.0,107295.57,0.0,7.3
2023-12-29,1426,BULL_TRIMMED,NO,YES,INACTIVE,NONE,12.45,NO,NO,YES,NO,37.68,37.95,0.0,0.0,0.0,107295.57,100.0,107295.57,0.0,7.3
2024-01-02,1427,BULL_TRIMMED,NO,YES,INACTIVE,NONE,13.2,NO,NO,YES,NO,37.84,37.23,0.0,0.0,0.0,107295.57,100.0,107295.57,0.0,7.3
2024-01-03,1428,BULL_TRIMMED,NO,YES,INACTIVE,NONE,14.04,NO,NO,YES,NO,36.46,37.18,0.0,0.0,0.0,107295.57,100.0,107295.57,0.0,7.3
2024-01-04,1429,BULL_100,NO,YES,INACTIVE,NONE,14.13,NO,NO,YES,NO,36.52,36.65,0.0,0.0,0.0,107295.57,100.0,107295.57,0.0,7.3
2024-01-05,1430,BULL_100,NO,YES,INACTIVE,NONE,13.35,NO,NO,YES,NO,37.43,35.97,0.0,0.0,0.0,107295.57,100.0,107295.57,0.0,7.3
2024-01-08,1431,BULL_100,NO,YES,INACTIVE,NONE,13.08,NO,NO,YES,YES,38.4,37.4,0.0,0.0,0.0,107295.57,100.0,107295.57,0.0,7.3
2024-01-09,1432,BULL_100,NO,YES,INACTIVE,NONE,12.76,NO,NO,YES,YES,39.32,38.04,0.0,0.0,0.0,107295.57,100.0,107295.57,0.0,7.3
2024-01-10,1433,BULL_100,NO,YES,INACTIVE,NONE,12.69,NO,NO,YES,YES,39.77,39.68,0.0,0.0,0.0,107295.57,100.0,107295.57,0.0,7.3
2024-01-11,1434,BULL_100,NO,YES,INACTIVE,NONE,12.44,NO,NO,YES,YES,39.83,39.71,0.0,0.0,0.0,107295.57,100.0,107295.57,0.0,7.3
2024-01-12,1435,BULL_100,NO,YES,INACTIVE,NONE,12.7,NO,NO,YES,NO,39.05,39.31,0.0,0.0,0.0,107295.57,100.0,107295.57,0.0,7.3
2024-01-16,1436,BULL_100,NO,YES,INACTIVE,NONE,13.84,NO,NO,YES,NO,37.94,38.46,0.0,0.0,0.0,107295.57,100.0,107295.57,0.0,7.3
2024-01-17,1437,BULL_100,NO,YES,INACTIVE,NONE,14.79,NO,NO,YES,NO,36.67,37.0,0.0,0.0,0.0,107295.57,100.0,107295.57,0.0,7.3
2024-01-18,1438,BULL_100,NO,YES,INACTIVE,NONE,14.13,NO,NO,YES,NO,37.6,36.58,0.0,0.0,0.0,107295.57,100.0,107295.57,0.0,7.3
2024-01-19,1439,BULL_100,NO,YES,INACTIVE,NONE,13.3,NO,NO,YES,YES,38.51,38.2,0.0,0.0,0.0,107295.57,100.0,107295.57,0.0,7.3
2024-01-22,1440,BULL_100,NO,YES,INACTIVE,NONE,13.19,NO,NO,YES,YES,39.93,39.06,0.0,0.0,0.0,107295.57,100.0,107295.57,0.0,7.3
2024-01-23,1441,BULL_100,NO,YES,INACTIVE,NONE,12.55,NO,NO,YES,YES,40.96,40.18,0.0,0.0,0.0,107295.57,100.0,107295.57,0.0,7.3
2024-01-24,1442,BULL_100,NO,YES,INACTIVE,NONE,13.14,NO,NO,YES,NO,39.86,41.47,0.0,0.0,0.0,107295.57,100.0,107295.57,0.0,7.3
2024-01-25,1443,BULL_100,NO,YES,INACTIVE,NONE,13.45,NO,NO,YES,NO,39.75,39.54,0.0,0.0,0.0,107295.57,100.0,107295.57,0.0,7.3
2024-01-26,1444,BULL_100,NO,YES,INACTIVE,NONE,13.26,NO,NO,YES,NO,39.65,39.36,0.0,0.0,0.0,107295.57,100.0,107295.57,0.0,7.3
2024-01-29,1445,BULL_100,NO,YES,INACTIVE,NONE,13.6,NO,NO,YES,NO,39.41,39.5,0.0,0.0,0.0,107295.57,100.0,107295.57,0.0,7.3
2024-01-30,1446,BULL_TRIMMED,NO,YES,INACTIVE,NONE,13.31,NO,NO,YES,NO,39.99,39.69,0.0,0.0,0.0,107295.57,100.0,107295.57,0.0,7.3
2024-01-31,1447,BULL_TRIMMED,NO,YES,INACTIVE,NONE,14.35,NO,NO,YES,NO,37.83,40.2,0.0,0.0,0.0,107295.57,100.0,107295.57,0.0,7.3
2024-02-01,1448,BULL_100,NO,YES,INACTIVE,NONE,13.88,NO,NO,YES,NO,38.93,38.65,0.0,0.0,0.0,107295.57,100.0,107295.57,0.0,7.3
2024-02-02,1449,BULL_100,NO,YES,INACTIVE,NONE,13.85,NO,NO,YES,YES,38.26,39.15,0.0,0.0,0.0,107295.57,100.0,107295.57,0.0,7.3
2024-02-05,1450,BULL_100,NO,YES,INACTIVE,NONE,13.67,NO,NO,YES,YES,39.69,38.56,0.0,0.0,0.0,107295.57,100.0,107295.57,0.0,7.3
2024-02-06,1451,BULL_100,NO,YES,INACTIVE,NONE,13.06,NO,NO,YES,YES,40.7,39.84,0.0,0.0,0.0,107295.57,100.0,107295.57,0.0,7.3
2024-02-07,1452,BULL_100,NO,YES,INACTIVE,NONE,12.83,NO,NO,YES,YES,40.89,41.11,0.0,0.0,0.0,107295.57,100.0,107295.57,0.0,7.3
2024-02-08,1453,BULL_100,NO,YES,INACTIVE,NONE,12.79,NO,NO,YES,YES,40.89,40.86,0.0,0.0,0.0,107295.57,100.0,107295.57,0.0,7.3
2024-02-09,1454,BULL_100,NO,YES,INACTIVE,NONE,12.93,NO,NO,YES,NO,40.68,41.29,0.0,0.0,0.0,107295.57,100.0,107295.57,0.0,7.3
2024-02-12,1455,BULL_100,NO,YES,INACTIVE,NONE,13.93,NO,NO,YES,NO,39.8,40.8,0.0,0.0,0.0,107295.57,100.0,107295.57,0.0,7.3
2024-02-13,1456,BULL_100,NO,YES,INACTIVE,NONE,15.85,NO,NO,YES,NO,37.4,39.19,0.0,0.0,0.0,107295.57,100.0,107295.57,0.0,7.3
2024-02-14,1457,BULL_100,NO,YES,INACTIVE,NONE,14.38,NO,NO,YES,NO,39.0,38.14,0.0,0.0,0.0,107295.57,100.0,107295.57,0.0,7.3
2024-02-15,1458,BULL_100,NO,YES,INACTIVE,NONE,14.01,NO,NO,YES,YES,38.99,39.45,0.0,0.0,0.0,107295.57,100.0,107295.57,0.0,7.3
2024-02-16,1459,BULL_100,NO,YES,INACTIVE,NONE,14.24,NO,NO,YES,NO,39.06,38.9,0.0,0.0,0.0,107295.57,100.0,107295.57,0.0,7.3
2024-02-20,1460,BULL_100,NO,YES,INACTIVE,NONE,15.42,NO,NO,YES,NO,37.85,38.62,0.0,0.0,0.0,107295.57,100.0,107295.57,0.0,7.3
2024-02-21,1461,BULL_100,NO,YES,INACTIVE,NONE,15.34,NO,NO,YES,NO,39.0,37.62,0.0,0.0,0.0,107295.57,100.0,107295.57,0.0,7.3
2024-02-22,1462,BULL_100,NO,YES,INACTIVE,NONE,14.54,NO,NO,YES,YES,39.09,39.33,0.0,0.0,0.0,107295.57,100.0,107295.57,0.0,7.3
2024-02-23,1463,BULL_100,NO,YES,INACTIVE,NONE,13.75,NO,NO,YES,YES,40.33,39.2,0.0,0.0,0.0,107295.57,100.0,107295.57,0.0,7.3
2024-02-26,1464,BULL_100,NO,YES,INACTIVE,NONE,13.74,NO,NO,YES,YES,40.74,40.15,0.0,0.0,0.0,107295.57,100.0,107295.57,0.0,7.3
2024-02-27,1465,BULL_100,NO,YES,INACTIVE,NONE,13.43,NO,NO,YES,YES,41.34,40.88,0.0,0.0,0.0,107295.57,100.0,107295.57,0.0,7.3
2024-02-28,1466,BULL_100,NO,YES,INACTIVE,NONE,13.84,NO,NO,YES,NO,40.87,41.22,0.0,0.0,0.0,107295.57,100.0,107295.57,0.0,7.3
2024-02-29,1467,BULL_100,NO,YES,INACTIVE,NONE,13.4,NO,NO,YES,NO,41.15,41.31,0.0,0.0,0.0,107295.57,100.0,107295.57,0.0,7.3
2024-03-01,1468,BULL_100,NO,YES,INACTIVE,NONE,13.11,NO,NO,YES,YES,41.2,41.74,0.0,0.0,0.0,107295.57,100.0,107295.57,0.0,7.3
2024-03-04,1469,BULL_100,NO,YES,INACTIVE,NONE,13.49,NO,NO,YES,NO,41.33,41.47,0.0,0.0,0.0,107295.57,100.0,107295.57,0.0,7.3
2024-03-05,1470,BULL_100,NO,YES,INACTIVE,NONE,14.46,NO,NO,YES,NO,39.55,41.04,0.0,0.0,0.0,107295.57,100.0,107295.57,0.0,7.3
2024-03-06,1471,BULL_100,NO,YES,INACTIVE,NONE,14.5,NO,NO,YES,NO,39.63,40.0,0.0,0.0,0.0,107295.57,100.0,107295.57,0.0,7.3
2024-03-07,1472,BULL_100,NO,YES,INACTIVE,NONE,14.44,NO,NO,YES,NO,39.56,39.7,0.0,0.0,0.0,107295.57,100.0,107295.57,0.0,7.3
2024-03-08,1473,BULL_100,NO,YES,INACTIVE,NONE,14.74,NO,NO,YES,NO,38.84,39.9,0.0,0.0,0.0,107295.57,100.0,107295.57,0.0,7.3
2024-03-11,1474,BULL_100,NO,YES,INACTIVE,NONE,15.22,NO,NO,YES,NO,39.1,38.41,0.0,0.0,0.0,107295.57,100.0,107295.57,0.0,7.3
2024-03-12,1475,BULL_100,NO,YES,INACTIVE,NONE,13.84,NO,NO,YES,NO,40.85,39.35,0.0,0.0,0.0,107295.57,100.0,107295.57,0.0,7.3
2024-03-13,1476,BULL_100,NO,YES,INACTIVE,NONE,13.75,NO,NO,YES,YES,41.21,40.89,0.0,0.0,0.0,107295.57,100.0,107295.57,0.0,7.3
2024-03-14,1477,BULL_100,NO,YES,INACTIVE,NONE,14.4,NO,NO,YES,NO,40.06,41.22,0.0,0.0,0.0,107295.57,100.0,107295.57,0.0,7.3
2024-03-15,1478,BULL_100,NO,YES,INACTIVE,NONE,14.41,NO,NO,YES,NO,39.36,40.13,0.0,0.0,0.0,107295.57,100.0,107295.57,0.0,7.3
2024-03-18,1479,BULL_100,NO,YES,INACTIVE,NONE,14.33,NO,NO,YES,NO,40.15,39.83,0.0,0.0,0.0,107295.57,100.0,107295.57,0.0,7.3
2024-03-19,1480,BULL_100,NO,YES,INACTIVE,NONE,13.82,NO,NO,YES,YES,40.92,39.5,0.0,0.0,0.0,107295.57,100.0,107295.57,0.0,7.3
2024-03-20,1481,BULL_100,NO,YES,INACTIVE,NONE,13.04,NO,NO,YES,YES,42.08,40.87,0.0,0.0,0.0,107295.57,100.0,107295.57,0.0,7.3
2024-03-21,1482,BULL_100,NO,YES,INACTIVE,NONE,12.92,NO,NO,YES,YES,42.3,42.06,0.0,0.0,0.0,107295.57,100.0,107295.57,0.0,7.3
2024-03-22,1483,BULL_100,NO,YES,INACTIVE,NONE,13.06,NO,NO,YES,NO,42.08,41.98,0.0,0.0,0.0,107295.57,100.0,107295.57,0.0,7.3
2024-03-25,1484,BULL_100,NO,YES,INACTIVE,NONE,13.19,NO,NO,YES,NO,42.24,42.06,0.0,0.0,0.0,107295.57,100.0,107295.57,0.0,7.3
2024-03-26,1485,BULL_100,NO,YES,INACTIVE,NONE,13.24,NO,NO,YES,NO,42.5,42.51,0.0,0.0,0.0,107295.57,100.0,107295.57,0.0,7.3
2024-03-27,1486,BULL_100,NO,YES,INACTIVE,NONE,12.78,NO,NO,YES,NO,43.1,42.77,0.0,0.0,0.0,107295.57,100.0,107295.57,0.0,7.3
2024-03-28,1487,BULL_100,NO,YES,INACTIVE,NONE,13.01,NO,NO,YES,NO,42.29,43.25,0.0,0.0,0.0,107295.57,100.0,107295.57,0.0,7.3
2024-04-01,1488,BULL_100,NO,YES,INACTIVE,NONE,13.65,NO,NO,YES,NO,42.03,42.45,0.0,0.0,0.0,107295.57,100.0,107295.57,0.0,7.3
2024-04-02,1489,BULL_100,NO,YES,INACTIVE,NONE,14.61,NO,NO,YES,NO,40.94,41.3,0.0,0.0,0.0,107295.57,100.0,107295.57,0.0,7.3
2024-04-03,1490,BULL_100,NO,YES,INACTIVE,NONE,14.33,NO,NO,YES,NO,41.54,40.28,0.0,0.0,0.0,107295.57,100.0,107295.57,0.0,7.3
2024-04-04,1491,BULL_100,NO,YES,INACTIVE,NONE,16.35,NO,NO,YES,NO,38.88,41.78,0.0,0.0,0.0,107295.57,100.0,107295.57,0.0,7.3
2024-04-05,1492,BULL_100,NO,YES,INACTIVE,NONE,16.03,NO,NO,YES,NO,38.57,39.4,0.0,0.0,0.0,107295.57,100.0,107295.57,0.0,7.3
2024-04-08,1493,BULL_100,NO,YES,INACTIVE,NONE,15.19,NO,NO,YES,YES,39.98,39.33,0.0,0.0,0.0,107295.57,100.0,107295.57,0.0,7.3
2024-04-09,1494,BULL_100,NO,YES,INACTIVE,NONE,14.98,NO,NO,YES,YES,40.4,40.23,0.0,0.0,0.0,107295.57,100.0,107295.57,0.0,7.3
2024-04-10,1495,BULL_100,NO,YES,INACTIVE,NONE,15.8,NO,NO,YES,NO,39.45,40.46,0.0,0.0,0.0,107295.57,100.0,107295.57,0.0,7.3
2024-04-11,1496,BULL_100,NO,YES,INACTIVE,NONE,14.91,NO,NO,YES,NO,40.3,39.44,0.0,0.0,0.0,107295.57,100.0,107295.57,0.0,7.3
2024-04-12,1497,BULL_100,NO,YES,INACTIVE,NONE,17.31,NO,NO,YES,NO,36.68,39.68,0.0,0.0,0.0,107295.57,100.0,107295.57,0.0,7.3
2024-04-15,1498,BULL_100,NO,YES,INACTIVE,NONE,19.23,NO,NO,YES,NO,34.99,37.37,0.0,0.0,0.0,107295.57,100.0,107295.57,0.0,7.3
2024-04-16,1499,DEFENSIVE_QQQ,NO,YES,INACTIVE,NONE,18.4,NO,NO,YES,NO,36.34,35.42,0.0,0.0,0.0,107295.57,100.0,107295.57,0.0,7.3
2024-04-17,1500,DEFENSIVE_BOTH,NO,YES,INACTIVE,NONE,18.21,NO,NO,YES,YES,36.31,36.22,0.0,0.0,0.0,107295.57,100.0,107295.57,0.0,7.3
2024-04-18,1501,DEFENSIVE_BOTH,NO,YES,INACTIVE,NONE,18.0,NO,NO,YES,YES,36.09,36.43,0.0,0.0,0.0,107295.57,100.0,107295.57,0.0,7.3
2024-04-19,1502,DEFENSIVE_BOTH,NO,YES,INACTIVE,NONE,18.71,NO,NO,YES,NO,35.38,36.0,0.0,0.0,0.0,107295.57,100.0,107295.57,0.0,7.3
2024-04-22,1503,DEFENSIVE_BOTH,NO,YES,INACTIVE,NONE,16.94,NO,NO,YES,NO,37.8,35.9,0.0,0.0,0.0,107295.57,100.0,107295.57,0.0,7.3
2024-04-23,1504,DEFENSIVE_BOTH,NO,YES,INACTIVE,NONE,15.69,NO,NO,YES,YES,39.19,38.33,0.0,0.0,0.0,107295.57,100.0,107295.57,0.0,7.3
2024-04-24,1505,DEFENSIVE_BOTH,NO,YES,INACTIVE,NONE,15.97,NO,NO,YES,NO,38.54,39.29,0.0,0.0,0.0,107295.57,100.0,107295.57,0.0,7.3
2024-04-25,1506,DEFENSIVE_BOTH,NO,YES,INACTIVE,NONE,15.37,NO,NO,YES,NO,39.4,38.58,0.0,0.0,0.0,107295.57,100.0,107295.57,0.0,7.3
2024-04-26,1507,DEFENSIVE_BOTH,NO,YES,INACTIVE,NONE,15.03,NO,NO,YES,YES,39.88,39.31,0.0,0.0,0.0,107295.57,100.0,107295.57,0.0,7.3
2024-04-29,1508,DEFENSIVE_BOTH,NO,YES,INACTIVE,NONE,14.67,NO,NO,YES,YES,40.43,39.87,0.0,0.0,0.0,107295.57,100.0,107295.57,0.0,7.3
2024-04-30,1509,DEFENSIVE_BOTH,NO,YES,INACTIVE,NONE,15.65,NO,NO,YES,NO,39.09,40.44,0.0,0.0,0.0,107295.57,100.0,107295.57,0.0,7.3
2024-05-01,1510,DEFENSIVE_BOTH,NO,YES,INACTIVE,NONE,15.39,NO,NO,YES,NO,39.5,38.78,0.0,0.0,0.0,107295.57,100.0,107295.57,0.0,7.3
2024-05-02,1511,DEFENSIVE_BOTH,NO,YES,INACTIVE,NONE,14.68,NO,NO,YES,YES,40.7,39.61,0.0,0.0,0.0,107295.57,100.0,107295.57,0.0,7.3
2024-05-03,1512,DEFENSIVE_BOTH,NO,YES,INACTIVE,NONE,13.49,NO,NO,YES,YES,41.78,40.65,0.0,0.0,0.0,107295.57,100.0,107295.57,0.0,7.3
2024-05-06,1513,DEFENSIVE_BOTH,NO,YES,INACTIVE,NONE,13.49,NO,NO,YES,NO,42.66,41.91,0.0,0.0,0.0,107295.57,100.0,107295.57,0.0,7.3
2024-05-07,1514,DEFENSIVE_QQQ,NO,YES,INACTIVE,NONE,13.23,NO,NO,YES,NO,42.95,42.76,0.0,0.0,0.0,107295.57,100.0,107295.57,0.0,7.3
2024-05-08,1515,BULL_100,NO,YES,INACTIVE,NONE,13.0,NO,NO,YES,YES,43.3,42.61,0.0,0.0,0.0,107295.57,100.0,107295.57,0.0,7.3
2024-05-09,1516,BULL_100,NO,YES,INACTIVE,NONE,12.69,NO,NO,YES,YES,43.38,43.25,0.0,0.0,0.0,107295.57,100.0,107295.57,0.0,7.3
2024-05-10,1517,BULL_100,NO,YES,INACTIVE,NONE,12.55,NO,NO,YES,YES,43.99,43.41,0.0,0.0,0.0,107295.57,100.0,107295.57,0.0,7.3
2024-05-13,1518,BULL_100,NO,YES,INACTIVE,NONE,13.6,NO,NO,YES,NO,43.45,44.03,0.0,0.0,0.0,107295.57,100.0,107295.57,0.0,7.3
2024-05-14,1519,BULL_100,NO,YES,INACTIVE,NONE,13.42,NO,NO,YES,NO,44.29,43.51,0.0,0.0,0.0,107295.57,100.0,107295.57,0.0,7.3
2024-05-15,1520,BULL_100,NO,YES,INACTIVE,NONE,12.45,NO,NO,YES,YES,46.06,44.49,0.0,0.0,0.0,107295.57,100.0,107295.57,0.0,7.3
2024-05-16,1521,BULL_100,NO,YES,INACTIVE,NONE,12.42,NO,NO,YES,YES,45.86,46.06,0.0,0.0,0.0,107295.57,100.0,107295.57,0.0,7.3
2024-05-17,1522,BULL_100,NO,YES,INACTIVE,NONE,11.99,NO,NO,YES,YES,46.51,46.0,0.0,0.0,0.0,107295.57,100.0,107295.57,0.0,7.3
2024-05-20,1523,BULL_100,NO,YES,INACTIVE,NONE,12.15,NO,NO,YES,NO,46.98,46.57,0.0,0.0,0.0,107295.57,100.0,107295.57,0.0,7.3
2024-05-21,1524,BULL_100,NO,YES,INACTIVE,NONE,11.86,NO,NO,YES,NO,47.31,46.57,0.0,0.0,0.0,107295.57,100.0,107295.57,0.0,7.3
2024-05-22,1525,BULL_100,NO,YES,INACTIVE,NONE,12.29,NO,NO,YES,NO,46.55,47.18,0.0,0.0,0.0,107295.57,100.0,107295.57,0.0,7.3
2024-05-23,1526,BULL_100,NO,YES,INACTIVE,NONE,12.77,NO,NO,YES,NO,45.74,47.2,0.0,0.0,0.0,107295.57,100.0,107295.57,0.0,7.3
2024-05-24,1527,BULL_100,NO,YES,INACTIVE,NONE,11.93,NO,NO,YES,NO,47.04,45.98,0.0,0.0,0.0,107295.57,100.0,107295.57,0.0,7.3
2024-05-28,1528,BULL_100,NO,YES,INACTIVE,NONE,12.92,NO,NO,YES,NO,45.9,47.41,0.0,0.0,0.0,107295.57,100.0,107295.57,0.0,7.3
2024-05-29,1529,BULL_100,NO,YES,INACTIVE,NONE,14.28,NO,NO,YES,NO,43.75,44.76,0.0,0.0,0.0,107295.57,100.0,107295.57,0.0,7.3
2024-05-30,1530,BULL_100,NO,YES,INACTIVE,NONE,14.47,NO,NO,YES,NO,43.95,44.0,0.0,0.0,0.0,107295.57,100.0,107295.57,0.0,7.3
2024-05-31,1531,BULL_100,NO,YES,INACTIVE,NONE,12.92,NO,NO,YES,NO,45.63,44.7,0.0,0.0,0.0,107295.57,100.0,107295.57,0.0,7.3
2024-06-03,1532,BULL_100,NO,YES,INACTIVE,NONE,13.11,NO,NO,YES,NO,45.685,46.07,0.0,0.0,0.0,107295.57,100.0,107295.57,0.0,7.3
2024-06-04,1533,BULL_100,NO,YES,INACTIVE,NONE,13.16,NO,NO,YES,NO,45.6,44.46,0.0,0.0,0.0,107295.57,100.0,107295.57,0.0,7.3
2024-06-05,1534,BULL_100,NO,YES,INACTIVE,NONE,12.63,NO,NO,YES,NO,46.34,45.65,0.0,0.0,0.0,107295.57,100.0,107295.57,0.0,7.3
2024-06-06,1535,BULL_100,NO,YES,INACTIVE,NONE,12.58,NO,NO,YES,YES,46.4,46.54,0.0,0.0,0.0,107295.57,100.0,107295.57,0.0,7.3
2024-06-07,1536,BULL_100,NO,YES,INACTIVE,NONE,12.22,NO,NO,YES,YES,47.09,46.6,0.0,0.0,0.0,107295.57,100.0,107295.57,0.0,7.3
2024-06-10,1537,BULL_100,NO,YES,INACTIVE,NONE,12.74,NO,NO,YES,NO,47.17,46.3,0.0,0.0,0.0,107295.57,100.0,107295.57,0.0,7.3
2024-06-11,1538,BULL_100,NO,YES,INACTIVE,NONE,12.85,NO,NO,YES,NO,47.2,46.81,0.0,0.0,0.0,107295.57,100.0,107295.57,0.0,7.3
2024-06-12,1539,BULL_100,NO,YES,INACTIVE,NONE,12.04,NO,NO,YES,NO,48.0,47.22,0.0,0.0,0.0,107295.57,100.0,107295.57,0.0,7.3
2024-06-13,1540,BULL_100,NO,YES,INACTIVE,NONE,11.94,NO,NO,YES,YES,48.1,48.01,0.0,0.0,0.0,107295.57,100.0,107295.57,0.0,7.3
2024-06-14,1541,BULL_100,NO,YES,INACTIVE,NONE,12.66,NO,NO,YES,NO,46.64,47.15,0.0,0.0,0.0,107295.57,100.0,107295.57,0.0,7.3
2024-06-17,1542,BULL_100,NO,YES,INACTIVE,NONE,12.75,NO,NO,YES,NO,46.8,46.62,0.0,0.0,0.0,107295.57,100.0,107295.57,0.0,7.3
2024-06-18,1543,BULL_100,NO,YES,INACTIVE,NONE,12.3,NO,NO,YES,NO,46.8,47.19,0.0,0.0,0.0,107295.57,100.0,107295.57,0.0,7.3
2024-06-20,1544,BULL_TRIMMED,NO,YES,INACTIVE,NONE,13.28,NO,NO,YES,NO,45.5,46.91,0.0,0.0,0.0,107295.57,100.0,107295.57,0.0,7.3
2024-06-21,1545,BULL_TRIMMED,NO,YES,INACTIVE,NONE,13.2,NO,NO,YES,NO,46.35,45.01,0.0,0.0,0.0,107295.57,100.0,107295.57,0.0,7.3
2024-06-24,1546,BULL_TRIMMED,NO,YES,INACTIVE,NONE,13.33,NO,NO,YES,NO,46.51,46.2,0.0,0.0,0.0,107295.57,100.0,107295.57,0.0,7.3
2024-06-25,1547,BULL_TRIMMED,NO,YES,INACTIVE,NONE,12.84,NO,NO,YES,NO,47.09,46.61,0.0,0.0,0.0,107295.57,100.0,107295.57,0.0,7.3
2024-06-26,1548,BULL_TRIMMED,NO,YES,INACTIVE,NONE,12.55,NO,NO,YES,YES,47.81,47.19,0.0,0.0,0.0,107295.57,100.0,107295.57,0.0,7.3
2024-06-27,1549,BULL_TRIMMED,NO,YES,INACTIVE,NONE,12.24,NO,NO,YES,YES,48.22,47.74,0.0,0.0,0.0,107295.57,100.0,107295.57,0.0,7.3
2024-06-28,1550,BULL_TRIMMED,NO,YES,INACTIVE,NONE,12.44,NO,NO,YES,NO,47.62,48.14,0.0,0.0,0.0,107295.57,100.0,107295.57,0.0,7.3
2024-07-01,1551,BULL_TRIMMED,NO,YES,INACTIVE,NONE,12.22,NO,NO,YES,NO,49.41,47.73,0.0,0.0,0.0,107295.57,100.0,107295.57,0.0,7.3
2024-07-02,1552,BULL_TRIMMED,NO,YES,INACTIVE,NONE,12.03,NO,NO,YES,YES,49.91,49.28,0.0,0.0,0.0,107295.57,100.0,107295.57,0.0,7.3
2024-07-03,1553,BULL_TRIMMED,NO,YES,INACTIVE,NONE,12.09,NO,NO,YES,NO,49.49,49.89,0.0,0.0,0.0,107295.57,100.0,107295.57,0.0,7.3
2024-07-05,1554,BULL_TRIMMED,NO,YES,INACTIVE,NONE,12.48,NO,NO,YES,NO,49.4,49.85,0.0,0.0,0.0,107295.57,100.0,107295.57,0.0,7.3
2024-07-08,1555,BULL_TRIMMED,NO,YES,INACTIVE,NONE,12.37,NO,NO,YES,NO,50.21,49.1,0.0,0.0,0.0,107295.57,100.0,107295.57,0.0,7.3
2024-07-09,1556,BULL_TRIMMED,NO,YES,INACTIVE,NONE,12.51,NO,NO,YES,NO,50.18,50.34,0.0,0.0,0.0,107295.57,100.0,107295.57,0.0,7.3
2024-07-10,1557,BULL_TRIMMED,NO,YES,INACTIVE,NONE,12.85,NO,NO,YES,NO,50.35,50.13,0.0,0.0,0.0,107295.57,100.0,107295.57,0.0,7.3
2024-07-11,1558,BULL_TRIMMED,NO,YES,INACTIVE,NONE,12.92,NO,NO,YES,NO,50.13,50.79,0.0,0.0,0.0,107295.57,100.0,107295.57,0.0,7.3
2024-07-12,1559,BULL_TRIMMED,NO,YES,INACTIVE,NONE,12.46,NO,NO,YES,NO,50.8,50.38,0.0,0.0,0.0,107295.57,100.0,107295.57,0.0,7.3
2024-07-15,1560,BULL_TRIMMED,NO,YES,INACTIVE,NONE,13.12,NO,NO,YES,NO,50.01,51.17,0.0,0.0,0.0,107295.57,100.0,107295.57,0.0,7.3
2024-07-16,1561,BULL_TRIMMED,NO,YES,INACTIVE,NONE,13.19,NO,NO,YES,NO,49.65,50.03,0.0,0.0,0.0,107295.57,100.0,107295.57,0.0,7.3
2024-07-17,1562,BULL_TRIMMED,NO,YES,INACTIVE,NONE,14.48,NO,NO,YES,NO,48.02,49.59,0.0,0.0,0.0,107295.57,100.0,107295.57,0.0,7.3
2024-07-18,1563,BULL_TRIMMED,NO,YES,INACTIVE,NONE,15.93,NO,NO,YES,NO,47.04,48.56,0.0,0.0,0.0,107295.57,100.0,107295.57,0.0,7.3
2024-07-19,1564,BULL_100,NO,YES,INACTIVE,NONE,16.52,NO,NO,YES,NO,45.02,45.65,0.0,0.0,0.0,107295.57,100.0,107295.57,0.0,7.3
2024-07-22,1565,BULL_100,NO,YES,INACTIVE,NONE,14.91,NO,NO,YES,NO,46.93,45.3,0.0,0.0,0.0,107295.57,100.0,107295.57,0.0,7.3
2024-07-23,1566,BULL_100,NO,YES,INACTIVE,NONE,14.72,NO,NO,YES,YES,47.5,46.57,0.0,0.0,0.0,107295.57,100.0,107295.57,0.0,7.3
2024-07-24,1567,BULL_100,NO,YES,INACTIVE,NONE,18.04,NO,NO,YES,NO,41.99,46.75,0.0,0.0,0.0,107295.57,100.0,107295.57,0.0,7.3
2024-07-25,1568,BULL_100,NO,YES,INACTIVE,NONE,18.46,NO,NO,YES,NO,41.1,40.6,0.0,0.0,0.0,107295.57,100.0,107295.57,0.0,7.3
2024-07-26,1569,DEFENSIVE_QQQ,NO,YES,INACTIVE,NONE,16.39,NO,NO,YES,NO,43.01,42.24,0.0,0.0,0.0,107295.57,100.0,107295.57,0.0,7.3
2024-07-29,1570,DEFENSIVE_QQQ,NO,YES,INACTIVE,NONE,16.6,NO,NO,YES,NO,43.6,43.02,0.0,0.0,0.0,107295.57,100.0,107295.57,0.0,7.3
2024-07-30,1571,DEFENSIVE_QQQ,NO,YES,INACTIVE,NONE,17.69,NO,NO,YES,NO,42.9,43.7,0.0,0.0,0.0,107295.57,100.0,107295.57,0.0,7.3
2024-07-31,1572,DEFENSIVE_QQQ,NO,YES,INACTIVE,NONE,16.36,NO,NO,YES,NO,44.21,43.02,0.0,0.0,0.0,107295.57,100.0,107295.57,0.0,7.3
2024-08-01,1573,DEFENSIVE_QQQ,NO,YES,INACTIVE,NONE,18.59,NO,NO,YES,NO,39.04,42.6,0.0,0.0,0.0,107295.57,100.0,107295.57,0.0,7.3
2024-08-02,1574,DEFENSIVE_QQQ,NO,YES,INACTIVE,NONE,23.39,NO,NO,NO,NO,31.1,38.0,0.0,0.0,0.0,107295.57,100.0,107295.57,0.0,7.3
2024-08-05,1575,DEFENSIVE_BOTH,NO,YES,INACTIVE,NONE,38.57,YES,NO,NO,NO,22.7,26.65,0.0,0.0,0.0,107295.57,100.0,107295.57,0.0,7.3
2024-08-06,1576,CASH,YES,YES,CASH_IDLE,NONE,27.71,NO,NO,NO,NO,21.91,22.68,0.0,0.0,0.0,107295.57,100.0,107295.57,0.0,7.3
2024-08-07,1577,SMA_RECOVERY,NO,YES,INACTIVE,NONE,27.85,NO,NO,NO,NO,21.25,23.22,0.0,0.0,0.0,107295.57,100.0,107295.57,0.0,7.3
2024-08-08,1578,SMA_RECOVERY,NO,YES,INACTIVE,NONE,23.79,NO,NO,NO,NO,23.92,21.96,0.0,0.0,0.0,107295.57,100.0,107295.57,0.0,7.3
2024-08-09,1579,SMA_RECOVERY,NO,YES,INACTIVE,NONE,20.37,NO,NO,NO,YES,26.26,24.11,0.0,0.0,0.0,107295.57,100.0,107295.57,0.0,7.3
2024-08-12,1580,SMA_RECOVERY,NO,YES,INACTIVE,NONE,20.71,NO,NO,NO,NO,26.58,26.7,0.0,0.0,0.0,107295.57,100.0,107295.57,0.0,7.3
2024-08-13,1581,SMA_RECOVERY,NO,YES,INACTIVE,NONE,18.12,NO,NO,YES,NO,28.82,27.0,0.0,0.0,0.0,107295.57,100.0,107295.57,0.0,7.3
2024-08-14,1582,SMA_RECOVERY,NO,YES,INACTIVE,NONE,16.19,NO,NO,YES,YES,30.5,28.67,0.0,0.0,0.0,107295.57,100.0,107295.57,0.0,7.3
2024-08-15,1583,SMA_RECOVERY,NO,YES,INACTIVE,NONE,15.23,NO,NO,YES,YES,31.82,30.46,0.0,0.0,0.0,107295.57,100.0,107295.57,0.0,7.3
2024-08-16,1584,BULL_100,NO,YES,INACTIVE,NONE,14.8,NO,NO,YES,YES,31.55,31.87,0.0,0.0,0.0,107295.57,100.0,107295.57,0.0,7.3
2024-08-19,1585,BULL_100,NO,YES,INACTIVE,NONE,14.65,NO,NO,YES,YES,32.5,31.52,0.0,0.0,0.0,107295.57,100.0,107295.57,0.0,7.3
2024-08-20,1586,BULL_100,NO,YES,INACTIVE,NONE,15.88,NO,NO,YES,NO,31.24,32.56,0.0,0.0,0.0,107295.57,100.0,107295.57,0.0,7.3
2024-08-21,1587,BULL_100,NO,YES,INACTIVE,NONE,16.27,NO,NO,YES,NO,30.81,31.22,0.0,0.0,0.0,107295.57,100.0,107295.57,0.0,7.3
2024-08-22,1588,BULL_100,NO,YES,INACTIVE,NONE,17.55,NO,NO,YES,NO,29.78,30.9,0.0,0.0,0.0,107295.57,100.0,107295.57,0.0,7.3
2024-08-23,1589,BULL_100,NO,YES,INACTIVE,NONE,15.86,NO,NO,YES,NO,30.84,30.23,0.0,0.0,0.0,107295.57,100.0,107295.57,0.0,7.3
2024-08-26,1590,BULL_100,NO,YES,INACTIVE,NONE,16.15,NO,NO,YES,NO,31.18,31.29,0.0,0.0,0.0,107295.57,100.0,107295.57,0.0,7.3
2024-08-27,1591,BULL_100,NO,YES,INACTIVE,NONE,15.43,NO,NO,YES,NO,31.72,30.88,0.0,0.0,0.0,107295.57,100.0,107295.57,0.0,7.3
2024-08-28,1592,BULL_100,NO,YES,INACTIVE,NONE,17.11,NO,NO,YES,NO,29.65,31.7,0.0,0.0,0.0,107295.57,100.0,107295.57,0.0,7.3
2024-08-29,1593,BULL_100,NO,YES,INACTIVE,NONE,15.65,NO,NO,YES,NO,31.36,30.63,0.0,0.0,0.0,107295.57,100.0,107295.57,0.0,7.3
2024-08-30,1594,DEFENSIVE_QQQ,NO,YES,INACTIVE,NONE,15.0,NO,NO,YES,YES,31.99,31.68,0.0,0.0,0.0,107295.57,100.0,107295.57,0.0,7.3
2024-09-03,1595,DEFENSIVE_QQQ,NO,YES,INACTIVE,NONE,20.72,NO,NO,NO,NO,26.0,31.97,0.0,0.0,0.0,107295.57,100.0,107295.57,0.0,7.3
2024-09-04,1596,DEFENSIVE_QQQ,NO,YES,INACTIVE,NONE,21.32,NO,NO,NO,NO,25.25,26.14,0.0,0.0,0.0,107295.57,100.0,107295.57,0.0,7.3
2024-09-05,1597,DEFENSIVE_QQQ,NO,YES,INACTIVE,NONE,19.9,NO,NO,YES,NO,26.0,25.78,0.0,0.0,0.0,107295.57,100.0,107295.57,0.0,7.3
2024-09-06,1598,DEFENSIVE_QQQ,NO,YES,INACTIVE,NONE,22.38,NO,NO,NO,NO,24.1,25.4,0.0,0.0,0.0,107295.57,100.0,107295.57,0.0,7.3
2024-09-09,1599,DEFENSIVE_QQQ,NO,YES,INACTIVE,NONE,19.45,NO,NO,YES,NO,25.87,25.21,0.0,0.0,0.0,107295.57,100.0,107295.57,0.0,7.3
2024-09-10,1600,DEFENSIVE_BOTH,NO,YES,INACTIVE,NONE,19.08,NO,NO,YES,YES,26.22,25.78,0.0,0.0,0.0,107295.57,100.0,107295.57,0.0,7.3
2024-09-11,1601,DEFENSIVE_BOTH,NO,YES,INACTIVE,NONE,17.69,NO,NO,YES,YES,27.16,25.95,0.0,0.0,0.0,107295.57,100.0,107295.57,0.0,7.3
2024-09-12,1602,DEFENSIVE_BOTH,NO,YES,INACTIVE,NONE,17.07,NO,NO,YES,YES,27.53,27.01,0.0,0.0,0.0,107295.57,100.0,107295.57,0.0,7.3
2024-09-13,1603,DEFENSIVE_QQQ,NO,YES,INACTIVE,NONE,16.56,NO,NO,YES,YES,27.55,27.36,0.0,0.0,0.0,107295.57,100.0,107295.57,0.0,7.3
2024-09-16,1604,BULL_100,NO,YES,INACTIVE,NONE,17.14,NO,NO,YES,NO,27.2,27.57,0.0,0.0,0.0,107295.57,100.0,107295.57,0.0,7.3
2024-09-17,1605,BULL_100,NO,YES,INACTIVE,NONE,17.61,NO,NO,YES,NO,26.79,27.42,0.0,0.0,0.0,107295.57,100.0,107295.57,0.0,7.3
2024-09-18,1606,BULL_100,NO,YES,INACTIVE,NONE,18.23,NO,NO,YES,NO,27.12,26.85,0.0,0.0,0.0,107295.57,100.0,107295.57,0.0,7.3
2024-09-19,1607,BULL_100,NO,YES,INACTIVE,NONE,16.33,NO,NO,YES,NO,28.13,27.85,0.0,0.0,0.0,107295.57,100.0,107295.57,0.0,7.3
2024-09-20,1608,BULL_100,NO,YES,INACTIVE,NONE,16.15,NO,NO,YES,YES,28.27,28.03,0.0,0.0,0.0,107295.57,100.0,107295.57,0.0,7.3
2024-09-23,1609,BULL_100,NO,YES,INACTIVE,NONE,15.89,NO,NO,YES,YES,28.09,28.5,0.0,0.0,0.0,107295.57,100.0,107295.57,0.0,7.3
2024-09-24,1610,BULL_100,NO,YES,INACTIVE,NONE,15.39,NO,NO,YES,YES,28.2,28.6,0.0,0.0,0.0,107295.57,100.0,107295.57,0.0,7.3
2024-09-25,1611,BULL_100,NO,YES,INACTIVE,NONE,15.41,NO,NO,YES,NO,27.86,27.87,0.0,0.0,0.0,107295.57,100.0,107295.57,0.0,7.3
2024-09-26,1612,BULL_100,NO,YES,INACTIVE,NONE,15.37,NO,NO,YES,NO,27.8,28.16,0.0,0.0,0.0,107295.57,100.0,107295.57,0.0,7.3
2024-09-27,1613,BULL_100,NO,YES,INACTIVE,NONE,16.96,NO,NO,YES,NO,26.4,27.65,0.0,0.0,0.0,107295.57,100.0,107295.57,0.0,7.3
2024-09-30,1614,BULL_100,NO,YES,INACTIVE,NONE,16.73,NO,NO,YES,NO,26.92,26.5,0.0,0.0,0.0,107295.57,100.0,107295.57,0.0,7.3
2024-10-01,1615,BULL_100,NO,YES,INACTIVE,NONE,19.26,NO,NO,YES,NO,25.05,27.19,0.0,0.0,0.0,107295.57,100.0,107295.57,0.0,7.3
2024-10-02,1616,BULL_100,NO,YES,INACTIVE,NONE,18.9,NO,NO,YES,NO,25.44,24.82,0.0,0.0,0.0,107295.57,100.0,107295.57,0.0,7.3
2024-10-03,1617,BULL_100,NO,YES,INACTIVE,NONE,20.49,NO,NO,NO,NO,24.48,25.01,0.0,0.0,0.0,107295.57,100.0,107295.57,0.0,7.3
2024-10-04,1618,BULL_100,NO,YES,INACTIVE,NONE,19.21,NO,NO,YES,NO,25.0,24.6,0.0,0.0,0.0,107295.57,100.0,107295.57,0.0,7.3
2024-10-07,1619,BULL_100,NO,YES,INACTIVE,NONE,22.64,NO,NO,NO,NO,23.14,24.53,0.0,0.0,0.0,107295.57,100.0,107295.57,0.0,7.3
2024-10-08,1620,BULL_100,NO,YES,INACTIVE,NONE,21.42,NO,NO,NO,NO,23.81,23.58,0.0,0.0,0.0,107295.57,100.0,107295.57,0.0,7.3
2024-10-09,1621,BULL_100,NO,YES,INACTIVE,NONE,20.86,NO,NO,NO,YES,24.3,23.75,0.0,0.0,0.0,107295.57,100.0,107295.57,0.0,7.3
2024-10-10,1622,BULL_100,NO,YES,INACTIVE,NONE,20.93,NO,NO,NO,NO,24.12,24.39,0.0,0.0,0.0,107295.57,100.0,107295.57,0.0,7.3
2024-10-11,1623,BULL_100,NO,YES,INACTIVE,NONE,20.46,NO,NO,NO,NO,24.41,24.15,0.0,0.0,0.0,107295.57,100.0,107295.57,0.0,7.3
2024-10-14,1624,BULL_100,NO,YES,INACTIVE,NONE,19.7,NO,NO,YES,YES,25.44,24.48,0.0,0.0,0.0,107295.57,100.0,107295.57,0.0,7.3
2024-10-15,1625,BULL_100,NO,YES,INACTIVE,NONE,20.64,NO,NO,NO,NO,24.3,25.36,0.0,0.0,0.0,107295.57,100.0,107295.57,0.0,7.3
2024-10-16,1626,BULL_100,NO,YES,INACTIVE,NONE,19.58,NO,NO,YES,NO,24.73,24.48,0.0,0.0,0.0,107295.57,100.0,107295.57,0.0,7.3
2024-10-17,1627,BULL_100,NO,YES,INACTIVE,NONE,19.11,NO,NO,YES,YES,25.0,24.79,0.0,0.0,0.0,107295.57,100.0,107295.57,0.0,7.3
2024-10-18,1628,BULL_100,NO,YES,INACTIVE,NONE,18.03,NO,NO,YES,YES,25.68,25.1,0.0,0.0,0.0,107295.57,100.0,107295.57,0.0,7.3
2024-10-21,1629,BULL_100,NO,YES,INACTIVE,NONE,18.37,NO,NO,YES,NO,25.64,25.45,0.0,0.0,0.0,107295.57,100.0,107295.57,0.0,7.3
2024-10-22,1630,BULL_100,NO,YES,INACTIVE,NONE,18.2,NO,NO,YES,NO,25.68,25.26,0.0,0.0,0.0,107295.57,100.0,107295.57,0.0,7.3
2024-10-23,1631,BULL_100,NO,YES,INACTIVE,NONE,19.24,NO,NO,YES,NO,24.53,25.5,0.0,0.0,0.0,107295.57,100.0,107295.57,0.0,7.3
2024-10-24,1632,BULL_100,NO,YES,INACTIVE,NONE,19.08,NO,NO,YES,NO,24.62,24.64,0.0,0.0,0.0,107295.57,100.0,107295.57,0.0,7.3
2024-10-25,1633,BULL_100,NO,YES,INACTIVE,NONE,20.33,NO,NO,NO,NO,23.61,24.89,0.0,0.0,0.0,107295.57,100.0,107295.57,0.0,7.3
2024-10-28,1634,BULL_100,NO,YES,INACTIVE,NONE,19.8,NO,NO,YES,NO,24.77,24.55,0.0,0.0,0.0,107295.57,100.0,107295.57,0.0,7.3
2024-10-29,1635,BULL_100,NO,YES,INACTIVE,NONE,19.34,NO,NO,YES,YES,24.87,24.83,0.0,0.0,0.0,107295.57,100.0,107295.57,0.0,7.3
2024-10-30,1636,BULL_100,NO,YES,INACTIVE,NONE,20.35,NO,NO,NO,NO,24.22,24.82,0.0,0.0,0.0,107295.57,100.0,107295.57,0.0,7.3
2024-10-31,1637,BULL_100,NO,YES,INACTIVE,NONE,23.16,NO,NO,NO,NO,22.69,23.97,0.0,0.0,0.0,107295.57,100.0,107295.57,0.0,7.3
2024-11-01,1638,BULL_100,NO,YES,INACTIVE,NONE,21.88,NO,NO,NO,NO,22.84,22.79,0.0,0.0,0.0,107295.57,100.0,107295.57,0.0,7.3
2024-11-04,1639,BULL_100,NO,YES,INACTIVE,NONE,21.98,NO,NO,NO,NO,23.85,23.1,0.0,0.0,0.0,107295.57,100.0,107295.57,0.0,7.3
2024-11-05,1640,BULL_100,NO,YES,INACTIVE,NONE,20.49,NO,NO,NO,NO,25.11,23.97,0.0,0.0,0.0,107295.57,100.0,107295.57,0.0,7.3
2024-11-06,1641,BULL_100,NO,YES,INACTIVE,NONE,16.27,NO,NO,YES,YES,27.47,27.38,0.0,0.0,0.0,107295.57,100.0,107295.57,0.0,7.3
2024-11-07,1642,BULL_100,NO,YES,INACTIVE,NONE,15.2,NO,NO,YES,YES,28.35,27.79,0.0,0.0,0.0,107295.57,100.0,107295.57,0.0,7.3
2024-11-08,1643,BULL_100,NO,YES,INACTIVE,NONE,14.94,NO,NO,YES,YES,28.36,28.26,0.0,0.0,0.0,107295.57,100.0,107295.57,0.0,7.3
2024-11-11,1644,BULL_100,NO,YES,INACTIVE,NONE,14.97,NO,NO,YES,NO,28.45,28.69,0.0,0.0,0.0,107295.57,100.0,107295.57,0.0,7.3
2024-11-12,1645,BULL_100,NO,YES,INACTIVE,NONE,14.71,NO,NO,YES,NO,28.41,28.23,0.0,0.0,0.0,107295.57,100.0,107295.57,0.0,7.3
2024-11-13,1646,BULL_100,NO,YES,INACTIVE,NONE,14.02,NO,NO,YES,YES,29.22,28.41,0.0,0.0,0.0,107295.57,100.0,107295.57,0.0,7.3
2024-11-14,1647,BULL_100,NO,YES,INACTIVE,NONE,14.31,NO,NO,YES,NO,29.14,29.27,0.0,0.0,0.0,107295.57,100.0,107295.57,0.0,7.3
2024-11-15,1648,BULL_100,NO,YES,INACTIVE,NONE,16.14,NO,NO,YES,NO,27.31,28.67,0.0,0.0,0.0,107295.57,100.0,107295.57,0.0,7.3
2024-11-18,1649,BULL_100,NO,YES,INACTIVE,NONE,15.58,NO,NO,YES,NO,28.05,27.27,0.0,0.0,0.0,107295.57,100.0,107295.57,0.0,7.3
2024-11-19,1650,BULL_100,NO,YES,INACTIVE,NONE,16.35,NO,NO,YES,NO,27.39,26.34,0.0,0.0,0.0,107295.57,100.0,107295.57,0.0,7.3
2024-11-20,1651,BULL_100,NO,YES,INACTIVE,NONE,17.16,NO,NO,YES,NO,26.44,27.53,0.0,0.0,0.0,107295.57,100.0,107295.57,0.0,7.3
2024-11-21,1652,BULL_100,NO,YES,INACTIVE,NONE,16.87,NO,NO,YES,NO,26.37,25.56,0.0,0.0,0.0,107295.57,100.0,107295.57,0.0,7.3
2024-11-22,1653,BULL_100,NO,YES,INACTIVE,NONE,15.24,NO,NO,YES,YES,27.53,26.19,0.0,0.0,0.0,107295.57,100.0,107295.57,0.0,7.3
2024-11-25,1654,BULL_100,NO,YES,INACTIVE,NONE,14.6,NO,NO,YES,YES,28.56,28.15,0.0,0.0,0.0,107295.57,100.0,107295.57,0.0,7.3
2024-11-26,1655,BULL_100,NO,YES,INACTIVE,NONE,14.1,NO,NO,YES,YES,28.73,28.44,0.0,0.0,0.0,107295.57,100.0,107295.57,0.0,7.3
2024-11-27,1656,BULL_100,NO,YES,INACTIVE,NONE,14.1,NO,NO,YES,NO,28.91,28.41,0.0,0.0,0.0,107295.57,100.0,107295.57,0.0,7.3
2024-11-29,1657,BULL_100,NO,YES,INACTIVE,NONE,13.51,NO,NO,YES,NO,29.3,29.1,0.0,0.0,0.0,107295.57,100.0,107295.57,0.0,7.3
2024-12-02,1658,BULL_100,NO,YES,INACTIVE,NONE,13.34,NO,NO,YES,YES,29.65,29.45,0.0,0.0,0.0,107295.57,100.0,107295.57,0.0,7.3
2024-12-03,1659,BULL_100,NO,YES,INACTIVE,NONE,13.3,NO,NO,YES,YES,29.87,29.55,0.0,0.0,0.0,107295.57,100.0,107295.57,0.0,7.3
2024-12-04,1660,BULL_100,NO,YES,INACTIVE,NONE,13.45,NO,NO,YES,NO,29.6,30.11,0.0,0.0,0.0,107295.57,100.0,107295.57,0.0,7.3
2024-12-05,1661,BULL_100,NO,YES,INACTIVE,NONE,13.54,NO,NO,YES,NO,29.44,29.47,0.0,0.0,0.0,107295.57,100.0,107295.57,0.0,7.3
2024-12-06,1662,BULL_100,NO,YES,INACTIVE,NONE,12.77,NO,NO,YES,NO,29.96,29.6,0.0,0.0,0.0,107295.57,100.0,107295.57,0.0,7.3
2024-12-09,1663,BULL_100,NO,YES,INACTIVE,NONE,14.19,NO,NO,YES,NO,29.57,29.99,0.0,0.0,0.0,107295.57,100.0,107295.57,0.0,7.3
2024-12-10,1664,BULL_100,NO,YES,INACTIVE,NONE,14.18,NO,NO,YES,NO,29.43,29.45,0.0,0.0,0.0,107295.57,100.0,107295.57,0.0,7.3
2024-12-11,1665,BULL_100,NO,YES,INACTIVE,NONE,13.58,NO,NO,YES,YES,29.67,29.95,0.0,0.0,0.0,107295.57,100.0,107295.57,0.0,7.3
2024-12-12,1666,BULL_100,NO,YES,INACTIVE,NONE,13.92,NO,NO,YES,NO,29.4,29.76,0.0,0.0,0.0,107295.57,100.0,107295.57,0.0,7.3
2024-12-13,1667,BULL_100,NO,YES,INACTIVE,NONE,13.81,NO,NO,YES,NO,29.51,29.81,0.0,0.0,0.0,107295.57,100.0,107295.57,0.0,7.3
2024-12-16,1668,BULL_100,NO,YES,INACTIVE,NONE,14.69,NO,NO,YES,NO,28.84,29.45,0.0,0.0,0.0,107295.57,100.0,107295.57,0.0,7.3
2024-12-17,1669,BULL_100,NO,YES,INACTIVE,NONE,15.87,NO,NO,YES,NO,28.25,28.78,0.0,0.0,0.0,107295.57,100.0,107295.57,0.0,7.3
2024-12-18,1670,BULL_100,NO,YES,INACTIVE,NONE,27.62,NO,NO,NO,NO,24.64,28.67,0.0,0.0,0.0,107295.57,100.0,107295.57,0.0,7.3
2024-12-19,1671,BULL_100,NO,YES,INACTIVE,NONE,24.09,NO,NO,NO,NO,22.28,25.5,0.0,0.0,0.0,107295.57,100.0,107295.57,0.0,7.3
2024-12-20,1672,DEFENSIVE_SPY,NO,YES,INACTIVE,NONE,18.36,NO,NO,YES,YES,24.74,21.68,0.0,0.0,0.0,107295.57,100.0,107295.57,0.0,7.3
2024-12-23,1673,DEFENSIVE_SPY,NO,YES,INACTIVE,NONE,16.78,NO,NO,YES,YES,26.05,24.83,0.0,0.0,0.0,107295.57,100.0,107295.57,0.0,7.3
2024-12-24,1674,BULL_100,NO,YES,INACTIVE,NONE,14.27,NO,NO,YES,YES,27.25,26.7,0.0,0.0,0.0,107295.57,100.0,107295.57,0.0,7.3
2024-12-26,1675,BULL_100,NO,YES,INACTIVE,NONE,14.73,NO,NO,YES,NO,27.4,26.86,0.0,0.0,0.0,107295.57,100.0,107295.57,0.0,7.3
2024-12-27,1676,BULL_100,NO,YES,INACTIVE,NONE,15.95,NO,NO,YES,NO,26.05,27.0,0.0,0.0,0.0,107295.57,100.0,107295.57,0.0,7.3
2024-12-30,1677,BULL_100,NO,YES,INACTIVE,NONE,17.4,NO,NO,YES,NO,25.41,25.16,0.0,0.0,0.0,107295.57,100.0,107295.57,0.0,7.3
2024-12-31,1678,BULL_100,NO,YES,INACTIVE,NONE,17.35,NO,NO,YES,NO,25.23,25.59,0.0,0.0,0.0,107295.57,100.0,107295.57,0.0,7.3
2025-01-02,1679,DEFENSIVE_SPY,NO,YES,INACTIVE,NONE,17.93,NO,NO,YES,NO,24.78,25.65,0.0,0.0,0.0,107295.57,100.0,107295.57,0.0,7.3
2025-01-03,1680,DEFENSIVE_SPY,NO,YES,INACTIVE,NONE,16.13,NO,NO,YES,NO,26.05,24.78,0.0,0.0,0.0,107295.57,100.0,107295.57,0.0,7.3
2025-01-06,1681,DEFENSIVE_SPY,NO,YES,INACTIVE,NONE,16.04,NO,NO,YES,YES,26.33,26.23,0.0,0.0,0.0,107295.57,100.0,107295.57,0.0,7.3
2025-01-07,1682,DEFENSIVE_SPY,NO,YES,INACTIVE,NONE,17.82,NO,NO,YES,NO,24.9,26.29,0.0,0.0,0.0,107295.57,100.0,107295.57,0.0,7.3
2025-01-08,1683,DEFENSIVE_SPY,NO,YES,INACTIVE,NONE,17.7,NO,NO,YES,NO,24.75,24.86,0.0,0.0,0.0,107295.57,100.0,107295.57,0.0,7.3
2025-01-10,1684,DEFENSIVE_SPY,NO,YES,INACTIVE,NONE,19.54,NO,NO,YES,NO,23.26,24.35,0.0,0.0,0.0,107295.57,100.0,107295.57,0.0,7.3
2025-01-13,1685,DEFENSIVE_SPY,NO,YES,INACTIVE,NONE,19.19,NO,NO,YES,NO,23.79,22.57,0.0,0.0,0.0,107295.57,100.0,107295.57,0.0,7.3
2025-01-14,1686,DEFENSIVE_BOTH,NO,YES,INACTIVE,NONE,18.71,NO,NO,YES,YES,24.06,24.09,0.0,0.0,0.0,107295.57,100.0,107295.57,0.0,7.3
2025-01-15,1687,DEFENSIVE_BOTH,NO,YES,INACTIVE,NONE,16.12,NO,NO,YES,YES,25.93,24.15,0.0,0.0,0.0,107295.57,100.0,107295.57,0.0,7.3
2025-01-16,1688,DEFENSIVE_BOTH,NO,YES,INACTIVE,NONE,16.6,NO,NO,YES,NO,25.87,25.83,0.0,0.0,0.0,107295.57,100.0,107295.57,0.0,7.3
2025-01-17,1689,DEFENSIVE_BOTH,NO,YES,INACTIVE,NONE,15.97,NO,NO,YES,NO,25.9,26.2,0.0,0.0,0.0,107295.57,100.0,107295.57,0.0,7.3
2025-01-21,1690,DEFENSIVE_BOTH,NO,YES,INACTIVE,NONE,15.06,NO,NO,YES,YES,26.98,26.07,0.0,0.0,0.0,107295.57,100.0,107295.57,0.0,7.3
2025-01-22,1691,BULL_100,NO,YES,INACTIVE,NONE,15.1,NO,NO,YES,NO,26.41,27.2,0.0,0.0,0.0,107295.57,100.0,107295.57,0.0,7.3
2025-01-23,1692,BULL_100,NO,YES,INACTIVE,NONE,15.02,NO,NO,YES,NO,27.01,26.49,0.0,0.0,0.0,107295.57,100.0,107295.57,0.0,7.3
2025-01-24,1693,BULL_100,NO,YES,INACTIVE,NONE,14.85,NO,NO,YES,YES,27.19,27.25,0.0,0.0,0.0,107295.57,100.0,107295.57,0.0,7.3
2025-01-27,1694,BULL_100,NO,YES,INACTIVE,NONE,17.9,NO,NO,YES,NO,25.47,25.05,0.0,0.0,0.0,107295.57,100.0,107295.57,0.0,7.3
2025-01-28,1695,BULL_100,NO,YES,INACTIVE,NONE,16.41,NO,NO,YES,NO,26.0,25.75,0.0,0.0,0.0,107295.57,100.0,107295.57,0.0,7.3
2025-01-29,1696,BULL_100,NO,YES,INACTIVE,NONE,16.56,NO,NO,YES,NO,26.25,26.08,0.0,0.0,0.0,107295.57,100.0,107295.57,0.0,7.3
2025-01-30,1697,BULL_100,NO,YES,INACTIVE,NONE,15.84,NO,NO,YES,NO,26.25,26.39,0.0,0.0,0.0,107295.57,100.0,107295.57,0.0,7.3
2025-01-31,1698,BULL_100,NO,YES,INACTIVE,NONE,16.43,NO,NO,YES,NO,25.49,26.51,0.0,0.0,0.0,107295.57,100.0,107295.57,0.0,7.3
2025-02-03,1699,BULL_100,NO,YES,INACTIVE,NONE,18.62,NO,NO,YES,NO,25.5,24.29,0.0,0.0,0.0,107295.57,100.0,107295.57,0.0,7.3
2025-02-04,1700,BULL_100,NO,YES,INACTIVE,NONE,17.21,NO,NO,YES,NO,25.4,24.83,0.0,0.0,0.0,107295.57,100.0,107295.57,0.0,7.3
2025-02-05,1701,BULL_100,NO,YES,INACTIVE,NONE,15.77,NO,NO,YES,YES,26.09,25.3,0.0,0.0,0.0,107295.57,100.0,107295.57,0.0,7.3
2025-02-06,1702,BULL_100,NO,YES,INACTIVE,NONE,15.5,NO,NO,YES,YES,26.11,26.09,0.0,0.0,0.0,107295.57,100.0,107295.57,0.0,7.3
2025-02-07,1703,BULL_100,NO,YES,INACTIVE,NONE,16.54,NO,NO,YES,NO,25.45,26.22,0.0,0.0,0.0,107295.57,100.0,107295.57,0.0,7.3
2025-02-10,1704,BULL_100,NO,YES,INACTIVE,NONE,15.81,NO,NO,YES,NO,26.12,25.89,0.0,0.0,0.0,107295.57,100.0,107295.57,0.0,7.3
2025-02-11,1705,BULL_100,NO,YES,INACTIVE,NONE,16.02,NO,NO,YES,NO,26.02,25.93,0.0,0.0,0.0,107295.57,100.0,107295.57,0.0,7.3
2025-02-12,1706,BULL_100,NO,YES,INACTIVE,NONE,15.89,NO,NO,YES,NO,26.05,26.04,0.0,0.0,0.0,107295.57,100.0,107295.57,0.0,7.3
2025-02-13,1707,BULL_100,NO,YES,INACTIVE,NONE,15.1,NO,NO,YES,YES,26.5,26.15,0.0,0.0,0.0,107295.57,100.0,107295.57,0.0,7.3
2025-02-14,1708,BULL_100,NO,YES,INACTIVE,NONE,14.77,NO,NO,YES,YES,26.54,26.49,0.0,0.0,0.0,107295.57,100.0,107295.57,0.0,7.3
2025-02-18,1709,BULL_100,NO,YES,INACTIVE,NONE,15.35,NO,NO,YES,NO,26.805,26.77,0.0,0.0,0.0,107295.57,100.0,107295.57,0.0,7.3
2025-02-19,1710,BULL_100,NO,YES,INACTIVE,NONE,15.27,NO,NO,YES,NO,26.82,26.52,0.0,0.0,0.0,107295.57,100.0,107295.57,0.0,7.3
2025-02-20,1711,BULL_100,NO,YES,INACTIVE,NONE,15.66,NO,NO,YES,NO,26.88,26.98,0.0,0.0,0.0,107295.57,100.0,107295.57,0.0,7.3
2025-02-21,1712,BULL_100,NO,YES,INACTIVE,NONE,18.21,NO,NO,YES,NO,25.31,26.87,0.0,0.0,0.0,107295.57,100.0,107295.57,0.0,7.3
2025-02-24,1713,BULL_100,NO,YES,INACTIVE,NONE,18.98,NO,NO,YES,NO,24.9,25.7,0.0,0.0,0.0,107295.57,100.0,107295.57,0.0,7.3
2025-02-25,1714,BULL_100,NO,YES,INACTIVE,NONE,19.43,NO,NO,YES,NO,24.88,24.89,0.0,0.0,0.0,107295.57,100.0,107295.57,0.0,7.3
2025-02-26,1715,DEFENSIVE_BOTH,NO,YES,INACTIVE,NONE,19.1,NO,NO,YES,NO,25.4,24.69,0.0,0.0,0.0,107295.57,100.0,107295.57,0.0,7.3
2025-02-27,1716,DEFENSIVE_BOTH,NO,YES,INACTIVE,NONE,21.13,NO,NO,NO,NO,24.19,25.4,0.0,0.0,0.0,107295.57,100.0,107295.57,0.0,7.3
2025-02-28,1717,DEFENSIVE_BOTH,NO,YES,INACTIVE,NONE,19.63,NO,NO,YES,NO,24.29,24.0,0.0,0.0,0.0,107295.57,100.0,107295.57,0.0,7.3
2025-03-03,1718,DEFENSIVE_BOTH,NO,YES,INACTIVE,NONE,22.78,NO,NO,NO,NO,22.61,24.4,0.0,0.0,0.0,107295.57,100.0,107295.57,0.0,7.3
2025-03-04,1719,DEFENSIVE_BOTH,NO,YES,INACTIVE,NONE,23.51,NO,NO,NO,NO,22.36,22.61,0.0,0.0,0.0,107295.57,100.0,107295.57,0.0,7.3
2025-03-05,1720,DEFENSIVE_BOTH,NO,YES,INACTIVE,NONE,21.93,NO,NO,NO,NO,22.59,22.47,0.0,0.0,0.0,107295.57,100.0,107295.57,0.0,7.3
2025-03-06,1721,DEFENSIVE_BOTH,NO,YES,INACTIVE,NONE,24.87,NO,NO,NO,NO,20.64,21.64,0.0,0.0,0.0,107295.57,100.0,107295.57,0.0,7.3
2025-03-07,1722,DEFENSIVE_BOTH,NO,YES,INACTIVE,NONE,23.37,NO,NO,NO,NO,21.0,20.66,0.0,0.0,0.0,107295.57,100.0,107295.57,0.0,7.3
2025-03-10,1723,DEFENSIVE_BOTH,NO,YES,INACTIVE,NONE,27.86,NO,NO,NO,NO,18.85,20.59,0.0,0.0,0.0,107295.57,100.0,107295.57,0.0,7.3
2025-03-11,1724,CASH,YES,YES,CASH_IDLE,NONE,26.92,NO,NO,NO,NO,18.97,19.24,0.0,0.0,0.0,107295.57,100.0,107295.57,0.0,7.3
2025-03-12,1725,CASH,YES,YES,CASH_IDLE,NONE,24.23,NO,NO,NO,YES,19.79,19.1,0.0,0.0,0.0,107295.57,100.0,107295.57,0.0,7.3
2025-03-13,1726,CASH,YES,YES,CASH_IDLE,NONE,24.66,NO,NO,NO,NO,19.12,19.23,0.0,0.0,0.0,107295.57,100.0,107295.57,0.0,7.3
2025-03-14,1727,CASH,YES,YES,CASH_IDLE,NONE,21.77,NO,NO,NO,NO,20.36,19.41,0.0,0.0,0.0,107295.57,100.0,107295.57,0.0,7.3
2025-03-17,1728,CASH,YES,YES,CASH_IDLE,NONE,20.51,NO,NO,NO,YES,21.39,20.3,0.0,0.0,0.0,107295.57,100.0,107295.57,0.0,7.3
2025-03-18,1729,CASH,YES,YES,CASH_IDLE,NONE,21.7,NO,NO,NO,NO,20.78,21.47,0.0,0.0,0.0,107295.57,100.0,107295.57,0.0,7.3
2025-03-19,1730,CASH,YES,YES,CASH_IDLE,NONE,19.9,NO,NO,YES,NO,21.66,20.89,0.0,0.0,0.0,107295.57,100.0,107295.57,0.0,7.3
2025-03-20,1731,CASH,YES,YES,CASH_IDLE,NONE,19.8,NO,NO,YES,YES,21.85,21.75,0.0,0.0,0.0,107295.57,100.0,107295.57,0.0,7.3
2025-03-21,1732,CASH,YES,YES,CASH_IDLE,NONE,19.28,NO,NO,YES,YES,21.85,21.83,0.0,0.0,0.0,107295.57,100.0,107295.57,0.0,7.3
2025-03-24,1733,CASH,YES,YES,CASH_IDLE,NONE,17.48,NO,NO,YES,YES,23.08,22.41,0.0,0.0,0.0,107295.57,100.0,107295.57,0.0,7.3
2025-03-25,1734,SMA_RECOVERY,NO,YES,INACTIVE,NONE,17.15,NO,NO,YES,YES,23.06,23.0,0.0,0.0,0.0,107295.57,100.0,107295.57,0.0,7.3
2025-03-26,1735,SMA_RECOVERY,NO,YES,INACTIVE,NONE,18.33,NO,NO,YES,NO,22.07,23.01,0.0,0.0,0.0,107295.57,100.0,107295.57,0.0,7.3
2025-03-27,1736,CASH,YES,YES,CASH_IDLE,NONE,18.69,NO,NO,YES,NO,22.22,22.32,0.0,0.0,0.0,107295.57,100.0,107295.57,0.0,7.3
2025-03-28,1737,CASH,YES,YES,CASH_IDLE,NONE,21.65,NO,NO,NO,NO,20.06,22.0,0.0,0.0,0.0,107295.57,100.0,107295.57,0.0,7.3
2025-03-31,1738,CASH,YES,YES,CASH_IDLE,NONE,22.28,NO,NO,NO,NO,19.95,19.43,0.0,0.0,0.0,107295.57,100.0,107295.57,0.0,7.3
2025-04-01,1739,CASH,YES,YES,CASH_IDLE,NONE,21.77,NO,NO,NO,NO,20.22,20.25,0.0,0.0,0.0,107295.57,100.0,107295.57,0.0,7.3
2025-04-02,1740,CASH,YES,YES,CASH_IDLE,NONE,21.51,NO,NO,NO,YES,18.15,19.88,0.0,0.0,0.0,107295.57,100.0,107295.57,0.0,7.3
2025-04-03,1741,CASH,YES,YES,CASH_IDLE,NONE,30.02,YES,NO,NO,NO,16.4,18.79,0.0,0.0,0.0,107295.57,100.0,107295.57,0.0,7.3
2025-04-04,1742,CASH,YES,YES,CASH_IDLE,NONE,45.31,NO,NO,NO,NO,12.8,15.75,0.0,0.0,0.0,107295.57,100.0,107295.57,0.0,7.3
2025-04-07,1743,CASH,YES,YES,CASH_IDLE,NONE,46.98,NO,NO,NO,NO,13.45,11.49,0.0,0.0,0.0,107295.57,100.0,107295.57,0.0,7.3
2025-04-08,1744,CASH,YES,YES,CASH_IDLE,NONE,52.33,NO,YES,NO,NO,10.29,13.11,0.0,0.0,0.0,107295.57,100.0,107295.57,0.0,7.3
2025-04-09,1745,CASH,YES,YES,CASH_IDLE,NONE,33.62,YES,NO,NO,NO,13.11,11.1,0.0,0.0,0.0,107295.57,100.0,107295.57,0.0,7.3
2025-04-10,1746,CASH,YES,YES,CASH_IDLE,NONE,40.72,NO,NO,NO,NO,10.21,12.29,0.0,0.0,0.0,107295.57,100.0,107295.57,0.0,7.3
2025-04-11,1747,CASH,YES,YES,CASH_IDLE,NONE,37.56,YES,NO,NO,NO,10.65,10.5,0.0,0.0,0.0,107295.57,100.0,107295.57,0.0,7.3
2025-04-14,1748,CASH,YES,YES,CASH_IDLE,"SVIX_INIT: VIX=30.9 in [30,40], falling 2 days",30.89,YES,NO,NO,YES,11.46,11.28,0.0,0.0,0.0,107295.57,100.0,107295.57,0.0,7.3
2025-04-15,1749,CASH,YES,YES,CASH_SVIX_INIT,NONE,30.12,YES,NO,NO,YES,11.48,11.95,897.8709,10307.56,9.6,96543.55,90.4,106851.11,-444.46,6.85
2025-04-16,1750,CASH,YES,YES,CASH_SVIX_INIT,NONE,32.64,YES,NO,NO,NO,11.2,11.24,897.8709,10056.15,9.4,96543.55,90.6,106599.71,-251.4,6.6
2025-04-17,1751,CASH,YES,YES,CASH_SVIX_INIT,NONE,29.65,NO,NO,NO,NO,11.37,11.49,897.8709,10208.79,9.6,96543.55,90.4,106752.35,152.64,6.75
2025-04-21,1752,CASH,YES,YES,CASH_SVIX_INIT,NONE,33.82,YES,NO,NO,NO,10.62,11.2,897.8709,9535.39,9.0,96543.55,91.0,106078.94,-673.41,6.08
2025-04-22,1753,CASH,YES,YES,CASH_SVIX_INIT,NONE,30.57,YES,NO,NO,NO,11.82,10.9,897.8709,10612.83,9.9,96543.55,90.1,107156.39,1077.45,7.16
2025-04-23,1754,CASH,YES,YES,CASH_SVIX_INIT,NONE,28.45,NO,NO,NO,YES,11.71,11.9,897.8709,10514.07,9.8,96543.55,90.2,107057.62,-98.77,7.06
2025-04-24,1755,CASH,YES,YES,CASH_SVIX_INIT,NONE,26.47,NO,NO,NO,YES,12.3,11.48,897.8709,11043.81,10.3,96543.55,89.7,107587.37,529.75,7.59
2025-04-25,1756,CASH,YES,YES,CASH_SVIX_INIT,NONE,24.84,NO,NO,NO,YES,12.59,12.28,897.8709,11304.19,10.5,96543.55,89.5,107847.75,260.38,7.85
2025-04-28,1757,CASH,YES,YES,CASH_SVIX_INIT,NONE,25.15,NO,NO,NO,NO,12.46,12.54,897.8709,11187.47,10.4,96543.55,89.6,107731.03,-116.72,7.73
2025-04-29,1758,CASH,YES,YES,CASH_SVIX_INIT,NONE,24.17,NO,NO,NO,NO,12.64,12.68,897.8709,11349.09,10.5,96543.55,89.5,107892.64,161.61,7.89
2025-04-30,1759,CASH,YES,YES,CASH_SVIX_INIT,NONE,24.7,NO,NO,NO,NO,12.62,12.64,897.8709,11331.13,10.5,96543.55,89.5,107874.68,-17.96,7.87
2025-05-01,1760,CASH,YES,YES,CASH_SVIX_INIT,NONE,24.6,NO,NO,NO,NO,12.49,12.59,897.8709,11214.41,10.4,96543.55,89.6,107757.96,-116.72,7.76
2025-05-02,1761,CASH,YES,YES,CASH_SVIX_INIT,NONE,22.68,NO,NO,NO,YES,13.08,12.64,897.8709,11744.15,10.8,96543.55,89.2,108287.71,529.75,8.29
2025-05-05,1762,CASH,YES,YES,CASH_SVIX_INIT,NONE,23.64,NO,NO,NO,NO,12.8,12.91,897.8709,11492.75,10.6,96543.55,89.4,108036.3,-251.41,8.04
2025-05-06,1763,CASH,YES,YES,CASH_SVIX_INIT,NONE,24.76,NO,NO,NO,NO,12.42,12.56,897.8709,11151.56,10.4,96543.55,89.6,107695.11,-341.19,7.7
2025-05-07,1764,CASH,YES,YES,CASH_SVIX_INIT,NONE,23.55,NO,NO,NO,NO,12.64,12.48,897.8709,11349.09,10.5,96543.55,89.5,107892.64,197.53,7.89
2025-05-08,1765,CASH,YES,YES,CASH_SVIX_INIT,NONE,22.48,NO,NO,NO,YES,13.13,12.95,897.8709,11789.04,10.9,96543.55,89.1,108332.6,439.96,8.33
2025-05-09,1766,CASH,YES,YES,CASH_SVIX_INIT,NONE,21.9,NO,NO,NO,YES,13.2,13.16,897.8709,11851.9,10.9,96543.55,89.1,108395.45,62.85,8.4
2025-05-12,1767,CASH,YES,YES,CASH_SVIX_INIT,EXIT: VIX=18.4<20.0,18.39,NO,NO,YES,YES,14.98,13.88,897.8709,13450.11,12.2,96543.55,87.8,109993.66,1598.21,9.99
2025-05-13,1768,SMA_RECOVERY,NO,YES,INACTIVE,NONE,18.22,NO,NO,YES,YES,14.96,14.83,0.0,0.0,0.0,109831.35,100.0,109831.35,-162.31,9.83
2025-05-14,1769,BULL_100,NO,YES,INACTIVE,NONE,18.62,NO,NO,YES,NO,14.7,15.1,0.0,0.0,0.0,109831.35,100.0,109831.35,-0.0,9.83
2025-05-15,1770,BULL_100,NO,YES,INACTIVE,NONE,17.83,NO,NO,YES,NO,14.93,14.52,0.0,0.0,0.0,109831.35,100.0,109831.35,-0.0,9.83
2025-05-16,1771,BULL_100,NO,YES,INACTIVE,NONE,17.24,NO,NO,YES,YES,14.54,15.04,0.0,0.0,0.0,109831.35,100.0,109831.35,-0.0,9.83
2025-05-19,1772,BULL_100,NO,YES,INACTIVE,NONE,18.14,NO,NO,YES,NO,14.88,14.31,0.0,0.0,0.0,109831.35,100.0,109831.35,-0.0,9.83
2025-05-20,1773,BULL_100,NO,YES,INACTIVE,NONE,18.09,NO,NO,YES,NO,15.0,14.77,0.0,0.0,0.0,109831.35,100.0,109831.35,-0.0,9.83
2025-05-21,1774,BULL_100,NO,YES,INACTIVE,NONE,20.87,NO,NO,NO,NO,13.88,14.82,0.0,0.0,0.0,109831.35,100.0,109831.35,-0.0,9.83
2025-05-22,1775,BULL_100,NO,YES,INACTIVE,NONE,20.28,NO,NO,NO,NO,14.11,14.12,0.0,0.0,0.0,109831.35,100.0,109831.35,-0.0,9.83
2025-05-23,1776,BULL_100,NO,YES,INACTIVE,NONE,22.29,NO,NO,NO,NO,13.17,14.07,0.0,0.0,0.0,109831.35,100.0,109831.35,-0.0,9.83
2025-05-27,1777,BULL_100,NO,YES,INACTIVE,NONE,18.96,NO,NO,YES,NO,14.51,13.95,0.0,0.0,0.0,109831.35,100.0,109831.35,-0.0,9.83
2025-05-28,1778,BULL_100,NO,YES,INACTIVE,NONE,19.31,NO,NO,YES,NO,14.66,14.46,0.0,0.0,0.0,109831.35,100.0,109831.35,-0.0,9.83
2025-05-29,1779,BULL_100,NO,YES,INACTIVE,NONE,19.18,NO,NO,YES,NO,14.24,14.8,0.0,0.0,0.0,109831.35,100.0,109831.35,-0.0,9.83
2025-05-30,1780,BULL_100,NO,YES,INACTIVE,NONE,18.57,NO,NO,YES,YES,14.195,14.17,0.0,0.0,0.0,109831.35,100.0,109831.35,-0.0,9.83
2025-06-02,1781,BULL_100,NO,YES,INACTIVE,NONE,18.36,NO,NO,YES,YES,14.4,13.95,0.0,0.0,0.0,109831.35,100.0,109831.35,-0.0,9.83
2025-06-03,1782,BULL_100,NO,YES,INACTIVE,NONE,17.69,NO,NO,YES,YES,14.64,14.26,0.0,0.0,0.0,109831.35,100.0,109831.35,-0.0,9.83
2025-06-04,1783,BULL_100,NO,YES,INACTIVE,NONE,17.61,NO,NO,YES,YES,14.65,14.73,0.0,0.0,0.0,109831.35,100.0,109831.35,-0.0,9.83
2025-06-05,1784,BULL_100,NO,YES,INACTIVE,NONE,18.48,NO,NO,YES,NO,14.25,14.72,0.0,0.0,0.0,109831.35,100.0,109831.35,-0.0,9.83
2025-06-06,1785,BULL_100,NO,YES,INACTIVE,NONE,16.77,NO,NO,YES,NO,14.99,14.59,0.0,0.0,0.0,109831.35,100.0,109831.35,-0.0,9.83
2025-06-09,1786,BULL_100,NO,YES,INACTIVE,NONE,17.16,NO,NO,YES,NO,15.13,14.88,0.0,0.0,0.0,109831.35,100.0,109831.35,-0.0,9.83
2025-06-10,1787,BULL_100,NO,YES,INACTIVE,NONE,16.95,NO,NO,YES,NO,15.18,15.12,0.0,0.0,0.0,109831.35,100.0,109831.35,-0.0,9.83
2025-06-11,1788,BULL_100,NO,YES,INACTIVE,NONE,17.26,NO,NO,YES,NO,15.04,15.2,0.0,0.0,0.0,109831.35,100.0,109831.35,-0.0,9.83
2025-06-12,1789,BULL_100,NO,YES,INACTIVE,NONE,18.02,NO,NO,YES,NO,14.9,14.94,0.0,0.0,0.0,109831.35,100.0,109831.35,-0.0,9.83
2025-06-13,1790,BULL_100,NO,YES,INACTIVE,NONE,20.82,NO,NO,NO,NO,13.84,14.14,0.0,0.0,0.0,109831.35,100.0,109831.35,-0.0,9.83
2025-06-16,1791,BULL_100,NO,YES,INACTIVE,NONE,19.11,NO,NO,YES,NO,14.31,14.18,0.0,0.0,0.0,109831.35,100.0,109831.35,-0.0,9.83
2025-06-17,1792,BULL_100,NO,YES,INACTIVE,NONE,21.6,NO,NO,NO,NO,13.81,14.2,0.0,0.0,0.0,109831.35,100.0,109831.35,-0.0,9.83
2025-06-18,1793,BULL_100,NO,YES,INACTIVE,NONE,20.14,NO,NO,NO,NO,14.19,14.02,0.0,0.0,0.0,109831.35,100.0,109831.35,-0.0,9.83
2025-06-20,1794,BULL_100,NO,YES,INACTIVE,NONE,20.62,NO,NO,NO,NO,14.06,14.03,0.0,0.0,0.0,109831.35,100.0,109831.35,-0.0,9.83
2025-06-23,1795,BULL_100,NO,YES,INACTIVE,NONE,19.83,NO,NO,YES,NO,14.63,14.18,0.0,0.0,0.0,109831.35,100.0,109831.35,-0.0,9.83
2025-06-24,1796,BULL_100,NO,YES,INACTIVE,NONE,17.48,NO,NO,YES,YES,15.06,14.86,0.0,0.0,0.0,109831.35,100.0,109831.35,-0.0,9.83
2025-06-25,1797,BULL_100,NO,YES,INACTIVE,NONE,16.76,NO,NO,YES,YES,15.29,15.17,0.0,0.0,0.0,109831.35,100.0,109831.35,-0.0,9.83
2025-06-26,1798,BULL_100,NO,YES,INACTIVE,NONE,16.59,NO,NO,YES,YES,15.39,15.35,0.0,0.0,0.0,109831.35,100.0,109831.35,-0.0,9.83
2025-06-27,1799,BULL_100,NO,YES,INACTIVE,NONE,16.32,NO,NO,YES,YES,15.42,15.49,0.0,0.0,0.0,109831.35,100.0,109831.35,-0.0,9.83
2025-06-30,1800,BULL_100,NO,YES,INACTIVE,NONE,16.73,NO,NO,YES,NO,15.42,15.58,0.0,0.0,0.0,109831.35,100.0,109831.35,-0.0,9.83
2025-07-01,1801,BULL_100,NO,YES,INACTIVE,NONE,16.83,NO,NO,YES,NO,15.53,15.33,0.0,0.0,0.0,109831.35,100.0,109831.35,-0.0,9.83
2025-07-02,1802,BULL_100,NO,YES,INACTIVE,NONE,16.64,NO,NO,YES,NO,15.59,15.57,0.0,0.0,0.0,109831.35,100.0,109831.35,-0.0,9.83
2025-07-03,1803,BULL_100,NO,YES,INACTIVE,NONE,16.38,NO,NO,YES,YES,15.68,15.57,0.0,0.0,0.0,109831.35,100.0,109831.35,-0.0,9.83
2025-07-07,1804,BULL_TRIMMED,NO,YES,INACTIVE,NONE,17.79,NO,NO,YES,NO,15.5,15.38,0.0,0.0,0.0,109831.35,100.0,109831.35,-0.0,9.83
2025-07-08,1805,BULL_TRIMMED,NO,YES,INACTIVE,NONE,16.81,NO,NO,YES,NO,15.95,15.76,0.0,0.0,0.0,109831.35,100.0,109831.35,-0.0,9.83
2025-07-09,1806,BULL_TRIMMED,NO,YES,INACTIVE,NONE,15.94,NO,NO,YES,YES,16.33,16.08,0.0,0.0,0.0,109831.35,100.0,109831.35,-0.0,9.83
2025-07-10,1807,BULL_TRIMMED,NO,YES,INACTIVE,NONE,15.78,NO,NO,YES,YES,16.57,16.47,0.0,0.0,0.0,109831.35,100.0,109831.35,-0.0,9.83
2025-07-11,1808,BULL_TRIMMED,NO,YES,INACTIVE,NONE,16.4,NO,NO,YES,NO,16.4,16.21,0.0,0.0,0.0,109831.35,100.0,109831.35,-0.0,9.83
2025-07-14,1809,BULL_TRIMMED,NO,YES,INACTIVE,NONE,17.2,NO,NO,YES,NO,16.26,16.17,0.0,0.0,0.0,109831.35,100.0,109831.35,-0.0,9.83
2025-07-15,1810,BULL_TRIMMED,NO,YES,INACTIVE,NONE,17.38,NO,NO,YES,NO,16.19,16.38,0.0,0.0,0.0,109831.35,100.0,109831.35,-0.0,9.83
2025-07-16,1811,BULL_TRIMMED,NO,YES,INACTIVE,NONE,17.16,NO,NO,YES,NO,16.17,16.29,0.0,0.0,0.0,109831.35,100.0,109831.35,-0.0,9.83
2025-07-17,1812,BULL_TRIMMED,NO,YES,INACTIVE,NONE,16.52,NO,NO,YES,YES,16.205,16.22,0.0,0.0,0.0,109831.35,100.0,109831.35,-0.0,9.83
2025-07-18,1813,BULL_TRIMMED,NO,YES,INACTIVE,NONE,16.41,NO,NO,YES,YES,16.47,16.41,0.0,0.0,0.0,109831.35,100.0,109831.35,-0.0,9.83
2025-07-21,1814,BULL_TRIMMED,NO,YES,INACTIVE,NONE,16.65,NO,NO,YES,NO,16.55,16.63,0.0,0.0,0.0,109831.35,100.0,109831.35,-0.0,9.83
2025-07-22,1815,BULL_TRIMMED,NO,YES,INACTIVE,NONE,16.5,NO,NO,YES,NO,16.66,16.55,0.0,0.0,0.0,109831.35,100.0,109831.35,-0.0,9.83
2025-07-23,1816,BULL_TRIMMED,NO,YES,INACTIVE,NONE,15.37,NO,NO,YES,YES,17.35,16.82,0.0,0.0,0.0,109831.35,100.0,109831.35,-0.0,9.83
2025-07-24,1817,BULL_TRIMMED,NO,YES,INACTIVE,NONE,15.39,NO,NO,YES,NO,17.34,17.33,0.0,0.0,0.0,109831.35,100.0,109831.35,-0.0,9.83
2025-07-25,1818,BULL_TRIMMED,NO,YES,INACTIVE,NONE,14.93,NO,NO,YES,NO,17.48,17.31,0.0,0.0,0.0,109831.35,100.0,109831.35,-0.0,9.83
2025-07-28,1819,BULL_TRIMMED,NO,YES,INACTIVE,NONE,15.03,NO,NO,YES,NO,18.03,17.9,0.0,0.0,0.0,109831.35,100.0,109831.35,-0.0,9.83
2025-07-29,1820,BULL_TRIMMED,NO,YES,INACTIVE,NONE,15.98,NO,NO,YES,NO,17.45,18.19,0.0,0.0,0.0,109831.35,100.0,109831.35,-0.0,9.83
2025-07-30,1821,BULL_TRIMMED,NO,YES,INACTIVE,NONE,15.48,NO,NO,YES,NO,17.75,17.64,0.0,0.0,0.0,109831.35,100.0,109831.35,-0.0,9.83
2025-07-31,1822,BULL_TRIMMED,NO,YES,INACTIVE,NONE,16.72,NO,NO,YES,NO,17.2,17.97,0.0,0.0,0.0,109831.35,100.0,109831.35,-0.0,9.83
2025-08-01,1823,BULL_100,NO,YES,INACTIVE,NONE,20.38,NO,NO,NO,NO,16.04,16.91,0.0,0.0,0.0,109831.35,100.0,109831.35,-0.0,9.83
2025-08-04,1824,BULL_100,NO,YES,INACTIVE,NONE,17.52,NO,NO,YES,NO,17.2,16.3,0.0,0.0,0.0,109831.35,100.0,109831.35,-0.0,9.83
2025-08-05,1825,BULL_100,NO,YES,INACTIVE,NONE,17.85,NO,NO,YES,NO,16.84,17.08,0.0,0.0,0.0,109831.35,100.0,109831.35,-0.0,9.83
2025-08-06,1826,BULL_100,NO,YES,INACTIVE,NONE,16.77,NO,NO,YES,NO,17.48,16.95,0.0,0.0,0.0,109831.35,100.0,109831.35,-0.0,9.83
2025-08-07,1827,BULL_100,NO,YES,INACTIVE,NONE,16.57,NO,NO,YES,YES,17.33,17.5,0.0,0.0,0.0,109831.35,100.0,109831.35,-0.0,9.83
2025-08-08,1828,BULL_100,NO,YES,INACTIVE,NONE,15.15,NO,NO,YES,YES,17.9,17.39,0.0,0.0,0.0,109831.35,100.0,109831.35,-0.0,9.83
2025-08-11,1829,BULL_100,NO,YES,INACTIVE,NONE,16.25,NO,NO,YES,NO,17.71,17.88,0.0,0.0,0.0,109831.35,100.0,109831.35,-0.0,9.83
2025-08-12,1830,BULL_100,NO,YES,INACTIVE,NONE,14.73,NO,NO,YES,NO,18.5,17.71,0.0,0.0,0.0,109831.35,100.0,109831.35,-0.0,9.83
2025-08-13,1831,BULL_100,NO,YES,INACTIVE,NONE,14.49,NO,NO,YES,YES,18.51,18.61,0.0,0.0,0.0,109831.35,100.0,109831.35,-0.0,9.83
2025-08-14,1832,BULL_100,NO,YES,INACTIVE,NONE,14.83,NO,NO,YES,NO,18.48,18.67,0.0,0.0,0.0,109831.35,100.0,109831.35,-0.0,9.83
2025-08-15,1833,BULL_100,NO,YES,INACTIVE,NONE,15.09,NO,NO,YES,NO,18.51,18.61,0.0,0.0,0.0,109831.35,100.0,109831.35,-0.0,9.83
2025-08-18,1834,BULL_100,NO,YES,INACTIVE,NONE,14.99,NO,NO,YES,NO,19.11,18.51,0.0,0.0,0.0,109831.35,100.0,109831.35,-0.0,9.83
2025-08-19,1835,BULL_100,NO,YES,INACTIVE,NONE,15.57,NO,NO,YES,NO,18.56,19.21,0.0,0.0,0.0,109831.35,100.0,109831.35,-0.0,9.83
2025-08-20,1836,BULL_100,NO,YES,INACTIVE,NONE,15.69,NO,NO,YES,NO,18.76,18.61,0.0,0.0,0.0,109831.35,100.0,109831.35,-0.0,9.83
2025-08-21,1837,BULL_100,NO,YES,INACTIVE,NONE,16.6,NO,NO,YES,NO,18.5,18.82,0.0,0.0,0.0,109831.35,100.0,109831.35,-0.0,9.83
2025-08-22,1838,BULL_100,NO,YES,INACTIVE,NONE,14.22,NO,NO,YES,NO,19.86,18.46,0.0,0.0,0.0,109831.35,100.0,109831.35,-0.0,9.83
2025-08-25,1839,BULL_100,NO,YES,INACTIVE,NONE,14.79,NO,NO,YES,NO,19.84,19.73,0.0,0.0,0.0,109831.35,100.0,109831.35,-0.0,9.83
2025-08-26,1840,BULL_100,NO,YES,INACTIVE,NONE,14.62,NO,NO,YES,NO,20.05,19.68,0.0,0.0,0.0,109831.35,100.0,109831.35,-0.0,9.83
2025-08-27,1841,BULL_100,NO,YES,INACTIVE,NONE,14.85,NO,NO,YES,NO,19.89,19.98,0.0,0.0,0.0,109831.35,100.0,109831.35,-0.0,9.83
2025-08-28,1842,BULL_100,NO,YES,INACTIVE,NONE,14.43,NO,NO,YES,NO,20.12,20.0,0.0,0.0,0.0,109831.35,100.0,109831.35,-0.0,9.83
2025-08-29,1843,BULL_100,NO,YES,INACTIVE,NONE,15.36,NO,NO,YES,NO,19.78,20.14,0.0,0.0,0.0,109831.35,100.0,109831.35,-0.0,9.83
2025-09-02,1844,BULL_100,NO,YES,INACTIVE,NONE,17.17,NO,NO,YES,NO,19.3,19.39,0.0,0.0,0.0,109831.35,100.0,109831.35,-0.0,9.83
2025-09-03,1845,BULL_100,NO,YES,INACTIVE,NONE,16.35,NO,NO,YES,NO,19.64,19.25,0.0,0.0,0.0,109831.35,100.0,109831.35,-0.0,9.83
2025-09-04,1846,BULL_100,NO,YES,INACTIVE,NONE,15.3,NO,NO,YES,YES,20.22,19.72,0.0,0.0,0.0,109831.35,100.0,109831.35,-0.0,9.83
2025-09-05,1847,BULL_100,NO,YES,INACTIVE,NONE,15.18,NO,NO,YES,YES,20.07,20.27,0.0,0.0,0.0,109831.35,100.0,109831.35,-0.0,9.83
2025-09-08,1848,BULL_100,NO,YES,INACTIVE,NONE,15.11,NO,NO,YES,YES,20.51,20.25,0.0,0.0,0.0,109831.35,100.0,109831.35,-0.0,9.83
2025-09-09,1849,BULL_100,NO,YES,INACTIVE,NONE,15.04,NO,NO,YES,YES,20.64,20.54,0.0,0.0,0.0,109831.35,100.0,109831.35,-0.0,9.83
2025-09-10,1850,BULL_100,NO,YES,INACTIVE,NONE,15.35,NO,NO,YES,NO,20.71,20.62,0.0,0.0,0.0,109831.35,100.0,109831.35,-0.0,9.83
2025-09-11,1851,BULL_100,NO,YES,INACTIVE,NONE,14.71,NO,NO,YES,NO,21.13,20.83,0.0,0.0,0.0,109831.35,100.0,109831.35,-0.0,9.83
2025-09-12,1852,BULL_100,NO,YES,INACTIVE,NONE,14.76,NO,NO,YES,NO,21.14,21.14,0.0,0.0,0.0,109831.35,100.0,109831.35,-0.0,9.83
2025-09-15,1853,BULL_100,NO,YES,INACTIVE,NONE,15.69,NO,NO,YES,NO,20.91,21.27,0.0,0.0,0.0,109831.35,100.0,109831.35,-0.0,9.83
2025-09-16,1854,BULL_100,NO,YES,INACTIVE,NONE,16.36,NO,NO,YES,NO,20.69,21.0,0.0,0.0,0.0,109831.35,100.0,109831.35,-0.0,9.83
2025-09-17,1855,BULL_100,NO,YES,INACTIVE,NONE,15.72,NO,NO,YES,NO,21.61,20.73,0.0,0.0,0.0,109831.35,100.0,109831.35,-0.0,9.83
2025-09-18,1856,BULL_100,NO,YES,INACTIVE,NONE,15.7,NO,NO,YES,YES,21.54,21.66,0.0,0.0,0.0,109831.35,100.0,109831.35,-0.0,9.83
2025-09-19,1857,BULL_100,NO,YES,INACTIVE,NONE,15.45,NO,NO,YES,YES,21.37,21.51,0.0,0.0,0.0,109831.35,100.0,109831.35,-0.0,9.83
2025-09-22,1858,BULL_100,NO,YES,INACTIVE,NONE,16.1,NO,NO,YES,NO,21.08,21.17,0.0,0.0,0.0,109831.35,100.0,109831.35,-0.0,9.83
2025-09-23,1859,BULL_100,NO,YES,INACTIVE,NONE,16.64,NO,NO,YES,NO,20.8,21.0,0.0,0.0,0.0,109831.35,100.0,109831.35,-0.0,9.83
2025-09-24,1860,BULL_100,NO,YES,INACTIVE,NONE,16.18,NO,NO,YES,NO,21.11,20.86,0.0,0.0,0.0,109831.35,100.0,109831.35,-0.0,9.83
2025-09-25,1861,BULL_100,NO,YES,INACTIVE,NONE,16.74,NO,NO,YES,NO,20.77,21.08,0.0,0.0,0.0,109831.35,100.0,109831.35,-0.0,9.83
2025-09-26,1862,BULL_100,NO,YES,INACTIVE,NONE,15.29,NO,NO,YES,NO,21.48,20.96,0.0,0.0,0.0,109831.35,100.0,109831.35,-0.0,9.83
2025-09-29,1863,BULL_100,NO,YES,INACTIVE,NONE,16.12,NO,NO,YES,NO,21.24,21.74,0.0,0.0,0.0,109831.35,100.0,109831.35,-0.0,9.83
2025-09-30,1864,BULL_100,NO,YES,INACTIVE,NONE,16.28,NO,NO,YES,NO,21.22,21.08,0.0,0.0,0.0,109831.35,100.0,109831.35,-0.0,9.83
2025-10-01,1865,BULL_100,NO,YES,INACTIVE,NONE,16.29,NO,NO,YES,NO,21.34,20.89,0.0,0.0,0.0,109831.35,100.0,109831.35,-0.0,9.83
2025-10-02,1866,BULL_100,NO,YES,INACTIVE,NONE,16.63,NO,NO,YES,NO,21.16,21.5,0.0,0.0,0.0,109831.35,100.0,109831.35,-0.0,9.83
2025-10-03,1867,BULL_100,NO,YES,INACTIVE,NONE,16.65,NO,NO,YES,NO,21.29,21.31,0.0,0.0,0.0,109831.35,100.0,109831.35,-0.0,9.83
2025-10-06,1868,BULL_100,NO,YES,INACTIVE,NONE,16.37,NO,NO,YES,NO,21.4,21.25,0.0,0.0,0.0,109831.35,100.0,109831.35,-0.0,9.83
2025-10-07,1869,BULL_100,NO,YES,INACTIVE,NONE,17.24,NO,NO,YES,NO,20.93,21.29,0.0,0.0,0.0,109831.35,100.0,109831.35,-0.0,9.83
2025-10-08,1870,BULL_100,NO,YES,INACTIVE,NONE,16.3,NO,NO,YES,NO,21.44,21.17,0.0,0.0,0.0,109831.35,100.0,109831.35,-0.0,9.83
2025-10-09,1871,BULL_100,NO,YES,INACTIVE,NONE,16.43,NO,NO,YES,NO,21.38,21.4,0.0,0.0,0.0,109831.35,100.0,109831.35,-0.0,9.83
2025-10-10,1872,BULL_100,NO,YES,INACTIVE,NONE,21.66,NO,NO,NO,NO,18.5,21.25,0.0,0.0,0.0,109831.35,100.0,109831.35,-0.0,9.83
2025-10-13,1873,BULL_100,NO,YES,INACTIVE,NONE,19.03,NO,NO,YES,NO,20.04,19.83,0.0,0.0,0.0,109831.35,100.0,109831.35,-0.0,9.83
2025-10-14,1874,BULL_100,NO,YES,INACTIVE,NONE,20.81,NO,NO,NO,NO,19.14,18.97,0.0,0.0,0.0,109831.35,100.0,109831.35,-0.0,9.83
2025-10-15,1875,BULL_100,NO,YES,INACTIVE,NONE,20.64,NO,NO,NO,NO,18.87,19.51,0.0,0.0,0.0,109831.35,100.0,109831.35,-0.0,9.83
2025-10-16,1876,BULL_100,NO,YES,INACTIVE,NONE,25.31,NO,NO,NO,NO,17.19,19.06,0.0,0.0,0.0,109831.35,100.0,109831.35,-0.0,9.83
2025-10-17,1877,BULL_100,NO,YES,INACTIVE,NONE,20.78,NO,NO,NO,NO,18.5,16.47,0.0,0.0,0.0,109831.35,100.0,109831.35,-0.0,9.83
2025-10-20,1878,BULL_100,NO,YES,INACTIVE,NONE,18.23,NO,NO,YES,YES,19.95,18.67,0.0,0.0,0.0,109831.35,100.0,109831.35,-0.0,9.83
2025-10-21,1879,BULL_100,NO,YES,INACTIVE,NONE,17.87,NO,NO,YES,YES,19.9,19.65,0.0,0.0,0.0,109831.35,100.0,109831.35,-0.0,9.83
2025-10-22,1880,BULL_100,NO,YES,INACTIVE,NONE,18.6,NO,NO,YES,NO,19.63,19.98,0.0,0.0,0.0,109831.35,100.0,109831.35,-0.0,9.83
2025-10-23,1881,BULL_100,NO,YES,INACTIVE,NONE,17.3,NO,NO,YES,NO,20.2,19.78,0.0,0.0,0.0,109831.35,100.0,109831.35,-0.0,9.83
2025-10-24,1882,BULL_100,NO,YES,INACTIVE,NONE,16.37,NO,NO,YES,YES,20.39,20.26,0.0,0.0,0.0,109831.35,100.0,109831.35,-0.0,9.83
2025-10-27,1883,BULL_100,NO,YES,INACTIVE,NONE,15.79,NO,NO,YES,YES,21.0,21.21,0.0,0.0,0.0,109831.35,100.0,109831.35,-0.0,9.83
2025-10-28,1884,BULL_100,NO,YES,INACTIVE,NONE,16.42,NO,NO,YES,NO,20.45,20.9,0.0,0.0,0.0,109831.35,100.0,109831.35,-0.0,9.83
2025-10-29,1885,BULL_100,NO,YES,INACTIVE,NONE,16.92,NO,NO,YES,NO,20.08,20.65,0.0,0.0,0.0,109831.35,100.0,109831.35,-0.0,9.83
2025-10-30,1886,BULL_100,NO,YES,INACTIVE,NONE,16.91,NO,NO,YES,NO,20.38,20.51,0.0,0.0,0.0,109831.35,100.0,109831.35,-0.0,9.83
2025-10-31,1887,BULL_100,NO,YES,INACTIVE,NONE,17.44,NO,NO,YES,NO,19.83,20.37,0.0,0.0,0.0,109831.35,100.0,109831.35,-0.0,9.83
2025-11-03,1888,BULL_100,NO,YES,INACTIVE,NONE,17.17,NO,NO,YES,NO,20.0,20.02,0.0,0.0,0.0,109831.35,100.0,109831.35,-0.0,9.83
2025-11-04,1889,BULL_100,NO,YES,INACTIVE,NONE,19.0,NO,NO,YES,NO,19.29,19.26,0.0,0.0,0.0,109831.35,100.0,109831.35,-0.0,9.83
2025-11-05,1890,BULL_100,NO,YES,INACTIVE,NONE,18.01,NO,NO,YES,NO,19.89,19.16,0.0,0.0,0.0,109831.35,100.0,109831.35,-0.0,9.83
2025-11-06,1891,BULL_100,NO,YES,INACTIVE,NONE,19.5,NO,NO,YES,NO,19.17,19.83,0.0,0.0,0.0,109831.35,100.0,109831.35,-0.0,9.83
2025-11-07,1892,BULL_100,NO,YES,INACTIVE,NONE,19.08,NO,NO,YES,NO,19.28,19.14,0.0,0.0,0.0,109831.35,100.0,109831.35,-0.0,9.83
2025-11-10,1893,BULL_100,NO,YES,INACTIVE,NONE,17.6,NO,NO,YES,YES,20.29,19.81,0.0,0.0,0.0,109831.35,100.0,109831.35,-0.0,9.83
2025-11-11,1894,BULL_100,NO,YES,INACTIVE,NONE,17.28,NO,NO,YES,YES,20.3,20.24,0.0,0.0,0.0,109831.35,100.0,109831.35,-0.0,9.83
2025-11-12,1895,BULL_100,NO,YES,INACTIVE,NONE,17.51,NO,NO,YES,NO,19.97,20.42,0.0,0.0,0.0,109831.35,100.0,109831.35,-0.0,9.83
2025-11-13,1896,BULL_100,NO,YES,INACTIVE,NONE,20.0,NO,NO,NO,NO,18.97,20.13,0.0,0.0,0.0,109831.35,100.0,109831.35,-0.0,9.83
2025-11-14,1897,BULL_100,NO,YES,INACTIVE,NONE,19.83,NO,NO,YES,NO,19.17,18.89,0.0,0.0,0.0,109831.35,100.0,109831.35,-0.0,9.83
2025-11-17,1898,BULL_100,NO,YES,INACTIVE,NONE,22.38,NO,NO,NO,NO,18.14,19.3,0.0,0.0,0.0,109831.35,100.0,109831.35,-0.0,9.83
2025-11-18,1899,BULL_100,NO,YES,INACTIVE,NONE,24.69,NO,NO,NO,NO,17.52,17.87,0.0,0.0,0.0,109831.35,100.0,109831.35,-0.0,9.83
2025-11-19,1900,DEFENSIVE_BOTH,NO,YES,INACTIVE,NONE,23.66,NO,NO,NO,NO,18.6,17.69,0.0,0.0,0.0,109831.35,100.0,109831.35,-0.0,9.83
2025-11-20,1901,DEFENSIVE_BOTH,NO,YES,INACTIVE,NONE,26.42,NO,NO,NO,NO,16.96,18.67,0.0,0.0,0.0,109831.35,100.0,109831.35,-0.0,9.83
2025-11-21,1902,DEFENSIVE_BOTH,NO,YES,INACTIVE,NONE,23.43,NO,NO,NO,NO,17.59,17.17,0.0,0.0,0.0,109831.35,100.0,109831.35,-0.0,9.83
2025-11-24,1903,DEFENSIVE_BOTH,NO,YES,INACTIVE,NONE,20.52,NO,NO,NO,YES,18.79,17.75,0.0,0.0,0.0,109831.35,100.0,109831.35,-0.0,9.83
2025-11-25,1904,DEFENSIVE_BOTH,NO,YES,INACTIVE,NONE,18.56,NO,NO,YES,YES,19.29,18.69,0.0,0.0,0.0,109831.35,100.0,109831.35,-0.0,9.83
2025-11-26,1905,DEFENSIVE_BOTH,NO,YES,INACTIVE,NONE,17.19,NO,NO,YES,YES,19.82,19.38,0.0,0.0,0.0,109831.35,100.0,109831.35,-0.0,9.83
2025-11-28,1906,BULL_100,NO,YES,INACTIVE,NONE,16.35,NO,NO,YES,YES,20.24,19.83,0.0,0.0,0.0,109831.35,100.0,109831.35,-0.0,9.83
2025-12-01,1907,BULL_100,NO,YES,INACTIVE,NONE,17.24,NO,NO,YES,NO,20.26,19.89,0.0,0.0,0.0,109831.35,100.0,109831.35,-0.0,9.83
2025-12-02,1908,BULL_100,NO,YES,INACTIVE,NONE,16.59,NO,NO,YES,NO,20.51,20.32,0.0,0.0,0.0,109831.35,100.0,109831.35,-0.0,9.83
2025-12-03,1909,BULL_100,NO,YES,INACTIVE,NONE,16.08,NO,NO,YES,YES,20.69,20.54,0.0,0.0,0.0,109831.35,100.0,109831.35,-0.0,9.83
2025-12-04,1910,BULL_100,NO,YES,INACTIVE,NONE,15.78,NO,NO,YES,YES,20.9,20.74,0.0,0.0,0.0,109831.35,100.0,109831.35,-0.0,9.83
2025-12-05,1911,BULL_100,NO,YES,INACTIVE,NONE,15.41,NO,NO,YES,YES,21.1,20.99,0.0,0.0,0.0,109831.35,100.0,109831.35,-0.0,9.83
2025-12-08,1912,BULL_100,NO,YES,INACTIVE,NONE,16.66,NO,NO,YES,NO,20.86,21.08,0.0,0.0,0.0,109831.35,100.0,109831.35,-0.0,9.83
2025-12-09,1913,BULL_100,NO,YES,INACTIVE,NONE,16.93,NO,NO,YES,NO,20.79,20.8,0.0,0.0,0.0,109831.35,100.0,109831.35,-0.0,9.83
2025-12-10,1914,BULL_100,NO,YES,INACTIVE,NONE,15.77,NO,NO,YES,NO,21.43,20.79,0.0,0.0,0.0,109831.35,100.0,109831.35,-0.0,9.83
2025-12-11,1915,BULL_100,NO,YES,INACTIVE,NONE,14.85,NO,NO,YES,YES,22.07,21.26,0.0,0.0,0.0,109831.35,100.0,109831.35,-0.0,9.83
2025-12-12,1916,BULL_100,NO,YES,INACTIVE,NONE,15.74,NO,NO,YES,NO,21.86,22.0,0.0,0.0,0.0,109831.35,100.0,109831.35,-0.0,9.83
2025-12-15,1917,BULL_100,NO,YES,INACTIVE,NONE,16.5,NO,NO,YES,NO,21.84,21.86,0.0,0.0,0.0,109831.35,100.0,109831.35,-0.0,9.83
2025-12-16,1918,DEFENSIVE_QQQ,NO,YES,INACTIVE,NONE,16.48,NO,NO,YES,NO,21.85,21.62,0.0,0.0,0.0,109831.35,100.0,109831.35,-0.0,9.83
2025-12-17,1919,DEFENSIVE_QQQ,NO,YES,INACTIVE,NONE,17.62,NO,NO,YES,NO,21.74,22.0,0.0,0.0,0.0,109831.35,100.0,109831.35,-0.0,9.83
2025-12-18,1920,DEFENSIVE_QQQ,NO,YES,INACTIVE,NONE,16.87,NO,NO,YES,NO,22.27,21.88,0.0,0.0,0.0,109831.35,100.0,109831.35,-0.0,9.83
2025-12-19,1921,DEFENSIVE_QQQ,NO,YES,INACTIVE,NONE,14.91,NO,NO,YES,YES,23.23,22.5,0.0,0.0,0.0,109831.35,100.0,109831.35,-0.0,9.83
2025-12-22,1922,DEFENSIVE_QQQ,NO,YES,INACTIVE,NONE,14.08,NO,NO,YES,YES,23.78,23.46,0.0,0.0,0.0,109831.35,100.0,109831.35,-0.0,9.83
2025-12-23,1923,BULL_100,NO,YES,INACTIVE,NONE,14.0,NO,NO,YES,YES,23.8,23.77,0.0,0.0,0.0,109831.35,100.0,109831.35,-0.0,9.83
2025-12-24,1924,BULL_100,NO,YES,INACTIVE,NONE,13.47,NO,NO,YES,YES,23.83,23.87,0.0,0.0,0.0,109831.35,100.0,109831.35,-0.0,9.83
2025-12-26,1925,BULL_100,NO,YES,INACTIVE,NONE,13.6,NO,NO,YES,NO,23.86,23.92,0.0,0.0,0.0,109831.35,100.0,109831.35,-0.0,9.83
2025-12-29,1926,BULL_100,NO,YES,INACTIVE,NONE,14.2,NO,NO,YES,NO,24.16,23.76,0.0,0.0,0.0,109831.35,100.0,109831.35,-0.0,9.83
2025-12-30,1927,BULL_100,NO,YES,INACTIVE,NONE,14.33,NO,NO,YES,NO,24.44,24.24,0.0,0.0,0.0,109831.35,100.0,109831.35,-0.0,9.83
