date,day_number,state,state_changed_today,pending_signal_for_tomorrow,spy_close,upro_open,upro_close,upro_daily_return_pct,vix,vix_threshold,vix_above_threshold,spy_sma200,spy_vs_sma200,spy_minus_sma200,kill_switch_active,kill_reason,spy_sma50,spy_vs_sma50,spy_minus_sma50,days_below_sma50,days_above_sma50,defensive_trigger,spy_rsi_14,rsi_sell_threshold,rsi_rebuy_threshold,rsi_zone,shares_held,cash_held,upro_position_value,portfolio_value,upro_allocation_pct,cash_allocation_pct,daily_pnl,cumulative_return_pct
2019-02-14,1,CASH,NO,NONE,274.1,22.88,22.5,-1.66,16.22,30.0,NO,274.12,BELOW,-0.02,YES,SPY<200SMA,261.11,ABOVE,12.99,0,20,"NO (need 2d, have 0d)",64.8,75.0,60.0,NEUTRAL (60-75),0.0,100000.0,0.0,100000.0,0.0,100.0,0.0,0.0
2019-02-15,2,CASH,NO,"RE-ENTRY: SPY>274(200), VIX=14.9<30, SPY>261(50)",277.86,22.465,23.395,4.14,14.91,30.0,NO,274.18,ABOVE,3.68,NO,N/A,261.09,ABOVE,16.77,0,21,"NO (need 2d, have 0d)",69.62,75.0,60.0,NEUTRAL (60-75),0.0,100000.0,0.0,100000.0,0.0,100.0,0.0,0.0
2019-02-19,3,BULL_100,YES,NONE,277.66,23.235,23.32,0.37,14.88,30.0,NO,274.26,ABOVE,3.4,NO,N/A,261.23,ABOVE,16.43,0,22,"NO (need 2d, have 0d)",69.08,75.0,60.0,NEUTRAL (60-75),4260.8134,949.5,99362.17,100311.67,99.1,0.9,311.67,0.31
2019-02-20,4,BULL_100,NO,NONE,278.47,23.34,23.535,0.84,14.02,30.0,NO,274.34,ABOVE,4.13,NO,N/A,261.4,ABOVE,17.07,0,23,"NO (need 2d, have 0d)",70.1,75.0,60.0,NEUTRAL (60-75),4260.8134,949.5,100278.24,101227.74,99.1,0.9,916.07,1.23
2019-02-21,5,BULL_100,NO,NONE,277.37,23.64,23.26,-1.61,14.46,30.0,NO,274.39,ABOVE,2.98,NO,N/A,261.68,ABOVE,15.69,0,24,"NO (need 2d, have 0d)",66.88,75.0,60.0,NEUTRAL (60-75),4260.8134,949.5,99106.52,100056.02,99.1,0.9,-1171.72,0.06
2019-02-22,6,BULL_100,NO,NONE,279.33,23.45,23.73,1.19,13.51,30.0,NO,274.45,ABOVE,4.88,NO,N/A,261.99,ABOVE,17.34,0,25,"NO (need 2d, have 0d)",69.56,75.0,60.0,NEUTRAL (60-75),4260.8134,949.5,101109.1,102058.6,99.1,0.9,2002.58,2.06
2019-02-25,7,BULL_100,NO,NONE,279.35,23.87,23.71,-0.67,14.85,30.0,NO,274.52,ABOVE,4.83,NO,N/A,262.29,ABOVE,17.06,0,26,"NO (need 2d, have 0d)",69.59,75.0,60.0,NEUTRAL (60-75),4260.8134,949.5,101023.89,101973.39,99.1,0.9,-85.21,1.97
2019-02-26,8,BULL_100,NO,NONE,278.77,23.625,23.62,-0.02,15.17,30.0,NO,274.56,ABOVE,4.21,NO,N/A,262.54,ABOVE,16.23,0,27,"NO (need 2d, have 0d)",67.71,75.0,60.0,NEUTRAL (60-75),4260.8134,949.5,100640.41,101589.91,99.1,0.9,-383.48,1.59
2019-02-27,9,BULL_100,NO,NONE,279.4,23.45,23.775,1.39,14.7,30.0,NO,274.6,ABOVE,4.8,NO,N/A,262.83,ABOVE,16.57,0,28,"NO (need 2d, have 0d)",68.7,75.0,60.0,NEUTRAL (60-75),4260.8134,949.5,101300.84,102250.34,99.1,0.9,660.43,2.25
2019-02-28,10,BULL_100,NO,NONE,278.59,23.55,23.505,-0.19,14.78,30.0,NO,274.63,ABOVE,3.96,NO,N/A,263.2,ABOVE,15.39,0,29,"NO (need 2d, have 0d)",65.91,75.0,60.0,NEUTRAL (60-75),4260.8134,949.5,100150.42,101099.92,99.1,0.9,-1150.42,1.1
2019-03-01,11,BULL_100,NO,NONE,280.75,23.92,24.065,0.61,13.57,30.0,NO,274.67,ABOVE,6.08,NO,N/A,263.69,ABOVE,17.06,0,30,"NO (need 2d, have 0d)",69.47,75.0,60.0,NEUTRAL (60-75),4260.8134,949.5,102536.48,103485.98,99.1,0.9,2386.06,3.49
2019-03-04,12,BULL_100,NO,NONE,279.09,24.15,23.665,-2.01,14.63,30.0,NO,274.71,ABOVE,4.38,NO,N/A,264.18,ABOVE,14.91,0,31,"NO (need 2d, have 0d)",63.94,75.0,60.0,NEUTRAL (60-75),4260.8134,949.5,100832.15,101781.65,99.1,0.9,-1704.33,1.78
2019-03-05,13,BULL_100,NO,NONE,278.75,23.86,23.525,-1.4,14.74,30.0,NO,274.74,ABOVE,4.01,NO,N/A,264.73,ABOVE,14.02,0,32,"NO (need 2d, have 0d)",62.84,75.0,60.0,NEUTRAL (60-75),4260.8134,949.5,100235.64,101185.14,99.1,0.9,-596.51,1.19
2019-03-06,14,BULL_100,NO,NONE,276.94,23.62,23.1,-2.2,15.74,30.0,NO,274.77,ABOVE,2.17,NO,N/A,265.29,ABOVE,11.65,0,33,"NO (need 2d, have 0d)",57.18,75.0,60.0,COOL (<60),4260.8134,949.5,98424.79,99374.29,99.0,1.0,-1810.85,-0.63
2019-03-07,15,BULL_100,NO,NONE,275.25,22.99,22.655,-1.46,16.59,30.0,NO,274.79,ABOVE,0.46,NO,N/A,265.99,ABOVE,9.26,0,34,"NO (need 2d, have 0d)",52.44,75.0,60.0,COOL (<60),4260.8134,949.5,96528.73,97478.23,99.0,1.0,-1896.06,-2.52
2019-03-08,16,BULL_100,NO,NONE,274.96,22.425,22.575,0.67,16.05,30.0,NO,274.79,ABOVE,0.17,NO,N/A,266.83,ABOVE,8.13,0,35,"NO (need 2d, have 0d)",51.64,75.0,60.0,COOL (<60),4260.8134,949.5,96187.86,97137.36,99.0,1.0,-340.87,-2.86
2019-03-11,17,BULL_100,NO,NONE,279.37,22.575,23.675,4.87,14.33,30.0,NO,274.83,ABOVE,4.54,NO,N/A,267.5,ABOVE,11.87,0,36,"NO (need 2d, have 0d)",61.23,75.0,60.0,NEUTRAL (60-75),4260.8134,949.5,100874.76,101824.26,99.1,0.9,4686.9,1.82
2019-03-12,18,BULL_100,NO,NONE,279.26,23.575,23.585,0.04,13.77,30.0,NO,274.86,ABOVE,4.4,NO,N/A,268.14,ABOVE,11.12,0,37,"NO (need 2d, have 0d)",60.91,75.0,60.0,NEUTRAL (60-75),4260.8134,949.5,100491.28,101440.78,99.1,0.9,-383.48,1.44
2019-03-13,19,BULL_100,NO,NONE,281.73,23.645,24.24,2.52,13.41,30.0,NO,274.9,ABOVE,6.83,NO,N/A,268.82,ABOVE,12.91,0,38,"NO (need 2d, have 0d)",65.35,75.0,60.0,NEUTRAL (60-75),4260.8134,949.5,103282.12,104231.62,99.1,0.9,2790.84,4.23
2019-03-14,20,BULL_100,NO,NONE,281.23,24.335,24.11,-0.92,13.5,30.0,NO,274.95,ABOVE,6.28,NO,N/A,269.45,ABOVE,11.78,0,39,"NO (need 2d, have 0d)",63.77,75.0,60.0,NEUTRAL (60-75),4260.8134,949.5,102728.21,103677.71,99.1,0.9,-553.91,3.68
2019-03-15,21,BULL_100,NO,NONE,281.11,24.3,24.45,0.62,12.88,30.0,NO,275.01,ABOVE,6.1,NO,N/A,270.14,ABOVE,10.97,0,40,"NO (need 2d, have 0d)",63.37,75.0,60.0,NEUTRAL (60-75),4260.8134,949.5,104176.89,105126.39,99.1,0.9,1448.68,5.13
2019-03-18,22,BULL_100,NO,NONE,282.68,24.525,24.795,1.1,13.1,30.0,NO,275.06,ABOVE,7.62,NO,N/A,270.9,ABOVE,11.78,0,41,"NO (need 2d, have 0d)",66.32,75.0,60.0,NEUTRAL (60-75),4260.8134,949.5,105646.87,106596.37,99.1,0.9,1469.98,6.6
2019-03-19,23,BULL_100,NO,NONE,282.01,24.88,24.64,-0.96,13.56,30.0,NO,275.11,ABOVE,6.9,NO,N/A,271.49,ABOVE,10.52,0,42,"NO (need 2d, have 0d)",63.96,75.0,60.0,NEUTRAL (60-75),4260.8134,949.5,104986.44,105935.94,99.1,0.9,-660.43,5.94
2019-03-20,24,BULL_100,NO,NONE,281.4,24.695,24.445,-1.01,13.91,30.0,NO,275.15,ABOVE,6.25,NO,N/A,272.03,ABOVE,9.37,0,43,"NO (need 2d, have 0d)",61.8,75.0,60.0,NEUTRAL (60-75),4260.8134,949.5,104155.58,105105.08,99.1,0.9,-830.86,5.11
2019-03-21,25,BULL_100,NO,NONE,284.77,24.27,25.25,4.04,13.63,30.0,NO,275.2,ABOVE,9.57,NO,N/A,272.59,ABOVE,12.18,0,44,"NO (need 2d, have 0d)",68.19,75.0,60.0,NEUTRAL (60-75),4260.8134,949.5,107585.54,108535.04,99.1,0.9,3429.96,8.54
2019-03-22,26,BULL_100,NO,NONE,279.24,24.925,23.75,-4.71,16.48,30.0,NO,275.22,ABOVE,4.02,NO,N/A,273.03,ABOVE,6.21,0,45,"NO (need 2d, have 0d)",52.63,75.0,60.0,COOL (<60),4260.8134,949.5,101194.32,102143.82,99.1,0.9,-6391.22,2.14
2019-03-25,27,BULL_100,NO,NONE,279.69,23.67,23.9,0.97,16.33,30.0,NO,275.23,ABOVE,4.46,NO,N/A,273.46,ABOVE,6.23,0,46,"NO (need 2d, have 0d)",53.56,75.0,60.0,COOL (<60),4260.8134,949.5,101833.44,102782.94,99.1,0.9,639.12,2.78
2019-03-26,28,BULL_100,NO,NONE,280.97,23.985,24.21,0.94,14.68,30.0,NO,275.25,ABOVE,5.72,NO,N/A,273.9,ABOVE,7.07,0,47,"NO (need 2d, have 0d)",56.19,75.0,60.0,COOL (<60),4260.8134,949.5,103154.29,104103.79,99.1,0.9,1320.85,4.1
2019-03-27,29,BULL_100,NO,NONE,279.39,24.11,23.795,-1.31,15.15,30.0,NO,275.25,ABOVE,4.14,NO,N/A,274.34,ABOVE,5.05,0,48,"NO (need 2d, have 0d)",52.25,75.0,60.0,COOL (<60),4260.8134,949.5,101386.06,102335.56,99.1,0.9,-1768.23,2.34
2019-03-28,30,BULL_100,NO,NONE,281.44,23.865,24.36,2.07,14.43,30.0,NO,275.27,ABOVE,6.17,NO,N/A,274.76,ABOVE,6.68,0,49,"NO (need 2d, have 0d)",56.51,75.0,60.0,COOL (<60),4260.8134,949.5,103793.42,104742.92,99.1,0.9,2407.36,4.74
2019-03-29,31,BULL_100,NO,NONE,282.58,24.36,24.64,1.15,13.71,30.0,NO,275.28,ABOVE,7.3,NO,N/A,275.2,ABOVE,7.38,0,50,"NO (need 2d, have 0d)",58.71,75.0,60.0,COOL (<60),4260.8134,949.5,104986.44,105935.94,99.1,0.9,1193.02,5.94
2019-04-01,32,BULL_100,NO,NONE,285.97,25.155,25.505,1.39,13.4,30.0,NO,275.32,ABOVE,10.65,NO,N/A,275.66,ABOVE,10.31,0,51,"NO (need 2d, have 0d)",64.48,75.0,60.0,NEUTRAL (60-75),4260.8134,949.5,108672.05,109621.55,99.1,0.9,3685.61,9.62
2019-04-02,33,BULL_100,NO,NONE,285.53,25.36,25.395,0.14,13.36,30.0,NO,275.36,ABOVE,10.17,NO,N/A,276.04,ABOVE,9.49,0,52,"NO (need 2d, have 0d)",63.24,75.0,60.0,NEUTRAL (60-75),4260.8134,949.5,108203.36,109152.86,99.1,0.9,-468.69,9.15
2019-04-03,34,BULL_100,NO,NONE,286.7,25.8,25.675,-0.48,13.74,30.0,NO,275.41,ABOVE,11.29,NO,N/A,276.53,ABOVE,10.17,0,53,"NO (need 2d, have 0d)",65.15,75.0,60.0,NEUTRAL (60-75),4260.8134,949.5,109396.38,110345.88,99.1,0.9,1193.02,10.35
2019-04-04,35,BULL_100,NO,NONE,287.04,25.6,25.775,0.68,13.58,30.0,NO,275.47,ABOVE,11.57,NO,N/A,277.02,ABOVE,10.02,0,54,"NO (need 2d, have 0d)",65.71,75.0,60.0,NEUTRAL (60-75),4260.8134,949.5,109822.47,110771.97,99.1,0.9,426.09,10.77
2019-04-05,36,BULL_100,NO,NONE,288.86,25.9,26.215,1.22,12.82,30.0,NO,275.53,ABOVE,13.33,NO,N/A,277.53,ABOVE,11.33,0,55,"NO (need 2d, have 0d)",68.61,75.0,60.0,NEUTRAL (60-75),4260.8134,949.5,111697.22,112646.72,99.2,0.8,1874.75,12.65
2019-04-08,37,BULL_100,NO,NONE,288.74,26.06,26.2,0.54,13.18,30.0,NO,275.59,ABOVE,13.15,NO,N/A,277.98,ABOVE,10.76,0,56,"NO (need 2d, have 0d)",68.2,75.0,60.0,NEUTRAL (60-75),4260.8134,949.5,111633.31,112582.81,99.2,0.8,-63.91,12.58
2019-04-09,38,BULL_100,NO,NONE,287.1,26.165,25.78,-1.47,14.28,30.0,NO,275.66,ABOVE,11.44,NO,N/A,278.46,ABOVE,8.64,0,57,"NO (need 2d, have 0d)",62.7,75.0,60.0,NEUTRAL (60-75),4260.8134,949.5,109843.77,110793.27,99.1,0.9,-1789.54,10.79
2019-04-10,39,BULL_100,NO,NONE,288.7,25.96,26.2,0.92,13.3,30.0,NO,275.73,ABOVE,12.97,NO,N/A,278.95,ABOVE,9.75,0,58,"NO (need 2d, have 0d)",65.61,75.0,60.0,NEUTRAL (60-75),4260.8134,949.5,111633.31,112582.81,99.2,0.8,1789.54,12.58
2019-04-11,40,BULL_100,NO,NONE,288.41,26.045,26.1,0.21,13.02,30.0,NO,275.82,ABOVE,12.59,NO,N/A,279.35,ABOVE,9.06,0,59,"NO (need 2d, have 0d)",64.63,75.0,60.0,NEUTRAL (60-75),4260.8134,949.5,111207.23,112156.73,99.2,0.8,-426.08,12.16
2019-04-12,41,BULL_100,NO,NONE,290.22,26.25,26.605,1.35,12.01,30.0,NO,275.91,ABOVE,14.31,NO,N/A,279.76,ABOVE,10.46,0,60,"NO (need 2d, have 0d)",67.87,75.0,60.0,NEUTRAL (60-75),4260.8134,949.5,113358.94,114308.44,99.2,0.8,2151.71,14.31
2019-04-15,42,BULL_100,NO,NONE,290.02,26.525,26.55,0.09,12.32,30.0,NO,276.01,ABOVE,14.01,NO,N/A,280.15,ABOVE,9.87,0,61,"NO (need 2d, have 0d)",67.14,75.0,60.0,NEUTRAL (60-75),4260.8134,949.5,113124.6,114074.1,99.2,0.8,-234.34,14.07
2019-04-16,43,BULL_100,NO,NONE,290.02,26.75,26.565,-0.69,12.18,30.0,NO,276.1,ABOVE,13.92,NO,N/A,280.52,ABOVE,9.5,0,62,"NO (need 2d, have 0d)",67.14,75.0,60.0,NEUTRAL (60-75),4260.8134,949.5,113188.51,114138.01,99.2,0.8,63.91,14.14
2019-04-17,44,BULL_100,NO,NONE,289.42,26.705,26.315,-1.46,12.6,30.0,NO,276.19,ABOVE,13.23,NO,N/A,280.85,ABOVE,8.57,0,63,"NO (need 2d, have 0d)",64.71,75.0,60.0,NEUTRAL (60-75),4260.8134,949.5,112123.31,113072.81,99.2,0.8,-1065.2,13.07
2019-04-18,45,BULL_100,NO,NONE,290.11,26.065,26.55,1.86,12.09,30.0,NO,276.29,ABOVE,13.82,NO,N/A,281.2,ABOVE,8.91,0,64,"NO (need 2d, have 0d)",66.22,75.0,60.0,NEUTRAL (60-75),4260.8134,949.5,113124.6,114074.1,99.2,0.8,1001.29,14.07
2019-04-22,46,BULL_100,NO,NONE,290.38,26.34,26.605,1.01,12.42,30.0,NO,276.39,ABOVE,13.99,NO,N/A,281.62,ABOVE,8.76,0,65,"NO (need 2d, have 0d)",66.82,75.0,60.0,NEUTRAL (60-75),4260.8134,949.5,113358.94,114308.44,99.2,0.8,234.34,14.31
2019-04-23,47,BULL_100,NO,NONE,293.12,26.575,27.3,2.73,12.28,30.0,NO,276.49,ABOVE,16.63,NO,N/A,282.08,ABOVE,11.04,0,66,"NO (need 2d, have 0d)",72.21,75.0,60.0,NEUTRAL (60-75),4260.8134,949.5,116320.21,117269.71,99.2,0.8,2961.27,17.27
2019-04-24,48,BULL_100,NO,NONE,292.45,27.335,27.125,-0.77,13.14,30.0,NO,276.57,ABOVE,15.88,NO,N/A,282.51,ABOVE,9.94,0,67,"NO (need 2d, have 0d)",69.25,75.0,60.0,NEUTRAL (60-75),4260.8134,949.5,115574.56,116524.06,99.2,0.8,-745.65,16.52
2019-04-25,49,BULL_100,NO,NONE,291.59,27.125,26.925,-0.74,13.25,30.0,NO,276.64,ABOVE,14.95,NO,N/A,282.85,ABOVE,8.74,0,68,"NO (need 2d, have 0d)",65.53,75.0,60.0,NEUTRAL (60-75),4260.8134,949.5,114722.4,115671.9,99.2,0.8,-852.16,15.67
2019-04-26,50,BULL_100,NO,NONE,293.3,26.905,27.395,1.82,12.73,30.0,NO,276.72,ABOVE,16.58,NO,N/A,283.22,ABOVE,10.08,0,69,"NO (need 2d, have 0d)",69.09,75.0,60.0,NEUTRAL (60-75),4260.8134,949.5,116724.98,117674.48,99.2,0.8,2002.58,17.67
2019-04-29,51,BULL_100,NO,NONE,293.41,27.47,27.4,-0.25,13.11,30.0,NO,276.8,ABOVE,16.61,NO,N/A,283.61,ABOVE,9.8,0,70,"NO (need 2d, have 0d)",69.31,75.0,60.0,NEUTRAL (60-75),4260.8134,949.5,116746.29,117695.79,99.2,0.8,21.31,17.7
2019-04-30,52,BULL_100,NO,NONE,294.78,27.445,27.74,1.07,13.12,30.0,NO,276.88,ABOVE,17.9,NO,N/A,283.95,ABOVE,10.83,0,71,"NO (need 2d, have 0d)",71.97,75.0,60.0,NEUTRAL (60-75),4260.8134,949.5,118194.96,119144.46,99.2,0.8,1448.67,19.14
2019-05-01,53,BULL_100,NO,NONE,291.42,27.89,26.84,-3.76,14.8,30.0,NO,276.94,ABOVE,14.48,NO,N/A,284.22,ABOVE,7.2,0,72,"NO (need 2d, have 0d)",58.54,75.0,60.0,COOL (<60),4260.8134,949.5,114360.23,115309.73,99.2,0.8,-3834.73,15.31
2019-05-02,54,BULL_100,NO,NONE,291.37,27.085,26.8,-1.05,14.42,30.0,NO,277.0,ABOVE,14.37,NO,N/A,284.48,ABOVE,6.89,0,73,"NO (need 2d, have 0d)",58.37,75.0,60.0,COOL (<60),4260.8134,949.5,114189.8,115139.3,99.2,0.8,-170.43,15.14
2019-05-03,55,BULL_100,NO,NONE,294.32,26.99,27.535,2.02,12.87,30.0,NO,277.07,ABOVE,17.25,NO,N/A,284.82,ABOVE,9.5,0,74,"NO (need 2d, have 0d)",65.0,75.0,60.0,NEUTRAL (60-75),4260.8134,949.5,117321.5,118271.0,99.2,0.8,3131.7,18.27
2019-05-06,56,BULL_100,NO,NONE,291.28,26.21,26.76,2.1,15.44,30.0,NO,277.12,ABOVE,14.16,NO,N/A,285.06,ABOVE,6.22,0,75,"NO (need 2d, have 0d)",55.23,75.0,60.0,COOL (<60),4260.8134,949.5,114019.37,114968.87,99.2,0.8,-3302.13,14.97
2019-05-07,57,BULL_100,NO,NONE,287.97,26.87,25.885,-3.67,19.32,30.0,NO,277.16,ABOVE,10.81,NO,N/A,285.23,ABOVE,2.74,0,76,"NO (need 2d, have 0d)",46.96,75.0,60.0,COOL (<60),4260.8134,949.5,110291.16,111240.66,99.1,0.9,-3728.21,11.24
2019-05-08,58,BULL_100,NO,NONE,287.73,25.97,25.77,-0.77,19.4,30.0,NO,277.2,ABOVE,10.53,NO,N/A,285.41,ABOVE,2.32,0,77,"NO (need 2d, have 0d)",46.42,75.0,60.0,COOL (<60),4260.8134,949.5,109801.16,110750.66,99.1,0.9,-490.0,10.75
2019-05-09,59,BULL_100,NO,NONE,287.06,25.265,25.54,1.09,19.1,30.0,NO,277.23,ABOVE,9.83,NO,N/A,285.56,ABOVE,1.5,0,78,"NO (need 2d, have 0d)",44.86,75.0,60.0,COOL (<60),4260.8134,949.5,108821.17,109770.67,99.1,0.9,-979.99,9.77
2019-05-10,60,BULL_100,NO,NONE,288.49,25.21,25.87,2.62,16.04,30.0,NO,277.26,ABOVE,11.23,NO,N/A,285.76,ABOVE,2.73,0,79,"NO (need 2d, have 0d)",48.81,75.0,60.0,COOL (<60),4260.8134,949.5,110227.24,111176.74,99.1,0.9,1406.07,11.18
2019-05-13,61,BULL_100,NO,NONE,280.14,24.8,23.65,-4.64,20.55,30.0,NO,277.25,ABOVE,2.89,NO,N/A,285.75,BELOW,-5.61,1,0,"NO (need 2d, have 1d)",33.65,75.0,60.0,COOL (<60),4260.8134,949.5,100768.24,101717.74,99.1,0.9,-9459.0,1.72
2019-05-14,62,BULL_100,NO,DEFENSIVE: SPY below 50-SMA for 2d,283.8,24.065,24.645,2.41,18.06,30.0,NO,277.25,ABOVE,6.55,NO,N/A,285.84,BELOW,-2.04,2,0,YES,42.13,75.0,60.0,COOL (<60),4260.8134,949.5,105007.75,105957.25,99.1,0.9,4239.51,5.96
2019-05-15,63,DEFENSIVE,YES,NONE,284.97,24.565,24.9,1.36,16.44,30.0,NO,277.27,ABOVE,7.7,NO,N/A,285.97,BELOW,-1.0,3,0,YES,44.57,75.0,60.0,COOL (<60),2149.733,52781.26,53528.35,106309.61,50.4,49.6,352.36,6.31
2019-05-16,64,DEFENSIVE,NO,NONE,287.98,24.825,25.69,3.48,15.29,30.0,NO,277.31,ABOVE,10.67,NO,N/A,286.19,ABOVE,1.79,0,1,"NO (need 2d, have 0d)",50.37,75.0,60.0,COOL (<60),2149.733,52781.26,55226.64,108007.9,51.1,48.9,1698.29,8.01
2019-05-17,65,DEFENSIVE,NO,NONE,286.4,25.44,25.2,-0.94,15.96,30.0,NO,277.33,ABOVE,9.07,NO,N/A,286.41,BELOW,-0.01,1,0,"NO (need 2d, have 1d)",47.56,75.0,60.0,COOL (<60),2149.733,52781.26,54173.27,106954.53,50.7,49.3,-1053.37,6.95
2019-05-20,66,DEFENSIVE,NO,NONE,284.76,25.04,24.76,-1.12,16.31,30.0,NO,277.35,ABOVE,7.41,NO,N/A,286.61,BELOW,-1.85,2,0,YES,44.77,75.0,60.0,COOL (<60),2149.733,52781.26,53227.39,106008.65,50.2,49.8,-945.88,6.01
2019-05-21,67,DEFENSIVE,NO,NONE,286.59,24.85,25.3,1.81,14.95,30.0,NO,277.37,ABOVE,9.22,NO,N/A,286.75,BELOW,-0.16,3,0,YES,48.41,75.0,60.0,COOL (<60),2149.733,52781.26,54388.24,107169.51,50.7,49.3,1160.86,7.17
2019-05-22,68,DEFENSIVE,NO,NONE,285.35,25.285,25.07,-0.85,14.75,30.0,NO,277.38,ABOVE,7.97,NO,N/A,286.87,BELOW,-1.52,4,0,YES,46.19,75.0,60.0,COOL (<60),2149.733,52781.26,53893.81,106675.07,50.5,49.5,-494.44,6.68
2019-05-23,69,DEFENSIVE,NO,NONE,282.35,24.61,24.07,-2.19,16.92,30.0,NO,277.37,ABOVE,4.98,NO,N/A,286.89,BELOW,-4.54,5,0,YES,41.25,75.0,60.0,COOL (<60),2149.733,52781.26,51744.07,104525.33,49.5,50.5,-2149.74,4.53
2019-05-24,70,DEFENSIVE,NO,NONE,282.98,24.48,24.35,-0.53,15.85,30.0,NO,277.36,ABOVE,5.62,NO,N/A,286.92,BELOW,-3.94,6,0,YES,42.64,75.0,60.0,COOL (<60),2149.733,52781.26,52346.0,105127.26,49.8,50.2,601.93,5.13
2019-05-28,71,DEFENSIVE,NO,NONE,280.51,24.255,23.675,-2.39,17.5,30.0,NO,277.33,ABOVE,3.18,NO,N/A,286.91,BELOW,-6.4,7,0,YES,38.78,75.0,60.0,COOL (<60),2149.733,52781.26,50894.93,103676.19,49.1,50.9,-1451.07,3.68
2019-05-29,72,DEFENSIVE,NO,NONE,278.24,23.25,23.11,-0.6,17.9,30.0,NO,277.3,ABOVE,0.94,NO,N/A,286.82,BELOW,-8.58,8,0,YES,35.58,75.0,60.0,COOL (<60),2149.733,52781.26,49680.33,102461.59,48.5,51.5,-1214.6,2.46
2019-05-30,73,DEFENSIVE,NO,"KILL: VIX=17.3, SPY=276.72 vs 200SMA=277.27",276.72,23.285,22.7,-2.51,17.3,30.0,NO,277.27,BELOW,-0.55,YES,SPY<200SMA,286.72,BELOW,-10.0,9,0,YES,33.59,75.0,60.0,COOL (<60),2149.733,52781.26,48798.94,101580.2,48.0,52.0,-881.39,1.58
2019-05-31,74,CASH,YES,NONE,275.29,22.54,22.41,-0.58,18.71,30.0,NO,277.23,BELOW,-1.94,YES,SPY<200SMA,286.59,BELOW,-11.3,10,0,YES,31.79,75.0,60.0,COOL (<60),0.0,101138.33,0.0,101138.33,0.0,100.0,-441.87,1.14
2019-06-03,75,CASH,NO,NONE,275.33,22.015,22.4,1.75,18.86,30.0,NO,277.19,BELOW,-1.86,YES,SPY<200SMA,286.4,BELOW,-11.07,11,0,YES,31.9,75.0,60.0,COOL (<60),0.0,101138.33,0.0,101138.33,0.0,100.0,0.0,1.14
2019-06-04,76,CASH,NO,NONE,281.35,22.435,23.775,5.97,16.97,30.0,NO,277.18,ABOVE,4.17,NO,N/A,286.45,BELOW,-5.1,12,0,YES,46.03,75.0,60.0,COOL (<60),0.0,101138.33,0.0,101138.33,0.0,100.0,0.0,1.14
2019-06-05,77,CASH,NO,NONE,282.39,23.86,23.875,0.06,16.09,30.0,NO,277.18,ABOVE,5.21,NO,N/A,286.5,BELOW,-4.11,13,0,YES,48.03,75.0,60.0,COOL (<60),0.0,101138.33,0.0,101138.33,0.0,100.0,0.0,1.14
2019-06-06,78,CASH,NO,NONE,284.71,24.39,24.625,0.96,15.93,30.0,NO,277.17,ABOVE,7.54,NO,N/A,286.58,BELOW,-1.87,14,0,YES,52.29,75.0,60.0,COOL (<60),0.0,101138.33,0.0,101138.33,0.0,100.0,0.0,1.14
2019-06-07,79,CASH,NO,"RE-ENTRY: SPY>277(200), VIX=16.3<30, SPY>287(50)",288.04,24.85,25.455,2.43,16.3,30.0,NO,277.19,ABOVE,10.85,NO,N/A,286.75,ABOVE,1.29,0,1,"NO (need 2d, have 0d)",57.66,75.0,60.0,COOL (<60),0.0,101138.33,0.0,101138.33,0.0,100.0,0.0,1.14
2019-06-10,80,BULL_100,YES,NONE,288.89,25.7,25.775,0.29,15.94,30.0,NO,277.21,ABOVE,11.68,NO,N/A,286.9,ABOVE,1.99,0,2,"NO (need 2d, have 0d)",58.92,75.0,60.0,COOL (<60),3895.9903,960.32,100419.15,101379.47,99.1,0.9,241.14,1.38
2019-06-11,81,BULL_100,NO,NONE,288.81,26.195,25.75,-1.7,15.99,30.0,NO,277.22,ABOVE,11.59,NO,N/A,287.02,ABOVE,1.79,0,3,"NO (need 2d, have 0d)",58.75,75.0,60.0,COOL (<60),3895.9903,960.32,100321.75,101282.07,99.1,0.9,-97.4,1.28
2019-06-12,82,BULL_100,NO,NONE,288.81,25.59,25.74,0.59,15.91,30.0,NO,277.24,ABOVE,11.57,NO,N/A,287.08,ABOVE,1.73,0,4,"NO (need 2d, have 0d)",58.75,75.0,60.0,COOL (<60),3895.9903,960.32,100282.79,101243.11,99.1,0.9,-38.96,1.24
2019-06-13,83,BULL_100,NO,NONE,289.46,25.855,25.87,0.06,15.82,30.0,NO,277.25,ABOVE,12.21,NO,N/A,287.16,ABOVE,2.3,0,5,"NO (need 2d, have 0d)",59.89,75.0,60.0,COOL (<60),3895.9903,960.32,100789.27,101749.59,99.1,0.9,506.48,1.75
2019-06-14,84,BULL_100,NO,NONE,289.31,25.765,25.815,0.19,15.28,30.0,NO,277.24,ABOVE,12.07,NO,N/A,287.21,ABOVE,2.1,0,6,"NO (need 2d, have 0d)",59.48,75.0,60.0,COOL (<60),3895.9903,960.32,100574.99,101535.31,99.1,0.9,-214.28,1.54
2019-06-17,85,BULL_100,NO,NONE,289.62,25.955,25.9,-0.21,15.35,30.0,NO,277.24,ABOVE,12.38,NO,N/A,287.26,ABOVE,2.36,0,7,"NO (need 2d, have 0d)",60.09,75.0,60.0,NEUTRAL (60-75),3895.9903,960.32,100906.15,101866.47,99.1,0.9,331.16,1.87
2019-06-18,86,BULL_100,NO,NONE,292.82,25.8,26.76,3.72,15.15,30.0,NO,277.25,ABOVE,15.57,NO,N/A,287.34,ABOVE,5.48,0,8,"NO (need 2d, have 0d)",65.8,75.0,60.0,NEUTRAL (60-75),3895.9903,960.32,104256.7,105217.02,99.1,0.9,3350.55,5.22
2019-06-19,87,BULL_100,NO,NONE,294.06,26.72,27.105,1.44,14.33,30.0,NO,277.27,ABOVE,16.79,NO,N/A,287.45,ABOVE,6.61,0,9,"NO (need 2d, have 0d)",67.73,75.0,60.0,NEUTRAL (60-75),3895.9903,960.32,105600.82,106561.14,99.1,0.9,1344.12,6.56
2019-06-20,88,BULL_100,NO,NONE,295.66,27.35,27.5,0.55,14.75,30.0,NO,277.29,ABOVE,18.37,NO,N/A,287.62,ABOVE,8.04,0,10,"NO (need 2d, have 0d)",70.07,75.0,60.0,NEUTRAL (60-75),3895.9903,960.32,107139.73,108100.05,99.1,0.9,1538.91,8.1
2019-06-21,89,BULL_100,NO,NONE,293.15,27.4,27.32,-0.29,15.4,30.0,NO,277.31,ABOVE,15.84,NO,N/A,287.71,ABOVE,5.44,0,11,"NO (need 2d, have 0d)",62.41,75.0,60.0,NEUTRAL (60-75),3895.9903,960.32,106438.45,107398.77,99.1,0.9,-701.28,7.4
2019-06-24,90,BULL_100,NO,NONE,293.81,27.535,27.4,-0.49,15.26,30.0,NO,277.33,ABOVE,16.48,NO,N/A,287.82,ABOVE,5.99,0,12,"NO (need 2d, have 0d)",63.54,75.0,60.0,NEUTRAL (60-75),3895.9903,960.32,106750.13,107710.45,99.1,0.9,311.68,7.71
2019-06-25,91,BULL_100,NO,NONE,290.62,27.195,26.44,-2.78,16.28,30.0,NO,277.35,ABOVE,13.27,NO,N/A,287.82,ABOVE,2.8,0,13,"NO (need 2d, have 0d)",54.96,75.0,60.0,COOL (<60),3895.9903,960.32,103009.98,103970.3,99.1,0.9,-3740.15,3.97
2019-06-26,92,BULL_100,NO,NONE,290.47,26.585,26.375,-0.79,16.21,30.0,NO,277.36,ABOVE,13.11,NO,N/A,287.83,ABOVE,2.64,0,14,"NO (need 2d, have 0d)",54.58,75.0,60.0,COOL (<60),3895.9903,960.32,102756.74,103717.06,99.1,0.9,-253.24,3.72
2019-06-27,93,BULL_100,NO,NONE,292.31,26.75,26.9,0.56,15.82,30.0,NO,277.38,ABOVE,14.93,NO,N/A,287.88,ABOVE,4.43,0,15,"NO (need 2d, have 0d)",58.32,75.0,60.0,COOL (<60),3895.9903,960.32,104802.14,105762.46,99.1,0.9,2045.4,5.76
2019-06-28,94,BULL_100,NO,NONE,294.5,26.93,27.295,1.36,15.08,30.0,NO,277.41,ABOVE,17.09,NO,N/A,287.98,ABOVE,6.52,0,16,"NO (need 2d, have 0d)",62.3,75.0,60.0,NEUTRAL (60-75),3895.9903,960.32,106341.05,107301.37,99.1,0.9,1538.91,7.3
2019-07-01,95,BULL_100,NO,NONE,295.22,27.975,27.69,-1.02,14.06,30.0,NO,277.44,ABOVE,17.78,NO,N/A,288.08,ABOVE,7.14,0,17,"NO (need 2d, have 0d)",63.54,75.0,60.0,NEUTRAL (60-75),3895.9903,960.32,107879.97,108840.29,99.1,0.9,1538.92,8.84
2019-07-02,96,BULL_100,NO,NONE,296.61,27.635,28.09,1.65,12.93,30.0,NO,277.47,ABOVE,19.14,NO,N/A,288.21,ABOVE,8.4,0,18,"NO (need 2d, have 0d)",65.86,75.0,60.0,NEUTRAL (60-75),3895.9903,960.32,109438.37,110398.69,99.1,0.9,1558.4,10.4
2019-07-03,97,BULL_100,NO,NONE,298.77,28.225,28.675,1.59,12.57,30.0,NO,277.51,ABOVE,21.26,NO,N/A,288.32,ABOVE,10.45,0,19,"NO (need 2d, have 0d)",69.15,75.0,60.0,NEUTRAL (60-75),3895.9903,960.32,111717.52,112677.84,99.1,0.9,2279.15,12.68
2019-07-05,98,BULL_100,NO,NONE,298.14,28.5,28.45,-0.18,13.28,30.0,NO,277.56,ABOVE,20.58,NO,N/A,288.43,ABOVE,9.71,0,20,"NO (need 2d, have 0d)",67.12,75.0,60.0,NEUTRAL (60-75),3895.9903,960.32,110840.92,111801.24,99.1,0.9,-876.6,11.8
2019-07-08,99,BULL_100,NO,NONE,296.48,28.25,27.975,-0.97,13.96,30.0,NO,277.58,ABOVE,18.9,NO,N/A,288.53,ABOVE,7.95,0,21,"NO (need 2d, have 0d)",61.96,75.0,60.0,NEUTRAL (60-75),3895.9903,960.32,108990.33,109950.65,99.1,0.9,-1850.59,9.95
2019-07-09,100,BULL_100,NO,NONE,297.1,27.685,28.16,1.72,14.09,30.0,NO,277.61,ABOVE,19.49,NO,N/A,288.61,ABOVE,8.49,0,22,"NO (need 2d, have 0d)",63.1,75.0,60.0,NEUTRAL (60-75),3895.9903,960.32,109711.09,110671.41,99.1,0.9,720.76,10.67
2019-07-10,101,BULL_100,NO,NONE,298.62,28.07,28.64,2.03,13.03,30.0,NO,277.63,ABOVE,20.99,NO,N/A,288.71,ABOVE,9.91,0,23,"NO (need 2d, have 0d)",65.81,75.0,60.0,NEUTRAL (60-75),3895.9903,960.32,111581.16,112541.48,99.1,0.9,1870.07,12.54
2019-07-11,102,BULL_100,NO,NONE,299.48,28.76,28.84,0.28,12.93,30.0,NO,277.67,ABOVE,21.81,NO,N/A,288.81,ABOVE,10.67,0,24,"NO (need 2d, have 0d)",67.27,75.0,60.0,NEUTRAL (60-75),3895.9903,960.32,112360.36,113320.68,99.2,0.8,779.2,13.32
2019-07-12,103,BULL_100,NO,NONE,300.37,29.0,29.175,0.6,12.39,30.0,NO,277.72,ABOVE,22.65,NO,N/A,288.98,ABOVE,11.39,0,25,"NO (need 2d, have 0d)",68.76,75.0,60.0,NEUTRAL (60-75),3895.9903,960.32,113665.52,114625.84,99.2,0.8,1305.16,14.63
2019-07-15,104,BULL_100,NO,NONE,300.94,29.24,29.25,0.03,12.68,30.0,NO,277.77,ABOVE,23.17,NO,N/A,289.18,ABOVE,11.76,0,26,"NO (need 2d, have 0d)",69.71,75.0,60.0,NEUTRAL (60-75),3895.9903,960.32,113957.72,114918.04,99.2,0.8,292.2,14.92
2019-07-16,105,BULL_100,NO,NONE,299.64,29.18,28.865,-1.08,12.86,30.0,NO,277.82,ABOVE,21.82,NO,N/A,289.28,ABOVE,10.36,0,27,"NO (need 2d, have 0d)",64.86,75.0,60.0,NEUTRAL (60-75),3895.9903,960.32,112457.76,113418.08,99.2,0.8,-1499.96,13.42
2019-07-17,106,BULL_100,NO,NONE,297.23,29.045,28.17,-3.01,13.97,30.0,NO,277.85,ABOVE,19.38,NO,N/A,289.4,ABOVE,7.83,0,28,"NO (need 2d, have 0d)",56.95,75.0,60.0,COOL (<60),3895.9903,960.32,109750.05,110710.37,99.1,0.9,-2707.71,10.71
2019-07-18,107,BULL_100,NO,NONE,299.16,28.2,28.64,1.56,13.53,30.0,NO,277.89,ABOVE,21.27,NO,N/A,289.62,ABOVE,9.54,0,29,"NO (need 2d, have 0d)",61.05,75.0,60.0,NEUTRAL (60-75),3895.9903,960.32,111581.16,112541.48,99.1,0.9,1831.11,12.54
2019-07-19,108,BULL_100,NO,NONE,296.33,28.795,27.925,-3.02,14.45,30.0,NO,277.91,ABOVE,18.42,NO,N/A,289.8,ABOVE,6.53,0,30,"NO (need 2d, have 0d)",53.07,75.0,60.0,COOL (<60),3895.9903,960.32,108795.53,109755.85,99.1,0.9,-2785.63,9.76
2019-07-22,109,BULL_100,NO,NONE,298.07,28.13,28.37,0.85,13.53,30.0,NO,277.95,ABOVE,20.12,NO,N/A,290.02,ABOVE,8.05,0,31,"NO (need 2d, have 0d)",56.81,75.0,60.0,COOL (<60),3895.9903,960.32,110529.24,111489.56,99.1,0.9,1733.71,11.49
2019-07-23,110,BULL_100,NO,NONE,299.77,28.545,28.805,0.91,12.61,30.0,NO,277.99,ABOVE,21.78,NO,N/A,290.24,ABOVE,9.53,0,32,"NO (need 2d, have 0d)",60.15,75.0,60.0,NEUTRAL (60-75),3895.9903,960.32,112224.0,113184.32,99.2,0.8,1694.76,13.18
2019-07-24,111,BULL_100,NO,NONE,301.33,28.625,29.295,2.34,12.07,30.0,NO,278.05,ABOVE,23.28,NO,N/A,290.67,ABOVE,10.66,0,33,"NO (need 2d, have 0d)",62.97,75.0,60.0,NEUTRAL (60-75),3895.9903,960.32,114133.03,115093.35,99.2,0.8,1909.03,15.09
2019-07-25,112,BULL_100,NO,NONE,300.17,29.295,28.935,-1.23,12.74,30.0,NO,278.11,ABOVE,22.06,NO,N/A,290.99,ABOVE,9.18,0,34,"NO (need 2d, have 0d)",59.59,75.0,60.0,COOL (<60),3895.9903,960.32,112730.48,113690.8,99.2,0.8,-1402.55,13.69
2019-07-26,113,BULL_100,NO,NONE,301.3,29.045,29.35,1.05,12.16,30.0,NO,278.17,ABOVE,23.13,NO,N/A,291.32,ABOVE,9.98,0,35,"NO (need 2d, have 0d)",61.75,75.0,60.0,NEUTRAL (60-75),3895.9903,960.32,114347.31,115307.63,99.2,0.8,1616.83,15.31
2019-07-29,114,BULL_100,NO,NONE,301.78,29.4,29.415,0.05,12.83,30.0,NO,278.24,ABOVE,23.54,NO,N/A,291.6,ABOVE,10.18,0,36,"NO (need 2d, have 0d)",62.66,75.0,60.0,NEUTRAL (60-75),3895.9903,960.32,114600.55,115560.87,99.2,0.8,253.24,15.56
2019-07-30,115,BULL_100,NO,NONE,300.96,29.2,29.14,-0.21,13.94,30.0,NO,278.36,ABOVE,22.6,NO,N/A,291.89,ABOVE,9.07,0,37,"NO (need 2d, have 0d)",60.02,75.0,60.0,NEUTRAL (60-75),3895.9903,960.32,113529.16,114489.48,99.2,0.8,-1071.39,14.49
2019-07-31,116,BULL_100,NO,NONE,296.8,29.21,27.925,-4.4,16.12,30.0,NO,278.47,ABOVE,18.33,NO,N/A,292.13,ABOVE,4.67,0,38,"NO (need 2d, have 0d)",48.82,75.0,60.0,COOL (<60),3895.9903,960.32,108795.53,109755.85,99.1,0.9,-4733.63,9.76
2019-08-01,117,BULL_100,NO,NONE,294.15,28.195,27.1,-3.88,17.87,30.0,NO,278.56,ABOVE,15.59,NO,N/A,292.28,ABOVE,1.87,0,39,"NO (need 2d, have 0d)",43.27,75.0,60.0,COOL (<60),3895.9903,960.32,105581.34,106541.66,99.1,0.9,-3214.19,6.54
2019-08-02,118,BULL_100,NO,NONE,292.9,26.95,26.81,-0.52,17.61,30.0,NO,278.65,ABOVE,14.25,NO,N/A,292.43,ABOVE,0.47,0,40,"NO (need 2d, have 0d)",40.91,75.0,60.0,COOL (<60),3895.9903,960.32,104451.5,105411.82,99.1,0.9,-1129.84,5.41
2019-08-05,119,BULL_100,NO,"KILL: VIX=24.6, SPY=277.94 vs 200SMA=278.64",277.94,25.825,22.8,-11.71,24.59,30.0,NO,278.64,BELOW,-0.7,YES,SPY<200SMA,292.34,BELOW,-14.4,1,0,"NO (need 2d, have 1d)",24.02,75.0,60.0,COOL (<60),3895.9903,960.32,88828.58,89788.9,98.9,1.1,-15622.92,-10.21
2019-08-06,120,CASH,YES,NONE,286.62,24.18,25.035,3.54,20.17,30.0,NO,278.67,ABOVE,7.95,NO,N/A,292.42,BELOW,-5.8,2,0,YES,39.6,75.0,60.0,COOL (<60),0.0,94975.95,0.0,94975.95,0.0,100.0,5187.05,-5.02
2019-08-07,121,CASH,NO,NONE,287.16,25.335,25.2,-0.53,19.49,30.0,NO,278.72,ABOVE,8.44,NO,N/A,292.55,BELOW,-5.39,3,0,YES,40.42,75.0,60.0,COOL (<60),0.0,94975.95,0.0,94975.95,0.0,100.0,0.0,-5.02
2019-08-08,122,CASH,NO,"RE-ENTRY: SPY>279(200), VIX=16.9<30, SPY>293(50)",293.12,25.555,26.725,4.58,16.91,30.0,NO,278.81,ABOVE,14.31,NO,N/A,292.85,ABOVE,0.27,0,1,"NO (need 2d, have 0d)",48.69,75.0,60.0,COOL (<60),0.0,94975.95,0.0,94975.95,0.0,100.0,0.0,-5.02
2019-08-09,123,BULL_100,YES,NONE,291.9,26.55,26.44,-0.41,17.97,30.0,NO,278.89,ABOVE,13.01,NO,N/A,293.15,BELOW,-1.25,1,0,"NO (need 2d, have 1d)",47.24,75.0,60.0,COOL (<60),3541.4763,901.75,93636.63,94538.38,99.0,1.0,-437.57,-5.46
2019-08-12,124,BULL_100,NO,DEFENSIVE: SPY below 50-SMA for 2d,288.39,26.285,25.425,-3.27,21.09,30.0,NO,278.97,ABOVE,9.42,NO,N/A,293.41,BELOW,-5.02,2,0,YES,43.26,75.0,60.0,COOL (<60),3541.4763,901.75,90042.03,90943.78,99.0,1.0,-3594.6,-9.06
2019-08-13,125,DEFENSIVE,YES,NONE,292.94,25.25,26.57,5.23,17.52,30.0,NO,279.1,ABOVE,13.84,NO,N/A,293.76,BELOW,-0.82,3,0,YES,49.23,75.0,60.0,COOL (<60),1788.5945,45138.88,47522.96,92661.84,51.3,48.7,1718.06,-7.34
2019-08-14,126,DEFENSIVE,NO,NONE,284.47,26.44,24.275,-8.19,22.1,30.0,NO,279.19,ABOVE,5.28,NO,N/A,293.83,BELOW,-9.36,4,0,YES,40.66,75.0,60.0,COOL (<60),1788.5945,45138.88,43418.13,88557.01,49.0,51.0,-4104.83,-11.44
2019-08-15,127,DEFENSIVE,NO,NONE,285.29,24.655,24.585,-0.28,21.18,30.0,NO,279.28,ABOVE,6.01,NO,N/A,293.88,BELOW,-8.59,5,0,YES,41.72,75.0,60.0,COOL (<60),1788.5945,45138.88,43972.6,89111.48,49.3,50.7,554.47,-10.89
2019-08-16,128,DEFENSIVE,NO,NONE,288.9,24.91,25.385,1.91,18.47,30.0,NO,279.41,ABOVE,9.49,NO,N/A,293.97,BELOW,-5.07,6,0,YES,46.26,75.0,60.0,COOL (<60),1788.5945,45138.88,45403.47,90542.35,50.1,49.9,1430.87,-9.46
2019-08-19,129,DEFENSIVE,NO,NONE,291.76,26.04,26.2,0.61,16.88,30.0,NO,279.53,ABOVE,12.23,NO,N/A,294.04,BELOW,-2.28,7,0,YES,49.61,75.0,60.0,COOL (<60),1788.5945,45138.88,46861.18,92000.06,50.9,49.1,1457.71,-8.0
2019-08-20,130,DEFENSIVE,NO,NONE,289.85,26.32,25.665,-2.49,17.5,30.0,NO,279.62,ABOVE,10.23,NO,N/A,294.06,BELOW,-4.21,8,0,YES,47.48,75.0,60.0,COOL (<60),1788.5945,45138.88,45904.28,91043.16,50.4,49.6,-956.9,-8.96
2019-08-21,131,DEFENSIVE,NO,NONE,293.4,26.0,26.605,2.33,15.8,30.0,NO,279.72,ABOVE,13.68,NO,N/A,294.15,BELOW,-0.75,9,0,YES,51.64,75.0,60.0,COOL (<60),1788.5945,45138.88,47585.56,92724.44,51.3,48.7,1681.28,-7.28
2019-08-22,132,DEFENSIVE,NO,NONE,292.24,26.305,26.2,-0.4,16.68,30.0,NO,279.83,ABOVE,12.41,NO,N/A,294.22,BELOW,-1.98,10,0,YES,50.24,75.0,60.0,COOL (<60),1788.5945,45138.88,46861.18,92000.06,50.9,49.1,-724.38,-8.0
2019-08-23,133,DEFENSIVE,NO,NONE,284.77,26.565,24.25,-8.71,19.87,30.0,NO,279.88,ABOVE,4.89,NO,N/A,294.13,BELOW,-9.36,11,0,YES,42.29,75.0,60.0,COOL (<60),1788.5945,45138.88,43373.42,88512.3,49.0,51.0,-3487.76,-11.49
2019-08-26,134,DEFENSIVE,NO,NONE,287.71,24.7,25.005,1.23,19.32,30.0,NO,279.95,ABOVE,7.76,NO,N/A,294.1,BELOW,-6.39,12,0,YES,45.92,75.0,60.0,COOL (<60),1788.5945,45138.88,44723.81,89862.69,49.8,50.2,1350.39,-10.14
2019-08-27,135,DEFENSIVE,NO,NONE,287.47,24.865,24.94,0.3,20.31,30.0,NO,279.98,ABOVE,7.49,NO,N/A,294.05,BELOW,-6.58,13,0,YES,45.67,75.0,60.0,COOL (<60),1788.5945,45138.88,44607.55,89746.43,49.7,50.3,-116.26,-10.25
2019-08-28,136,DEFENSIVE,NO,NONE,288.51,24.775,25.2,1.72,19.35,30.0,NO,280.02,ABOVE,8.49,NO,N/A,293.97,BELOW,-5.46,14,0,YES,47.02,75.0,60.0,COOL (<60),1788.5945,45138.88,45072.58,90211.46,50.0,50.0,465.03,-9.79
2019-08-29,137,DEFENSIVE,NO,NONE,292.42,25.6,26.235,2.48,17.88,30.0,NO,280.1,ABOVE,12.32,NO,N/A,293.93,BELOW,-1.51,15,0,YES,51.89,75.0,60.0,COOL (<60),1788.5945,45138.88,46923.78,92062.66,51.0,49.0,1851.2,-7.94
2019-08-30,138,DEFENSIVE,NO,NONE,292.32,26.69,26.2,-1.84,18.98,30.0,NO,280.19,ABOVE,12.13,NO,N/A,293.87,BELOW,-1.55,16,0,YES,51.76,75.0,60.0,COOL (<60),1788.5945,45138.88,46861.18,92000.06,50.9,49.1,-62.6,-8.0
2019-09-03,139,DEFENSIVE,NO,NONE,290.46,25.83,25.69,-0.54,19.66,30.0,NO,280.28,ABOVE,10.18,NO,N/A,293.81,BELOW,-3.35,17,0,YES,49.27,75.0,60.0,COOL (<60),1788.5945,45138.88,45948.99,91087.87,50.4,49.6,-912.19,-8.91
2019-09-04,140,DEFENSIVE,NO,NONE,293.94,26.485,26.655,0.64,17.33,30.0,NO,280.4,ABOVE,13.54,NO,N/A,293.82,ABOVE,0.12,0,1,"NO (need 2d, have 0d)",53.75,75.0,60.0,COOL (<60),1788.5945,45138.88,47674.99,92813.87,51.4,48.6,1726.0,-7.19
2019-09-05,141,DEFENSIVE,NO,DEF EXIT: SPY above 50-SMA for 2d,297.92,27.21,27.67,1.69,16.27,30.0,NO,280.53,ABOVE,17.39,NO,N/A,293.96,ABOVE,3.96,0,2,"NO (need 2d, have 0d)",58.29,75.0,60.0,COOL (<60),1788.5945,45138.88,49490.41,94629.29,52.3,47.7,1815.42,-5.37
2019-09-06,142,BULL_100,YES,NONE,298.59,27.815,27.81,-0.02,15.0,30.0,NO,280.65,ABOVE,17.94,NO,N/A,294.12,ABOVE,4.47,0,3,"NO (need 2d, have 0d)",59.02,75.0,60.0,COOL (<60),3377.3054,925.79,93922.86,94848.66,99.0,1.0,219.37,-5.15
2019-09-09,143,BULL_100,NO,NONE,298.42,27.89,27.775,-0.41,15.27,30.0,NO,280.8,ABOVE,17.62,NO,N/A,294.25,ABOVE,4.17,0,4,"NO (need 2d, have 0d)",58.74,75.0,60.0,COOL (<60),3377.3054,925.79,93804.66,94730.45,99.0,1.0,-118.21,-5.27
2019-09-10,144,BULL_100,NO,NONE,297.92,27.49,27.71,0.8,15.2,30.0,NO,280.97,ABOVE,16.95,NO,N/A,294.32,ABOVE,3.61,0,5,"NO (need 2d, have 0d)",57.87,75.0,60.0,COOL (<60),3377.3054,925.79,93585.13,94510.92,99.0,1.0,-219.53,-5.49
2019-09-11,145,BULL_100,NO,NONE,302.06,27.85,28.815,3.46,14.61,30.0,NO,281.15,ABOVE,20.91,NO,N/A,294.45,ABOVE,7.61,0,6,"NO (need 2d, have 0d)",62.8,75.0,60.0,NEUTRAL (60-75),3377.3054,925.79,97317.06,98242.85,99.1,0.9,3731.93,-1.76
2019-09-12,146,BULL_100,NO,NONE,301.75,28.59,28.7,0.38,14.22,30.0,NO,281.35,ABOVE,20.4,NO,N/A,294.55,ABOVE,7.2,0,7,"NO (need 2d, have 0d)",62.21,75.0,60.0,NEUTRAL (60-75),3377.3054,925.79,96928.67,97854.46,99.1,0.9,-388.39,-2.15
2019-09-13,147,BULL_100,NO,NONE,301.1,28.825,28.5,-1.13,13.74,30.0,NO,281.52,ABOVE,19.58,NO,N/A,294.6,ABOVE,6.5,0,8,"NO (need 2d, have 0d)",60.92,75.0,60.0,NEUTRAL (60-75),3377.3054,925.79,96253.2,97179.0,99.0,1.0,-675.46,-2.82
2019-09-16,148,BULL_100,NO,NONE,300.52,28.085,28.395,1.1,14.67,30.0,NO,281.68,ABOVE,18.84,NO,N/A,294.65,ABOVE,5.87,0,9,"NO (need 2d, have 0d)",59.74,75.0,60.0,COOL (<60),3377.3054,925.79,95898.59,96824.38,99.0,1.0,-354.62,-3.18
2019-09-17,149,BULL_100,NO,NONE,300.83,28.145,28.45,1.08,14.44,30.0,NO,281.82,ABOVE,19.01,NO,N/A,294.74,ABOVE,6.09,0,10,"NO (need 2d, have 0d)",60.19,75.0,60.0,NEUTRAL (60-75),3377.3054,925.79,96084.34,97010.13,99.0,1.0,185.75,-2.99
2019-09-18,150,BULL_100,NO,NONE,300.85,28.375,28.47,0.33,13.95,30.0,NO,281.95,ABOVE,18.9,NO,N/A,294.81,ABOVE,6.04,0,11,"NO (need 2d, have 0d)",60.22,75.0,60.0,NEUTRAL (60-75),3377.3054,925.79,96151.89,97077.68,99.0,1.0,67.55,-2.92
2019-09-19,151,BULL_100,NO,NONE,301.23,28.345,28.56,0.76,14.05,30.0,NO,282.07,ABOVE,19.16,NO,N/A,294.86,ABOVE,6.37,0,12,"NO (need 2d, have 0d)",60.83,75.0,60.0,NEUTRAL (60-75),3377.3054,925.79,96455.84,97381.63,99.0,1.0,303.95,-2.62
2019-09-20,152,BULL_100,NO,NONE,297.28,28.615,27.865,-2.62,15.32,30.0,NO,282.17,ABOVE,15.11,NO,N/A,294.82,ABOVE,2.46,0,13,"NO (need 2d, have 0d)",51.84,75.0,60.0,COOL (<60),3377.3054,925.79,94108.62,95034.41,99.0,1.0,-2347.22,-4.97
2019-09-23,153,BULL_100,NO,NONE,299.63,27.88,28.5,2.22,14.91,30.0,NO,282.31,ABOVE,17.32,NO,N/A,294.8,ABOVE,4.83,0,14,"NO (need 2d, have 0d)",56.01,75.0,60.0,COOL (<60),3377.3054,925.79,96253.2,97179.0,99.0,1.0,2144.59,-2.82
2019-09-24,154,BULL_100,NO,NONE,296.46,28.395,27.51,-3.12,17.05,30.0,NO,282.44,ABOVE,14.02,NO,N/A,294.71,ABOVE,1.75,0,15,"NO (need 2d, have 0d)",49.76,75.0,60.0,COOL (<60),3377.3054,925.79,92909.67,93835.46,99.0,1.0,-3343.54,-6.16
2019-09-25,155,BULL_100,NO,NONE,297.51,27.325,27.84,1.88,15.96,30.0,NO,282.61,ABOVE,14.9,NO,N/A,294.67,ABOVE,2.84,0,16,"NO (need 2d, have 0d)",51.68,75.0,60.0,COOL (<60),3377.3054,925.79,94024.18,94949.97,99.0,1.0,1114.51,-5.05
2019-09-26,156,BULL_100,NO,NONE,296.86,28.01,27.68,-1.18,16.07,30.0,NO,282.78,ABOVE,14.08,NO,N/A,294.66,ABOVE,2.2,0,17,"NO (need 2d, have 0d)",50.39,75.0,60.0,COOL (<60),3377.3054,925.79,93483.81,94409.61,99.0,1.0,-540.36,-5.59
2019-09-27,157,BULL_100,NO,NONE,295.83,27.9,27.34,-2.01,17.22,30.0,NO,282.94,ABOVE,12.89,NO,N/A,294.6,ABOVE,1.23,0,18,"NO (need 2d, have 0d)",48.34,75.0,60.0,COOL (<60),3377.3054,925.79,92335.53,93261.32,99.0,1.0,-1148.29,-6.74
2019-09-30,158,BULL_100,NO,NONE,297.32,27.55,27.825,1.0,16.24,30.0,NO,283.09,ABOVE,14.23,NO,N/A,294.62,ABOVE,2.7,0,19,"NO (need 2d, have 0d)",51.42,75.0,60.0,COOL (<60),3377.3054,925.79,93973.52,94899.32,99.0,1.0,1638.0,-5.1
2019-10-01,159,BULL_100,NO,NONE,293.71,27.865,26.74,-4.04,18.56,30.0,NO,283.23,ABOVE,10.48,NO,N/A,294.53,BELOW,-0.82,1,0,"NO (need 2d, have 1d)",44.49,75.0,60.0,COOL (<60),3377.3054,925.79,90309.15,91234.94,99.0,1.0,-3664.38,-8.77
2019-10-02,160,BULL_100,NO,DEFENSIVE: SPY below 50-SMA for 2d,287.88,26.27,25.24,-3.92,20.56,30.0,NO,283.37,ABOVE,4.51,NO,N/A,294.29,BELOW,-6.41,2,0,YES,36.05,75.0,60.0,COOL (<60),3377.3054,925.79,85243.19,86168.98,98.9,1.1,-5065.96,-13.83
2019-10-03,161,DEFENSIVE,YES,NONE,290.06,25.23,25.785,2.2,19.12,30.0,NO,283.54,ABOVE,6.52,NO,N/A,294.07,BELOW,-4.01,3,0,YES,40.59,75.0,60.0,COOL (<60),1706.9998,43045.53,44014.99,87060.52,50.6,49.4,891.54,-12.94
2019-10-04,162,DEFENSIVE,NO,NONE,294.52,25.69,26.825,4.42,17.04,30.0,NO,283.74,ABOVE,10.78,NO,N/A,293.95,ABOVE,0.57,0,1,"NO (need 2d, have 0d)",48.63,75.0,60.0,COOL (<60),1706.9998,43045.53,45790.27,88835.8,51.5,48.5,1775.28,-11.16
2019-10-07,163,DEFENSIVE,NO,NONE,293.02,26.755,26.495,-0.97,17.86,30.0,NO,283.95,ABOVE,9.07,NO,N/A,293.79,BELOW,-0.77,1,0,"NO (need 2d, have 1d)",46.36,75.0,60.0,COOL (<60),1706.9998,43045.53,45226.96,88272.49,51.2,48.8,-563.31,-11.73
2019-10-08,164,DEFENSIVE,NO,NONE,288.62,26.45,25.245,-4.56,20.28,30.0,NO,284.15,ABOVE,4.47,NO,N/A,293.53,BELOW,-4.91,2,0,YES,40.39,75.0,60.0,COOL (<60),1706.9998,43045.53,43093.21,86138.74,50.0,50.0,-2133.75,-13.86
2019-10-09,165,DEFENSIVE,NO,NONE,289.24,25.49,25.245,-0.96,18.64,30.0,NO,284.4,ABOVE,4.84,NO,N/A,293.29,BELOW,-4.05,3,0,YES,41.54,75.0,60.0,COOL (<60),1706.9998,43045.53,43093.21,86138.74,50.0,50.0,0.0,-13.86
2019-10-10,166,DEFENSIVE,NO,NONE,294.08,25.975,26.665,2.66,17.57,30.0,NO,284.7,ABOVE,9.38,NO,N/A,293.24,ABOVE,0.84,0,1,"NO (need 2d, have 0d)",49.64,75.0,60.0,COOL (<60),1706.9998,43045.53,45517.15,88562.68,51.4,48.6,2423.94,-11.44
2019-10-11,167,DEFENSIVE,NO,DEF EXIT: SPY above 50-SMA for 2d,296.89,27.17,27.495,1.2,15.58,30.0,NO,284.96,ABOVE,11.93,NO,N/A,293.29,ABOVE,3.6,0,2,"NO (need 2d, have 0d)",53.66,75.0,60.0,COOL (<60),1706.9998,43045.53,46933.96,89979.49,52.2,47.8,1416.81,-10.02
2019-10-14,168,BULL_100,YES,NONE,296.67,27.19,27.445,0.94,14.57,30.0,NO,285.2,ABOVE,11.47,NO,N/A,293.37,ABOVE,3.3,0,3,"NO (need 2d, have 0d)",53.3,75.0,60.0,COOL (<60),3257.2368,872.51,89394.86,90267.38,99.0,1.0,287.89,-9.73
2019-10-15,169,BULL_100,NO,NONE,298.84,27.615,28.02,1.47,13.54,30.0,NO,285.46,ABOVE,13.38,NO,N/A,293.79,ABOVE,5.05,0,4,"NO (need 2d, have 0d)",56.39,75.0,60.0,COOL (<60),3257.2368,872.51,91267.77,92140.29,99.1,0.9,1872.91,-7.86
2019-10-16,170,BULL_100,NO,NONE,298.25,27.905,27.88,-0.09,13.68,30.0,NO,285.7,ABOVE,12.55,NO,N/A,294.02,ABOVE,4.23,0,5,"NO (need 2d, have 0d)",55.32,75.0,60.0,COOL (<60),3257.2368,872.51,90811.76,91684.27,99.0,1.0,-456.02,-8.32
2019-10-17,171,BULL_100,NO,NONE,299.12,27.985,28.095,0.39,13.79,30.0,NO,285.96,ABOVE,13.16,NO,N/A,294.26,ABOVE,4.86,0,6,"NO (need 2d, have 0d)",56.63,75.0,60.0,COOL (<60),3257.2368,872.51,91512.07,92384.58,99.1,0.9,700.31,-7.62
2019-10-18,172,BULL_100,NO,NONE,298.0,28.175,27.83,-1.22,14.25,30.0,NO,286.23,ABOVE,11.77,NO,N/A,294.35,ABOVE,3.65,0,7,"NO (need 2d, have 0d)",54.42,75.0,60.0,COOL (<60),3257.2368,872.51,90648.9,91521.41,99.0,1.0,-863.17,-8.48
2019-10-21,173,BULL_100,NO,NONE,300.03,28.02,28.35,1.18,14.0,30.0,NO,286.47,ABOVE,13.56,NO,N/A,294.52,ABOVE,5.51,0,8,"NO (need 2d, have 0d)",57.65,75.0,60.0,COOL (<60),3257.2368,872.51,92342.66,93215.18,99.1,0.9,1693.77,-6.78
2019-10-22,174,BULL_100,NO,NONE,298.58,28.345,27.945,-1.41,14.46,30.0,NO,286.69,ABOVE,11.89,NO,N/A,294.72,ABOVE,3.86,0,9,"NO (need 2d, have 0d)",54.67,75.0,60.0,COOL (<60),3257.2368,872.51,91023.48,91895.99,99.1,0.9,-1319.19,-8.1
2019-10-23,175,BULL_100,NO,NONE,300.2,27.975,28.35,1.34,14.01,30.0,NO,286.91,ABOVE,13.29,NO,N/A,294.87,ABOVE,5.33,0,10,"NO (need 2d, have 0d)",57.32,75.0,60.0,COOL (<60),3257.2368,872.51,92342.66,93215.18,99.1,0.9,1319.19,-6.78
2019-10-24,176,BULL_100,NO,NONE,299.75,28.405,28.21,-0.69,13.71,30.0,NO,287.12,ABOVE,12.63,NO,N/A,295.17,ABOVE,4.58,0,11,"NO (need 2d, have 0d)",56.33,75.0,60.0,COOL (<60),3257.2368,872.51,91886.65,92759.16,99.1,0.9,-456.02,-7.24
2019-10-25,177,BULL_100,NO,NONE,301.85,28.35,28.805,1.6,12.65,30.0,NO,287.34,ABOVE,14.51,NO,N/A,295.5,ABOVE,6.35,0,12,"NO (need 2d, have 0d)",59.81,75.0,60.0,COOL (<60),3257.2368,872.51,93824.7,94697.22,99.1,0.9,1938.06,-5.3
2019-10-28,178,BULL_100,NO,NONE,303.41,28.945,29.235,1.0,13.11,30.0,NO,287.56,ABOVE,15.85,NO,N/A,295.79,ABOVE,7.62,0,13,"NO (need 2d, have 0d)",62.22,75.0,60.0,NEUTRAL (60-75),3257.2368,872.51,95225.32,96097.83,99.1,0.9,1400.61,-3.9
2019-10-29,179,BULL_100,NO,NONE,303.15,29.145,29.21,0.22,13.2,30.0,NO,287.79,ABOVE,15.36,NO,N/A,296.02,ABOVE,7.13,0,14,"NO (need 2d, have 0d)",61.56,75.0,60.0,NEUTRAL (60-75),3257.2368,872.51,95143.89,96016.4,99.1,0.9,-81.43,-3.98
2019-10-30,180,BULL_100,NO,NONE,304.53,29.2,29.535,1.15,12.33,30.0,NO,288.01,ABOVE,16.52,NO,N/A,296.31,ABOVE,8.22,0,15,"NO (need 2d, have 0d)",63.76,75.0,60.0,NEUTRAL (60-75),3257.2368,872.51,96202.49,97075.0,99.1,0.9,1058.6,-2.92
2019-10-31,181,BULL_100,NO,NONE,303.29,29.55,29.165,-1.3,13.22,30.0,NO,288.22,ABOVE,15.07,NO,N/A,296.51,ABOVE,6.78,0,16,"NO (need 2d, have 0d)",60.41,75.0,60.0,NEUTRAL (60-75),3257.2368,872.51,94997.31,95869.82,99.1,0.9,-1205.18,-4.13
2019-11-01,182,BULL_100,NO,NONE,306.08,29.355,29.925,1.94,12.3,30.0,NO,288.44,ABOVE,17.64,NO,N/A,296.79,ABOVE,9.29,0,17,"NO (need 2d, have 0d)",64.88,75.0,60.0,NEUTRAL (60-75),3257.2368,872.51,97472.81,98345.32,99.1,0.9,2475.5,-1.65
2019-11-04,183,BULL_100,NO,NONE,307.91,30.315,30.485,0.56,12.83,30.0,NO,288.65,ABOVE,19.26,NO,N/A,297.25,ABOVE,10.66,0,18,"NO (need 2d, have 0d)",67.48,75.0,60.0,NEUTRAL (60-75),3257.2368,872.51,99296.86,100169.38,99.1,0.9,1824.06,0.17
2019-11-05,184,BULL_100,NO,NONE,306.95,30.555,30.175,-1.24,13.1,30.0,NO,288.87,ABOVE,18.08,NO,N/A,297.64,ABOVE,9.31,0,19,"NO (need 2d, have 0d)",64.77,75.0,60.0,NEUTRAL (60-75),3257.2368,872.51,98287.12,99159.63,99.1,0.9,-1009.75,-0.84
2019-11-06,185,BULL_100,NO,NONE,307.17,30.25,30.37,0.4,12.62,30.0,NO,289.09,ABOVE,18.08,NO,N/A,298.03,ABOVE,9.14,0,20,"NO (need 2d, have 0d)",65.12,75.0,60.0,NEUTRAL (60-75),3257.2368,872.51,98922.28,99794.79,99.1,0.9,635.16,-0.21
2019-11-07,186,BULL_100,NO,NONE,308.44,30.645,30.615,-0.1,12.73,30.0,NO,289.32,ABOVE,19.12,NO,N/A,298.43,ABOVE,10.01,0,21,"NO (need 2d, have 0d)",67.12,75.0,60.0,NEUTRAL (60-75),3257.2368,872.51,99720.3,100592.82,99.1,0.9,798.03,0.59
2019-11-08,187,BULL_100,NO,NONE,308.95,30.505,30.83,1.07,12.07,30.0,NO,289.53,ABOVE,19.42,NO,N/A,298.76,ABOVE,10.19,0,22,"NO (need 2d, have 0d)",67.91,75.0,60.0,NEUTRAL (60-75),3257.2368,872.51,100420.61,101293.12,99.1,0.9,700.3,1.29
2019-11-11,188,BULL_100,NO,NONE,308.45,30.445,30.715,0.89,12.69,30.0,NO,289.76,ABOVE,18.69,NO,N/A,299.08,ABOVE,9.37,0,23,"NO (need 2d, have 0d)",66.22,75.0,60.0,NEUTRAL (60-75),3257.2368,872.51,100046.03,100918.54,99.1,0.9,-374.58,0.92
2019-11-12,189,BULL_100,NO,NONE,308.66,30.73,30.8,0.23,12.68,30.0,NO,289.98,ABOVE,18.68,NO,N/A,299.45,ABOVE,9.21,0,24,"NO (need 2d, have 0d)",66.6,75.0,60.0,NEUTRAL (60-75),3257.2368,872.51,100322.89,101195.41,99.1,0.9,276.87,1.2
2019-11-13,190,BULL_100,NO,NONE,309.27,30.57,30.95,1.24,13.0,30.0,NO,290.18,ABOVE,19.09,NO,N/A,299.75,ABOVE,9.52,0,25,"NO (need 2d, have 0d)",67.72,75.0,60.0,NEUTRAL (60-75),3257.2368,872.51,100811.48,101683.99,99.1,0.9,488.58,1.68
2019-11-14,191,BULL_100,NO,NONE,309.8,30.905,31.01,0.34,13.05,30.0,NO,290.38,ABOVE,19.42,NO,N/A,299.99,ABOVE,9.81,0,26,"NO (need 2d, have 0d)",68.71,75.0,60.0,NEUTRAL (60-75),3257.2368,872.51,101006.91,101879.42,99.1,0.9,195.43,1.88
2019-11-15,192,BULL_100,NO,NONE,311.67,31.235,31.645,1.31,12.05,30.0,NO,290.59,ABOVE,21.08,NO,N/A,300.25,ABOVE,11.42,0,27,"NO (need 2d, have 0d)",71.97,75.0,60.0,NEUTRAL (60-75),3257.2368,872.51,103075.26,103947.77,99.2,0.8,2068.35,3.95
2019-11-18,193,BULL_100,NO,NONE,311.9,31.78,31.69,-0.28,12.46,30.0,NO,290.79,ABOVE,21.11,NO,N/A,300.52,ABOVE,11.38,0,28,"NO (need 2d, have 0d)",72.35,75.0,60.0,NEUTRAL (60-75),3257.2368,872.51,103221.83,104094.35,99.2,0.8,146.58,4.09
2019-11-19,194,BULL_100,NO,NONE,311.14,31.93,31.46,-1.47,12.86,30.0,NO,290.98,ABOVE,20.16,NO,N/A,300.79,ABOVE,10.35,0,29,"NO (need 2d, have 0d)",69.01,75.0,60.0,NEUTRAL (60-75),3257.2368,872.51,102472.67,103345.18,99.2,0.8,-749.17,3.35
2019-11-20,195,BULL_100,NO,NONE,310.17,31.325,31.145,-0.57,12.78,30.0,NO,291.17,ABOVE,19.0,NO,N/A,300.95,ABOVE,9.22,0,30,"NO (need 2d, have 0d)",64.89,75.0,60.0,NEUTRAL (60-75),3257.2368,872.51,101446.64,102319.15,99.1,0.9,-1026.03,2.32
2019-11-21,196,BULL_100,NO,NONE,310.19,31.165,31.2,0.11,13.13,30.0,NO,291.37,ABOVE,18.82,NO,N/A,301.12,ABOVE,9.07,0,31,"NO (need 2d, have 0d)",64.94,75.0,60.0,NEUTRAL (60-75),3257.2368,872.51,101625.79,102498.3,99.1,0.9,179.15,2.5
2019-11-22,197,BULL_100,NO,NONE,311.15,31.365,31.38,0.05,12.34,30.0,NO,291.58,ABOVE,19.57,NO,N/A,301.32,ABOVE,9.83,0,32,"NO (need 2d, have 0d)",67.18,75.0,60.0,NEUTRAL (60-75),3257.2368,872.51,102212.09,103084.6,99.2,0.8,586.3,3.08
2019-11-25,198,BULL_100,NO,NONE,313.19,31.66,32.025,1.15,11.87,30.0,NO,291.79,ABOVE,21.4,NO,N/A,301.57,ABOVE,11.62,0,33,"NO (need 2d, have 0d)",71.38,75.0,60.0,NEUTRAL (60-75),3257.2368,872.51,104313.01,105185.52,99.2,0.8,2100.92,5.19
2019-11-26,199,BULL_100,NO,NONE,314.4,32.075,32.38,0.95,11.54,30.0,NO,291.99,ABOVE,22.41,NO,N/A,301.84,ABOVE,12.56,0,34,"NO (need 2d, have 0d)",73.54,75.0,60.0,NEUTRAL (60-75),3257.2368,872.51,105469.33,106341.84,99.2,0.8,1156.32,6.34
2019-11-27,200,BULL_100,NO,NONE,314.55,32.485,32.415,-0.22,11.75,30.0,NO,292.19,ABOVE,22.36,NO,N/A,302.12,ABOVE,12.43,0,35,"NO (need 2d, have 0d)",73.8,75.0,60.0,NEUTRAL (60-75),3257.2368,872.51,105583.33,106455.84,99.2,0.8,114.0,6.46
2019-11-29,201,BULL_100,NO,NONE,314.65,32.505,32.415,-0.28,12.62,30.0,NO,292.39,ABOVE,22.26,NO,N/A,302.39,ABOVE,12.26,0,36,"NO (need 2d, have 0d)",73.99,75.0,60.0,NEUTRAL (60-75),3257.2368,872.51,105583.33,106455.84,99.2,0.8,0.0,6.46
2019-12-02,202,BULL_100,NO,NONE,311.42,32.77,31.365,-4.29,14.91,30.0,NO,292.56,ABOVE,18.86,NO,N/A,302.67,ABOVE,8.75,0,37,"NO (need 2d, have 0d)",59.32,75.0,60.0,COOL (<60),3257.2368,872.51,102163.23,103035.74,99.2,0.8,-3420.1,3.04
2019-12-03,203,BULL_100,NO,NONE,309.54,31.515,30.785,-2.32,15.96,30.0,NO,292.72,ABOVE,16.82,NO,N/A,302.87,ABOVE,6.67,0,38,"NO (need 2d, have 0d)",52.76,75.0,60.0,COOL (<60),3257.2368,872.51,100274.03,101146.55,99.1,0.9,-1889.19,1.15
2019-12-04,204,BULL_100,NO,NONE,311.2,31.225,31.38,0.5,14.8,30.0,NO,292.88,ABOVE,18.32,NO,N/A,303.16,ABOVE,8.04,0,39,"NO (need 2d, have 0d)",57.25,75.0,60.0,COOL (<60),3257.2368,872.51,102212.09,103084.6,99.2,0.8,1938.05,3.08
2019-12-05,205,BULL_100,NO,NONE,312.1,31.5,31.625,0.4,14.52,30.0,NO,293.06,ABOVE,19.04,NO,N/A,303.45,ABOVE,8.65,0,40,"NO (need 2d, have 0d)",59.5,75.0,60.0,COOL (<60),3257.2368,872.51,103010.11,103882.63,99.2,0.8,798.03,3.88
2019-12-06,206,BULL_100,NO,NONE,315.03,31.79,32.46,2.11,13.62,30.0,NO,293.24,ABOVE,21.79,NO,N/A,303.82,ABOVE,11.21,0,41,"NO (need 2d, have 0d)",65.81,75.0,60.0,NEUTRAL (60-75),3257.2368,872.51,105729.91,106602.42,99.2,0.8,2719.79,6.6
2019-12-09,207,BULL_100,NO,NONE,313.72,32.295,32.06,-0.73,15.86,30.0,NO,293.41,ABOVE,20.31,NO,N/A,304.17,ABOVE,9.55,0,42,"NO (need 2d, have 0d)",61.22,75.0,60.0,NEUTRAL (60-75),3257.2368,872.51,104427.01,105299.52,99.2,0.8,-1302.9,5.3
2019-12-10,208,BULL_100,NO,NONE,313.6,31.775,32.11,1.05,15.68,30.0,NO,293.58,ABOVE,20.02,NO,N/A,304.5,ABOVE,9.1,0,43,"NO (need 2d, have 0d)",60.8,75.0,60.0,NEUTRAL (60-75),3257.2368,872.51,104589.87,105462.39,99.2,0.8,162.87,5.46
2019-12-11,209,BULL_100,NO,NONE,314.78,32.015,32.39,1.17,14.99,30.0,NO,293.76,ABOVE,21.02,NO,N/A,304.92,ABOVE,9.86,0,44,"NO (need 2d, have 0d)",63.45,75.0,60.0,NEUTRAL (60-75),3257.2368,872.51,105501.9,106374.41,99.2,0.8,912.02,6.37
2019-12-12,210,BULL_100,NO,NONE,318.39,32.505,33.52,3.12,13.94,30.0,NO,293.96,ABOVE,24.43,NO,N/A,305.53,ABOVE,12.86,0,45,"NO (need 2d, have 0d)",70.1,75.0,60.0,NEUTRAL (60-75),3257.2368,872.51,109182.58,110055.09,99.2,0.8,3680.68,10.06
2019-12-13,211,BULL_100,NO,NONE,317.32,33.52,33.23,-0.87,12.63,30.0,NO,294.14,ABOVE,23.18,NO,N/A,306.08,ABOVE,11.24,0,46,"NO (need 2d, have 0d)",66.25,75.0,60.0,NEUTRAL (60-75),3257.2368,872.51,108237.98,109110.49,99.2,0.8,-944.6,9.11
2019-12-16,212,BULL_100,NO,NONE,319.39,33.525,33.84,0.94,12.14,30.0,NO,294.34,ABOVE,25.05,NO,N/A,306.57,ABOVE,12.82,0,47,"NO (need 2d, have 0d)",69.71,75.0,60.0,NEUTRAL (60-75),3257.2368,872.51,110224.89,111097.41,99.2,0.8,1986.92,11.1
2019-12-17,213,BULL_100,NO,NONE,319.39,33.91,33.795,-0.34,12.29,30.0,NO,294.54,ABOVE,24.85,NO,N/A,307.1,ABOVE,12.29,0,48,"NO (need 2d, have 0d)",69.71,75.0,60.0,NEUTRAL (60-75),3257.2368,872.51,110078.32,110950.83,99.2,0.8,-146.58,10.95
2019-12-18,214,BULL_100,NO,NONE,319.79,33.97,33.96,-0.03,12.58,30.0,NO,294.76,ABOVE,25.03,NO,N/A,307.72,ABOVE,12.07,0,49,"NO (need 2d, have 0d)",70.39,75.0,60.0,NEUTRAL (60-75),3257.2368,872.51,110615.76,111488.27,99.2,0.8,537.44,11.49
2019-12-19,215,BULL_100,NO,NONE,321.17,34.035,34.35,0.93,12.5,30.0,NO,294.99,ABOVE,26.18,NO,N/A,308.36,ABOVE,12.81,0,50,"NO (need 2d, have 0d)",72.67,75.0,60.0,NEUTRAL (60-75),3257.2368,872.51,111886.08,112758.6,99.2,0.8,1270.33,12.76
2019-12-20,216,BULL_100,NO,NONE,321.15,34.27,34.82,1.6,12.51,30.0,NO,295.22,ABOVE,25.93,NO,N/A,308.9,ABOVE,12.25,0,51,"NO (need 2d, have 0d)",72.59,75.0,60.0,NEUTRAL (60-75),3257.2368,872.51,113416.98,114289.5,99.2,0.8,1530.9,14.29
2019-12-23,217,BULL_100,NO,NONE,321.48,34.965,34.9,-0.19,12.61,30.0,NO,295.43,ABOVE,26.05,NO,N/A,309.4,ABOVE,12.08,0,52,"NO (need 2d, have 0d)",73.16,75.0,60.0,NEUTRAL (60-75),3257.2368,872.51,113677.56,114550.08,99.2,0.8,260.58,14.55
2019-12-24,218,BULL_100,NO,NONE,321.24,34.905,34.835,-0.2,12.67,30.0,NO,295.64,ABOVE,25.6,NO,N/A,309.89,ABOVE,11.35,0,53,"NO (need 2d, have 0d)",71.98,75.0,60.0,NEUTRAL (60-75),3257.2368,872.51,113465.84,114338.36,99.2,0.8,-211.72,14.34
2019-12-26,219,BULL_100,NO,RSI TRIM: RSI=75.1>75.0,322.95,35.005,35.365,1.03,12.65,30.0,NO,295.85,ABOVE,27.1,NO,N/A,310.37,ABOVE,12.58,0,54,"NO (need 2d, have 0d)",75.06,75.0,60.0,HOT (>75),3257.2368,872.51,115192.18,116064.69,99.2,0.8,1726.33,16.06
2019-12-27,220,BULL_TRIMMED,YES,NONE,322.45,35.565,35.16,-1.14,13.43,30.0,NO,296.05,ABOVE,26.4,NO,N/A,310.85,ABOVE,11.6,0,55,"NO (need 2d, have 0d)",72.55,75.0,60.0,NEUTRAL (60-75),2461.3273,29163.88,86540.27,115704.15,74.8,25.2,-360.54,15.7
2019-12-30,221,BULL_TRIMMED,NO,NONE,321.29,35.235,34.815,-1.19,14.82,30.0,NO,296.25,ABOVE,25.04,NO,N/A,311.3,ABOVE,9.99,0,56,"NO (need 2d, have 0d)",66.95,75.0,60.0,NEUTRAL (60-75),2461.3273,29163.88,85691.11,114854.99,74.6,25.4,-849.16,14.85
2020-01-02,222,BULL_TRIMMED,NO,NONE,325.07,35.605,36.055,1.26,12.47,30.0,NO,296.47,ABOVE,28.6,NO,N/A,311.84,ABOVE,13.23,0,57,"NO (need 2d, have 0d)",73.99,75.0,60.0,NEUTRAL (60-75),2461.3273,29163.88,88743.15,117907.04,75.3,24.7,3052.05,17.91
2020-01-03,223,BULL_TRIMMED,NO,NONE,322.74,35.12,35.145,0.07,14.02,30.0,NO,296.67,ABOVE,26.07,NO,N/A,312.29,ABOVE,10.45,0,58,"NO (need 2d, have 0d)",64.82,75.0,60.0,NEUTRAL (60-75),2461.3273,29163.88,86503.35,115667.23,74.8,25.2,-2239.81,15.67
2020-01-06,224,BULL_TRIMMED,NO,NONE,323.22,34.425,35.425,2.9,13.85,30.0,NO,296.88,ABOVE,26.34,NO,N/A,312.79,ABOVE,10.43,0,59,"NO (need 2d, have 0d)",65.76,75.0,60.0,NEUTRAL (60-75),2461.3273,29163.88,87192.52,116356.4,74.9,25.1,689.17,16.36
2020-01-07,225,BULL_TRIMMED,NO,RSI RECOVERY: RSI=53.7<60.0,319.47,35.525,34.19,-3.76,13.79,30.0,NO,297.05,ABOVE,22.42,NO,N/A,313.17,ABOVE,6.3,0,60,"NO (need 2d, have 0d)",53.68,75.0,60.0,COOL (<60),2461.3273,29163.88,84152.78,113316.66,74.3,25.7,-3039.74,13.32
2020-01-08,226,BULL_100,YES,NONE,325.15,35.085,36.08,2.84,13.45,30.0,NO,297.28,ABOVE,27.87,NO,N/A,313.68,ABOVE,11.47,0,61,"NO (need 2d, have 0d)",64.36,75.0,60.0,NEUTRAL (60-75),3259.6367,1140.19,117607.69,118747.88,99.0,1.0,5431.22,18.75
2020-01-09,227,BULL_100,NO,NONE,326.9,36.315,36.56,0.67,12.54,30.0,NO,297.52,ABOVE,29.38,NO,N/A,314.18,ABOVE,12.72,0,62,"NO (need 2d, have 0d)",66.9,75.0,60.0,NEUTRAL (60-75),3259.6367,1140.19,119172.32,120312.51,99.1,0.9,1564.63,20.31
2020-01-10,228,BULL_100,NO,NONE,325.62,36.705,36.085,-1.69,12.56,30.0,NO,297.74,ABOVE,27.88,NO,N/A,314.62,ABOVE,11.0,0,63,"NO (need 2d, have 0d)",63.35,75.0,60.0,NEUTRAL (60-75),3259.6367,1140.19,117623.99,118764.18,99.0,1.0,-1548.33,18.76
2020-01-13,229,BULL_100,NO,NONE,328.38,36.525,37.105,1.59,12.32,30.0,NO,297.99,ABOVE,30.39,NO,N/A,315.13,ABOVE,13.25,0,64,"NO (need 2d, have 0d)",67.37,75.0,60.0,NEUTRAL (60-75),3259.6367,1140.19,120948.82,122089.01,99.1,0.9,3324.83,22.09
2020-01-14,230,BULL_100,NO,NONE,327.2,36.77,36.715,-0.15,12.39,30.0,NO,298.21,ABOVE,28.99,NO,N/A,315.58,ABOVE,11.62,0,65,"NO (need 2d, have 0d)",64.13,75.0,60.0,NEUTRAL (60-75),3259.6367,1140.19,119677.56,120817.75,99.1,0.9,-1271.26,20.82
2020-01-15,231,BULL_100,NO,NONE,328.8,36.775,37.255,1.31,12.42,30.0,NO,298.45,ABOVE,30.35,NO,N/A,316.09,ABOVE,12.71,0,66,"NO (need 2d, have 0d)",66.48,75.0,60.0,NEUTRAL (60-75),3259.6367,1140.19,121437.76,122577.96,99.1,0.9,1760.21,22.58
2020-01-16,232,BULL_100,NO,NONE,331.13,37.395,37.895,1.34,12.32,30.0,NO,298.67,ABOVE,32.46,NO,N/A,316.59,ABOVE,14.54,0,67,"NO (need 2d, have 0d)",69.61,75.0,60.0,NEUTRAL (60-75),3259.6367,1140.19,123523.93,124664.12,99.1,0.9,2086.16,24.66
2020-01-17,233,BULL_100,NO,NONE,331.8,38.145,38.215,0.18,12.1,30.0,NO,298.9,ABOVE,32.9,NO,N/A,317.07,ABOVE,14.73,0,68,"NO (need 2d, have 0d)",70.46,75.0,60.0,NEUTRAL (60-75),3259.6367,1140.19,124567.02,125707.21,99.1,0.9,1043.09,25.71
2020-01-21,234,BULL_100,NO,NONE,331.2,37.76,38.02,0.69,12.85,30.0,NO,299.12,ABOVE,32.08,NO,N/A,317.56,ABOVE,13.64,0,69,"NO (need 2d, have 0d)",68.6,75.0,60.0,NEUTRAL (60-75),3259.6367,1140.19,123931.39,125071.58,99.1,0.9,-635.63,25.07
2020-01-22,235,BULL_100,NO,NONE,330.69,38.36,37.8,-1.46,12.91,30.0,NO,299.34,ABOVE,31.35,NO,N/A,318.03,ABOVE,12.66,0,70,"NO (need 2d, have 0d)",66.99,75.0,60.0,NEUTRAL (60-75),3259.6367,1140.19,123214.27,124354.46,99.1,0.9,-717.12,24.35
2020-01-23,236,BULL_100,NO,NONE,332.25,37.925,38.35,1.12,12.98,30.0,NO,299.56,ABOVE,32.69,NO,N/A,318.5,ABOVE,13.75,0,71,"NO (need 2d, have 0d)",69.36,75.0,60.0,NEUTRAL (60-75),3259.6367,1140.19,125007.07,126147.26,99.1,0.9,1792.8,26.15
2020-01-24,237,BULL_100,NO,NONE,328.41,38.53,36.94,-4.13,14.56,30.0,NO,299.76,ABOVE,28.65,NO,N/A,318.89,ABOVE,9.52,0,72,"NO (need 2d, have 0d)",58.25,75.0,60.0,COOL (<60),3259.6367,1140.19,120410.98,121551.17,99.1,0.9,-4596.09,21.55
2020-01-27,238,BULL_100,NO,NONE,324.03,36.035,35.55,-1.35,18.23,30.0,NO,299.94,ABOVE,24.09,NO,N/A,319.2,ABOVE,4.83,0,73,"NO (need 2d, have 0d)",48.67,75.0,60.0,COOL (<60),3259.6367,1140.19,115880.08,117020.27,99.0,1.0,-4530.9,17.02
2020-01-28,239,BULL_100,NO,NONE,326.89,35.56,36.42,2.42,16.28,30.0,NO,300.13,ABOVE,26.76,NO,N/A,319.57,ABOVE,7.32,0,74,"NO (need 2d, have 0d)",53.99,75.0,60.0,COOL (<60),3259.6367,1140.19,118715.97,119856.16,99.0,1.0,2835.89,19.86
2020-01-29,240,BULL_100,NO,NONE,326.73,36.78,36.475,-0.83,16.39,30.0,NO,300.33,ABOVE,26.4,NO,N/A,319.92,ABOVE,6.81,0,75,"NO (need 2d, have 0d)",53.65,75.0,60.0,COOL (<60),3259.6367,1140.19,118895.25,120035.44,99.1,0.9,179.28,20.04
2020-01-30,241,BULL_100,NO,NONE,328.32,35.635,36.925,3.62,15.49,30.0,NO,300.52,ABOVE,27.8,NO,N/A,320.29,ABOVE,8.03,0,76,"NO (need 2d, have 0d)",56.54,75.0,60.0,COOL (<60),3259.6367,1140.19,120362.08,121502.28,99.1,0.9,1466.84,21.5
2020-01-31,242,BULL_100,NO,NONE,321.92,36.575,34.75,-4.99,18.84,30.0,NO,300.68,ABOVE,21.24,NO,N/A,320.49,ABOVE,1.43,0,77,"NO (need 2d, have 0d)",44.52,75.0,60.0,COOL (<60),3259.6367,1140.19,113272.37,114412.57,99.0,1.0,-7089.71,14.41
2020-02-03,243,BULL_100,NO,NONE,323.61,35.2,35.185,-0.04,17.97,30.0,NO,300.84,ABOVE,22.77,NO,N/A,320.73,ABOVE,2.88,0,78,"NO (need 2d, have 0d)",47.68,75.0,60.0,COOL (<60),3259.6367,1140.19,114690.32,115830.51,99.0,1.0,1417.94,15.83
2020-02-04,244,BULL_100,NO,NONE,328.88,36.48,37.0,1.43,16.05,30.0,NO,301.04,ABOVE,27.84,NO,N/A,321.08,ABOVE,7.8,0,79,"NO (need 2d, have 0d)",56.09,75.0,60.0,COOL (<60),3259.6367,1140.19,120606.56,121746.75,99.1,0.9,5916.24,21.75
2020-02-05,245,BULL_100,NO,NONE,332.9,37.595,38.49,2.38,15.15,30.0,NO,301.25,ABOVE,31.65,NO,N/A,321.54,ABOVE,11.36,0,80,"NO (need 2d, have 0d)",61.21,75.0,60.0,NEUTRAL (60-75),3259.6367,1140.19,125463.42,126603.61,99.1,0.9,4856.86,26.6
2020-02-06,246,BULL_100,NO,NONE,334.45,38.78,38.83,0.13,14.96,30.0,NO,301.48,ABOVE,32.97,NO,N/A,322.02,ABOVE,12.43,0,81,"NO (need 2d, have 0d)",63.0,75.0,60.0,NEUTRAL (60-75),3259.6367,1140.19,126571.69,127711.88,99.1,0.9,1108.27,27.71
2020-02-07,247,BULL_100,NO,NONE,331.74,38.65,37.945,-1.82,15.47,30.0,NO,301.67,ABOVE,30.07,NO,N/A,322.43,ABOVE,9.31,0,82,"NO (need 2d, have 0d)",57.96,75.0,60.0,COOL (<60),3259.6367,1140.19,123686.91,124827.1,99.1,0.9,-2884.78,24.83
2020-02-10,248,BULL_100,NO,NONE,334.61,38.08,38.92,2.21,15.04,30.0,NO,301.88,ABOVE,32.73,NO,N/A,322.86,ABOVE,11.75,0,83,"NO (need 2d, have 0d)",61.48,75.0,60.0,NEUTRAL (60-75),3259.6367,1140.19,126865.06,128005.25,99.1,0.9,3178.15,28.01
2020-02-11,249,BULL_100,NO,NONE,335.62,39.26,39.325,0.17,15.18,30.0,NO,302.1,ABOVE,33.52,NO,N/A,323.29,ABOVE,12.33,0,84,"NO (need 2d, have 0d)",62.66,75.0,60.0,NEUTRAL (60-75),3259.6367,1140.19,128185.21,129325.4,99.1,0.9,1320.15,29.33
2020-02-12,250,BULL_100,NO,NONE,336.15,39.585,39.56,-0.06,13.74,30.0,NO,302.31,ABOVE,33.84,NO,N/A,323.72,ABOVE,12.43,0,85,"NO (need 2d, have 0d)",63.3,75.0,60.0,NEUTRAL (60-75),3259.6367,1140.19,128951.23,130091.42,99.1,0.9,766.02,30.09
2020-02-13,251,BULL_100,NO,NONE,337.06,39.375,39.695,0.81,14.15,30.0,NO,302.53,ABOVE,34.53,NO,N/A,324.17,ABOVE,12.89,0,86,"NO (need 2d, have 0d)",64.42,75.0,60.0,NEUTRAL (60-75),3259.6367,1140.19,129391.28,130531.47,99.1,0.9,440.05,30.53
2020-02-14,252,BULL_100,NO,NONE,337.81,39.945,39.94,-0.01,13.68,30.0,NO,302.75,ABOVE,35.06,NO,N/A,324.69,ABOVE,13.12,0,87,"NO (need 2d, have 0d)",65.36,75.0,60.0,NEUTRAL (60-75),3259.6367,1140.19,130189.89,131330.08,99.1,0.9,798.61,31.33
2020-02-18,253,BULL_100,NO,NONE,337.4,39.52,39.865,0.87,14.83,30.0,NO,302.98,ABOVE,34.42,NO,N/A,325.25,ABOVE,12.15,0,88,"NO (need 2d, have 0d)",64.36,75.0,60.0,NEUTRAL (60-75),3259.6367,1140.19,129945.42,131085.61,99.1,0.9,-244.47,31.09
2020-02-19,254,BULL_100,NO,NONE,338.86,39.825,40.27,1.12,14.38,30.0,NO,303.21,ABOVE,35.65,NO,N/A,325.8,ABOVE,13.06,0,89,"NO (need 2d, have 0d)",66.34,75.0,60.0,NEUTRAL (60-75),3259.6367,1140.19,131265.57,132405.76,99.1,0.9,1320.15,32.41
2020-02-20,255,BULL_100,NO,NONE,335.36,40.075,39.165,-2.27,15.56,30.0,NO,303.42,ABOVE,31.94,NO,N/A,326.27,ABOVE,9.09,0,90,"NO (need 2d, have 0d)",58.02,75.0,60.0,COOL (<60),3259.6367,1140.19,127663.67,128803.86,99.1,0.9,-3601.9,28.8
2020-02-21,256,BULL_100,NO,NONE,333.45,39.01,38.485,-1.35,17.08,30.0,NO,303.63,ABOVE,29.82,NO,N/A,326.64,ABOVE,6.81,0,91,"NO (need 2d, have 0d)",54.04,75.0,60.0,COOL (<60),3259.6367,1140.19,125447.12,126587.31,99.1,0.9,-2216.55,26.59
2020-02-24,257,BULL_100,NO,NONE,323.8,36.075,34.94,-3.15,25.03,30.0,NO,303.81,ABOVE,19.99,NO,N/A,326.84,BELOW,-3.04,1,0,"NO (need 2d, have 1d)",39.36,75.0,60.0,COOL (<60),3259.6367,1140.19,113891.71,115031.9,99.0,1.0,-11555.41,15.03
2020-02-25,258,BULL_100,NO,DEFENSIVE: SPY below 50-SMA for 2d,315.0,35.24,32.135,-8.81,27.85,30.0,NO,303.95,ABOVE,11.05,NO,N/A,326.87,BELOW,-11.87,2,0,YES,31.06,75.0,60.0,COOL (<60),3259.6367,1140.19,104748.42,105888.62,98.9,1.1,-9143.28,5.89
2020-02-26,259,DEFENSIVE,YES,NONE,310.28,31.045,30.71,-1.08,27.56,30.0,NO,304.06,ABOVE,6.22,NO,N/A,326.78,BELOW,-16.5,3,0,YES,27.69,75.0,60.0,COOL (<60),1648.1819,51066.75,50615.66,101682.42,49.8,50.2,-4206.2,1.68
2020-02-27,260,DEFENSIVE,NO,"KILL: VIX=39.2, SPY=296.87 vs 200SMA=304.10",296.87,30.66,26.46,-13.7,39.16,30.0,YES,304.1,BELOW,-7.23,YES,VIX>30.0 | SPY<200SMA,326.35,BELOW,-29.48,4,0,YES,20.79,75.0,60.0,COOL (<60),1648.1819,51066.75,43610.89,94677.64,46.1,53.9,-7004.78,-5.32
2020-02-28,261,CASH,YES,NONE,299.0,25.0,27.25,9.0,40.11,30.0,YES,304.2,BELOW,-5.2,YES,VIX>30.0 | SPY<200SMA,325.98,BELOW,-26.98,5,0,YES,24.03,75.0,60.0,COOL (<60),0.0,92187.89,0.0,92187.89,0.0,100.0,-2489.75,-7.81
2020-03-02,262,CASH,NO,NONE,308.3,27.565,29.68,7.67,33.42,30.0,YES,304.32,ABOVE,3.98,YES,VIX>30.0,325.76,BELOW,-17.46,6,0,YES,36.28,75.0,60.0,COOL (<60),0.0,92187.89,0.0,92187.89,0.0,100.0,-0.0,-7.81
2020-03-03,263,CASH,NO,NONE,299.34,29.735,27.07,-8.96,36.82,30.0,YES,304.39,BELOW,-5.05,YES,VIX>30.0 | SPY<200SMA,325.36,BELOW,-26.02,7,0,YES,31.08,75.0,60.0,COOL (<60),0.0,92187.89,0.0,92187.89,0.0,100.0,-0.0,-7.81
2020-03-04,264,CASH,NO,NONE,310.83,28.785,30.05,4.39,31.99,30.0,YES,304.51,ABOVE,6.32,YES,VIX>30.0,325.18,BELOW,-14.35,8,0,YES,42.47,75.0,60.0,COOL (<60),0.0,92187.89,0.0,92187.89,0.0,100.0,-0.0,-7.81
2020-03-05,265,CASH,NO,NONE,302.77,29.005,27.84,-4.02,39.62,30.0,YES,304.59,BELOW,-1.82,YES,VIX>30.0 | SPY<200SMA,324.81,BELOW,-22.04,9,0,YES,37.76,75.0,60.0,COOL (<60),0.0,92187.89,0.0,92187.89,0.0,100.0,-0.0,-7.81
2020-03-06,266,CASH,NO,NONE,295.35,26.805,25.85,-3.56,41.94,30.0,YES,304.64,BELOW,-9.29,YES,VIX>30.0 | SPY<200SMA,324.3,BELOW,-28.95,10,0,YES,34.01,75.0,60.0,COOL (<60),0.0,92187.89,0.0,92187.89,0.0,100.0,-0.0,-7.81
2020-03-09,267,CASH,NO,NONE,280.29,22.31,21.6,-3.18,54.46,30.0,YES,304.61,BELOW,-24.32,YES,VIX>30.0 | SPY<200SMA,323.47,BELOW,-43.18,11,0,YES,27.96,75.0,60.0,COOL (<60),0.0,92187.89,0.0,92187.89,0.0,100.0,-0.0,-7.81
2020-03-10,268,CASH,NO,NONE,283.17,21.87,22.0,0.59,47.3,30.0,YES,304.6,BELOW,-21.43,YES,VIX>30.0 | SPY<200SMA,322.71,BELOW,-39.54,12,0,YES,30.51,75.0,60.0,COOL (<60),0.0,92187.89,0.0,92187.89,0.0,100.0,-0.0,-7.81
2020-03-11,269,CASH,NO,NONE,273.8,21.72,19.825,-8.72,53.9,30.0,YES,304.56,BELOW,-30.76,YES,VIX>30.0 | SPY<200SMA,321.73,BELOW,-47.93,13,0,YES,27.14,75.0,60.0,COOL (<60),0.0,92187.89,0.0,92187.89,0.0,100.0,-0.0,-7.81
2020-03-12,270,CASH,NO,NONE,244.85,17.53,13.65,-22.13,75.47,30.0,YES,304.37,BELOW,-59.52,YES,VIX>30.0 | SPY<200SMA,320.18,BELOW,-75.33,14,0,YES,19.86,75.0,60.0,COOL (<60),0.0,92187.89,0.0,92187.89,0.0,100.0,-0.0,-7.81
2020-03-13,271,CASH,NO,NONE,267.15,15.295,17.37,13.57,57.83,30.0,YES,304.3,BELOW,-37.15,YES,VIX>30.0 | SPY<200SMA,319.09,BELOW,-51.94,15,0,YES,34.45,75.0,60.0,COOL (<60),0.0,92187.89,0.0,92187.89,0.0,100.0,-0.0,-7.81
2020-03-16,272,CASH,NO,NONE,244.86,15.15,12.51,-17.43,82.69,30.0,YES,304.13,BELOW,-59.27,YES,VIX>30.0 | SPY<200SMA,317.49,BELOW,-72.63,16,0,YES,28.8,75.0,60.0,COOL (<60),0.0,92187.89,0.0,92187.89,0.0,100.0,-0.0,-7.81
2020-03-17,273,CASH,NO,NONE,242.95,13.75,12.08,-12.15,75.91,30.0,YES,303.96,BELOW,-61.01,YES,VIX>30.0 | SPY<200SMA,315.89,BELOW,-72.94,17,0,YES,28.38,75.0,60.0,COOL (<60),0.0,92187.89,0.0,92187.89,0.0,100.0,-0.0,-7.81
2020-03-18,274,CASH,NO,NONE,246.0,11.505,12.54,9.0,76.45,30.0,YES,303.82,BELOW,-57.82,YES,VIX>30.0 | SPY<200SMA,314.35,BELOW,-68.35,18,0,YES,30.17,75.0,60.0,COOL (<60),0.0,92187.89,0.0,92187.89,0.0,100.0,-0.0,-7.81
2020-03-19,275,CASH,NO,NONE,237.35,11.395,11.19,-1.8,72.0,30.0,YES,303.63,BELOW,-66.28,YES,VIX>30.0 | SPY<200SMA,312.71,BELOW,-75.36,19,0,YES,28.03,75.0,60.0,COOL (<60),0.0,92187.89,0.0,92187.89,0.0,100.0,-0.0,-7.81
2020-03-20,276,CASH,NO,NONE,226.37,12.56,9.93,-20.94,66.04,30.0,YES,303.35,BELOW,-76.98,YES,VIX>30.0 | SPY<200SMA,310.73,BELOW,-84.36,20,0,YES,25.55,75.0,60.0,COOL (<60),0.0,92187.89,0.0,92187.89,0.0,100.0,-0.0,-7.81
2020-03-23,277,CASH,NO,NONE,226.39,9.125,9.775,7.12,61.59,30.0,YES,303.07,BELOW,-76.68,YES,VIX>30.0 | SPY<200SMA,308.72,BELOW,-82.33,21,0,YES,25.56,75.0,60.0,COOL (<60),0.0,92187.89,0.0,92187.89,0.0,100.0,-0.0,-7.81
2020-03-24,278,CASH,NO,NONE,242.47,10.655,11.775,10.51,61.67,30.0,YES,302.86,BELOW,-60.39,YES,VIX>30.0 | SPY<200SMA,307.06,BELOW,-64.59,22,0,YES,35.27,75.0,60.0,COOL (<60),0.0,92187.89,0.0,92187.89,0.0,100.0,-0.0,-7.81
2020-03-25,279,CASH,NO,NONE,246.96,12.31,12.395,0.69,63.95,30.0,YES,302.66,BELOW,-55.7,YES,VIX>30.0 | SPY<200SMA,305.43,BELOW,-58.47,23,0,YES,37.72,75.0,60.0,COOL (<60),0.0,92187.89,0.0,92187.89,0.0,100.0,-0.0,-7.81
2020-03-26,280,CASH,NO,NONE,263.35,11.695,14.885,27.28,61.0,30.0,YES,302.53,BELOW,-39.18,YES,VIX>30.0 | SPY<200SMA,304.15,BELOW,-40.8,24,0,YES,45.77,75.0,60.0,COOL (<60),0.0,92187.89,0.0,92187.89,0.0,100.0,-0.0,-7.81
2020-03-27,281,CASH,NO,NONE,252.09,13.75,12.95,-5.82,65.54,30.0,YES,302.34,BELOW,-50.25,YES,VIX>30.0 | SPY<200SMA,302.62,BELOW,-50.53,25,0,YES,41.77,75.0,60.0,COOL (<60),0.0,92187.89,0.0,92187.89,0.0,100.0,-0.0,-7.81
2020-03-30,282,CASH,NO,NONE,261.9,12.855,14.525,12.99,57.08,30.0,YES,302.21,BELOW,-40.31,YES,VIX>30.0 | SPY<200SMA,301.23,BELOW,-39.33,26,0,YES,46.18,75.0,60.0,COOL (<60),0.0,92187.89,0.0,92187.89,0.0,100.0,-0.0,-7.81
2020-03-31,283,CASH,NO,NONE,254.31,14.79,13.3,-10.07,53.54,30.0,YES,302.03,BELOW,-47.72,YES,VIX>30.0 | SPY<200SMA,299.68,BELOW,-45.37,27,0,YES,43.44,75.0,60.0,COOL (<60),0.0,92187.89,0.0,92187.89,0.0,100.0,-0.0,-7.81
2020-04-01,284,CASH,NO,NONE,247.5,12.445,12.15,-2.37,57.06,30.0,YES,301.82,BELOW,-54.32,YES,VIX>30.0 | SPY<200SMA,298.01,BELOW,-50.51,28,0,YES,41.09,75.0,60.0,COOL (<60),0.0,92187.89,0.0,92187.89,0.0,100.0,-0.0,-7.81
2020-04-02,285,CASH,NO,NONE,250.89,12.5,12.62,0.96,50.91,30.0,YES,301.63,BELOW,-50.74,YES,VIX>30.0 | SPY<200SMA,296.41,BELOW,-45.52,29,0,YES,42.75,75.0,60.0,COOL (<60),0.0,92187.89,0.0,92187.89,0.0,100.0,-0.0,-7.81
2020-04-03,286,CASH,NO,NONE,247.99,12.5,12.18,-2.56,46.8,30.0,YES,301.41,BELOW,-53.42,YES,VIX>30.0 | SPY<200SMA,294.73,BELOW,-46.74,30,0,YES,41.66,75.0,60.0,COOL (<60),0.0,92187.89,0.0,92187.89,0.0,100.0,-0.0,-7.81
2020-04-06,287,CASH,NO,NONE,266.53,13.685,14.945,9.21,45.24,30.0,YES,301.27,BELOW,-34.74,YES,VIX>30.0 | SPY<200SMA,293.49,BELOW,-26.96,31,0,YES,50.33,75.0,60.0,COOL (<60),0.0,92187.89,0.0,92187.89,0.0,100.0,-0.0,-7.81
2020-04-07,288,CASH,NO,NONE,265.2,15.695,14.73,-6.15,46.7,30.0,YES,301.12,BELOW,-35.92,YES,VIX>30.0 | SPY<200SMA,292.31,BELOW,-27.11,32,0,YES,49.76,75.0,60.0,COOL (<60),0.0,92187.89,0.0,92187.89,0.0,100.0,-0.0,-7.81
2020-04-08,289,CASH,NO,NONE,274.97,14.795,16.39,10.78,43.35,30.0,YES,301.03,BELOW,-26.06,YES,VIX>30.0 | SPY<200SMA,291.28,BELOW,-16.31,33,0,YES,53.9,75.0,60.0,COOL (<60),0.0,92187.89,0.0,92187.89,0.0,100.0,-0.0,-7.81
2020-04-09,290,CASH,NO,NONE,279.03,16.71,17.1,2.33,41.67,30.0,YES,300.95,BELOW,-21.92,YES,VIX>30.0 | SPY<200SMA,290.32,BELOW,-11.29,34,0,YES,55.54,75.0,60.0,COOL (<60),0.0,92187.89,0.0,92187.89,0.0,100.0,-0.0,-7.81
2020-04-13,291,CASH,NO,NONE,277.02,16.48,16.68,1.21,41.17,30.0,YES,300.88,BELOW,-23.86,YES,VIX>30.0 | SPY<200SMA,289.3,BELOW,-12.28,35,0,YES,54.51,75.0,60.0,COOL (<60),0.0,92187.89,0.0,92187.89,0.0,100.0,-0.0,-7.81
2020-04-14,292,CASH,NO,NONE,283.39,17.07,17.875,4.72,37.76,30.0,YES,300.85,BELOW,-17.46,YES,VIX>30.0 | SPY<200SMA,288.52,BELOW,-5.13,36,0,YES,57.23,75.0,60.0,COOL (<60),0.0,92187.89,0.0,92187.89,0.0,100.0,-0.0,-7.81
2020-04-15,293,CASH,NO,NONE,275.66,17.315,16.415,-5.2,40.84,30.0,YES,300.77,BELOW,-25.11,YES,VIX>30.0 | SPY<200SMA,287.57,BELOW,-11.91,37,0,YES,53.08,75.0,60.0,COOL (<60),0.0,92187.89,0.0,92187.89,0.0,100.0,-0.0,-7.81
2020-04-16,294,CASH,NO,NONE,287.51,17.115,18.555,8.41,40.11,30.0,YES,300.73,BELOW,-13.22,YES,VIX>30.0 | SPY<200SMA,286.74,ABOVE,0.77,0,1,"NO (need 2d, have 0d)",58.09,75.0,60.0,COOL (<60),0.0,92187.89,0.0,92187.89,0.0,100.0,-0.0,-7.81
2020-04-17,295,CASH,NO,NONE,286.65,18.405,18.425,0.11,38.15,30.0,YES,300.69,BELOW,-14.04,YES,VIX>30.0 | SPY<200SMA,285.81,ABOVE,0.84,0,2,"NO (need 2d, have 0d)",57.61,75.0,60.0,COOL (<60),0.0,92187.89,0.0,92187.89,0.0,100.0,-0.0,-7.81
2020-04-20,296,CASH,NO,NONE,281.92,18.18,17.51,-3.69,43.83,30.0,YES,300.61,BELOW,-18.69,YES,VIX>30.0 | SPY<200SMA,284.76,BELOW,-2.84,1,0,"NO (need 2d, have 1d)",54.92,75.0,60.0,COOL (<60),0.0,92187.89,0.0,92187.89,0.0,100.0,-0.0,-7.81
2020-04-21,297,CASH,NO,NONE,274.47,17.1,16.06,-6.08,45.41,30.0,YES,300.49,BELOW,-26.02,YES,VIX>30.0 | SPY<200SMA,283.62,BELOW,-9.15,2,0,YES,50.89,75.0,60.0,COOL (<60),0.0,92187.89,0.0,92187.89,0.0,100.0,-0.0,-7.81
2020-04-22,298,CASH,NO,NONE,278.13,16.3,16.71,2.52,41.98,30.0,YES,300.39,BELOW,-22.26,YES,VIX>30.0 | SPY<200SMA,282.49,BELOW,-4.36,3,0,YES,52.72,75.0,60.0,COOL (<60),0.0,92187.89,0.0,92187.89,0.0,100.0,-0.0,-7.81
2020-04-23,299,CASH,NO,NONE,277.37,16.795,16.58,-1.28,41.38,30.0,YES,300.3,BELOW,-22.93,YES,VIX>30.0 | SPY<200SMA,281.32,BELOW,-3.95,4,0,YES,52.29,75.0,60.0,COOL (<60),0.0,92187.89,0.0,92187.89,0.0,100.0,-0.0,-7.81
2020-04-24,300,CASH,NO,NONE,283.25,16.645,17.575,5.59,35.93,30.0,YES,300.23,BELOW,-16.98,YES,VIX>30.0 | SPY<200SMA,280.26,ABOVE,2.99,0,1,"NO (need 2d, have 0d)",55.37,75.0,60.0,COOL (<60),0.0,92187.89,0.0,92187.89,0.0,100.0,-0.0,-7.81
2020-04-27,301,CASH,NO,NONE,286.95,17.935,18.325,2.17,33.29,30.0,YES,300.17,BELOW,-13.22,YES,VIX>30.0 | SPY<200SMA,279.26,ABOVE,7.69,0,2,"NO (need 2d, have 0d)",57.24,75.0,60.0,COOL (<60),0.0,92187.89,0.0,92187.89,0.0,100.0,-0.0,-7.81
2020-04-28,302,CASH,NO,NONE,287.39,18.47,18.39,-0.43,33.57,30.0,YES,300.11,BELOW,-12.72,YES,VIX>30.0 | SPY<200SMA,278.25,ABOVE,9.14,0,3,"NO (need 2d, have 0d)",57.47,75.0,60.0,COOL (<60),0.0,92187.89,0.0,92187.89,0.0,100.0,-0.0,-7.81
2020-04-29,303,CASH,NO,NONE,294.84,18.72,19.855,6.06,31.23,30.0,YES,300.08,BELOW,-5.24,YES,VIX>30.0 | SPY<200SMA,277.4,ABOVE,17.44,0,4,"NO (need 2d, have 0d)",61.25,75.0,60.0,NEUTRAL (60-75),0.0,92187.89,0.0,92187.89,0.0,100.0,-0.0,-7.81
2020-04-30,304,CASH,NO,NONE,287.68,19.745,18.43,-6.66,34.15,30.0,YES,300.01,BELOW,-12.33,YES,VIX>30.0 | SPY<200SMA,276.38,ABOVE,11.3,0,5,"NO (need 2d, have 0d)",56.09,75.0,60.0,COOL (<60),0.0,92187.89,0.0,92187.89,0.0,100.0,-0.0,-7.81
2020-05-01,305,CASH,NO,NONE,282.81,18.055,17.43,-3.46,37.19,30.0,YES,299.93,BELOW,-17.12,YES,VIX>30.0 | SPY<200SMA,275.33,ABOVE,7.48,0,6,"NO (need 2d, have 0d)",52.83,75.0,60.0,COOL (<60),0.0,92187.89,0.0,92187.89,0.0,100.0,-0.0,-7.81
2020-05-04,306,CASH,NO,NONE,283.5,17.12,17.545,2.48,35.97,30.0,YES,299.86,BELOW,-16.36,YES,VIX>30.0 | SPY<200SMA,274.33,ABOVE,9.17,0,7,"NO (need 2d, have 0d)",53.25,75.0,60.0,COOL (<60),0.0,92187.89,0.0,92187.89,0.0,100.0,-0.0,-7.81
2020-05-05,307,CASH,NO,NONE,287.02,18.13,18.225,0.52,33.61,30.0,YES,299.8,BELOW,-12.78,YES,VIX>30.0 | SPY<200SMA,273.59,ABOVE,13.43,0,8,"NO (need 2d, have 0d)",55.4,75.0,60.0,COOL (<60),0.0,92187.89,0.0,92187.89,0.0,100.0,-0.0,-7.81
2020-05-06,308,CASH,NO,NONE,283.68,18.39,17.595,-4.32,34.12,30.0,YES,299.74,BELOW,-16.06,YES,VIX>30.0 | SPY<200SMA,272.97,ABOVE,10.71,0,9,"NO (need 2d, have 0d)",52.91,75.0,60.0,COOL (<60),0.0,92187.89,0.0,92187.89,0.0,100.0,-0.0,-7.81
2020-05-07,309,CASH,NO,NONE,289.52,18.185,18.685,2.75,31.44,30.0,YES,299.7,BELOW,-10.18,YES,VIX>30.0 | SPY<200SMA,272.55,ABOVE,16.97,0,10,"NO (need 2d, have 0d)",56.58,75.0,60.0,COOL (<60),0.0,92187.89,0.0,92187.89,0.0,100.0,-0.0,-7.81
2020-05-08,310,CASH,NO,NONE,293.74,18.99,19.425,2.29,27.98,30.0,NO,299.67,BELOW,-5.93,YES,SPY<200SMA,272.49,ABOVE,21.25,0,11,"NO (need 2d, have 0d)",59.07,75.0,60.0,COOL (<60),0.0,92187.89,0.0,92187.89,0.0,100.0,-0.0,-7.81
2020-05-11,311,CASH,NO,NONE,291.95,19.58,19.155,-2.17,27.57,30.0,NO,299.62,BELOW,-7.67,YES,SPY<200SMA,272.35,ABOVE,19.6,0,12,"NO (need 2d, have 0d)",57.56,75.0,60.0,COOL (<60),0.0,92187.89,0.0,92187.89,0.0,100.0,-0.0,-7.81
2020-05-12,312,CASH,NO,NONE,283.29,19.1,17.48,-8.48,33.04,30.0,YES,299.53,BELOW,-16.24,YES,VIX>30.0 | SPY<200SMA,271.85,ABOVE,11.44,0,13,"NO (need 2d, have 0d)",50.82,75.0,60.0,COOL (<60),0.0,92187.89,0.0,92187.89,0.0,100.0,-0.0,-7.81
2020-05-13,313,CASH,NO,NONE,282.02,17.915,17.26,-3.66,35.28,30.0,YES,299.44,BELOW,-17.42,YES,VIX>30.0 | SPY<200SMA,271.5,ABOVE,10.52,0,14,"NO (need 2d, have 0d)",49.9,75.0,60.0,COOL (<60),0.0,92187.89,0.0,92187.89,0.0,100.0,-0.0,-7.81
2020-05-14,314,CASH,NO,NONE,285.72,17.06,17.89,4.87,32.61,30.0,YES,299.36,BELOW,-13.64,YES,VIX>30.0 | SPY<200SMA,271.0,ABOVE,14.72,0,15,"NO (need 2d, have 0d)",52.6,75.0,60.0,COOL (<60),0.0,92187.89,0.0,92187.89,0.0,100.0,-0.0,-7.81
2020-05-15,315,CASH,NO,NONE,285.69,17.95,17.925,-0.14,31.89,30.0,YES,299.28,BELOW,-13.59,YES,VIX>30.0 | SPY<200SMA,270.66,ABOVE,15.03,0,16,"NO (need 2d, have 0d)",52.57,75.0,60.0,COOL (<60),0.0,92187.89,0.0,92187.89,0.0,100.0,-0.0,-7.81
2020-05-18,316,CASH,NO,NONE,295.4,18.645,19.76,5.98,29.3,30.0,NO,299.27,BELOW,-3.87,YES,SPY<200SMA,270.66,ABOVE,24.74,0,17,"NO (need 2d, have 0d)",59.26,75.0,60.0,COOL (<60),0.0,92187.89,0.0,92187.89,0.0,100.0,-0.0,-7.81
2020-05-19,317,CASH,NO,NONE,292.72,19.66,19.185,-2.42,30.53,30.0,YES,299.27,BELOW,-6.55,YES,VIX>30.0 | SPY<200SMA,270.91,ABOVE,21.81,0,18,"NO (need 2d, have 0d)",56.88,75.0,60.0,COOL (<60),0.0,92187.89,0.0,92187.89,0.0,100.0,-0.0,-7.81
2020-05-20,318,CASH,NO,NONE,296.83,19.375,19.99,3.17,27.99,30.0,NO,299.29,BELOW,-2.46,YES,SPY<200SMA,271.18,ABOVE,25.65,0,19,"NO (need 2d, have 0d)",59.56,75.0,60.0,COOL (<60),0.0,92187.89,0.0,92187.89,0.0,100.0,-0.0,-7.81
2020-05-21,319,CASH,NO,NONE,295.38,19.61,19.665,0.28,29.53,30.0,NO,299.37,BELOW,-3.99,YES,SPY<200SMA,271.61,ABOVE,23.77,0,20,"NO (need 2d, have 0d)",58.18,75.0,60.0,COOL (<60),0.0,92187.89,0.0,92187.89,0.0,100.0,-0.0,-7.81
2020-05-22,320,CASH,NO,NONE,295.57,18.88,19.81,4.93,28.16,30.0,NO,299.42,BELOW,-3.85,YES,SPY<200SMA,272.63,ABOVE,22.94,0,21,"NO (need 2d, have 0d)",58.32,75.0,60.0,COOL (<60),0.0,92187.89,0.0,92187.89,0.0,100.0,-0.0,-7.81
2020-05-26,321,CASH,NO,NONE,299.39,20.77,20.52,-1.2,28.01,30.0,NO,299.48,BELOW,-0.09,YES,SPY<200SMA,273.27,ABOVE,26.12,0,22,"NO (need 2d, have 0d)",61.06,75.0,60.0,NEUTRAL (60-75),0.0,92187.89,0.0,92187.89,0.0,100.0,-0.0,-7.81
2020-05-27,322,CASH,NO,"RE-ENTRY: SPY>300(200), VIX=27.6<30, SPY>274(50)",304.45,21.065,21.495,2.04,27.62,30.0,NO,299.54,ABOVE,4.91,NO,N/A,274.46,ABOVE,29.99,0,23,"NO (need 2d, have 0d)",64.4,75.0,60.0,NEUTRAL (60-75),0.0,92187.89,0.0,92187.89,0.0,100.0,-0.0,-7.81
2020-05-28,323,BULL_100,YES,NONE,302.79,21.65,21.19,-2.12,28.59,30.0,NO,299.59,ABOVE,3.2,NO,N/A,275.66,ABOVE,27.13,0,24,"NO (need 2d, have 0d)",62.51,75.0,60.0,NEUTRAL (60-75),4215.52,738.35,89326.87,90065.22,99.2,0.8,-2122.67,-9.93
2020-05-29,324,BULL_100,NO,NONE,306.09,21.055,21.82,3.63,27.51,30.0,NO,299.68,ABOVE,6.41,NO,N/A,276.86,ABOVE,29.23,0,25,"NO (need 2d, have 0d)",64.73,75.0,60.0,NEUTRAL (60-75),4215.52,738.35,91982.65,92720.99,99.2,0.8,2655.77,-7.28
2020-06-01,325,BULL_100,NO,NONE,304.19,21.68,21.48,-0.92,28.23,30.0,NO,299.74,ABOVE,4.45,NO,N/A,278.2,ABOVE,25.99,0,26,"NO (need 2d, have 0d)",62.43,75.0,60.0,NEUTRAL (60-75),4215.52,738.35,90549.37,91287.72,99.2,0.8,-1433.27,-8.71
2020-06-02,326,BULL_100,NO,NONE,308.89,21.8,22.485,3.14,26.84,30.0,NO,299.86,ABOVE,9.03,NO,N/A,279.85,ABOVE,29.04,0,27,"NO (need 2d, have 0d)",65.67,75.0,60.0,NEUTRAL (60-75),4215.52,738.35,94785.97,95524.32,99.2,0.8,4236.6,-4.48
2020-06-03,327,BULL_100,NO,NONE,312.66,22.54,23.325,3.48,25.66,30.0,NO,299.99,ABOVE,12.67,NO,N/A,281.57,ABOVE,31.09,0,28,"NO (need 2d, have 0d)",68.05,75.0,60.0,NEUTRAL (60-75),4215.52,738.35,98327.01,99065.35,99.3,0.7,3541.03,-0.93
2020-06-04,328,BULL_100,NO,NONE,311.2,22.98,22.99,0.04,25.81,30.0,NO,300.11,ABOVE,11.09,NO,N/A,282.95,ABOVE,28.25,0,29,"NO (need 2d, have 0d)",66.14,75.0,60.0,NEUTRAL (60-75),4215.52,738.35,96914.81,97653.15,99.2,0.8,-1412.2,-2.35
2020-06-05,329,BULL_100,NO,NONE,319.15,23.77,24.725,4.02,24.52,30.0,NO,300.24,ABOVE,18.91,NO,N/A,284.39,ABOVE,34.76,0,30,"NO (need 2d, have 0d)",70.93,75.0,60.0,NEUTRAL (60-75),4215.52,738.35,104228.73,104967.08,99.3,0.7,7313.93,4.97
2020-06-08,330,BULL_100,NO,NONE,322.61,24.72,25.55,3.36,25.81,30.0,NO,300.41,ABOVE,22.2,NO,N/A,285.58,ABOVE,37.03,0,31,"NO (need 2d, have 0d)",72.74,75.0,60.0,NEUTRAL (60-75),4215.52,738.35,107706.54,108444.88,99.3,0.7,3477.8,8.44
2020-06-09,331,BULL_100,NO,NONE,321.92,25.23,25.37,0.55,27.57,30.0,NO,300.55,ABOVE,21.37,NO,N/A,286.97,ABOVE,34.95,0,32,"NO (need 2d, have 0d)",71.78,75.0,60.0,NEUTRAL (60-75),4215.52,738.35,106947.74,107686.09,99.3,0.7,-758.79,7.69
2020-06-10,332,BULL_100,NO,NONE,316.68,25.455,24.16,-5.09,27.57,30.0,NO,300.67,ABOVE,16.01,NO,N/A,288.07,ABOVE,28.61,0,33,"NO (need 2d, have 0d)",64.8,75.0,60.0,NEUTRAL (60-75),4215.52,738.35,101846.96,102585.31,99.3,0.7,-5100.78,2.59
2020-06-11,333,BULL_100,NO,"KILL: VIX=40.8, SPY=303.08 vs 200SMA=300.76",303.08,23.315,20.87,-10.49,40.79,30.0,YES,300.76,ABOVE,2.32,YES,VIX>30.0,289.05,ABOVE,14.03,0,34,"NO (need 2d, have 0d)",50.94,75.0,60.0,COOL (<60),4215.52,738.35,87977.9,88716.25,99.2,0.8,-13869.06,-11.28
2020-06-12,334,CASH,YES,NONE,303.5,21.26,21.075,-0.87,36.09,30.0,YES,300.84,ABOVE,2.66,YES,VIX>30.0,290.17,ABOVE,13.33,0,35,"NO (need 2d, have 0d)",51.29,75.0,60.0,COOL (<60),0.0,90180.06,0.0,90180.06,0.0,100.0,1463.81,-9.82
2020-06-15,335,CASH,NO,NONE,310.15,19.5,22.375,14.74,34.4,30.0,YES,300.96,ABOVE,9.19,YES,VIX>30.0,291.35,ABOVE,18.8,0,36,"NO (need 2d, have 0d)",56.52,75.0,60.0,COOL (<60),0.0,90180.06,0.0,90180.06,0.0,100.0,-0.0,-9.82
2020-06-16,336,CASH,NO,NONE,313.9,22.32,23.165,3.79,33.67,30.0,YES,301.08,ABOVE,12.82,YES,VIX>30.0,292.67,ABOVE,21.23,0,37,"NO (need 2d, have 0d)",59.19,75.0,60.0,COOL (<60),0.0,90180.06,0.0,90180.06,0.0,100.0,-0.0,-9.82
2020-06-17,337,CASH,NO,NONE,310.6,23.46,22.43,-4.39,33.47,30.0,YES,301.17,ABOVE,9.43,YES,VIX>30.0,293.55,ABOVE,17.05,0,38,"NO (need 2d, have 0d)",55.94,75.0,60.0,COOL (<60),0.0,90180.06,0.0,90180.06,0.0,100.0,-0.0,-9.82
2020-06-18,338,CASH,NO,NONE,312.93,22.765,22.95,0.81,32.94,30.0,YES,301.28,ABOVE,11.65,YES,VIX>30.0,294.5,ABOVE,18.43,0,39,"NO (need 2d, have 0d)",57.7,75.0,60.0,COOL (<60),0.0,90180.06,0.0,90180.06,0.0,100.0,-0.0,-9.82
2020-06-19,339,CASH,NO,NONE,306.15,22.935,21.885,-4.58,35.12,30.0,YES,301.35,ABOVE,4.8,YES,VIX>30.0,295.13,ABOVE,11.02,0,40,"NO (need 2d, have 0d)",51.27,75.0,60.0,COOL (<60),0.0,90180.06,0.0,90180.06,0.0,100.0,-0.0,-9.82
2020-06-22,340,CASH,NO,NONE,312.29,22.3,23.135,3.74,31.77,30.0,YES,301.45,ABOVE,10.84,YES,VIX>30.0,295.79,ABOVE,16.5,0,41,"NO (need 2d, have 0d)",56.05,75.0,60.0,COOL (<60),0.0,90180.06,0.0,90180.06,0.0,100.0,-0.0,-9.82
2020-06-23,341,CASH,NO,NONE,311.2,23.35,22.88,-2.01,31.37,30.0,YES,301.51,ABOVE,9.69,YES,VIX>30.0,296.48,ABOVE,14.72,0,42,"NO (need 2d, have 0d)",55.02,75.0,60.0,COOL (<60),0.0,90180.06,0.0,90180.06,0.0,100.0,-0.0,-9.82
2020-06-24,342,CASH,NO,NONE,303.82,22.745,21.245,-6.59,33.84,30.0,YES,301.54,ABOVE,2.28,YES,VIX>30.0,296.89,ABOVE,6.93,0,43,"NO (need 2d, have 0d)",48.51,75.0,60.0,COOL (<60),0.0,90180.06,0.0,90180.06,0.0,100.0,-0.0,-9.82
2020-06-25,343,CASH,NO,NONE,307.37,20.935,22.0,5.09,32.22,30.0,YES,301.58,ABOVE,5.79,YES,VIX>30.0,297.52,ABOVE,9.85,0,44,"NO (need 2d, have 0d)",51.48,75.0,60.0,COOL (<60),0.0,90180.06,0.0,90180.06,0.0,100.0,-0.0,-9.82
2020-06-26,344,CASH,NO,NONE,300.15,21.7,20.445,-5.78,34.73,30.0,YES,301.59,BELOW,-1.44,YES,VIX>30.0 | SPY<200SMA,297.77,ABOVE,2.38,0,45,"NO (need 2d, have 0d)",45.7,75.0,60.0,COOL (<60),0.0,90180.06,0.0,90180.06,0.0,100.0,-0.0,-9.82
2020-06-29,345,CASH,NO,NONE,305.48,20.58,21.53,4.62,31.78,30.0,YES,301.61,ABOVE,3.87,YES,VIX>30.0,298.15,ABOVE,7.33,0,46,"NO (need 2d, have 0d)",50.15,75.0,60.0,COOL (<60),0.0,90180.06,0.0,90180.06,0.0,100.0,-0.0,-9.82
2020-06-30,346,CASH,NO,NONE,308.28,21.24,22.105,4.07,30.43,30.0,YES,301.64,ABOVE,6.64,YES,VIX>30.0,298.68,ABOVE,9.6,0,47,"NO (need 2d, have 0d)",52.36,75.0,60.0,COOL (<60),0.0,90180.06,0.0,90180.06,0.0,100.0,-0.0,-9.82
2020-07-01,347,CASH,NO,"RE-ENTRY: SPY>302(200), VIX=28.6<30, SPY>299(50)",310.35,22.245,22.59,1.55,28.62,30.0,NO,301.69,ABOVE,8.66,NO,N/A,299.39,ABOVE,10.96,0,48,"NO (need 2d, have 0d)",53.98,75.0,60.0,COOL (<60),0.0,90180.06,0.0,90180.06,0.0,100.0,-0.0,-9.82
2020-07-02,348,BULL_100,YES,NONE,312.7,22.975,23.07,0.41,27.68,30.0,NO,301.75,ABOVE,10.95,NO,N/A,300.09,ABOVE,12.61,0,49,"NO (need 2d, have 0d)",55.82,75.0,60.0,COOL (<60),3885.8872,722.24,89647.42,90369.66,99.2,0.8,189.6,-9.63
2020-07-06,349,BULL_100,NO,NONE,317.73,23.97,24.175,0.86,27.94,30.0,NO,301.84,ABOVE,15.89,NO,N/A,300.89,ABOVE,16.84,0,50,"NO (need 2d, have 0d)",59.55,75.0,60.0,COOL (<60),3885.8872,722.24,93941.32,94663.57,99.2,0.8,4293.91,-5.34
2020-07-07,350,BULL_100,NO,NONE,314.18,23.62,23.38,-1.02,29.43,30.0,NO,301.9,ABOVE,12.28,NO,N/A,301.51,ABOVE,12.67,0,51,"NO (need 2d, have 0d)",55.96,75.0,60.0,COOL (<60),3885.8872,722.24,90852.04,91574.29,99.2,0.8,-3089.28,-8.43
2020-07-08,351,BULL_100,NO,NONE,316.85,23.425,23.96,2.28,28.08,30.0,NO,301.98,ABOVE,14.87,NO,N/A,302.11,ABOVE,14.74,0,52,"NO (need 2d, have 0d)",58.01,75.0,60.0,COOL (<60),3885.8872,722.24,93105.86,93828.1,99.2,0.8,2253.81,-6.17
2020-07-09,352,BULL_100,NO,NONE,315.16,23.82,23.58,-1.01,29.26,30.0,NO,302.07,ABOVE,13.09,NO,N/A,302.66,ABOVE,12.5,0,53,"NO (need 2d, have 0d)",56.23,75.0,60.0,COOL (<60),3885.8872,722.24,91629.22,92351.46,99.2,0.8,-1476.64,-7.65
2020-07-10,353,BULL_100,NO,NONE,318.11,23.145,24.24,4.73,27.29,30.0,NO,302.16,ABOVE,15.95,NO,N/A,303.13,ABOVE,14.98,0,54,"NO (need 2d, have 0d)",58.62,75.0,60.0,COOL (<60),3885.8872,722.24,94193.91,94916.15,99.2,0.8,2564.69,-5.08
2020-07-13,354,BULL_100,NO,"KILL: VIX=32.2, SPY=315.50 vs 200SMA=302.26",315.5,24.475,23.635,-3.43,32.19,30.0,YES,302.26,ABOVE,13.24,YES,VIX>30.0,303.69,ABOVE,11.81,0,55,"NO (need 2d, have 0d)",55.72,75.0,60.0,COOL (<60),3885.8872,722.24,91842.94,92565.19,99.2,0.8,-2350.96,-7.43
2020-07-14,355,CASH,YES,"RE-ENTRY: SPY>302(200), VIX=29.5<30, SPY>304(50)",320.99,23.685,24.85,4.92,29.52,30.0,NO,302.38,ABOVE,18.61,NO,N/A,304.45,ABOVE,16.54,0,56,"NO (need 2d, have 0d)",60.18,75.0,60.0,NEUTRAL (60-75),0.0,92574.41,0.0,92574.41,0.0,100.0,9.22,-7.43
2020-07-15,356,BULL_100,YES,NONE,321.86,24.83,25.075,0.99,27.76,30.0,NO,302.5,ABOVE,19.36,NO,N/A,305.22,ABOVE,16.64,0,57,"NO (need 2d, have 0d)",60.86,75.0,60.0,NEUTRAL (60-75),3691.0457,741.45,92552.97,93294.42,99.2,0.8,720.01,-6.71
2020-07-16,357,BULL_100,NO,NONE,320.41,24.675,24.725,0.2,28.0,30.0,NO,302.62,ABOVE,17.79,NO,N/A,305.89,ABOVE,14.52,0,58,"NO (need 2d, have 0d)",59.06,75.0,60.0,COOL (<60),3691.0457,741.45,91261.1,92002.55,99.2,0.8,-1291.87,-8.0
2020-07-17,358,BULL_100,NO,NONE,321.9,24.69,25.0,1.26,25.68,30.0,NO,302.75,ABOVE,19.15,NO,N/A,306.65,ABOVE,15.25,0,59,"NO (need 2d, have 0d)",60.36,75.0,60.0,NEUTRAL (60-75),3691.0457,741.45,92276.14,93017.59,99.2,0.8,1015.04,-6.98
2020-07-20,359,BULL_100,NO,NONE,324.38,24.59,25.665,4.37,24.46,30.0,NO,302.9,ABOVE,21.48,NO,N/A,307.35,ABOVE,17.03,0,60,"NO (need 2d, have 0d)",62.48,75.0,60.0,NEUTRAL (60-75),3691.0457,741.45,94730.69,95472.13,99.2,0.8,2454.54,-4.53
2020-07-21,360,BULL_100,NO,NONE,325.6,26.155,25.945,-0.8,24.84,30.0,NO,303.09,ABOVE,22.51,NO,N/A,307.98,ABOVE,17.62,0,61,"NO (need 2d, have 0d)",63.52,75.0,60.0,NEUTRAL (60-75),3691.0457,741.45,95764.18,96505.63,99.2,0.8,1033.5,-3.49
2020-07-22,361,BULL_100,NO,NONE,326.15,25.65,26.055,1.58,24.32,30.0,NO,303.27,ABOVE,22.88,NO,N/A,308.67,ABOVE,17.48,0,62,"NO (need 2d, have 0d)",64.0,75.0,60.0,NEUTRAL (60-75),3691.0457,741.45,96170.19,96911.64,99.2,0.8,406.01,-3.09
2020-07-23,362,BULL_100,NO,NONE,323.43,26.615,25.415,-4.51,26.08,30.0,NO,303.41,ABOVE,20.02,NO,N/A,309.47,ABOVE,13.96,0,63,"NO (need 2d, have 0d)",59.79,75.0,60.0,COOL (<60),3691.0457,741.45,93807.93,94549.37,99.2,0.8,-2362.27,-5.45
2020-07-24,363,BULL_100,NO,NONE,320.3,24.785,24.625,-0.65,25.84,30.0,NO,303.55,ABOVE,16.75,NO,N/A,310.24,ABOVE,10.06,0,64,"NO (need 2d, have 0d)",55.28,75.0,60.0,COOL (<60),3691.0457,741.45,90892.0,91633.45,99.2,0.8,-2915.92,-8.37
2020-07-27,364,BULL_100,NO,NONE,323.75,24.99,25.41,1.68,24.74,30.0,NO,303.73,ABOVE,20.02,NO,N/A,311.0,ABOVE,12.75,0,65,"NO (need 2d, have 0d)",58.95,75.0,60.0,COOL (<60),3691.0457,741.45,93789.47,94530.92,99.2,0.8,2897.47,-5.47
2020-07-28,365,BULL_100,NO,NONE,321.8,25.385,25.01,-1.48,25.44,30.0,NO,303.89,ABOVE,17.91,NO,N/A,311.72,ABOVE,10.08,0,66,"NO (need 2d, have 0d)",56.15,75.0,60.0,COOL (<60),3691.0457,741.45,92313.05,93054.5,99.2,0.8,-1476.42,-6.95
2020-07-29,366,BULL_100,NO,NONE,325.15,25.03,25.79,3.04,24.1,30.0,NO,304.04,ABOVE,21.11,NO,N/A,312.31,ABOVE,12.84,0,67,"NO (need 2d, have 0d)",59.7,75.0,60.0,COOL (<60),3691.0457,741.45,95192.07,95933.51,99.2,0.8,2879.01,-4.07
2020-07-30,367,BULL_100,NO,NONE,326.79,25.2,26.175,3.87,24.76,30.0,NO,304.19,ABOVE,22.6,NO,N/A,313.0,ABOVE,13.79,0,68,"NO (need 2d, have 0d)",61.35,75.0,60.0,NEUTRAL (60-75),3691.0457,741.45,96613.12,97354.57,99.2,0.8,1421.06,-2.65
2020-07-31,368,BULL_100,NO,NONE,326.44,25.875,26.02,0.56,24.46,30.0,NO,304.34,ABOVE,22.1,NO,N/A,313.59,ABOVE,12.85,0,69,"NO (need 2d, have 0d)",60.78,75.0,60.0,NEUTRAL (60-75),3691.0457,741.45,96041.01,96782.46,99.2,0.8,-572.11,-3.22
2020-08-03,369,BULL_100,NO,NONE,328.81,26.085,26.66,2.2,24.28,30.0,NO,304.49,ABOVE,24.32,NO,N/A,314.26,ABOVE,14.55,0,70,"NO (need 2d, have 0d)",63.27,75.0,60.0,NEUTRAL (60-75),3691.0457,741.45,98403.28,99144.72,99.3,0.7,2362.26,-0.86
2020-08-04,370,BULL_100,NO,NONE,329.98,26.5,26.95,1.7,23.76,30.0,NO,304.65,ABOVE,25.33,NO,N/A,314.94,ABOVE,15.04,0,71,"NO (need 2d, have 0d)",64.47,75.0,60.0,NEUTRAL (60-75),3691.0457,741.45,99473.68,100215.13,99.3,0.7,1070.41,0.22
2020-08-05,371,BULL_100,NO,NONE,331.98,27.365,27.435,0.26,22.99,30.0,NO,304.81,ABOVE,27.17,NO,N/A,315.6,ABOVE,16.38,0,72,"NO (need 2d, have 0d)",66.49,75.0,60.0,NEUTRAL (60-75),3691.0457,741.45,101263.84,102005.28,99.3,0.7,1790.15,2.01
2020-08-06,372,BULL_100,NO,NONE,334.11,27.46,27.985,1.91,22.65,30.0,NO,305.0,ABOVE,29.11,NO,N/A,316.19,ABOVE,17.92,0,73,"NO (need 2d, have 0d)",68.54,75.0,60.0,NEUTRAL (60-75),3691.0457,741.45,103293.91,104035.36,99.3,0.7,2030.08,4.04
2020-08-07,373,BULL_100,NO,NONE,334.57,27.925,28.05,0.45,22.21,30.0,NO,305.17,ABOVE,29.4,NO,N/A,316.83,ABOVE,17.74,0,74,"NO (need 2d, have 0d)",68.98,75.0,60.0,NEUTRAL (60-75),3691.0457,741.45,103533.83,104275.28,99.3,0.7,239.92,4.28
2020-08-10,374,BULL_100,NO,NONE,335.32,28.195,28.255,0.21,22.13,30.0,NO,305.35,ABOVE,29.97,NO,N/A,317.41,ABOVE,17.91,0,75,"NO (need 2d, have 0d)",69.73,75.0,60.0,NEUTRAL (60-75),3691.0457,741.45,104290.5,105031.94,99.3,0.7,756.66,5.03
2020-08-11,375,BULL_100,NO,NONE,333.37,28.655,27.84,-2.84,24.03,30.0,NO,305.52,ABOVE,27.85,NO,N/A,317.99,ABOVE,15.38,0,76,"NO (need 2d, have 0d)",65.33,75.0,60.0,NEUTRAL (60-75),3691.0457,741.45,102758.71,103500.16,99.3,0.7,-1531.78,3.5
2020-08-12,376,BULL_100,NO,NONE,337.11,28.305,28.69,1.36,22.28,30.0,NO,305.7,ABOVE,31.41,NO,N/A,318.56,ABOVE,18.55,0,77,"NO (need 2d, have 0d)",69.33,75.0,60.0,NEUTRAL (60-75),3691.0457,741.45,105896.1,106637.55,99.3,0.7,3137.39,6.64
2020-08-13,377,BULL_100,NO,NONE,337.62,28.515,28.815,1.05,22.13,30.0,NO,305.88,ABOVE,31.74,NO,N/A,319.06,ABOVE,18.56,0,78,"NO (need 2d, have 0d)",69.84,75.0,60.0,NEUTRAL (60-75),3691.0457,741.45,106357.48,107098.93,99.3,0.7,461.38,7.1
2020-08-14,378,BULL_100,NO,NONE,336.65,28.43,28.53,0.35,22.05,30.0,NO,306.05,ABOVE,30.6,NO,N/A,319.57,ABOVE,17.08,0,79,"NO (need 2d, have 0d)",67.54,75.0,60.0,NEUTRAL (60-75),3691.0457,741.45,105305.53,106046.98,99.3,0.7,-1051.95,6.05
2020-08-17,379,BULL_100,NO,NONE,338.62,28.735,29.075,1.18,21.35,30.0,NO,306.23,ABOVE,32.39,NO,N/A,319.96,ABOVE,18.66,0,80,"NO (need 2d, have 0d)",69.72,75.0,60.0,NEUTRAL (60-75),3691.0457,741.45,107317.15,108058.6,99.3,0.7,2011.62,8.06
2020-08-18,380,BULL_100,NO,NONE,338.92,29.06,29.145,0.29,21.51,30.0,NO,306.4,ABOVE,32.52,NO,N/A,320.28,ABOVE,18.64,0,81,"NO (need 2d, have 0d)",70.05,75.0,60.0,NEUTRAL (60-75),3691.0457,741.45,107575.53,108316.97,99.3,0.7,258.37,8.32
2020-08-19,381,BULL_100,NO,NONE,336.29,29.23,28.51,-2.46,22.54,30.0,NO,306.56,ABOVE,29.73,NO,N/A,320.57,ABOVE,15.72,0,82,"NO (need 2d, have 0d)",63.51,75.0,60.0,NEUTRAL (60-75),3691.0457,741.45,105231.71,105973.16,99.3,0.7,-2343.81,5.97
2020-08-20,382,BULL_100,NO,NONE,338.97,28.42,29.155,2.59,22.72,30.0,NO,306.73,ABOVE,32.24,NO,N/A,321.02,ABOVE,17.95,0,83,"NO (need 2d, have 0d)",66.9,75.0,60.0,NEUTRAL (60-75),3691.0457,741.45,107612.44,108353.88,99.3,0.7,2380.72,8.35
2020-08-21,383,BULL_100,NO,NONE,339.63,28.93,29.305,1.3,22.54,30.0,NO,306.89,ABOVE,32.74,NO,N/A,321.75,ABOVE,17.88,0,84,"NO (need 2d, have 0d)",67.7,75.0,60.0,NEUTRAL (60-75),3691.0457,741.45,108166.09,108907.54,99.3,0.7,553.66,8.91
2020-08-24,384,BULL_100,NO,NONE,343.39,29.79,30.305,1.73,22.37,30.0,NO,307.07,ABOVE,36.32,NO,N/A,322.54,ABOVE,20.85,0,85,"NO (need 2d, have 0d)",71.85,75.0,60.0,NEUTRAL (60-75),3691.0457,741.45,111857.14,112598.59,99.3,0.7,3691.05,12.6
2020-08-25,385,BULL_100,NO,NONE,344.6,30.595,30.65,0.18,22.03,30.0,NO,307.26,ABOVE,37.34,NO,N/A,323.23,ABOVE,21.37,0,86,"NO (need 2d, have 0d)",73.05,75.0,60.0,NEUTRAL (60-75),3691.0457,741.45,113130.55,113872.0,99.3,0.7,1273.41,13.87
2020-08-26,386,BULL_100,NO,RSI TRIM: RSI=75.9>75.0,347.73,30.575,31.46,2.89,23.27,30.0,NO,307.45,ABOVE,40.28,NO,N/A,323.91,ABOVE,23.82,0,87,"NO (need 2d, have 0d)",75.92,75.0,60.0,HOT (>75),3691.0457,741.45,116120.3,116861.74,99.4,0.6,2989.74,16.86
2020-08-27,387,BULL_TRIMMED,YES,NONE,349.26,31.385,31.845,1.47,24.47,30.0,NO,307.65,ABOVE,41.61,NO,N/A,324.68,ABOVE,24.58,0,88,"NO (need 2d, have 0d)",77.19,75.0,60.0,HOT (>75),2786.0024,29131.03,88720.25,117851.27,75.3,24.7,989.53,17.85
2020-08-28,388,BULL_TRIMMED,NO,NONE,351.0,31.92,32.375,1.43,22.96,30.0,NO,307.87,ABOVE,43.13,NO,N/A,325.44,ABOVE,25.56,0,89,"NO (need 2d, have 0d)",78.58,75.0,60.0,HOT (>75),2786.0024,29131.03,90196.83,119327.86,75.6,24.4,1476.59,19.33
2020-08-31,389,BULL_TRIMMED,NO,NONE,349.69,32.465,31.78,-2.11,26.41,30.0,NO,308.07,ABOVE,41.62,NO,N/A,326.31,ABOVE,23.38,0,90,"NO (need 2d, have 0d)",74.88,75.0,60.0,NEUTRAL (60-75),2786.0024,29131.03,88539.16,117670.18,75.2,24.8,-1657.68,17.67
2020-09-01,390,BULL_TRIMMED,NO,NONE,353.55,32.37,33.04,2.07,26.12,30.0,NO,308.29,ABOVE,45.26,NO,N/A,327.14,ABOVE,26.41,0,91,"NO (need 2d, have 0d)",78.15,75.0,60.0,HOT (>75),2786.0024,29131.03,92049.52,121180.55,76.0,24.0,3510.37,21.18
2020-09-02,391,BULL_TRIMMED,NO,NONE,358.43,33.31,34.395,3.26,26.57,30.0,NO,308.54,ABOVE,49.89,NO,N/A,328.08,ABOVE,30.35,0,92,"NO (need 2d, have 0d)",81.43,75.0,60.0,HOT (>75),2786.0024,29131.03,95824.55,124955.58,76.7,23.3,3775.03,24.96
2020-09-03,392,BULL_TRIMMED,NO,"KILL: VIX=33.6, SPY=343.25 vs 200SMA=308.69",343.25,34.345,30.075,-12.43,33.6,30.0,YES,308.69,ABOVE,34.56,YES,VIX>30.0,328.87,ABOVE,14.38,0,93,"NO (need 2d, have 0d)",54.16,75.0,60.0,COOL (<60),2786.0024,29131.03,83789.02,112920.05,74.2,25.8,-12035.53,12.92
2020-09-04,393,CASH,YES,NONE,341.99,31.08,29.8,-4.12,30.75,30.0,YES,308.84,ABOVE,33.15,YES,VIX>30.0,329.57,ABOVE,12.42,0,94,"NO (need 2d, have 0d)",52.58,75.0,60.0,COOL (<60),0.0,115545.8,0.0,115545.8,0.0,100.0,2625.75,15.55
2020-09-08,394,CASH,NO,NONE,332.3,30.085,27.24,-9.46,31.46,30.0,YES,308.95,ABOVE,23.35,YES,VIX>30.0,330.21,ABOVE,2.09,0,95,"NO (need 2d, have 0d)",42.38,75.0,60.0,COOL (<60),0.0,115545.8,0.0,115545.8,0.0,100.0,0.0,15.55
2020-09-09,395,CASH,NO,"RE-ENTRY: SPY>309(200), VIX=28.8<30, SPY>331(50)",340.9,28.145,29.35,4.28,28.81,30.0,NO,309.1,ABOVE,31.8,NO,N/A,330.92,ABOVE,9.98,0,96,"NO (need 2d, have 0d)",51.39,75.0,60.0,COOL (<60),0.0,115545.8,0.0,115545.8,0.0,100.0,0.0,15.55
2020-09-10,396,BULL_100,YES,NONE,334.81,28.66,27.81,-2.97,29.71,30.0,NO,309.23,ABOVE,25.58,NO,N/A,331.45,ABOVE,3.36,0,97,"NO (need 2d, have 0d)",45.92,75.0,60.0,COOL (<60),3991.2891,925.68,110997.75,111923.43,99.2,0.8,-3622.37,11.92
2020-09-11,397,BULL_100,NO,NONE,333.91,28.225,27.495,-2.59,26.87,30.0,NO,309.34,ABOVE,24.57,NO,N/A,331.92,ABOVE,1.99,0,98,"NO (need 2d, have 0d)",45.15,75.0,60.0,COOL (<60),3991.2891,925.68,109740.49,110666.17,99.2,0.8,-1257.26,10.67
2020-09-14,398,BULL_100,NO,NONE,338.65,28.7,28.695,-0.02,25.85,30.0,NO,309.47,ABOVE,29.18,NO,N/A,332.44,ABOVE,6.21,0,99,"NO (need 2d, have 0d)",49.89,75.0,60.0,COOL (<60),3991.2891,925.68,114530.04,115455.72,99.2,0.8,4789.55,15.46
2020-09-15,399,BULL_100,NO,NONE,340.29,28.935,29.135,0.69,25.59,30.0,NO,309.6,ABOVE,30.69,NO,N/A,332.89,ABOVE,7.4,0,100,"NO (need 2d, have 0d)",51.45,75.0,60.0,COOL (<60),3991.2891,925.68,116286.21,117211.89,99.2,0.8,1756.17,17.21
2020-09-16,400,BULL_100,NO,NONE,339.11,29.425,28.885,-1.84,26.04,30.0,NO,309.72,ABOVE,29.39,NO,N/A,333.39,ABOVE,5.72,0,101,"NO (need 2d, have 0d)",50.24,75.0,60.0,COOL (<60),3991.2891,925.68,115288.39,116214.06,99.2,0.8,-997.83,16.21
2020-09-17,401,BULL_100,NO,NONE,336.0,27.665,28.08,1.5,26.46,30.0,NO,309.83,ABOVE,26.17,NO,N/A,333.77,ABOVE,2.23,0,102,"NO (need 2d, have 0d)",47.09,75.0,60.0,COOL (<60),3991.2891,925.68,112075.4,113001.08,99.2,0.8,-3212.98,13.0
2020-09-18,402,BULL_100,NO,NONE,331.38,28.085,27.115,-3.45,25.83,30.0,NO,309.93,ABOVE,21.45,NO,N/A,334.1,BELOW,-2.72,1,0,"NO (need 2d, have 1d)",42.79,75.0,60.0,COOL (<60),3991.2891,925.68,108223.8,109149.48,99.2,0.8,-3851.6,9.15
2020-09-21,403,BULL_100,NO,DEFENSIVE: SPY below 50-SMA for 2d,328.1,26.37,26.345,-0.09,27.78,30.0,NO,310.02,ABOVE,18.08,NO,N/A,334.29,BELOW,-6.19,2,0,YES,40.0,75.0,60.0,COOL (<60),3991.2891,925.68,105150.51,106076.19,99.1,0.9,-3073.29,6.08
2020-09-22,404,DEFENSIVE,YES,NONE,330.14,26.165,26.88,2.73,26.86,30.0,NO,310.11,ABOVE,20.03,NO,N/A,334.59,BELOW,-4.45,3,0,YES,42.51,75.0,60.0,COOL (<60),2013.3338,52574.37,54118.41,106692.78,50.7,49.3,616.59,6.69
2020-09-23,405,DEFENSIVE,NO,NONE,321.69,27.06,24.815,-8.3,28.58,30.0,NO,310.16,ABOVE,11.53,NO,N/A,334.6,BELOW,-12.91,4,0,YES,35.82,75.0,60.0,COOL (<60),2013.3338,52574.37,49960.88,102535.25,48.7,51.3,-4157.53,2.54
2020-09-24,406,DEFENSIVE,NO,NONE,325.37,25.085,25.655,2.27,28.51,30.0,NO,310.21,ABOVE,15.16,NO,N/A,334.67,BELOW,-9.3,5,0,YES,40.23,75.0,60.0,COOL (<60),2013.3338,52574.37,51652.08,104226.45,49.6,50.4,1691.2,4.23
2020-09-25,407,DEFENSIVE,NO,NONE,328.03,25.35,26.49,4.5,26.38,30.0,NO,310.29,ABOVE,17.74,NO,N/A,334.82,BELOW,-6.79,6,0,YES,43.27,75.0,60.0,COOL (<60),2013.3338,52574.37,53333.21,105907.58,50.4,49.6,1681.13,5.91
2020-09-28,408,DEFENSIVE,NO,NONE,335.38,27.0,28.095,4.06,26.19,30.0,NO,310.39,ABOVE,24.99,NO,N/A,335.09,ABOVE,0.29,0,1,"NO (need 2d, have 0d)",50.71,75.0,60.0,COOL (<60),2013.3338,52574.37,56564.61,109138.98,51.8,48.2,3231.4,9.14
2020-09-29,409,DEFENSIVE,NO,NONE,333.55,27.56,27.64,0.29,26.27,30.0,NO,310.49,ABOVE,23.06,NO,N/A,335.28,BELOW,-1.73,1,0,"NO (need 2d, have 1d)",48.99,75.0,60.0,COOL (<60),2013.3338,52574.37,55648.55,108222.92,51.4,48.6,-916.06,8.22
2020-09-30,410,DEFENSIVE,NO,NONE,336.1,26.975,28.235,4.67,26.37,30.0,NO,310.58,ABOVE,25.52,NO,N/A,335.49,ABOVE,0.61,0,1,"NO (need 2d, have 0d)",51.47,75.0,60.0,COOL (<60),2013.3338,52574.37,56846.48,109420.85,52.0,48.0,1197.93,9.42
2020-10-01,411,DEFENSIVE,NO,DEF EXIT: SPY above 50-SMA for 2d,336.77,28.61,28.37,-0.84,26.7,30.0,NO,310.67,ABOVE,26.1,NO,N/A,335.7,ABOVE,1.07,0,2,"NO (need 2d, have 0d)",52.12,75.0,60.0,COOL (<60),2013.3338,52574.37,57118.28,109692.65,52.1,47.9,271.8,9.69
2020-10-02,412,BULL_100,YES,NONE,332.44,27.47,27.325,-0.53,27.63,30.0,NO,310.74,ABOVE,21.7,NO,N/A,335.88,BELOW,-3.44,1,0,"NO (need 2d, have 1d)",47.63,75.0,60.0,COOL (<60),3887.9448,974.82,106238.09,107212.91,99.1,0.9,-2479.74,7.21
2020-10-05,413,BULL_100,NO,NONE,338.85,28.09,28.885,2.83,27.96,30.0,NO,310.84,ABOVE,28.01,NO,N/A,336.25,ABOVE,2.6,0,1,"NO (need 2d, have 0d)",53.96,75.0,60.0,COOL (<60),3887.9448,974.82,112303.29,113278.1,99.1,0.9,6065.19,13.28
2020-10-06,414,BULL_100,NO,NONE,334.61,28.795,27.82,-3.39,29.48,30.0,NO,310.91,ABOVE,23.7,NO,N/A,336.47,BELOW,-1.86,1,0,"NO (need 2d, have 1d)",49.68,75.0,60.0,COOL (<60),3887.9448,974.82,108162.63,109137.44,99.1,0.9,-4140.66,9.14
2020-10-07,415,BULL_100,NO,NONE,341.36,28.5,29.525,3.6,28.06,30.0,NO,311.01,ABOVE,30.35,NO,N/A,336.86,ABOVE,4.5,0,1,"NO (need 2d, have 0d)",55.7,75.0,60.0,COOL (<60),3887.9448,974.82,114791.57,115766.39,99.2,0.8,6628.95,15.77
2020-10-08,416,BULL_100,NO,NONE,345.26,29.805,30.51,2.37,26.36,30.0,NO,311.13,ABOVE,34.13,NO,N/A,337.26,ABOVE,8.0,0,2,"NO (need 2d, have 0d)",58.77,75.0,60.0,COOL (<60),3887.9448,974.82,118621.2,119596.01,99.2,0.8,3829.62,19.6
2020-10-09,417,BULL_100,NO,NONE,347.21,30.465,31.115,2.13,25.0,30.0,NO,311.26,ABOVE,35.95,NO,N/A,337.67,ABOVE,9.54,0,3,"NO (need 2d, have 0d)",60.25,75.0,60.0,NEUTRAL (60-75),3887.9448,974.82,120973.4,121948.22,99.2,0.8,2352.21,21.95
2020-10-12,418,BULL_100,NO,NONE,353.06,31.26,32.585,4.24,25.07,30.0,NO,311.42,ABOVE,41.64,NO,N/A,338.2,ABOVE,14.86,0,4,"NO (need 2d, have 0d)",64.39,75.0,60.0,NEUTRAL (60-75),3887.9448,974.82,126688.68,127663.5,99.2,0.8,5715.28,27.66
2020-10-13,419,BULL_100,NO,NONE,350.77,32.135,31.98,-0.48,26.07,30.0,NO,311.56,ABOVE,39.21,NO,N/A,338.64,ABOVE,12.13,0,5,"NO (need 2d, have 0d)",61.68,75.0,60.0,NEUTRAL (60-75),3887.9448,974.82,124336.48,125311.29,99.2,0.8,-2352.21,25.31
2020-10-14,420,BULL_100,NO,NONE,348.35,32.26,31.31,-2.94,26.4,30.0,NO,311.69,ABOVE,36.66,NO,N/A,339.01,ABOVE,9.34,0,6,"NO (need 2d, have 0d)",58.87,75.0,60.0,COOL (<60),3887.9448,974.82,121731.55,122706.37,99.2,0.8,-2604.92,22.71
2020-10-15,421,BULL_100,NO,NONE,348.32,30.685,31.335,2.12,26.97,30.0,NO,311.82,ABOVE,36.5,NO,N/A,339.34,ABOVE,8.98,0,7,"NO (need 2d, have 0d)",58.83,75.0,60.0,COOL (<60),3887.9448,974.82,121828.75,122803.57,99.2,0.8,97.2,22.8
2020-10-16,422,BULL_100,NO,NONE,346.21,31.115,30.75,-1.17,27.41,30.0,NO,311.93,ABOVE,34.28,NO,N/A,339.58,ABOVE,6.63,0,8,"NO (need 2d, have 0d)",56.24,75.0,60.0,COOL (<60),3887.9448,974.82,119554.3,120529.12,99.2,0.8,-2274.45,20.53
2020-10-19,423,BULL_100,NO,NONE,343.9,31.51,30.09,-4.51,29.18,30.0,NO,312.04,ABOVE,31.86,NO,N/A,339.76,ABOVE,4.14,0,9,"NO (need 2d, have 0d)",53.46,75.0,60.0,COOL (<60),3887.9448,974.82,116988.26,117963.08,99.2,0.8,-2566.04,17.96
2020-10-20,424,BULL_100,NO,NONE,344.43,30.165,30.23,0.22,29.35,30.0,NO,312.14,ABOVE,32.29,NO,N/A,339.95,ABOVE,4.48,0,10,"NO (need 2d, have 0d)",54.02,75.0,60.0,COOL (<60),3887.9448,974.82,117532.57,118507.39,99.2,0.8,544.31,18.51
2020-10-21,425,BULL_100,NO,NONE,341.33,30.14,29.35,-2.62,28.65,30.0,NO,312.25,ABOVE,29.08,NO,N/A,340.11,ABOVE,1.22,0,11,"NO (need 2d, have 0d)",50.2,75.0,60.0,COOL (<60),3887.9448,974.82,114111.18,115086.0,99.2,0.8,-3421.39,15.09
2020-10-22,426,BULL_100,NO,NONE,345.15,29.565,30.39,2.79,28.11,30.0,NO,312.35,ABOVE,32.8,NO,N/A,340.27,ABOVE,4.88,0,12,"NO (need 2d, have 0d)",54.47,75.0,60.0,COOL (<60),3887.9448,974.82,118154.64,119129.46,99.2,0.8,4043.46,19.13
2020-10-23,427,BULL_100,NO,NONE,345.5,30.465,30.525,0.2,27.55,30.0,NO,312.44,ABOVE,33.06,NO,N/A,340.42,ABOVE,5.08,0,13,"NO (need 2d, have 0d)",54.85,75.0,60.0,COOL (<60),3887.9448,974.82,118679.52,119654.33,99.2,0.8,524.87,19.65
2020-10-26,428,BULL_100,NO,"KILL: VIX=32.5, SPY=339.17 vs 200SMA=312.51",339.17,29.475,28.905,-1.93,32.46,30.0,YES,312.51,ABOVE,26.66,YES,VIX>30.0,340.47,BELOW,-1.3,1,0,"NO (need 2d, have 1d)",47.15,75.0,60.0,COOL (<60),3887.9448,974.82,112381.05,113355.86,99.1,0.9,-6298.47,13.36
2020-10-27,429,CASH,YES,NONE,336.55,29.1,28.17,-3.2,33.35,30.0,YES,312.55,ABOVE,24.0,YES,VIX>30.0,340.43,BELOW,-3.88,2,0,YES,44.38,75.0,60.0,COOL (<60),0.0,113886.73,0.0,113886.73,0.0,100.0,530.87,13.89
2020-10-28,430,CASH,NO,NONE,328.19,27.83,26.02,-6.5,40.28,30.0,YES,312.56,ABOVE,15.63,YES,VIX>30.0,340.22,BELOW,-12.03,3,0,YES,36.91,75.0,60.0,COOL (<60),0.0,113886.73,0.0,113886.73,0.0,100.0,0.0,13.89
2020-10-29,431,CASH,NO,NONE,327.65,26.31,25.88,-1.63,37.59,30.0,YES,312.55,ABOVE,15.1,YES,VIX>30.0,340.05,BELOW,-12.4,4,0,YES,36.48,75.0,60.0,COOL (<60),0.0,113886.73,0.0,113886.73,0.0,100.0,0.0,13.89
2020-10-30,432,CASH,NO,NONE,327.5,25.225,25.83,2.4,38.02,30.0,YES,312.53,ABOVE,14.97,YES,VIX>30.0,339.82,BELOW,-12.32,5,0,YES,36.35,75.0,60.0,COOL (<60),0.0,113886.73,0.0,113886.73,0.0,100.0,0.0,13.89
2020-11-02,433,CASH,NO,NONE,330.96,26.075,26.635,2.15,37.13,30.0,YES,312.53,ABOVE,18.43,YES,VIX>30.0,339.64,BELOW,-8.68,6,0,YES,41.38,75.0,60.0,COOL (<60),0.0,113886.73,0.0,113886.73,0.0,100.0,0.0,13.89
2020-11-03,434,CASH,NO,NONE,338.29,27.255,28.415,4.26,35.55,30.0,YES,312.56,ABOVE,25.73,YES,VIX>30.0,339.54,BELOW,-1.25,7,0,YES,50.32,75.0,60.0,COOL (<60),0.0,113886.73,0.0,113886.73,0.0,100.0,0.0,13.89
2020-11-04,435,CASH,NO,"RE-ENTRY: SPY>313(200), VIX=29.6<30, SPY>340(50)",343.55,28.36,29.72,4.8,29.57,30.0,NO,312.63,ABOVE,30.92,NO,N/A,339.52,ABOVE,4.03,0,1,"NO (need 2d, have 0d)",55.56,75.0,60.0,COOL (<60),0.0,113886.73,0.0,113886.73,0.0,100.0,0.0,13.89
2020-11-05,436,BULL_100,YES,NONE,349.93,30.77,31.325,1.8,27.58,30.0,NO,312.72,ABOVE,37.21,NO,N/A,339.56,ABOVE,10.37,0,2,"NO (need 2d, have 0d)",60.94,75.0,60.0,NEUTRAL (60-75),3664.214,912.37,114781.5,115693.87,99.2,0.8,1807.14,15.69
2020-11-06,437,BULL_100,NO,NONE,350.95,30.795,31.655,2.79,24.86,30.0,NO,312.83,ABOVE,38.12,NO,N/A,339.6,ABOVE,11.35,0,3,"NO (need 2d, have 0d)",61.74,75.0,60.0,NEUTRAL (60-75),3664.214,912.37,115990.69,116903.07,99.2,0.8,1209.2,16.9
2020-11-09,438,BULL_100,NO,NONE,354.6,32.805,32.645,-0.49,25.75,30.0,NO,312.98,ABOVE,41.62,NO,N/A,339.67,ABOVE,14.93,0,4,"NO (need 2d, have 0d)",64.53,75.0,60.0,NEUTRAL (60-75),3664.214,912.37,119618.27,120530.64,99.2,0.8,3627.57,20.53
2020-11-10,439,BULL_100,NO,NONE,353.66,32.665,32.37,-0.9,24.8,30.0,NO,313.12,ABOVE,40.54,NO,N/A,339.75,ABOVE,13.91,0,5,"NO (need 2d, have 0d)",63.25,75.0,60.0,NEUTRAL (60-75),3664.214,912.37,118610.61,119522.98,99.2,0.8,-1007.66,19.52
2020-11-11,440,BULL_100,NO,NONE,356.82,33.0,33.225,0.68,23.45,30.0,NO,313.27,ABOVE,43.55,NO,N/A,339.81,ABOVE,17.01,0,6,"NO (need 2d, have 0d)",65.72,75.0,60.0,NEUTRAL (60-75),3664.214,912.37,121743.51,122655.88,99.3,0.7,3132.9,22.66
2020-11-12,441,BULL_100,NO,NONE,353.31,32.69,32.26,-1.32,25.35,30.0,NO,313.39,ABOVE,39.92,NO,N/A,339.71,ABOVE,13.6,0,7,"NO (need 2d, have 0d)",60.84,75.0,60.0,NEUTRAL (60-75),3664.214,912.37,118207.54,119119.91,99.2,0.8,-3535.97,19.12
2020-11-13,442,BULL_100,NO,NONE,358.28,32.77,33.62,2.59,23.1,30.0,NO,313.57,ABOVE,44.71,NO,N/A,340.01,ABOVE,18.27,0,8,"NO (need 2d, have 0d)",64.82,75.0,60.0,NEUTRAL (60-75),3664.214,912.37,123190.87,124103.25,99.3,0.7,4983.34,24.1
2020-11-16,443,BULL_100,NO,NONE,362.35,34.27,34.745,1.39,22.45,30.0,NO,313.77,ABOVE,48.58,NO,N/A,340.42,ABOVE,21.93,0,9,"NO (need 2d, have 0d)",67.71,75.0,60.0,NEUTRAL (60-75),3664.214,912.37,127313.12,128225.49,99.3,0.7,4122.24,28.23
2020-11-17,444,BULL_100,NO,NONE,360.89,34.395,34.33,-0.19,22.71,30.0,NO,313.93,ABOVE,46.96,NO,N/A,340.99,ABOVE,19.9,0,10,"NO (need 2d, have 0d)",65.63,75.0,60.0,NEUTRAL (60-75),3664.214,912.37,125792.47,126704.84,99.3,0.7,-1520.65,26.7
2020-11-18,445,BULL_100,NO,NONE,356.3,34.145,33.0,-3.35,23.84,30.0,NO,314.04,ABOVE,42.26,NO,N/A,341.3,ABOVE,15.0,0,11,"NO (need 2d, have 0d)",59.43,75.0,60.0,COOL (<60),3664.214,912.37,120919.06,121831.43,99.3,0.7,-4873.41,21.83
2020-11-19,446,BULL_100,NO,NONE,354.86,32.54,32.625,0.26,23.11,30.0,NO,314.15,ABOVE,40.71,NO,N/A,341.7,ABOVE,13.16,0,12,"NO (need 2d, have 0d)",57.59,75.0,60.0,COOL (<60),3664.214,912.37,119544.98,120457.35,99.2,0.8,-1374.08,20.46
2020-11-20,447,BULL_100,NO,NONE,355.05,33.11,32.69,-1.27,23.7,30.0,NO,314.26,ABOVE,40.79,NO,N/A,342.12,ABOVE,12.93,0,13,"NO (need 2d, have 0d)",57.78,75.0,60.0,COOL (<60),3664.214,912.37,119783.16,120695.53,99.2,0.8,238.18,20.7
2020-11-23,448,BULL_100,NO,NONE,359.09,33.375,33.875,1.5,22.66,30.0,NO,314.39,ABOVE,44.7,NO,N/A,342.53,ABOVE,16.56,0,14,"NO (need 2d, have 0d)",61.62,75.0,60.0,NEUTRAL (60-75),3664.214,912.37,124125.25,125037.62,99.3,0.7,4342.09,25.04
2020-11-24,449,BULL_100,NO,NONE,364.06,34.03,35.22,3.5,21.64,30.0,NO,314.53,ABOVE,49.53,NO,N/A,343.01,ABOVE,21.05,0,15,"NO (need 2d, have 0d)",65.75,75.0,60.0,NEUTRAL (60-75),3664.214,912.37,129053.62,129965.99,99.3,0.7,4928.37,29.97
2020-11-25,450,BULL_100,NO,NONE,363.11,34.955,34.915,-0.11,21.25,30.0,NO,314.66,ABOVE,48.45,NO,N/A,343.49,ABOVE,19.62,0,16,"NO (need 2d, have 0d)",64.33,75.0,60.0,NEUTRAL (60-75),3664.214,912.37,127936.03,128848.4,99.3,0.7,-1117.59,28.85
2020-11-27,451,BULL_100,NO,NONE,363.66,35.055,35.03,-0.07,20.84,30.0,NO,314.8,ABOVE,48.86,NO,N/A,344.04,ABOVE,19.62,0,17,"NO (need 2d, have 0d)",64.8,75.0,60.0,NEUTRAL (60-75),3664.214,912.37,128357.42,129269.79,99.3,0.7,421.39,29.27
2020-11-30,452,BULL_100,NO,NONE,363.76,34.5,35.095,1.72,20.57,30.0,NO,314.93,ABOVE,48.83,NO,N/A,344.69,ABOVE,19.07,0,18,"NO (need 2d, have 0d)",64.9,75.0,60.0,NEUTRAL (60-75),3664.214,912.37,128595.59,129507.96,99.3,0.7,238.17,29.51
2020-12-01,453,BULL_100,NO,NONE,365.74,35.6,35.625,0.07,20.77,30.0,NO,315.07,ABOVE,50.67,NO,N/A,345.44,ABOVE,20.3,0,19,"NO (need 2d, have 0d)",66.74,75.0,60.0,NEUTRAL (60-75),3664.214,912.37,130537.62,131450.0,99.3,0.7,1942.04,31.45
2020-12-02,454,BULL_100,NO,NONE,366.6,35.475,35.89,1.17,21.17,30.0,NO,315.21,ABOVE,51.39,NO,N/A,346.17,ABOVE,20.43,0,20,"NO (need 2d, have 0d)",67.54,75.0,60.0,NEUTRAL (60-75),3664.214,912.37,131508.64,132421.01,99.3,0.7,971.01,32.42
2020-12-03,455,BULL_100,NO,NONE,367.0,35.815,36.015,0.56,21.28,30.0,NO,315.36,ABOVE,51.64,NO,N/A,347.08,ABOVE,19.92,0,21,"NO (need 2d, have 0d)",67.93,75.0,60.0,NEUTRAL (60-75),3664.214,912.37,131966.67,132879.04,99.3,0.7,458.03,32.88
2020-12-04,456,BULL_100,NO,NONE,369.11,36.165,36.705,1.49,20.79,30.0,NO,315.54,ABOVE,53.57,NO,N/A,347.95,ABOVE,21.16,0,22,"NO (need 2d, have 0d)",69.96,75.0,60.0,NEUTRAL (60-75),3664.214,912.37,134494.97,135407.35,99.3,0.7,2528.31,35.41
2020-12-07,457,BULL_100,NO,NONE,368.25,36.145,36.355,0.58,21.3,30.0,NO,315.76,ABOVE,52.49,NO,N/A,348.76,ABOVE,19.49,0,23,"NO (need 2d, have 0d)",68.07,75.0,60.0,NEUTRAL (60-75),3664.214,912.37,133212.5,134124.87,99.3,0.7,-1282.48,34.12
2020-12-08,458,BULL_100,NO,NONE,370.63,36.435,37.075,1.76,20.68,30.0,NO,316.04,ABOVE,54.59,NO,N/A,349.46,ABOVE,21.17,0,24,"NO (need 2d, have 0d)",70.45,75.0,60.0,NEUTRAL (60-75),3664.214,912.37,135850.73,136763.11,99.3,0.7,2638.24,36.76
2020-12-09,459,BULL_100,NO,NONE,367.4,37.265,36.115,-3.09,22.27,30.0,NO,316.33,ABOVE,51.07,NO,N/A,350.14,ABOVE,17.26,0,25,"NO (need 2d, have 0d)",63.53,75.0,60.0,NEUTRAL (60-75),3664.214,912.37,132333.09,133245.46,99.3,0.7,-3517.65,33.25
2020-12-10,460,BULL_100,NO,NONE,367.22,36.08,36.045,-0.1,22.52,30.0,NO,316.68,ABOVE,50.54,NO,N/A,350.76,ABOVE,16.46,0,26,"NO (need 2d, have 0d)",63.15,75.0,60.0,NEUTRAL (60-75),3664.214,912.37,132076.59,132988.96,99.3,0.7,-256.5,32.99
2020-12-11,461,BULL_100,NO,NONE,366.08,35.42,35.71,0.82,23.31,30.0,NO,317.02,ABOVE,49.06,NO,N/A,351.35,ABOVE,14.73,0,27,"NO (need 2d, have 0d)",60.73,75.0,60.0,NEUTRAL (60-75),3664.214,912.37,130849.08,131761.45,99.3,0.7,-1227.51,31.76
2020-12-14,462,BULL_100,NO,NONE,365.39,36.29,35.525,-2.11,24.72,30.0,NO,317.3,ABOVE,48.09,NO,N/A,352.01,ABOVE,13.38,0,28,"NO (need 2d, have 0d)",59.24,75.0,60.0,COOL (<60),3664.214,912.37,130171.2,131083.57,99.3,0.7,-677.88,31.08
2020-12-15,463,BULL_100,NO,NONE,369.32,35.92,36.655,2.05,22.89,30.0,NO,317.65,ABOVE,51.67,NO,N/A,352.61,ABOVE,16.71,0,29,"NO (need 2d, have 0d)",64.56,75.0,60.0,NEUTRAL (60-75),3664.214,912.37,134311.76,135224.14,99.3,0.7,4140.57,35.22
2020-12-16,464,BULL_100,NO,NONE,370.35,36.93,36.94,0.03,22.5,30.0,NO,317.95,ABOVE,52.4,NO,N/A,353.33,ABOVE,17.02,0,30,"NO (need 2d, have 0d)",65.81,75.0,60.0,NEUTRAL (60-75),3664.214,912.37,135356.06,136268.44,99.3,0.7,1044.3,36.27
2020-12-17,465,BULL_100,NO,NONE,372.27,37.445,37.535,0.24,21.93,30.0,NO,318.3,ABOVE,53.97,NO,N/A,353.95,ABOVE,18.32,0,31,"NO (need 2d, have 0d)",68.09,75.0,60.0,NEUTRAL (60-75),3664.214,912.37,137536.27,138448.64,99.3,0.7,2180.2,38.45
2020-12-18,466,BULL_100,NO,NONE,370.0,37.55,37.48,-0.19,21.57,30.0,NO,318.67,ABOVE,51.33,NO,N/A,354.44,ABOVE,15.56,0,32,"NO (need 2d, have 0d)",62.77,75.0,60.0,NEUTRAL (60-75),3664.214,912.37,137334.74,138247.11,99.3,0.7,-201.53,38.25
2020-12-21,467,BULL_100,NO,NONE,367.59,36.0,36.62,1.72,25.16,30.0,NO,319.11,ABOVE,48.48,NO,N/A,354.85,ABOVE,12.74,0,33,"NO (need 2d, have 0d)",57.63,75.0,60.0,COOL (<60),3664.214,912.37,134183.52,135095.89,99.3,0.7,-3151.22,35.1
2020-12-22,468,BULL_100,NO,NONE,367.69,36.74,36.6,-0.38,24.23,30.0,NO,319.53,ABOVE,48.16,NO,N/A,355.14,ABOVE,12.55,0,34,"NO (need 2d, have 0d)",57.78,75.0,60.0,COOL (<60),3664.214,912.37,134110.23,135022.6,99.3,0.7,-73.29,35.02
2020-12-23,469,BULL_100,NO,NONE,367.81,36.685,36.625,-0.16,23.31,30.0,NO,320.0,ABOVE,47.81,NO,N/A,355.48,ABOVE,12.33,0,35,"NO (need 2d, have 0d)",57.98,75.0,60.0,COOL (<60),3664.214,912.37,134201.84,135114.21,99.3,0.7,91.61,35.11
2020-12-24,470,BULL_100,NO,NONE,369.23,36.8,37.01,0.57,21.53,30.0,NO,320.62,ABOVE,48.61,NO,N/A,355.9,ABOVE,13.33,0,36,"NO (need 2d, have 0d)",60.35,75.0,60.0,NEUTRAL (60-75),3664.214,912.37,135612.56,136524.93,99.3,0.7,1410.72,36.52
2020-12-28,471,BULL_100,NO,NONE,372.83,37.63,38.11,1.28,21.7,30.0,NO,321.15,ABOVE,51.68,NO,N/A,356.39,ABOVE,16.44,0,37,"NO (need 2d, have 0d)",65.64,75.0,60.0,NEUTRAL (60-75),3664.214,912.37,139643.2,140555.57,99.4,0.6,4030.64,40.56
2020-12-29,472,BULL_100,NO,NONE,371.6,38.485,37.75,-1.91,23.08,30.0,NO,321.78,ABOVE,49.82,NO,N/A,356.9,ABOVE,14.7,0,38,"NO (need 2d, have 0d)",62.57,75.0,60.0,NEUTRAL (60-75),3664.214,912.37,138324.08,139236.45,99.3,0.7,-1319.12,39.24
2020-12-30,473,BULL_100,NO,NONE,372.19,38.055,37.905,-0.39,22.77,30.0,NO,322.43,ABOVE,49.76,NO,N/A,357.46,ABOVE,14.72,0,39,"NO (need 2d, have 0d)",63.46,75.0,60.0,NEUTRAL (60-75),3664.214,912.37,138892.03,139804.4,99.3,0.7,567.95,39.8
2020-12-31,474,BULL_100,NO,NONE,374.39,37.625,38.58,2.54,22.75,30.0,NO,323.07,ABOVE,51.32,NO,N/A,358.06,ABOVE,16.33,0,40,"NO (need 2d, have 0d)",66.62,75.0,60.0,NEUTRAL (60-75),3664.214,912.37,141365.38,142277.75,99.4,0.6,2473.35,42.28
2021-01-04,475,BULL_100,NO,NONE,368.7,39.0,36.82,-5.59,26.97,30.0,NO,323.73,ABOVE,44.97,NO,N/A,358.61,ABOVE,10.09,0,41,"NO (need 2d, have 0d)",53.67,75.0,60.0,COOL (<60),3664.214,912.37,134916.36,135828.73,99.3,0.7,-6449.02,35.83
2021-01-05,476,BULL_100,NO,NONE,370.95,36.89,37.545,1.78,25.34,30.0,NO,324.45,ABOVE,46.5,NO,N/A,359.13,ABOVE,11.82,0,42,"NO (need 2d, have 0d)",57.21,75.0,60.0,COOL (<60),3664.214,912.37,137572.91,138485.29,99.3,0.7,2656.56,38.49
2021-01-06,477,BULL_100,NO,NONE,374.5,36.655,38.605,5.32,25.07,30.0,NO,325.19,ABOVE,49.31,NO,N/A,359.71,ABOVE,14.79,0,43,"NO (need 2d, have 0d)",62.13,75.0,60.0,NEUTRAL (60-75),3664.214,912.37,141456.98,142369.35,99.4,0.6,3884.06,42.37
2021-01-07,478,BULL_100,NO,NONE,379.48,38.96,40.16,3.08,22.37,30.0,NO,325.88,ABOVE,53.6,NO,N/A,360.51,ABOVE,18.97,0,44,"NO (need 2d, have 0d)",67.74,75.0,60.0,NEUTRAL (60-75),3664.214,912.37,147154.83,148067.21,99.4,0.6,5697.86,48.07
2021-01-08,479,BULL_100,NO,NONE,381.6,40.31,40.83,1.29,21.56,30.0,NO,326.55,ABOVE,55.05,NO,N/A,361.41,ABOVE,20.19,0,45,"NO (need 2d, have 0d)",69.78,75.0,60.0,NEUTRAL (60-75),3664.214,912.37,149609.86,150522.23,99.4,0.6,2455.02,50.52
2021-01-11,480,BULL_100,NO,NONE,379.25,40.005,40.025,0.05,24.08,30.0,NO,327.13,ABOVE,52.12,NO,N/A,362.44,ABOVE,16.81,0,46,"NO (need 2d, have 0d)",64.87,75.0,60.0,NEUTRAL (60-75),3664.214,912.37,146660.17,147572.54,99.4,0.6,-2949.69,47.57
2021-01-12,481,BULL_100,NO,NONE,379.05,40.015,39.965,-0.12,23.33,30.0,NO,327.76,ABOVE,51.29,NO,N/A,363.46,ABOVE,15.59,0,47,"NO (need 2d, have 0d)",64.45,75.0,60.0,NEUTRAL (60-75),3664.214,912.37,146440.31,147352.68,99.4,0.6,-219.86,47.35
2021-01-13,482,BULL_100,NO,NONE,380.2,40.03,40.305,0.69,22.21,30.0,NO,328.35,ABOVE,51.85,NO,N/A,364.52,ABOVE,15.68,0,48,"NO (need 2d, have 0d)",65.81,75.0,60.0,NEUTRAL (60-75),3664.214,912.37,147686.14,148598.52,99.4,0.6,1245.84,48.6
2021-01-14,483,BULL_100,NO,NONE,378.98,40.48,39.95,-1.31,23.25,30.0,NO,328.98,ABOVE,50.0,NO,N/A,365.48,ABOVE,13.5,0,49,"NO (need 2d, have 0d)",63.05,75.0,60.0,NEUTRAL (60-75),3664.214,912.37,146385.35,147297.72,99.4,0.6,-1300.8,47.3
2021-01-15,484,BULL_100,NO,NONE,374.77,39.45,38.75,-1.77,24.34,30.0,NO,329.61,ABOVE,45.16,NO,N/A,366.21,ABOVE,8.56,0,50,"NO (need 2d, have 0d)",54.57,75.0,60.0,COOL (<60),3664.214,912.37,141988.29,142900.66,99.4,0.6,-4397.06,42.9
2021-01-19,485,BULL_100,NO,NONE,379.85,39.575,40.155,1.47,23.24,30.0,NO,330.26,ABOVE,49.59,NO,N/A,366.93,ABOVE,12.92,0,51,"NO (need 2d, have 0d)",61.33,75.0,60.0,NEUTRAL (60-75),3664.214,912.37,147136.51,148048.88,99.4,0.6,5148.22,48.05
2021-01-20,486,BULL_100,NO,NONE,384.36,40.09,41.59,3.74,21.58,30.0,NO,330.94,ABOVE,53.42,NO,N/A,367.62,ABOVE,16.74,0,52,"NO (need 2d, have 0d)",66.15,75.0,60.0,NEUTRAL (60-75),3664.214,912.37,152394.66,153307.03,99.4,0.6,5258.15,53.31
2021-01-21,487,BULL_100,NO,NONE,383.9,41.735,41.55,-0.44,21.32,30.0,NO,331.53,ABOVE,52.37,NO,N/A,368.28,ABOVE,15.62,0,53,"NO (need 2d, have 0d)",65.26,75.0,60.0,NEUTRAL (60-75),3664.214,912.37,152248.09,153160.46,99.4,0.6,-146.57,53.16
2021-01-22,488,BULL_100,NO,NONE,382.64,41.0,41.095,0.23,21.91,30.0,NO,332.12,ABOVE,50.52,NO,N/A,368.84,ABOVE,13.8,0,54,"NO (need 2d, have 0d)",62.76,75.0,60.0,NEUTRAL (60-75),3664.214,912.37,150580.87,151493.25,99.4,0.6,-1667.21,51.49
2021-01-25,489,BULL_100,NO,NONE,384.2,41.575,41.525,-0.12,23.19,30.0,NO,332.66,ABOVE,51.54,NO,N/A,369.45,ABOVE,14.75,0,55,"NO (need 2d, have 0d)",64.57,75.0,60.0,NEUTRAL (60-75),3664.214,912.37,152156.49,153068.86,99.4,0.6,1575.61,53.07
2021-01-26,490,BULL_100,NO,NONE,384.2,41.39,41.46,0.17,23.02,30.0,NO,333.19,ABOVE,51.01,NO,N/A,370.0,ABOVE,14.2,0,56,"NO (need 2d, have 0d)",64.57,75.0,60.0,NEUTRAL (60-75),3664.214,912.37,151918.31,152830.68,99.4,0.6,-238.18,52.83
2021-01-27,491,BULL_100,NO,"KILL: VIX=37.2, SPY=370.60 vs 200SMA=333.66",370.6,41.285,37.155,-10.0,37.21,30.0,YES,333.66,ABOVE,36.94,YES,VIX>30.0,370.35,ABOVE,0.25,0,57,"NO (need 2d, have 0d)",43.3,75.0,60.0,COOL (<60),3664.214,912.37,136143.87,137056.24,99.3,0.7,-15774.44,37.06
2021-01-28,492,CASH,YES,NONE,376.25,37.19,38.83,4.41,30.21,30.0,YES,334.12,ABOVE,42.13,YES,VIX>30.0,370.71,ABOVE,5.54,0,58,"NO (need 2d, have 0d)",50.58,75.0,60.0,COOL (<60),0.0,136910.95,0.0,136910.95,0.0,100.0,-145.29,36.91
2021-01-29,493,CASH,NO,NONE,369.6,38.26,36.905,-3.54,33.09,30.0,YES,334.59,ABOVE,35.01,YES,VIX>30.0,370.85,BELOW,-1.25,1,0,"NO (need 2d, have 1d)",43.5,75.0,60.0,COOL (<60),0.0,136910.95,0.0,136910.95,0.0,100.0,-0.0,36.91
2021-02-01,494,CASH,NO,NONE,376.55,37.955,39.015,2.79,30.24,30.0,YES,335.03,ABOVE,41.52,YES,VIX>30.0,371.16,ABOVE,5.39,0,1,"NO (need 2d, have 0d)",51.19,75.0,60.0,COOL (<60),0.0,136910.95,0.0,136910.95,0.0,100.0,-0.0,36.91
2021-02-02,495,CASH,NO,"RE-ENTRY: SPY>336(200), VIX=25.6<30, SPY>372(50)",382.47,39.645,40.825,2.98,25.56,30.0,NO,335.51,ABOVE,46.96,NO,N/A,371.69,ABOVE,10.78,0,2,"NO (need 2d, have 0d)",56.61,75.0,60.0,COOL (<60),0.0,136910.95,0.0,136910.95,0.0,100.0,-0.0,36.91
2021-02-03,496,BULL_100,YES,NONE,382.88,40.965,40.845,-0.29,22.91,30.0,NO,336.02,ABOVE,46.86,NO,N/A,372.25,ABOVE,10.63,0,3,"NO (need 2d, have 0d)",56.97,75.0,60.0,COOL (<60),3308.723,1300.34,135144.79,136445.13,99.0,1.0,-465.82,36.45
2021-02-04,497,BULL_100,NO,NONE,386.14,40.795,41.86,2.61,21.77,30.0,NO,336.58,ABOVE,49.56,NO,N/A,372.87,ABOVE,13.27,0,4,"NO (need 2d, have 0d)",59.79,75.0,60.0,COOL (<60),3308.723,1300.34,138503.14,139803.48,99.1,0.9,3358.35,39.8
2021-02-05,498,BULL_100,NO,NONE,388.05,42.22,42.555,0.79,20.87,30.0,NO,337.13,ABOVE,50.92,NO,N/A,373.45,ABOVE,14.6,0,5,"NO (need 2d, have 0d)",61.39,75.0,60.0,NEUTRAL (60-75),3308.723,1300.34,140802.71,142103.04,99.1,0.9,2299.56,42.1
2021-02-08,499,BULL_100,NO,NONE,390.6,42.78,43.34,1.31,21.24,30.0,NO,337.69,ABOVE,52.91,NO,N/A,373.98,ABOVE,16.62,0,6,"NO (need 2d, have 0d)",63.48,75.0,60.0,NEUTRAL (60-75),3308.723,1300.34,143400.05,144700.39,99.1,0.9,2597.35,44.7
2021-02-09,500,BULL_100,NO,NONE,390.61,43.2,43.385,0.43,21.63,30.0,NO,338.23,ABOVE,52.38,NO,N/A,374.53,ABOVE,16.08,0,7,"NO (need 2d, have 0d)",63.49,75.0,60.0,NEUTRAL (60-75),3308.723,1300.34,143548.95,144849.28,99.1,0.9,148.89,44.85
2021-02-10,501,BULL_100,NO,NONE,390.21,43.73,43.245,-1.11,21.99,30.0,NO,338.75,ABOVE,51.46,NO,N/A,375.06,ABOVE,15.15,0,8,"NO (need 2d, have 0d)",62.87,75.0,60.0,NEUTRAL (60-75),3308.723,1300.34,143085.72,144386.06,99.1,0.9,-463.22,44.39
2021-02-11,502,BULL_100,NO,NONE,390.7,43.5,43.395,-0.24,21.25,30.0,NO,339.26,ABOVE,51.44,NO,N/A,375.6,ABOVE,15.1,0,9,"NO (need 2d, have 0d)",63.34,75.0,60.0,NEUTRAL (60-75),3308.723,1300.34,143582.03,144882.37,99.1,0.9,496.31,44.88
2021-02-12,503,BULL_100,NO,NONE,393.1,42.965,44.2,2.87,19.97,30.0,NO,339.75,ABOVE,53.35,NO,N/A,376.15,ABOVE,16.95,0,10,"NO (need 2d, have 0d)",65.64,75.0,60.0,NEUTRAL (60-75),3308.723,1300.34,146245.56,147545.89,99.1,0.9,2663.52,47.55
2021-02-16,504,BULL_100,NO,NONE,391.85,44.715,43.71,-2.25,21.46,30.0,NO,340.27,ABOVE,51.58,NO,N/A,376.65,ABOVE,15.2,0,11,"NO (need 2d, have 0d)",63.41,75.0,60.0,NEUTRAL (60-75),3308.723,1300.34,144624.28,145924.62,99.1,0.9,-1621.27,45.92
2021-02-17,505,BULL_100,NO,NONE,392.6,43.76,44.025,0.61,21.5,30.0,NO,340.82,ABOVE,51.78,NO,N/A,377.16,ABOVE,15.44,0,12,"NO (need 2d, have 0d)",64.2,75.0,60.0,NEUTRAL (60-75),3308.723,1300.34,145666.53,146966.87,99.1,0.9,1042.25,46.97
2021-02-18,506,BULL_100,NO,NONE,390.21,43.68,43.17,-1.17,22.49,30.0,NO,341.36,ABOVE,48.85,NO,N/A,377.59,ABOVE,12.62,0,13,"NO (need 2d, have 0d)",59.79,75.0,60.0,COOL (<60),3308.723,1300.34,142837.57,144137.91,99.1,0.9,-2828.96,44.14
2021-02-19,507,BULL_100,NO,NONE,389.71,43.43,42.995,-1.0,22.05,30.0,NO,341.87,ABOVE,47.84,NO,N/A,378.02,ABOVE,11.69,0,14,"NO (need 2d, have 0d)",58.87,75.0,60.0,COOL (<60),3308.723,1300.34,142258.54,143558.88,99.1,0.9,-579.03,43.56
2021-02-22,508,BULL_100,NO,NONE,387.42,42.25,42.31,0.14,23.45,30.0,NO,342.39,ABOVE,45.03,NO,N/A,378.35,ABOVE,9.07,0,15,"NO (need 2d, have 0d)",54.76,75.0,60.0,COOL (<60),3308.723,1300.34,139992.07,141292.41,99.1,0.9,-2266.47,41.29
2021-02-23,509,BULL_100,NO,NONE,387.28,42.17,42.225,0.13,23.11,30.0,NO,342.88,ABOVE,44.4,NO,N/A,378.75,ABOVE,8.53,0,16,"NO (need 2d, have 0d)",54.51,75.0,60.0,COOL (<60),3308.723,1300.34,139710.83,141011.17,99.1,0.9,-281.24,41.01
2021-02-24,510,BULL_100,NO,NONE,393.06,42.29,44.12,4.33,21.34,30.0,NO,343.37,ABOVE,49.69,NO,N/A,379.27,ABOVE,13.79,0,17,"NO (need 2d, have 0d)",62.21,75.0,60.0,NEUTRAL (60-75),3308.723,1300.34,145980.86,147281.2,99.1,0.9,6270.03,47.28
2021-02-25,511,BULL_100,NO,NONE,381.83,43.59,40.415,-7.28,28.89,30.0,NO,343.82,ABOVE,38.01,NO,N/A,379.58,ABOVE,2.25,0,18,"NO (need 2d, have 0d)",45.94,75.0,60.0,COOL (<60),3308.723,1300.34,133722.04,135022.38,99.0,1.0,-12258.82,35.02
2021-02-26,512,BULL_100,NO,NONE,380.1,40.95,39.76,-2.91,27.95,30.0,NO,344.31,ABOVE,35.79,NO,N/A,379.87,ABOVE,0.23,0,19,"NO (need 2d, have 0d)",44.02,75.0,60.0,COOL (<60),3308.723,1300.34,131554.83,132855.16,99.0,1.0,-2167.22,32.86
2021-03-01,513,BULL_100,NO,NONE,390.05,41.395,43.015,3.91,23.35,30.0,NO,344.85,ABOVE,45.2,NO,N/A,380.29,ABOVE,9.76,0,20,"NO (need 2d, have 0d)",55.49,75.0,60.0,COOL (<60),3308.723,1300.34,142324.72,143625.06,99.1,0.9,10769.9,43.63
2021-03-02,514,BULL_100,NO,NONE,387.51,41.89,42.135,0.58,24.1,30.0,NO,345.36,ABOVE,42.15,NO,N/A,380.63,ABOVE,6.88,0,21,"NO (need 2d, have 0d)",52.53,75.0,60.0,COOL (<60),3308.723,1300.34,139413.04,140713.38,99.1,0.9,-2911.68,40.71
2021-03-03,515,BULL_100,NO,NONE,379.5,42.605,39.5,-7.29,26.67,30.0,NO,345.83,ABOVE,33.67,NO,N/A,380.78,BELOW,-1.28,1,0,"NO (need 2d, have 1d)",44.48,75.0,60.0,COOL (<60),3308.723,1300.34,130694.56,131994.9,99.0,1.0,-8718.48,31.99
2021-03-04,516,BULL_100,NO,DEFENSIVE: SPY below 50-SMA for 2d,375.81,40.01,38.355,-4.14,28.57,30.0,NO,346.23,ABOVE,29.58,NO,N/A,380.89,BELOW,-5.08,2,0,YES,41.34,75.0,60.0,COOL (<60),3308.723,1300.34,126906.07,128206.41,99.0,1.0,-3788.49,28.21
2021-03-05,517,DEFENSIVE,YES,NONE,383.78,38.15,40.86,7.1,24.66,30.0,NO,346.68,ABOVE,37.1,NO,N/A,381.22,ABOVE,2.56,0,1,"NO (need 2d, have 0d)",49.62,75.0,60.0,COOL (<60),1671.4039,63731.83,68293.56,132025.39,51.7,48.3,3818.98,32.03
2021-03-08,518,DEFENSIVE,NO,DEF EXIT: SPY above 50-SMA for 2d,383.6,39.89,40.735,2.12,25.47,30.0,NO,347.12,ABOVE,36.48,NO,N/A,381.54,ABOVE,2.06,0,2,"NO (need 2d, have 0d)",49.45,75.0,60.0,COOL (<60),1671.4039,63731.83,68084.64,131816.47,51.7,48.3,-208.92,31.82
2021-03-09,519,BULL_100,YES,NONE,387.4,41.25,42.015,1.85,24.03,30.0,NO,347.58,ABOVE,39.82,NO,N/A,381.93,ABOVE,5.47,0,3,"NO (need 2d, have 0d)",53.1,75.0,60.0,COOL (<60),3184.2538,1294.57,133786.42,135080.99,99.0,1.0,3264.52,35.08
2021-03-10,520,BULL_100,NO,NONE,389.85,41.875,42.73,2.04,22.56,30.0,NO,348.05,ABOVE,41.8,NO,N/A,382.34,ABOVE,7.51,0,4,"NO (need 2d, have 0d)",55.34,75.0,60.0,COOL (<60),3184.2538,1294.57,136063.16,137357.73,99.1,0.9,2276.74,37.36
2021-03-11,521,BULL_100,NO,NONE,393.96,43.525,44.14,1.41,21.91,30.0,NO,348.52,ABOVE,45.44,NO,N/A,382.76,ABOVE,11.2,0,5,"NO (need 2d, have 0d)",58.88,75.0,60.0,COOL (<60),3184.2538,1294.57,140552.96,141847.53,99.1,0.9,4489.8,41.85
2021-03-12,522,BULL_100,NO,NONE,394.1,43.18,44.15,2.25,20.69,30.0,NO,348.97,ABOVE,45.13,NO,N/A,383.21,ABOVE,10.89,0,6,"NO (need 2d, have 0d)",59.0,75.0,60.0,COOL (<60),3184.2538,1294.57,140584.8,141879.37,99.1,0.9,31.84,41.88
2021-03-15,523,BULL_100,NO,NONE,395.95,44.315,44.75,0.98,20.03,30.0,NO,349.44,ABOVE,46.51,NO,N/A,383.69,ABOVE,12.26,0,7,"NO (need 2d, have 0d)",60.63,75.0,60.0,NEUTRAL (60-75),3184.2538,1294.57,142495.36,143789.93,99.1,0.9,1910.56,43.79
2021-03-16,524,BULL_100,NO,NONE,396.22,44.88,44.85,-0.07,19.79,30.0,NO,349.89,ABOVE,46.33,NO,N/A,384.12,ABOVE,12.1,0,8,"NO (need 2d, have 0d)",60.87,75.0,60.0,NEUTRAL (60-75),3184.2538,1294.57,142813.78,144108.35,99.1,0.9,318.42,44.11
2021-03-17,525,BULL_100,NO,NONE,398.02,44.685,45.45,1.71,19.23,30.0,NO,350.36,ABOVE,47.66,NO,N/A,384.71,ABOVE,13.31,0,9,"NO (need 2d, have 0d)",62.54,75.0,60.0,NEUTRAL (60-75),3184.2538,1294.57,144724.33,146018.9,99.1,0.9,1910.55,46.02
2021-03-18,526,BULL_100,NO,NONE,391.98,44.715,43.335,-3.09,21.58,30.0,NO,350.77,ABOVE,41.21,NO,N/A,385.13,ABOVE,6.85,0,10,"NO (need 2d, have 0d)",54.2,75.0,60.0,COOL (<60),3184.2538,1294.57,137989.64,139284.21,99.1,0.9,-6734.69,39.28
2021-03-19,527,BULL_100,NO,NONE,389.1,43.59,42.95,-1.47,20.95,30.0,NO,351.15,ABOVE,37.95,NO,N/A,385.42,ABOVE,3.68,0,11,"NO (need 2d, have 0d)",50.72,75.0,60.0,COOL (<60),3184.2538,1294.57,136763.7,138058.27,99.1,0.9,-1225.94,38.06
2021-03-22,528,BULL_100,NO,NONE,393.22,42.685,44.21,3.57,18.88,30.0,NO,351.56,ABOVE,41.66,NO,N/A,385.7,ABOVE,7.52,0,12,"NO (need 2d, have 0d)",55.15,75.0,60.0,COOL (<60),3184.2538,1294.57,140775.86,142070.43,99.1,0.9,4012.16,42.07
2021-03-23,529,BULL_100,NO,NONE,389.43,43.6,42.915,-1.57,20.3,30.0,NO,351.91,ABOVE,37.52,NO,N/A,385.85,ABOVE,3.58,0,13,"NO (need 2d, have 0d)",50.64,75.0,60.0,COOL (<60),3184.2538,1294.57,136652.25,137946.82,99.1,0.9,-4123.61,37.95
2021-03-24,530,BULL_100,NO,NONE,388.15,42.91,42.495,-0.97,21.2,30.0,NO,352.24,ABOVE,35.91,NO,N/A,386.03,ABOVE,2.12,0,14,"NO (need 2d, have 0d)",49.18,75.0,60.0,COOL (<60),3184.2538,1294.57,135314.86,136609.43,99.1,0.9,-1337.39,36.61
2021-03-25,531,BULL_100,NO,NONE,390.33,42.405,43.19,1.85,19.81,30.0,NO,352.58,ABOVE,37.75,NO,N/A,386.26,ABOVE,4.07,0,15,"NO (need 2d, have 0d)",51.74,75.0,60.0,COOL (<60),3184.2538,1294.57,137527.92,138822.49,99.1,0.9,2213.06,38.82
2021-03-26,532,BULL_100,NO,NONE,395.62,43.43,44.995,3.6,18.86,30.0,NO,352.98,ABOVE,42.64,NO,N/A,386.57,ABOVE,9.05,0,16,"NO (need 2d, have 0d)",57.34,75.0,60.0,COOL (<60),3184.2538,1294.57,143275.5,144570.07,99.1,0.9,5747.58,44.57
2021-03-29,533,BULL_100,NO,NONE,396.2,44.385,45.15,1.72,20.74,30.0,NO,353.44,ABOVE,42.76,NO,N/A,386.91,ABOVE,9.29,0,17,"NO (need 2d, have 0d)",57.92,75.0,60.0,COOL (<60),3184.2538,1294.57,143769.06,145063.63,99.1,0.9,493.56,45.06
2021-03-30,534,BULL_100,NO,NONE,394.64,44.92,44.605,-0.7,19.61,30.0,NO,353.9,ABOVE,40.74,NO,N/A,387.31,ABOVE,7.33,0,18,"NO (need 2d, have 0d)",55.74,75.0,60.0,COOL (<60),3184.2538,1294.57,142033.64,143328.21,99.1,0.9,-1735.42,43.33
2021-03-31,535,BULL_100,NO,NONE,396.62,44.45,45.245,1.79,19.4,30.0,NO,354.33,ABOVE,42.29,NO,N/A,387.64,ABOVE,8.98,0,19,"NO (need 2d, have 0d)",57.91,75.0,60.0,COOL (<60),3184.2538,1294.57,144071.56,145366.13,99.1,0.9,2037.92,45.37
2021-04-01,536,BULL_100,NO,NONE,401.2,45.63,46.825,2.62,17.33,30.0,NO,354.77,ABOVE,46.43,NO,N/A,387.98,ABOVE,13.22,0,20,"NO (need 2d, have 0d)",62.49,75.0,60.0,NEUTRAL (60-75),3184.2538,1294.57,149102.68,150397.25,99.1,0.9,5031.12,50.4
2021-04-05,537,BULL_100,NO,NONE,406.72,47.165,48.755,3.37,17.91,30.0,NO,355.25,ABOVE,51.47,NO,N/A,388.44,ABOVE,18.28,0,21,"NO (need 2d, have 0d)",67.13,75.0,60.0,NEUTRAL (60-75),3184.2538,1294.57,155248.29,156542.86,99.2,0.8,6145.61,56.54
2021-04-06,538,BULL_100,NO,NONE,406.75,48.325,48.755,0.89,18.12,30.0,NO,355.72,ABOVE,51.03,NO,N/A,388.92,ABOVE,17.83,0,22,"NO (need 2d, have 0d)",67.16,75.0,60.0,NEUTRAL (60-75),3184.2538,1294.57,155248.29,156542.86,99.2,0.8,0.0,56.54
2021-04-07,539,BULL_100,NO,NONE,407.6,48.665,49.065,0.82,17.16,30.0,NO,356.23,ABOVE,51.37,NO,N/A,389.39,ABOVE,18.21,0,23,"NO (need 2d, have 0d)",67.87,75.0,60.0,NEUTRAL (60-75),3184.2538,1294.57,156235.41,157529.98,99.2,0.8,987.12,57.53
2021-04-08,540,BULL_100,NO,NONE,409.5,49.26,49.715,0.92,16.95,30.0,NO,356.71,ABOVE,52.79,NO,N/A,389.89,ABOVE,19.61,0,24,"NO (need 2d, have 0d)",69.46,75.0,60.0,NEUTRAL (60-75),3184.2538,1294.57,158305.18,159599.75,99.2,0.8,2069.77,59.6
2021-04-09,541,BULL_100,NO,NONE,410.68,49.485,50.185,1.41,16.69,30.0,NO,357.21,ABOVE,53.47,NO,N/A,390.69,ABOVE,19.99,0,25,"NO (need 2d, have 0d)",70.43,75.0,60.0,NEUTRAL (60-75),3184.2538,1294.57,159801.77,161096.34,99.2,0.8,1496.59,61.1
2021-04-12,542,BULL_100,NO,NONE,411.67,50.15,50.6,0.9,16.91,30.0,NO,357.75,ABOVE,53.92,NO,N/A,391.4,ABOVE,20.27,0,26,"NO (need 2d, have 0d)",71.26,75.0,60.0,NEUTRAL (60-75),3184.2538,1294.57,161123.24,162417.81,99.2,0.8,1321.47,62.42
2021-04-13,543,BULL_100,NO,NONE,412.65,50.54,50.9,0.71,16.65,30.0,NO,358.28,ABOVE,54.37,NO,N/A,392.26,ABOVE,20.39,0,27,"NO (need 2d, have 0d)",72.1,75.0,60.0,NEUTRAL (60-75),3184.2538,1294.57,162078.52,163373.09,99.2,0.8,955.28,63.37
2021-04-14,544,BULL_100,NO,NONE,411.81,51.045,50.535,-1.0,16.99,30.0,NO,358.83,ABOVE,52.98,NO,N/A,392.97,ABOVE,18.84,0,28,"NO (need 2d, have 0d)",70.21,75.0,60.0,NEUTRAL (60-75),3184.2538,1294.57,160916.26,162210.83,99.2,0.8,-1162.26,62.21
2021-04-15,545,BULL_100,NO,NONE,415.82,51.09,52.035,1.85,16.57,30.0,NO,359.38,ABOVE,56.44,NO,N/A,393.64,ABOVE,22.18,0,29,"NO (need 2d, have 0d)",73.75,75.0,60.0,NEUTRAL (60-75),3184.2538,1294.57,165692.64,166987.21,99.2,0.8,4776.38,66.99
2021-04-16,546,BULL_100,NO,NONE,416.8,51.92,52.525,1.17,16.25,30.0,NO,359.93,ABOVE,56.87,NO,N/A,394.31,ABOVE,22.49,0,30,"NO (need 2d, have 0d)",74.54,75.0,60.0,NEUTRAL (60-75),3184.2538,1294.57,167252.93,168547.5,99.2,0.8,1560.29,68.55
2021-04-19,547,BULL_100,NO,NONE,415.72,52.41,52.0,-0.78,17.29,30.0,NO,360.45,ABOVE,55.27,NO,N/A,394.91,ABOVE,20.81,0,31,"NO (need 2d, have 0d)",71.96,75.0,60.0,NEUTRAL (60-75),3184.2538,1294.57,165581.2,166875.77,99.2,0.8,-1671.73,66.88
2021-04-20,548,BULL_100,NO,NONE,411.93,51.82,50.515,-2.52,18.68,30.0,NO,360.95,ABOVE,50.98,NO,N/A,395.38,ABOVE,16.55,0,32,"NO (need 2d, have 0d)",63.62,75.0,60.0,NEUTRAL (60-75),3184.2538,1294.57,160852.58,162147.15,99.2,0.8,-4728.62,62.15
2021-04-21,549,BULL_100,NO,NONE,414.96,50.755,51.695,1.85,17.5,30.0,NO,361.44,ABOVE,53.52,NO,N/A,395.87,ABOVE,19.09,0,33,"NO (need 2d, have 0d)",66.92,75.0,60.0,NEUTRAL (60-75),3184.2538,1294.57,164610.0,165904.57,99.2,0.8,3757.42,65.9
2021-04-22,550,BULL_100,NO,NONE,412.55,51.93,50.78,-2.21,18.71,30.0,NO,361.93,ABOVE,50.62,NO,N/A,396.31,ABOVE,16.24,0,34,"NO (need 2d, have 0d)",62.1,75.0,60.0,NEUTRAL (60-75),3184.2538,1294.57,161696.41,162990.98,99.2,0.8,-2913.59,62.99
2021-04-23,551,BULL_100,NO,NONE,416.24,51.115,52.15,2.02,17.33,30.0,NO,362.43,ABOVE,53.81,NO,N/A,396.83,ABOVE,19.41,0,35,"NO (need 2d, have 0d)",66.12,75.0,60.0,NEUTRAL (60-75),3184.2538,1294.57,166058.83,167353.4,99.2,0.8,4362.42,67.35
2021-04-26,552,BULL_100,NO,NONE,417.95,52.3,52.73,0.82,17.64,30.0,NO,362.94,ABOVE,55.01,NO,N/A,397.38,ABOVE,20.57,0,36,"NO (need 2d, have 0d)",67.83,75.0,60.0,NEUTRAL (60-75),3184.2538,1294.57,167905.7,169200.27,99.2,0.8,1846.87,69.2
2021-04-27,553,BULL_100,NO,NONE,417.64,52.785,52.635,-0.28,17.56,30.0,NO,363.44,ABOVE,54.2,NO,N/A,397.87,ABOVE,19.77,0,37,"NO (need 2d, have 0d)",67.17,75.0,60.0,NEUTRAL (60-75),3184.2538,1294.57,167603.2,168897.77,99.2,0.8,-302.5,68.9
2021-04-28,554,BULL_100,NO,NONE,418.44,52.575,52.9,0.62,17.28,30.0,NO,363.95,ABOVE,54.49,NO,N/A,398.4,ABOVE,20.04,0,38,"NO (need 2d, have 0d)",68.03,75.0,60.0,NEUTRAL (60-75),3184.2538,1294.57,168447.02,169741.59,99.2,0.8,843.82,69.74
2021-04-29,555,BULL_100,NO,NONE,419.31,53.56,53.15,-0.77,17.61,30.0,NO,364.44,ABOVE,54.87,NO,N/A,398.93,ABOVE,20.38,0,39,"NO (need 2d, have 0d)",68.99,75.0,60.0,NEUTRAL (60-75),3184.2538,1294.57,169243.09,170537.66,99.2,0.8,796.07,70.54
2021-04-30,556,BULL_100,NO,NONE,417.22,52.985,52.505,-0.91,18.61,30.0,NO,364.92,ABOVE,52.3,NO,N/A,399.47,ABOVE,17.75,0,40,"NO (need 2d, have 0d)",64.03,75.0,60.0,NEUTRAL (60-75),3184.2538,1294.57,167189.24,168483.81,99.2,0.8,-2053.85,68.48
2021-05-03,557,BULL_100,NO,NONE,417.56,53.16,52.56,-1.13,18.31,30.0,NO,365.41,ABOVE,52.15,NO,N/A,400.03,ABOVE,17.53,0,41,"NO (need 2d, have 0d)",64.48,75.0,60.0,NEUTRAL (60-75),3184.2538,1294.57,167364.38,168658.95,99.2,0.8,175.14,68.66
2021-05-04,558,BULL_100,NO,NONE,415.6,52.48,51.8,-1.3,19.48,30.0,NO,365.87,ABOVE,49.73,NO,N/A,400.59,ABOVE,15.01,0,42,"NO (need 2d, have 0d)",59.86,75.0,60.0,COOL (<60),3184.2538,1294.57,164944.34,166238.91,99.2,0.8,-2420.04,66.24
2021-05-05,559,BULL_100,NO,NONE,415.69,52.22,51.825,-0.76,19.15,30.0,NO,366.33,ABOVE,49.36,NO,N/A,401.16,ABOVE,14.53,0,43,"NO (need 2d, have 0d)",60.0,75.0,60.0,NEUTRAL (60-75),3184.2538,1294.57,165023.95,166318.52,99.2,0.8,79.61,66.32
2021-05-06,560,BULL_100,NO,NONE,419.12,52.075,53.1,1.97,18.39,30.0,NO,366.8,ABOVE,52.32,NO,N/A,401.68,ABOVE,17.44,0,44,"NO (need 2d, have 0d)",65.06,75.0,60.0,NEUTRAL (60-75),3184.2538,1294.57,169083.87,170378.44,99.2,0.8,4059.92,70.38
2021-05-07,561,BULL_100,NO,NONE,422.4,53.165,54.35,2.23,16.69,30.0,NO,367.28,ABOVE,55.12,NO,N/A,402.49,ABOVE,19.91,0,45,"NO (need 2d, have 0d)",69.09,75.0,60.0,NEUTRAL (60-75),3184.2538,1294.57,173064.19,174358.76,99.3,0.7,3980.32,74.36
2021-05-10,562,BULL_100,NO,NONE,417.96,54.375,52.65,-3.17,19.66,30.0,NO,367.75,ABOVE,50.21,NO,N/A,403.25,ABOVE,14.71,0,46,"NO (need 2d, have 0d)",59.15,75.0,60.0,COOL (<60),3184.2538,1294.57,167650.96,168945.53,99.2,0.8,-5413.23,68.95
2021-05-11,563,BULL_100,NO,NONE,414.24,51.52,51.23,-0.56,21.84,30.0,NO,368.22,ABOVE,46.02,NO,N/A,403.73,ABOVE,10.51,0,47,"NO (need 2d, have 0d)",52.35,75.0,60.0,COOL (<60),3184.2538,1294.57,163129.32,164423.89,99.2,0.8,-4521.64,64.42
2021-05-12,564,BULL_100,NO,NONE,406.12,51.145,48.19,-5.78,27.59,30.0,NO,368.63,ABOVE,37.49,NO,N/A,404.11,ABOVE,2.01,0,48,"NO (need 2d, have 0d)",41.22,75.0,60.0,COOL (<60),3184.2538,1294.57,153449.19,154743.76,99.2,0.8,-9680.13,54.74
2021-05-13,565,BULL_100,NO,NONE,411.03,47.37,49.98,5.51,23.13,30.0,NO,369.08,ABOVE,41.95,NO,N/A,404.74,ABOVE,6.29,0,49,"NO (need 2d, have 0d)",48.37,75.0,60.0,COOL (<60),3184.2538,1294.57,159149.0,160443.57,99.2,0.8,5699.81,60.44
2021-05-14,566,BULL_100,NO,NONE,417.39,50.425,52.25,3.62,18.81,30.0,NO,369.54,ABOVE,47.85,NO,N/A,405.57,ABOVE,11.82,0,50,"NO (need 2d, have 0d)",55.86,75.0,60.0,COOL (<60),3184.2538,1294.57,166377.26,167671.83,99.2,0.8,7228.26,67.67
2021-05-17,567,BULL_100,NO,NONE,416.22,51.505,51.825,0.62,19.72,30.0,NO,369.99,ABOVE,46.23,NO,N/A,406.22,ABOVE,10.0,0,51,"NO (need 2d, have 0d)",54.3,75.0,60.0,COOL (<60),3184.2538,1294.57,165023.95,166318.52,99.2,0.8,-1353.31,66.32
2021-05-18,568,BULL_100,NO,NONE,410.6,52.135,49.805,-4.47,21.34,30.0,NO,370.41,ABOVE,40.19,NO,N/A,406.76,ABOVE,3.84,0,52,"NO (need 2d, have 0d)",47.44,75.0,60.0,COOL (<60),3184.2538,1294.57,158591.76,159886.33,99.2,0.8,-6432.19,59.89
2021-05-19,569,BULL_100,NO,NONE,409.82,49.335,49.435,0.2,22.18,30.0,NO,370.81,ABOVE,39.01,NO,N/A,407.21,ABOVE,2.61,0,53,"NO (need 2d, have 0d)",46.56,75.0,60.0,COOL (<60),3184.2538,1294.57,157413.58,158708.15,99.2,0.8,-1178.18,58.71
2021-05-20,570,BULL_100,NO,NONE,415.82,49.705,51.63,3.87,20.67,30.0,NO,371.24,ABOVE,44.58,NO,N/A,407.73,ABOVE,8.09,0,54,"NO (need 2d, have 0d)",53.67,75.0,60.0,COOL (<60),3184.2538,1294.57,164403.02,165697.59,99.2,0.8,6989.44,65.7
2021-05-21,571,BULL_100,NO,NONE,415.42,51.73,51.28,-0.87,20.15,30.0,NO,371.66,ABOVE,43.76,NO,N/A,408.15,ABOVE,7.27,0,55,"NO (need 2d, have 0d)",53.16,75.0,60.0,COOL (<60),3184.2538,1294.57,163288.53,164583.1,99.2,0.8,-1114.49,64.58
2021-05-24,572,BULL_100,NO,NONE,419.82,52.025,53.15,2.16,18.4,30.0,NO,372.09,ABOVE,47.73,NO,N/A,408.67,ABOVE,11.15,0,56,"NO (need 2d, have 0d)",57.88,75.0,60.0,COOL (<60),3184.2538,1294.57,169243.09,170537.66,99.2,0.8,5954.56,70.54
2021-05-25,573,BULL_100,NO,NONE,419.1,53.33,52.81,-0.98,18.84,30.0,NO,372.51,ABOVE,46.59,NO,N/A,409.13,ABOVE,9.97,0,57,"NO (need 2d, have 0d)",56.87,75.0,60.0,COOL (<60),3184.2538,1294.57,168160.44,169455.01,99.2,0.8,-1082.65,69.46
2021-05-26,574,BULL_100,NO,NONE,419.0,52.985,52.795,-0.36,17.36,30.0,NO,372.93,ABOVE,46.07,NO,N/A,409.59,ABOVE,9.41,0,58,"NO (need 2d, have 0d)",56.73,75.0,60.0,COOL (<60),3184.2538,1294.57,168112.68,169407.25,99.2,0.8,-47.76,69.41
2021-05-27,575,BULL_100,NO,NONE,421.19,52.555,53.605,2.0,16.74,30.0,NO,373.37,ABOVE,47.82,NO,N/A,410.05,ABOVE,11.14,0,59,"NO (need 2d, have 0d)",59.23,75.0,60.0,COOL (<60),3184.2538,1294.57,170691.92,171986.49,99.2,0.8,2579.24,71.99
2021-05-28,576,BULL_100,NO,NONE,419.97,53.55,53.19,-0.67,16.76,30.0,NO,373.78,ABOVE,46.19,NO,N/A,410.61,ABOVE,9.36,0,60,"NO (need 2d, have 0d)",57.24,75.0,60.0,COOL (<60),3184.2538,1294.57,169370.46,170665.03,99.2,0.8,-1321.46,70.67
2021-06-01,577,BULL_100,NO,NONE,419.28,53.79,52.875,-1.7,17.9,30.0,NO,374.19,ABOVE,45.09,NO,N/A,411.21,ABOVE,8.07,0,61,"NO (need 2d, have 0d)",56.1,75.0,60.0,COOL (<60),3184.2538,1294.57,168367.42,169661.99,99.2,0.8,-1003.04,69.66
2021-06-02,578,BULL_100,NO,NONE,420.63,52.975,53.395,0.79,17.48,30.0,NO,374.61,ABOVE,46.02,NO,N/A,411.76,ABOVE,8.87,0,62,"NO (need 2d, have 0d)",57.87,75.0,60.0,COOL (<60),3184.2538,1294.57,170023.23,171317.8,99.2,0.8,1655.81,71.32
2021-06-03,579,BULL_100,NO,NONE,418.37,53.03,52.56,-0.89,18.04,30.0,NO,375.01,ABOVE,43.36,NO,N/A,412.34,ABOVE,6.03,0,63,"NO (need 2d, have 0d)",53.94,75.0,60.0,COOL (<60),3184.2538,1294.57,167364.38,168658.95,99.2,0.8,-2658.85,68.66
2021-06-04,580,BULL_100,NO,NONE,422.62,52.75,54.105,2.57,16.42,30.0,NO,375.43,ABOVE,47.19,NO,N/A,413.03,ABOVE,9.59,0,64,"NO (need 2d, have 0d)",59.51,75.0,60.0,COOL (<60),3184.2538,1294.57,172284.05,173578.62,99.3,0.7,4919.67,73.58
2021-06-07,581,BULL_100,NO,NONE,422.3,53.865,54.015,0.28,16.42,30.0,NO,375.86,ABOVE,46.44,NO,N/A,413.67,ABOVE,8.63,0,65,"NO (need 2d, have 0d)",58.94,75.0,60.0,COOL (<60),3184.2538,1294.57,171997.47,173292.04,99.3,0.7,-286.58,73.29
2021-06-08,582,BULL_100,NO,NONE,422.38,53.97,54.075,0.19,17.07,30.0,NO,376.28,ABOVE,46.1,NO,N/A,414.21,ABOVE,8.17,0,66,"NO (need 2d, have 0d)",59.04,75.0,60.0,COOL (<60),3184.2538,1294.57,172188.52,173483.09,99.3,0.7,191.05,73.48
2021-06-09,583,BULL_100,NO,NONE,421.84,54.055,53.84,-0.4,17.89,30.0,NO,376.69,ABOVE,45.15,NO,N/A,414.72,ABOVE,7.12,0,67,"NO (need 2d, have 0d)",57.94,75.0,60.0,COOL (<60),3184.2538,1294.57,171440.22,172734.79,99.3,0.7,-748.3,72.73
2021-06-10,584,BULL_100,NO,NONE,423.46,53.71,54.485,1.44,16.1,30.0,NO,377.09,ABOVE,46.37,NO,N/A,415.29,ABOVE,8.17,0,68,"NO (need 2d, have 0d)",60.33,75.0,60.0,NEUTRAL (60-75),3184.2538,1294.57,173494.07,174788.64,99.3,0.7,2053.85,74.79
2021-06-11,585,BULL_100,NO,NONE,424.43,54.48,54.8,0.59,15.65,30.0,NO,377.49,ABOVE,46.94,NO,N/A,415.85,ABOVE,8.58,0,69,"NO (need 2d, have 0d)",61.73,75.0,60.0,NEUTRAL (60-75),3184.2538,1294.57,174497.11,175791.68,99.3,0.7,1003.04,75.79
2021-06-14,586,BULL_100,NO,NONE,425.07,54.96,55.095,0.25,16.39,30.0,NO,377.87,ABOVE,47.2,NO,N/A,416.33,ABOVE,8.74,0,70,"NO (need 2d, have 0d)",62.67,75.0,60.0,NEUTRAL (60-75),3184.2538,1294.57,175436.46,176731.03,99.3,0.7,939.35,76.73
2021-06-15,587,BULL_100,NO,NONE,424.4,55.33,54.83,-0.9,17.02,30.0,NO,378.25,ABOVE,46.15,NO,N/A,416.68,ABOVE,7.72,0,71,"NO (need 2d, have 0d)",60.98,75.0,60.0,NEUTRAL (60-75),3184.2538,1294.57,174592.63,175887.2,99.3,0.7,-843.83,75.89
2021-06-16,588,BULL_100,NO,NONE,420.36,54.695,53.33,-2.5,18.15,30.0,NO,378.6,ABOVE,41.76,NO,N/A,416.95,ABOVE,3.41,0,72,"NO (need 2d, have 0d)",51.93,75.0,60.0,COOL (<60),3184.2538,1294.57,169816.25,171110.82,99.2,0.8,-4776.38,71.11
2021-06-17,589,BULL_100,NO,NONE,422.31,53.375,53.985,1.14,17.75,30.0,NO,378.96,ABOVE,43.35,NO,N/A,417.25,ABOVE,5.06,0,73,"NO (need 2d, have 0d)",55.38,75.0,60.0,COOL (<60),3184.2538,1294.57,171901.94,173196.51,99.3,0.7,2085.69,73.2
2021-06-18,590,BULL_100,NO,NONE,413.61,53.84,51.245,-4.82,20.7,30.0,NO,379.26,ABOVE,34.35,NO,N/A,417.33,BELOW,-3.72,1,0,"NO (need 2d, have 1d)",41.2,75.0,60.0,COOL (<60),3184.2538,1294.57,163177.08,164471.65,99.2,0.8,-8724.86,64.47
2021-06-21,591,BULL_100,NO,NONE,421.2,52.13,54.05,3.68,17.89,30.0,NO,379.57,ABOVE,41.63,NO,N/A,417.54,ABOVE,3.66,0,1,"NO (need 2d, have 0d)",52.6,75.0,60.0,COOL (<60),3184.2538,1294.57,172108.92,173403.49,99.3,0.7,8931.84,73.4
2021-06-22,592,BULL_100,NO,NONE,423.26,53.71,54.86,2.14,16.66,30.0,NO,379.97,ABOVE,43.29,NO,N/A,417.77,ABOVE,5.49,0,2,"NO (need 2d, have 0d)",55.14,75.0,60.0,COOL (<60),3184.2538,1294.57,174688.16,175982.73,99.3,0.7,2579.24,75.98
2021-06-23,593,BULL_100,NO,NONE,423.11,54.845,54.77,-0.14,16.32,30.0,NO,380.38,ABOVE,42.73,NO,N/A,417.98,ABOVE,5.13,0,3,"NO (need 2d, have 0d)",54.91,75.0,60.0,COOL (<60),3184.2538,1294.57,174401.58,175696.15,99.3,0.7,-286.58,75.7
2021-06-24,594,BULL_100,NO,NONE,425.49,55.215,55.67,0.82,15.97,30.0,NO,380.84,ABOVE,44.65,NO,N/A,418.26,ABOVE,7.23,0,4,"NO (need 2d, have 0d)",57.92,75.0,60.0,COOL (<60),3184.2538,1294.57,177267.41,178561.98,99.3,0.7,2865.83,78.56
2021-06-25,595,BULL_100,NO,NONE,426.71,55.585,56.01,0.76,15.62,30.0,NO,381.27,ABOVE,45.44,NO,N/A,418.47,ABOVE,8.24,0,5,"NO (need 2d, have 0d)",59.42,75.0,60.0,COOL (<60),3184.2538,1294.57,178350.05,179644.62,99.3,0.7,1082.64,79.64
2021-06-28,596,BULL_100,NO,NONE,427.2,56.13,56.335,0.37,15.76,30.0,NO,381.74,ABOVE,45.46,NO,N/A,418.68,ABOVE,8.52,0,6,"NO (need 2d, have 0d)",60.03,75.0,60.0,NEUTRAL (60-75),3184.2538,1294.57,179384.94,180679.51,99.3,0.7,1034.89,80.68
2021-06-29,597,BULL_100,NO,NONE,428.25,56.47,56.735,0.47,16.02,30.0,NO,382.21,ABOVE,46.04,NO,N/A,418.93,ABOVE,9.32,0,7,"NO (need 2d, have 0d)",61.38,75.0,60.0,NEUTRAL (60-75),3184.2538,1294.57,180658.64,181953.21,99.3,0.7,1273.7,81.95
2021-06-30,598,BULL_100,NO,NONE,428.87,56.635,56.995,0.64,15.83,30.0,NO,382.66,ABOVE,46.21,NO,N/A,419.27,ABOVE,9.6,0,8,"NO (need 2d, have 0d)",62.2,75.0,60.0,NEUTRAL (60-75),3184.2538,1294.57,181486.54,182781.11,99.3,0.7,827.9,82.78
2021-07-01,599,BULL_100,NO,NONE,430.38,57.37,57.6,0.4,15.48,30.0,NO,383.11,ABOVE,47.27,NO,N/A,419.58,ABOVE,10.8,0,9,"NO (need 2d, have 0d)",64.17,75.0,60.0,NEUTRAL (60-75),3184.2538,1294.57,183413.02,184707.59,99.3,0.7,1926.48,84.71
2021-07-02,600,BULL_100,NO,NONE,433.38,57.845,58.845,1.73,15.07,30.0,NO,383.58,ABOVE,49.8,NO,N/A,420.0,ABOVE,13.38,0,10,"NO (need 2d, have 0d)",67.77,75.0,60.0,NEUTRAL (60-75),3184.2538,1294.57,187377.41,188671.98,99.3,0.7,3964.39,88.67
2021-07-06,601,BULL_100,NO,NONE,432.2,58.735,58.315,-0.72,16.44,30.0,NO,384.06,ABOVE,48.14,NO,N/A,420.31,ABOVE,11.89,0,11,"NO (need 2d, have 0d)",65.01,75.0,60.0,NEUTRAL (60-75),3184.2538,1294.57,185689.76,186984.33,99.3,0.7,-1687.65,86.98
2021-07-07,602,BULL_100,NO,NONE,434.48,58.775,59.245,0.8,16.2,30.0,NO,384.58,ABOVE,49.9,NO,N/A,420.65,ABOVE,13.83,0,12,"NO (need 2d, have 0d)",67.75,75.0,60.0,NEUTRAL (60-75),3184.2538,1294.57,188651.11,189945.68,99.3,0.7,2961.35,89.95
2021-07-08,603,BULL_100,NO,NONE,430.26,57.7,57.52,-0.31,19.0,30.0,NO,385.09,ABOVE,45.17,NO,N/A,420.9,ABOVE,9.36,0,13,"NO (need 2d, have 0d)",58.59,75.0,60.0,COOL (<60),3184.2538,1294.57,183158.28,184452.85,99.3,0.7,-5492.83,84.45
2021-07-09,604,BULL_100,NO,NONE,435.61,58.085,59.68,2.75,16.18,30.0,NO,385.62,ABOVE,49.99,NO,N/A,421.24,ABOVE,14.37,0,14,"NO (need 2d, have 0d)",65.04,75.0,60.0,NEUTRAL (60-75),3184.2538,1294.57,190036.26,191330.83,99.3,0.7,6877.98,91.33
2021-07-12,605,BULL_100,NO,NONE,437.16,58.92,60.325,2.38,16.17,30.0,NO,386.19,ABOVE,50.97,NO,N/A,421.6,ABOVE,15.56,0,15,"NO (need 2d, have 0d)",66.66,75.0,60.0,NEUTRAL (60-75),3184.2538,1294.57,192090.11,193384.68,99.3,0.7,2053.85,93.38
2021-07-13,606,BULL_100,NO,NONE,435.02,60.085,59.41,-1.12,17.12,30.0,NO,386.74,ABOVE,48.28,NO,N/A,421.95,ABOVE,13.07,0,16,"NO (need 2d, have 0d)",62.37,75.0,60.0,NEUTRAL (60-75),3184.2538,1294.57,189176.52,190471.09,99.3,0.7,-2913.59,90.47
2021-07-14,607,BULL_100,NO,NONE,436.23,59.47,59.84,0.62,16.33,30.0,NO,387.28,ABOVE,48.95,NO,N/A,422.33,ABOVE,13.9,0,17,"NO (need 2d, have 0d)",63.79,75.0,60.0,NEUTRAL (60-75),3184.2538,1294.57,190545.74,191840.31,99.3,0.7,1369.22,91.84
2021-07-15,608,BULL_100,NO,NONE,433.75,59.54,58.965,-0.97,17.01,30.0,NO,387.77,ABOVE,45.98,NO,N/A,422.69,ABOVE,11.06,0,18,"NO (need 2d, have 0d)",58.88,75.0,60.0,COOL (<60),3184.2538,1294.57,187759.52,189054.09,99.3,0.7,-2786.22,89.05
2021-07-16,609,BULL_100,NO,NONE,431.28,59.355,57.75,-2.7,18.45,30.0,NO,388.26,ABOVE,43.02,NO,N/A,423.0,ABOVE,8.28,0,19,"NO (need 2d, have 0d)",54.39,75.0,60.0,COOL (<60),3184.2538,1294.57,183890.65,185185.22,99.3,0.7,-3868.87,85.19
2021-07-19,610,BULL_100,NO,NONE,425.74,57.1,55.64,-2.56,22.5,30.0,NO,388.71,ABOVE,37.03,NO,N/A,423.13,ABOVE,2.61,0,20,"NO (need 2d, have 0d)",45.93,75.0,60.0,COOL (<60),3184.2538,1294.57,177171.88,178466.45,99.3,0.7,-6718.77,78.47
2021-07-20,611,BULL_100,NO,NONE,432.02,55.99,58.07,3.71,19.73,30.0,NO,389.19,ABOVE,42.83,NO,N/A,423.33,ABOVE,8.69,0,21,"NO (need 2d, have 0d)",54.56,75.0,60.0,COOL (<60),3184.2538,1294.57,184909.62,186204.19,99.3,0.7,7737.74,86.2
2021-07-21,612,BULL_100,NO,NONE,434.97,58.3,59.32,1.75,17.91,30.0,NO,389.7,ABOVE,45.27,NO,N/A,423.67,ABOVE,11.3,0,22,"NO (need 2d, have 0d)",57.95,75.0,60.0,COOL (<60),3184.2538,1294.57,188889.93,190184.5,99.3,0.7,3980.31,90.18
2021-07-22,613,BULL_100,NO,NONE,436.48,59.275,59.875,1.01,17.69,30.0,NO,390.19,ABOVE,46.29,NO,N/A,424.11,ABOVE,12.37,0,23,"NO (need 2d, have 0d)",59.62,75.0,60.0,COOL (<60),3184.2538,1294.57,190657.19,191951.76,99.3,0.7,1767.26,91.95
2021-07-23,614,BULL_100,NO,NONE,439.23,60.145,61.04,1.49,17.2,30.0,NO,390.71,ABOVE,48.52,NO,N/A,424.77,ABOVE,14.46,0,24,"NO (need 2d, have 0d)",62.52,75.0,60.0,NEUTRAL (60-75),3184.2538,1294.57,194366.85,195661.42,99.3,0.7,3709.66,95.66
2021-07-26,615,BULL_100,NO,NONE,440.69,60.395,61.625,2.04,17.58,30.0,NO,391.21,ABOVE,49.48,NO,N/A,425.37,ABOVE,15.32,0,25,"NO (need 2d, have 0d)",64.0,75.0,60.0,NEUTRAL (60-75),3184.2538,1294.57,196229.64,197524.21,99.3,0.7,1862.79,97.52
2021-07-27,616,BULL_100,NO,NONE,438.75,60.985,60.755,-0.38,19.36,30.0,NO,391.67,ABOVE,47.08,NO,N/A,425.79,ABOVE,12.96,0,26,"NO (need 2d, have 0d)",60.58,75.0,60.0,NEUTRAL (60-75),3184.2538,1294.57,193459.34,194753.91,99.3,0.7,-2770.3,94.75
2021-07-28,617,BULL_100,NO,NONE,438.94,60.785,60.75,-0.06,18.31,30.0,NO,392.13,ABOVE,46.81,NO,N/A,426.25,ABOVE,12.69,0,27,"NO (need 2d, have 0d)",60.8,75.0,60.0,NEUTRAL (60-75),3184.2538,1294.57,193443.42,194737.99,99.3,0.7,-15.92,94.74
2021-07-29,618,BULL_100,NO,NONE,438.2,60.995,60.545,-0.74,17.7,30.0,NO,392.56,ABOVE,45.64,NO,N/A,426.8,ABOVE,11.4,0,28,"NO (need 2d, have 0d)",59.4,75.0,60.0,COOL (<60),3184.2538,1294.57,192790.64,194085.21,99.3,0.7,-652.78,94.09
2021-07-30,619,BULL_100,NO,NONE,438.83,60.01,60.875,1.44,18.24,30.0,NO,393.0,ABOVE,45.83,NO,N/A,427.38,ABOVE,11.45,0,29,"NO (need 2d, have 0d)",60.24,75.0,60.0,NEUTRAL (60-75),3184.2538,1294.57,193841.45,195136.02,99.3,0.7,1050.81,95.14
2021-08-02,620,BULL_100,NO,NONE,438.19,61.685,60.515,-1.9,19.46,30.0,NO,393.45,ABOVE,44.74,NO,N/A,427.83,ABOVE,10.36,0,30,"NO (need 2d, have 0d)",58.91,75.0,60.0,COOL (<60),3184.2538,1294.57,192695.12,193989.69,99.3,0.7,-1146.33,93.99
2021-08-03,621,BULL_100,NO,NONE,440.42,60.86,61.505,1.06,18.04,30.0,NO,393.91,ABOVE,46.51,NO,N/A,428.33,ABOVE,12.09,0,31,"NO (need 2d, have 0d)",62.05,75.0,60.0,NEUTRAL (60-75),3184.2538,1294.57,195847.53,197142.1,99.3,0.7,3152.41,97.14
2021-08-04,622,BULL_100,NO,NONE,439.3,61.52,60.965,-0.9,17.97,30.0,NO,394.37,ABOVE,44.93,NO,N/A,428.72,ABOVE,10.58,0,32,"NO (need 2d, have 0d)",59.59,75.0,60.0,COOL (<60),3184.2538,1294.57,194128.03,195422.6,99.3,0.7,-1719.5,95.42
2021-08-05,623,BULL_100,NO,NONE,441.31,61.11,61.795,1.12,17.28,30.0,NO,394.86,ABOVE,46.45,NO,N/A,429.16,ABOVE,12.15,0,33,"NO (need 2d, have 0d)",62.47,75.0,60.0,NEUTRAL (60-75),3184.2538,1294.57,196770.96,198065.53,99.3,0.7,2642.93,98.07
2021-08-06,624,BULL_100,NO,NONE,442.35,61.825,62.275,0.73,16.15,30.0,NO,395.35,ABOVE,47.0,NO,N/A,429.63,ABOVE,12.72,0,34,"NO (need 2d, have 0d)",63.91,75.0,60.0,NEUTRAL (60-75),3184.2538,1294.57,198299.4,199593.97,99.4,0.6,1528.44,99.59
2021-08-09,625,BULL_100,NO,NONE,442.09,61.93,62.065,0.22,16.72,30.0,NO,395.86,ABOVE,46.23,NO,N/A,430.05,ABOVE,12.04,0,35,"NO (need 2d, have 0d)",63.25,75.0,60.0,NEUTRAL (60-75),3184.2538,1294.57,197630.71,198925.28,99.3,0.7,-668.69,98.93
2021-08-10,626,BULL_100,NO,NONE,442.46,62.09,62.2,0.18,16.79,30.0,NO,396.34,ABOVE,46.12,NO,N/A,430.5,ABOVE,11.96,0,36,"NO (need 2d, have 0d)",63.82,75.0,60.0,NEUTRAL (60-75),3184.2538,1294.57,198060.58,199355.15,99.4,0.6,429.87,99.36
2021-08-11,627,BULL_100,NO,NONE,443.57,62.02,62.7,1.1,16.06,30.0,NO,396.83,ABOVE,46.74,NO,N/A,430.98,ABOVE,12.59,0,37,"NO (need 2d, have 0d)",65.53,75.0,60.0,NEUTRAL (60-75),3184.2538,1294.57,199652.71,200947.28,99.4,0.6,1592.13,100.95
2021-08-12,628,BULL_100,NO,NONE,444.88,62.72,63.255,0.85,15.59,30.0,NO,397.36,ABOVE,47.52,NO,N/A,431.47,ABOVE,13.41,0,38,"NO (need 2d, have 0d)",67.49,75.0,60.0,NEUTRAL (60-75),3184.2538,1294.57,201419.97,202714.54,99.4,0.6,1767.26,102.71
2021-08-13,629,BULL_100,NO,NONE,445.4,63.44,63.595,0.24,15.45,30.0,NO,397.9,ABOVE,47.5,NO,N/A,432.01,ABOVE,13.39,0,39,"NO (need 2d, have 0d)",68.26,75.0,60.0,NEUTRAL (60-75),3184.2538,1294.57,202502.62,203797.19,99.4,0.6,1082.65,103.8
2021-08-16,630,BULL_100,NO,NONE,446.75,63.365,64.04,1.07,16.12,30.0,NO,398.5,ABOVE,48.25,NO,N/A,432.49,ABOVE,14.26,0,40,"NO (need 2d, have 0d)",70.23,75.0,60.0,NEUTRAL (60-75),3184.2538,1294.57,203919.61,205214.18,99.4,0.6,1416.99,105.21
2021-08-17,631,BULL_100,NO,NONE,443.0,63.395,62.485,-1.44,17.91,30.0,NO,399.07,ABOVE,43.93,NO,N/A,432.91,ABOVE,10.09,0,41,"NO (need 2d, have 0d)",59.23,75.0,60.0,COOL (<60),3184.2538,1294.57,198968.1,200262.67,99.4,0.6,-4951.51,100.26
2021-08-18,632,BULL_100,NO,NONE,438.8,62.635,60.65,-3.17,21.57,30.0,NO,399.63,ABOVE,39.17,NO,N/A,433.23,ABOVE,5.57,0,42,"NO (need 2d, have 0d)",49.81,75.0,60.0,COOL (<60),3184.2538,1294.57,193124.99,194419.56,99.3,0.7,-5843.11,94.42
2021-08-19,633,BULL_100,NO,NONE,439.1,59.43,60.78,2.27,21.67,30.0,NO,400.17,ABOVE,38.93,NO,N/A,433.58,ABOVE,5.52,0,43,"NO (need 2d, have 0d)",50.42,75.0,60.0,COOL (<60),3184.2538,1294.57,193538.94,194833.51,99.3,0.7,413.95,94.83
2021-08-20,634,BULL_100,NO,NONE,443.51,60.09,62.625,4.22,18.56,30.0,NO,400.7,ABOVE,42.81,NO,N/A,433.98,ABOVE,9.53,0,44,"NO (need 2d, have 0d)",58.38,75.0,60.0,COOL (<60),3184.2538,1294.57,199413.89,200708.46,99.4,0.6,5874.95,100.71
2021-08-23,635,BULL_100,NO,NONE,448.01,63.045,64.475,2.27,17.15,30.0,NO,401.22,ABOVE,46.79,NO,N/A,434.45,ABOVE,13.56,0,45,"NO (need 2d, have 0d)",64.62,75.0,60.0,NEUTRAL (60-75),3184.2538,1294.57,205304.76,206599.33,99.4,0.6,5890.87,106.6
2021-08-24,636,BULL_100,NO,NONE,447.8,64.595,64.39,-0.32,17.22,30.0,NO,401.71,ABOVE,46.09,NO,N/A,434.91,ABOVE,12.89,0,46,"NO (need 2d, have 0d)",64.14,75.0,60.0,NEUTRAL (60-75),3184.2538,1294.57,205034.1,206328.67,99.4,0.6,-270.66,106.33
2021-08-25,637,BULL_100,NO,NONE,448.88,64.425,64.88,0.71,16.79,30.0,NO,402.2,ABOVE,46.68,NO,N/A,435.4,ABOVE,13.48,0,47,"NO (need 2d, have 0d)",65.56,75.0,60.0,NEUTRAL (60-75),3184.2538,1294.57,206594.38,207888.95,99.4,0.6,1560.28,107.89
2021-08-26,638,BULL_100,NO,NONE,446.32,64.77,63.675,-1.69,18.84,30.0,NO,402.66,ABOVE,43.66,NO,N/A,435.92,ABOVE,10.4,0,48,"NO (need 2d, have 0d)",59.52,75.0,60.0,COOL (<60),3184.2538,1294.57,202757.36,204051.93,99.4,0.6,-3837.02,104.05
2021-08-27,639,BULL_100,NO,NONE,450.44,64.385,65.53,1.78,16.39,30.0,NO,403.14,ABOVE,47.3,NO,N/A,436.48,ABOVE,13.96,0,49,"NO (need 2d, have 0d)",65.1,75.0,60.0,NEUTRAL (60-75),3184.2538,1294.57,208664.15,209958.72,99.4,0.6,5906.79,109.96
2021-08-30,640,BULL_100,NO,NONE,452.38,65.525,66.36,1.27,16.19,30.0,NO,403.62,ABOVE,48.76,NO,N/A,437.25,ABOVE,15.13,0,50,"NO (need 2d, have 0d)",67.37,75.0,60.0,NEUTRAL (60-75),3184.2538,1294.57,211307.08,212601.65,99.4,0.6,2642.93,112.6
2021-08-31,641,BULL_100,NO,NONE,452.44,66.795,66.36,-0.65,16.48,30.0,NO,404.11,ABOVE,48.33,NO,N/A,437.88,ABOVE,14.56,0,51,"NO (need 2d, have 0d)",67.45,75.0,60.0,NEUTRAL (60-75),3184.2538,1294.57,211307.08,212601.65,99.4,0.6,-0.0,112.6
2021-09-01,642,BULL_100,NO,NONE,451.96,66.855,66.185,-1.0,16.11,30.0,NO,404.58,ABOVE,47.38,NO,N/A,438.45,ABOVE,13.51,0,52,"NO (need 2d, have 0d)",66.21,75.0,60.0,NEUTRAL (60-75),3184.2538,1294.57,210749.84,212044.4,99.4,0.6,-557.25,112.04
2021-09-02,643,BULL_100,NO,NONE,453.14,66.41,66.69,0.42,16.41,30.0,NO,405.04,ABOVE,48.1,NO,N/A,439.05,ABOVE,14.09,0,53,"NO (need 2d, have 0d)",67.77,75.0,60.0,NEUTRAL (60-75),3184.2538,1294.57,212357.88,213652.45,99.4,0.6,1608.05,113.65
2021-09-03,644,BULL_100,NO,NONE,452.77,67.04,66.55,-0.73,16.41,30.0,NO,405.5,ABOVE,47.27,NO,N/A,439.6,ABOVE,13.17,0,54,"NO (need 2d, have 0d)",66.73,75.0,60.0,NEUTRAL (60-75),3184.2538,1294.57,211912.09,213206.66,99.4,0.6,-445.79,113.21
2021-09-07,645,BULL_100,NO,NONE,451.08,66.885,65.75,-1.7,18.14,30.0,NO,405.97,ABOVE,45.11,NO,N/A,440.09,ABOVE,10.99,0,55,"NO (need 2d, have 0d)",62.03,75.0,60.0,NEUTRAL (60-75),3184.2538,1294.57,209364.68,210659.25,99.4,0.6,-2547.41,110.66
2021-09-08,646,BULL_100,NO,NONE,450.47,65.215,65.475,0.4,17.96,30.0,NO,406.45,ABOVE,44.02,NO,N/A,440.55,ABOVE,9.92,0,56,"NO (need 2d, have 0d)",60.38,75.0,60.0,NEUTRAL (60-75),3184.2538,1294.57,208489.01,209783.58,99.4,0.6,-875.67,109.78
2021-09-09,647,BULL_100,NO,NONE,448.76,65.14,64.77,-0.57,18.8,30.0,NO,406.92,ABOVE,41.84,NO,N/A,440.96,ABOVE,7.8,0,57,"NO (need 2d, have 0d)",55.88,75.0,60.0,COOL (<60),3184.2538,1294.57,206244.12,207538.69,99.4,0.6,-2244.89,107.54
2021-09-10,648,BULL_100,NO,NONE,445.26,65.495,63.25,-3.43,20.95,30.0,NO,407.35,ABOVE,37.91,NO,N/A,441.29,ABOVE,3.97,0,58,"NO (need 2d, have 0d)",48.0,75.0,60.0,COOL (<60),3184.2538,1294.57,201404.05,202698.62,99.4,0.6,-4840.07,102.7
2021-09-13,649,BULL_100,NO,NONE,447.22,64.135,64.065,-0.11,19.37,30.0,NO,407.76,ABOVE,39.46,NO,N/A,441.63,ABOVE,5.59,0,59,"NO (need 2d, have 0d)",52.08,75.0,60.0,COOL (<60),3184.2538,1294.57,203999.22,205293.79,99.4,0.6,2595.17,105.29
2021-09-14,650,BULL_100,NO,NONE,444.69,63.8,62.965,-1.31,19.46,30.0,NO,408.17,ABOVE,36.52,NO,N/A,441.85,ABOVE,2.84,0,60,"NO (need 2d, have 0d)",46.96,75.0,60.0,COOL (<60),3184.2538,1294.57,200496.54,201791.11,99.4,0.6,-3502.68,101.79
2021-09-15,651,BULL_100,NO,NONE,448.17,62.975,64.405,2.27,18.18,30.0,NO,408.59,ABOVE,39.58,NO,N/A,442.17,ABOVE,6.0,0,61,"NO (need 2d, have 0d)",53.7,75.0,60.0,COOL (<60),3184.2538,1294.57,205081.86,206376.43,99.4,0.6,4585.32,106.38
2021-09-16,652,BULL_100,NO,NONE,446.49,64.285,63.62,-1.03,18.69,30.0,NO,409.01,ABOVE,37.48,NO,N/A,442.41,ABOVE,4.08,0,62,"NO (need 2d, have 0d)",50.37,75.0,60.0,COOL (<60),3184.2538,1294.57,202582.22,203876.79,99.4,0.6,-2499.64,103.88
2021-09-17,653,BULL_100,NO,NONE,441.02,64.065,61.715,-3.67,20.81,30.0,NO,409.38,ABOVE,31.64,NO,N/A,442.63,BELOW,-1.61,1,0,"NO (need 2d, have 1d)",41.38,75.0,60.0,COOL (<60),3184.2538,1294.57,196516.22,197810.79,99.3,0.7,-6066.0,97.81
2021-09-20,654,BULL_100,NO,DEFENSIVE: SPY below 50-SMA for 2d,435.02,60.215,59.41,-1.34,25.71,30.0,NO,409.73,ABOVE,25.29,NO,N/A,442.61,BELOW,-7.59,2,0,YES,34.18,75.0,60.0,COOL (<60),3184.2538,1294.57,189176.52,190471.09,99.3,0.7,-7339.7,90.47
2021-09-21,655,DEFENSIVE,YES,NONE,432.57,60.815,58.395,-3.98,24.36,30.0,NO,410.05,ABOVE,22.52,NO,N/A,442.52,BELOW,-9.95,3,0,YES,31.75,75.0,60.0,COOL (<60),1602.7704,97423.39,93593.78,191017.17,49.0,51.0,546.08,91.02
2021-09-22,656,DEFENSIVE,NO,NONE,438.67,59.475,60.73,2.11,20.87,30.0,NO,410.4,ABOVE,28.27,NO,N/A,442.6,BELOW,-3.93,4,0,YES,42.68,75.0,60.0,COOL (<60),1602.7704,97423.39,97336.25,194759.64,50.0,50.0,3742.47,94.76
2021-09-23,657,DEFENSIVE,NO,NONE,443.52,61.76,62.96,1.94,18.63,30.0,NO,410.78,ABOVE,32.74,NO,N/A,442.74,ABOVE,0.78,0,1,"NO (need 2d, have 0d)",49.59,75.0,60.0,COOL (<60),1602.7704,97423.39,100910.42,198333.82,50.9,49.1,3574.18,98.33
2021-09-24,658,DEFENSIVE,NO,DEF EXIT: SPY above 50-SMA for 2d,444.21,62.1,63.155,1.7,17.75,30.0,NO,411.15,ABOVE,33.06,NO,N/A,442.95,ABOVE,1.26,0,2,"NO (need 2d, have 0d)",50.5,75.0,60.0,COOL (<60),1602.7704,97423.39,101222.96,198646.36,51.0,49.0,312.54,98.65
2021-09-27,659,BULL_100,YES,NONE,442.47,63.565,62.39,-1.85,18.76,30.0,NO,411.52,ABOVE,30.95,NO,N/A,443.17,BELOW,-0.7,1,0,"NO (need 2d, have 1d)",48.13,75.0,60.0,COOL (<60),3104.0739,1944.32,193663.17,195607.49,99.0,1.0,-3038.87,95.61
2021-09-28,660,BULL_100,NO,DEFENSIVE: SPY below 50-SMA for 2d,434.86,61.35,59.145,-3.59,23.25,30.0,NO,411.86,ABOVE,23.0,NO,N/A,443.36,BELOW,-8.5,2,0,YES,39.42,75.0,60.0,COOL (<60),3104.0739,1944.32,183590.45,185534.77,99.0,1.0,-10072.72,85.53
2021-09-29,661,DEFENSIVE,YES,NONE,435.56,60.005,59.485,-0.87,22.56,30.0,NO,412.21,ABOVE,23.35,NO,N/A,443.43,BELOW,-7.87,3,0,YES,40.48,75.0,60.0,COOL (<60),1568.2383,94055.06,93286.65,187341.71,49.8,50.2,1806.94,87.34
2021-09-30,662,DEFENSIVE,NO,NONE,429.95,60.395,57.165,-5.35,23.14,30.0,NO,412.53,ABOVE,17.42,NO,N/A,443.33,BELOW,-13.38,4,0,YES,35.14,75.0,60.0,COOL (<60),1568.2383,94055.06,89648.34,183703.4,48.8,51.2,-3638.31,83.7
2021-10-01,663,DEFENSIVE,NO,NONE,434.88,56.105,59.125,5.38,21.15,30.0,NO,412.86,ABOVE,22.02,NO,N/A,443.3,BELOW,-8.42,5,0,YES,42.34,75.0,60.0,COOL (<60),1568.2383,94055.06,92722.09,186777.15,49.6,50.4,3073.75,86.78
2021-10-04,664,DEFENSIVE,NO,NONE,428.77,58.085,56.65,-2.47,22.96,30.0,NO,413.15,ABOVE,15.62,NO,N/A,443.09,BELOW,-14.32,6,0,YES,36.88,75.0,60.0,COOL (<60),1568.2383,94055.06,88840.7,182895.76,48.6,51.4,-3881.39,82.9
2021-10-05,665,DEFENSIVE,NO,NONE,432.45,56.6,58.075,2.61,21.3,30.0,NO,413.45,ABOVE,19.0,NO,N/A,442.92,BELOW,-10.47,7,0,YES,41.75,75.0,60.0,COOL (<60),1568.2383,94055.06,91075.44,185130.49,49.2,50.8,2234.73,85.13
2021-10-06,666,DEFENSIVE,NO,NONE,436.06,56.555,59.545,5.29,21.0,30.0,NO,413.78,ABOVE,22.28,NO,N/A,442.87,BELOW,-6.81,8,0,YES,46.15,75.0,60.0,COOL (<60),1568.2383,94055.06,93380.75,187435.81,49.8,50.2,2305.32,87.44
2021-10-07,667,DEFENSIVE,NO,NONE,439.53,60.115,60.75,1.06,19.54,30.0,NO,414.14,ABOVE,25.39,NO,N/A,442.88,BELOW,-3.35,9,0,YES,50.05,75.0,60.0,COOL (<60),1568.2383,94055.06,95270.47,189325.53,50.3,49.7,1889.72,89.33
2021-10-08,668,DEFENSIVE,NO,NONE,437.37,60.66,60.05,-1.01,18.77,30.0,NO,414.49,ABOVE,22.88,NO,N/A,442.86,BELOW,-5.49,10,0,YES,47.73,75.0,60.0,COOL (<60),1568.2383,94055.06,94172.71,188227.77,50.0,50.0,-1097.76,88.23
2021-10-11,669,DEFENSIVE,NO,NONE,434.41,59.63,58.76,-1.46,20.0,30.0,NO,414.82,ABOVE,19.59,NO,N/A,442.77,BELOW,-8.36,11,0,YES,44.68,75.0,60.0,COOL (<60),1568.2383,94055.06,92149.68,186204.74,49.5,50.5,-2023.03,86.2
2021-10-12,670,DEFENSIVE,NO,NONE,432.42,58.315,57.985,-0.57,19.85,30.0,NO,415.14,ABOVE,17.28,NO,N/A,442.66,BELOW,-10.24,12,0,YES,42.7,75.0,60.0,COOL (<60),1568.2383,94055.06,90934.3,184989.35,49.2,50.8,-1215.39,84.99
2021-10-13,671,DEFENSIVE,NO,NONE,435.73,58.55,59.375,1.41,18.64,30.0,NO,415.45,ABOVE,20.28,NO,N/A,442.57,BELOW,-6.84,13,0,YES,46.91,75.0,60.0,COOL (<60),1568.2383,94055.06,93114.15,187169.2,49.7,50.3,2179.85,87.17
2021-10-14,672,DEFENSIVE,NO,NONE,443.2,60.145,62.405,3.76,16.86,30.0,NO,415.81,ABOVE,27.39,NO,N/A,442.64,ABOVE,0.56,0,1,"NO (need 2d, have 0d)",54.96,75.0,60.0,COOL (<60),1568.2383,94055.06,97865.91,191920.97,51.0,49.0,4751.77,91.92
2021-10-15,673,DEFENSIVE,NO,DEF EXIT: SPY above 50-SMA for 2d,445.87,62.565,63.405,1.34,16.3,30.0,NO,416.18,ABOVE,29.69,NO,N/A,442.73,ABOVE,3.14,0,2,"NO (need 2d, have 0d)",57.44,75.0,60.0,COOL (<60),1568.2383,94055.06,99434.15,193489.2,51.4,48.6,1568.23,93.49
2021-10-18,674,BULL_100,YES,NONE,447.28,62.89,64.115,1.95,16.31,30.0,NO,416.54,ABOVE,30.74,NO,N/A,442.83,ABOVE,4.45,0,3,"NO (need 2d, have 0d)",58.73,75.0,60.0,COOL (<60),3033.1491,1879.75,194470.35,196350.11,99.0,1.0,2860.91,96.35
2021-10-19,675,BULL_100,NO,NONE,451.07,64.47,65.745,1.98,15.7,30.0,NO,416.96,ABOVE,34.11,NO,N/A,443.01,ABOVE,8.06,0,4,"NO (need 2d, have 0d)",62.07,75.0,60.0,NEUTRAL (60-75),3033.1491,1879.75,199414.39,201294.14,99.1,0.9,4944.03,101.29
2021-10-20,676,BULL_100,NO,NONE,451.63,65.4,65.985,0.89,15.49,30.0,NO,417.36,ABOVE,34.27,NO,N/A,443.2,ABOVE,8.43,0,5,"NO (need 2d, have 0d)",62.55,75.0,60.0,NEUTRAL (60-75),3033.1491,1879.75,200142.34,202022.09,99.1,0.9,727.95,102.02
2021-10-21,677,BULL_100,NO,NONE,452.59,65.855,66.37,0.78,15.01,30.0,NO,417.75,ABOVE,34.84,NO,N/A,443.38,ABOVE,9.21,0,6,"NO (need 2d, have 0d)",63.41,75.0,60.0,NEUTRAL (60-75),3033.1491,1879.75,201310.11,203189.86,99.1,0.9,1167.77,103.19
2021-10-22,678,BULL_100,NO,NONE,452.3,66.55,66.345,-0.31,15.43,30.0,NO,418.11,ABOVE,34.19,NO,N/A,443.52,ABOVE,8.78,0,7,"NO (need 2d, have 0d)",62.94,75.0,60.0,NEUTRAL (60-75),3033.1491,1879.75,201234.28,203114.03,99.1,0.9,-75.83,103.11
2021-10-25,679,BULL_100,NO,NONE,456.17,66.795,67.965,1.75,15.24,30.0,NO,418.49,ABOVE,37.68,NO,N/A,443.74,ABOVE,12.43,0,8,"NO (need 2d, have 0d)",66.5,75.0,60.0,NEUTRAL (60-75),3033.1491,1879.75,206147.98,208027.73,99.1,0.9,4913.7,108.03
2021-10-26,680,BULL_100,NO,NONE,456.55,68.325,68.075,-0.37,15.98,30.0,NO,418.87,ABOVE,37.68,NO,N/A,443.94,ABOVE,12.61,0,9,"NO (need 2d, have 0d)",66.84,75.0,60.0,NEUTRAL (60-75),3033.1491,1879.75,206481.62,208361.38,99.1,0.9,333.65,108.36
2021-10-27,681,BULL_100,NO,NONE,454.88,68.22,67.38,-1.23,16.98,30.0,NO,419.25,ABOVE,35.63,NO,N/A,444.17,ABOVE,10.71,0,10,"NO (need 2d, have 0d)",63.8,75.0,60.0,NEUTRAL (60-75),3033.1491,1879.75,204373.59,206253.34,99.1,0.9,-2108.04,106.25
2021-10-28,682,BULL_100,NO,NONE,456.99,67.305,68.305,1.49,16.53,30.0,NO,419.64,ABOVE,37.35,NO,N/A,444.54,ABOVE,12.45,0,11,"NO (need 2d, have 0d)",65.91,75.0,60.0,NEUTRAL (60-75),3033.1491,1879.75,207179.25,209059.0,99.1,0.9,2805.66,109.06
2021-10-29,683,BULL_100,NO,NONE,459.67,67.98,69.475,2.2,16.26,30.0,NO,420.04,ABOVE,39.63,NO,N/A,444.95,ABOVE,14.72,0,12,"NO (need 2d, have 0d)",68.43,75.0,60.0,NEUTRAL (60-75),3033.1491,1879.75,210728.03,212607.78,99.1,0.9,3548.78,112.61
2021-11-01,684,BULL_100,NO,NONE,459.86,69.69,69.625,-0.09,16.41,30.0,NO,420.46,ABOVE,39.4,NO,N/A,445.28,ABOVE,14.58,0,13,"NO (need 2d, have 0d)",68.6,75.0,60.0,NEUTRAL (60-75),3033.1491,1879.75,211183.01,213062.76,99.1,0.9,454.98,113.06
2021-11-02,685,BULL_100,NO,NONE,461.42,69.565,70.29,1.04,16.03,30.0,NO,420.87,ABOVE,40.55,NO,N/A,445.54,ABOVE,15.88,0,14,"NO (need 2d, have 0d)",70.08,75.0,60.0,NEUTRAL (60-75),3033.1491,1879.75,213200.05,215079.8,99.1,0.9,2017.04,115.08
2021-11-03,686,BULL_100,NO,NONE,465.45,70.39,72.125,2.46,15.1,30.0,NO,421.28,ABOVE,44.17,NO,N/A,445.9,ABOVE,19.55,0,15,"NO (need 2d, have 0d)",73.56,75.0,60.0,NEUTRAL (60-75),3033.1491,1879.75,218765.88,220645.63,99.1,0.9,5565.83,120.65
2021-11-04,687,BULL_100,NO,NONE,467.17,71.985,72.925,1.31,15.44,30.0,NO,421.69,ABOVE,45.48,NO,N/A,446.26,ABOVE,20.91,0,16,"NO (need 2d, have 0d)",74.9,75.0,60.0,NEUTRAL (60-75),3033.1491,1879.75,221192.4,223072.15,99.2,0.8,2426.52,123.07
2021-11-05,688,BULL_100,NO,RSI TRIM: RSI=75.4>75.0,467.8,72.665,73.34,0.93,16.48,30.0,NO,422.12,ABOVE,45.68,NO,N/A,446.69,ABOVE,21.11,0,17,"NO (need 2d, have 0d)",75.39,75.0,60.0,HOT (>75),3033.1491,1879.75,222451.15,224330.91,99.2,0.8,1258.76,124.33
2021-11-08,689,BULL_TRIMMED,YES,NONE,468.4,73.53,73.595,0.09,17.22,30.0,NO,422.54,ABOVE,45.86,NO,N/A,447.05,ABOVE,21.35,0,18,"NO (need 2d, have 0d)",75.87,75.0,60.0,HOT (>75),2294.0351,56198.63,168829.52,225028.14,75.0,25.0,697.23,125.03
2021-11-09,690,BULL_TRIMMED,NO,NONE,466.76,73.79,72.7,-1.48,17.78,30.0,NO,422.95,ABOVE,43.81,NO,N/A,447.34,ABOVE,19.42,0,19,"NO (need 2d, have 0d)",71.71,75.0,60.0,NEUTRAL (60-75),2294.0351,56198.63,166776.35,222974.98,74.8,25.2,-2053.16,122.97
2021-11-10,691,BULL_TRIMMED,NO,NONE,463.69,72.765,71.13,-2.25,18.73,30.0,NO,423.42,ABOVE,40.27,NO,N/A,447.56,ABOVE,16.13,0,20,"NO (need 2d, have 0d)",64.58,75.0,60.0,NEUTRAL (60-75),2294.0351,56198.63,163174.72,219373.35,74.4,25.6,-3601.63,119.37
2021-11-11,692,BULL_TRIMMED,NO,NONE,464.6,71.715,71.65,-0.09,17.66,30.0,NO,423.86,ABOVE,40.74,NO,N/A,447.82,ABOVE,16.78,0,21,"NO (need 2d, have 0d)",65.67,75.0,60.0,NEUTRAL (60-75),2294.0351,56198.63,164367.62,220566.24,74.5,25.5,1192.89,120.57
2021-11-12,693,BULL_TRIMMED,NO,NONE,467.5,71.63,73.15,2.12,16.29,30.0,NO,424.35,ABOVE,43.15,NO,N/A,448.1,ABOVE,19.4,0,22,"NO (need 2d, have 0d)",68.95,75.0,60.0,NEUTRAL (60-75),2294.0351,56198.63,167808.67,224007.3,74.9,25.1,3441.06,124.01
2021-11-15,694,BULL_TRIMMED,NO,NONE,467.46,73.285,72.97,-0.43,16.49,30.0,NO,424.81,ABOVE,42.65,NO,N/A,448.4,ABOVE,19.06,0,23,"NO (need 2d, have 0d)",68.85,75.0,60.0,NEUTRAL (60-75),2294.0351,56198.63,167395.74,223594.37,74.9,25.1,-412.93,123.59
2021-11-16,695,BULL_TRIMMED,NO,NONE,469.46,72.745,73.875,1.55,16.37,30.0,NO,425.24,ABOVE,44.22,NO,N/A,448.77,ABOVE,20.69,0,24,"NO (need 2d, have 0d)",71.06,75.0,60.0,NEUTRAL (60-75),2294.0351,56198.63,169471.85,225670.47,75.1,24.9,2076.1,125.67
2021-11-17,696,BULL_TRIMMED,NO,NONE,468.29,73.94,73.385,-0.75,17.11,30.0,NO,425.67,ABOVE,42.62,NO,N/A,449.12,ABOVE,19.17,0,25,"NO (need 2d, have 0d)",68.02,75.0,60.0,NEUTRAL (60-75),2294.0351,56198.63,168347.77,224546.4,75.0,25.0,-1124.07,124.55
2021-11-18,697,BULL_TRIMMED,NO,NONE,470.01,73.88,74.155,0.37,17.59,30.0,NO,426.09,ABOVE,43.92,NO,N/A,449.55,ABOVE,20.46,0,26,"NO (need 2d, have 0d)",70.05,75.0,60.0,NEUTRAL (60-75),2294.0351,56198.63,170114.18,226312.8,75.2,24.8,1766.4,126.31
2021-11-19,698,BULL_TRIMMED,NO,NONE,469.2,74.76,73.725,-1.38,17.91,30.0,NO,426.49,ABOVE,42.71,NO,N/A,450.03,ABOVE,19.17,0,27,"NO (need 2d, have 0d)",67.87,75.0,60.0,NEUTRAL (60-75),2294.0351,56198.63,169127.74,225326.37,75.1,24.9,-986.43,125.33
2021-11-22,699,BULL_TRIMMED,NO,NONE,468.08,74.35,73.25,-1.48,19.17,30.0,NO,426.88,ABOVE,41.2,NO,N/A,450.44,ABOVE,17.64,0,28,"NO (need 2d, have 0d)",64.86,75.0,60.0,NEUTRAL (60-75),2294.0351,56198.63,168038.07,224236.7,74.9,25.1,-1089.67,124.24
2021-11-23,700,BULL_TRIMMED,NO,NONE,467.79,72.36,73.13,1.06,19.38,30.0,NO,427.27,ABOVE,40.52,NO,N/A,450.91,ABOVE,16.88,0,29,"NO (need 2d, have 0d)",64.07,75.0,60.0,NEUTRAL (60-75),2294.0351,56198.63,167762.79,223961.42,74.9,25.1,-275.28,123.96
2021-11-24,701,BULL_TRIMMED,NO,NONE,469.73,73.185,74.0,1.11,18.58,30.0,NO,427.66,ABOVE,42.07,NO,N/A,451.34,ABOVE,18.39,0,30,"NO (need 2d, have 0d)",66.97,75.0,60.0,NEUTRAL (60-75),2294.0351,56198.63,169758.6,225957.23,75.1,24.9,1995.81,125.96
2021-11-26,702,BULL_TRIMMED,NO,RSI RECOVERY: RSI=42.7<60.0,457.03,70.31,68.185,-3.02,28.62,30.0,NO,427.99,ABOVE,29.04,NO,N/A,451.55,ABOVE,5.48,0,31,"NO (need 2d, have 0d)",42.66,75.0,60.0,COOL (<60),2294.0351,56198.63,156418.79,212617.41,73.6,26.4,-13339.82,112.62
2021-11-29,703,BULL_100,YES,NONE,465.85,70.35,72.01,2.36,22.96,30.0,NO,428.36,ABOVE,37.49,NO,N/A,452.04,ABOVE,13.81,0,32,"NO (need 2d, have 0d)",54.9,75.0,60.0,COOL (<60),3061.9497,2147.83,220491.0,222638.82,99.0,1.0,10021.41,122.64
2021-11-30,704,BULL_100,NO,NONE,457.99,69.185,68.305,-1.27,27.19,30.0,NO,428.69,ABOVE,29.3,NO,N/A,452.5,ABOVE,5.49,0,33,"NO (need 2d, have 0d)",45.57,75.0,60.0,COOL (<60),3061.9497,2147.83,209146.47,211294.3,99.0,1.0,-11344.52,111.29
2021-12-01,705,BULL_100,NO,"KILL: VIX=31.1, SPY=452.35 vs 200SMA=428.99",452.35,69.535,65.81,-5.36,31.12,30.0,YES,428.99,ABOVE,23.36,YES,VIX>30.0,452.9,BELOW,-0.55,1,0,"NO (need 2d, have 1d)",40.27,75.0,60.0,COOL (<60),3061.9497,2147.83,201506.91,203654.74,98.9,1.1,-7639.56,103.65
2021-12-02,706,CASH,YES,"RE-ENTRY: SPY>429(200), VIX=27.9<30, SPY>453(50)",455.87,66.2,67.36,1.75,27.95,30.0,NO,429.32,ABOVE,26.55,NO,N/A,453.24,ABOVE,2.63,0,1,"NO (need 2d, have 0d)",44.6,75.0,60.0,COOL (<60),0.0,204442.49,0.0,204442.49,0.0,100.0,787.75,104.44
2021-12-03,707,BULL_100,YES,"KILL: VIX=30.7, SPY=454.20 vs 200SMA=429.64",454.2,67.8,66.435,-2.01,30.67,30.0,YES,429.64,ABOVE,24.56,YES,VIX>30.0,453.46,ABOVE,0.74,0,2,"NO (need 2d, have 0d)",43.01,75.0,60.0,COOL (<60),2985.2223,1638.63,198323.24,199961.87,99.2,0.8,-4480.62,99.96
2021-12-06,708,CASH,YES,"RE-ENTRY: SPY>430(200), VIX=27.2<30, SPY>454(50)",458.72,67.19,68.635,2.15,27.18,30.0,NO,430.0,ABOVE,28.72,NO,N/A,453.75,ABOVE,4.97,0,3,"NO (need 2d, have 0d)",48.38,75.0,60.0,COOL (<60),0.0,201813.56,0.0,201813.56,0.0,100.0,1851.69,101.81
2021-12-07,709,BULL_100,YES,NONE,468.53,70.81,73.0,3.09,21.89,30.0,NO,430.4,ABOVE,38.13,NO,N/A,454.27,ABOVE,14.26,0,4,"NO (need 2d, have 0d)",57.69,75.0,60.0,COOL (<60),2821.5707,1917.24,205974.66,207891.9,99.1,0.9,6078.34,107.89
2021-12-08,710,BULL_100,NO,NONE,469.28,73.475,73.295,-0.24,19.9,30.0,NO,430.78,ABOVE,38.5,NO,N/A,454.96,ABOVE,14.32,0,5,"NO (need 2d, have 0d)",58.31,75.0,60.0,COOL (<60),2821.5707,1917.24,206807.03,208724.26,99.1,0.9,832.36,108.72
2021-12-09,711,BULL_100,NO,NONE,467.09,73.005,72.215,-1.08,21.58,30.0,NO,431.21,ABOVE,35.88,NO,N/A,455.59,ABOVE,11.5,0,6,"NO (need 2d, have 0d)",55.74,75.0,60.0,COOL (<60),2821.5707,1917.24,203759.73,205676.97,99.1,0.9,-3047.29,105.68
2021-12-10,712,BULL_100,NO,NONE,470.4,72.5,73.8,1.79,18.69,30.0,NO,431.66,ABOVE,38.74,NO,N/A,456.4,ABOVE,14.0,0,7,"NO (need 2d, have 0d)",58.7,75.0,60.0,COOL (<60),2821.5707,1917.24,208231.92,210149.16,99.1,0.9,4472.19,110.15
2021-12-13,713,BULL_100,NO,NONE,466.99,74.435,72.16,-3.06,20.31,30.0,NO,432.05,ABOVE,34.94,NO,N/A,457.04,ABOVE,9.95,0,8,"NO (need 2d, have 0d)",54.65,75.0,60.0,COOL (<60),2821.5707,1917.24,203604.54,205521.78,99.1,0.9,-4627.38,105.52
2021-12-14,714,BULL_100,NO,NONE,463.24,72.425,70.43,-2.75,21.89,30.0,NO,432.42,ABOVE,30.82,NO,N/A,457.73,ABOVE,5.51,0,9,"NO (need 2d, have 0d)",50.52,75.0,60.0,COOL (<60),2821.5707,1917.24,198723.23,200640.46,99.0,1.0,-4881.32,100.64
2021-12-15,715,BULL_100,NO,NONE,471.2,70.41,74.06,5.18,19.29,30.0,NO,432.88,ABOVE,38.32,NO,N/A,458.5,ABOVE,12.7,0,10,"NO (need 2d, have 0d)",57.81,75.0,60.0,COOL (<60),2821.5707,1917.24,208965.53,210882.77,99.1,0.9,10242.31,110.88
2021-12-16,716,BULL_100,NO,NONE,466.31,74.955,71.725,-4.31,20.57,30.0,NO,433.33,ABOVE,32.98,NO,N/A,459.11,ABOVE,7.2,0,11,"NO (need 2d, have 0d)",52.67,75.0,60.0,COOL (<60),2821.5707,1917.24,202377.16,204294.4,99.1,0.9,-6588.37,104.29
2021-12-17,717,BULL_100,NO,NONE,461.55,71.61,70.2,-1.97,21.57,30.0,NO,433.72,ABOVE,27.83,NO,N/A,459.55,ABOVE,2.0,0,12,"NO (need 2d, have 0d)",48.19,75.0,60.0,COOL (<60),2821.5707,1917.24,198074.26,199991.5,99.0,1.0,-4302.9,99.99
2021-12-20,718,BULL_100,NO,NONE,456.9,66.28,68.13,2.79,22.87,30.0,NO,434.09,ABOVE,22.81,NO,N/A,459.94,BELOW,-3.04,1,0,"NO (need 2d, have 1d)",44.23,75.0,60.0,COOL (<60),2821.5707,1917.24,192233.61,194150.85,99.0,1.0,-5840.65,94.15
2021-12-21,719,BULL_100,NO,NONE,462.83,68.515,70.705,3.2,21.01,30.0,NO,434.47,ABOVE,28.36,NO,N/A,460.51,ABOVE,2.32,0,1,"NO (need 2d, have 0d)",49.89,75.0,60.0,COOL (<60),2821.5707,1917.24,199499.16,201416.4,99.0,1.0,7265.55,101.42
2021-12-22,720,BULL_100,NO,NONE,468.15,70.285,73.15,4.08,18.63,30.0,NO,434.86,ABOVE,33.29,NO,N/A,461.22,ABOVE,6.93,0,2,"NO (need 2d, have 0d)",54.36,75.0,60.0,COOL (<60),2821.5707,1917.24,206397.9,208315.14,99.1,0.9,6898.74,108.32
2021-12-23,721,BULL_100,NO,NONE,470.63,73.285,74.29,1.37,17.96,30.0,NO,435.24,ABOVE,35.39,NO,N/A,461.92,ABOVE,8.71,0,3,"NO (need 2d, have 0d)",56.32,75.0,60.0,COOL (<60),2821.5707,1917.24,209614.49,211531.73,99.1,0.9,3216.59,111.53
2021-12-27,722,BULL_100,NO,NONE,476.8,74.5,77.235,3.67,17.68,30.0,NO,435.66,ABOVE,41.14,NO,N/A,462.59,ABOVE,14.21,0,4,"NO (need 2d, have 0d)",60.82,75.0,60.0,NEUTRAL (60-75),2821.5707,1917.24,217924.01,219841.25,99.1,0.9,8309.52,119.84
2021-12-28,723,BULL_100,NO,NONE,477.5,77.665,77.59,-0.1,17.54,30.0,NO,436.06,ABOVE,41.44,NO,N/A,463.22,ABOVE,14.28,0,5,"NO (need 2d, have 0d)",61.31,75.0,60.0,NEUTRAL (60-75),2821.5707,1917.24,218925.67,220842.91,99.1,0.9,1001.66,120.84
2021-12-29,724,BULL_100,NO,NONE,477.12,77.715,77.28,-0.56,16.95,30.0,NO,436.47,ABOVE,40.65,NO,N/A,463.82,ABOVE,13.3,0,6,"NO (need 2d, have 0d)",60.87,75.0,60.0,NEUTRAL (60-75),2821.5707,1917.24,218050.99,219968.22,99.1,0.9,-874.69,119.97
2021-12-30,725,BULL_100,NO,NONE,476.24,77.74,76.875,-1.11,17.33,30.0,NO,436.86,ABOVE,39.38,NO,N/A,464.32,ABOVE,11.92,0,7,"NO (need 2d, have 0d)",59.79,75.0,60.0,COOL (<60),2821.5707,1917.24,216908.25,218825.49,99.1,0.9,-1142.73,118.83
2021-12-31,726,BULL_100,NO,NONE,475.15,76.74,76.5,-0.31,17.22,30.0,NO,437.27,ABOVE,37.88,NO,N/A,464.79,ABOVE,10.36,0,8,"NO (need 2d, have 0d)",58.41,75.0,60.0,COOL (<60),2821.5707,1917.24,215850.16,217767.4,99.1,0.9,-1058.09,117.77
2022-01-03,727,BULL_100,NO,NONE,477.4,77.115,77.49,0.49,16.6,30.0,NO,437.72,ABOVE,39.68,NO,N/A,465.29,ABOVE,12.11,0,9,"NO (need 2d, have 0d)",60.44,75.0,60.0,NEUTRAL (60-75),2821.5707,1917.24,218643.52,220560.75,99.1,0.9,2793.35,120.56
2022-01-04,728,BULL_100,NO,NONE,477.04,77.965,77.225,-0.95,16.91,30.0,NO,438.14,ABOVE,38.9,NO,N/A,465.79,ABOVE,11.25,0,10,"NO (need 2d, have 0d)",59.94,75.0,60.0,COOL (<60),2821.5707,1917.24,217895.8,219813.04,99.1,0.9,-747.71,119.81
2022-01-05,729,BULL_100,NO,NONE,469.0,77.2,73.385,-4.94,19.73,30.0,NO,438.53,ABOVE,30.47,NO,N/A,466.04,ABOVE,2.96,0,11,"NO (need 2d, have 0d)",49.93,75.0,60.0,COOL (<60),2821.5707,1917.24,207060.97,208978.21,99.1,0.9,-10834.83,108.98
2022-01-06,730,BULL_100,NO,NONE,469.16,73.055,73.325,0.37,19.61,30.0,NO,438.94,ABOVE,30.22,NO,N/A,466.29,ABOVE,2.87,0,12,"NO (need 2d, have 0d)",50.11,75.0,60.0,COOL (<60),2821.5707,1917.24,206891.67,208808.91,99.1,0.9,-169.3,108.81
2022-01-07,731,BULL_100,NO,NONE,466.01,72.57,72.1,-0.65,18.76,30.0,NO,439.32,ABOVE,26.69,NO,N/A,466.52,BELOW,-0.51,1,0,"NO (need 2d, have 1d)",46.59,75.0,60.0,COOL (<60),2821.5707,1917.24,203435.25,205352.49,99.1,0.9,-3456.42,105.35
2022-01-10,732,BULL_100,NO,DEFENSIVE: SPY below 50-SMA for 2d,465.8,71.88,71.86,-0.03,19.4,30.0,NO,439.67,ABOVE,26.13,NO,N/A,466.69,BELOW,-0.89,2,0,YES,46.36,75.0,60.0,COOL (<60),2821.5707,1917.24,202758.07,204675.31,99.1,0.9,-677.18,104.68
2022-01-11,733,DEFENSIVE,YES,NONE,469.59,71.97,73.595,2.26,18.41,30.0,NO,440.03,ABOVE,29.56,NO,N/A,466.89,ABOVE,2.7,0,1,"NO (need 2d, have 0d)",51.12,75.0,60.0,COOL (<60),1424.1051,102441.55,104807.01,207248.57,50.6,49.4,2573.26,107.25
2022-01-12,734,DEFENSIVE,NO,DEF EXIT: SPY above 50-SMA for 2d,470.86,73.285,74.175,1.21,17.62,30.0,NO,440.42,ABOVE,30.44,NO,N/A,467.11,ABOVE,3.75,0,2,"NO (need 2d, have 0d)",52.64,75.0,60.0,COOL (<60),1424.1051,102441.55,105632.99,208074.55,50.8,49.2,825.98,108.07
2022-01-13,735,BULL_100,YES,NONE,464.68,73.99,71.22,-3.74,20.31,30.0,NO,440.76,ABOVE,23.92,NO,N/A,467.18,BELOW,-2.5,1,0,"NO (need 2d, have 1d)",45.27,75.0,60.0,COOL (<60),2780.5511,2026.93,198030.85,200057.78,99.0,1.0,-8016.77,100.06
2022-01-14,736,BULL_100,NO,DEFENSIVE: SPY below 50-SMA for 2d,465.33,71.35,71.4,0.07,19.19,30.0,NO,441.08,ABOVE,24.25,NO,N/A,467.17,BELOW,-1.84,2,0,YES,46.13,75.0,60.0,COOL (<60),2780.5511,2026.93,198531.35,200558.28,99.0,1.0,500.5,100.56
2022-01-18,737,DEFENSIVE,YES,NONE,456.16,69.28,67.29,-2.87,22.79,30.0,NO,441.32,ABOVE,14.84,NO,N/A,466.95,BELOW,-10.79,3,0,YES,37.28,75.0,60.0,COOL (<60),1404.9041,97283.1,94536.0,191819.1,49.3,50.7,-8739.18,91.82
2022-01-19,738,DEFENSIVE,NO,NONE,450.94,67.09,64.95,-3.19,23.85,30.0,NO,441.54,ABOVE,9.4,NO,N/A,466.62,BELOW,-15.68,4,0,YES,33.36,75.0,60.0,COOL (<60),1404.9041,97283.1,91248.52,188531.62,48.4,51.6,-3287.48,88.53
2022-01-20,739,DEFENSIVE,NO,NONE,445.5,65.95,62.61,-5.06,25.59,30.0,NO,441.73,ABOVE,3.77,NO,N/A,466.16,BELOW,-20.66,5,0,YES,29.84,75.0,60.0,COOL (<60),1404.9041,97283.1,87961.04,185244.15,47.5,52.5,-3287.47,85.24
2022-01-21,740,DEFENSIVE,NO,"KILL: VIX=28.9, SPY=436.78 vs 200SMA=441.87",436.78,62.92,59.0,-6.23,28.85,30.0,NO,441.87,BELOW,-5.09,YES,SPY<200SMA,465.56,BELOW,-28.78,6,0,YES,25.24,75.0,60.0,COOL (<60),1404.9041,97283.1,82889.34,180172.44,46.0,54.0,-5071.71,80.17
2022-01-24,741,CASH,YES,NONE,439.65,60.21,60.07,-0.23,29.9,30.0,NO,442.02,BELOW,-2.37,YES,SPY<200SMA,465.08,BELOW,-25.43,7,0,YES,29.11,75.0,60.0,COOL (<60),0.0,181702.2,0.0,181702.2,0.0,100.0,1529.76,81.7
2022-01-25,742,CASH,NO,NONE,435.01,57.63,58.22,1.02,31.16,30.0,YES,442.13,BELOW,-7.12,YES,VIX>30.0 | SPY<200SMA,464.49,BELOW,-29.48,8,0,YES,26.7,75.0,60.0,COOL (<60),0.0,181702.2,0.0,181702.2,0.0,100.0,-0.0,81.7
2022-01-26,743,CASH,NO,NONE,435.75,59.32,58.52,-1.35,31.96,30.0,YES,442.25,BELOW,-6.5,YES,VIX>30.0 | SPY<200SMA,463.85,BELOW,-28.1,9,0,YES,27.73,75.0,60.0,COOL (<60),0.0,181702.2,0.0,181702.2,0.0,100.0,-0.0,81.7
2022-01-27,744,CASH,NO,NONE,433.08,57.1,57.61,0.89,30.49,30.0,YES,442.35,BELOW,-9.27,YES,VIX>30.0 | SPY<200SMA,463.16,BELOW,-30.08,10,0,YES,26.3,75.0,60.0,COOL (<60),0.0,181702.2,0.0,181702.2,0.0,100.0,-0.0,81.7
2022-01-28,745,CASH,NO,NONE,442.15,57.01,61.0,7.0,27.66,30.0,NO,442.49,BELOW,-0.34,YES,SPY<200SMA,462.62,BELOW,-20.47,11,0,YES,38.01,75.0,60.0,COOL (<60),0.0,181702.2,0.0,181702.2,0.0,100.0,-0.0,81.7
2022-01-31,746,CASH,NO,NONE,448.77,61.18,63.72,4.15,24.83,30.0,NO,442.65,ABOVE,6.12,NO,N/A,462.23,BELOW,-13.46,12,0,YES,44.89,75.0,60.0,COOL (<60),0.0,181702.2,0.0,181702.2,0.0,100.0,-0.0,81.7
2022-02-01,747,CASH,NO,NONE,454.6,64.26,66.19,3.0,21.96,30.0,NO,442.84,ABOVE,11.76,NO,N/A,461.92,BELOW,-7.32,13,0,YES,50.14,75.0,60.0,COOL (<60),0.0,181702.2,0.0,181702.2,0.0,100.0,-0.0,81.7
2022-02-02,748,CASH,NO,NONE,452.7,66.4,65.33,-1.61,22.09,30.0,NO,443.04,ABOVE,9.66,NO,N/A,461.59,BELOW,-8.89,14,0,YES,48.52,75.0,60.0,COOL (<60),0.0,181702.2,0.0,181702.2,0.0,100.0,-0.0,81.7
2022-02-03,749,CASH,NO,NONE,451.4,65.65,64.77,-1.34,24.35,30.0,NO,443.23,ABOVE,8.17,NO,N/A,461.26,BELOW,-9.86,15,0,YES,47.39,75.0,60.0,COOL (<60),0.0,181702.2,0.0,181702.2,0.0,100.0,-0.0,81.7
2022-02-04,750,CASH,NO,NONE,448.35,64.14,63.5,-1.0,23.22,30.0,NO,443.4,ABOVE,4.95,NO,N/A,460.87,BELOW,-12.52,16,0,YES,44.76,75.0,60.0,COOL (<60),0.0,181702.2,0.0,181702.2,0.0,100.0,-0.0,81.7
2022-02-07,751,CASH,NO,NONE,448.19,63.44,63.21,-0.36,22.86,30.0,NO,443.56,ABOVE,4.63,NO,N/A,460.44,BELOW,-12.25,17,0,YES,44.62,75.0,60.0,COOL (<60),0.0,181702.2,0.0,181702.2,0.0,100.0,-0.0,81.7
2022-02-08,752,CASH,NO,NONE,452.01,63.25,64.86,2.55,21.44,30.0,NO,443.74,ABOVE,8.27,NO,N/A,460.34,BELOW,-8.33,18,0,YES,48.74,75.0,60.0,COOL (<60),0.0,181702.2,0.0,181702.2,0.0,100.0,-0.0,81.7
2022-02-09,753,CASH,NO,NONE,457.37,65.55,67.2,2.52,19.96,30.0,NO,443.93,ABOVE,13.44,NO,N/A,460.17,BELOW,-2.8,19,0,YES,53.92,75.0,60.0,COOL (<60),0.0,181702.2,0.0,181702.2,0.0,100.0,-0.0,81.7
2022-02-10,754,CASH,NO,NONE,448.02,66.73,63.22,-5.26,23.91,30.0,NO,444.08,ABOVE,3.94,NO,N/A,459.97,BELOW,-11.95,20,0,YES,45.31,75.0,60.0,COOL (<60),0.0,181702.2,0.0,181702.2,0.0,100.0,-0.0,81.7
2022-02-11,755,CASH,NO,NONE,440.8,62.65,59.98,-4.26,27.36,30.0,NO,444.19,BELOW,-3.39,YES,SPY<200SMA,459.74,BELOW,-18.94,21,0,YES,40.0,75.0,60.0,COOL (<60),0.0,181702.2,0.0,181702.2,0.0,100.0,-0.0,81.7
2022-02-14,756,CASH,NO,NONE,439.81,58.26,59.59,2.28,28.33,30.0,NO,444.3,BELOW,-4.49,YES,SPY<200SMA,459.41,BELOW,-19.6,22,0,YES,39.32,75.0,60.0,COOL (<60),0.0,181702.2,0.0,181702.2,0.0,100.0,-0.0,81.7
2022-02-15,757,CASH,NO,NONE,444.85,61.3,61.6,0.49,25.7,30.0,NO,444.44,ABOVE,0.41,NO,N/A,459.23,BELOW,-14.38,23,0,YES,44.5,75.0,60.0,COOL (<60),0.0,181702.2,0.0,181702.2,0.0,100.0,-0.0,81.7
2022-02-16,758,CASH,NO,NONE,445.7,62.52,61.95,-0.91,24.29,30.0,NO,444.59,ABOVE,1.11,NO,N/A,458.97,BELOW,-13.27,24,0,YES,45.35,75.0,60.0,COOL (<60),0.0,181702.2,0.0,181702.2,0.0,100.0,-0.0,81.7
2022-02-17,759,CASH,NO,NONE,437.46,61.32,58.47,-4.65,28.11,30.0,NO,444.7,BELOW,-7.24,YES,SPY<200SMA,458.35,BELOW,-20.89,25,0,YES,39.12,75.0,60.0,COOL (<60),0.0,181702.2,0.0,181702.2,0.0,100.0,-0.0,81.7
2022-02-18,760,CASH,NO,NONE,432.46,59.3,56.42,-4.86,27.75,30.0,NO,444.76,BELOW,-12.3,YES,SPY<200SMA,457.61,BELOW,-25.15,26,0,YES,35.89,75.0,60.0,COOL (<60),0.0,181702.2,0.0,181702.2,0.0,100.0,-0.0,81.7
2022-02-22,761,CASH,NO,NONE,432.02,55.14,56.3,2.1,28.81,30.0,NO,444.81,BELOW,-12.79,YES,SPY<200SMA,456.91,BELOW,-24.89,27,0,YES,35.61,75.0,60.0,COOL (<60),0.0,181702.2,0.0,181702.2,0.0,100.0,-0.0,81.7
2022-02-23,762,CASH,NO,NONE,421.6,56.82,52.29,-7.97,31.02,30.0,YES,444.83,BELOW,-23.23,YES,VIX>30.0 | SPY<200SMA,455.93,BELOW,-34.33,28,0,YES,29.74,75.0,60.0,COOL (<60),0.0,181702.2,0.0,181702.2,0.0,100.0,-0.0,81.7
2022-02-24,763,CASH,NO,NONE,426.07,49.43,53.85,8.94,30.32,30.0,YES,444.89,BELOW,-18.82,YES,VIX>30.0 | SPY<200SMA,455.11,BELOW,-29.04,29,0,YES,34.71,75.0,60.0,COOL (<60),0.0,181702.2,0.0,181702.2,0.0,100.0,-0.0,81.7
2022-02-25,764,CASH,NO,NONE,438.02,52.84,58.45,10.62,27.59,30.0,NO,445.05,BELOW,-7.03,YES,SPY<200SMA,454.61,BELOW,-16.59,30,0,YES,45.77,75.0,60.0,COOL (<60),0.0,181702.2,0.0,181702.2,0.0,100.0,-0.0,81.7
2022-02-28,765,CASH,NO,NONE,437.5,55.12,58.2,5.59,30.15,30.0,YES,445.18,BELOW,-7.68,YES,VIX>30.0 | SPY<200SMA,453.94,BELOW,-16.44,31,0,YES,45.41,75.0,60.0,COOL (<60),0.0,181702.2,0.0,181702.2,0.0,100.0,-0.0,81.7
2022-03-01,766,CASH,NO,NONE,431.43,57.95,55.8,-3.71,33.32,30.0,YES,445.25,BELOW,-13.82,YES,VIX>30.0 | SPY<200SMA,453.24,BELOW,-21.81,32,0,YES,41.32,75.0,60.0,COOL (<60),0.0,181702.2,0.0,181702.2,0.0,100.0,-0.0,81.7
2022-03-02,767,CASH,NO,NONE,437.2,55.02,58.06,5.53,30.74,30.0,YES,445.36,BELOW,-8.16,YES,VIX>30.0 | SPY<200SMA,452.75,BELOW,-15.55,33,0,YES,46.28,75.0,60.0,COOL (<60),0.0,181702.2,0.0,181702.2,0.0,100.0,-0.0,81.7
2022-03-03,768,CASH,NO,NONE,436.99,58.14,57.89,-0.43,30.48,30.0,YES,445.49,BELOW,-8.5,YES,VIX>30.0 | SPY<200SMA,452.35,BELOW,-15.36,34,0,YES,46.12,75.0,60.0,COOL (<60),0.0,181702.2,0.0,181702.2,0.0,100.0,-0.0,81.7
2022-03-04,769,CASH,NO,NONE,430.0,56.25,55.62,-1.12,31.98,30.0,YES,445.59,BELOW,-15.59,YES,VIX>30.0 | SPY<200SMA,451.7,BELOW,-21.7,35,0,YES,41.25,75.0,60.0,COOL (<60),0.0,181702.2,0.0,181702.2,0.0,100.0,-0.0,81.7
2022-03-07,770,CASH,NO,NONE,418.5,53.53,50.68,-5.32,36.45,30.0,YES,445.6,BELOW,-27.1,YES,VIX>30.0 | SPY<200SMA,450.7,BELOW,-32.2,36,0,YES,34.74,75.0,60.0,COOL (<60),0.0,181702.2,0.0,181702.2,0.0,100.0,-0.0,81.7
2022-03-08,771,CASH,NO,NONE,416.7,51.63,50.01,-3.14,35.13,30.0,YES,445.61,BELOW,-28.91,YES,VIX>30.0 | SPY<200SMA,449.62,BELOW,-32.92,37,0,YES,33.84,75.0,60.0,COOL (<60),0.0,181702.2,0.0,181702.2,0.0,100.0,-0.0,81.7
2022-03-09,772,CASH,NO,NONE,427.12,51.83,53.83,3.86,32.45,30.0,YES,445.65,BELOW,-18.53,YES,VIX>30.0 | SPY<200SMA,448.63,BELOW,-21.51,38,0,YES,43.04,75.0,60.0,COOL (<60),0.0,181702.2,0.0,181702.2,0.0,100.0,-0.0,81.7
2022-03-10,773,CASH,NO,NONE,426.34,52.78,53.5,1.36,30.23,30.0,YES,445.68,BELOW,-19.34,YES,VIX>30.0 | SPY<200SMA,447.61,BELOW,-21.27,39,0,YES,42.56,75.0,60.0,COOL (<60),0.0,181702.2,0.0,181702.2,0.0,100.0,-0.0,81.7
2022-03-11,774,CASH,NO,NONE,420.1,53.2,51.15,-3.85,30.75,30.0,YES,445.69,BELOW,-25.59,YES,VIX>30.0 | SPY<200SMA,446.47,BELOW,-26.37,40,0,YES,38.85,75.0,60.0,COOL (<60),0.0,181702.2,0.0,181702.2,0.0,100.0,-0.0,81.7
2022-03-14,775,CASH,NO,NONE,417.88,52.06,50.32,-3.34,31.77,30.0,YES,445.67,BELOW,-27.79,YES,VIX>30.0 | SPY<200SMA,445.3,BELOW,-27.42,41,0,YES,37.6,75.0,60.0,COOL (<60),0.0,181702.2,0.0,181702.2,0.0,100.0,-0.0,81.7
2022-03-15,776,CASH,NO,NONE,425.32,49.41,53.0,7.27,29.83,30.0,NO,445.7,BELOW,-20.38,YES,SPY<200SMA,444.3,BELOW,-18.98,42,0,YES,44.11,75.0,60.0,COOL (<60),0.0,181702.2,0.0,181702.2,0.0,100.0,-0.0,81.7
2022-03-16,777,CASH,NO,NONE,436.25,54.38,57.08,4.97,26.67,30.0,NO,445.78,BELOW,-9.53,YES,SPY<200SMA,443.48,BELOW,-7.23,43,0,YES,52.04,75.0,60.0,COOL (<60),0.0,181702.2,0.0,181702.2,0.0,100.0,-0.0,81.7
2022-03-17,778,CASH,NO,NONE,438.65,56.88,58.0,1.97,25.67,30.0,NO,445.87,BELOW,-7.22,YES,SPY<200SMA,442.71,BELOW,-4.06,44,0,YES,53.6,75.0,60.0,COOL (<60),0.0,181702.2,0.0,181702.2,0.0,100.0,-0.0,81.7
2022-03-18,779,CASH,NO,NONE,445.46,58.3,61.06,4.73,23.87,30.0,NO,446.01,BELOW,-0.55,YES,SPY<200SMA,442.24,ABOVE,3.22,0,1,"NO (need 2d, have 0d)",57.78,75.0,60.0,COOL (<60),0.0,181702.2,0.0,181702.2,0.0,100.0,-0.0,81.7
2022-03-21,780,CASH,NO,NONE,443.67,60.46,60.56,0.17,23.53,30.0,NO,446.11,BELOW,-2.44,YES,SPY<200SMA,441.73,ABOVE,1.94,0,2,"NO (need 2d, have 0d)",56.34,75.0,60.0,COOL (<60),0.0,181702.2,0.0,181702.2,0.0,100.0,-0.0,81.7
2022-03-22,781,CASH,NO,"RE-ENTRY: SPY>446(200), VIX=22.9<30, SPY>441(50)",450.11,60.94,63.19,3.69,22.94,30.0,NO,446.25,ABOVE,3.86,NO,N/A,441.41,ABOVE,8.7,0,3,"NO (need 2d, have 0d)",60.19,75.0,60.0,NEUTRAL (60-75),0.0,181702.2,0.0,181702.2,0.0,100.0,-0.0,81.7
2022-03-23,782,BULL_100,YES,"KILL: VIX=23.6, SPY=444.30 vs 200SMA=446.36",444.3,62.95,60.74,-3.51,23.57,30.0,NO,446.36,BELOW,-2.06,YES,SPY<200SMA,440.98,ABOVE,3.32,0,4,"NO (need 2d, have 0d)",55.45,75.0,60.0,COOL (<60),2857.5882,1726.08,173569.91,175295.99,99.0,1.0,-6406.21,75.3
2022-03-24,783,CASH,YES,"RE-ENTRY: SPY>447(200), VIX=21.7<30, SPY>441(50)",450.14,61.22,63.11,3.09,21.67,30.0,NO,446.5,ABOVE,3.64,NO,N/A,440.6,ABOVE,9.54,0,5,"NO (need 2d, have 0d)",58.95,75.0,60.0,COOL (<60),0.0,176316.75,0.0,176316.75,0.0,100.0,1020.76,76.32
2022-03-25,784,BULL_100,YES,NONE,452.9,63.44,64.03,0.93,20.81,30.0,NO,446.65,ABOVE,6.25,NO,N/A,440.24,ABOVE,12.66,0,6,"NO (need 2d, have 0d)",60.52,75.0,60.0,NEUTRAL (60-75),2751.4751,1674.89,176176.95,177851.84,99.1,0.9,1535.09,77.85
2022-03-28,785,BULL_100,NO,NONE,455.81,63.68,65.51,2.87,19.63,30.0,NO,446.81,ABOVE,9.0,NO,N/A,440.06,ABOVE,15.75,0,7,"NO (need 2d, have 0d)",62.17,75.0,60.0,NEUTRAL (60-75),2751.4751,1674.89,180249.13,181924.02,99.1,0.9,4072.18,81.92
2022-03-29,786,BULL_100,NO,NONE,461.11,65.94,67.74,2.73,18.9,30.0,NO,446.99,ABOVE,14.12,NO,N/A,439.97,ABOVE,21.14,0,8,"NO (need 2d, have 0d)",65.04,75.0,60.0,NEUTRAL (60-75),2751.4751,1674.89,186384.92,188059.81,99.1,0.9,6135.79,88.06
2022-03-30,787,BULL_100,NO,NONE,458.89,67.42,66.73,-1.02,19.33,30.0,NO,447.16,ABOVE,11.73,NO,N/A,440.03,ABOVE,18.86,0,9,"NO (need 2d, have 0d)",62.89,75.0,60.0,NEUTRAL (60-75),2751.4751,1674.89,183605.93,185280.82,99.1,0.9,-2778.99,85.28
2022-03-31,788,BULL_100,NO,NONE,453.21,67.03,64.24,-4.16,20.56,30.0,NO,447.32,ABOVE,5.89,NO,N/A,440.07,ABOVE,13.14,0,10,"NO (need 2d, have 0d)",57.64,75.0,60.0,COOL (<60),2751.4751,1674.89,176754.76,178429.65,99.1,0.9,-6851.17,78.43
2022-04-01,789,BULL_100,NO,NONE,453.28,64.54,64.19,-0.54,19.63,30.0,NO,447.48,ABOVE,5.8,NO,N/A,440.23,ABOVE,13.05,0,11,"NO (need 2d, have 0d)",57.69,75.0,60.0,COOL (<60),2751.4751,1674.89,176617.18,178292.08,99.1,0.9,-137.57,78.29
2022-04-04,790,BULL_100,NO,NONE,456.4,63.99,65.57,2.47,18.57,30.0,NO,447.69,ABOVE,8.71,NO,N/A,440.62,ABOVE,15.78,0,12,"NO (need 2d, have 0d)",59.82,75.0,60.0,COOL (<60),2751.4751,1674.89,180414.22,182089.11,99.1,0.9,3797.03,82.09
2022-04-05,791,BULL_100,NO,NONE,451.28,66.0,63.41,-3.92,21.03,30.0,NO,447.84,ABOVE,3.44,NO,N/A,440.85,ABOVE,10.43,0,13,"NO (need 2d, have 0d)",54.92,75.0,60.0,COOL (<60),2751.4751,1674.89,174471.03,176145.92,99.0,1.0,-5943.19,76.15
2022-04-06,792,BULL_100,NO,"KILL: VIX=22.1, SPY=445.19 vs 200SMA=447.95",445.19,62.49,60.88,-2.58,22.1,30.0,NO,447.95,BELOW,-2.76,YES,SPY<200SMA,441.06,ABOVE,4.13,0,14,"NO (need 2d, have 0d)",49.71,75.0,60.0,COOL (<60),2751.4751,1674.89,167509.8,169184.69,99.0,1.0,-6961.23,69.18
2022-04-07,793,CASH,YES,"RE-ENTRY: SPY>448(200), VIX=21.6<30, SPY>441(50)",449.25,61.4,62.5,1.79,21.55,30.0,NO,448.08,ABOVE,1.17,NO,N/A,441.33,ABOVE,7.92,0,15,"NO (need 2d, have 0d)",52.92,75.0,60.0,COOL (<60),0.0,170276.58,0.0,170276.58,0.0,100.0,1091.89,70.28
2022-04-08,794,BULL_100,YES,"KILL: VIX=21.2, SPY=447.24 vs 200SMA=448.19",447.24,63.04,61.73,-2.08,21.16,30.0,NO,448.19,BELOW,-0.95,YES,SPY<200SMA,441.61,ABOVE,5.63,0,16,"NO (need 2d, have 0d)",51.18,75.0,60.0,COOL (<60),2674.077,1617.48,165070.77,166688.25,99.0,1.0,-3588.33,66.69
2022-04-11,795,CASH,YES,NONE,439.66,61.25,58.43,-4.6,24.37,30.0,NO,448.26,BELOW,-8.6,YES,SPY<200SMA,441.56,BELOW,-1.9,1,0,"NO (need 2d, have 1d)",45.15,75.0,60.0,COOL (<60),0.0,165076.12,0.0,165076.12,0.0,100.0,-1612.13,65.08
2022-04-12,796,CASH,NO,NONE,439.64,57.93,58.46,0.91,24.26,30.0,NO,448.32,BELOW,-8.68,YES,SPY<200SMA,441.38,BELOW,-1.74,2,0,YES,45.13,75.0,60.0,COOL (<60),0.0,165076.12,0.0,165076.12,0.0,100.0,-0.0,65.08
2022-04-13,797,CASH,NO,NONE,443.05,58.94,59.83,1.51,21.82,30.0,NO,448.39,BELOW,-5.34,YES,SPY<200SMA,441.15,ABOVE,1.9,0,1,"NO (need 2d, have 0d)",48.31,75.0,60.0,COOL (<60),0.0,165076.12,0.0,165076.12,0.0,100.0,-0.0,65.08
2022-04-14,798,CASH,NO,NONE,437.74,59.99,57.55,-4.07,22.7,30.0,NO,448.44,BELOW,-10.7,YES,SPY<200SMA,440.85,BELOW,-3.11,1,0,"NO (need 2d, have 1d)",44.03,75.0,60.0,COOL (<60),0.0,165076.12,0.0,165076.12,0.0,100.0,-0.0,65.08
2022-04-18,799,CASH,NO,NONE,440.13,56.95,58.62,2.93,22.17,30.0,NO,448.49,BELOW,-8.36,YES,SPY<200SMA,440.62,BELOW,-0.49,2,0,YES,46.34,75.0,60.0,COOL (<60),0.0,165076.12,0.0,165076.12,0.0,100.0,-0.0,65.08
2022-04-19,800,CASH,NO,NONE,443.42,58.19,59.91,2.96,21.37,30.0,NO,448.54,BELOW,-5.12,YES,SPY<200SMA,440.52,ABOVE,2.9,0,1,"NO (need 2d, have 0d)",49.42,75.0,60.0,COOL (<60),0.0,165076.12,0.0,165076.12,0.0,100.0,-0.0,65.08
2022-04-20,801,CASH,NO,NONE,446.22,59.79,61.08,2.16,20.32,30.0,NO,448.61,BELOW,-2.39,YES,SPY<200SMA,440.49,ABOVE,5.73,0,2,"NO (need 2d, have 0d)",51.95,75.0,60.0,COOL (<60),0.0,165076.12,0.0,165076.12,0.0,100.0,-0.0,65.08
2022-04-21,802,CASH,NO,NONE,436.93,61.71,57.25,-7.23,22.68,30.0,NO,448.62,BELOW,-11.69,YES,SPY<200SMA,440.18,BELOW,-3.25,1,0,"NO (need 2d, have 1d)",44.07,75.0,60.0,COOL (<60),0.0,165076.12,0.0,165076.12,0.0,100.0,-0.0,65.08
2022-04-22,803,CASH,NO,NONE,424.23,57.68,52.3,-9.33,28.21,30.0,NO,448.59,BELOW,-24.36,YES,SPY<200SMA,439.52,BELOW,-15.29,2,0,YES,36.02,75.0,60.0,COOL (<60),0.0,165076.12,0.0,165076.12,0.0,100.0,-0.0,65.08
2022-04-25,804,CASH,NO,NONE,428.34,51.52,53.78,4.39,27.02,30.0,NO,448.55,BELOW,-20.21,YES,SPY<200SMA,439.13,BELOW,-10.79,3,0,YES,39.85,75.0,60.0,COOL (<60),0.0,165076.12,0.0,165076.12,0.0,100.0,-0.0,65.08
2022-04-26,805,CASH,NO,NONE,416.66,53.08,49.38,-6.97,33.52,30.0,YES,448.45,BELOW,-31.79,YES,VIX>30.0 | SPY<200SMA,438.64,BELOW,-21.98,4,0,YES,33.69,75.0,60.0,COOL (<60),0.0,165076.12,0.0,165076.12,0.0,100.0,-0.0,65.08
2022-04-27,806,CASH,NO,NONE,420.59,50.47,50.71,0.48,31.6,30.0,YES,448.38,BELOW,-27.79,YES,VIX>30.0 | SPY<200SMA,438.26,BELOW,-17.67,5,0,YES,37.21,75.0,60.0,COOL (<60),0.0,165076.12,0.0,165076.12,0.0,100.0,-0.0,65.08
2022-04-28,807,CASH,NO,NONE,423.91,51.73,51.85,0.23,29.99,30.0,NO,448.32,BELOW,-24.41,YES,SPY<200SMA,437.84,BELOW,-13.93,6,0,YES,40.1,75.0,60.0,COOL (<60),0.0,165076.12,0.0,165076.12,0.0,100.0,-0.0,65.08
2022-04-29,808,CASH,NO,NONE,413.4,52.68,47.86,-9.15,33.4,30.0,YES,448.22,BELOW,-34.82,YES,VIX>30.0 | SPY<200SMA,437.2,BELOW,-23.8,7,0,YES,34.66,75.0,60.0,COOL (<60),0.0,165076.12,0.0,165076.12,0.0,100.0,-0.0,65.08
2022-05-02,809,CASH,NO,NONE,414.01,47.93,48.11,0.38,32.34,30.0,YES,448.13,BELOW,-34.12,YES,VIX>30.0 | SPY<200SMA,436.73,BELOW,-22.72,8,0,YES,35.21,75.0,60.0,COOL (<60),0.0,165076.12,0.0,165076.12,0.0,100.0,-0.0,65.08
2022-05-03,810,CASH,NO,NONE,416.94,48.7,49.13,0.88,29.25,30.0,NO,448.08,BELOW,-31.14,YES,SPY<200SMA,436.42,BELOW,-19.48,9,0,YES,37.91,75.0,60.0,COOL (<60),0.0,165076.12,0.0,165076.12,0.0,100.0,-0.0,65.08
2022-05-04,811,CASH,NO,NONE,428.1,49.22,53.08,7.84,25.42,30.0,NO,448.07,BELOW,-19.97,YES,SPY<200SMA,436.34,BELOW,-8.24,10,0,YES,46.98,75.0,60.0,COOL (<60),0.0,165076.12,0.0,165076.12,0.0,100.0,-0.0,65.08
2022-05-05,812,CASH,NO,NONE,414.25,52.64,47.85,-9.1,31.2,30.0,YES,447.96,BELOW,-33.71,YES,VIX>30.0 | SPY<200SMA,436.19,BELOW,-21.94,11,0,YES,39.3,75.0,60.0,COOL (<60),0.0,165076.12,0.0,165076.12,0.0,100.0,-0.0,65.08
2022-05-06,813,CASH,NO,NONE,411.0,47.2,46.51,-1.46,30.19,30.0,YES,447.83,BELOW,-36.83,YES,VIX>30.0 | SPY<200SMA,435.89,BELOW,-24.89,12,0,YES,37.75,75.0,60.0,COOL (<60),0.0,165076.12,0.0,165076.12,0.0,100.0,-0.0,65.08
2022-05-09,814,CASH,NO,NONE,399.44,45.16,42.71,-5.43,34.75,30.0,YES,447.64,BELOW,-48.2,YES,VIX>30.0 | SPY<200SMA,435.12,BELOW,-35.68,13,0,YES,32.77,75.0,60.0,COOL (<60),0.0,165076.12,0.0,165076.12,0.0,100.0,-0.0,65.08
2022-05-10,815,CASH,NO,NONE,398.22,43.25,42.48,-1.78,32.99,30.0,YES,447.42,BELOW,-49.2,YES,VIX>30.0 | SPY<200SMA,434.33,BELOW,-36.11,14,0,YES,32.29,75.0,60.0,COOL (<60),0.0,165076.12,0.0,165076.12,0.0,100.0,-0.0,65.08
2022-05-11,816,CASH,NO,NONE,393.86,43.1,40.87,-5.17,32.56,30.0,YES,447.2,BELOW,-53.34,YES,VIX>30.0 | SPY<200SMA,433.58,BELOW,-39.72,15,0,YES,30.55,75.0,60.0,COOL (<60),0.0,165076.12,0.0,165076.12,0.0,100.0,-0.0,65.08
2022-05-12,817,CASH,NO,NONE,393.9,40.4,40.92,1.29,31.77,30.0,YES,446.97,BELOW,-53.07,YES,VIX>30.0 | SPY<200SMA,432.71,BELOW,-38.81,16,0,YES,30.59,75.0,60.0,COOL (<60),0.0,165076.12,0.0,165076.12,0.0,100.0,-0.0,65.08
2022-05-13,818,CASH,NO,NONE,401.45,41.66,43.3,3.94,28.87,30.0,NO,446.79,BELOW,-45.34,YES,SPY<200SMA,432.0,BELOW,-30.55,17,0,YES,37.35,75.0,60.0,COOL (<60),0.0,165076.12,0.0,165076.12,0.0,100.0,-0.0,65.08
2022-05-16,819,CASH,NO,NONE,400.46,42.6,42.89,0.68,27.47,30.0,NO,446.6,BELOW,-46.14,YES,SPY<200SMA,431.41,BELOW,-30.95,18,0,YES,36.84,75.0,60.0,COOL (<60),0.0,165076.12,0.0,165076.12,0.0,100.0,-0.0,65.08
2022-05-17,820,CASH,NO,NONE,408.25,43.89,45.4,3.44,26.1,30.0,NO,446.45,BELOW,-38.2,YES,SPY<200SMA,431.21,BELOW,-22.96,19,0,YES,43.35,75.0,60.0,COOL (<60),0.0,165076.12,0.0,165076.12,0.0,100.0,-0.0,65.08
2022-05-18,821,CASH,NO,NONE,389.5,44.83,39.19,-12.58,30.96,30.0,YES,446.19,BELOW,-56.69,YES,VIX>30.0 | SPY<200SMA,430.66,BELOW,-41.16,20,0,YES,34.21,75.0,60.0,COOL (<60),0.0,165076.12,0.0,165076.12,0.0,100.0,-0.0,65.08
2022-05-19,822,CASH,NO,NONE,390.57,38.97,39.51,1.39,29.35,30.0,NO,445.95,BELOW,-55.38,YES,SPY<200SMA,429.93,BELOW,-39.36,21,0,YES,35.05,75.0,60.0,COOL (<60),0.0,165076.12,0.0,165076.12,0.0,100.0,-0.0,65.08
2022-05-20,823,CASH,NO,NONE,390.62,40.38,39.5,-2.18,29.43,30.0,NO,445.7,BELOW,-55.08,YES,SPY<200SMA,429.22,BELOW,-38.6,22,0,YES,35.09,75.0,60.0,COOL (<60),0.0,165076.12,0.0,165076.12,0.0,100.0,-0.0,65.08
2022-05-23,824,CASH,NO,NONE,394.51,40.69,40.67,-0.05,28.48,30.0,NO,445.46,BELOW,-50.95,YES,SPY<200SMA,428.71,BELOW,-34.2,23,0,YES,38.41,75.0,60.0,COOL (<60),0.0,165076.12,0.0,165076.12,0.0,100.0,-0.0,65.08
2022-05-24,825,CASH,NO,NONE,395.6,39.87,40.96,2.73,29.45,30.0,NO,445.22,BELOW,-49.62,YES,SPY<200SMA,428.26,BELOW,-32.66,24,0,YES,39.35,75.0,60.0,COOL (<60),0.0,165076.12,0.0,165076.12,0.0,100.0,-0.0,65.08
2022-05-25,826,CASH,NO,NONE,396.73,40.75,41.36,1.5,28.37,30.0,NO,445.0,BELOW,-48.27,YES,SPY<200SMA,427.69,BELOW,-30.96,25,0,YES,40.36,75.0,60.0,COOL (<60),0.0,165076.12,0.0,165076.12,0.0,100.0,-0.0,65.08
2022-05-26,827,CASH,NO,NONE,405.41,41.97,44.1,5.08,27.5,30.0,NO,444.81,BELOW,-39.4,YES,SPY<200SMA,427.07,BELOW,-21.66,26,0,YES,47.6,75.0,60.0,COOL (<60),0.0,165076.12,0.0,165076.12,0.0,100.0,-0.0,65.08
2022-05-27,828,CASH,NO,NONE,416.6,43.89,47.74,8.77,25.72,30.0,NO,444.66,BELOW,-28.06,YES,SPY<200SMA,426.63,BELOW,-10.03,27,0,YES,55.15,75.0,60.0,COOL (<60),0.0,165076.12,0.0,165076.12,0.0,100.0,-0.0,65.08
2022-05-31,829,CASH,NO,NONE,414.49,46.76,46.98,0.47,26.19,30.0,NO,444.51,BELOW,-30.02,YES,SPY<200SMA,426.01,BELOW,-11.52,28,0,YES,53.58,75.0,60.0,COOL (<60),0.0,165076.12,0.0,165076.12,0.0,100.0,-0.0,65.08
2022-06-01,830,CASH,NO,NONE,408.47,46.71,44.95,-3.77,25.69,30.0,NO,444.32,BELOW,-35.85,YES,SPY<200SMA,425.31,BELOW,-16.84,29,0,YES,49.28,75.0,60.0,COOL (<60),0.0,165076.12,0.0,165076.12,0.0,100.0,-0.0,65.08
2022-06-02,831,CASH,NO,NONE,418.0,45.67,48.12,5.36,24.72,30.0,NO,444.19,BELOW,-26.19,YES,SPY<200SMA,424.67,BELOW,-6.67,30,0,YES,55.39,75.0,60.0,COOL (<60),0.0,165076.12,0.0,165076.12,0.0,100.0,-0.0,65.08
2022-06-03,832,CASH,NO,NONE,410.3,47.52,45.44,-4.38,24.79,30.0,NO,444.05,BELOW,-33.75,YES,SPY<200SMA,423.99,BELOW,-13.69,31,0,YES,50.13,75.0,60.0,COOL (<60),0.0,165076.12,0.0,165076.12,0.0,100.0,-0.0,65.08
2022-06-06,833,CASH,NO,NONE,411.9,46.87,45.9,-2.07,25.07,30.0,NO,443.91,BELOW,-32.01,YES,SPY<200SMA,423.22,BELOW,-11.32,32,0,YES,51.17,75.0,60.0,COOL (<60),0.0,165076.12,0.0,165076.12,0.0,100.0,-0.0,65.08
2022-06-07,834,CASH,NO,NONE,414.55,45.45,46.85,3.08,24.02,30.0,NO,443.77,BELOW,-29.22,YES,SPY<200SMA,422.45,BELOW,-7.9,33,0,YES,52.92,75.0,60.0,COOL (<60),0.0,165076.12,0.0,165076.12,0.0,100.0,-0.0,65.08
2022-06-08,835,CASH,NO,NONE,411.69,46.64,45.86,-1.67,23.96,30.0,NO,443.59,BELOW,-31.9,YES,SPY<200SMA,421.57,BELOW,-9.88,34,0,YES,50.8,75.0,60.0,COOL (<60),0.0,165076.12,0.0,165076.12,0.0,100.0,-0.0,65.08
2022-06-09,836,CASH,NO,NONE,401.98,45.72,42.63,-6.76,26.09,30.0,NO,443.36,BELOW,-41.38,YES,SPY<200SMA,420.39,BELOW,-18.41,35,0,YES,44.34,75.0,60.0,COOL (<60),0.0,165076.12,0.0,165076.12,0.0,100.0,-0.0,65.08
2022-06-10,837,CASH,NO,NONE,390.25,42.42,38.77,-8.6,27.75,30.0,NO,443.07,BELOW,-52.82,YES,SPY<200SMA,419.02,BELOW,-28.77,36,0,YES,38.03,75.0,60.0,COOL (<60),0.0,165076.12,0.0,165076.12,0.0,100.0,-0.0,65.08
2022-06-13,838,CASH,NO,NONE,375.82,36.39,34.54,-5.08,34.02,30.0,YES,442.71,BELOW,-66.89,YES,VIX>30.0 | SPY<200SMA,417.47,BELOW,-41.65,37,0,YES,32.01,75.0,60.0,COOL (<60),0.0,165076.12,0.0,165076.12,0.0,100.0,-0.0,65.08
2022-06-14,839,CASH,NO,NONE,375.72,35.51,34.47,-2.93,32.69,30.0,YES,442.34,BELOW,-66.62,YES,VIX>30.0 | SPY<200SMA,415.92,BELOW,-40.2,38,0,YES,31.97,75.0,60.0,COOL (<60),0.0,165076.12,0.0,165076.12,0.0,100.0,-0.0,65.08
2022-06-15,840,CASH,NO,NONE,381.66,34.44,36.12,4.88,29.62,30.0,NO,441.99,BELOW,-60.33,YES,SPY<200SMA,414.42,BELOW,-32.76,39,0,YES,36.75,75.0,60.0,COOL (<60),0.0,165076.12,0.0,165076.12,0.0,100.0,-0.0,65.08
2022-06-16,841,CASH,NO,NONE,368.44,33.41,32.1,-3.92,32.95,30.0,YES,441.57,BELOW,-73.13,YES,VIX>30.0 | SPY<200SMA,412.77,BELOW,-44.33,40,0,YES,31.45,75.0,60.0,COOL (<60),0.0,165076.12,0.0,165076.12,0.0,100.0,-0.0,65.08
2022-06-17,842,CASH,NO,NONE,366.33,32.73,32.2,-1.62,31.13,30.0,YES,441.14,BELOW,-74.81,YES,VIX>30.0 | SPY<200SMA,411.19,BELOW,-44.86,41,0,YES,30.69,75.0,60.0,COOL (<60),0.0,165076.12,0.0,165076.12,0.0,100.0,-0.0,65.08
2022-06-21,843,CASH,NO,NONE,374.67,33.81,34.38,1.69,30.19,30.0,YES,440.75,BELOW,-66.08,YES,VIX>30.0 | SPY<200SMA,409.7,BELOW,-35.03,42,0,YES,37.16,75.0,60.0,COOL (<60),0.0,165076.12,0.0,165076.12,0.0,100.0,-0.0,65.08
2022-06-22,844,CASH,NO,NONE,372.65,32.63,33.8,3.59,28.95,30.0,NO,440.34,BELOW,-67.69,YES,SPY<200SMA,408.21,BELOW,-35.56,43,0,YES,36.28,75.0,60.0,COOL (<60),0.0,165076.12,0.0,165076.12,0.0,100.0,-0.0,65.08
2022-06-23,845,CASH,NO,NONE,376.84,33.79,34.96,3.46,29.05,30.0,NO,439.97,BELOW,-63.13,YES,SPY<200SMA,406.95,BELOW,-30.11,44,0,YES,39.49,75.0,60.0,COOL (<60),0.0,165076.12,0.0,165076.12,0.0,100.0,-0.0,65.08
2022-06-24,846,CASH,NO,NONE,389.63,36.11,38.59,6.87,27.23,30.0,NO,439.67,BELOW,-50.04,YES,SPY<200SMA,405.95,BELOW,-16.32,45,0,YES,48.09,75.0,60.0,COOL (<60),0.0,165076.12,0.0,165076.12,0.0,100.0,-0.0,65.08
2022-06-27,847,CASH,NO,NONE,389.01,39.4,38.34,-2.69,26.95,30.0,NO,439.37,BELOW,-50.36,YES,SPY<200SMA,404.87,BELOW,-15.86,46,0,YES,47.73,75.0,60.0,COOL (<60),0.0,165076.12,0.0,165076.12,0.0,100.0,-0.0,65.08
2022-06-28,848,CASH,NO,NONE,381.2,38.57,36.02,-6.61,28.36,30.0,NO,439.05,BELOW,-57.85,YES,SPY<200SMA,403.74,BELOW,-22.54,47,0,YES,43.4,75.0,60.0,COOL (<60),0.0,165076.12,0.0,165076.12,0.0,100.0,-0.0,65.08
2022-06-29,849,CASH,NO,NONE,380.06,35.85,35.67,-0.5,28.16,30.0,NO,438.71,BELOW,-58.65,YES,SPY<200SMA,402.54,BELOW,-22.48,48,0,YES,42.79,75.0,60.0,COOL (<60),0.0,165076.12,0.0,165076.12,0.0,100.0,-0.0,65.08
2022-06-30,850,CASH,NO,NONE,377.3,34.63,34.94,0.9,28.71,30.0,NO,438.38,BELOW,-61.08,YES,SPY<200SMA,401.21,BELOW,-23.91,49,0,YES,41.27,75.0,60.0,COOL (<60),0.0,165076.12,0.0,165076.12,0.0,100.0,-0.0,65.08
2022-07-01,851,CASH,NO,NONE,381.14,34.13,35.95,5.33,26.7,30.0,NO,438.04,BELOW,-56.9,YES,SPY<200SMA,399.91,BELOW,-18.77,50,0,YES,44.23,75.0,60.0,COOL (<60),0.0,165076.12,0.0,165076.12,0.0,100.0,-0.0,65.08
2022-07-05,852,CASH,NO,NONE,380.89,36.04,35.86,-0.5,27.54,30.0,NO,437.71,BELOW,-56.82,YES,SPY<200SMA,398.79,BELOW,-17.9,51,0,YES,44.07,75.0,60.0,COOL (<60),0.0,165076.12,0.0,165076.12,0.0,100.0,-0.0,65.08
2022-07-06,853,CASH,NO,NONE,383.65,36.27,36.64,1.02,26.73,30.0,NO,437.43,BELOW,-53.78,YES,SPY<200SMA,397.98,BELOW,-14.33,52,0,YES,46.32,75.0,60.0,COOL (<60),0.0,165076.12,0.0,165076.12,0.0,100.0,-0.0,65.08
2022-07-07,854,CASH,NO,NONE,388.18,36.92,37.93,2.74,26.08,30.0,NO,437.19,BELOW,-49.01,YES,SPY<200SMA,397.18,BELOW,-9.0,53,0,YES,49.88,75.0,60.0,COOL (<60),0.0,165076.12,0.0,165076.12,0.0,100.0,-0.0,65.08
2022-07-08,855,CASH,NO,NONE,388.79,37.84,38.1,0.69,24.64,30.0,NO,436.97,BELOW,-48.18,YES,SPY<200SMA,396.62,BELOW,-7.83,54,0,YES,50.36,75.0,60.0,COOL (<60),0.0,165076.12,0.0,165076.12,0.0,100.0,-0.0,65.08
2022-07-11,856,CASH,NO,NONE,384.84,37.17,36.93,-0.65,26.17,30.0,NO,436.71,BELOW,-51.87,YES,SPY<200SMA,395.9,BELOW,-11.06,55,0,YES,47.22,75.0,60.0,COOL (<60),0.0,165076.12,0.0,165076.12,0.0,100.0,-0.0,65.08
2022-07-12,857,CASH,NO,NONE,380.69,36.0,35.71,-0.81,27.29,30.0,NO,436.39,BELOW,-55.7,YES,SPY<200SMA,395.04,BELOW,-14.35,56,0,YES,44.11,75.0,60.0,COOL (<60),0.0,165076.12,0.0,165076.12,0.0,100.0,-0.0,65.08
2022-07-13,858,CASH,NO,NONE,376.51,35.77,34.56,-3.38,26.82,30.0,NO,436.05,BELOW,-59.54,YES,SPY<200SMA,394.3,BELOW,-17.79,57,0,YES,41.17,75.0,60.0,COOL (<60),0.0,165076.12,0.0,165076.12,0.0,100.0,-0.0,65.08
2022-07-14,859,CASH,NO,NONE,379.49,34.45,35.4,2.76,26.4,30.0,NO,435.74,BELOW,-56.25,YES,SPY<200SMA,393.61,BELOW,-14.12,58,0,YES,44.04,75.0,60.0,COOL (<60),0.0,165076.12,0.0,165076.12,0.0,100.0,-0.0,65.08
2022-07-15,860,CASH,NO,NONE,385.19,34.99,36.94,5.57,24.23,30.0,NO,435.49,BELOW,-50.3,YES,SPY<200SMA,392.98,BELOW,-7.79,59,0,YES,49.14,75.0,60.0,COOL (<60),0.0,165076.12,0.0,165076.12,0.0,100.0,-0.0,65.08
2022-07-18,861,CASH,NO,NONE,382.93,37.82,36.29,-4.05,25.3,30.0,NO,435.23,BELOW,-52.3,YES,SPY<200SMA,392.07,BELOW,-9.14,60,0,YES,47.3,75.0,60.0,COOL (<60),0.0,165076.12,0.0,165076.12,0.0,100.0,-0.0,65.08
2022-07-19,862,CASH,NO,NONE,393.02,36.19,39.12,8.1,24.5,30.0,NO,435.04,BELOW,-42.02,YES,SPY<200SMA,391.65,ABOVE,1.37,0,1,"NO (need 2d, have 0d)",55.34,75.0,60.0,COOL (<60),0.0,165076.12,0.0,165076.12,0.0,100.0,-0.0,65.08
2022-07-20,863,CASH,NO,NONE,394.21,39.0,39.52,1.33,23.88,30.0,NO,434.84,BELOW,-40.63,YES,SPY<200SMA,391.31,ABOVE,2.9,0,2,"NO (need 2d, have 0d)",56.19,75.0,60.0,COOL (<60),0.0,165076.12,0.0,165076.12,0.0,100.0,-0.0,65.08
2022-07-21,864,CASH,NO,NONE,396.97,39.43,40.36,2.36,23.11,30.0,NO,434.68,BELOW,-37.71,YES,SPY<200SMA,391.26,ABOVE,5.71,0,3,"NO (need 2d, have 0d)",58.17,75.0,60.0,COOL (<60),0.0,165076.12,0.0,165076.12,0.0,100.0,-0.0,65.08
2022-07-22,865,CASH,NO,NONE,394.16,40.35,39.46,-2.21,23.03,30.0,NO,434.49,BELOW,-40.33,YES,SPY<200SMA,391.18,ABOVE,2.98,0,4,"NO (need 2d, have 0d)",55.42,75.0,60.0,COOL (<60),0.0,165076.12,0.0,165076.12,0.0,100.0,-0.0,65.08
2022-07-25,866,CASH,NO,NONE,394.2,39.51,39.37,-0.35,23.36,30.0,NO,434.28,BELOW,-40.08,YES,SPY<200SMA,391.19,ABOVE,3.01,0,5,"NO (need 2d, have 0d)",55.45,75.0,60.0,COOL (<60),0.0,165076.12,0.0,165076.12,0.0,100.0,-0.0,65.08
2022-07-26,867,CASH,NO,NONE,394.0,39.55,39.34,-0.53,24.69,30.0,NO,434.05,BELOW,-40.05,YES,SPY<200SMA,391.19,ABOVE,2.81,0,6,"NO (need 2d, have 0d)",55.23,75.0,60.0,COOL (<60),0.0,165076.12,0.0,165076.12,0.0,100.0,-0.0,65.08
2022-07-27,868,CASH,NO,NONE,400.43,39.49,41.29,4.56,23.24,30.0,NO,433.87,BELOW,-33.44,YES,SPY<200SMA,391.17,ABOVE,9.26,0,7,"NO (need 2d, have 0d)",60.55,75.0,60.0,NEUTRAL (60-75),0.0,165076.12,0.0,165076.12,0.0,100.0,-0.0,65.08
2022-07-28,869,CASH,NO,NONE,408.21,41.15,43.65,6.08,22.33,30.0,NO,433.74,BELOW,-25.53,YES,SPY<200SMA,391.32,ABOVE,16.88,0,8,"NO (need 2d, have 0d)",65.83,75.0,60.0,NEUTRAL (60-75),0.0,165076.12,0.0,165076.12,0.0,100.0,-0.0,65.08
2022-07-29,870,CASH,NO,NONE,411.5,43.77,44.71,2.15,21.33,30.0,NO,433.63,BELOW,-22.13,YES,SPY<200SMA,391.39,ABOVE,20.11,0,9,"NO (need 2d, have 0d)",67.8,75.0,60.0,NEUTRAL (60-75),0.0,165076.12,0.0,165076.12,0.0,100.0,-0.0,65.08
2022-08-01,871,CASH,NO,NONE,410.18,44.54,44.35,-0.43,22.84,30.0,NO,433.5,BELOW,-23.32,YES,SPY<200SMA,391.8,ABOVE,18.38,0,10,"NO (need 2d, have 0d)",66.15,75.0,60.0,NEUTRAL (60-75),0.0,165076.12,0.0,165076.12,0.0,100.0,-0.0,65.08
2022-08-02,872,CASH,NO,NONE,408.17,43.77,43.54,-0.53,23.93,30.0,NO,433.33,BELOW,-25.16,YES,SPY<200SMA,392.16,ABOVE,16.01,0,11,"NO (need 2d, have 0d)",63.62,75.0,60.0,NEUTRAL (60-75),0.0,165076.12,0.0,165076.12,0.0,100.0,-0.0,65.08
2022-08-03,873,CASH,NO,NONE,413.78,43.64,45.35,3.92,21.95,30.0,NO,433.17,BELOW,-19.39,YES,SPY<200SMA,392.62,ABOVE,21.16,0,12,"NO (need 2d, have 0d)",67.37,75.0,60.0,NEUTRAL (60-75),0.0,165076.12,0.0,165076.12,0.0,100.0,-0.0,65.08
2022-08-04,874,CASH,NO,NONE,414.31,45.51,45.46,-0.11,21.44,30.0,NO,433.0,BELOW,-18.69,YES,SPY<200SMA,393.01,ABOVE,21.3,0,13,"NO (need 2d, have 0d)",67.71,75.0,60.0,NEUTRAL (60-75),0.0,165076.12,0.0,165076.12,0.0,100.0,-0.0,65.08
2022-08-05,875,CASH,NO,NONE,412.8,45.59,44.81,-1.71,21.15,30.0,NO,432.81,BELOW,-20.01,YES,SPY<200SMA,393.36,ABOVE,19.44,0,14,"NO (need 2d, have 0d)",65.62,75.0,60.0,NEUTRAL (60-75),0.0,165076.12,0.0,165076.12,0.0,100.0,-0.0,65.08
2022-08-08,876,CASH,NO,NONE,414.12,45.6,45.4,-0.44,21.29,30.0,NO,432.62,BELOW,-18.5,YES,SPY<200SMA,393.71,ABOVE,20.41,0,15,"NO (need 2d, have 0d)",66.59,75.0,60.0,NEUTRAL (60-75),0.0,165076.12,0.0,165076.12,0.0,100.0,-0.0,65.08
2022-08-09,877,CASH,NO,NONE,411.69,45.2,44.57,-1.39,21.77,30.0,NO,432.42,BELOW,-20.73,YES,SPY<200SMA,393.83,ABOVE,17.86,0,16,"NO (need 2d, have 0d)",63.06,75.0,60.0,NEUTRAL (60-75),0.0,165076.12,0.0,165076.12,0.0,100.0,-0.0,65.08
2022-08-10,878,CASH,NO,NONE,420.12,44.56,47.33,6.22,19.74,30.0,NO,432.26,BELOW,-12.14,YES,SPY<200SMA,393.9,ABOVE,26.22,0,17,"NO (need 2d, have 0d)",69.17,75.0,60.0,NEUTRAL (60-75),0.0,165076.12,0.0,165076.12,0.0,100.0,-0.0,65.08
2022-08-11,879,CASH,NO,NONE,420.33,47.57,47.38,-0.4,20.2,30.0,NO,432.08,BELOW,-11.75,YES,SPY<200SMA,394.02,ABOVE,26.31,0,18,"NO (need 2d, have 0d)",69.3,75.0,60.0,NEUTRAL (60-75),0.0,165076.12,0.0,165076.12,0.0,100.0,-0.0,65.08
2022-08-12,880,CASH,NO,NONE,427.19,48.0,49.68,3.5,19.53,30.0,NO,431.93,BELOW,-4.74,YES,SPY<200SMA,394.39,ABOVE,32.8,0,19,"NO (need 2d, have 0d)",73.43,75.0,60.0,NEUTRAL (60-75),0.0,165076.12,0.0,165076.12,0.0,100.0,-0.0,65.08
2022-08-15,881,CASH,NO,NONE,428.62,48.86,50.1,2.54,19.95,30.0,NO,431.8,BELOW,-3.18,YES,SPY<200SMA,394.61,ABOVE,34.01,0,20,"NO (need 2d, have 0d)",74.21,75.0,60.0,NEUTRAL (60-75),0.0,165076.12,0.0,165076.12,0.0,100.0,-0.0,65.08
2022-08-16,882,CASH,NO,NONE,429.72,50.02,50.54,1.04,19.69,30.0,NO,431.66,BELOW,-1.94,YES,SPY<200SMA,394.99,ABOVE,34.73,0,21,"NO (need 2d, have 0d)",74.82,75.0,60.0,NEUTRAL (60-75),0.0,165076.12,0.0,165076.12,0.0,100.0,-0.0,65.08
2022-08-17,883,CASH,NO,NONE,425.99,50.13,49.19,-1.88,19.9,30.0,NO,431.5,BELOW,-5.51,YES,SPY<200SMA,395.28,ABOVE,30.71,0,22,"NO (need 2d, have 0d)",68.86,75.0,60.0,NEUTRAL (60-75),0.0,165076.12,0.0,165076.12,0.0,100.0,-0.0,65.08
2022-08-18,884,CASH,NO,NONE,427.66,49.11,49.75,1.3,19.56,30.0,NO,431.34,BELOW,-3.68,YES,SPY<200SMA,395.54,ABOVE,32.12,0,23,"NO (need 2d, have 0d)",70.01,75.0,60.0,NEUTRAL (60-75),0.0,165076.12,0.0,165076.12,0.0,100.0,-0.0,65.08
2022-08-19,885,CASH,NO,NONE,421.75,49.08,47.48,-3.26,20.6,30.0,NO,431.14,BELOW,-9.39,YES,SPY<200SMA,395.74,ABOVE,26.01,0,24,"NO (need 2d, have 0d)",61.37,75.0,60.0,NEUTRAL (60-75),0.0,165076.12,0.0,165076.12,0.0,100.0,-0.0,65.08
2022-08-22,886,CASH,NO,NONE,414.38,46.48,45.15,-2.86,23.8,30.0,NO,430.88,BELOW,-16.5,YES,SPY<200SMA,395.99,ABOVE,18.39,0,25,"NO (need 2d, have 0d)",52.64,75.0,60.0,COOL (<60),0.0,165076.12,0.0,165076.12,0.0,100.0,-0.0,65.08
2022-08-23,887,CASH,NO,NONE,412.04,45.1,44.45,-1.44,24.11,30.0,NO,430.61,BELOW,-18.57,YES,SPY<200SMA,396.42,ABOVE,15.62,0,26,"NO (need 2d, have 0d)",50.19,75.0,60.0,COOL (<60),0.0,165076.12,0.0,165076.12,0.0,100.0,-0.0,65.08
2022-08-24,888,CASH,NO,NONE,413.83,44.05,44.92,1.98,22.82,30.0,NO,430.34,BELOW,-16.51,YES,SPY<200SMA,397.18,ABOVE,16.65,0,27,"NO (need 2d, have 0d)",52.03,75.0,60.0,COOL (<60),0.0,165076.12,0.0,165076.12,0.0,100.0,-0.0,65.08
2022-08-25,889,CASH,NO,NONE,418.97,46.24,46.62,0.82,21.78,30.0,NO,430.09,BELOW,-11.12,YES,SPY<200SMA,398.05,ABOVE,20.92,0,28,"NO (need 2d, have 0d)",56.93,75.0,60.0,COOL (<60),0.0,165076.12,0.0,165076.12,0.0,100.0,-0.0,65.08
2022-08-26,890,CASH,NO,NONE,403.8,46.36,41.6,-10.27,25.56,30.0,NO,429.77,BELOW,-25.97,YES,SPY<200SMA,398.49,ABOVE,5.31,0,29,"NO (need 2d, have 0d)",42.97,75.0,60.0,COOL (<60),0.0,165076.12,0.0,165076.12,0.0,100.0,-0.0,65.08
2022-08-29,891,CASH,NO,NONE,403.62,41.26,41.49,0.56,26.21,30.0,NO,429.47,BELOW,-25.85,YES,SPY<200SMA,399.2,ABOVE,4.42,0,30,"NO (need 2d, have 0d)",42.84,75.0,60.0,COOL (<60),0.0,165076.12,0.0,165076.12,0.0,100.0,-0.0,65.08
2022-08-30,892,CASH,NO,NONE,398.34,41.98,39.8,-5.19,26.21,30.0,NO,429.14,BELOW,-30.8,YES,SPY<200SMA,399.84,BELOW,-1.5,1,0,"NO (need 2d, have 1d)",38.99,75.0,60.0,COOL (<60),0.0,165076.12,0.0,165076.12,0.0,100.0,-0.0,65.08
2022-08-31,893,CASH,NO,NONE,393.08,40.03,38.29,-4.35,25.87,30.0,NO,428.77,BELOW,-35.69,YES,SPY<200SMA,400.2,BELOW,-7.12,2,0,YES,35.56,75.0,60.0,COOL (<60),0.0,165076.12,0.0,165076.12,0.0,100.0,-0.0,65.08
2022-09-01,894,CASH,NO,NONE,397.67,38.16,39.28,2.94,25.56,30.0,NO,428.42,BELOW,-30.75,YES,SPY<200SMA,400.7,BELOW,-3.03,3,0,YES,40.48,75.0,60.0,COOL (<60),0.0,165076.12,0.0,165076.12,0.0,100.0,-0.0,65.08
2022-09-02,895,CASH,NO,NONE,392.74,39.04,38.1,-2.41,25.47,30.0,NO,428.04,BELOW,-35.3,YES,SPY<200SMA,401.02,BELOW,-8.28,4,0,YES,37.2,75.0,60.0,COOL (<60),0.0,165076.12,0.0,165076.12,0.0,100.0,-0.0,65.08
2022-09-06,896,CASH,NO,NONE,390.34,38.73,37.38,-3.49,26.91,30.0,NO,427.65,BELOW,-37.31,YES,SPY<200SMA,401.04,BELOW,-10.7,5,0,YES,35.68,75.0,60.0,COOL (<60),0.0,165076.12,0.0,165076.12,0.0,100.0,-0.0,65.08
2022-09-07,897,CASH,NO,NONE,397.51,37.56,39.45,5.03,24.64,30.0,NO,427.29,BELOW,-29.78,YES,SPY<200SMA,401.21,BELOW,-3.7,6,0,YES,43.14,75.0,60.0,COOL (<60),0.0,165076.12,0.0,165076.12,0.0,100.0,-0.0,65.08
2022-09-08,898,CASH,NO,NONE,400.76,39.34,40.42,2.75,23.61,30.0,NO,426.94,BELOW,-26.18,YES,SPY<200SMA,401.6,BELOW,-0.84,7,0,YES,46.19,75.0,60.0,COOL (<60),0.0,165076.12,0.0,165076.12,0.0,100.0,-0.0,65.08
2022-09-09,899,CASH,NO,NONE,406.2,40.92,42.18,3.08,22.79,30.0,NO,426.63,BELOW,-20.43,YES,SPY<200SMA,402.12,ABOVE,4.08,0,1,"NO (need 2d, have 0d)",50.93,75.0,60.0,COOL (<60),0.0,165076.12,0.0,165076.12,0.0,100.0,-0.0,65.08
2022-09-12,900,CASH,NO,NONE,411.39,42.6,43.65,2.46,23.87,30.0,NO,426.35,BELOW,-14.96,YES,SPY<200SMA,402.8,ABOVE,8.59,0,2,"NO (need 2d, have 0d)",55.0,75.0,60.0,COOL (<60),0.0,165076.12,0.0,165076.12,0.0,100.0,-0.0,65.08
2022-09-13,901,CASH,NO,NONE,393.94,44.12,38.1,-13.64,27.27,30.0,NO,425.97,BELOW,-32.03,YES,SPY<200SMA,403.06,BELOW,-9.12,1,0,"NO (need 2d, have 1d)",42.29,75.0,60.0,COOL (<60),0.0,165076.12,0.0,165076.12,0.0,100.0,-0.0,65.08
2022-09-14,902,CASH,NO,NONE,395.39,38.25,38.43,0.47,26.16,30.0,NO,425.66,BELOW,-30.27,YES,SPY<200SMA,403.35,BELOW,-7.96,2,0,YES,43.46,75.0,60.0,COOL (<60),0.0,165076.12,0.0,165076.12,0.0,100.0,-0.0,65.08
2022-09-15,903,CASH,NO,NONE,387.63,38.53,36.2,-6.05,26.27,30.0,NO,425.27,BELOW,-37.64,YES,SPY<200SMA,403.43,BELOW,-15.8,3,0,YES,38.92,75.0,60.0,COOL (<60),0.0,165076.12,0.0,165076.12,0.0,100.0,-0.0,65.08
2022-09-16,904,CASH,NO,NONE,387.45,36.02,36.58,1.55,26.3,30.0,NO,424.92,BELOW,-37.47,YES,SPY<200SMA,403.41,BELOW,-15.96,4,0,YES,38.82,75.0,60.0,COOL (<60),0.0,165076.12,0.0,165076.12,0.0,100.0,-0.0,65.08
2022-09-19,905,CASH,NO,NONE,389.76,35.3,37.25,5.52,25.76,30.0,NO,424.61,BELOW,-34.85,YES,SPY<200SMA,403.43,BELOW,-13.67,5,0,YES,40.94,75.0,60.0,COOL (<60),0.0,165076.12,0.0,165076.12,0.0,100.0,-0.0,65.08
2022-09-20,906,CASH,NO,NONE,384.33,36.77,35.67,-2.99,27.16,30.0,NO,424.25,BELOW,-39.92,YES,SPY<200SMA,403.42,BELOW,-19.09,6,0,YES,37.63,75.0,60.0,COOL (<60),0.0,165076.12,0.0,165076.12,0.0,100.0,-0.0,65.08
2022-09-21,907,CASH,NO,NONE,375.18,35.59,33.2,-6.72,27.99,30.0,NO,423.86,BELOW,-48.68,YES,SPY<200SMA,403.31,BELOW,-28.13,7,0,YES,32.82,75.0,60.0,COOL (<60),0.0,165076.12,0.0,165076.12,0.0,100.0,-0.0,65.08
2022-09-22,908,CASH,NO,NONE,374.99,33.97,33.09,-2.59,27.35,30.0,NO,423.44,BELOW,-48.45,YES,SPY<200SMA,403.28,BELOW,-28.29,8,0,YES,32.72,75.0,60.0,COOL (<60),0.0,165076.12,0.0,165076.12,0.0,100.0,-0.0,65.08
2022-09-23,909,CASH,NO,NONE,368.1,32.48,31.22,-3.88,29.92,30.0,NO,422.93,BELOW,-54.83,YES,SPY<200SMA,403.05,BELOW,-34.95,9,0,YES,29.44,75.0,60.0,COOL (<60),0.0,165076.12,0.0,165076.12,0.0,100.0,-0.0,65.08
2022-09-26,910,CASH,NO,NONE,365.15,31.0,30.5,-1.61,32.26,30.0,YES,422.41,BELOW,-57.26,YES,VIX>30.0 | SPY<200SMA,402.65,BELOW,-37.5,10,0,YES,28.14,75.0,60.0,COOL (<60),0.0,165076.12,0.0,165076.12,0.0,100.0,-0.0,65.08
2022-09-27,911,CASH,NO,NONE,363.55,31.47,30.14,-4.23,32.6,30.0,YES,421.9,BELOW,-58.35,YES,VIX>30.0 | SPY<200SMA,402.27,BELOW,-38.72,11,0,YES,27.43,75.0,60.0,COOL (<60),0.0,165076.12,0.0,165076.12,0.0,100.0,-0.0,65.08
2022-09-28,912,CASH,NO,NONE,370.06,29.56,31.68,7.17,30.18,30.0,YES,421.39,BELOW,-51.33,YES,VIX>30.0 | SPY<200SMA,401.81,BELOW,-31.75,12,0,YES,34.64,75.0,60.0,COOL (<60),0.0,165076.12,0.0,165076.12,0.0,100.0,-0.0,65.08
2022-09-29,913,CASH,NO,NONE,364.24,30.56,30.16,-1.31,31.84,30.0,YES,420.88,BELOW,-56.64,YES,VIX>30.0 | SPY<200SMA,401.21,BELOW,-36.97,13,0,YES,31.62,75.0,60.0,COOL (<60),0.0,165076.12,0.0,165076.12,0.0,100.0,-0.0,65.08
2022-09-30,914,CASH,NO,NONE,357.95,30.58,28.59,-6.51,31.62,30.0,YES,420.35,BELOW,-62.4,YES,VIX>30.0 | SPY<200SMA,400.43,BELOW,-42.48,14,0,YES,28.7,75.0,60.0,COOL (<60),0.0,165076.12,0.0,165076.12,0.0,100.0,-0.0,65.08
2022-10-03,915,CASH,NO,NONE,367.69,28.43,30.9,8.69,30.1,30.0,YES,419.84,BELOW,-52.15,YES,VIX>30.0 | SPY<200SMA,399.9,BELOW,-32.21,15,0,YES,38.2,75.0,60.0,COOL (<60),0.0,165076.12,0.0,165076.12,0.0,100.0,-0.0,65.08
2022-10-04,916,CASH,NO,NONE,377.06,31.94,33.23,4.04,29.07,30.0,NO,419.39,BELOW,-42.33,YES,SPY<200SMA,399.55,BELOW,-22.49,16,0,YES,45.7,75.0,60.0,COOL (<60),0.0,165076.12,0.0,165076.12,0.0,100.0,-0.0,65.08
2022-10-05,917,CASH,NO,NONE,378.59,32.78,33.63,2.59,28.55,30.0,NO,418.98,BELOW,-40.39,YES,SPY<200SMA,399.25,BELOW,-20.66,17,0,YES,46.83,75.0,60.0,COOL (<60),0.0,165076.12,0.0,165076.12,0.0,100.0,-0.0,65.08
2022-10-06,918,CASH,NO,NONE,372.15,33.13,31.91,-3.68,30.52,30.0,YES,418.55,BELOW,-46.4,YES,VIX>30.0 | SPY<200SMA,398.68,BELOW,-26.53,18,0,YES,42.78,75.0,60.0,COOL (<60),0.0,165076.12,0.0,165076.12,0.0,100.0,-0.0,65.08
2022-10-07,919,CASH,NO,NONE,361.95,31.9,29.29,-8.18,31.36,30.0,YES,418.05,BELOW,-56.1,YES,VIX>30.0 | SPY<200SMA,397.76,BELOW,-35.81,19,0,YES,37.28,75.0,60.0,COOL (<60),0.0,165076.12,0.0,165076.12,0.0,100.0,-0.0,65.08
2022-10-10,920,CASH,NO,NONE,360.79,29.12,29.01,-0.38,32.45,30.0,YES,417.51,BELOW,-56.72,YES,VIX>30.0 | SPY<200SMA,396.74,BELOW,-35.95,20,0,YES,36.7,75.0,60.0,COOL (<60),0.0,165076.12,0.0,165076.12,0.0,100.0,-0.0,65.08
2022-10-11,921,CASH,NO,NONE,358.28,28.2,28.35,0.53,33.63,30.0,YES,416.95,BELOW,-58.67,YES,VIX>30.0 | SPY<200SMA,395.7,BELOW,-37.42,21,0,YES,35.43,75.0,60.0,COOL (<60),0.0,165076.12,0.0,165076.12,0.0,100.0,-0.0,65.08
2022-10-12,922,CASH,NO,NONE,357.64,28.49,28.2,-1.02,33.57,30.0,YES,416.35,BELOW,-58.71,YES,VIX>30.0 | SPY<200SMA,394.69,BELOW,-37.05,22,0,YES,35.09,75.0,60.0,COOL (<60),0.0,165076.12,0.0,165076.12,0.0,100.0,-0.0,65.08
2022-10-13,923,CASH,NO,NONE,365.84,28.1,30.13,7.22,31.94,30.0,YES,415.79,BELOW,-49.95,YES,VIX>30.0 | SPY<200SMA,393.73,BELOW,-27.89,23,0,YES,42.6,75.0,60.0,COOL (<60),0.0,165076.12,0.0,165076.12,0.0,100.0,-0.0,65.08
2022-10-14,924,CASH,NO,NONE,356.6,30.37,27.87,-8.23,32.02,30.0,YES,415.19,BELOW,-58.59,YES,VIX>30.0 | SPY<200SMA,392.58,BELOW,-35.98,24,0,YES,37.35,75.0,60.0,COOL (<60),0.0,165076.12,0.0,165076.12,0.0,100.0,-0.0,65.08
2022-10-17,925,CASH,NO,NONE,369.75,28.96,30.96,6.91,31.37,30.0,YES,414.66,BELOW,-44.91,YES,VIX>30.0 | SPY<200SMA,391.72,BELOW,-21.97,25,0,YES,47.3,75.0,60.0,COOL (<60),0.0,165076.12,0.0,165076.12,0.0,100.0,-0.0,65.08
2022-10-18,926,CASH,NO,NONE,374.1,31.77,32.03,0.82,30.5,30.0,YES,414.15,BELOW,-40.05,YES,VIX>30.0 | SPY<200SMA,390.92,BELOW,-16.82,26,0,YES,50.12,75.0,60.0,COOL (<60),0.0,165076.12,0.0,165076.12,0.0,100.0,-0.0,65.08
2022-10-19,927,CASH,NO,NONE,367.52,31.5,30.35,-3.65,30.76,30.0,YES,413.6,BELOW,-46.08,YES,VIX>30.0 | SPY<200SMA,390.03,BELOW,-22.51,27,0,YES,46.1,75.0,60.0,COOL (<60),0.0,165076.12,0.0,165076.12,0.0,100.0,-0.0,65.08
2022-10-20,928,CASH,NO,NONE,364.17,30.06,29.5,-1.86,29.98,30.0,NO,413.04,BELOW,-48.87,YES,SPY<200SMA,388.92,BELOW,-24.75,28,0,YES,44.16,75.0,60.0,COOL (<60),0.0,165076.12,0.0,165076.12,0.0,100.0,-0.0,65.08
2022-10-21,929,CASH,NO,NONE,375.65,29.47,32.29,9.57,29.69,30.0,NO,412.57,BELOW,-36.92,YES,SPY<200SMA,388.02,BELOW,-12.37,29,0,YES,51.67,75.0,60.0,COOL (<60),0.0,165076.12,0.0,165076.12,0.0,100.0,-0.0,65.08
2022-10-24,930,CASH,NO,NONE,378.9,31.77,33.15,4.34,29.85,30.0,NO,412.12,BELOW,-33.22,YES,SPY<200SMA,387.06,BELOW,-8.16,30,0,YES,53.57,75.0,60.0,COOL (<60),0.0,165076.12,0.0,165076.12,0.0,100.0,-0.0,65.08
2022-10-25,931,CASH,NO,NONE,381.18,33.13,33.72,1.78,28.46,30.0,NO,411.7,BELOW,-30.52,YES,SPY<200SMA,386.11,BELOW,-4.93,31,0,YES,54.92,75.0,60.0,COOL (<60),0.0,165076.12,0.0,165076.12,0.0,100.0,-0.0,65.08
2022-10-26,932,CASH,NO,NONE,383.73,34.02,34.44,1.23,27.28,30.0,NO,411.29,BELOW,-27.56,YES,SPY<200SMA,385.19,BELOW,-1.46,32,0,YES,56.43,75.0,60.0,COOL (<60),0.0,165076.12,0.0,165076.12,0.0,100.0,-0.0,65.08
2022-10-27,933,CASH,NO,NONE,377.4,34.12,32.7,-4.16,27.39,30.0,NO,410.83,BELOW,-33.43,YES,SPY<200SMA,384.22,BELOW,-6.82,33,0,YES,51.78,75.0,60.0,COOL (<60),0.0,165076.12,0.0,165076.12,0.0,100.0,-0.0,65.08
2022-10-28,934,CASH,NO,NONE,390.2,32.42,36.09,11.32,25.75,30.0,NO,410.42,BELOW,-20.22,YES,SPY<200SMA,383.47,ABOVE,6.73,0,1,"NO (need 2d, have 0d)",59.12,75.0,60.0,COOL (<60),0.0,165076.12,0.0,165076.12,0.0,100.0,-0.0,65.08
2022-10-31,935,CASH,NO,NONE,386.73,35.55,35.0,-1.55,25.88,30.0,NO,410.03,BELOW,-23.3,YES,SPY<200SMA,382.77,ABOVE,3.96,0,2,"NO (need 2d, have 0d)",56.6,75.0,60.0,COOL (<60),0.0,165076.12,0.0,165076.12,0.0,100.0,-0.0,65.08
2022-11-01,936,CASH,NO,NONE,384.45,35.62,34.49,-3.17,25.81,30.0,NO,409.63,BELOW,-25.18,YES,SPY<200SMA,382.17,ABOVE,2.28,0,3,"NO (need 2d, have 0d)",54.95,75.0,60.0,COOL (<60),0.0,165076.12,0.0,165076.12,0.0,100.0,-0.0,65.08
2022-11-02,937,CASH,NO,NONE,374.08,34.6,31.69,-8.41,25.86,30.0,NO,409.22,BELOW,-35.14,YES,SPY<200SMA,381.41,BELOW,-7.33,1,0,"NO (need 2d, have 1d)",48.06,75.0,60.0,COOL (<60),0.0,165076.12,0.0,165076.12,0.0,100.0,-0.0,65.08
2022-11-03,938,CASH,NO,NONE,370.37,31.79,30.69,-3.46,25.3,30.0,NO,408.82,BELOW,-38.45,YES,SPY<200SMA,380.54,BELOW,-10.17,2,0,YES,45.85,75.0,60.0,COOL (<60),0.0,165076.12,0.0,165076.12,0.0,100.0,-0.0,65.08
2022-11-04,939,CASH,NO,NONE,376.0,31.09,32.12,3.31,24.55,30.0,NO,408.47,BELOW,-32.47,YES,SPY<200SMA,379.68,BELOW,-3.68,3,0,YES,49.64,75.0,60.0,COOL (<60),0.0,165076.12,0.0,165076.12,0.0,100.0,-0.0,65.08
2022-11-07,940,CASH,NO,NONE,379.99,32.53,33.12,1.81,24.35,30.0,NO,408.18,BELOW,-28.19,YES,SPY<200SMA,379.2,ABOVE,0.79,0,1,"NO (need 2d, have 0d)",52.19,75.0,60.0,COOL (<60),0.0,165076.12,0.0,165076.12,0.0,100.0,-0.0,65.08
2022-11-08,941,CASH,NO,NONE,382.64,32.9,33.84,2.86,25.54,30.0,NO,407.9,BELOW,-25.26,YES,SPY<200SMA,378.78,ABOVE,3.86,0,2,"NO (need 2d, have 0d)",53.87,75.0,60.0,COOL (<60),0.0,165076.12,0.0,165076.12,0.0,100.0,-0.0,65.08
2022-11-09,942,CASH,NO,NONE,374.32,33.61,31.55,-6.13,26.09,30.0,NO,407.6,BELOW,-33.28,YES,SPY<200SMA,378.3,BELOW,-3.98,1,0,"NO (need 2d, have 1d)",48.17,75.0,60.0,COOL (<60),0.0,165076.12,0.0,165076.12,0.0,100.0,-0.0,65.08
2022-11-10,943,CASH,NO,NONE,395.7,31.69,37.05,16.91,23.53,30.0,NO,407.4,BELOW,-11.7,YES,SPY<200SMA,378.36,ABOVE,17.34,0,1,"NO (need 2d, have 0d)",59.91,75.0,60.0,COOL (<60),0.0,165076.12,0.0,165076.12,0.0,100.0,-0.0,65.08
2022-11-11,944,CASH,NO,NONE,398.57,37.56,37.7,0.37,22.52,30.0,NO,407.22,BELOW,-8.65,YES,SPY<200SMA,378.37,ABOVE,20.2,0,2,"NO (need 2d, have 0d)",61.18,75.0,60.0,NEUTRAL (60-75),0.0,165076.12,0.0,165076.12,0.0,100.0,-0.0,65.08
2022-11-14,945,CASH,NO,NONE,395.91,37.55,37.0,-1.46,23.73,30.0,NO,406.99,BELOW,-11.08,YES,SPY<200SMA,378.44,ABOVE,17.47,0,3,"NO (need 2d, have 0d)",59.3,75.0,60.0,COOL (<60),0.0,165076.12,0.0,165076.12,0.0,100.0,-0.0,65.08
2022-11-15,946,CASH,NO,NONE,398.08,37.51,37.59,0.21,24.54,30.0,NO,406.74,BELOW,-8.66,YES,SPY<200SMA,378.59,ABOVE,19.49,0,4,"NO (need 2d, have 0d)",60.37,75.0,60.0,NEUTRAL (60-75),0.0,165076.12,0.0,165076.12,0.0,100.0,-0.0,65.08
2022-11-16,947,CASH,NO,NONE,396.19,37.95,37.04,-2.4,24.11,30.0,NO,406.45,BELOW,-10.26,YES,SPY<200SMA,378.57,ABOVE,17.62,0,5,"NO (need 2d, have 0d)",58.92,75.0,60.0,COOL (<60),0.0,165076.12,0.0,165076.12,0.0,100.0,-0.0,65.08
2022-11-17,948,CASH,NO,NONE,394.15,37.03,36.44,-1.59,23.93,30.0,NO,406.15,BELOW,-12.0,YES,SPY<200SMA,378.43,ABOVE,15.72,0,6,"NO (need 2d, have 0d)",57.32,75.0,60.0,COOL (<60),0.0,165076.12,0.0,165076.12,0.0,100.0,-0.0,65.08
2022-11-18,949,CASH,NO,NONE,395.95,36.54,37.0,1.26,23.12,30.0,NO,405.88,BELOW,-9.93,YES,SPY<200SMA,378.23,ABOVE,17.72,0,7,"NO (need 2d, have 0d)",58.39,75.0,60.0,COOL (<60),0.0,165076.12,0.0,165076.12,0.0,100.0,-0.0,65.08
2022-11-21,950,CASH,NO,NONE,394.57,36.47,36.55,0.22,22.36,30.0,NO,405.61,BELOW,-11.04,YES,SPY<200SMA,377.89,ABOVE,16.68,0,8,"NO (need 2d, have 0d)",57.21,75.0,60.0,COOL (<60),0.0,165076.12,0.0,165076.12,0.0,100.0,-0.0,65.08
2022-11-22,951,CASH,NO,NONE,399.84,36.38,38.01,4.48,21.29,30.0,NO,405.37,BELOW,-5.53,YES,SPY<200SMA,378.01,ABOVE,21.83,0,9,"NO (need 2d, have 0d)",60.51,75.0,60.0,NEUTRAL (60-75),0.0,165076.12,0.0,165076.12,0.0,100.0,-0.0,65.08
2022-11-23,952,CASH,NO,NONE,403.05,38.01,38.86,2.24,20.35,30.0,NO,405.12,BELOW,-2.07,YES,SPY<200SMA,378.16,ABOVE,24.89,0,10,"NO (need 2d, have 0d)",62.42,75.0,60.0,NEUTRAL (60-75),0.0,165076.12,0.0,165076.12,0.0,100.0,-0.0,65.08
2022-11-25,953,CASH,NO,NONE,402.01,38.85,38.6,-0.64,20.5,30.0,NO,404.84,BELOW,-2.83,YES,SPY<200SMA,378.45,ABOVE,23.56,0,11,"NO (need 2d, have 0d)",61.38,75.0,60.0,NEUTRAL (60-75),0.0,165076.12,0.0,165076.12,0.0,100.0,-0.0,65.08
2022-11-28,954,CASH,NO,NONE,396.21,37.99,36.89,-2.9,22.21,30.0,NO,404.59,BELOW,-8.38,YES,SPY<200SMA,378.63,ABOVE,17.58,0,12,"NO (need 2d, have 0d)",55.83,75.0,60.0,COOL (<60),0.0,165076.12,0.0,165076.12,0.0,100.0,-0.0,65.08
2022-11-29,955,CASH,NO,NONE,394.97,37.29,36.48,-2.17,21.89,30.0,NO,404.36,BELOW,-9.39,YES,SPY<200SMA,378.73,ABOVE,16.24,0,13,"NO (need 2d, have 0d)",54.69,75.0,60.0,COOL (<60),0.0,165076.12,0.0,165076.12,0.0,100.0,-0.0,65.08
2022-11-30,956,CASH,NO,"RE-ENTRY: SPY>404(200), VIX=20.6<30, SPY>379(50)",408.26,36.87,40.23,9.11,20.58,30.0,NO,404.2,ABOVE,4.06,NO,N/A,379.21,ABOVE,29.05,0,14,"NO (need 2d, have 0d)",63.33,75.0,60.0,NEUTRAL (60-75),0.0,165076.12,0.0,165076.12,0.0,100.0,-0.0,65.08
2022-12-01,957,BULL_100,YES,NONE,407.03,39.91,39.86,-0.13,19.84,30.0,NO,404.01,ABOVE,3.02,NO,N/A,379.85,ABOVE,27.18,0,15,"NO (need 2d, have 0d)",62.15,75.0,60.0,NEUTRAL (60-75),4094.8474,1568.05,163220.62,164788.66,99.0,1.0,-287.46,64.79
2022-12-02,958,BULL_100,NO,NONE,406.0,39.85,39.46,-0.98,19.06,30.0,NO,403.81,ABOVE,2.19,NO,N/A,380.47,ABOVE,25.53,0,16,"NO (need 2d, have 0d)",61.12,75.0,60.0,NEUTRAL (60-75),4094.8474,1568.05,161582.68,163150.73,99.0,1.0,-1637.93,63.15
2022-12-05,959,BULL_100,NO,"KILL: VIX=20.8, SPY=400.25 vs 200SMA=403.63",400.25,39.41,37.82,-4.03,20.75,30.0,NO,403.63,BELOW,-3.38,YES,SPY<200SMA,381.11,ABOVE,19.14,0,17,"NO (need 2d, have 0d)",55.59,75.0,60.0,COOL (<60),4094.8474,1568.05,154867.13,156435.18,99.0,1.0,-6715.55,56.44
2022-12-06,960,CASH,YES,NONE,394.26,37.92,36.09,-4.83,22.17,30.0,NO,403.43,BELOW,-9.17,YES,SPY<200SMA,381.69,ABOVE,12.57,0,18,"NO (need 2d, have 0d)",50.48,75.0,60.0,COOL (<60),0.0,156533.11,0.0,156533.11,0.0,100.0,97.93,56.53
2022-12-07,961,CASH,NO,NONE,393.3,36.1,35.83,-0.75,22.68,30.0,NO,403.24,BELOW,-9.94,YES,SPY<200SMA,382.29,ABOVE,11.01,0,19,"NO (need 2d, have 0d)",49.69,75.0,60.0,COOL (<60),0.0,156533.11,0.0,156533.11,0.0,100.0,-0.0,56.53
2022-12-08,962,CASH,NO,NONE,395.96,35.93,36.55,1.73,22.29,30.0,NO,403.11,BELOW,-7.15,YES,SPY<200SMA,382.8,ABOVE,13.16,0,20,"NO (need 2d, have 0d)",51.93,75.0,60.0,COOL (<60),0.0,156533.11,0.0,156533.11,0.0,100.0,-0.0,56.53
2022-12-09,963,CASH,NO,NONE,392.94,36.81,35.67,-3.1,22.83,30.0,NO,402.95,BELOW,-10.01,YES,SPY<200SMA,383.38,ABOVE,9.56,0,21,"NO (need 2d, have 0d)",49.25,75.0,60.0,COOL (<60),0.0,156533.11,0.0,156533.11,0.0,100.0,-0.0,56.53
2022-12-12,964,CASH,NO,NONE,398.74,35.69,37.22,4.29,25.0,30.0,NO,402.75,BELOW,-4.01,YES,SPY<200SMA,384.19,ABOVE,14.55,0,22,"NO (need 2d, have 0d)",54.15,75.0,60.0,COOL (<60),0.0,156533.11,0.0,156533.11,0.0,100.0,-0.0,56.53
2022-12-13,965,CASH,NO,NONE,401.86,37.39,38.11,1.93,22.55,30.0,NO,402.57,BELOW,-0.71,YES,SPY<200SMA,384.88,ABOVE,16.98,0,23,"NO (need 2d, have 0d)",56.58,75.0,60.0,COOL (<60),0.0,156533.11,0.0,156533.11,0.0,100.0,-0.0,56.53
2022-12-14,966,CASH,NO,NONE,400.26,38.22,37.66,-1.47,21.14,30.0,NO,402.42,BELOW,-2.16,YES,SPY<200SMA,385.34,ABOVE,14.92,0,24,"NO (need 2d, have 0d)",54.97,75.0,60.0,COOL (<60),0.0,156533.11,0.0,156533.11,0.0,100.0,-0.0,56.53
2022-12-15,967,CASH,NO,NONE,389.58,36.47,34.56,-5.24,22.83,30.0,NO,402.18,BELOW,-12.6,YES,SPY<200SMA,385.56,ABOVE,4.02,0,25,"NO (need 2d, have 0d)",45.64,75.0,60.0,COOL (<60),0.0,156533.11,0.0,156533.11,0.0,100.0,-0.0,56.53
2022-12-16,968,CASH,NO,NONE,382.6,33.55,33.24,-0.92,22.62,30.0,NO,401.91,BELOW,-19.31,YES,SPY<200SMA,385.77,BELOW,-3.17,1,0,"NO (need 2d, have 1d)",40.77,75.0,60.0,COOL (<60),0.0,156533.11,0.0,156533.11,0.0,100.0,-0.0,56.53
2022-12-19,969,CASH,NO,NONE,380.55,33.81,32.65,-3.43,22.42,30.0,NO,401.66,BELOW,-21.11,YES,SPY<200SMA,386.14,BELOW,-5.59,2,0,YES,39.44,75.0,60.0,COOL (<60),0.0,156533.11,0.0,156533.11,0.0,100.0,-0.0,56.53
2022-12-20,970,CASH,NO,NONE,381.7,32.46,32.93,1.45,21.48,30.0,NO,401.47,BELOW,-19.77,YES,SPY<200SMA,386.56,BELOW,-4.86,3,0,YES,40.61,75.0,60.0,COOL (<60),0.0,156533.11,0.0,156533.11,0.0,100.0,-0.0,56.53
2022-12-21,971,CASH,NO,NONE,386.62,33.13,34.2,3.23,20.07,30.0,NO,401.32,BELOW,-14.7,YES,SPY<200SMA,387.13,BELOW,-0.51,4,0,YES,45.47,75.0,60.0,COOL (<60),0.0,156533.11,0.0,156533.11,0.0,100.0,-0.0,56.53
2022-12-22,972,CASH,NO,NONE,380.62,34.14,32.43,-5.01,21.97,30.0,NO,401.09,BELOW,-20.47,YES,SPY<200SMA,387.59,BELOW,-6.97,5,0,YES,41.06,75.0,60.0,COOL (<60),0.0,156533.11,0.0,156533.11,0.0,100.0,-0.0,56.53
2022-12-23,973,CASH,NO,NONE,382.93,32.54,32.96,1.29,20.87,30.0,NO,400.87,BELOW,-17.94,YES,SPY<200SMA,387.93,BELOW,-5.0,6,0,YES,43.34,75.0,60.0,COOL (<60),0.0,156533.11,0.0,156533.11,0.0,100.0,-0.0,56.53
2022-12-27,974,CASH,NO,NONE,381.38,33.59,32.6,-2.95,21.65,30.0,NO,400.68,BELOW,-19.3,YES,SPY<200SMA,388.42,BELOW,-7.04,7,0,YES,42.16,75.0,60.0,COOL (<60),0.0,156533.11,0.0,156533.11,0.0,100.0,-0.0,56.53
2022-12-28,975,CASH,NO,NONE,377.32,32.71,31.52,-3.64,22.14,30.0,NO,400.48,BELOW,-23.16,YES,SPY<200SMA,388.58,BELOW,-11.26,8,0,YES,39.16,75.0,60.0,COOL (<60),0.0,156533.11,0.0,156533.11,0.0,100.0,-0.0,56.53
2022-12-29,976,CASH,NO,NONE,382.77,31.63,32.85,3.86,21.44,30.0,NO,400.27,BELOW,-17.5,YES,SPY<200SMA,388.75,BELOW,-5.98,9,0,YES,44.84,75.0,60.0,COOL (<60),0.0,156533.11,0.0,156533.11,0.0,100.0,-0.0,56.53
2022-12-30,977,CASH,NO,NONE,383.08,32.46,32.89,1.32,21.67,30.0,NO,400.0,BELOW,-16.92,YES,SPY<200SMA,389.06,BELOW,-5.98,10,0,YES,45.15,75.0,60.0,COOL (<60),0.0,156533.11,0.0,156533.11,0.0,100.0,-0.0,56.53
2023-01-03,978,CASH,NO,NONE,380.79,33.64,32.33,-3.89,22.9,30.0,NO,399.71,BELOW,-18.92,YES,SPY<200SMA,389.39,BELOW,-8.6,11,0,YES,43.2,75.0,60.0,COOL (<60),0.0,156533.11,0.0,156533.11,0.0,100.0,-0.0,56.53
2023-01-04,979,CASH,NO,NONE,383.65,32.75,33.09,1.04,22.01,30.0,NO,399.4,BELOW,-15.75,YES,SPY<200SMA,389.55,BELOW,-5.9,12,0,YES,46.32,75.0,60.0,COOL (<60),0.0,156533.11,0.0,156533.11,0.0,100.0,-0.0,56.53
2023-01-05,980,CASH,NO,NONE,380.09,32.84,32.09,-2.28,22.46,30.0,NO,399.08,BELOW,-18.99,YES,SPY<200SMA,389.58,BELOW,-9.49,13,0,YES,43.14,75.0,60.0,COOL (<60),0.0,156533.11,0.0,156533.11,0.0,100.0,-0.0,56.53
2023-01-06,981,CASH,NO,NONE,387.8,32.06,34.08,6.3,21.13,30.0,NO,398.77,BELOW,-10.97,YES,SPY<200SMA,389.71,BELOW,-1.91,14,0,YES,50.99,75.0,60.0,COOL (<60),0.0,156533.11,0.0,156533.11,0.0,100.0,-0.0,56.53
2023-01-09,982,CASH,NO,NONE,387.38,34.2,33.91,-0.85,21.97,30.0,NO,398.49,BELOW,-11.11,YES,SPY<200SMA,389.78,BELOW,-2.4,15,0,YES,50.58,75.0,60.0,COOL (<60),0.0,156533.11,0.0,156533.11,0.0,100.0,-0.0,56.53
2023-01-10,983,CASH,NO,NONE,390.72,33.86,34.76,2.66,20.58,30.0,NO,398.19,BELOW,-7.47,YES,SPY<200SMA,390.05,ABOVE,0.67,0,1,"NO (need 2d, have 0d)",53.76,75.0,60.0,COOL (<60),0.0,156533.11,0.0,156533.11,0.0,100.0,-0.0,56.53
2023-01-11,984,CASH,NO,NONE,395.34,34.65,35.97,3.81,21.09,30.0,NO,397.9,BELOW,-2.56,YES,SPY<200SMA,390.15,ABOVE,5.19,0,2,"NO (need 2d, have 0d)",57.81,75.0,60.0,COOL (<60),0.0,156533.11,0.0,156533.11,0.0,100.0,-0.0,56.53
2023-01-12,985,CASH,NO,NONE,397.14,35.98,36.39,1.14,18.83,30.0,NO,397.61,BELOW,-0.47,YES,SPY<200SMA,390.36,ABOVE,6.78,0,3,"NO (need 2d, have 0d)",59.3,75.0,60.0,COOL (<60),0.0,156533.11,0.0,156533.11,0.0,100.0,-0.0,56.53
2023-01-13,986,CASH,NO,"RE-ENTRY: SPY>397(200), VIX=18.4<30, SPY>391(50)",398.25,36.33,36.75,1.16,18.35,30.0,NO,397.3,ABOVE,0.95,NO,N/A,390.64,ABOVE,7.61,0,4,"NO (need 2d, have 0d)",60.24,75.0,60.0,NEUTRAL (60-75),0.0,156533.11,0.0,156533.11,0.0,100.0,-0.0,56.53
2023-01-17,987,BULL_100,YES,"KILL: VIX=19.4, SPY=396.81 vs 200SMA=396.98",396.81,36.5,36.28,-0.6,19.36,30.0,NO,396.98,BELOW,-0.17,YES,SPY<200SMA,391.09,ABOVE,5.72,0,5,"NO (need 2d, have 0d)",58.36,75.0,60.0,COOL (<60),4245.6925,1486.85,154033.72,155520.57,99.0,1.0,-1012.54,55.52
2023-01-18,988,CASH,YES,NONE,391.51,36.66,34.87,-4.88,20.34,30.0,NO,396.68,BELOW,-5.17,YES,SPY<200SMA,391.51,BELOW,-0.0,1,0,"NO (need 2d, have 1d)",51.96,75.0,60.0,COOL (<60),0.0,156821.64,0.0,156821.64,0.0,100.0,1301.07,56.82
2023-01-19,989,CASH,NO,NONE,389.03,34.46,34.13,-0.96,20.52,30.0,NO,396.35,BELOW,-7.32,YES,SPY<200SMA,391.77,BELOW,-2.74,2,0,YES,49.23,75.0,60.0,COOL (<60),0.0,156821.64,0.0,156821.64,0.0,100.0,-0.0,56.82
2023-01-20,990,CASH,NO,"RE-ENTRY: SPY>396(200), VIX=19.9<30, SPY>392(50)",396.08,34.23,35.95,5.02,19.85,30.0,NO,396.05,ABOVE,0.03,NO,N/A,392.1,ABOVE,3.98,0,1,"NO (need 2d, have 0d)",56.25,75.0,60.0,COOL (<60),0.0,156821.64,0.0,156821.64,0.0,100.0,-0.0,56.82
2023-01-23,991,BULL_100,YES,NONE,400.37,35.79,37.13,3.74,19.81,30.0,NO,395.8,ABOVE,4.57,NO,N/A,392.45,ABOVE,7.92,0,2,"NO (need 2d, have 0d)",59.89,75.0,60.0,COOL (<60),4337.8995,1489.59,161066.21,162555.8,99.1,0.9,5734.16,62.56
2023-01-24,992,BULL_100,NO,NONE,398.81,37.06,36.69,-1.0,19.2,30.0,NO,395.57,ABOVE,3.24,NO,N/A,392.94,ABOVE,5.87,0,3,"NO (need 2d, have 0d)",58.0,75.0,60.0,COOL (<60),4337.8995,1489.59,159157.53,160647.12,99.1,0.9,-1908.68,60.65
2023-01-25,993,BULL_100,NO,NONE,400.85,36.64,37.27,1.72,19.08,30.0,NO,395.32,ABOVE,5.53,NO,N/A,393.04,ABOVE,7.81,0,4,"NO (need 2d, have 0d)",59.79,75.0,60.0,COOL (<60),4337.8995,1489.59,161673.51,163163.1,99.1,0.9,2515.98,63.16
2023-01-26,994,BULL_100,NO,NONE,403.52,37.37,37.96,1.58,18.73,30.0,NO,395.11,ABOVE,8.41,NO,N/A,393.14,ABOVE,10.38,0,5,"NO (need 2d, have 0d)",62.06,75.0,60.0,NEUTRAL (60-75),4337.8995,1489.59,164666.67,166156.26,99.1,0.9,2993.16,66.16
2023-01-27,995,BULL_100,NO,NONE,405.59,37.91,38.48,1.5,18.51,30.0,NO,394.94,ABOVE,10.65,NO,N/A,393.34,ABOVE,12.25,0,6,"NO (need 2d, have 0d)",63.77,75.0,60.0,NEUTRAL (60-75),4337.8995,1489.59,166922.37,168411.96,99.1,0.9,2255.7,68.41
2023-01-30,996,BULL_100,NO,NONE,401.68,37.7,37.39,-0.82,19.94,30.0,NO,394.75,ABOVE,6.93,NO,N/A,393.41,ABOVE,8.27,0,7,"NO (need 2d, have 0d)",58.41,75.0,60.0,COOL (<60),4337.8995,1489.59,162194.06,163683.65,99.1,0.9,-4728.31,63.68
2023-01-31,997,BULL_100,NO,NONE,405.56,36.85,38.46,4.37,19.4,30.0,NO,394.56,ABOVE,11.0,NO,N/A,393.59,ABOVE,11.97,0,8,"NO (need 2d, have 0d)",61.84,75.0,60.0,NEUTRAL (60-75),4337.8995,1489.59,166835.62,168325.2,99.1,0.9,4641.55,68.33
2023-02-01,998,BULL_100,NO,NONE,412.38,38.31,40.4,5.46,17.87,30.0,NO,394.43,ABOVE,17.95,NO,N/A,393.96,ABOVE,18.42,0,9,"NO (need 2d, have 0d)",66.98,75.0,60.0,NEUTRAL (60-75),4337.8995,1489.59,175251.14,176740.73,99.2,0.8,8415.53,76.74
2023-02-02,999,BULL_100,NO,NONE,414.0,40.66,40.82,0.39,18.73,30.0,NO,394.3,ABOVE,19.7,NO,N/A,394.32,ABOVE,19.68,0,10,"NO (need 2d, have 0d)",68.08,75.0,60.0,NEUTRAL (60-75),4337.8995,1489.59,177073.06,178562.65,99.2,0.8,1821.92,78.56
2023-02-03,1000,BULL_100,NO,NONE,411.96,40.58,40.24,-0.84,18.33,30.0,NO,394.14,ABOVE,17.82,NO,N/A,394.67,ABOVE,17.29,0,11,"NO (need 2d, have 0d)",65.14,75.0,60.0,NEUTRAL (60-75),4337.8995,1489.59,174557.08,176046.67,99.2,0.8,-2515.98,76.05
2023-02-06,1001,BULL_100,NO,NONE,410.67,39.66,39.79,0.33,19.43,30.0,NO,393.97,ABOVE,16.7,NO,N/A,394.88,ABOVE,15.79,0,12,"NO (need 2d, have 0d)",63.27,75.0,60.0,NEUTRAL (60-75),4337.8995,1489.59,172605.02,174094.61,99.1,0.9,-1952.06,74.09
2023-02-07,1002,BULL_100,NO,NONE,414.53,39.58,40.85,3.21,18.66,30.0,NO,393.85,ABOVE,20.68,NO,N/A,395.11,ABOVE,19.42,0,13,"NO (need 2d, have 0d)",66.38,75.0,60.0,NEUTRAL (60-75),4337.8995,1489.59,177203.2,178692.78,99.2,0.8,4598.17,78.69
2023-02-08,1003,BULL_100,NO,NONE,411.16,40.82,39.87,-2.33,19.63,30.0,NO,393.79,ABOVE,17.37,NO,N/A,395.3,ABOVE,15.86,0,14,"NO (need 2d, have 0d)",61.49,75.0,60.0,NEUTRAL (60-75),4337.8995,1489.59,172952.05,174441.64,99.1,0.9,-4251.14,74.44
2023-02-09,1004,BULL_100,NO,NONE,407.26,40.57,38.74,-4.51,20.71,30.0,NO,393.68,ABOVE,13.58,NO,N/A,395.52,ABOVE,11.74,0,15,"NO (need 2d, have 0d)",56.33,75.0,60.0,COOL (<60),4337.8995,1489.59,168050.23,169539.82,99.1,0.9,-4901.82,69.54
2023-02-10,1005,BULL_100,NO,NONE,407.98,38.77,38.92,0.39,20.53,30.0,NO,393.64,ABOVE,14.34,NO,N/A,395.78,ABOVE,12.2,0,16,"NO (need 2d, have 0d)",57.05,75.0,60.0,COOL (<60),4337.8995,1489.59,168831.05,170320.64,99.1,0.9,780.82,70.32
2023-02-13,1006,BULL_100,NO,NONE,412.88,38.96,40.28,3.39,20.34,30.0,NO,393.6,ABOVE,19.28,NO,N/A,395.87,ABOVE,17.01,0,17,"NO (need 2d, have 0d)",61.66,75.0,60.0,NEUTRAL (60-75),4337.8995,1489.59,174730.59,176220.18,99.2,0.8,5899.54,76.22
2023-02-14,1007,BULL_100,NO,NONE,412.0,40.24,40.01,-0.57,18.91,30.0,NO,393.54,ABOVE,18.46,NO,N/A,395.97,ABOVE,16.03,0,18,"NO (need 2d, have 0d)",60.41,75.0,60.0,NEUTRAL (60-75),4337.8995,1489.59,173559.36,175048.95,99.1,0.9,-1171.23,75.05
2023-02-15,1008,BULL_100,NO,NONE,414.0,39.74,40.6,2.16,18.23,30.0,NO,393.54,ABOVE,20.46,NO,N/A,396.13,ABOVE,17.87,0,19,"NO (need 2d, have 0d)",62.28,75.0,60.0,NEUTRAL (60-75),4337.8995,1489.59,176118.72,177608.31,99.2,0.8,2559.36,77.61
2023-02-16,1009,BULL_100,NO,NONE,407.14,40.59,38.54,-5.05,20.17,30.0,NO,393.51,ABOVE,13.63,NO,N/A,396.27,ABOVE,10.87,0,20,"NO (need 2d, have 0d)",53.0,75.0,60.0,COOL (<60),4337.8995,1489.59,167182.65,168672.24,99.1,0.9,-8936.07,68.67
2023-02-17,1010,BULL_100,NO,NONE,407.2,38.1,38.48,1.0,20.02,30.0,NO,393.46,ABOVE,13.74,NO,N/A,396.53,ABOVE,10.67,0,21,"NO (need 2d, have 0d)",53.06,75.0,60.0,COOL (<60),4337.8995,1489.59,166922.37,168411.96,99.1,0.9,-260.28,68.41
2023-02-21,1011,BULL_100,NO,NONE,399.6,37.49,36.36,-3.01,22.87,30.0,NO,393.32,ABOVE,6.28,NO,N/A,396.65,ABOVE,2.95,0,22,"NO (need 2d, have 0d)",44.54,75.0,60.0,COOL (<60),4337.8995,1489.59,157726.03,159215.62,99.1,0.9,-9196.34,59.22
2023-02-22,1012,BULL_100,NO,NONE,399.6,36.29,36.33,0.11,22.29,30.0,NO,393.25,ABOVE,6.35,NO,N/A,396.73,ABOVE,2.87,0,23,"NO (need 2d, have 0d)",44.54,75.0,60.0,COOL (<60),4337.8995,1489.59,157595.89,159085.48,99.1,0.9,-130.14,59.09
2023-02-23,1013,BULL_100,NO,NONE,399.99,36.64,36.41,-0.63,21.14,30.0,NO,393.19,ABOVE,6.8,NO,N/A,396.87,ABOVE,3.12,0,24,"NO (need 2d, have 0d)",45.07,75.0,60.0,COOL (<60),4337.8995,1489.59,157942.92,159432.51,99.1,0.9,347.03,59.43
2023-02-24,1014,BULL_100,NO,NONE,396.25,36.3,35.4,-2.48,21.67,30.0,NO,393.18,ABOVE,3.07,NO,N/A,396.82,BELOW,-0.57,1,0,"NO (need 2d, have 1d)",41.05,75.0,60.0,COOL (<60),4337.8995,1489.59,153561.64,155051.23,99.0,1.0,-4381.28,55.05
2023-02-27,1015,BULL_100,NO,NONE,398.07,35.79,35.86,0.2,20.95,30.0,NO,393.17,ABOVE,4.9,NO,N/A,396.74,ABOVE,1.33,0,1,"NO (need 2d, have 0d)",43.68,75.0,60.0,COOL (<60),4337.8995,1489.59,155557.08,157046.67,99.1,0.9,1995.44,57.05
2023-02-28,1016,BULL_100,NO,NONE,395.38,35.55,35.08,-1.32,20.7,30.0,NO,393.18,ABOVE,2.2,NO,N/A,396.64,BELOW,-1.26,1,0,"NO (need 2d, have 1d)",40.79,75.0,60.0,COOL (<60),4337.8995,1489.59,152173.51,153663.1,99.0,1.0,-3383.57,53.66
2023-03-01,1017,BULL_100,NO,DEFENSIVE: SPY below 50-SMA for 2d,394.99,35.74,34.98,-2.13,20.58,30.0,NO,393.19,ABOVE,1.8,NO,N/A,396.75,BELOW,-1.76,2,0,YES,40.37,75.0,60.0,COOL (<60),4337.8995,1489.59,151739.72,153229.31,99.0,1.0,-433.79,53.23
2023-03-02,1018,DEFENSIVE,YES,NONE,397.09,34.36,35.53,3.41,19.59,30.0,NO,393.17,ABOVE,3.92,NO,N/A,397.04,ABOVE,0.05,0,1,"NO (need 2d, have 0d)",43.71,75.0,60.0,COOL (<60),2190.626,75232.02,77832.94,153064.96,50.8,49.2,-164.35,53.06
2023-03-03,1019,DEFENSIVE,NO,DEF EXIT: SPY above 50-SMA for 2d,404.64,35.68,37.48,5.04,18.49,30.0,NO,393.19,ABOVE,11.45,NO,N/A,397.52,ABOVE,7.12,0,2,"NO (need 2d, have 0d)",53.75,75.0,60.0,COOL (<60),2190.626,75232.02,82104.66,157336.68,52.2,47.8,4271.72,57.34
2023-03-06,1020,BULL_100,YES,NONE,404.76,37.52,37.55,0.08,18.61,30.0,NO,393.17,ABOVE,11.59,NO,N/A,397.98,ABOVE,6.78,0,3,"NO (need 2d, have 0d)",53.89,75.0,60.0,COOL (<60),4153.7863,1536.41,155974.68,157511.09,99.0,1.0,174.41,57.51
2023-03-07,1021,BULL_100,NO,NONE,398.45,37.74,35.8,-5.14,19.59,30.0,NO,393.21,ABOVE,5.24,NO,N/A,398.22,ABOVE,0.23,0,4,"NO (need 2d, have 0d)",45.97,75.0,60.0,COOL (<60),4153.7863,1536.41,148705.55,150241.96,99.0,1.0,-7269.13,50.24
2023-03-08,1022,BULL_100,NO,NONE,398.85,35.86,35.88,0.06,19.11,30.0,NO,393.26,ABOVE,5.59,NO,N/A,398.59,ABOVE,0.26,0,5,"NO (need 2d, have 0d)",46.51,75.0,60.0,COOL (<60),4153.7863,1536.41,149037.85,150574.27,99.0,1.0,332.31,50.57
2023-03-09,1023,BULL_100,NO,"KILL: VIX=22.6, SPY=390.69 vs 200SMA=393.26",390.69,35.66,33.68,-5.55,22.61,30.0,NO,393.26,BELOW,-2.57,YES,SPY<200SMA,398.74,BELOW,-8.05,1,0,"NO (need 2d, have 1d)",38.17,75.0,60.0,COOL (<60),4153.7863,1536.41,139899.52,141435.94,98.9,1.1,-9138.33,41.44
2023-03-10,1024,CASH,YES,NONE,386.85,33.29,32.64,-1.95,24.8,30.0,NO,393.22,BELOW,-6.37,YES,SPY<200SMA,398.85,BELOW,-12.0,2,0,YES,34.99,75.0,60.0,COOL (<60),0.0,139538.4,0.0,139538.4,0.0,100.0,-1897.54,39.54
2023-03-13,1025,CASH,NO,NONE,385.75,33.83,32.33,-4.43,26.52,30.0,NO,393.17,BELOW,-7.42,YES,SPY<200SMA,399.02,BELOW,-13.27,3,0,YES,34.12,75.0,60.0,COOL (<60),0.0,139538.4,0.0,139538.4,0.0,100.0,0.0,39.54
2023-03-14,1026,CASH,NO,NONE,391.63,32.49,33.79,4.0,23.73,30.0,NO,393.14,BELOW,-1.51,YES,SPY<200SMA,399.2,BELOW,-7.57,4,0,YES,42.42,75.0,60.0,COOL (<60),0.0,139538.4,0.0,139538.4,0.0,100.0,0.0,39.54
2023-03-15,1027,CASH,NO,NONE,388.77,33.92,33.07,-2.51,26.14,30.0,NO,393.06,BELOW,-4.29,YES,SPY<200SMA,399.31,BELOW,-10.54,5,0,YES,39.79,75.0,60.0,COOL (<60),0.0,139538.4,0.0,139538.4,0.0,100.0,0.0,39.54
2023-03-16,1028,CASH,NO,NONE,396.0,33.49,34.88,4.15,22.99,30.0,NO,392.96,ABOVE,3.04,NO,N/A,399.61,BELOW,-3.61,6,0,YES,48.48,75.0,60.0,COOL (<60),0.0,139538.4,0.0,139538.4,0.0,100.0,0.0,39.54
2023-03-17,1029,CASH,NO,NONE,391.05,35.02,33.84,-3.37,25.51,30.0,NO,392.84,BELOW,-1.79,YES,SPY<200SMA,399.76,BELOW,-8.71,7,0,YES,43.82,75.0,60.0,COOL (<60),0.0,139538.4,0.0,139538.4,0.0,100.0,0.0,39.54
2023-03-20,1030,CASH,NO,NONE,393.66,33.14,34.61,4.44,24.15,30.0,NO,392.76,ABOVE,0.9,NO,N/A,400.03,BELOW,-6.37,8,0,YES,46.72,75.0,60.0,COOL (<60),0.0,139538.4,0.0,139538.4,0.0,100.0,0.0,39.54
2023-03-21,1031,CASH,NO,NONE,398.89,34.86,35.97,3.18,21.38,30.0,NO,392.67,ABOVE,6.22,NO,N/A,400.26,BELOW,-1.37,9,0,YES,52.08,75.0,60.0,COOL (<60),0.0,139538.4,0.0,139538.4,0.0,100.0,0.0,39.54
2023-03-22,1032,CASH,NO,NONE,392.74,35.59,34.22,-3.85,22.26,30.0,NO,392.58,ABOVE,0.16,NO,N/A,400.36,BELOW,-7.62,10,0,YES,46.2,75.0,60.0,COOL (<60),0.0,139538.4,0.0,139538.4,0.0,100.0,0.0,39.54
2023-03-23,1033,CASH,NO,NONE,393.84,34.78,34.47,-0.89,22.61,30.0,NO,392.49,ABOVE,1.35,NO,N/A,400.42,BELOW,-6.58,11,0,YES,47.34,75.0,60.0,COOL (<60),0.0,139538.4,0.0,139538.4,0.0,100.0,0.0,39.54
2023-03-24,1034,CASH,NO,NONE,396.48,34.72,35.17,1.3,21.74,30.0,NO,392.4,ABOVE,4.08,NO,N/A,400.45,BELOW,-3.97,12,0,YES,50.09,75.0,60.0,COOL (<60),0.0,139538.4,0.0,139538.4,0.0,100.0,0.0,39.54
2023-03-27,1035,CASH,NO,NONE,397.02,34.97,35.29,0.92,20.6,30.0,NO,392.33,ABOVE,4.69,NO,N/A,400.45,BELOW,-3.43,13,0,YES,50.65,75.0,60.0,COOL (<60),0.0,139538.4,0.0,139538.4,0.0,100.0,0.0,39.54
2023-03-28,1036,CASH,NO,NONE,396.67,35.15,35.18,0.09,19.97,30.0,NO,392.3,ABOVE,4.37,NO,N/A,400.41,BELOW,-3.74,14,0,YES,50.26,75.0,60.0,COOL (<60),0.0,139538.4,0.0,139538.4,0.0,100.0,0.0,39.54
2023-03-29,1037,CASH,NO,"RE-ENTRY: SPY>392(200), VIX=19.1<30, SPY>400(50)",400.93,35.77,36.3,1.48,19.12,30.0,NO,392.35,ABOVE,8.58,NO,N/A,400.5,ABOVE,0.43,0,1,"NO (need 2d, have 0d)",54.9,75.0,60.0,COOL (<60),0.0,139538.4,0.0,139538.4,0.0,100.0,0.0,39.54
2023-03-30,1038,BULL_100,YES,NONE,404.2,36.75,37.15,1.09,19.02,30.0,NO,392.5,ABOVE,11.7,NO,N/A,400.75,ABOVE,3.45,0,2,"NO (need 2d, have 0d)",58.14,75.0,60.0,COOL (<60),3758.9937,1325.31,139646.61,140971.93,99.1,0.9,1433.53,40.97
2023-03-31,1039,BULL_100,NO,NONE,409.76,37.05,38.6,4.18,18.7,30.0,NO,392.67,ABOVE,17.09,NO,N/A,401.16,ABOVE,8.6,0,3,"NO (need 2d, have 0d)",62.99,75.0,60.0,NEUTRAL (60-75),3758.9937,1325.31,145097.16,146422.47,99.1,0.9,5450.54,46.42
2023-04-03,1040,BULL_100,NO,NONE,410.59,38.51,38.9,1.01,18.55,30.0,NO,392.81,ABOVE,17.78,NO,N/A,401.45,ABOVE,9.14,0,4,"NO (need 2d, have 0d)",63.67,75.0,60.0,NEUTRAL (60-75),3758.9937,1325.31,146224.85,147550.17,99.1,0.9,1127.7,47.55
2023-04-04,1041,BULL_100,NO,NONE,409.09,38.91,38.45,-1.18,19.0,30.0,NO,393.01,ABOVE,16.08,NO,N/A,401.63,ABOVE,7.46,0,5,"NO (need 2d, have 0d)",61.48,75.0,60.0,NEUTRAL (60-75),3758.9937,1325.31,144533.31,145858.62,99.1,0.9,-1691.55,45.86
2023-04-05,1042,BULL_100,NO,NONE,407.28,38.18,37.88,-0.79,19.08,30.0,NO,393.22,ABOVE,14.06,NO,N/A,401.8,ABOVE,5.48,0,6,"NO (need 2d, have 0d)",58.85,75.0,60.0,COOL (<60),3758.9937,1325.31,142390.68,143715.99,99.1,0.9,-2142.63,43.72
2023-04-06,1043,BULL_100,NO,NONE,408.78,37.98,38.29,0.82,18.4,30.0,NO,393.39,ABOVE,15.39,NO,N/A,401.96,ABOVE,6.82,0,7,"NO (need 2d, have 0d)",60.36,75.0,60.0,NEUTRAL (60-75),3758.9937,1325.31,143931.87,145257.18,99.1,0.9,1541.19,45.26
2023-04-10,1044,BULL_100,NO,NONE,410.13,38.36,38.68,0.83,18.97,30.0,NO,393.58,ABOVE,16.55,NO,N/A,402.09,ABOVE,8.04,0,8,"NO (need 2d, have 0d)",61.73,75.0,60.0,NEUTRAL (60-75),3758.9937,1325.31,145397.87,146723.19,99.1,0.9,1466.01,46.72
2023-04-11,1045,BULL_100,NO,NONE,409.9,38.6,38.6,0.0,19.1,30.0,NO,393.74,ABOVE,16.16,NO,N/A,402.18,ABOVE,7.72,0,9,"NO (need 2d, have 0d)",61.34,75.0,60.0,NEUTRAL (60-75),3758.9937,1325.31,145097.16,146422.47,99.1,0.9,-300.72,46.42
2023-04-12,1046,BULL_100,NO,NONE,407.2,38.59,37.81,-2.02,19.09,30.0,NO,393.83,ABOVE,13.37,NO,N/A,402.29,ABOVE,4.91,0,10,"NO (need 2d, have 0d)",56.83,75.0,60.0,COOL (<60),3758.9937,1325.31,142127.55,143452.86,99.1,0.9,-2969.61,43.45
2023-04-13,1047,BULL_100,NO,NONE,413.1,38.25,39.44,3.11,17.8,30.0,NO,393.95,ABOVE,19.15,NO,N/A,402.44,ABOVE,10.66,0,11,"NO (need 2d, have 0d)",63.2,75.0,60.0,NEUTRAL (60-75),3758.9937,1325.31,148254.71,149580.02,99.1,0.9,6127.16,49.58
2023-04-14,1048,BULL_100,NO,NONE,413.13,39.48,39.41,-0.18,17.07,30.0,NO,394.11,ABOVE,19.02,NO,N/A,402.45,ABOVE,10.68,0,12,"NO (need 2d, have 0d)",63.23,75.0,60.0,NEUTRAL (60-75),3758.9937,1325.31,148141.94,149467.25,99.1,0.9,-112.77,49.47
2023-04-17,1049,BULL_100,NO,NONE,413.86,39.47,39.6,0.33,16.95,30.0,NO,394.28,ABOVE,19.58,NO,N/A,402.45,ABOVE,11.41,0,13,"NO (need 2d, have 0d)",63.99,75.0,60.0,NEUTRAL (60-75),3758.9937,1325.31,148856.15,150181.46,99.1,0.9,714.21,50.18
2023-04-18,1050,BULL_100,NO,NONE,413.88,39.72,39.62,-0.25,16.83,30.0,NO,394.46,ABOVE,19.42,NO,N/A,402.49,ABOVE,11.39,0,14,"NO (need 2d, have 0d)",64.01,75.0,60.0,NEUTRAL (60-75),3758.9937,1325.31,148931.33,150256.64,99.1,0.9,75.18,50.26
2023-04-19,1051,BULL_100,NO,NONE,412.94,39.34,39.35,0.03,16.46,30.0,NO,394.62,ABOVE,18.32,NO,N/A,402.53,ABOVE,10.41,0,15,"NO (need 2d, have 0d)",62.09,75.0,60.0,NEUTRAL (60-75),3758.9937,1325.31,147916.4,149241.71,99.1,0.9,-1014.93,49.24
2023-04-20,1052,BULL_100,NO,NONE,411.66,38.89,38.92,0.08,17.17,30.0,NO,394.78,ABOVE,16.88,NO,N/A,402.48,ABOVE,9.18,0,16,"NO (need 2d, have 0d)",59.48,75.0,60.0,COOL (<60),3758.9937,1325.31,146300.03,147625.35,99.1,0.9,-1616.36,47.63
2023-04-21,1053,BULL_100,NO,NONE,412.03,38.92,39.0,0.21,16.77,30.0,NO,394.92,ABOVE,17.11,NO,N/A,402.49,ABOVE,9.54,0,17,"NO (need 2d, have 0d)",60.0,75.0,60.0,NEUTRAL (60-75),3758.9937,1325.31,146600.75,147926.07,99.1,0.9,300.72,47.93
2023-04-24,1054,BULL_100,NO,NONE,412.26,38.67,39.1,1.11,16.89,30.0,NO,395.04,ABOVE,17.22,NO,N/A,402.59,ABOVE,9.67,0,18,"NO (need 2d, have 0d)",60.34,75.0,60.0,NEUTRAL (60-75),3758.9937,1325.31,146976.65,148301.96,99.1,0.9,375.89,48.3
2023-04-25,1055,BULL_100,NO,NONE,407.92,38.6,37.79,-2.1,18.76,30.0,NO,395.13,ABOVE,12.79,NO,N/A,402.59,ABOVE,5.33,0,19,"NO (need 2d, have 0d)",51.38,75.0,60.0,COOL (<60),3758.9937,1325.31,142052.37,143377.68,99.1,0.9,-4924.28,43.38
2023-04-26,1056,BULL_100,NO,NONE,405.4,37.65,37.09,-1.49,18.84,30.0,NO,395.24,ABOVE,10.16,NO,N/A,402.44,ABOVE,2.96,0,20,"NO (need 2d, have 0d)",47.01,75.0,60.0,COOL (<60),3758.9937,1325.31,139421.07,140746.39,99.1,0.9,-2631.29,40.75
2023-04-27,1057,BULL_100,NO,NONE,411.85,37.41,38.81,3.74,17.03,30.0,NO,395.39,ABOVE,16.46,NO,N/A,402.44,ABOVE,9.41,0,21,"NO (need 2d, have 0d)",57.07,75.0,60.0,COOL (<60),3758.9937,1325.31,145886.54,147211.86,99.1,0.9,6465.47,47.21
2023-04-28,1058,BULL_100,NO,NONE,416.18,38.58,40.0,3.68,15.78,30.0,NO,395.59,ABOVE,20.59,NO,N/A,402.48,ABOVE,13.7,0,22,"NO (need 2d, have 0d)",62.25,75.0,60.0,NEUTRAL (60-75),3758.9937,1325.31,150359.75,151685.06,99.1,0.9,4473.2,51.69
2023-05-01,1059,BULL_100,NO,NONE,415.01,39.97,39.65,-0.8,16.08,30.0,NO,395.77,ABOVE,19.24,NO,N/A,402.64,ABOVE,12.37,0,23,"NO (need 2d, have 0d)",60.14,75.0,60.0,NEUTRAL (60-75),3758.9937,1325.31,149044.1,150369.41,99.1,0.9,-1315.65,50.37
2023-05-02,1060,BULL_100,NO,NONE,410.99,39.71,38.5,-3.05,17.78,30.0,NO,395.9,ABOVE,15.09,NO,N/A,402.72,ABOVE,8.27,0,24,"NO (need 2d, have 0d)",53.43,75.0,60.0,COOL (<60),3758.9937,1325.31,144721.26,146046.57,99.1,0.9,-4322.84,46.05
2023-05-03,1061,BULL_100,NO,NONE,406.59,38.57,37.24,-3.45,18.34,30.0,NO,396.02,ABOVE,10.57,NO,N/A,402.86,ABOVE,3.73,0,25,"NO (need 2d, have 0d)",47.22,75.0,60.0,COOL (<60),3758.9937,1325.31,139984.92,141310.24,99.1,0.9,-4736.33,41.31
2023-05-04,1062,BULL_100,NO,NONE,406.33,37.81,37.12,-1.82,20.09,30.0,NO,396.08,ABOVE,10.25,NO,N/A,402.99,ABOVE,3.34,0,26,"NO (need 2d, have 0d)",46.87,75.0,60.0,COOL (<60),3758.9937,1325.31,139533.84,140859.16,99.1,0.9,-451.08,40.86
2023-05-05,1063,BULL_100,NO,NONE,412.25,37.2,38.69,4.01,17.19,30.0,NO,396.17,ABOVE,16.08,NO,N/A,403.24,ABOVE,9.01,0,27,"NO (need 2d, have 0d)",54.98,75.0,60.0,COOL (<60),3758.9937,1325.31,145435.46,146760.78,99.1,0.9,5901.62,46.76
2023-05-08,1064,BULL_100,NO,NONE,412.51,38.85,38.8,-0.13,16.98,30.0,NO,396.25,ABOVE,16.26,NO,N/A,403.56,ABOVE,8.95,0,28,"NO (need 2d, have 0d)",55.3,75.0,60.0,COOL (<60),3758.9937,1325.31,145848.95,147174.27,99.1,0.9,413.49,47.17
2023-05-09,1065,BULL_100,NO,NONE,411.35,38.65,38.42,-0.6,17.71,30.0,NO,396.34,ABOVE,15.01,NO,N/A,403.83,ABOVE,7.52,0,29,"NO (need 2d, have 0d)",53.46,75.0,60.0,COOL (<60),3758.9937,1325.31,144420.54,145745.85,99.1,0.9,-1428.42,45.75
2023-05-10,1066,BULL_100,NO,NONE,413.34,38.09,38.99,2.36,16.94,30.0,NO,396.43,ABOVE,16.91,NO,N/A,404.19,ABOVE,9.15,0,30,"NO (need 2d, have 0d)",56.16,75.0,60.0,COOL (<60),3758.9937,1325.31,146563.16,147888.48,99.1,0.9,2142.63,47.89
2023-05-11,1067,BULL_100,NO,NONE,412.43,39.21,38.73,-1.22,16.93,30.0,NO,396.52,ABOVE,15.91,NO,N/A,404.53,ABOVE,7.9,0,31,"NO (need 2d, have 0d)",54.6,75.0,60.0,COOL (<60),3758.9937,1325.31,145585.82,146911.14,99.1,0.9,-977.34,46.91
2023-05-12,1068,BULL_100,NO,NONE,410.84,38.92,38.3,-1.59,17.03,30.0,NO,396.58,ABOVE,14.26,NO,N/A,404.81,ABOVE,6.03,0,32,"NO (need 2d, have 0d)",51.89,75.0,60.0,COOL (<60),3758.9937,1325.31,143969.46,145294.77,99.1,0.9,-1616.37,45.29
2023-05-15,1069,BULL_100,NO,NONE,412.56,38.91,38.71,-0.51,17.12,30.0,NO,396.6,ABOVE,15.96,NO,N/A,404.97,ABOVE,7.59,0,33,"NO (need 2d, have 0d)",54.52,75.0,60.0,COOL (<60),3758.9937,1325.31,145510.64,146835.96,99.1,0.9,1541.19,46.84
2023-05-16,1070,BULL_100,NO,NONE,410.81,38.8,38.21,-1.52,17.99,30.0,NO,396.59,ABOVE,14.22,NO,N/A,405.09,ABOVE,5.72,0,34,"NO (need 2d, have 0d)",51.44,75.0,60.0,COOL (<60),3758.9937,1325.31,143631.15,144956.46,99.1,0.9,-1879.5,44.96
2023-05-17,1071,BULL_100,NO,NONE,414.96,38.18,39.34,3.04,16.87,30.0,NO,396.62,ABOVE,18.34,NO,N/A,405.42,ABOVE,9.54,0,35,"NO (need 2d, have 0d)",57.56,75.0,60.0,COOL (<60),3758.9937,1325.31,147878.81,149204.12,99.1,0.9,4247.66,49.2
2023-05-18,1072,BULL_100,NO,NONE,419.89,39.6,40.72,2.83,16.05,30.0,NO,396.68,ABOVE,23.21,NO,N/A,405.84,ABOVE,14.05,0,36,"NO (need 2d, have 0d)",63.45,75.0,60.0,NEUTRAL (60-75),3758.9937,1325.31,153066.22,154391.53,99.1,0.9,5187.41,54.39
2023-05-19,1073,BULL_100,NO,NONE,418.6,40.68,40.32,-0.88,16.81,30.0,NO,396.7,ABOVE,21.9,NO,N/A,406.4,ABOVE,12.2,0,37,"NO (need 2d, have 0d)",61.06,75.0,60.0,NEUTRAL (60-75),3758.9937,1325.31,151562.62,152887.94,99.1,0.9,-1503.59,52.89
2023-05-22,1074,BULL_100,NO,NONE,419.94,40.26,40.69,1.07,17.21,30.0,NO,396.73,ABOVE,23.21,NO,N/A,407.06,ABOVE,12.88,0,38,"NO (need 2d, have 0d)",62.64,75.0,60.0,NEUTRAL (60-75),3758.9937,1325.31,152953.45,154278.76,99.1,0.9,1390.82,54.28
2023-05-23,1075,BULL_100,NO,NONE,414.73,40.28,39.18,-2.73,18.53,30.0,NO,396.74,ABOVE,17.99,NO,N/A,407.64,ABOVE,7.09,0,39,"NO (need 2d, have 0d)",53.57,75.0,60.0,COOL (<60),3758.9937,1325.31,147277.37,148602.68,99.1,0.9,-5676.08,48.6
2023-05-24,1076,BULL_100,NO,NONE,412.9,38.69,38.62,-0.18,20.03,30.0,NO,396.73,ABOVE,16.17,NO,N/A,408.06,ABOVE,4.84,0,40,"NO (need 2d, have 0d)",50.79,75.0,60.0,COOL (<60),3758.9937,1325.31,145172.33,146497.65,99.1,0.9,-2105.03,46.5
2023-05-25,1077,BULL_100,NO,NONE,413.88,38.5,38.86,0.94,19.14,30.0,NO,396.74,ABOVE,17.14,NO,N/A,408.57,ABOVE,5.31,0,41,"NO (need 2d, have 0d)",52.22,75.0,60.0,COOL (<60),3758.9937,1325.31,146074.49,147399.81,99.1,0.9,902.16,47.4
2023-05-26,1078,BULL_100,NO,NONE,420.6,38.83,40.69,4.79,17.95,30.0,NO,396.75,ABOVE,23.85,NO,N/A,409.06,ABOVE,11.54,0,42,"NO (need 2d, have 0d)",60.66,75.0,60.0,NEUTRAL (60-75),3758.9937,1325.31,152953.45,154278.76,99.1,0.9,6878.95,54.28
2023-05-30,1079,BULL_100,NO,NONE,420.29,41.04,40.66,-0.93,17.46,30.0,NO,396.75,ABOVE,23.54,NO,N/A,409.64,ABOVE,10.65,0,43,"NO (need 2d, have 0d)",60.14,75.0,60.0,NEUTRAL (60-75),3758.9937,1325.31,152840.68,154165.99,99.1,0.9,-112.77,54.17
2023-05-31,1080,BULL_100,NO,NONE,418.42,40.32,40.07,-0.62,17.94,30.0,NO,396.7,ABOVE,21.72,NO,N/A,410.14,ABOVE,8.28,0,44,"NO (need 2d, have 0d)",56.92,75.0,60.0,COOL (<60),3758.9937,1325.31,150622.88,151948.19,99.1,0.9,-2217.8,51.95
2023-06-01,1081,BULL_100,NO,NONE,422.0,39.98,41.06,2.7,15.65,30.0,NO,396.67,ABOVE,25.33,NO,N/A,410.6,ABOVE,11.4,0,45,"NO (need 2d, have 0d)",61.2,75.0,60.0,NEUTRAL (60-75),3758.9937,1325.31,154344.28,155669.59,99.1,0.9,3721.4,55.67
2023-06-02,1082,BULL_100,NO,NONE,428.02,41.43,42.78,3.26,14.6,30.0,NO,396.66,ABOVE,31.36,NO,N/A,411.31,ABOVE,16.71,0,46,"NO (need 2d, have 0d)",67.12,75.0,60.0,NEUTRAL (60-75),3758.9937,1325.31,160809.75,162135.06,99.2,0.8,6465.47,62.14
2023-06-05,1083,BULL_100,NO,NONE,426.64,42.78,42.38,-0.94,14.73,30.0,NO,396.66,ABOVE,29.98,NO,N/A,411.96,ABOVE,14.68,0,47,"NO (need 2d, have 0d)",64.68,75.0,60.0,NEUTRAL (60-75),3758.9937,1325.31,159306.15,160631.46,99.2,0.8,-1503.6,60.63
2023-06-06,1084,BULL_100,NO,NONE,428.48,42.57,42.92,0.82,13.96,30.0,NO,396.67,ABOVE,31.81,NO,N/A,412.6,ABOVE,15.88,0,48,"NO (need 2d, have 0d)",66.43,75.0,60.0,NEUTRAL (60-75),3758.9937,1325.31,161336.01,162661.32,99.2,0.8,2029.86,62.66
2023-06-07,1085,BULL_100,NO,NONE,426.62,42.64,42.35,-0.68,13.94,30.0,NO,396.69,ABOVE,29.93,NO,N/A,413.19,ABOVE,13.43,0,49,"NO (need 2d, have 0d)",63.03,75.0,60.0,NEUTRAL (60-75),3758.9937,1325.31,159193.38,160518.69,99.2,0.8,-2142.63,60.52
2023-06-08,1086,BULL_100,NO,NONE,428.82,42.29,42.98,1.63,13.65,30.0,NO,396.76,ABOVE,32.06,NO,N/A,413.84,ABOVE,14.98,0,50,"NO (need 2d, have 0d)",65.29,75.0,60.0,NEUTRAL (60-75),3758.9937,1325.31,161561.55,162886.86,99.2,0.8,2368.17,62.89
2023-06-09,1087,BULL_100,NO,NONE,429.9,42.83,43.33,1.17,13.83,30.0,NO,396.85,ABOVE,33.05,NO,N/A,414.42,ABOVE,15.48,0,51,"NO (need 2d, have 0d)",66.38,75.0,60.0,NEUTRAL (60-75),3758.9937,1325.31,162877.2,164202.51,99.2,0.8,1315.65,64.2
2023-06-12,1088,BULL_100,NO,NONE,433.8,43.72,44.48,1.74,15.01,30.0,NO,396.95,ABOVE,36.85,NO,N/A,415.01,ABOVE,18.79,0,52,"NO (need 2d, have 0d)",70.03,75.0,60.0,NEUTRAL (60-75),3758.9937,1325.31,167200.04,168525.35,99.2,0.8,4322.84,68.53
2023-06-13,1089,BULL_100,NO,NONE,436.77,44.73,45.32,1.32,14.61,30.0,NO,397.04,ABOVE,39.73,NO,N/A,415.55,ABOVE,21.22,0,53,"NO (need 2d, have 0d)",72.48,75.0,60.0,NEUTRAL (60-75),3758.9937,1325.31,170357.59,171682.9,99.2,0.8,3157.55,71.68
2023-06-14,1090,BULL_100,NO,NONE,437.26,45.56,45.48,-0.18,13.88,30.0,NO,397.21,ABOVE,40.05,NO,N/A,416.08,ABOVE,21.18,0,54,"NO (need 2d, have 0d)",72.88,75.0,60.0,NEUTRAL (60-75),3758.9937,1325.31,170959.03,172284.34,99.2,0.8,601.44,72.28
2023-06-15,1091,BULL_100,NO,RSI TRIM: RSI=76.3>75.0,441.88,45.35,46.88,3.37,14.5,30.0,NO,397.4,ABOVE,44.48,NO,N/A,416.74,ABOVE,25.14,0,55,"NO (need 2d, have 0d)",76.32,75.0,60.0,HOT (>75),3758.9937,1325.31,176221.62,177546.94,99.3,0.7,5262.6,77.55
2023-06-16,1092,BULL_TRIMMED,YES,NONE,439.5,47.0,46.63,-0.79,13.54,30.0,NO,397.61,ABOVE,41.89,NO,N/A,417.38,ABOVE,22.12,0,56,"NO (need 2d, have 0d)",71.3,75.0,60.0,NEUTRAL (60-75),2840.3938,44476.92,132447.57,176924.48,74.9,25.1,-622.46,76.92
2023-06-20,1093,BULL_TRIMMED,NO,NONE,437.42,46.32,45.92,-0.86,13.88,30.0,NO,397.83,ABOVE,39.59,NO,N/A,417.96,ABOVE,19.46,0,57,"NO (need 2d, have 0d)",67.14,75.0,60.0,NEUTRAL (60-75),2840.3938,44476.92,130430.89,174907.8,74.6,25.4,-2016.68,74.91
2023-06-21,1094,BULL_TRIMMED,NO,NONE,435.0,45.64,45.0,-1.4,13.2,30.0,NO,398.01,ABOVE,36.99,NO,N/A,418.45,ABOVE,16.55,0,58,"NO (need 2d, have 0d)",62.57,75.0,60.0,NEUTRAL (60-75),2840.3938,44476.92,127817.72,172294.64,74.2,25.8,-2613.16,72.29
2023-06-22,1095,BULL_TRIMMED,NO,NONE,436.68,44.59,45.48,2.0,12.91,30.0,NO,398.23,ABOVE,38.45,NO,N/A,418.99,ABOVE,17.69,0,59,"NO (need 2d, have 0d)",64.38,75.0,60.0,NEUTRAL (60-75),2840.3938,44476.92,129181.11,173658.03,74.4,25.6,1363.39,73.66
2023-06-23,1096,BULL_TRIMMED,NO,RSI RECOVERY: RSI=57.4<60.0,432.79,44.82,44.32,-1.12,13.44,30.0,NO,398.45,ABOVE,34.34,NO,N/A,419.5,ABOVE,13.29,0,60,"NO (need 2d, have 0d)",57.44,75.0,60.0,COOL (<60),2840.3938,44476.92,125886.26,170363.17,73.9,26.1,-3294.86,70.36
2023-06-26,1097,BULL_100,YES,NONE,432.25,44.25,44.07,-0.41,14.25,30.0,NO,398.62,ABOVE,33.63,NO,N/A,419.88,ABOVE,12.37,0,61,"NO (need 2d, have 0d)",56.53,75.0,60.0,COOL (<60),3807.0667,1679.26,167777.43,169456.68,99.0,1.0,-906.49,69.46
2023-06-27,1098,BULL_100,NO,NONE,435.45,44.13,45.03,2.04,13.74,30.0,NO,398.79,ABOVE,36.66,NO,N/A,420.33,ABOVE,15.12,0,62,"NO (need 2d, have 0d)",60.53,75.0,60.0,NEUTRAL (60-75),3807.0667,1679.26,171432.21,173111.47,99.0,1.0,3654.79,73.11
2023-06-28,1099,BULL_100,NO,NONE,436.95,45.02,45.49,1.04,13.43,30.0,NO,398.95,ABOVE,38.0,NO,N/A,420.79,ABOVE,16.16,0,63,"NO (need 2d, have 0d)",62.28,75.0,60.0,NEUTRAL (60-75),3807.0667,1679.26,173183.46,174862.72,99.0,1.0,1751.25,74.86
2023-06-29,1100,BULL_100,NO,NONE,438.3,45.22,45.85,1.39,13.54,30.0,NO,399.08,ABOVE,39.22,NO,N/A,421.28,ABOVE,17.02,0,64,"NO (need 2d, have 0d)",63.83,75.0,60.0,NEUTRAL (60-75),3807.0667,1679.26,174554.01,176233.26,99.0,1.0,1370.54,76.23
2023-06-30,1101,BULL_100,NO,NONE,442.87,45.96,47.26,2.83,13.59,30.0,NO,399.33,ABOVE,43.54,NO,N/A,421.88,ABOVE,20.99,0,65,"NO (need 2d, have 0d)",68.55,75.0,60.0,NEUTRAL (60-75),3807.0667,1679.26,179921.97,181601.23,99.1,0.9,5367.97,81.6
2023-07-03,1102,BULL_100,NO,NONE,443.87,47.44,47.57,0.27,13.57,30.0,NO,399.57,ABOVE,44.3,NO,N/A,422.52,ABOVE,21.35,0,66,"NO (need 2d, have 0d)",69.49,75.0,60.0,NEUTRAL (60-75),3807.0667,1679.26,181102.16,182781.42,99.1,0.9,1180.19,82.78
2023-07-05,1103,BULL_100,NO,NONE,442.83,47.25,47.2,-0.11,14.18,30.0,NO,399.84,ABOVE,42.99,NO,N/A,423.14,ABOVE,19.69,0,67,"NO (need 2d, have 0d)",67.24,75.0,60.0,NEUTRAL (60-75),3807.0667,1679.26,179693.55,181372.8,99.1,0.9,-1408.62,81.37
2023-07-06,1104,BULL_100,NO,NONE,439.49,46.7,46.11,-1.26,15.44,30.0,NO,400.11,ABOVE,39.38,NO,N/A,423.68,ABOVE,15.81,0,68,"NO (need 2d, have 0d)",60.48,75.0,60.0,NEUTRAL (60-75),3807.0667,1679.26,175543.84,177223.1,99.1,0.9,-4149.7,77.22
2023-07-07,1105,BULL_100,NO,NONE,438.65,45.88,45.73,-0.33,14.83,30.0,NO,400.35,ABOVE,38.3,NO,N/A,424.3,ABOVE,14.35,0,69,"NO (need 2d, have 0d)",58.87,75.0,60.0,COOL (<60),3807.0667,1679.26,174097.16,175776.42,99.0,1.0,-1446.68,75.78
2023-07-10,1106,BULL_100,NO,NONE,439.68,45.33,46.12,1.74,15.07,30.0,NO,400.63,ABOVE,39.05,NO,N/A,424.98,ABOVE,14.7,0,70,"NO (need 2d, have 0d)",60.26,75.0,60.0,NEUTRAL (60-75),3807.0667,1679.26,175581.92,177261.17,99.1,0.9,1484.75,77.26
2023-07-11,1107,BULL_100,NO,NONE,442.42,46.06,46.96,1.95,14.84,30.0,NO,400.96,ABOVE,41.46,NO,N/A,425.59,ABOVE,16.83,0,71,"NO (need 2d, have 0d)",63.78,75.0,60.0,NEUTRAL (60-75),3807.0667,1679.26,178779.85,180459.11,99.1,0.9,3197.94,80.46
2023-07-12,1108,BULL_100,NO,NONE,446.4,47.18,48.2,2.16,13.54,30.0,NO,401.32,ABOVE,45.08,NO,N/A,426.2,ABOVE,20.2,0,72,"NO (need 2d, have 0d)",68.18,75.0,60.0,NEUTRAL (60-75),3807.0667,1679.26,183500.61,185179.87,99.1,0.9,4720.76,85.18
2023-07-13,1109,BULL_100,NO,NONE,449.37,48.47,49.08,1.26,13.61,30.0,NO,401.73,ABOVE,47.64,NO,N/A,426.89,ABOVE,22.48,0,73,"NO (need 2d, have 0d)",71.01,75.0,60.0,NEUTRAL (60-75),3807.0667,1679.26,186850.83,188530.09,99.1,0.9,3350.22,88.53
2023-07-14,1110,BULL_100,NO,NONE,449.14,49.14,48.95,-0.39,13.34,30.0,NO,402.15,ABOVE,46.99,NO,N/A,427.65,ABOVE,21.49,0,74,"NO (need 2d, have 0d)",70.49,75.0,60.0,NEUTRAL (60-75),3807.0667,1679.26,186355.91,188035.17,99.1,0.9,-494.92,88.04
2023-07-17,1111,BULL_100,NO,NONE,450.29,49.02,49.44,0.86,13.48,30.0,NO,402.58,ABOVE,47.71,NO,N/A,428.52,ABOVE,21.77,0,75,"NO (need 2d, have 0d)",71.61,75.0,60.0,NEUTRAL (60-75),3807.0667,1679.26,188221.38,189900.63,99.1,0.9,1865.46,89.9
2023-07-18,1112,BULL_100,NO,NONE,454.05,49.59,50.61,2.06,13.3,30.0,NO,403.0,ABOVE,51.05,NO,N/A,429.48,ABOVE,24.57,0,76,"NO (need 2d, have 0d)",74.97,75.0,60.0,NEUTRAL (60-75),3807.0667,1679.26,192675.64,194354.9,99.1,0.9,4454.27,94.35
2023-07-19,1113,BULL_100,NO,NONE,454.0,50.63,50.57,-0.12,13.76,30.0,NO,403.45,ABOVE,50.55,NO,N/A,430.31,ABOVE,23.69,0,77,"NO (need 2d, have 0d)",74.84,75.0,60.0,NEUTRAL (60-75),3807.0667,1679.26,192523.36,194202.62,99.1,0.9,-152.28,94.2
2023-07-20,1114,BULL_100,NO,NONE,452.25,50.78,49.94,-1.65,13.99,30.0,NO,403.92,ABOVE,48.33,NO,N/A,431.11,ABOVE,21.14,0,78,"NO (need 2d, have 0d)",70.36,75.0,60.0,NEUTRAL (60-75),3807.0667,1679.26,190124.91,191804.17,99.1,0.9,-2398.45,91.8
2023-07-21,1115,BULL_100,NO,NONE,451.95,50.13,49.92,-0.42,13.6,30.0,NO,404.34,ABOVE,47.61,NO,N/A,431.92,ABOVE,20.03,0,79,"NO (need 2d, have 0d)",69.59,75.0,60.0,NEUTRAL (60-75),3807.0667,1679.26,190048.77,191728.02,99.1,0.9,-76.15,91.73
2023-07-24,1116,BULL_100,NO,NONE,454.31,50.15,50.6,0.9,13.91,30.0,NO,404.73,ABOVE,49.58,NO,N/A,432.74,ABOVE,21.57,0,80,"NO (need 2d, have 0d)",72.17,75.0,60.0,NEUTRAL (60-75),3807.0667,1679.26,192637.57,194316.83,99.1,0.9,2588.81,94.32
2023-07-25,1117,BULL_100,NO,NONE,455.32,50.6,50.9,0.59,13.86,30.0,NO,405.11,ABOVE,50.21,NO,N/A,433.6,ABOVE,21.72,0,81,"NO (need 2d, have 0d)",73.22,75.0,60.0,NEUTRAL (60-75),3807.0667,1679.26,193779.69,195458.95,99.1,0.9,1142.12,95.46
2023-07-26,1118,BULL_100,NO,NONE,455.6,51.04,50.98,-0.12,13.19,30.0,NO,405.53,ABOVE,50.07,NO,N/A,434.49,ABOVE,21.11,0,82,"NO (need 2d, have 0d)",73.51,75.0,60.0,NEUTRAL (60-75),3807.0667,1679.26,194084.26,195763.52,99.1,0.9,304.57,95.76
2023-07-27,1119,BULL_100,NO,NONE,452.74,51.67,49.99,-3.25,14.41,30.0,NO,405.98,ABOVE,46.76,NO,N/A,435.3,ABOVE,17.44,0,83,"NO (need 2d, have 0d)",65.5,75.0,60.0,NEUTRAL (60-75),3807.0667,1679.26,190315.26,191994.52,99.1,0.9,-3769.0,91.99
2023-07-28,1120,BULL_100,NO,NONE,457.08,50.45,51.45,1.98,13.33,30.0,NO,406.46,ABOVE,50.62,NO,N/A,436.22,ABOVE,20.86,0,84,"NO (need 2d, have 0d)",70.72,75.0,60.0,NEUTRAL (60-75),3807.0667,1679.26,195873.58,197552.84,99.1,0.9,5558.32,97.55
2023-07-31,1121,BULL_100,NO,NONE,457.81,51.26,51.6,0.66,13.63,30.0,NO,406.96,ABOVE,50.85,NO,N/A,437.08,ABOVE,20.73,0,85,"NO (need 2d, have 0d)",71.5,75.0,60.0,NEUTRAL (60-75),3807.0667,1679.26,196444.64,198123.9,99.2,0.8,571.06,98.12
2023-08-01,1122,BULL_100,NO,NONE,454.98,51.39,50.61,-1.52,13.93,30.0,NO,407.45,ABOVE,47.53,NO,N/A,437.78,ABOVE,17.2,0,86,"NO (need 2d, have 0d)",64.34,75.0,60.0,NEUTRAL (60-75),3807.0667,1679.26,192675.64,194354.9,99.1,0.9,-3769.0,94.35
2023-08-02,1123,BULL_100,NO,NONE,450.85,49.86,49.23,-1.26,16.09,30.0,NO,407.87,ABOVE,42.98,NO,N/A,438.42,ABOVE,12.43,0,87,"NO (need 2d, have 0d)",55.59,75.0,60.0,COOL (<60),3807.0667,1679.26,187421.89,189101.15,99.1,0.9,-5253.75,89.1
2023-08-03,1124,BULL_100,NO,NONE,449.87,48.24,48.85,1.26,15.92,30.0,NO,408.34,ABOVE,41.53,NO,N/A,439.02,ABOVE,10.85,0,88,"NO (need 2d, have 0d)",53.73,75.0,60.0,COOL (<60),3807.0667,1679.26,185975.21,187654.46,99.1,0.9,-1446.69,87.65
2023-08-04,1125,BULL_100,NO,NONE,446.89,49.23,47.73,-3.05,17.1,30.0,NO,408.73,ABOVE,38.16,NO,N/A,439.67,ABOVE,7.22,0,89,"NO (need 2d, have 0d)",48.4,75.0,60.0,COOL (<60),3807.0667,1679.26,181711.29,183390.55,99.1,0.9,-4263.91,83.39
2023-08-07,1126,BULL_100,NO,NONE,450.72,48.54,49.08,1.11,15.77,30.0,NO,409.11,ABOVE,41.61,NO,N/A,440.42,ABOVE,10.3,0,90,"NO (need 2d, have 0d)",54.63,75.0,60.0,COOL (<60),3807.0667,1679.26,186850.83,188530.09,99.1,0.9,5139.54,88.53
2023-08-08,1127,BULL_100,NO,NONE,448.65,48.8,48.42,-0.78,15.99,30.0,NO,409.51,ABOVE,39.14,NO,N/A,441.12,ABOVE,7.53,0,91,"NO (need 2d, have 0d)",51.04,75.0,60.0,COOL (<60),3807.0667,1679.26,184338.17,186017.42,99.1,0.9,-2512.67,86.02
2023-08-09,1128,BULL_100,NO,NONE,446.8,48.8,47.78,-2.09,15.96,30.0,NO,409.93,ABOVE,36.87,NO,N/A,441.64,ABOVE,5.16,0,92,"NO (need 2d, have 0d)",48.01,75.0,60.0,COOL (<60),3807.0667,1679.26,181901.65,183580.9,99.1,0.9,-2436.52,83.58
2023-08-10,1129,BULL_100,NO,NONE,446.44,48.23,47.6,-1.31,15.85,30.0,NO,410.28,ABOVE,36.16,NO,N/A,442.17,ABOVE,4.27,0,93,"NO (need 2d, have 0d)",47.42,75.0,60.0,COOL (<60),3807.0667,1679.26,181216.37,182895.63,99.1,0.9,-685.27,82.9
2023-08-11,1130,BULL_100,NO,NONE,445.82,47.5,47.39,-0.23,14.84,30.0,NO,410.62,ABOVE,35.2,NO,N/A,442.71,ABOVE,3.11,0,94,"NO (need 2d, have 0d)",46.37,75.0,60.0,COOL (<60),3807.0667,1679.26,180416.89,182096.15,99.1,0.9,-799.48,82.1
2023-08-14,1131,BULL_100,NO,NONE,448.51,47.8,48.23,0.9,14.82,30.0,NO,410.95,ABOVE,37.56,NO,N/A,443.24,ABOVE,5.27,0,95,"NO (need 2d, have 0d)",51.42,75.0,60.0,COOL (<60),3807.0667,1679.26,183614.83,185294.08,99.1,0.9,3197.93,85.29
2023-08-15,1132,BULL_100,NO,NONE,443.15,47.39,46.49,-1.9,16.46,30.0,NO,411.25,ABOVE,31.9,NO,N/A,443.55,BELOW,-0.4,1,0,"NO (need 2d, have 1d)",42.77,75.0,60.0,COOL (<60),3807.0667,1679.26,176990.53,178669.79,99.1,0.9,-6624.29,78.67
2023-08-16,1133,BULL_100,NO,DEFENSIVE: SPY below 50-SMA for 2d,439.54,46.68,45.33,-2.89,16.78,30.0,NO,411.56,ABOVE,27.98,NO,N/A,443.8,BELOW,-4.26,2,0,YES,38.12,75.0,60.0,COOL (<60),3807.0667,1679.26,172574.33,174253.59,99.0,1.0,-4416.2,74.25
2023-08-17,1134,DEFENSIVE,YES,NONE,436.07,45.5,44.2,-2.86,17.89,30.0,NO,411.79,ABOVE,24.28,NO,N/A,443.96,BELOW,-7.89,3,0,YES,34.26,75.0,60.0,COOL (<60),1921.9867,87406.51,84951.81,172358.32,49.3,50.7,-1895.27,72.36
2023-08-18,1135,DEFENSIVE,NO,NONE,436.16,44.14,44.29,0.34,17.3,30.0,NO,412.04,ABOVE,24.12,NO,N/A,444.15,BELOW,-7.99,4,0,YES,34.44,75.0,60.0,COOL (<60),1921.9867,87406.51,85124.79,172531.3,49.3,50.7,172.98,72.53
2023-08-21,1136,DEFENSIVE,NO,NONE,438.65,44.67,44.94,0.6,17.13,30.0,NO,412.31,ABOVE,26.34,NO,N/A,444.34,BELOW,-5.69,5,0,YES,39.52,75.0,60.0,COOL (<60),1921.9867,87406.51,86374.08,173780.59,49.7,50.3,1249.29,73.78
2023-08-22,1137,DEFENSIVE,NO,NONE,438.19,45.55,44.79,-1.67,16.97,30.0,NO,412.63,ABOVE,25.56,NO,N/A,444.51,BELOW,-6.32,6,0,YES,38.92,75.0,60.0,COOL (<60),1921.9867,87406.51,86085.78,173492.29,49.6,50.4,-288.3,73.49
2023-08-23,1138,DEFENSIVE,NO,NONE,445.09,45.3,46.9,3.53,15.98,30.0,NO,413.0,ABOVE,32.09,NO,N/A,444.73,ABOVE,0.36,0,1,"NO (need 2d, have 0d)",50.95,75.0,60.0,COOL (<60),1921.9867,87406.51,90141.18,177547.69,50.8,49.2,4055.4,77.55
2023-08-24,1139,DEFENSIVE,NO,NONE,437.19,47.07,44.4,-5.67,17.2,30.0,NO,413.31,ABOVE,23.88,NO,N/A,444.74,BELOW,-7.55,1,0,"NO (need 2d, have 1d)",41.0,75.0,60.0,COOL (<60),1921.9867,87406.51,85336.21,172742.72,49.4,50.6,-4804.97,72.74
2023-08-25,1140,DEFENSIVE,NO,NONE,439.65,44.5,45.22,1.62,15.68,30.0,NO,413.61,ABOVE,26.04,NO,N/A,444.79,BELOW,-5.14,2,0,YES,44.63,75.0,60.0,COOL (<60),1921.9867,87406.51,86912.24,174318.75,49.9,50.1,1576.03,74.32
2023-08-28,1141,DEFENSIVE,NO,NONE,442.83,45.32,46.08,1.68,15.08,30.0,NO,413.91,ABOVE,28.92,NO,N/A,444.81,BELOW,-1.98,3,0,YES,48.99,75.0,60.0,COOL (<60),1921.9867,87406.51,88565.15,175971.66,50.3,49.7,1652.91,75.97
2023-08-29,1142,DEFENSIVE,NO,NONE,449.45,46.01,48.11,4.56,14.45,30.0,NO,414.28,ABOVE,35.17,NO,N/A,445.01,ABOVE,4.44,0,1,"NO (need 2d, have 0d)",56.65,75.0,60.0,COOL (<60),1921.9867,87406.51,92466.78,179873.29,51.4,48.6,3901.63,79.87
2023-08-30,1143,DEFENSIVE,NO,DEF EXIT: SPY above 50-SMA for 2d,451.08,48.08,48.63,1.14,13.88,30.0,NO,414.56,ABOVE,36.52,NO,N/A,445.28,ABOVE,5.8,0,2,"NO (need 2d, have 0d)",58.32,75.0,60.0,COOL (<60),1921.9867,87406.51,93466.21,180872.72,51.7,48.3,999.43,80.87
2023-08-31,1144,BULL_100,YES,NONE,450.65,48.86,48.43,-0.88,13.57,30.0,NO,414.82,ABOVE,35.83,NO,N/A,445.6,ABOVE,5.05,0,3,"NO (need 2d, have 0d)",57.69,75.0,60.0,COOL (<60),3673.7952,1769.35,177921.9,179691.25,99.0,1.0,-1181.47,79.69
2023-09-01,1145,BULL_100,NO,NONE,450.92,48.71,48.47,-0.49,13.09,30.0,NO,415.09,ABOVE,35.83,NO,N/A,445.88,ABOVE,5.04,0,4,"NO (need 2d, have 0d)",57.99,75.0,60.0,COOL (<60),3673.7952,1769.35,178068.85,179838.2,99.0,1.0,146.95,79.84
2023-09-05,1146,BULL_100,NO,NONE,449.17,48.06,47.92,-0.29,14.01,30.0,NO,415.35,ABOVE,33.82,NO,N/A,446.21,ABOVE,2.96,0,5,"NO (need 2d, have 0d)",55.21,75.0,60.0,COOL (<60),3673.7952,1769.35,176048.26,177817.62,99.0,1.0,-2020.58,77.82
2023-09-06,1147,BULL_100,NO,NONE,446.1,47.58,46.92,-1.39,14.45,30.0,NO,415.6,ABOVE,30.5,NO,N/A,446.48,BELOW,-0.38,1,0,"NO (need 2d, have 1d)",50.62,75.0,60.0,COOL (<60),3673.7952,1769.35,172374.47,174143.82,99.0,1.0,-3673.8,74.14
2023-09-07,1148,BULL_100,NO,DEFENSIVE: SPY below 50-SMA for 2d,445.05,46.68,46.51,-0.36,14.4,30.0,NO,415.85,ABOVE,29.2,NO,N/A,446.68,BELOW,-1.63,2,0,YES,49.11,75.0,60.0,COOL (<60),3673.7952,1769.35,170868.21,172637.56,99.0,1.0,-1506.26,72.64
2023-09-08,1149,DEFENSIVE,YES,NONE,445.11,46.74,46.72,-0.04,13.84,30.0,NO,416.1,ABOVE,29.01,NO,N/A,446.84,BELOW,-1.73,3,0,YES,49.2,75.0,60.0,COOL (<60),1855.8252,86697.78,86704.15,173401.93,50.0,50.0,764.37,73.4
2023-09-11,1150,DEFENSIVE,NO,NONE,448.05,47.28,47.43,0.32,13.8,30.0,NO,416.37,ABOVE,31.68,NO,N/A,447.03,ABOVE,1.02,0,1,"NO (need 2d, have 0d)",53.67,75.0,60.0,COOL (<60),1855.8252,86697.78,88021.79,174719.57,50.4,49.6,1317.64,74.72
2023-09-12,1151,DEFENSIVE,NO,NONE,446.01,47.24,46.76,-1.02,14.23,30.0,NO,416.6,ABOVE,29.41,NO,N/A,447.1,BELOW,-1.09,1,0,"NO (need 2d, have 1d)",50.36,75.0,60.0,COOL (<60),1855.8252,86697.78,86778.39,173476.17,50.0,50.0,-1243.4,73.48
2023-09-13,1152,DEFENSIVE,NO,NONE,447.0,46.76,47.03,0.58,13.48,30.0,NO,416.82,ABOVE,30.18,NO,N/A,447.16,BELOW,-0.16,2,0,YES,51.91,75.0,60.0,COOL (<60),1855.8252,86697.78,87279.46,173977.24,50.2,49.8,501.07,73.98
2023-09-14,1153,DEFENSIVE,NO,NONE,450.67,47.25,48.17,1.95,12.82,30.0,NO,417.06,ABOVE,33.61,NO,N/A,447.32,ABOVE,3.35,0,1,"NO (need 2d, have 0d)",57.24,75.0,60.0,COOL (<60),1855.8252,86697.78,89395.1,176092.88,50.8,49.2,2115.64,76.09
2023-09-15,1154,DEFENSIVE,NO,NONE,443.29,48.28,46.36,-3.98,13.79,30.0,NO,417.3,ABOVE,25.99,NO,N/A,447.39,BELOW,-4.1,1,0,"NO (need 2d, have 1d)",46.16,75.0,60.0,COOL (<60),1855.8252,86697.78,86036.06,172733.84,49.8,50.2,-3359.04,72.73
2023-09-18,1155,DEFENSIVE,NO,NONE,443.88,46.54,46.46,-0.17,14.0,30.0,NO,417.54,ABOVE,26.34,NO,N/A,447.5,BELOW,-3.62,2,0,YES,47.04,75.0,60.0,COOL (<60),1855.8252,86697.78,86221.64,172919.42,49.9,50.1,185.58,72.92
2023-09-19,1156,DEFENSIVE,NO,NONE,442.86,46.55,46.14,-0.88,14.11,30.0,NO,417.71,ABOVE,25.15,NO,N/A,447.56,BELOW,-4.7,3,0,YES,45.65,75.0,60.0,COOL (<60),1855.8252,86697.78,85627.77,172325.56,49.7,50.3,-593.86,72.33
2023-09-20,1157,DEFENSIVE,NO,NONE,437.87,46.09,44.52,-3.41,15.14,30.0,NO,417.87,ABOVE,20.0,NO,N/A,447.47,BELOW,-9.6,4,0,YES,39.49,75.0,60.0,COOL (<60),1855.8252,86697.78,82621.34,169319.12,48.8,51.2,-3006.44,69.32
2023-09-21,1158,DEFENSIVE,NO,NONE,431.11,44.45,42.38,-4.66,17.54,30.0,NO,417.99,ABOVE,13.12,NO,N/A,447.16,BELOW,-16.05,5,0,YES,33.0,75.0,60.0,COOL (<60),1855.8252,86697.78,78649.87,165347.65,47.6,52.4,-3971.47,65.35
2023-09-22,1159,DEFENSIVE,NO,NONE,430.65,42.6,42.21,-0.92,17.2,30.0,NO,418.15,ABOVE,12.5,NO,N/A,446.79,BELOW,-16.14,6,0,YES,32.6,75.0,60.0,COOL (<60),1855.8252,86697.78,78334.38,165032.16,47.5,52.5,-315.49,65.03
2023-09-25,1160,DEFENSIVE,NO,NONE,432.12,42.59,42.64,0.12,16.9,30.0,NO,418.34,ABOVE,13.78,NO,N/A,446.45,BELOW,-14.33,7,0,YES,35.26,75.0,60.0,COOL (<60),1855.8252,86697.78,79132.39,165830.17,47.7,52.3,798.01,65.83
2023-09-26,1161,DEFENSIVE,NO,NONE,426.55,42.0,40.99,-2.4,18.94,30.0,NO,418.5,ABOVE,8.05,NO,N/A,445.98,BELOW,-19.43,8,0,YES,30.38,75.0,60.0,COOL (<60),1855.8252,86697.78,76070.27,162768.06,46.7,53.3,-3062.11,62.77
2023-09-27,1162,DEFENSIVE,NO,NONE,426.66,41.39,41.0,-0.94,18.22,30.0,NO,418.66,ABOVE,8.0,NO,N/A,445.43,BELOW,-18.77,9,0,YES,30.58,75.0,60.0,COOL (<60),1855.8252,86697.78,76088.83,162786.61,46.7,53.3,18.55,62.79
2023-09-28,1163,DEFENSIVE,NO,NONE,428.67,40.88,41.52,1.57,17.34,30.0,NO,418.83,ABOVE,9.84,NO,N/A,444.92,BELOW,-16.25,10,0,YES,34.37,75.0,60.0,COOL (<60),1855.8252,86697.78,77053.86,163751.64,47.1,52.9,965.03,63.75
2023-09-29,1164,DEFENSIVE,NO,NONE,427.45,41.99,41.23,-1.81,17.52,30.0,NO,418.98,ABOVE,8.47,NO,N/A,444.42,BELOW,-16.97,11,0,YES,33.19,75.0,60.0,COOL (<60),1855.8252,86697.78,76515.67,163213.45,46.9,53.1,-538.19,63.21
2023-10-02,1165,DEFENSIVE,NO,NONE,427.38,41.89,41.14,-1.79,17.61,30.0,NO,419.1,ABOVE,8.28,NO,N/A,443.93,BELOW,-16.55,12,0,YES,33.12,75.0,60.0,COOL (<60),1855.8252,86697.78,76348.65,163046.43,46.8,53.2,-167.02,63.05
2023-10-03,1166,DEFENSIVE,NO,NONE,421.58,41.16,39.44,-4.18,19.78,30.0,NO,419.21,ABOVE,2.37,NO,N/A,443.28,BELOW,-21.7,13,0,YES,27.84,75.0,60.0,COOL (<60),1855.8252,86697.78,73193.74,159891.53,45.8,54.2,-3154.9,59.89
2023-10-04,1167,DEFENSIVE,NO,NONE,424.14,39.1,40.16,2.71,18.58,30.0,NO,419.38,ABOVE,4.76,NO,N/A,442.66,BELOW,-18.51,14,0,YES,32.92,75.0,60.0,COOL (<60),1855.8252,86697.78,74529.94,161227.72,46.2,53.8,1336.19,61.23
2023-10-05,1168,DEFENSIVE,NO,NONE,423.92,40.08,40.02,-0.15,18.49,30.0,NO,419.59,ABOVE,4.33,NO,N/A,442.02,BELOW,-18.1,15,0,YES,32.71,75.0,60.0,COOL (<60),1855.8252,86697.78,74270.12,160967.91,46.1,53.9,-259.81,60.97
2023-10-06,1169,DEFENSIVE,NO,NONE,430.2,40.28,41.7,3.53,17.45,30.0,NO,419.84,ABOVE,10.36,NO,N/A,441.57,BELOW,-11.37,16,0,YES,43.88,75.0,60.0,COOL (<60),1855.8252,86697.78,77387.91,164085.69,47.2,52.8,3117.78,64.09
2023-10-09,1170,DEFENSIVE,NO,NONE,432.26,40.6,42.39,4.41,17.7,30.0,NO,420.09,ABOVE,12.17,NO,N/A,441.07,BELOW,-8.81,17,0,YES,46.99,75.0,60.0,COOL (<60),1855.8252,86697.78,78668.43,165366.21,47.6,52.4,1280.52,65.37
2023-10-10,1171,DEFENSIVE,NO,NONE,434.62,42.49,43.05,1.32,17.03,30.0,NO,420.33,ABOVE,14.29,NO,N/A,440.61,BELOW,-5.99,18,0,YES,50.38,75.0,60.0,COOL (<60),1855.8252,86697.78,79893.27,166591.06,48.0,52.0,1224.85,66.59
2023-10-11,1172,DEFENSIVE,NO,NONE,437.36,43.12,43.86,1.72,16.09,30.0,NO,420.62,ABOVE,16.74,NO,N/A,440.26,BELOW,-2.9,19,0,YES,54.06,75.0,60.0,COOL (<60),1855.8252,86697.78,81396.49,168094.27,48.4,51.6,1503.21,68.09
2023-10-12,1173,DEFENSIVE,NO,NONE,433.94,43.92,42.81,-2.53,16.69,30.0,NO,420.87,ABOVE,13.07,NO,N/A,439.92,BELOW,-5.98,20,0,YES,49.16,75.0,60.0,COOL (<60),1855.8252,86697.78,79447.88,166145.66,47.8,52.2,-1948.61,66.15
2023-10-13,1174,DEFENSIVE,NO,NONE,430.51,42.95,41.78,-2.72,19.32,30.0,NO,421.12,ABOVE,9.39,NO,N/A,439.53,BELOW,-9.02,21,0,YES,44.78,75.0,60.0,COOL (<60),1855.8252,86697.78,77536.38,164234.16,47.2,52.8,-1911.5,64.23
2023-10-16,1175,DEFENSIVE,NO,NONE,436.08,42.18,43.37,2.82,17.21,30.0,NO,421.41,ABOVE,14.67,NO,N/A,439.32,BELOW,-3.24,22,0,YES,52.22,75.0,60.0,COOL (<60),1855.8252,86697.78,80487.14,167184.92,48.1,51.9,2950.76,67.18
2023-10-17,1176,DEFENSIVE,NO,NONE,435.05,43.31,43.06,-0.58,17.88,30.0,NO,421.67,ABOVE,13.38,NO,N/A,439.0,BELOW,-3.95,23,0,YES,50.86,75.0,60.0,COOL (<60),1855.8252,86697.78,79911.83,166609.61,48.0,52.0,-575.31,66.61
2023-10-18,1177,DEFENSIVE,NO,NONE,430.4,43.04,41.59,-3.37,19.22,30.0,NO,421.91,ABOVE,8.49,NO,N/A,438.64,BELOW,-8.24,24,0,YES,45.12,75.0,60.0,COOL (<60),1855.8252,86697.78,77183.77,163881.55,47.1,52.9,-2728.06,63.88
2023-10-19,1178,DEFENSIVE,NO,NONE,425.79,41.2,40.24,-2.33,21.4,30.0,NO,422.13,ABOVE,3.66,NO,N/A,438.22,BELOW,-12.43,25,0,YES,40.28,75.0,60.0,COOL (<60),1855.8252,86697.78,74678.4,161376.19,46.3,53.7,-2505.36,61.38
2023-10-20,1179,DEFENSIVE,NO,"KILL: VIX=21.7, SPY=420.80 vs 200SMA=422.32",420.8,40.21,38.86,-3.36,21.71,30.0,NO,422.32,BELOW,-1.52,YES,SPY<200SMA,437.7,BELOW,-16.9,26,0,YES,35.79,75.0,60.0,COOL (<60),1855.8252,86697.78,72117.37,158815.15,45.4,54.6,-2561.04,58.82
2023-10-23,1180,CASH,YES,NONE,421.8,38.72,39.11,1.01,20.37,30.0,NO,422.53,BELOW,-0.73,YES,SPY<200SMA,437.22,BELOW,-15.42,27,0,YES,37.3,75.0,60.0,COOL (<60),0.0,158410.62,0.0,158410.62,0.0,100.0,-404.53,58.41
2023-10-24,1181,CASH,NO,NONE,423.3,39.16,39.5,0.87,18.97,30.0,NO,422.7,ABOVE,0.6,NO,N/A,436.72,BELOW,-13.42,28,0,YES,39.59,75.0,60.0,COOL (<60),0.0,158410.62,0.0,158410.62,0.0,100.0,-0.0,58.41
2023-10-25,1182,CASH,NO,NONE,415.72,39.14,37.37,-4.52,20.19,30.0,NO,422.85,BELOW,-7.13,YES,SPY<200SMA,436.17,BELOW,-20.45,29,0,YES,33.03,75.0,60.0,COOL (<60),0.0,158410.62,0.0,158410.62,0.0,100.0,-0.0,58.41
2023-10-26,1183,CASH,NO,NONE,414.86,37.12,37.11,-0.03,20.68,30.0,NO,422.97,BELOW,-8.11,YES,SPY<200SMA,435.68,BELOW,-20.82,30,0,YES,32.37,75.0,60.0,COOL (<60),0.0,158410.62,0.0,158410.62,0.0,100.0,-0.0,58.41
2023-10-27,1184,CASH,NO,NONE,410.38,36.98,35.9,-2.92,21.27,30.0,NO,423.04,BELOW,-12.66,YES,SPY<200SMA,435.16,BELOW,-24.78,31,0,YES,29.13,75.0,60.0,COOL (<60),0.0,158410.62,0.0,158410.62,0.0,100.0,-0.0,58.41
2023-10-30,1185,CASH,NO,NONE,415.15,36.61,37.15,1.48,19.75,30.0,NO,423.13,BELOW,-7.98,YES,SPY<200SMA,434.74,BELOW,-19.59,32,0,YES,36.43,75.0,60.0,COOL (<60),0.0,158410.62,0.0,158410.62,0.0,100.0,-0.0,58.41
2023-10-31,1186,CASH,NO,NONE,417.35,37.0,37.67,1.81,18.14,30.0,NO,423.23,BELOW,-5.88,YES,SPY<200SMA,434.32,BELOW,-16.97,33,0,YES,39.53,75.0,60.0,COOL (<60),0.0,158410.62,0.0,158410.62,0.0,100.0,-0.0,58.41
2023-11-01,1187,CASH,NO,NONE,423.6,37.66,39.39,4.59,16.87,30.0,NO,423.36,ABOVE,0.24,NO,N/A,434.03,BELOW,-10.43,34,0,YES,47.37,75.0,60.0,COOL (<60),0.0,158410.62,0.0,158410.62,0.0,100.0,-0.0,58.41
2023-11-02,1188,CASH,NO,NONE,429.89,39.42,41.08,4.21,15.66,30.0,NO,423.55,ABOVE,6.34,NO,N/A,433.72,BELOW,-3.83,35,0,YES,53.85,75.0,60.0,COOL (<60),0.0,158410.62,0.0,158410.62,0.0,100.0,-0.0,58.41
2023-11-03,1189,CASH,NO,"RE-ENTRY: SPY>424(200), VIX=14.9<30, SPY>434(50)",435.27,41.15,42.56,3.43,14.91,30.0,NO,423.79,ABOVE,11.48,NO,N/A,433.68,ABOVE,1.59,0,1,"NO (need 2d, have 0d)",58.56,75.0,60.0,COOL (<60),0.0,158410.62,0.0,158410.62,0.0,100.0,-0.0,58.41
2023-11-06,1190,BULL_100,YES,NONE,434.88,42.66,42.48,-0.42,14.89,30.0,NO,423.98,ABOVE,10.9,NO,N/A,433.59,ABOVE,1.29,0,2,"NO (need 2d, have 0d)",58.09,75.0,60.0,COOL (<60),3676.1958,1504.69,156164.8,157669.49,99.0,1.0,-741.13,57.67
2023-11-07,1191,BULL_100,NO,NONE,436.76,42.52,43.03,1.2,14.81,30.0,NO,424.16,ABOVE,12.6,NO,N/A,433.47,ABOVE,3.29,0,3,"NO (need 2d, have 0d)",59.74,75.0,60.0,COOL (<60),3676.1958,1504.69,158186.7,159691.4,99.1,0.9,2021.91,59.69
2023-11-08,1192,BULL_100,NO,NONE,436.61,42.97,42.95,-0.05,14.45,30.0,NO,424.35,ABOVE,12.26,NO,N/A,433.21,ABOVE,3.4,0,4,"NO (need 2d, have 0d)",59.54,75.0,60.0,COOL (<60),3676.1958,1504.69,157892.61,159397.3,99.1,0.9,-294.1,59.4
2023-11-09,1193,BULL_100,NO,NONE,433.63,43.24,42.04,-2.78,15.29,30.0,NO,424.51,ABOVE,9.12,NO,N/A,432.86,ABOVE,0.77,0,5,"NO (need 2d, have 0d)",55.54,75.0,60.0,COOL (<60),3676.1958,1504.69,154547.27,156051.96,99.0,1.0,-3345.34,56.05
2023-11-10,1194,BULL_100,NO,NONE,439.96,42.25,43.75,3.55,14.17,30.0,NO,424.7,ABOVE,15.26,NO,N/A,432.65,ABOVE,7.31,0,6,"NO (need 2d, have 0d)",61.47,75.0,60.0,NEUTRAL (60-75),3676.1958,1504.69,160833.57,162338.26,99.1,0.9,6286.3,62.34
2023-11-13,1195,BULL_100,NO,NONE,440.38,43.75,43.98,0.53,14.76,30.0,NO,424.87,ABOVE,15.51,NO,N/A,432.44,ABOVE,7.94,0,7,"NO (need 2d, have 0d)",61.83,75.0,60.0,NEUTRAL (60-75),3676.1958,1504.69,161679.09,163183.78,99.1,0.9,845.52,63.18
2023-11-14,1196,BULL_100,NO,NONE,449.35,44.13,46.65,5.71,14.16,30.0,NO,425.11,ABOVE,24.24,NO,N/A,432.44,ABOVE,16.91,0,8,"NO (need 2d, have 0d)",68.64,75.0,60.0,NEUTRAL (60-75),3676.1958,1504.69,171494.53,172999.23,99.1,0.9,9815.45,73.0
2023-11-15,1197,BULL_100,NO,NONE,449.36,47.03,46.64,-0.83,14.18,30.0,NO,425.33,ABOVE,24.03,NO,N/A,432.51,ABOVE,16.85,0,9,"NO (need 2d, have 0d)",68.65,75.0,60.0,NEUTRAL (60-75),3676.1958,1504.69,171457.77,172962.46,99.1,0.9,-36.77,72.96
2023-11-16,1198,BULL_100,NO,NONE,450.38,46.71,46.9,0.41,14.32,30.0,NO,425.52,ABOVE,24.86,NO,N/A,432.61,ABOVE,17.77,0,10,"NO (need 2d, have 0d)",69.37,75.0,60.0,NEUTRAL (60-75),3676.1958,1504.69,172413.58,173918.28,99.1,0.9,955.82,73.92
2023-11-17,1199,BULL_100,NO,NONE,450.25,47.15,46.95,-0.42,13.8,30.0,NO,425.7,ABOVE,24.55,NO,N/A,432.72,ABOVE,17.54,0,11,"NO (need 2d, have 0d)",69.15,75.0,60.0,NEUTRAL (60-75),3676.1958,1504.69,172597.39,174102.08,99.1,0.9,183.8,74.1
2023-11-20,1200,BULL_100,NO,NONE,454.41,46.97,48.15,2.51,13.41,30.0,NO,425.91,ABOVE,28.5,NO,N/A,432.84,ABOVE,21.57,0,12,"NO (need 2d, have 0d)",72.17,75.0,60.0,NEUTRAL (60-75),3676.1958,1504.69,177008.83,178513.52,99.2,0.8,4411.44,78.51
2023-11-21,1201,BULL_100,NO,NONE,452.73,48.0,47.56,-0.92,13.35,30.0,NO,426.12,ABOVE,26.61,NO,N/A,432.98,ABOVE,19.75,0,13,"NO (need 2d, have 0d)",69.22,75.0,60.0,NEUTRAL (60-75),3676.1958,1504.69,174839.87,176344.56,99.1,0.9,-2168.96,76.34
2023-11-22,1202,BULL_100,NO,NONE,454.71,47.74,48.16,0.88,12.85,30.0,NO,426.32,ABOVE,28.39,NO,N/A,433.13,ABOVE,21.58,0,14,"NO (need 2d, have 0d)",70.74,75.0,60.0,NEUTRAL (60-75),3676.1958,1504.69,177045.59,178550.28,99.2,0.8,2205.72,78.55
2023-11-24,1203,BULL_100,NO,NONE,455.39,48.32,48.34,0.04,12.46,30.0,NO,426.54,ABOVE,28.85,NO,N/A,433.23,ABOVE,22.16,0,15,"NO (need 2d, have 0d)",71.26,75.0,60.0,NEUTRAL (60-75),3676.1958,1504.69,177707.3,179212.0,99.2,0.8,661.72,79.21
2023-11-27,1204,BULL_100,NO,NONE,454.81,48.07,48.15,0.17,12.69,30.0,NO,426.78,ABOVE,28.03,NO,N/A,433.46,ABOVE,21.35,0,16,"NO (need 2d, have 0d)",70.11,75.0,60.0,NEUTRAL (60-75),3676.1958,1504.69,177008.83,178513.52,99.2,0.8,-698.48,78.51
2023-11-28,1205,BULL_100,NO,NONE,455.02,47.91,48.2,0.61,12.69,30.0,NO,427.02,ABOVE,28.0,NO,N/A,433.68,ABOVE,21.34,0,17,"NO (need 2d, have 0d)",70.3,75.0,60.0,NEUTRAL (60-75),3676.1958,1504.69,177192.64,178697.33,99.2,0.8,183.81,78.7
2023-11-29,1206,BULL_100,NO,NONE,454.88,48.48,48.13,-0.72,12.98,30.0,NO,427.23,ABOVE,27.65,NO,N/A,433.92,ABOVE,20.96,0,18,"NO (need 2d, have 0d)",69.98,75.0,60.0,NEUTRAL (60-75),3676.1958,1504.69,176935.3,178440.0,99.2,0.8,-257.33,78.44
2023-11-30,1207,BULL_100,NO,NONE,456.09,48.14,48.47,0.69,12.92,30.0,NO,427.45,ABOVE,28.64,NO,N/A,434.28,ABOVE,21.81,0,19,"NO (need 2d, have 0d)",71.18,75.0,60.0,NEUTRAL (60-75),3676.1958,1504.69,178185.21,179689.9,99.2,0.8,1249.9,79.69
2023-12-01,1208,BULL_100,NO,NONE,459.74,48.78,49.63,1.74,12.63,30.0,NO,427.68,ABOVE,32.06,NO,N/A,434.86,ABOVE,24.88,0,20,"NO (need 2d, have 0d)",74.49,75.0,60.0,NEUTRAL (60-75),3676.1958,1504.69,182449.6,183954.29,99.2,0.8,4264.39,83.95
2023-12-04,1209,BULL_100,NO,NONE,455.95,49.1,48.39,-1.45,13.08,30.0,NO,427.92,ABOVE,28.03,NO,N/A,435.36,ABOVE,20.59,0,21,"NO (need 2d, have 0d)",66.01,75.0,60.0,NEUTRAL (60-75),3676.1958,1504.69,177891.11,179395.81,99.2,0.8,-4558.48,79.4
2023-12-05,1210,BULL_100,NO,NONE,456.74,48.31,48.63,0.66,12.85,30.0,NO,428.17,ABOVE,28.57,NO,N/A,435.85,ABOVE,20.89,0,22,"NO (need 2d, have 0d)",66.86,75.0,60.0,NEUTRAL (60-75),3676.1958,1504.69,178773.4,180278.09,99.2,0.8,882.28,80.28
2023-12-06,1211,BULL_100,NO,NONE,454.51,48.88,47.9,-2.0,12.97,30.0,NO,428.44,ABOVE,26.07,NO,N/A,436.41,ABOVE,18.1,0,23,"NO (need 2d, have 0d)",62.15,75.0,60.0,NEUTRAL (60-75),3676.1958,1504.69,176089.78,177594.47,99.2,0.8,-2683.62,77.59
2023-12-07,1212,BULL_100,NO,NONE,457.76,47.85,48.88,2.15,13.06,30.0,NO,428.73,ABOVE,29.03,NO,N/A,437.04,ABOVE,20.72,0,24,"NO (need 2d, have 0d)",65.92,75.0,60.0,NEUTRAL (60-75),3676.1958,1504.69,179692.45,181197.14,99.2,0.8,3602.67,81.2
2023-12-08,1213,BULL_100,NO,NONE,460.4,48.94,49.62,1.39,12.35,30.0,NO,429.03,ABOVE,31.37,NO,N/A,437.67,ABOVE,22.73,0,25,"NO (need 2d, have 0d)",68.65,75.0,60.0,NEUTRAL (60-75),3676.1958,1504.69,182412.83,183917.53,99.2,0.8,2720.39,83.92
2023-12-11,1214,BULL_100,NO,NONE,462.03,49.51,50.18,1.35,12.63,30.0,NO,429.36,ABOVE,32.67,NO,N/A,438.36,ABOVE,23.67,0,26,"NO (need 2d, have 0d)",70.23,75.0,60.0,NEUTRAL (60-75),3676.1958,1504.69,184471.5,185976.2,99.2,0.8,2058.67,85.98
2023-12-12,1215,BULL_100,NO,NONE,464.71,50.29,51.07,1.55,12.07,30.0,NO,429.7,ABOVE,35.01,NO,N/A,439.11,ABOVE,25.6,0,27,"NO (need 2d, have 0d)",72.68,75.0,60.0,NEUTRAL (60-75),3676.1958,1504.69,187743.32,189248.01,99.2,0.8,3271.81,89.25
2023-12-13,1216,BULL_100,NO,RSI TRIM: RSI=77.6>75.0,471.31,51.14,53.11,3.85,12.19,30.0,NO,430.08,ABOVE,41.23,NO,N/A,440.1,ABOVE,31.21,0,28,"NO (need 2d, have 0d)",77.57,75.0,60.0,HOT (>75),3676.1958,1504.69,195242.76,196747.45,99.2,0.8,7499.44,96.75
2023-12-14,1217,BULL_TRIMMED,YES,NONE,471.69,53.44,53.26,-0.34,12.48,30.0,NO,430.46,ABOVE,41.23,NO,N/A,441.05,ABOVE,30.64,0,29,"NO (need 2d, have 0d)",77.81,75.0,60.0,HOT (>75),2778.2643,49465.16,147970.36,197435.52,74.9,25.1,688.07,97.44
2023-12-15,1218,BULL_TRIMMED,NO,NONE,469.95,53.74,53.29,-0.84,12.28,30.0,NO,430.82,ABOVE,39.13,NO,N/A,441.97,ABOVE,27.98,0,30,"NO (need 2d, have 0d)",73.82,75.0,60.0,NEUTRAL (60-75),2778.2643,49465.16,148053.71,197518.86,75.0,25.0,83.34,97.52
2023-12-18,1219,BULL_TRIMMED,NO,NONE,471.79,53.53,53.97,0.82,12.56,30.0,NO,431.16,ABOVE,40.63,NO,N/A,442.81,ABOVE,28.98,0,31,"NO (need 2d, have 0d)",75.27,75.0,60.0,HOT (>75),2778.2643,49465.16,149942.93,199408.08,75.2,24.8,1889.22,99.41
2023-12-19,1220,BULL_TRIMMED,NO,NONE,474.6,54.19,54.91,1.33,12.53,30.0,NO,431.51,ABOVE,43.09,NO,N/A,443.65,ABOVE,30.95,0,32,"NO (need 2d, have 0d)",77.33,75.0,60.0,HOT (>75),2778.2643,49465.16,152554.5,202019.65,75.5,24.5,2611.57,102.02
2023-12-20,1221,BULL_TRIMMED,NO,NONE,468.86,54.74,52.77,-3.6,13.67,30.0,NO,431.86,ABOVE,37.0,NO,N/A,444.34,ABOVE,24.52,0,33,"NO (need 2d, have 0d)",65.35,75.0,60.0,NEUTRAL (60-75),2778.2643,49465.16,146609.01,196074.17,74.8,25.2,-5945.48,96.07
2023-12-21,1222,BULL_TRIMMED,NO,NONE,472.59,53.22,53.92,1.32,13.65,30.0,NO,432.23,ABOVE,40.36,NO,N/A,445.04,ABOVE,27.55,0,34,"NO (need 2d, have 0d)",68.74,75.0,60.0,NEUTRAL (60-75),2778.2643,49465.16,149804.01,199269.17,75.2,24.8,3195.0,99.27
2023-12-22,1223,BULL_TRIMMED,NO,NONE,473.19,53.77,54.09,0.6,13.03,30.0,NO,432.64,ABOVE,40.55,NO,N/A,445.83,ABOVE,27.36,0,35,"NO (need 2d, have 0d)",69.26,75.0,60.0,NEUTRAL (60-75),2778.2643,49465.16,150276.32,199741.47,75.2,24.8,472.3,99.74
2023-12-26,1224,BULL_TRIMMED,NO,NONE,475.81,54.58,55.02,0.81,12.99,30.0,NO,433.09,ABOVE,42.72,NO,N/A,446.73,ABOVE,29.08,0,36,"NO (need 2d, have 0d)",71.49,75.0,60.0,NEUTRAL (60-75),2778.2643,49465.16,152860.1,202325.26,75.6,24.4,2583.79,102.33
2023-12-27,1225,BULL_TRIMMED,NO,NONE,476.55,54.95,55.26,0.56,12.43,30.0,NO,433.54,ABOVE,43.01,NO,N/A,447.54,ABOVE,29.01,0,37,"NO (need 2d, have 0d)",72.11,75.0,60.0,NEUTRAL (60-75),2778.2643,49465.16,153526.89,202992.04,75.6,24.4,666.78,102.99
2023-12-28,1226,BULL_TRIMMED,NO,NONE,477.0,55.31,55.33,0.04,12.47,30.0,NO,433.97,ABOVE,43.03,NO,N/A,448.38,ABOVE,28.62,0,38,"NO (need 2d, have 0d)",72.5,75.0,60.0,NEUTRAL (60-75),2778.2643,49465.16,153721.37,203186.52,75.7,24.3,194.48,103.19
2023-12-29,1227,BULL_TRIMMED,NO,NONE,475.25,55.45,54.61,-1.51,12.45,30.0,NO,434.4,ABOVE,40.85,NO,N/A,449.28,ABOVE,25.97,0,39,"NO (need 2d, have 0d)",68.49,75.0,60.0,NEUTRAL (60-75),2778.2643,49465.16,151721.02,201186.17,75.4,24.6,-2000.35,101.19
2024-01-02,1228,BULL_TRIMMED,NO,NONE,472.64,55.06,53.78,-2.32,13.2,30.0,NO,434.78,ABOVE,37.86,NO,N/A,450.22,ABOVE,22.42,0,40,"NO (need 2d, have 0d)",62.91,75.0,60.0,NEUTRAL (60-75),2778.2643,49465.16,149415.06,198880.21,75.1,24.9,-2305.96,98.88
2024-01-03,1229,BULL_TRIMMED,NO,RSI RECOVERY: RSI=56.2<60.0,469.08,53.58,52.51,-2.0,14.04,30.0,NO,435.17,ABOVE,33.91,NO,N/A,451.18,ABOVE,17.9,0,41,"NO (need 2d, have 0d)",56.19,75.0,60.0,COOL (<60),2778.2643,49465.16,145886.66,195351.82,74.7,25.3,-3528.39,95.35
2024-01-04,1230,BULL_100,YES,NONE,467.84,52.63,52.08,-1.05,14.13,30.0,NO,435.54,ABOVE,32.3,NO,N/A,452.1,ABOVE,15.74,0,42,"NO (need 2d, have 0d)",54.02,75.0,60.0,COOL (<60),3680.9492,1932.1,191703.83,193635.93,99.0,1.0,-1715.89,93.64
2024-01-05,1231,BULL_100,NO,NONE,468.35,51.71,52.09,0.73,13.35,30.0,NO,435.89,ABOVE,32.46,NO,N/A,453.0,ABOVE,15.35,0,43,"NO (need 2d, have 0d)",54.8,75.0,60.0,COOL (<60),3680.9492,1932.1,191740.64,193672.74,99.0,1.0,36.81,93.67
2024-01-08,1232,BULL_100,NO,NONE,474.21,51.85,54.14,4.42,13.08,30.0,NO,436.3,ABOVE,37.91,NO,N/A,454.17,ABOVE,20.04,0,44,"NO (need 2d, have 0d)",62.57,75.0,60.0,NEUTRAL (60-75),3680.9492,1932.1,199286.59,201218.69,99.0,1.0,7545.95,101.22
2024-01-09,1233,BULL_100,NO,NONE,473.77,53.86,53.9,0.07,12.76,30.0,NO,436.7,ABOVE,37.07,NO,N/A,455.35,ABOVE,18.42,0,45,"NO (need 2d, have 0d)",61.71,75.0,60.0,NEUTRAL (60-75),3680.9492,1932.1,198403.16,200335.26,99.0,1.0,-883.43,100.34
2024-01-10,1234,BULL_100,NO,NONE,476.8,54.03,55.0,1.8,12.69,30.0,NO,437.1,ABOVE,39.7,NO,N/A,456.68,ABOVE,20.12,0,46,"NO (need 2d, have 0d)",65.25,75.0,60.0,NEUTRAL (60-75),3680.9492,1932.1,202452.21,204384.3,99.1,0.9,4049.04,104.38
2024-01-11,1235,BULL_100,NO,NONE,476.05,55.52,54.62,-1.62,12.44,30.0,NO,437.5,ABOVE,38.55,NO,N/A,457.9,ABOVE,18.15,0,47,"NO (need 2d, have 0d)",63.68,75.0,60.0,NEUTRAL (60-75),3680.9492,1932.1,201053.45,202985.54,99.0,1.0,-1398.76,102.99
2024-01-12,1236,BULL_100,NO,NONE,475.7,54.87,54.6,-0.49,12.7,30.0,NO,437.89,ABOVE,37.81,NO,N/A,459.06,ABOVE,16.64,0,48,"NO (need 2d, have 0d)",62.92,75.0,60.0,NEUTRAL (60-75),3680.9492,1932.1,200979.83,202911.92,99.0,1.0,-73.62,102.91
2024-01-16,1237,BULL_100,NO,NONE,475.08,54.07,54.31,0.44,13.84,30.0,NO,438.26,ABOVE,36.82,NO,N/A,460.09,ABOVE,14.99,0,49,"NO (need 2d, have 0d)",61.52,75.0,60.0,NEUTRAL (60-75),3680.9492,1932.1,199912.35,201844.45,99.0,1.0,-1067.47,101.84
2024-01-17,1238,BULL_100,NO,NONE,472.2,53.42,53.3,-0.22,14.79,30.0,NO,438.6,ABOVE,33.6,NO,N/A,460.94,ABOVE,11.26,0,50,"NO (need 2d, have 0d)",55.36,75.0,60.0,COOL (<60),3680.9492,1932.1,196194.59,198126.69,99.0,1.0,-3717.76,98.13
2024-01-18,1239,BULL_100,NO,NONE,476.88,53.4,54.78,2.58,14.13,30.0,NO,438.94,ABOVE,37.94,NO,N/A,461.77,ABOVE,15.11,0,51,"NO (need 2d, have 0d)",62.02,75.0,60.0,NEUTRAL (60-75),3680.9492,1932.1,201642.4,203574.5,99.1,0.9,5447.81,103.57
2024-01-19,1240,BULL_100,NO,NONE,482.44,55.18,56.79,2.92,13.3,30.0,NO,439.3,ABOVE,43.14,NO,N/A,462.72,ABOVE,19.72,0,52,"NO (need 2d, have 0d)",68.1,75.0,60.0,NEUTRAL (60-75),3680.9492,1932.1,209041.11,210973.2,99.1,0.9,7398.7,110.97
2024-01-22,1241,BULL_100,NO,NONE,483.63,57.16,57.09,-0.12,13.19,30.0,NO,439.67,ABOVE,43.96,NO,N/A,463.66,ABOVE,19.97,0,53,"NO (need 2d, have 0d)",69.24,75.0,60.0,NEUTRAL (60-75),3680.9492,1932.1,210145.39,212077.49,99.1,0.9,1104.29,112.08
2024-01-23,1242,BULL_100,NO,NONE,485.83,57.01,57.88,1.53,12.55,30.0,NO,440.06,ABOVE,45.77,NO,N/A,464.65,ABOVE,21.18,0,54,"NO (need 2d, have 0d)",71.28,75.0,60.0,NEUTRAL (60-75),3680.9492,1932.1,213053.34,214985.44,99.1,0.9,2907.95,114.99
2024-01-24,1243,BULL_100,NO,NONE,485.34,58.21,57.7,-0.88,13.14,30.0,NO,440.44,ABOVE,44.9,NO,N/A,465.68,ABOVE,19.66,0,55,"NO (need 2d, have 0d)",70.16,75.0,60.0,NEUTRAL (60-75),3680.9492,1932.1,212390.77,214322.87,99.1,0.9,-662.57,114.32
2024-01-25,1244,BULL_100,NO,NONE,487.09,57.78,58.24,0.8,13.45,30.0,NO,440.83,ABOVE,46.26,NO,N/A,466.62,ABOVE,20.47,0,56,"NO (need 2d, have 0d)",71.85,75.0,60.0,NEUTRAL (60-75),3680.9492,1932.1,214378.48,216310.58,99.1,0.9,1987.71,116.31
2024-01-26,1245,BULL_100,NO,NONE,486.95,57.94,58.23,0.5,13.26,30.0,NO,441.21,ABOVE,45.74,NO,N/A,467.55,ABOVE,19.4,0,57,"NO (need 2d, have 0d)",71.5,75.0,60.0,NEUTRAL (60-75),3680.9492,1932.1,214341.67,216273.77,99.1,0.9,-36.81,116.27
2024-01-29,1246,BULL_100,NO,RSI TRIM: RSI=75.3>75.0,491.09,58.46,59.63,2.0,13.6,30.0,NO,441.63,ABOVE,49.46,NO,N/A,468.39,ABOVE,22.7,0,58,"NO (need 2d, have 0d)",75.33,75.0,60.0,HOT (>75),3680.9492,1932.1,219495.0,221427.1,99.1,0.9,5153.33,121.43
2024-01-30,1247,BULL_TRIMMED,YES,NONE,488.91,59.66,58.83,-1.39,13.31,30.0,NO,442.01,ABOVE,46.9,NO,N/A,469.18,ABOVE,19.73,0,59,"NO (need 2d, have 0d)",70.0,75.0,60.0,NEUTRAL (60-75),2785.0008,55356.66,163841.59,219198.25,74.7,25.3,-2228.85,119.2
2024-01-31,1248,BULL_TRIMMED,NO,RSI RECOVERY: RSI=59.2<60.0,483.7,58.97,56.9,-3.51,14.35,30.0,NO,442.37,ABOVE,41.33,NO,N/A,469.85,ABOVE,13.85,0,60,"NO (need 2d, have 0d)",59.23,75.0,60.0,COOL (<60),2785.0008,55356.66,158466.54,213823.2,74.1,25.9,-5375.05,113.82
2024-02-01,1249,BULL_100,YES,NONE,491.64,57.18,59.64,4.3,13.88,30.0,NO,442.76,ABOVE,48.88,NO,N/A,470.67,ABOVE,20.97,0,61,"NO (need 2d, have 0d)",67.45,75.0,60.0,NEUTRAL (60-75),3715.5818,2118.42,221597.3,223715.73,99.1,0.9,9892.53,123.72
2024-02-02,1250,BULL_100,NO,NONE,494.27,59.86,60.67,1.35,13.85,30.0,NO,443.16,ABOVE,51.11,NO,N/A,471.47,ABOVE,22.8,0,62,"NO (need 2d, have 0d)",69.63,75.0,60.0,NEUTRAL (60-75),3715.5818,2118.42,225424.35,227542.77,99.1,0.9,3827.04,127.54
2024-02-05,1251,BULL_100,NO,NONE,492.17,60.34,59.82,-0.86,13.67,30.0,NO,443.55,ABOVE,48.62,NO,N/A,472.26,ABOVE,19.91,0,63,"NO (need 2d, have 0d)",65.84,75.0,60.0,NEUTRAL (60-75),3715.5818,2118.42,222266.11,224384.53,99.1,0.9,-3158.24,124.38
2024-02-06,1252,BULL_100,NO,NONE,493.79,60.09,60.41,0.53,13.06,30.0,NO,443.96,ABOVE,49.83,NO,N/A,473.04,ABOVE,20.75,0,64,"NO (need 2d, have 0d)",67.32,75.0,60.0,NEUTRAL (60-75),3715.5818,2118.42,224458.3,226576.72,99.1,0.9,2192.19,126.58
2024-02-07,1253,BULL_100,NO,NONE,497.9,60.4,61.81,2.33,12.83,30.0,NO,444.39,ABOVE,53.51,NO,N/A,473.89,ABOVE,24.01,0,65,"NO (need 2d, have 0d)",70.78,75.0,60.0,NEUTRAL (60-75),3715.5818,2118.42,229660.11,231778.54,99.1,0.9,5201.82,131.78
2024-02-08,1254,BULL_100,NO,NONE,498.25,61.81,61.92,0.18,12.79,30.0,NO,444.82,ABOVE,53.43,NO,N/A,474.76,ABOVE,23.49,0,66,"NO (need 2d, have 0d)",71.06,75.0,60.0,NEUTRAL (60-75),3715.5818,2118.42,230068.83,232187.25,99.1,0.9,408.71,132.19
2024-02-09,1255,BULL_100,NO,NONE,501.0,62.14,62.94,1.29,12.93,30.0,NO,445.29,ABOVE,55.71,NO,N/A,475.68,ABOVE,25.32,0,67,"NO (need 2d, have 0d)",73.24,75.0,60.0,NEUTRAL (60-75),3715.5818,2118.42,233858.72,235977.15,99.1,0.9,3789.9,135.98
2024-02-12,1256,BULL_100,NO,NONE,500.55,62.89,62.69,-0.32,13.93,30.0,NO,445.76,ABOVE,54.79,NO,N/A,476.59,ABOVE,23.96,0,68,"NO (need 2d, have 0d)",72.28,75.0,60.0,NEUTRAL (60-75),3715.5818,2118.42,232929.83,235048.25,99.1,0.9,-928.9,135.05
2024-02-13,1257,BULL_100,NO,NONE,494.26,62.31,60.32,-3.19,15.85,30.0,NO,446.18,ABOVE,48.08,NO,N/A,477.36,ABOVE,16.9,0,69,"NO (need 2d, have 0d)",60.38,75.0,60.0,NEUTRAL (60-75),3715.5818,2118.42,224123.9,226242.32,99.1,0.9,-8805.93,126.24
2024-02-14,1258,BULL_100,NO,NONE,498.95,60.71,61.98,2.09,14.38,30.0,NO,446.59,ABOVE,52.36,NO,N/A,478.14,ABOVE,20.81,0,70,"NO (need 2d, have 0d)",65.01,75.0,60.0,NEUTRAL (60-75),3715.5818,2118.42,230291.76,232410.19,99.1,0.9,6167.87,132.41
2024-02-15,1259,BULL_100,NO,NONE,502.2,62.41,63.13,1.15,14.01,30.0,NO,447.03,ABOVE,55.17,NO,N/A,479.07,ABOVE,23.13,0,71,"NO (need 2d, have 0d)",67.81,75.0,60.0,NEUTRAL (60-75),3715.5818,2118.42,234564.68,236683.11,99.1,0.9,4272.92,136.68
2024-02-16,1260,BULL_100,NO,NONE,498.76,63.33,61.86,-2.32,14.24,30.0,NO,447.46,ABOVE,51.3,NO,N/A,479.91,ABOVE,18.85,0,72,"NO (need 2d, have 0d)",62.13,75.0,60.0,NEUTRAL (60-75),3715.5818,2118.42,229845.89,231964.32,99.1,0.9,-4718.79,131.96
2024-02-20,1261,BULL_100,NO,NONE,496.33,61.63,60.88,-1.22,15.42,30.0,NO,447.91,ABOVE,48.42,NO,N/A,480.74,ABOVE,15.59,0,73,"NO (need 2d, have 0d)",58.41,75.0,60.0,COOL (<60),3715.5818,2118.42,226204.62,228323.05,99.1,0.9,-3641.27,128.32
2024-02-21,1262,BULL_100,NO,NONE,499.68,60.5,62.12,2.68,15.34,30.0,NO,448.38,ABOVE,51.3,NO,N/A,481.58,ABOVE,18.1,0,74,"NO (need 2d, have 0d)",61.81,75.0,60.0,NEUTRAL (60-75),3715.5818,2118.42,230811.94,232930.37,99.1,0.9,4607.32,132.93
2024-02-22,1263,BULL_100,NO,NONE,507.75,63.28,64.97,2.67,14.54,30.0,NO,448.86,ABOVE,58.89,NO,N/A,482.53,ABOVE,25.22,0,75,"NO (need 2d, have 0d)",68.48,75.0,60.0,NEUTRAL (60-75),3715.5818,2118.42,241401.35,243519.78,99.1,0.9,10589.41,143.52
2024-02-23,1264,BULL_100,NO,NONE,507.16,64.86,64.82,-0.06,13.75,30.0,NO,449.33,ABOVE,57.83,NO,N/A,483.43,ABOVE,23.73,0,76,"NO (need 2d, have 0d)",67.55,75.0,60.0,NEUTRAL (60-75),3715.5818,2118.42,240844.01,242962.44,99.1,0.9,-557.34,142.96
2024-02-26,1265,BULL_100,NO,NONE,505.91,64.77,64.27,-0.77,13.74,30.0,NO,449.8,ABOVE,56.11,NO,N/A,484.25,ABOVE,21.66,0,77,"NO (need 2d, have 0d)",65.52,75.0,60.0,NEUTRAL (60-75),3715.5818,2118.42,238800.44,240918.87,99.1,0.9,-2043.57,140.92
2024-02-27,1266,BULL_100,NO,NONE,506.76,64.23,64.63,0.62,13.43,30.0,NO,450.27,ABOVE,56.49,NO,N/A,484.96,ABOVE,21.8,0,78,"NO (need 2d, have 0d)",66.27,75.0,60.0,NEUTRAL (60-75),3715.5818,2118.42,240138.05,242256.48,99.1,0.9,1337.61,142.26
2024-02-28,1267,BULL_100,NO,NONE,505.05,64.19,63.9,-0.45,13.84,30.0,NO,450.73,ABOVE,54.32,NO,N/A,485.63,ABOVE,19.42,0,79,"NO (need 2d, have 0d)",63.31,75.0,60.0,NEUTRAL (60-75),3715.5818,2118.42,237425.68,239544.1,99.1,0.9,-2712.38,139.54
2024-02-29,1268,BULL_100,NO,NONE,508.08,63.86,64.96,1.72,13.4,30.0,NO,451.22,ABOVE,56.86,NO,N/A,486.39,ABOVE,21.69,0,80,"NO (need 2d, have 0d)",66.19,75.0,60.0,NEUTRAL (60-75),3715.5818,2118.42,241364.2,243482.62,99.1,0.9,3938.52,143.48
2024-03-01,1269,BULL_100,NO,NONE,512.05,65.39,66.5,1.7,13.11,30.0,NO,451.72,ABOVE,60.33,NO,N/A,487.2,ABOVE,24.85,0,81,"NO (need 2d, have 0d)",69.55,75.0,60.0,NEUTRAL (60-75),3715.5818,2118.42,247086.19,249204.62,99.1,0.9,5722.0,149.2
2024-03-04,1270,BULL_100,NO,NONE,511.55,66.72,66.26,-0.69,13.49,30.0,NO,452.22,ABOVE,59.33,NO,N/A,487.94,ABOVE,23.61,0,82,"NO (need 2d, have 0d)",68.63,75.0,60.0,NEUTRAL (60-75),3715.5818,2118.42,246194.45,248312.88,99.1,0.9,-891.74,148.31
2024-03-05,1271,BULL_100,NO,NONE,507.35,65.93,64.61,-2.0,14.46,30.0,NO,452.68,ABOVE,54.67,NO,N/A,488.71,ABOVE,18.64,0,83,"NO (need 2d, have 0d)",61.25,75.0,60.0,NEUTRAL (60-75),3715.5818,2118.42,240063.74,242182.17,99.1,0.9,-6130.71,142.18
2024-03-06,1272,BULL_100,NO,NONE,509.65,65.04,65.4,0.55,14.5,30.0,NO,453.13,ABOVE,56.52,NO,N/A,489.45,ABOVE,20.2,0,84,"NO (need 2d, have 0d)",63.56,75.0,60.0,NEUTRAL (60-75),3715.5818,2118.42,242999.05,245117.48,99.1,0.9,2935.31,145.12
2024-03-07,1273,BULL_100,NO,NONE,514.69,65.02,67.34,3.57,14.44,30.0,NO,453.61,ABOVE,61.08,NO,N/A,490.28,ABOVE,24.41,0,85,"NO (need 2d, have 0d)",68.05,75.0,60.0,NEUTRAL (60-75),3715.5818,2118.42,250207.28,252325.71,99.2,0.8,7208.23,152.33
2024-03-08,1274,BULL_100,NO,NONE,511.72,67.64,66.14,-2.22,14.74,30.0,NO,454.07,ABOVE,57.65,NO,N/A,491.0,ABOVE,20.72,0,86,"NO (need 2d, have 0d)",63.11,75.0,60.0,NEUTRAL (60-75),3715.5818,2118.42,245748.58,247867.01,99.1,0.9,-4458.7,147.87
2024-03-11,1275,BULL_100,NO,NONE,512.64,65.97,66.44,0.71,15.22,30.0,NO,454.56,ABOVE,58.08,NO,N/A,491.72,ABOVE,20.92,0,87,"NO (need 2d, have 0d)",63.99,75.0,60.0,NEUTRAL (60-75),3715.5818,2118.42,246863.26,248981.68,99.1,0.9,1114.67,148.98
2024-03-12,1276,BULL_100,NO,NONE,517.04,66.74,68.12,2.07,13.84,30.0,NO,455.08,ABOVE,61.96,NO,N/A,492.52,ABOVE,24.52,0,88,"NO (need 2d, have 0d)",67.9,75.0,60.0,NEUTRAL (60-75),3715.5818,2118.42,253105.43,255223.86,99.2,0.8,6242.18,155.22
2024-03-13,1277,BULL_100,NO,NONE,516.57,68.23,67.9,-0.48,13.75,30.0,NO,455.6,ABOVE,60.97,NO,N/A,493.35,ABOVE,23.22,0,89,"NO (need 2d, have 0d)",67.06,75.0,60.0,NEUTRAL (60-75),3715.5818,2118.42,252288.01,254406.43,99.2,0.8,-817.43,154.41
2024-03-14,1278,BULL_100,NO,NONE,514.22,68.18,66.88,-1.91,14.4,30.0,NO,456.06,ABOVE,58.16,NO,N/A,494.18,ABOVE,20.04,0,90,"NO (need 2d, have 0d)",62.88,75.0,60.0,NEUTRAL (60-75),3715.5818,2118.42,248498.11,250616.54,99.2,0.8,-3789.89,150.62
2024-03-15,1279,BULL_100,NO,NONE,509.79,66.92,65.78,-1.7,14.41,30.0,NO,456.51,ABOVE,53.28,NO,N/A,494.99,ABOVE,14.8,0,91,"NO (need 2d, have 0d)",55.82,75.0,60.0,COOL (<60),3715.5818,2118.42,244410.97,246529.4,99.1,0.9,-4087.14,146.53
2024-03-18,1280,BULL_100,NO,NONE,512.42,66.3,66.75,0.68,14.33,30.0,NO,456.98,ABOVE,55.44,NO,N/A,495.88,ABOVE,16.54,0,92,"NO (need 2d, have 0d)",58.78,75.0,60.0,COOL (<60),3715.5818,2118.42,248015.09,250133.51,99.2,0.8,3604.11,150.13
2024-03-19,1281,BULL_100,NO,NONE,515.45,66.72,67.94,1.83,13.82,30.0,NO,457.45,ABOVE,58.0,NO,N/A,496.83,ABOVE,18.62,0,93,"NO (need 2d, have 0d)",61.94,75.0,60.0,NEUTRAL (60-75),3715.5818,2118.42,252436.63,254555.05,99.2,0.8,4421.54,154.56
2024-03-20,1282,BULL_100,NO,NONE,521.87,67.8,70.33,3.73,13.04,30.0,NO,457.92,ABOVE,63.95,NO,N/A,497.78,ABOVE,24.09,0,94,"NO (need 2d, have 0d)",67.61,75.0,60.0,NEUTRAL (60-75),3715.5818,2118.42,261316.87,263435.3,99.2,0.8,8880.25,163.44
2024-03-21,1283,BULL_100,NO,NONE,522.84,70.87,70.67,-0.28,12.92,30.0,NO,458.4,ABOVE,64.44,NO,N/A,498.76,ABOVE,24.08,0,95,"NO (need 2d, have 0d)",68.38,75.0,60.0,NEUTRAL (60-75),3715.5818,2118.42,262580.17,264698.59,99.2,0.8,1263.29,164.7
2024-03-22,1284,BULL_100,NO,NONE,520.75,70.41,69.87,-0.77,13.06,30.0,NO,458.86,ABOVE,61.89,NO,N/A,499.64,ABOVE,21.11,0,96,"NO (need 2d, have 0d)",64.82,75.0,60.0,NEUTRAL (60-75),3715.5818,2118.42,259607.7,261726.13,99.2,0.8,-2972.46,161.73
2024-03-25,1285,BULL_100,NO,NONE,520.45,69.78,69.65,-0.19,13.19,30.0,NO,459.33,ABOVE,61.12,NO,N/A,500.53,ABOVE,19.92,0,97,"NO (need 2d, have 0d)",64.3,75.0,60.0,NEUTRAL (60-75),3715.5818,2118.42,258790.27,260908.7,99.2,0.8,-817.43,160.91
2024-03-26,1286,BULL_100,NO,NONE,519.7,69.81,69.28,-0.76,13.24,30.0,NO,459.78,ABOVE,59.92,NO,N/A,501.41,ABOVE,18.29,0,98,"NO (need 2d, have 0d)",62.95,75.0,60.0,NEUTRAL (60-75),3715.5818,2118.42,257415.51,259533.93,99.2,0.8,-1374.77,159.53
2024-03-27,1287,BULL_100,NO,NONE,522.41,69.46,70.27,1.17,12.78,30.0,NO,460.25,ABOVE,62.16,NO,N/A,502.35,ABOVE,20.06,0,99,"NO (need 2d, have 0d)",65.75,75.0,60.0,NEUTRAL (60-75),3715.5818,2118.42,261093.94,263212.36,99.2,0.8,3678.43,163.21
2024-03-28,1288,BULL_100,NO,NONE,523.0,70.42,70.65,0.33,13.01,30.0,NO,460.69,ABOVE,62.31,NO,N/A,503.37,ABOVE,19.63,0,100,"NO (need 2d, have 0d)",66.35,75.0,60.0,NEUTRAL (60-75),3715.5818,2118.42,262505.86,264624.28,99.2,0.8,1411.92,164.62
2024-04-01,1289,BULL_100,NO,NONE,521.66,71.5,69.92,-2.21,13.65,30.0,NO,461.12,ABOVE,60.54,NO,N/A,504.27,ABOVE,17.39,0,101,"NO (need 2d, have 0d)",63.64,75.0,60.0,NEUTRAL (60-75),3715.5818,2118.42,259793.48,261911.91,99.2,0.8,-2712.37,161.91
2024-04-02,1290,BULL_100,NO,NONE,518.75,70.02,68.73,-1.84,14.61,30.0,NO,461.52,ABOVE,57.23,NO,N/A,504.99,ABOVE,13.76,0,102,"NO (need 2d, have 0d)",58.08,75.0,60.0,COOL (<60),3715.5818,2118.42,255371.94,257490.36,99.2,0.8,-4421.55,157.49
2024-04-03,1291,BULL_100,NO,NONE,520.7,68.33,69.45,1.64,14.33,30.0,NO,461.92,ABOVE,58.78,NO,N/A,505.73,ABOVE,14.97,0,103,"NO (need 2d, have 0d)",60.57,75.0,60.0,NEUTRAL (60-75),3715.5818,2118.42,258047.16,260165.58,99.2,0.8,2675.22,160.17
2024-04-04,1292,BULL_100,NO,NONE,513.38,69.61,66.51,-4.45,16.35,30.0,NO,462.29,ABOVE,51.09,NO,N/A,506.28,ABOVE,7.1,0,104,"NO (need 2d, have 0d)",48.86,75.0,60.0,COOL (<60),3715.5818,2118.42,247123.35,249241.77,99.2,0.8,-10923.81,149.24
2024-04-05,1293,BULL_100,NO,NONE,518.68,66.9,68.66,2.63,16.03,30.0,NO,462.69,ABOVE,55.99,NO,N/A,506.95,ABOVE,11.73,0,105,"NO (need 2d, have 0d)",55.56,75.0,60.0,COOL (<60),3715.5818,2118.42,255111.85,257230.27,99.2,0.8,7988.5,157.23
2024-04-08,1294,BULL_100,NO,NONE,518.8,68.59,68.54,-0.07,15.19,30.0,NO,463.11,ABOVE,55.69,NO,N/A,507.58,ABOVE,11.22,0,106,"NO (need 2d, have 0d)",55.7,75.0,60.0,COOL (<60),3715.5818,2118.42,254665.98,256784.4,99.2,0.8,-445.87,156.78
2024-04-09,1295,BULL_100,NO,NONE,519.54,68.34,68.81,0.69,14.98,30.0,NO,463.53,ABOVE,56.01,NO,N/A,508.24,ABOVE,11.3,0,107,"NO (need 2d, have 0d)",56.62,75.0,60.0,COOL (<60),3715.5818,2118.42,255669.19,257787.61,99.2,0.8,1003.21,157.79
2024-04-10,1296,BULL_100,NO,NONE,513.15,68.97,66.3,-3.87,15.8,30.0,NO,463.93,ABOVE,49.22,NO,N/A,508.68,ABOVE,4.47,0,108,"NO (need 2d, have 0d)",47.48,75.0,60.0,COOL (<60),3715.5818,2118.42,246343.08,248461.5,99.1,0.9,-9326.11,148.46
2024-04-11,1297,BULL_100,NO,NONE,518.25,66.67,68.17,2.25,14.91,30.0,NO,464.36,ABOVE,53.89,NO,N/A,509.26,ABOVE,8.99,0,109,"NO (need 2d, have 0d)",53.88,75.0,60.0,COOL (<60),3715.5818,2118.42,253291.21,255409.64,99.2,0.8,6948.14,155.41
2024-04-12,1298,BULL_100,NO,NONE,510.01,68.24,64.96,-4.81,17.31,30.0,NO,464.73,ABOVE,45.28,NO,N/A,509.79,ABOVE,0.22,0,110,"NO (need 2d, have 0d)",44.45,75.0,60.0,COOL (<60),3715.5818,2118.42,241364.2,243482.62,99.1,0.9,-11927.02,143.48
2024-04-15,1299,BULL_100,NO,NONE,504.79,66.32,62.74,-5.4,19.23,30.0,NO,465.07,ABOVE,39.72,NO,N/A,510.05,BELOW,-5.26,1,0,"NO (need 2d, have 1d)",39.71,75.0,60.0,COOL (<60),3715.5818,2118.42,233115.6,235234.03,99.1,0.9,-8248.59,135.23
2024-04-16,1300,BULL_100,NO,DEFENSIVE: SPY below 50-SMA for 2d,504.91,62.75,62.86,0.18,18.4,30.0,NO,465.4,ABOVE,39.51,NO,N/A,510.27,BELOW,-5.36,2,0,YES,39.87,75.0,60.0,COOL (<60),3715.5818,2118.42,233561.47,235679.9,99.1,0.9,445.87,135.68
2024-04-17,1301,DEFENSIVE,YES,NONE,501.06,62.61,61.4,-1.93,18.21,30.0,NO,465.69,ABOVE,35.37,NO,N/A,510.44,BELOW,-9.38,3,0,YES,36.55,75.0,60.0,COOL (<60),1874.7085,117316.87,115107.1,232423.98,49.5,50.5,-3255.92,132.42
2024-04-18,1302,DEFENSIVE,NO,NONE,498.68,61.99,60.55,-2.32,18.0,30.0,NO,465.97,ABOVE,32.71,NO,N/A,510.54,BELOW,-11.86,4,0,YES,34.62,75.0,60.0,COOL (<60),1874.7085,117316.87,113513.6,230830.48,49.2,50.8,-1593.5,130.83
2024-04-19,1303,DEFENSIVE,NO,NONE,494.75,60.03,59.14,-1.48,18.71,30.0,NO,466.23,ABOVE,28.52,NO,N/A,510.48,BELOW,-15.73,5,0,YES,31.66,75.0,60.0,COOL (<60),1874.7085,117316.87,110870.26,228187.14,48.6,51.4,-2643.34,128.19
2024-04-22,1304,DEFENSIVE,NO,NONE,499.35,59.71,60.68,1.62,16.94,30.0,NO,466.53,ABOVE,32.82,NO,N/A,510.5,BELOW,-11.15,6,0,YES,38.31,75.0,60.0,COOL (<60),1874.7085,117316.87,113757.31,231074.19,49.2,50.8,2887.05,131.07
2024-04-23,1305,DEFENSIVE,NO,NONE,506.52,60.97,63.26,3.76,15.69,30.0,NO,466.87,ABOVE,39.65,NO,N/A,510.61,BELOW,-4.09,7,0,YES,46.97,75.0,60.0,COOL (<60),1874.7085,117316.87,118594.06,235910.94,50.3,49.7,4836.75,135.91
2024-04-24,1306,DEFENSIVE,NO,NONE,502.46,63.34,61.73,-2.54,15.97,30.0,NO,467.18,ABOVE,35.28,NO,N/A,510.65,BELOW,-8.19,8,0,YES,43.27,75.0,60.0,COOL (<60),1874.7085,117316.87,115725.76,233042.63,49.7,50.3,-2868.31,133.04
2024-04-25,1307,DEFENSIVE,NO,NONE,507.11,61.7,63.4,2.76,15.37,30.0,NO,467.5,ABOVE,39.61,NO,N/A,510.91,BELOW,-3.8,9,0,YES,48.3,75.0,60.0,COOL (<60),1874.7085,117316.87,118856.52,236173.39,50.3,49.7,3130.76,136.17
2024-04-26,1308,DEFENSIVE,NO,NONE,508.57,63.47,63.84,0.58,15.03,30.0,NO,467.82,ABOVE,40.75,NO,N/A,511.1,BELOW,-2.53,10,0,YES,49.8,75.0,60.0,COOL (<60),1874.7085,117316.87,119681.39,236998.27,50.5,49.5,824.88,137.0
2024-04-29,1309,DEFENSIVE,NO,NONE,509.83,64.33,64.38,0.08,14.67,30.0,NO,468.12,ABOVE,41.71,NO,N/A,511.25,BELOW,-1.42,11,0,YES,51.13,75.0,60.0,COOL (<60),1874.7085,117316.87,120693.74,238010.61,50.7,49.3,1012.34,138.01
2024-04-30,1310,DEFENSIVE,NO,NONE,501.26,64.21,61.05,-4.92,15.65,30.0,NO,468.38,ABOVE,32.88,NO,N/A,511.3,BELOW,-10.04,12,0,YES,42.86,75.0,60.0,COOL (<60),1874.7085,117316.87,114450.96,231767.83,49.4,50.6,-6242.78,131.77
2024-05-01,1311,DEFENSIVE,NO,NONE,502.29,60.93,61.38,0.74,15.39,30.0,NO,468.64,ABOVE,33.65,NO,N/A,511.42,BELOW,-9.13,13,0,YES,44.03,75.0,60.0,COOL (<60),1874.7085,117316.87,115069.61,232386.48,49.5,50.5,618.65,132.39
2024-05-02,1312,DEFENSIVE,NO,NONE,506.48,61.88,62.95,1.73,14.68,30.0,NO,468.9,ABOVE,37.58,NO,N/A,511.56,BELOW,-5.08,14,0,YES,48.64,75.0,60.0,COOL (<60),1874.7085,117316.87,118012.9,235329.78,50.1,49.9,2943.3,135.33
2024-05-03,1313,DEFENSIVE,NO,NONE,512.45,62.86,64.95,3.32,13.49,30.0,NO,469.19,ABOVE,43.26,NO,N/A,511.65,ABOVE,0.8,0,1,"NO (need 2d, have 0d)",54.41,75.0,60.0,COOL (<60),1874.7085,117316.87,121762.32,239079.19,50.9,49.1,3749.41,139.08
2024-05-06,1314,DEFENSIVE,NO,DEF EXIT: SPY above 50-SMA for 2d,516.45,64.88,66.64,2.71,13.49,30.0,NO,469.51,ABOVE,46.94,NO,N/A,511.84,ABOVE,4.61,0,2,"NO (need 2d, have 0d)",57.82,75.0,60.0,COOL (<60),1874.7085,117316.87,124930.58,242247.45,51.6,48.4,3168.26,142.25
2024-05-07,1315,BULL_100,YES,NONE,517.31,66.57,66.94,0.56,13.23,30.0,NO,469.84,ABOVE,47.47,NO,N/A,512.06,ABOVE,5.25,0,3,"NO (need 2d, have 0d)",58.54,75.0,60.0,COOL (<60),3600.6468,2362.71,241027.3,243390.01,99.0,1.0,1142.56,143.39
2024-05-08,1316,BULL_100,NO,NONE,517.0,66.96,66.86,-0.15,13.0,30.0,NO,470.15,ABOVE,46.85,NO,N/A,512.27,ABOVE,4.73,0,4,"NO (need 2d, have 0d)",58.16,75.0,60.0,COOL (<60),3600.6468,2362.71,240739.25,243101.96,99.0,1.0,-288.05,143.1
2024-05-09,1317,BULL_100,NO,NONE,520.56,66.49,68.12,2.45,12.69,30.0,NO,470.48,ABOVE,50.08,NO,N/A,512.58,ABOVE,7.98,0,5,"NO (need 2d, have 0d)",61.31,75.0,60.0,NEUTRAL (60-75),3600.6468,2362.71,245276.06,247638.78,99.0,1.0,4536.82,147.64
2024-05-10,1318,BULL_100,NO,NONE,519.95,68.34,67.87,-0.69,12.55,30.0,NO,470.8,ABOVE,49.15,NO,N/A,512.82,ABOVE,7.13,0,6,"NO (need 2d, have 0d)",60.47,75.0,60.0,NEUTRAL (60-75),3600.6468,2362.71,244375.9,246738.61,99.0,1.0,-900.17,146.74
2024-05-13,1319,BULL_100,NO,NONE,520.8,68.49,68.16,-0.48,13.6,30.0,NO,471.14,ABOVE,49.66,NO,N/A,512.99,ABOVE,7.81,0,7,"NO (need 2d, have 0d)",61.26,75.0,60.0,NEUTRAL (60-75),3600.6468,2362.71,245420.09,247782.8,99.0,1.0,1044.19,147.78
2024-05-14,1320,BULL_100,NO,NONE,523.6,68.27,69.24,1.42,13.42,30.0,NO,471.47,ABOVE,52.13,NO,N/A,513.23,ABOVE,10.37,0,8,"NO (need 2d, have 0d)",63.84,75.0,60.0,NEUTRAL (60-75),3600.6468,2362.71,249308.79,251671.5,99.1,0.9,3888.7,151.67
2024-05-15,1321,BULL_100,NO,NONE,530.17,69.19,71.83,3.82,12.45,30.0,NO,471.84,ABOVE,58.33,NO,N/A,513.69,ABOVE,16.48,0,9,"NO (need 2d, have 0d)",69.06,75.0,60.0,NEUTRAL (60-75),3600.6468,2362.71,258634.46,260997.18,99.1,0.9,9325.68,161.0
2024-05-16,1322,BULL_100,NO,NONE,528.72,71.78,71.14,-0.89,12.42,30.0,NO,472.21,ABOVE,56.51,NO,N/A,514.07,ABOVE,14.65,0,10,"NO (need 2d, have 0d)",66.77,75.0,60.0,NEUTRAL (60-75),3600.6468,2362.71,256150.01,258512.73,99.1,0.9,-2484.45,158.51
2024-05-17,1323,BULL_100,NO,NONE,529.6,71.16,71.4,0.34,11.99,30.0,NO,472.6,ABOVE,57.0,NO,N/A,514.37,ABOVE,15.23,0,11,"NO (need 2d, have 0d)",67.47,75.0,60.0,NEUTRAL (60-75),3600.6468,2362.71,257086.18,259448.9,99.1,0.9,936.17,159.45
2024-05-20,1324,BULL_100,NO,NONE,529.95,71.63,71.58,-0.07,12.15,30.0,NO,473.0,ABOVE,56.95,NO,N/A,514.73,ABOVE,15.22,0,12,"NO (need 2d, have 0d)",67.77,75.0,60.0,NEUTRAL (60-75),3600.6468,2362.71,257734.3,260097.01,99.1,0.9,648.11,160.1
2024-05-21,1325,BULL_100,NO,NONE,531.43,71.69,72.19,0.7,11.86,30.0,NO,473.42,ABOVE,58.01,NO,N/A,515.11,ABOVE,16.32,0,13,"NO (need 2d, have 0d)",69.03,75.0,60.0,NEUTRAL (60-75),3600.6468,2362.71,259930.69,262293.41,99.1,0.9,2196.4,162.29
2024-05-22,1326,BULL_100,NO,NONE,530.96,72.04,71.99,-0.07,12.29,30.0,NO,473.82,ABOVE,57.14,NO,N/A,515.39,ABOVE,15.57,0,14,"NO (need 2d, have 0d)",68.12,75.0,60.0,NEUTRAL (60-75),3600.6468,2362.71,259210.56,261573.28,99.1,0.9,-720.13,161.57
2024-05-23,1327,BULL_100,NO,NONE,526.1,72.57,69.85,-3.75,12.77,30.0,NO,474.21,ABOVE,51.89,NO,N/A,515.58,ABOVE,10.52,0,15,"NO (need 2d, have 0d)",59.34,75.0,60.0,COOL (<60),3600.6468,2362.71,251505.18,253867.89,99.1,0.9,-7705.39,153.87
2024-05-24,1328,BULL_100,NO,NONE,529.38,70.1,71.22,1.6,11.93,30.0,NO,474.62,ABOVE,54.76,NO,N/A,515.88,ABOVE,13.5,0,16,"NO (need 2d, have 0d)",62.82,75.0,60.0,NEUTRAL (60-75),3600.6468,2362.71,256438.07,258800.78,99.1,0.9,4932.89,158.8
2024-05-28,1329,BULL_100,NO,NONE,529.27,71.61,71.07,-0.75,12.92,30.0,NO,475.04,ABOVE,54.23,NO,N/A,516.27,ABOVE,13.0,0,17,"NO (need 2d, have 0d)",62.63,75.0,60.0,NEUTRAL (60-75),3600.6468,2362.71,255897.97,258260.68,99.1,0.9,-540.1,158.26
2024-05-29,1330,BULL_100,NO,NONE,524.13,70.41,68.99,-2.02,14.28,30.0,NO,475.43,ABOVE,48.7,NO,N/A,516.51,ABOVE,7.62,0,18,"NO (need 2d, have 0d)",54.22,75.0,60.0,COOL (<60),3600.6468,2362.71,248408.62,250771.34,99.1,0.9,-7489.34,150.77
2024-05-30,1331,BULL_100,NO,NONE,521.83,68.74,68.06,-0.99,14.47,30.0,NO,475.8,ABOVE,46.03,NO,N/A,516.63,ABOVE,5.2,0,19,"NO (need 2d, have 0d)",50.92,75.0,60.0,COOL (<60),3600.6468,2362.71,245060.02,247422.74,99.0,1.0,-3348.6,147.42
2024-05-31,1332,BULL_100,NO,NONE,528.26,68.2,70.29,3.06,12.92,30.0,NO,476.22,ABOVE,52.04,NO,N/A,516.76,ABOVE,11.5,0,20,"NO (need 2d, have 0d)",58.51,75.0,60.0,COOL (<60),3600.6468,2362.71,253089.46,255452.18,99.1,0.9,8029.44,155.45
2024-06-03,1333,BULL_100,NO,NONE,527.53,70.24,70.22,-0.03,13.11,30.0,NO,476.66,ABOVE,50.87,NO,N/A,516.85,ABOVE,10.68,0,21,"NO (need 2d, have 0d)",57.43,75.0,60.0,COOL (<60),3600.6468,2362.71,252837.42,255200.13,99.1,0.9,-252.05,155.2
2024-06-04,1334,BULL_100,NO,NONE,529.04,69.89,70.79,1.29,13.16,30.0,NO,477.13,ABOVE,51.91,NO,N/A,517.02,ABOVE,12.02,0,22,"NO (need 2d, have 0d)",59.12,75.0,60.0,COOL (<60),3600.6468,2362.71,254889.79,257252.5,99.1,0.9,2052.37,157.25
2024-06-05,1335,BULL_100,NO,NONE,534.99,70.79,73.16,3.35,12.63,30.0,NO,477.62,ABOVE,57.37,NO,N/A,517.31,ABOVE,17.68,0,23,"NO (need 2d, have 0d)",65.01,75.0,60.0,NEUTRAL (60-75),3600.6468,2362.71,263423.32,265786.04,99.1,0.9,8533.54,165.79
2024-06-06,1336,BULL_100,NO,NONE,534.5,73.09,72.95,-0.19,12.58,30.0,NO,478.1,ABOVE,56.4,NO,N/A,517.61,ABOVE,16.89,0,24,"NO (need 2d, have 0d)",64.19,75.0,60.0,NEUTRAL (60-75),3600.6468,2362.71,262667.19,265029.9,99.1,0.9,-756.14,165.03
2024-06-07,1337,BULL_100,NO,NONE,533.31,73.07,72.43,-0.88,12.22,30.0,NO,478.57,ABOVE,54.74,NO,N/A,517.83,ABOVE,15.48,0,25,"NO (need 2d, have 0d)",62.14,75.0,60.0,NEUTRAL (60-75),3600.6468,2362.71,260794.85,263157.56,99.1,0.9,-1872.34,163.16
2024-06-10,1338,BULL_100,NO,NONE,535.15,72.35,73.1,1.04,12.74,30.0,NO,479.03,ABOVE,56.12,NO,N/A,518.07,ABOVE,17.08,0,26,"NO (need 2d, have 0d)",64.05,75.0,60.0,NEUTRAL (60-75),3600.6468,2362.71,263207.28,265570.0,99.1,0.9,2412.44,165.57
2024-06-11,1339,BULL_100,NO,NONE,537.07,73.14,73.86,0.98,12.85,30.0,NO,479.52,ABOVE,57.55,NO,N/A,518.38,ABOVE,18.69,0,27,"NO (need 2d, have 0d)",65.99,75.0,60.0,NEUTRAL (60-75),3600.6468,2362.71,265943.77,268306.49,99.1,0.9,2736.49,168.31
2024-06-12,1340,BULL_100,NO,NONE,542.22,73.98,75.99,2.72,12.04,30.0,NO,480.04,ABOVE,62.18,NO,N/A,518.85,ABOVE,23.37,0,28,"NO (need 2d, have 0d)",70.56,75.0,60.0,NEUTRAL (60-75),3600.6468,2362.71,273613.15,275975.87,99.1,0.9,7669.38,175.98
2024-06-13,1341,BULL_100,NO,NONE,542.49,76.1,76.07,-0.04,11.94,30.0,NO,480.54,ABOVE,61.95,NO,N/A,519.28,ABOVE,23.21,0,29,"NO (need 2d, have 0d)",70.78,75.0,60.0,NEUTRAL (60-75),3600.6468,2362.71,273901.2,276263.92,99.1,0.9,288.05,176.26
2024-06-14,1342,BULL_100,NO,NONE,542.78,75.92,75.9,-0.03,12.66,30.0,NO,481.0,ABOVE,61.78,NO,N/A,519.87,ABOVE,22.91,0,30,"NO (need 2d, have 0d)",71.03,75.0,60.0,NEUTRAL (60-75),3600.6468,2362.71,273289.09,275651.81,99.1,0.9,-612.11,175.65
2024-06-17,1343,BULL_100,NO,NONE,547.51,76.31,78.11,2.36,12.75,30.0,NO,481.48,ABOVE,66.03,NO,N/A,520.45,ABOVE,27.06,0,31,"NO (need 2d, have 0d)",74.85,75.0,60.0,NEUTRAL (60-75),3600.6468,2362.71,281246.52,283609.24,99.2,0.8,7957.43,183.61
2024-06-18,1344,BULL_100,NO,RSI TRIM: RSI=75.8>75.0,548.8,77.79,78.58,1.02,12.3,30.0,NO,481.98,ABOVE,66.82,NO,N/A,521.05,ABOVE,27.75,0,32,"NO (need 2d, have 0d)",75.78,75.0,60.0,HOT (>75),3600.6468,2362.71,282938.83,285301.54,99.2,0.8,1692.3,185.3
2024-06-20,1345,BULL_TRIMMED,YES,NONE,547.17,79.23,77.79,-1.82,13.28,30.0,NO,482.46,ABOVE,64.71,NO,N/A,521.6,ABOVE,25.57,0,33,"NO (need 2d, have 0d)",72.13,75.0,60.0,NEUTRAL (60-75),2722.8508,71874.72,211810.57,283685.28,74.7,25.3,-1616.26,183.69
2024-06-21,1346,BULL_TRIMMED,NO,NONE,544.38,77.57,77.34,-0.3,13.2,30.0,NO,482.93,ABOVE,61.45,NO,N/A,522.22,ABOVE,22.16,0,34,"NO (need 2d, have 0d)",66.24,75.0,60.0,NEUTRAL (60-75),2722.8508,71874.72,210585.28,282460.0,74.6,25.4,-1225.28,182.46
2024-06-24,1347,BULL_TRIMMED,NO,NONE,543.05,77.8,76.73,-1.38,13.33,30.0,NO,483.42,ABOVE,59.63,NO,N/A,522.72,ABOVE,20.33,0,35,"NO (need 2d, have 0d)",63.57,75.0,60.0,NEUTRAL (60-75),2722.8508,71874.72,208924.34,280799.06,74.4,25.6,-1660.94,180.8
2024-06-25,1348,BULL_TRIMMED,NO,NONE,544.69,76.55,77.43,1.15,12.84,30.0,NO,483.92,ABOVE,60.77,NO,N/A,523.41,ABOVE,21.28,0,36,"NO (need 2d, have 0d)",65.42,75.0,60.0,NEUTRAL (60-75),2722.8508,71874.72,210830.34,282705.06,74.6,25.4,1906.0,182.71
2024-06-26,1349,BULL_TRIMMED,NO,NONE,543.99,77.88,76.83,-1.35,12.55,30.0,NO,484.41,ABOVE,59.58,NO,N/A,524.2,ABOVE,19.79,0,37,"NO (need 2d, have 0d)",63.93,75.0,60.0,NEUTRAL (60-75),2722.8508,71874.72,209196.63,281071.35,74.4,25.6,-1633.71,181.07
2024-06-27,1350,BULL_TRIMMED,NO,NONE,547.08,77.16,78.1,1.22,12.24,30.0,NO,484.91,ABOVE,62.17,NO,N/A,525.04,ABOVE,22.04,0,38,"NO (need 2d, have 0d)",67.46,75.0,60.0,NEUTRAL (60-75),2722.8508,71874.72,212654.65,284529.37,74.7,25.3,3458.02,184.53
2024-06-28,1351,BULL_TRIMMED,NO,NONE,545.07,78.29,77.23,-1.35,12.44,30.0,NO,485.4,ABOVE,59.67,NO,N/A,525.92,ABOVE,19.15,0,39,"NO (need 2d, have 0d)",63.13,75.0,60.0,NEUTRAL (60-75),2722.8508,71874.72,210285.77,282160.49,74.5,25.5,-2368.88,182.16
2024-07-01,1352,BULL_TRIMMED,NO,NONE,544.84,77.15,77.08,-0.09,12.22,30.0,NO,485.89,ABOVE,58.95,NO,N/A,526.84,ABOVE,18.0,0,40,"NO (need 2d, have 0d)",62.64,75.0,60.0,NEUTRAL (60-75),2722.8508,71874.72,209877.34,281752.06,74.5,25.5,-408.43,181.75
2024-07-02,1353,BULL_TRIMMED,NO,NONE,548.23,76.53,78.49,2.56,12.03,30.0,NO,486.38,ABOVE,61.85,NO,N/A,527.91,ABOVE,20.32,0,41,"NO (need 2d, have 0d)",66.77,75.0,60.0,NEUTRAL (60-75),2722.8508,71874.72,213716.56,285591.28,74.8,25.2,3839.22,185.59
2024-07-03,1354,BULL_TRIMMED,NO,NONE,551.14,78.69,79.69,1.27,12.09,30.0,NO,486.92,ABOVE,64.22,NO,N/A,528.95,ABOVE,22.19,0,42,"NO (need 2d, have 0d)",69.85,75.0,60.0,NEUTRAL (60-75),2722.8508,71874.72,216983.98,288858.7,75.1,24.9,3267.42,188.86
2024-07-05,1355,BULL_TRIMMED,NO,NONE,554.11,79.99,80.9,1.14,12.48,30.0,NO,487.47,ABOVE,66.64,NO,N/A,529.9,ABOVE,24.21,0,43,"NO (need 2d, have 0d)",72.64,75.0,60.0,NEUTRAL (60-75),2722.8508,71874.72,220278.63,292153.35,75.4,24.6,3294.65,192.15
2024-07-08,1356,BULL_TRIMMED,NO,NONE,556.4,80.99,81.86,1.07,12.37,30.0,NO,488.04,ABOVE,68.36,NO,N/A,530.98,ABOVE,25.42,0,44,"NO (need 2d, have 0d)",74.59,75.0,60.0,NEUTRAL (60-75),2722.8508,71874.72,222892.57,294767.29,75.6,24.4,2613.94,194.77
2024-07-09,1357,BULL_TRIMMED,NO,NONE,556.03,81.88,81.66,-0.27,12.51,30.0,NO,488.63,ABOVE,67.4,NO,N/A,531.96,ABOVE,24.07,0,45,"NO (need 2d, have 0d)",73.68,75.0,60.0,NEUTRAL (60-75),2722.8508,71874.72,222348.0,294222.72,75.6,24.4,-544.57,194.22
2024-07-10,1358,BULL_TRIMMED,NO,NONE,561.06,81.74,83.86,2.59,12.85,30.0,NO,489.28,ABOVE,71.78,NO,N/A,533.01,ABOVE,28.05,0,46,"NO (need 2d, have 0d)",77.68,75.0,60.0,HOT (>75),2722.8508,71874.72,228338.27,300212.99,76.1,23.9,5990.27,200.21
2024-07-11,1359,BULL_TRIMMED,NO,NONE,556.52,83.92,81.8,-2.53,12.92,30.0,NO,489.91,ABOVE,66.61,NO,N/A,533.94,ABOVE,22.58,0,47,"NO (need 2d, have 0d)",67.67,75.0,60.0,NEUTRAL (60-75),2722.8508,71874.72,222729.2,294603.91,75.6,24.4,-5609.08,194.6
2024-07-12,1360,BULL_TRIMMED,NO,NONE,559.77,81.95,83.1,1.4,12.46,30.0,NO,490.54,ABOVE,69.23,NO,N/A,535.11,ABOVE,24.66,0,48,"NO (need 2d, have 0d)",70.59,75.0,60.0,NEUTRAL (60-75),2722.8508,71874.72,226268.9,298143.62,75.9,24.1,3539.71,198.14
2024-07-15,1361,BULL_TRIMMED,NO,NONE,562.22,83.9,84.23,0.39,13.12,30.0,NO,491.22,ABOVE,71.0,NO,N/A,536.31,ABOVE,25.91,0,49,"NO (need 2d, have 0d)",72.6,75.0,60.0,NEUTRAL (60-75),2722.8508,71874.72,229345.73,301220.44,76.1,23.9,3076.82,201.22
2024-07-16,1362,BULL_TRIMMED,NO,NONE,564.4,83.77,85.13,1.62,13.19,30.0,NO,491.91,ABOVE,72.49,NO,N/A,537.47,ABOVE,26.93,0,50,"NO (need 2d, have 0d)",74.29,75.0,60.0,NEUTRAL (60-75),2722.8508,71874.72,231796.29,303671.01,76.3,23.7,2450.57,203.67
2024-07-17,1363,BULL_TRIMMED,NO,NONE,558.08,83.66,82.22,-1.72,14.48,30.0,NO,492.56,ABOVE,65.52,NO,N/A,538.38,ABOVE,19.7,0,51,"NO (need 2d, have 0d)",62.33,75.0,60.0,NEUTRAL (60-75),2722.8508,71874.72,223872.8,295747.51,75.7,24.3,-7923.5,195.75
2024-07-18,1364,BULL_TRIMMED,NO,RSI RECOVERY: RSI=55.5<60.0,553.6,82.29,80.22,-2.52,15.93,30.0,NO,493.19,ABOVE,60.41,NO,N/A,539.12,ABOVE,14.48,0,52,"NO (need 2d, have 0d)",55.51,75.0,60.0,COOL (<60),2722.8508,71874.72,218427.09,290301.81,75.2,24.8,-5445.7,190.3
2024-07-19,1365,BULL_100,YES,NONE,548.94,79.19,78.02,-1.48,16.52,30.0,NO,493.8,ABOVE,55.14,NO,N/A,539.76,ABOVE,9.18,0,53,"NO (need 2d, have 0d)",49.44,75.0,60.0,COOL (<60),3594.1697,2839.47,280417.12,283256.6,99.0,1.0,-7045.21,183.26
2024-07-22,1366,BULL_100,NO,NONE,554.28,78.86,80.36,1.9,14.91,30.0,NO,494.46,ABOVE,59.82,NO,N/A,540.5,ABOVE,13.78,0,54,"NO (need 2d, have 0d)",55.45,75.0,60.0,COOL (<60),3594.1697,2839.47,288827.48,291666.95,99.0,1.0,8410.35,191.67
2024-07-23,1367,BULL_100,NO,NONE,551.33,79.82,79.12,-0.88,14.72,30.0,NO,495.1,ABOVE,56.23,NO,N/A,541.12,ABOVE,10.21,0,55,"NO (need 2d, have 0d)",51.79,75.0,60.0,COOL (<60),3594.1697,2839.47,284370.71,287210.18,99.0,1.0,-4456.77,187.21
2024-07-24,1368,BULL_100,NO,NONE,542.5,78.47,75.2,-4.17,18.04,30.0,NO,495.69,ABOVE,46.81,NO,N/A,541.57,ABOVE,0.93,0,56,"NO (need 2d, have 0d)",42.7,75.0,60.0,COOL (<60),3594.1697,2839.47,270281.56,273121.04,99.0,1.0,-14089.14,173.12
2024-07-25,1369,BULL_100,NO,NONE,539.29,74.4,73.78,-0.83,18.46,30.0,NO,496.23,ABOVE,43.06,NO,N/A,541.94,BELOW,-2.65,1,0,"NO (need 2d, have 1d)",39.96,75.0,60.0,COOL (<60),3594.1697,2839.47,265177.84,268017.32,98.9,1.1,-5103.72,168.02
2024-07-26,1370,BULL_100,NO,NONE,544.27,74.78,75.83,1.4,16.39,30.0,NO,496.79,ABOVE,47.48,NO,N/A,542.35,ABOVE,1.92,0,1,"NO (need 2d, have 0d)",45.78,75.0,60.0,COOL (<60),3594.1697,2839.47,272545.89,275385.36,99.0,1.0,7368.04,175.39
2024-07-29,1371,BULL_100,NO,NONE,543.41,76.11,75.39,-0.95,16.6,30.0,NO,497.34,ABOVE,46.07,NO,N/A,542.62,ABOVE,0.79,0,2,"NO (need 2d, have 0d)",44.97,75.0,60.0,COOL (<60),3594.1697,2839.47,270964.46,273803.93,99.0,1.0,-1581.43,173.8
2024-07-30,1372,BULL_100,NO,NONE,542.73,76.35,74.91,-1.89,17.69,30.0,NO,497.86,ABOVE,44.87,NO,N/A,542.9,BELOW,-0.17,1,0,"NO (need 2d, have 1d)",44.3,75.0,60.0,COOL (<60),3594.1697,2839.47,269239.25,272078.73,99.0,1.0,-1725.2,172.08
2024-07-31,1373,BULL_100,NO,NONE,553.46,76.74,79.48,3.57,16.36,30.0,NO,498.46,ABOVE,55.0,NO,N/A,543.37,ABOVE,10.09,0,1,"NO (need 2d, have 0d)",55.53,75.0,60.0,COOL (<60),3594.1697,2839.47,285664.61,288504.08,99.0,1.0,16425.35,188.5
2024-08-01,1374,BULL_100,NO,NONE,541.12,78.95,74.31,-5.88,18.59,30.0,NO,499.02,ABOVE,42.1,NO,N/A,543.6,BELOW,-2.48,1,0,"NO (need 2d, have 1d)",44.44,75.0,60.0,COOL (<60),3594.1697,2839.47,267082.75,269922.23,98.9,1.1,-18581.85,169.92
2024-08-02,1375,BULL_100,NO,DEFENSIVE: SPY below 50-SMA for 2d,531.21,72.92,70.1,-3.87,23.39,30.0,NO,499.49,ABOVE,31.72,NO,N/A,543.59,BELOW,-12.38,2,0,YES,37.89,75.0,60.0,COOL (<60),3594.1697,2839.47,251951.3,254790.77,98.9,1.1,-15131.46,154.79
2024-08-05,1376,DEFENSIVE,YES,"KILL: VIX=38.6, SPY=522.88 vs 200SMA=499.93",522.88,65.91,66.46,0.83,38.57,30.0,YES,499.93,ABOVE,22.95,YES,VIX>30.0,543.43,BELOW,-20.55,3,0,YES,33.43,75.0,60.0,COOL (<60),1818.6254,119630.55,120865.84,240496.39,50.3,49.7,-14294.38,140.5
2024-08-06,1377,CASH,YES,NONE,519.95,66.38,65.42,-1.45,27.71,30.0,NO,500.38,ABOVE,19.57,NO,N/A,543.31,BELOW,-23.36,4,0,YES,32.0,75.0,60.0,COOL (<60),0.0,240108.46,0.0,240108.46,0.0,100.0,-387.93,140.11
2024-08-07,1378,CASH,NO,NONE,516.0,67.27,63.69,-5.32,27.85,30.0,NO,500.83,ABOVE,15.17,NO,N/A,543.04,BELOW,-27.04,5,0,YES,30.14,75.0,60.0,COOL (<60),0.0,240108.46,0.0,240108.46,0.0,100.0,0.0,140.11
2024-08-08,1379,CASH,NO,NONE,531.58,64.08,69.78,8.9,23.79,30.0,NO,501.38,ABOVE,30.2,NO,N/A,543.09,BELOW,-11.51,6,0,YES,44.01,75.0,60.0,COOL (<60),0.0,240108.46,0.0,240108.46,0.0,100.0,0.0,140.11
2024-08-09,1380,CASH,NO,NONE,532.95,69.65,70.3,0.93,20.37,30.0,NO,501.94,ABOVE,31.01,NO,N/A,543.26,BELOW,-10.31,7,0,YES,45.04,75.0,60.0,COOL (<60),0.0,240108.46,0.0,240108.46,0.0,100.0,0.0,140.11
2024-08-12,1381,CASH,NO,NONE,533.19,70.75,70.37,-0.54,20.71,30.0,NO,502.49,ABOVE,30.7,NO,N/A,543.49,BELOW,-10.3,8,0,YES,45.24,75.0,60.0,COOL (<60),0.0,240108.46,0.0,240108.46,0.0,100.0,0.0,140.11
2024-08-13,1382,CASH,NO,NONE,541.97,71.26,73.73,3.47,18.12,30.0,NO,503.12,ABOVE,38.85,NO,N/A,543.77,BELOW,-1.8,9,0,YES,51.82,75.0,60.0,COOL (<60),0.0,240108.46,0.0,240108.46,0.0,100.0,0.0,140.11
2024-08-14,1383,CASH,NO,NONE,543.72,73.75,74.38,0.85,16.19,30.0,NO,503.76,ABOVE,39.96,NO,N/A,544.09,BELOW,-0.37,10,0,YES,53.03,75.0,60.0,COOL (<60),0.0,240108.46,0.0,240108.46,0.0,100.0,0.0,140.11
2024-08-15,1384,CASH,NO,"RE-ENTRY: SPY>504(200), VIX=15.2<30, SPY>545(50)",553.52,75.11,78.49,4.5,15.23,30.0,NO,504.48,ABOVE,49.04,NO,N/A,544.58,ABOVE,8.94,0,1,"NO (need 2d, have 0d)",59.22,75.0,60.0,COOL (<60),0.0,240108.46,0.0,240108.46,0.0,100.0,0.0,140.11
2024-08-16,1385,BULL_100,YES,NONE,553.9,78.52,78.69,0.22,14.8,30.0,NO,505.17,ABOVE,48.73,NO,N/A,544.96,ABOVE,8.94,0,2,"NO (need 2d, have 0d)",59.45,75.0,60.0,COOL (<60),3027.3481,2281.23,238222.03,240503.26,99.1,0.9,394.8,140.5
2024-08-19,1386,BULL_100,NO,NONE,559.28,78.6,80.81,2.81,14.65,30.0,NO,505.88,ABOVE,53.4,NO,N/A,545.45,ABOVE,13.83,0,3,"NO (need 2d, have 0d)",62.57,75.0,60.0,NEUTRAL (60-75),3027.3481,2281.23,244640.0,246921.23,99.1,0.9,6417.97,146.92
2024-08-20,1387,BULL_100,NO,NONE,558.55,81.25,80.49,-0.94,15.88,30.0,NO,506.56,ABOVE,51.99,NO,N/A,545.96,ABOVE,12.59,0,4,"NO (need 2d, have 0d)",61.87,75.0,60.0,NEUTRAL (60-75),3027.3481,2281.23,243671.25,245952.48,99.1,0.9,-968.75,145.95
2024-08-21,1388,BULL_100,NO,NONE,561.08,80.61,81.55,1.17,16.27,30.0,NO,507.21,ABOVE,53.87,NO,N/A,546.48,ABOVE,14.6,0,5,"NO (need 2d, have 0d)",63.39,75.0,60.0,NEUTRAL (60-75),3027.3481,2281.23,246880.24,249161.47,99.1,0.9,3208.99,149.16
2024-08-22,1389,BULL_100,NO,NONE,557.07,81.55,79.76,-2.19,17.55,30.0,NO,507.82,ABOVE,49.25,NO,N/A,546.88,ABOVE,10.19,0,6,"NO (need 2d, have 0d)",59.35,75.0,60.0,COOL (<60),3027.3481,2281.23,241461.29,243742.52,99.1,0.9,-5418.95,143.74
2024-08-23,1390,BULL_100,NO,NONE,562.27,80.16,81.95,2.23,15.86,30.0,NO,508.46,ABOVE,53.81,NO,N/A,547.28,ABOVE,14.99,0,7,"NO (need 2d, have 0d)",62.68,75.0,60.0,NEUTRAL (60-75),3027.3481,2281.23,248091.18,250372.41,99.1,0.9,6629.89,150.37
2024-08-26,1391,BULL_100,NO,NONE,560.23,82.2,80.98,-1.48,16.15,30.0,NO,509.08,ABOVE,51.15,NO,N/A,547.63,ABOVE,12.6,0,8,"NO (need 2d, have 0d)",60.58,75.0,60.0,NEUTRAL (60-75),3027.3481,2281.23,245154.65,247435.88,99.1,0.9,-2936.53,147.44
2024-08-27,1392,BULL_100,NO,NONE,560.76,81.35,81.15,-0.25,15.43,30.0,NO,509.7,ABOVE,51.06,NO,N/A,547.99,ABOVE,12.77,0,9,"NO (need 2d, have 0d)",60.95,75.0,60.0,NEUTRAL (60-75),3027.3481,2281.23,245669.3,247950.53,99.1,0.9,514.65,147.95
2024-08-28,1393,BULL_100,NO,NONE,554.4,81.55,78.4,-3.86,17.11,30.0,NO,510.3,ABOVE,44.1,NO,N/A,548.13,ABOVE,6.27,0,10,"NO (need 2d, have 0d)",54.44,75.0,60.0,COOL (<60),3027.3481,2281.23,237344.09,239625.33,99.0,1.0,-8325.2,139.63
2024-08-29,1394,BULL_100,NO,NONE,558.86,79.9,80.25,0.44,15.65,30.0,NO,510.9,ABOVE,47.96,NO,N/A,548.33,ABOVE,10.53,0,11,"NO (need 2d, have 0d)",57.84,75.0,60.0,COOL (<60),3027.3481,2281.23,242944.69,245225.92,99.1,0.9,5600.59,145.23
2024-08-30,1395,BULL_100,NO,NONE,563.46,81.02,82.2,1.46,15.0,30.0,NO,511.51,ABOVE,51.95,NO,N/A,548.66,ABOVE,14.8,0,12,"NO (need 2d, have 0d)",61.07,75.0,60.0,NEUTRAL (60-75),3027.3481,2281.23,248848.02,251129.25,99.1,0.9,5903.33,151.13
2024-09-03,1396,BULL_100,NO,NONE,551.28,82.31,76.73,-6.78,20.72,30.0,NO,512.02,ABOVE,39.26,NO,N/A,548.79,ABOVE,2.49,0,13,"NO (need 2d, have 0d)",50.13,75.0,60.0,COOL (<60),3027.3481,2281.23,232288.42,234569.65,99.0,1.0,-16559.6,134.57
2024-09-04,1397,BULL_100,NO,NONE,550.05,76.28,76.16,-0.16,21.32,30.0,NO,512.52,ABOVE,37.53,NO,N/A,548.93,ABOVE,1.12,0,14,"NO (need 2d, have 0d)",49.17,75.0,60.0,COOL (<60),3027.3481,2281.23,230562.83,232844.07,99.0,1.0,-1725.58,132.84
2024-09-05,1398,BULL_100,NO,NONE,549.05,76.97,75.8,-1.52,19.9,30.0,NO,513.02,ABOVE,36.03,NO,N/A,549.02,ABOVE,0.03,0,15,"NO (need 2d, have 0d)",48.36,75.0,60.0,COOL (<60),3027.3481,2281.23,229472.99,231754.22,99.0,1.0,-1089.85,131.75
2024-09-06,1399,BULL_100,NO,NONE,538.75,74.6,71.43,-4.25,22.38,30.0,NO,513.46,ABOVE,25.29,NO,N/A,548.92,BELOW,-10.17,1,0,"NO (need 2d, have 1d)",40.89,75.0,60.0,COOL (<60),3027.3481,2281.23,216243.48,218524.71,99.0,1.0,-13229.51,118.52
2024-09-09,1400,BULL_100,NO,DEFENSIVE: SPY below 50-SMA for 2d,547.2,73.43,74.8,1.87,19.45,30.0,NO,513.92,ABOVE,33.28,NO,N/A,548.92,BELOW,-1.72,2,0,YES,47.99,75.0,60.0,COOL (<60),3027.3481,2281.23,226445.64,228726.87,99.0,1.0,10202.16,128.73
2024-09-10,1401,DEFENSIVE,YES,NONE,548.31,74.68,75.28,0.8,19.08,30.0,NO,514.4,ABOVE,33.91,NO,N/A,548.98,BELOW,-0.67,3,0,YES,48.86,75.0,60.0,COOL (<60),1528.9474,114124.84,115099.16,229224.01,50.2,49.8,497.14,129.22
2024-09-11,1402,DEFENSIVE,NO,NONE,554.34,75.0,77.69,3.59,17.69,30.0,NO,514.9,ABOVE,39.44,NO,N/A,549.17,ABOVE,5.17,0,1,"NO (need 2d, have 0d)",53.41,75.0,60.0,COOL (<60),1528.9474,114124.84,118783.93,232908.77,51.0,49.0,3684.76,132.91
2024-09-12,1403,DEFENSIVE,NO,DEF EXIT: SPY above 50-SMA for 2d,559.26,77.97,79.76,2.3,17.07,30.0,NO,515.42,ABOVE,43.84,NO,N/A,549.39,ABOVE,9.87,0,2,"NO (need 2d, have 0d)",56.79,75.0,60.0,COOL (<60),1528.9474,114124.84,121948.85,236073.69,51.7,48.3,3164.92,136.07
2024-09-13,1404,BULL_100,YES,NONE,561.65,79.83,80.56,0.91,16.56,30.0,NO,515.95,ABOVE,45.7,NO,N/A,549.6,ABOVE,12.05,0,3,"NO (need 2d, have 0d)",58.37,75.0,60.0,COOL (<60),2928.9604,2304.93,235957.05,238261.98,99.0,1.0,2188.29,138.26
2024-09-16,1405,BULL_100,NO,NONE,562.5,80.89,81.09,0.25,17.14,30.0,NO,516.49,ABOVE,46.01,NO,N/A,549.77,ABOVE,12.73,0,4,"NO (need 2d, have 0d)",58.94,75.0,60.0,COOL (<60),2928.9604,2304.93,237509.4,239814.33,99.0,1.0,1552.35,139.81
2024-09-17,1406,BULL_100,NO,NONE,563.49,81.66,81.43,-0.28,17.61,30.0,NO,517.03,ABOVE,46.46,NO,N/A,549.91,ABOVE,13.58,0,5,"NO (need 2d, have 0d)",59.64,75.0,60.0,COOL (<60),2928.9604,2304.93,238505.25,240810.17,99.0,1.0,995.84,140.81
2024-09-18,1407,BULL_100,NO,NONE,565.11,81.27,81.99,0.89,18.23,30.0,NO,517.58,ABOVE,47.53,NO,N/A,550.1,ABOVE,15.01,0,6,"NO (need 2d, have 0d)",60.81,75.0,60.0,NEUTRAL (60-75),2928.9604,2304.93,240145.47,242450.39,99.0,1.0,1640.22,142.45
2024-09-19,1408,BULL_100,NO,NONE,570.24,83.4,84.26,1.03,16.33,30.0,NO,518.13,ABOVE,52.11,NO,N/A,550.28,ABOVE,19.96,0,7,"NO (need 2d, have 0d)",64.35,75.0,60.0,NEUTRAL (60-75),2928.9604,2304.93,246794.21,249099.13,99.1,0.9,6648.74,149.1
2024-09-20,1409,BULL_100,NO,NONE,568.15,84.4,83.66,-0.88,16.15,30.0,NO,518.69,ABOVE,49.46,NO,N/A,550.51,ABOVE,17.64,0,8,"NO (need 2d, have 0d)",61.9,75.0,60.0,NEUTRAL (60-75),2928.9604,2304.93,245036.83,247341.76,99.1,0.9,-1757.37,147.34
2024-09-23,1410,BULL_100,NO,NONE,569.34,84.25,84.39,0.17,15.89,30.0,NO,519.26,ABOVE,50.08,NO,N/A,550.7,ABOVE,18.64,0,9,"NO (need 2d, have 0d)",62.77,75.0,60.0,NEUTRAL (60-75),2928.9604,2304.93,247174.97,249479.9,99.1,0.9,2138.14,149.48
2024-09-24,1411,BULL_100,NO,NONE,571.21,85.12,85.37,0.29,15.39,30.0,NO,519.84,ABOVE,51.37,NO,N/A,550.88,ABOVE,20.33,0,10,"NO (need 2d, have 0d)",64.16,75.0,60.0,NEUTRAL (60-75),2928.9604,2304.93,250045.35,252350.28,99.1,0.9,2870.38,152.35
2024-09-25,1412,BULL_100,NO,NONE,570.97,84.73,84.96,0.27,15.41,30.0,NO,520.41,ABOVE,50.56,NO,N/A,551.01,ABOVE,19.96,0,11,"NO (need 2d, have 0d)",63.83,75.0,60.0,NEUTRAL (60-75),2928.9604,2304.93,248844.48,251149.4,99.1,0.9,-1200.88,151.15
2024-09-26,1413,BULL_100,NO,NONE,572.45,86.56,85.63,-1.07,15.37,30.0,NO,520.97,ABOVE,51.48,NO,N/A,551.3,ABOVE,21.15,0,12,"NO (need 2d, have 0d)",65.02,75.0,60.0,NEUTRAL (60-75),2928.9604,2304.93,250806.88,253111.81,99.1,0.9,1962.41,153.11
2024-09-27,1414,BULL_100,NO,NONE,570.71,85.15,84.8,-0.41,16.96,30.0,NO,521.51,ABOVE,49.2,NO,N/A,551.64,ABOVE,19.07,0,13,"NO (need 2d, have 0d)",62.42,75.0,60.0,NEUTRAL (60-75),2928.9604,2304.93,248375.85,250680.77,99.1,0.9,-2431.04,150.68
2024-09-30,1415,BULL_100,NO,NONE,573.23,85.07,85.72,0.76,16.73,30.0,NO,522.05,ABOVE,51.18,NO,N/A,552.13,ABOVE,21.1,0,14,"NO (need 2d, have 0d)",64.62,75.0,60.0,NEUTRAL (60-75),2928.9604,2304.93,251070.49,253375.41,99.1,0.9,2694.64,153.38
2024-10-01,1416,BULL_100,NO,NONE,567.76,86.08,83.28,-3.25,19.26,30.0,NO,522.53,ABOVE,45.23,NO,N/A,552.4,ABOVE,15.36,0,15,"NO (need 2d, have 0d)",56.83,75.0,60.0,COOL (<60),2928.9604,2304.93,243923.83,246228.75,99.1,0.9,-7146.66,146.23
2024-10-02,1417,BULL_100,NO,NONE,569.71,83.43,84.07,0.77,18.9,30.0,NO,523.02,ABOVE,46.69,NO,N/A,552.77,ABOVE,16.94,0,16,"NO (need 2d, have 0d)",58.74,75.0,60.0,COOL (<60),2928.9604,2304.93,246237.7,248542.63,99.1,0.9,2313.88,148.54
2024-10-03,1418,BULL_100,NO,NONE,567.8,82.64,83.34,0.85,20.49,30.0,NO,523.51,ABOVE,44.29,NO,N/A,553.27,ABOVE,14.53,0,17,"NO (need 2d, have 0d)",56.12,75.0,60.0,COOL (<60),2928.9604,2304.93,244099.56,246404.49,99.1,0.9,-2138.14,146.4
2024-10-04,1419,BULL_100,NO,NONE,572.3,83.7,85.34,1.96,19.21,30.0,NO,524.02,ABOVE,48.28,NO,N/A,553.93,ABOVE,18.37,0,18,"NO (need 2d, have 0d)",60.58,75.0,60.0,NEUTRAL (60-75),2928.9604,2304.93,249957.48,252262.41,99.1,0.9,5857.92,152.26
2024-10-07,1420,BULL_100,NO,NONE,567.71,84.63,83.12,-1.78,22.64,30.0,NO,524.48,ABOVE,43.23,NO,N/A,554.4,ABOVE,13.31,0,19,"NO (need 2d, have 0d)",54.5,75.0,60.0,COOL (<60),2928.9604,2304.93,243455.19,245760.12,99.1,0.9,-6502.29,145.76
2024-10-08,1421,BULL_100,NO,NONE,572.7,83.22,85.31,2.51,21.42,30.0,NO,525.0,ABOVE,47.7,NO,N/A,554.99,ABOVE,17.71,0,20,"NO (need 2d, have 0d)",59.28,75.0,60.0,COOL (<60),2928.9604,2304.93,249869.62,252174.54,99.1,0.9,6414.42,152.17
2024-10-09,1422,BULL_100,NO,NONE,577.0,84.98,87.12,2.52,20.86,30.0,NO,525.52,ABOVE,51.48,NO,N/A,555.67,ABOVE,21.33,0,21,"NO (need 2d, have 0d)",62.91,75.0,60.0,NEUTRAL (60-75),2928.9604,2304.93,255171.03,257475.96,99.1,0.9,5301.42,157.48
2024-10-10,1423,BULL_100,NO,NONE,576.77,86.88,87.07,0.22,20.93,30.0,NO,526.04,ABOVE,50.73,NO,N/A,556.14,ABOVE,20.63,0,22,"NO (need 2d, have 0d)",62.59,75.0,60.0,NEUTRAL (60-75),2928.9604,2304.93,255024.59,257329.51,99.1,0.9,-146.45,157.33
2024-10-11,1424,BULL_100,NO,NONE,578.54,86.64,87.89,1.44,20.46,30.0,NO,526.55,ABOVE,51.99,NO,N/A,556.89,ABOVE,21.65,0,23,"NO (need 2d, have 0d)",64.1,75.0,60.0,NEUTRAL (60-75),2928.9604,2304.93,257426.33,259731.26,99.1,0.9,2401.75,159.73
2024-10-14,1425,BULL_100,NO,NONE,584.71,88.45,90.59,2.42,19.7,30.0,NO,527.1,ABOVE,57.61,NO,N/A,557.96,ABOVE,26.75,0,24,"NO (need 2d, have 0d)",68.84,75.0,60.0,NEUTRAL (60-75),2928.9604,2304.93,265334.53,267639.45,99.1,0.9,7908.19,167.64
2024-10-15,1426,BULL_100,NO,NONE,579.81,90.4,88.29,-2.33,20.64,30.0,NO,527.61,ABOVE,52.2,NO,N/A,559.1,ABOVE,20.71,0,25,"NO (need 2d, have 0d)",61.86,75.0,60.0,NEUTRAL (60-75),2928.9604,2304.93,258597.92,260902.84,99.1,0.9,-6736.61,160.9
2024-10-16,1427,BULL_100,NO,NONE,581.55,88.39,89.03,0.72,19.58,30.0,NO,528.14,ABOVE,53.41,NO,N/A,560.33,ABOVE,21.22,0,26,"NO (need 2d, have 0d)",63.28,75.0,60.0,NEUTRAL (60-75),2928.9604,2304.93,260765.35,263070.27,99.1,0.9,2167.43,163.07
2024-10-17,1428,BULL_100,NO,NONE,582.9,90.01,89.6,-0.46,19.11,30.0,NO,528.69,ABOVE,54.21,NO,N/A,561.67,ABOVE,21.23,0,27,"NO (need 2d, have 0d)",64.39,75.0,60.0,NEUTRAL (60-75),2928.9604,2304.93,262434.86,264739.78,99.1,0.9,1669.51,164.74
2024-10-18,1429,BULL_100,NO,NONE,584.65,89.95,90.43,0.53,18.03,30.0,NO,529.27,ABOVE,55.38,NO,N/A,562.73,ABOVE,21.92,0,28,"NO (need 2d, have 0d)",65.84,75.0,60.0,NEUTRAL (60-75),2928.9604,2304.93,264865.89,267170.82,99.1,0.9,2431.04,167.17
2024-10-21,1430,BULL_100,NO,NONE,583.6,90.28,89.92,-0.4,18.37,30.0,NO,529.85,ABOVE,53.75,NO,N/A,563.74,ABOVE,19.86,0,29,"NO (need 2d, have 0d)",64.16,75.0,60.0,NEUTRAL (60-75),2928.9604,2304.93,263372.12,265677.05,99.1,0.9,-1493.77,165.68
2024-10-22,1431,BULL_100,NO,NONE,583.07,89.27,89.56,0.32,18.2,30.0,NO,530.42,ABOVE,52.65,NO,N/A,564.74,ABOVE,18.33,0,30,"NO (need 2d, have 0d)",63.28,75.0,60.0,NEUTRAL (60-75),2928.9604,2304.93,262317.7,264622.62,99.1,0.9,-1054.43,164.62
2024-10-23,1432,BULL_100,NO,NONE,578.58,89.51,87.44,-2.31,19.24,30.0,NO,530.94,ABOVE,47.64,NO,N/A,565.47,ABOVE,13.11,0,31,"NO (need 2d, have 0d)",56.25,75.0,60.0,COOL (<60),2928.9604,2304.93,256108.3,258413.23,99.1,0.9,-6209.39,158.41
2024-10-24,1433,BULL_100,NO,NONE,579.25,88.3,87.7,-0.68,19.08,30.0,NO,531.47,ABOVE,47.78,NO,N/A,566.18,ABOVE,13.07,0,32,"NO (need 2d, have 0d)",57.02,75.0,60.0,COOL (<60),2928.9604,2304.93,256869.83,259174.76,99.1,0.9,761.53,159.17
2024-10-25,1434,BULL_100,NO,NONE,577.9,88.21,87.01,-1.36,20.33,30.0,NO,531.98,ABOVE,45.92,NO,N/A,566.67,ABOVE,11.23,0,33,"NO (need 2d, have 0d)",54.93,75.0,60.0,COOL (<60),2928.9604,2304.93,254848.85,257153.77,99.1,0.9,-2020.99,157.15
2024-10-28,1435,BULL_100,NO,NONE,580.73,88.85,88.25,-0.68,19.8,30.0,NO,532.5,ABOVE,48.23,NO,N/A,567.21,ABOVE,13.52,0,34,"NO (need 2d, have 0d)",58.37,75.0,60.0,COOL (<60),2928.9604,2304.93,258480.76,260785.68,99.1,0.9,3631.91,160.79
2024-10-29,1436,BULL_100,NO,NONE,583.07,88.42,89.32,1.02,19.34,30.0,NO,533.04,ABOVE,50.03,NO,N/A,567.68,ABOVE,15.39,0,35,"NO (need 2d, have 0d)",61.03,75.0,60.0,NEUTRAL (60-75),2928.9604,2304.93,261614.75,263919.67,99.1,0.9,3133.99,163.92
2024-10-30,1437,BULL_100,NO,NONE,577.87,89.16,86.93,-2.5,20.35,30.0,NO,533.55,ABOVE,44.32,NO,N/A,568.07,ABOVE,9.8,0,36,"NO (need 2d, have 0d)",52.95,75.0,60.0,COOL (<60),2928.9604,2304.93,254614.53,256919.46,99.1,0.9,-7000.21,156.92
2024-10-31,1438,BULL_100,NO,NONE,569.34,85.88,83.0,-3.35,23.16,30.0,NO,534.04,ABOVE,35.3,NO,N/A,568.23,ABOVE,1.11,0,37,"NO (need 2d, have 0d)",42.92,75.0,60.0,COOL (<60),2928.9604,2304.93,243103.72,245408.64,99.1,0.9,-11510.82,145.41
2024-11-01,1439,BULL_100,NO,NONE,570.76,83.48,83.76,0.34,21.88,30.0,NO,534.51,ABOVE,36.25,NO,N/A,568.51,ABOVE,2.25,0,38,"NO (need 2d, have 0d)",44.8,75.0,60.0,COOL (<60),2928.9604,2304.93,245329.73,247634.65,99.1,0.9,2226.01,147.63
2024-11-04,1440,BULL_100,NO,NONE,569.76,83.96,83.06,-1.07,21.98,30.0,NO,534.94,ABOVE,34.82,NO,N/A,568.66,ABOVE,1.1,0,39,"NO (need 2d, have 0d)",43.71,75.0,60.0,COOL (<60),2928.9604,2304.93,243279.45,245584.38,99.1,0.9,-2050.27,145.58
2024-11-05,1441,BULL_100,NO,NONE,576.98,83.54,86.34,3.35,20.49,30.0,NO,535.41,ABOVE,41.57,NO,N/A,568.99,ABOVE,7.99,0,40,"NO (need 2d, have 0d)",52.65,75.0,60.0,COOL (<60),2928.9604,2304.93,252886.44,255191.37,99.1,0.9,9606.99,155.19
2024-11-06,1442,BULL_100,NO,NONE,590.87,91.94,92.38,0.48,16.27,30.0,NO,535.93,ABOVE,54.94,NO,N/A,569.59,ABOVE,21.28,0,41,"NO (need 2d, have 0d)",64.38,75.0,60.0,NEUTRAL (60-75),2928.9604,2304.93,270577.37,272882.29,99.2,0.8,17690.92,172.88
2024-11-07,1443,BULL_100,NO,NONE,596.02,92.91,94.8,2.03,15.2,30.0,NO,536.49,ABOVE,59.53,NO,N/A,570.43,ABOVE,25.59,0,42,"NO (need 2d, have 0d)",67.59,75.0,60.0,NEUTRAL (60-75),2928.9604,2304.93,277665.45,279970.38,99.2,0.8,7088.09,179.97
2024-11-08,1444,BULL_100,NO,NONE,598.0,94.82,95.66,0.89,14.94,30.0,NO,537.04,ABOVE,60.96,NO,N/A,571.21,ABOVE,26.79,0,43,"NO (need 2d, have 0d)",68.75,75.0,60.0,NEUTRAL (60-75),2928.9604,2304.93,280184.36,282489.28,99.2,0.8,2518.9,182.49
2024-11-11,1445,BULL_100,NO,NONE,598.25,96.42,95.77,-0.67,14.97,30.0,NO,537.6,ABOVE,60.65,NO,N/A,571.9,ABOVE,26.35,0,44,"NO (need 2d, have 0d)",68.9,75.0,60.0,NEUTRAL (60-75),2928.9604,2304.93,280506.54,282811.47,99.2,0.8,322.19,182.81
2024-11-12,1446,BULL_100,NO,NONE,596.39,95.91,94.69,-1.27,14.71,30.0,NO,538.13,ABOVE,58.26,NO,N/A,572.81,ABOVE,23.58,0,45,"NO (need 2d, have 0d)",66.32,75.0,60.0,NEUTRAL (60-75),2928.9604,2304.93,277343.26,279648.19,99.2,0.8,-3163.28,179.65
2024-11-13,1447,BULL_100,NO,NONE,597.65,94.78,95.33,0.58,14.02,30.0,NO,538.67,ABOVE,58.98,NO,N/A,573.76,ABOVE,23.89,0,46,"NO (need 2d, have 0d)",67.22,75.0,60.0,NEUTRAL (60-75),2928.9604,2304.93,279217.8,281522.72,99.2,0.8,1874.53,181.52
2024-11-14,1448,BULL_100,NO,NONE,592.44,95.48,92.94,-2.66,14.31,30.0,NO,539.21,ABOVE,53.23,NO,N/A,574.63,ABOVE,17.81,0,47,"NO (need 2d, have 0d)",60.09,75.0,60.0,NEUTRAL (60-75),2928.9604,2304.93,272217.58,274522.51,99.2,0.8,-7000.21,174.52
2024-11-15,1449,BULL_100,NO,NONE,585.98,91.86,89.75,-2.3,16.14,30.0,NO,539.68,ABOVE,46.3,NO,N/A,575.57,ABOVE,10.41,0,48,"NO (need 2d, have 0d)",52.64,75.0,60.0,COOL (<60),2928.9604,2304.93,262874.2,265179.13,99.1,0.9,-9343.38,165.18
2024-11-18,1450,BULL_100,NO,NONE,587.85,90.07,90.58,0.57,15.58,30.0,NO,540.15,ABOVE,47.7,NO,N/A,576.38,ABOVE,11.47,0,49,"NO (need 2d, have 0d)",54.41,75.0,60.0,COOL (<60),2928.9604,2304.93,265305.24,267610.16,99.1,0.9,2431.03,167.61
2024-11-19,1451,BULL_100,NO,NONE,590.87,90.65,91.93,1.41,16.35,30.0,NO,540.65,ABOVE,50.22,NO,N/A,577.24,ABOVE,13.63,0,50,"NO (need 2d, have 0d)",57.18,75.0,60.0,COOL (<60),2928.9604,2304.93,269259.33,271564.26,99.2,0.8,3954.1,171.56
2024-11-20,1452,BULL_100,NO,NONE,590.61,92.21,91.78,-0.47,17.16,30.0,NO,541.13,ABOVE,49.48,NO,N/A,577.96,ABOVE,12.65,0,51,"NO (need 2d, have 0d)",56.86,75.0,60.0,COOL (<60),2928.9604,2304.93,268819.99,271124.91,99.1,0.9,-439.35,171.12
2024-11-21,1453,BULL_100,NO,NONE,593.04,90.94,92.75,1.99,16.87,30.0,NO,541.61,ABOVE,51.43,NO,N/A,578.64,ABOVE,14.4,0,52,"NO (need 2d, have 0d)",59.16,75.0,60.0,COOL (<60),2928.9604,2304.93,271661.08,273966.01,99.2,0.8,2841.1,173.97
2024-11-22,1454,BULL_100,NO,NONE,596.4,93.12,94.33,1.3,15.24,30.0,NO,542.1,ABOVE,54.3,NO,N/A,579.33,ABOVE,17.07,0,53,"NO (need 2d, have 0d)",62.17,75.0,60.0,NEUTRAL (60-75),2928.9604,2304.93,276288.84,278593.76,99.2,0.8,4627.75,178.59
2024-11-25,1455,BULL_100,NO,NONE,596.29,95.18,94.28,-0.95,14.6,30.0,NO,542.57,ABOVE,53.72,NO,N/A,580.01,ABOVE,16.28,0,54,"NO (need 2d, have 0d)",62.01,75.0,60.0,NEUTRAL (60-75),2928.9604,2304.93,276142.39,278447.32,99.2,0.8,-146.44,178.45
2024-11-26,1456,BULL_100,NO,NONE,601.08,94.67,96.54,1.98,14.1,30.0,NO,543.08,ABOVE,58.0,NO,N/A,580.76,ABOVE,20.32,0,55,"NO (need 2d, have 0d)",66.12,75.0,60.0,NEUTRAL (60-75),2928.9604,2304.93,282761.84,285066.77,99.2,0.8,6619.45,185.07
2024-11-27,1457,BULL_100,NO,NONE,599.19,96.0,95.6,-0.42,14.1,30.0,NO,543.6,ABOVE,55.59,NO,N/A,581.44,ABOVE,17.75,0,56,"NO (need 2d, have 0d)",63.21,75.0,60.0,NEUTRAL (60-75),2928.9604,2304.93,280008.62,282313.54,99.2,0.8,-2753.23,182.31
2024-11-29,1458,BULL_100,NO,NONE,603.14,96.17,97.26,1.13,13.51,30.0,NO,544.12,ABOVE,59.02,NO,N/A,582.1,ABOVE,21.04,0,57,"NO (need 2d, have 0d)",66.53,75.0,60.0,NEUTRAL (60-75),2928.9604,2304.93,284870.69,287175.62,99.2,0.8,4862.08,187.18
2024-12-02,1459,BULL_100,NO,NONE,603.86,96.64,97.72,1.12,13.34,30.0,NO,544.63,ABOVE,59.23,NO,N/A,582.81,ABOVE,21.05,0,58,"NO (need 2d, have 0d)",67.11,75.0,60.0,NEUTRAL (60-75),2928.9604,2304.93,286218.01,288522.94,99.2,0.8,1347.32,188.52
2024-12-03,1460,BULL_100,NO,NONE,604.48,97.72,97.94,0.23,13.3,30.0,NO,545.16,ABOVE,59.32,NO,N/A,583.52,ABOVE,20.96,0,59,"NO (need 2d, have 0d)",67.63,75.0,60.0,NEUTRAL (60-75),2928.9604,2304.93,286862.39,289167.31,99.2,0.8,644.37,189.17
2024-12-04,1461,BULL_100,NO,NONE,607.25,98.38,99.27,0.9,13.45,30.0,NO,545.71,ABOVE,61.54,NO,N/A,584.24,ABOVE,23.01,0,60,"NO (need 2d, have 0d)",69.93,75.0,60.0,NEUTRAL (60-75),2928.9604,2304.93,290757.9,293062.83,99.2,0.8,3895.52,193.06
2024-12-05,1462,BULL_100,NO,NONE,606.21,99.31,98.61,-0.7,13.54,30.0,NO,546.25,ABOVE,59.96,NO,N/A,584.94,ABOVE,21.27,0,61,"NO (need 2d, have 0d)",67.98,75.0,60.0,NEUTRAL (60-75),2928.9604,2304.93,288824.79,291129.71,99.2,0.8,-1933.12,191.13
2024-12-06,1463,BULL_100,NO,NONE,607.25,98.91,99.2,0.29,12.77,30.0,NO,546.74,ABOVE,60.51,NO,N/A,585.64,ABOVE,21.61,0,62,"NO (need 2d, have 0d)",68.91,75.0,60.0,NEUTRAL (60-75),2928.9604,2304.93,290552.88,292857.8,99.2,0.8,1728.09,192.86
2024-12-09,1464,BULL_100,NO,NONE,604.3,99.69,97.69,-2.01,14.19,30.0,NO,547.23,ABOVE,57.07,NO,N/A,586.31,ABOVE,17.99,0,63,"NO (need 2d, have 0d)",63.28,75.0,60.0,NEUTRAL (60-75),2928.9604,2304.93,286130.15,288435.07,99.2,0.8,-4422.73,188.44
2024-12-10,1465,BULL_100,NO,NONE,603.24,97.6,97.14,-0.47,14.18,30.0,NO,547.72,ABOVE,55.52,NO,N/A,586.91,ABOVE,16.33,0,64,"NO (need 2d, have 0d)",61.34,75.0,60.0,NEUTRAL (60-75),2928.9604,2304.93,284519.22,286824.14,99.2,0.8,-1610.93,186.82
2024-12-11,1466,BULL_100,NO,NONE,606.91,97.16,98.84,1.73,13.58,30.0,NO,548.22,ABOVE,58.69,NO,N/A,587.69,ABOVE,19.22,0,65,"NO (need 2d, have 0d)",65.3,75.0,60.0,NEUTRAL (60-75),2928.9604,2304.93,289498.45,291803.38,99.2,0.8,4979.24,191.8
2024-12-12,1467,BULL_100,NO,NONE,604.98,98.74,97.84,-0.91,13.92,30.0,NO,548.72,ABOVE,56.26,NO,N/A,588.4,ABOVE,16.58,0,66,"NO (need 2d, have 0d)",61.72,75.0,60.0,NEUTRAL (60-75),2928.9604,2304.93,286569.49,288874.42,99.2,0.8,-2928.96,188.87
2024-12-13,1468,BULL_100,NO,NONE,604.07,98.42,97.29,-1.15,13.81,30.0,NO,549.2,ABOVE,54.87,NO,N/A,589.12,ABOVE,14.95,0,67,"NO (need 2d, have 0d)",60.04,75.0,60.0,NEUTRAL (60-75),2928.9604,2304.93,284958.56,287263.49,99.2,0.8,-1610.93,187.26
2024-12-16,1469,BULL_100,NO,NONE,606.18,97.58,98.2,0.64,14.69,30.0,NO,549.67,ABOVE,56.51,NO,N/A,589.8,ABOVE,16.38,0,68,"NO (need 2d, have 0d)",62.58,75.0,60.0,NEUTRAL (60-75),2928.9604,2304.93,287623.92,289928.84,99.2,0.8,2665.35,189.93
2024-12-17,1470,BULL_100,NO,NONE,603.9,97.63,97.19,-0.45,15.87,30.0,NO,550.13,ABOVE,53.77,NO,N/A,590.52,ABOVE,13.38,0,69,"NO (need 2d, have 0d)",58.28,75.0,60.0,COOL (<60),2928.9604,2304.93,284665.67,286970.59,99.2,0.8,-2958.25,186.97
2024-12-18,1471,BULL_100,NO,NONE,586.77,97.69,88.86,-9.04,27.62,30.0,NO,550.53,ABOVE,36.24,NO,N/A,590.81,BELOW,-4.04,1,0,"NO (need 2d, have 1d)",37.45,75.0,60.0,COOL (<60),2928.9604,2304.93,260267.42,262572.35,99.1,0.9,-24398.24,162.57
2024-12-19,1472,BULL_100,NO,DEFENSIVE: SPY below 50-SMA for 2d,586.15,89.9,88.5,-1.56,24.09,30.0,NO,550.91,ABOVE,35.24,NO,N/A,590.99,BELOW,-4.84,2,0,YES,36.93,75.0,60.0,COOL (<60),2928.9604,2304.93,259213.0,261517.92,99.1,0.9,-1054.43,161.52
2024-12-20,1473,DEFENSIVE,YES,NONE,592.17,87.14,91.9,5.46,18.36,30.0,NO,551.3,ABOVE,40.87,NO,N/A,591.3,ABOVE,0.87,0,1,"NO (need 2d, have 0d)",44.86,75.0,60.0,COOL (<60),1477.7056,128703.04,135801.15,264504.19,51.3,48.7,2986.27,164.5
2024-12-23,1474,DEFENSIVE,NO,DEF EXIT: SPY above 50-SMA for 2d,594.65,92.15,92.96,0.88,16.78,30.0,NO,551.71,ABOVE,42.94,NO,N/A,591.62,ABOVE,3.03,0,2,"NO (need 2d, have 0d)",47.77,75.0,60.0,COOL (<60),1477.7056,128703.04,137367.52,266070.55,51.6,48.4,1566.36,166.07
2024-12-24,1475,BULL_100,YES,NONE,601.2,93.0,95.88,3.1,14.27,30.0,NO,552.15,ABOVE,49.05,NO,N/A,591.95,ABOVE,9.25,0,3,"NO (need 2d, have 0d)",54.59,75.0,60.0,COOL (<60),2832.9932,2597.28,271627.39,274224.66,99.1,0.9,8154.11,174.22
2024-12-26,1476,BULL_100,NO,NONE,601.16,95.31,95.92,0.64,14.73,30.0,NO,552.57,ABOVE,48.59,NO,N/A,592.38,ABOVE,8.78,0,4,"NO (need 2d, have 0d)",54.54,75.0,60.0,COOL (<60),2832.9932,2597.28,271740.71,274337.98,99.1,0.9,113.32,174.34
2024-12-27,1477,BULL_100,NO,NONE,594.94,94.93,92.9,-2.14,15.95,30.0,NO,552.97,ABOVE,41.97,NO,N/A,592.64,ABOVE,2.3,0,5,"NO (need 2d, have 0d)",47.69,75.0,60.0,COOL (<60),2832.9932,2597.28,263185.07,265782.34,99.0,1.0,-8555.64,165.78
2024-12-30,1478,BULL_100,NO,NONE,587.76,92.13,89.47,-2.89,17.4,30.0,NO,553.33,ABOVE,34.43,NO,N/A,592.74,BELOW,-4.98,1,0,"NO (need 2d, have 1d)",41.25,75.0,60.0,COOL (<60),2832.9932,2597.28,253467.9,256065.18,99.0,1.0,-9717.16,156.07
2024-12-31,1479,BULL_100,NO,DEFENSIVE: SPY below 50-SMA for 2d,586.49,89.6,88.78,-0.92,17.35,30.0,NO,553.72,ABOVE,32.77,NO,N/A,592.78,BELOW,-6.29,2,0,YES,40.21,75.0,60.0,COOL (<60),2832.9932,2597.28,251513.13,254110.41,99.0,1.0,-1954.77,154.11
2025-01-02,1480,DEFENSIVE,YES,NONE,584.23,89.85,87.79,-2.29,17.93,30.0,NO,554.08,ABOVE,30.15,NO,N/A,592.79,BELOW,-8.56,3,0,YES,38.37,75.0,60.0,COOL (<60),1430.95,128506.87,125623.1,254129.97,49.4,50.6,19.56,154.13
2025-01-03,1481,DEFENSIVE,NO,NONE,591.82,88.49,91.14,2.99,16.13,30.0,NO,554.46,ABOVE,37.36,NO,N/A,592.97,BELOW,-1.15,4,0,YES,47.14,75.0,60.0,COOL (<60),1430.95,128506.87,130416.78,258923.65,50.4,49.6,4793.68,158.92
2025-01-06,1482,DEFENSIVE,NO,NONE,595.74,92.0,92.9,0.98,16.04,30.0,NO,554.83,ABOVE,40.91,NO,N/A,593.31,ABOVE,2.43,0,1,"NO (need 2d, have 0d)",51.01,75.0,60.0,COOL (<60),1430.95,128506.87,132935.25,261442.12,50.8,49.2,2518.47,161.44
2025-01-07,1483,DEFENSIVE,NO,NONE,589.15,92.79,89.73,-3.3,17.82,30.0,NO,555.16,ABOVE,33.99,NO,N/A,593.51,BELOW,-4.36,1,0,"NO (need 2d, have 1d)",45.03,75.0,60.0,COOL (<60),1430.95,128506.87,128399.14,256906.01,50.0,50.0,-4536.11,156.91
2025-01-08,1484,DEFENSIVE,NO,NONE,588.51,90.32,89.43,-0.99,17.7,30.0,NO,555.5,ABOVE,33.01,NO,N/A,593.72,BELOW,-5.21,2,0,YES,44.49,75.0,60.0,COOL (<60),1430.95,128506.87,127969.86,256476.73,49.9,50.1,-429.28,156.48
2025-01-10,1485,DEFENSIVE,NO,NONE,579.94,89.23,85.43,-4.26,19.54,30.0,NO,555.79,ABOVE,24.15,NO,N/A,593.7,BELOW,-13.76,3,0,YES,37.88,75.0,60.0,COOL (<60),1430.95,128506.87,122246.06,250752.93,48.8,51.2,-5723.8,150.75
2025-01-13,1486,DEFENSIVE,NO,NONE,583.46,83.91,86.85,3.5,19.19,30.0,NO,556.11,ABOVE,27.35,NO,N/A,593.71,BELOW,-10.25,4,0,YES,41.71,75.0,60.0,COOL (<60),1430.95,128506.87,124278.01,252784.88,49.2,50.8,2031.95,152.78
2025-01-14,1487,DEFENSIVE,NO,NONE,582.56,87.55,86.55,-1.14,18.71,30.0,NO,556.41,ABOVE,26.15,NO,N/A,593.8,BELOW,-11.24,5,0,YES,41.01,75.0,60.0,COOL (<60),1430.95,128506.87,123848.72,252355.59,49.1,50.9,-429.29,152.36
2025-01-15,1488,DEFENSIVE,NO,NONE,593.2,86.52,91.27,5.49,16.12,30.0,NO,556.76,ABOVE,36.44,NO,N/A,594.28,BELOW,-1.08,6,0,YES,51.36,75.0,60.0,COOL (<60),1430.95,128506.87,130602.81,259109.68,50.4,49.6,6754.09,159.11
2025-01-16,1489,DEFENSIVE,NO,NONE,591.44,92.02,90.4,-1.76,16.6,30.0,NO,557.11,ABOVE,34.33,NO,N/A,594.7,BELOW,-3.26,7,0,YES,49.8,75.0,60.0,COOL (<60),1430.95,128506.87,129357.88,257864.75,50.2,49.8,-1244.93,157.86
2025-01-17,1490,DEFENSIVE,NO,NONE,597.58,91.21,93.0,1.96,15.97,30.0,NO,557.51,ABOVE,40.07,NO,N/A,595.25,ABOVE,2.33,0,1,"NO (need 2d, have 0d)",54.93,75.0,60.0,COOL (<60),1430.95,128506.87,133078.35,261585.22,50.9,49.1,3720.47,161.59
2025-01-21,1491,DEFENSIVE,NO,DEF EXIT: SPY above 50-SMA for 2d,603.88,93.89,96.03,2.28,15.06,30.0,NO,557.92,ABOVE,45.96,NO,N/A,595.79,ABOVE,8.09,0,2,"NO (need 2d, have 0d)",59.5,75.0,60.0,COOL (<60),1430.95,128506.87,137414.13,265921.0,51.7,48.3,4335.78,165.92
2025-01-22,1492,BULL_100,YES,NONE,605.97,96.69,97.0,0.32,15.1,30.0,NO,558.39,ABOVE,47.58,NO,N/A,596.09,ABOVE,9.88,0,3,"NO (need 2d, have 0d)",60.92,75.0,60.0,NEUTRAL (60-75),2732.4105,2604.74,265043.82,267648.55,99.0,1.0,1727.55,167.65
2025-01-23,1493,BULL_100,NO,NONE,609.15,96.49,98.5,2.08,15.02,30.0,NO,558.84,ABOVE,50.31,NO,N/A,596.35,ABOVE,12.8,0,4,"NO (need 2d, have 0d)",63.04,75.0,60.0,NEUTRAL (60-75),2732.4105,2604.74,269142.43,271747.17,99.0,1.0,4098.62,171.75
2025-01-24,1494,BULL_100,NO,NONE,607.58,98.45,97.61,-0.85,14.85,30.0,NO,559.28,ABOVE,48.3,NO,N/A,596.55,ABOVE,11.03,0,5,"NO (need 2d, have 0d)",61.27,75.0,60.0,NEUTRAL (60-75),2732.4105,2604.74,266710.59,269315.32,99.0,1.0,-2431.85,169.32
2025-01-27,1495,BULL_100,NO,NONE,599.96,92.23,93.94,1.85,17.9,30.0,NO,559.69,ABOVE,40.27,NO,N/A,596.58,ABOVE,3.38,0,6,"NO (need 2d, have 0d)",53.45,75.0,60.0,COOL (<60),2732.4105,2604.74,256682.64,259287.38,99.0,1.0,-10027.94,159.29
2025-01-28,1496,BULL_100,NO,NONE,603.8,94.47,95.69,1.29,16.41,30.0,NO,560.14,ABOVE,43.66,NO,N/A,596.73,ABOVE,7.07,0,7,"NO (need 2d, have 0d)",56.46,75.0,60.0,COOL (<60),2732.4105,2604.74,261464.36,264069.09,99.0,1.0,4781.71,164.07
2025-01-29,1497,BULL_100,NO,NONE,601.91,96.72,94.7,-2.09,16.56,30.0,NO,560.56,ABOVE,41.35,NO,N/A,596.81,ABOVE,5.1,0,8,"NO (need 2d, have 0d)",54.59,75.0,60.0,COOL (<60),2732.4105,2604.74,258759.27,261364.01,99.0,1.0,-2705.08,161.36
2025-01-30,1498,BULL_100,NO,NONE,605.93,96.16,96.6,0.46,15.84,30.0,NO,561.04,ABOVE,44.89,NO,N/A,597.08,ABOVE,8.85,0,9,"NO (need 2d, have 0d)",57.8,75.0,60.0,COOL (<60),2732.4105,2604.74,263950.85,266555.59,99.0,1.0,5191.58,166.56
2025-01-31,1499,BULL_100,NO,NONE,600.7,97.2,94.5,-2.78,16.43,30.0,NO,561.52,ABOVE,39.18,NO,N/A,597.38,ABOVE,3.32,0,10,"NO (need 2d, have 0d)",52.59,75.0,60.0,COOL (<60),2732.4105,2604.74,258212.79,260817.53,99.0,1.0,-5738.06,160.82
2025-02-03,1500,BULL_100,NO,NONE,600.78,90.59,94.18,3.96,18.62,30.0,NO,562.0,ABOVE,38.78,NO,N/A,597.64,ABOVE,3.14,0,11,"NO (need 2d, have 0d)",52.66,75.0,60.0,COOL (<60),2732.4105,2604.74,257338.42,259943.15,99.0,1.0,-874.38,159.94
2025-02-04,1501,BULL_100,NO,NONE,599.8,91.94,93.55,1.75,17.21,30.0,NO,562.49,ABOVE,37.31,NO,N/A,597.82,ABOVE,1.98,0,12,"NO (need 2d, have 0d)",51.65,75.0,60.0,COOL (<60),2732.4105,2604.74,255617.0,258221.74,99.0,1.0,-1721.41,158.22
2025-02-05,1502,BULL_100,NO,NONE,604.49,92.97,95.73,2.97,15.77,30.0,NO,563.02,ABOVE,41.47,NO,N/A,598.09,ABOVE,6.4,0,13,"NO (need 2d, have 0d)",56.0,75.0,60.0,COOL (<60),2732.4105,2604.74,261573.66,264178.39,99.0,1.0,5956.65,164.18
2025-02-06,1503,BULL_100,NO,NONE,605.55,96.22,95.99,-0.24,15.5,30.0,NO,563.57,ABOVE,41.98,NO,N/A,598.34,ABOVE,7.21,0,14,"NO (need 2d, have 0d)",56.94,75.0,60.0,COOL (<60),2732.4105,2604.74,262284.08,264888.82,99.0,1.0,710.43,164.89
2025-02-07,1504,BULL_100,NO,NONE,600.62,96.24,93.75,-2.59,16.54,30.0,NO,564.08,ABOVE,36.54,NO,N/A,598.43,ABOVE,2.19,0,15,"NO (need 2d, have 0d)",51.42,75.0,60.0,COOL (<60),2732.4105,2604.74,256163.48,258768.22,99.0,1.0,-6120.6,158.77
2025-02-10,1505,BULL_100,NO,NONE,603.68,94.71,95.07,0.38,15.81,30.0,NO,564.56,ABOVE,39.12,NO,N/A,598.58,ABOVE,5.1,0,16,"NO (need 2d, have 0d)",54.38,75.0,60.0,COOL (<60),2732.4105,2604.74,259770.26,262375.0,99.0,1.0,3606.78,162.38
2025-02-11,1506,BULL_100,NO,NONE,605.33,95.01,95.88,0.92,16.02,30.0,NO,565.08,ABOVE,40.25,NO,N/A,598.66,ABOVE,6.67,0,17,"NO (need 2d, have 0d)",55.94,75.0,60.0,COOL (<60),2732.4105,2604.74,261983.52,264588.25,99.0,1.0,2213.25,164.59
2025-02-12,1507,BULL_100,NO,NONE,604.53,95.54,95.48,-0.06,15.89,30.0,NO,565.57,ABOVE,38.96,NO,N/A,598.77,ABOVE,5.76,0,18,"NO (need 2d, have 0d)",54.96,75.0,60.0,COOL (<60),2732.4105,2604.74,260890.55,263495.29,99.0,1.0,-1092.96,163.5
2025-02-13,1508,BULL_100,NO,NONE,609.57,94.16,97.85,3.92,15.1,30.0,NO,566.07,ABOVE,43.5,NO,N/A,598.9,ABOVE,10.67,0,19,"NO (need 2d, have 0d)",59.74,75.0,60.0,COOL (<60),2732.4105,2604.74,267366.37,269971.1,99.0,1.0,6475.81,169.97
2025-02-14,1509,BULL_100,NO,NONE,609.65,97.97,97.8,-0.17,14.77,30.0,NO,566.57,ABOVE,43.08,NO,N/A,599.01,ABOVE,10.64,0,20,"NO (need 2d, have 0d)",59.81,75.0,60.0,COOL (<60),2732.4105,2604.74,267229.75,269834.48,99.0,1.0,-136.62,169.83
2025-02-18,1510,BULL_100,NO,NONE,611.44,98.74,98.6,-0.14,15.35,30.0,NO,567.12,ABOVE,44.32,NO,N/A,599.15,ABOVE,12.29,0,21,"NO (need 2d, have 0d)",61.49,75.0,60.0,NEUTRAL (60-75),2732.4105,2604.74,269415.67,272020.41,99.0,1.0,2185.93,172.02
2025-02-19,1511,BULL_100,NO,NONE,612.02,98.74,98.87,0.13,15.27,30.0,NO,567.67,ABOVE,44.35,NO,N/A,599.25,ABOVE,12.77,0,22,"NO (need 2d, have 0d)",62.05,75.0,60.0,NEUTRAL (60-75),2732.4105,2604.74,270153.42,272758.16,99.0,1.0,737.75,172.76
2025-02-20,1512,BULL_100,NO,NONE,610.42,98.61,98.09,-0.53,15.66,30.0,NO,568.19,ABOVE,42.23,NO,N/A,599.33,ABOVE,11.09,0,23,"NO (need 2d, have 0d)",59.5,75.0,60.0,COOL (<60),2732.4105,2604.74,268022.14,270626.88,99.0,1.0,-2131.28,170.63
2025-02-21,1513,BULL_100,NO,NONE,600.16,98.02,93.01,-5.11,18.21,30.0,NO,568.63,ABOVE,31.53,NO,N/A,599.19,ABOVE,0.97,0,24,"NO (need 2d, have 0d)",46.38,75.0,60.0,COOL (<60),2732.4105,2604.74,254141.5,256746.23,99.0,1.0,-13880.65,156.75
2025-02-24,1514,BULL_100,NO,NONE,597.09,94.17,91.34,-3.01,18.98,30.0,NO,569.03,ABOVE,28.06,NO,N/A,599.04,BELOW,-1.95,1,0,"NO (need 2d, have 1d)",43.3,75.0,60.0,COOL (<60),2732.4105,2604.74,249578.37,252183.11,99.0,1.0,-4563.12,152.18
2025-02-25,1515,BULL_100,NO,DEFENSIVE: SPY below 50-SMA for 2d,595.63,90.87,90.84,-0.03,19.43,30.0,NO,569.42,ABOVE,26.21,NO,N/A,598.89,BELOW,-3.26,2,0,YES,41.88,75.0,60.0,COOL (<60),2732.4105,2604.74,248212.17,250816.9,99.0,1.0,-1366.21,150.82
2025-02-26,1516,DEFENSIVE,YES,NONE,595.07,91.34,90.42,-1.01,19.1,30.0,NO,569.81,ABOVE,25.26,NO,N/A,598.66,BELOW,-3.59,3,0,YES,41.31,75.0,60.0,COOL (<60),1380.4637,126028.81,124821.53,250850.34,49.8,50.2,33.44,150.85
2025-02-27,1517,DEFENSIVE,NO,NONE,586.05,91.7,86.46,-5.71,21.13,30.0,NO,570.14,ABOVE,15.91,NO,N/A,598.28,BELOW,-12.23,4,0,YES,33.52,75.0,60.0,COOL (<60),1380.4637,126028.81,119354.89,245383.7,48.6,51.4,-5466.64,145.38
2025-02-28,1518,DEFENSIVE,NO,NONE,593.81,86.58,89.7,3.6,19.63,30.0,NO,570.51,ABOVE,23.3,NO,N/A,598.07,BELOW,-4.26,5,0,YES,43.41,75.0,60.0,COOL (<60),1380.4637,126028.81,123827.59,249856.41,49.6,50.4,4472.71,149.86
2025-03-03,1519,DEFENSIVE,NO,NONE,584.63,89.93,85.49,-4.94,22.78,30.0,NO,570.83,ABOVE,13.8,NO,N/A,597.64,BELOW,-13.01,6,0,YES,36.5,75.0,60.0,COOL (<60),1380.4637,126028.81,118015.84,244044.65,48.4,51.6,-5811.76,144.04
2025-03-04,1520,DEFENSIVE,NO,NONE,580.97,85.62,84.02,-1.87,23.51,30.0,NO,571.12,ABOVE,9.85,NO,N/A,597.18,BELOW,-16.21,7,0,YES,34.16,75.0,60.0,COOL (<60),1380.4637,126028.81,115986.56,242015.37,47.9,52.1,-2029.28,142.02
2025-03-05,1521,DEFENSIVE,NO,NONE,582.5,83.42,84.51,1.31,21.93,30.0,NO,571.38,ABOVE,11.12,NO,N/A,597.1,BELOW,-14.6,8,0,YES,36.0,75.0,60.0,COOL (<60),1380.4637,126028.81,116662.99,242691.8,48.1,51.9,676.43,142.69
2025-03-06,1522,DEFENSIVE,NO,NONE,574.29,82.59,80.89,-2.06,24.87,30.0,NO,571.6,ABOVE,2.69,NO,N/A,596.86,BELOW,-22.57,9,0,YES,30.99,75.0,60.0,COOL (<60),1380.4637,126028.81,111665.71,237694.52,47.0,53.0,-4997.28,137.69
2025-03-07,1523,DEFENSIVE,NO,NONE,574.85,80.84,81.05,0.26,23.37,30.0,NO,571.83,ABOVE,3.02,NO,N/A,596.51,BELOW,-21.66,10,0,YES,31.69,75.0,60.0,COOL (<60),1380.4637,126028.81,111886.58,237915.39,47.0,53.0,220.87,137.92
2025-03-10,1524,DEFENSIVE,NO,"KILL: VIX=27.9, SPY=558.50 vs 200SMA=571.97",558.5,80.2,74.02,-7.71,27.86,30.0,NO,571.97,BELOW,-13.47,YES,SPY<200SMA,595.79,BELOW,-37.29,11,0,YES,24.03,75.0,60.0,COOL (<60),1380.4637,126028.81,102181.92,228210.73,44.8,55.2,-9704.66,128.21
2025-03-11,1525,CASH,YES,NONE,557.88,75.39,73.74,-2.19,26.92,30.0,NO,572.11,BELOW,-14.23,YES,SPY<200SMA,594.92,BELOW,-37.04,12,0,YES,23.8,75.0,60.0,COOL (<60),0.0,229892.82,0.0,229892.82,0.0,100.0,1682.09,129.89
2025-03-12,1526,CASH,NO,NONE,560.59,73.89,74.8,1.23,24.23,30.0,NO,572.25,BELOW,-11.66,YES,SPY<200SMA,594.11,BELOW,-33.52,13,0,YES,27.15,75.0,60.0,COOL (<60),0.0,229892.82,0.0,229892.82,0.0,100.0,0.0,129.89
2025-03-13,1527,CASH,NO,NONE,554.13,72.72,72.17,-0.76,24.66,30.0,NO,572.39,BELOW,-18.26,YES,SPY<200SMA,593.3,BELOW,-39.17,14,0,YES,24.39,75.0,60.0,COOL (<60),0.0,229892.82,0.0,229892.82,0.0,100.0,0.0,129.89
2025-03-14,1528,CASH,NO,NONE,562.13,72.19,75.08,4.0,21.77,30.0,NO,572.56,BELOW,-10.43,YES,SPY<200SMA,592.78,BELOW,-30.65,15,0,YES,33.4,75.0,60.0,COOL (<60),0.0,229892.82,0.0,229892.82,0.0,100.0,0.0,129.89
2025-03-17,1529,CASH,NO,NONE,567.11,74.12,77.33,4.33,20.51,30.0,NO,572.75,BELOW,-5.64,YES,SPY<200SMA,592.4,BELOW,-25.29,16,0,YES,38.33,75.0,60.0,COOL (<60),0.0,229892.82,0.0,229892.82,0.0,100.0,0.0,129.89
2025-03-18,1530,CASH,NO,NONE,561.23,76.7,74.74,-2.56,21.7,30.0,NO,572.93,BELOW,-11.7,YES,SPY<200SMA,591.94,BELOW,-30.71,17,0,YES,35.03,75.0,60.0,COOL (<60),0.0,229892.82,0.0,229892.82,0.0,100.0,0.0,129.89
2025-03-19,1531,CASH,NO,NONE,568.75,74.6,77.67,4.12,19.9,30.0,NO,573.17,BELOW,-4.42,YES,SPY<200SMA,591.47,BELOW,-22.72,18,0,YES,41.91,75.0,60.0,COOL (<60),0.0,229892.82,0.0,229892.82,0.0,100.0,0.0,129.89
2025-03-20,1532,CASH,NO,NONE,565.69,77.92,76.51,-1.81,19.8,30.0,NO,573.35,BELOW,-7.66,YES,SPY<200SMA,590.87,BELOW,-25.18,19,0,YES,40.05,75.0,60.0,COOL (<60),0.0,229892.82,0.0,229892.82,0.0,100.0,0.0,129.89
2025-03-21,1533,CASH,NO,NONE,565.11,76.14,76.68,0.71,19.28,30.0,NO,573.54,BELOW,-8.43,YES,SPY<200SMA,590.39,BELOW,-25.28,20,0,YES,39.69,75.0,60.0,COOL (<60),0.0,229892.82,0.0,229892.82,0.0,100.0,0.0,129.89
2025-03-24,1534,CASH,NO,NONE,573.81,78.52,80.47,2.48,17.48,30.0,NO,573.77,ABOVE,0.04,NO,N/A,590.1,BELOW,-16.29,21,0,YES,47.32,75.0,60.0,COOL (<60),0.0,229892.82,0.0,229892.82,0.0,100.0,0.0,129.89
2025-03-25,1535,CASH,NO,NONE,575.98,80.17,81.27,1.37,17.15,30.0,NO,573.97,ABOVE,2.01,NO,N/A,590.02,BELOW,-14.04,22,0,YES,49.06,75.0,60.0,COOL (<60),0.0,229892.82,0.0,229892.82,0.0,100.0,0.0,129.89
2025-03-26,1536,CASH,NO,NONE,567.5,80.76,77.56,-3.96,18.33,30.0,NO,574.14,BELOW,-6.64,YES,SPY<200SMA,589.7,BELOW,-22.2,23,0,YES,43.09,75.0,60.0,COOL (<60),0.0,229892.82,0.0,229892.82,0.0,100.0,0.0,129.89
2025-03-27,1537,CASH,NO,NONE,566.58,77.88,77.09,-1.01,18.69,30.0,NO,574.3,BELOW,-7.72,YES,SPY<200SMA,589.38,BELOW,-22.8,24,0,YES,42.49,75.0,60.0,COOL (<60),0.0,229892.82,0.0,229892.82,0.0,100.0,0.0,129.89
2025-03-28,1538,CASH,NO,NONE,554.15,76.34,71.91,-5.8,21.65,30.0,NO,574.4,BELOW,-20.25,YES,SPY<200SMA,588.6,BELOW,-34.45,25,0,YES,35.3,75.0,60.0,COOL (<60),0.0,229892.82,0.0,229892.82,0.0,100.0,0.0,129.89
2025-03-31,1539,CASH,NO,NONE,557.04,71.17,73.08,2.68,22.28,30.0,NO,574.5,BELOW,-17.46,YES,SPY<200SMA,587.91,BELOW,-30.87,26,0,YES,37.93,75.0,60.0,COOL (<60),0.0,229892.82,0.0,229892.82,0.0,100.0,0.0,129.89
2025-04-01,1540,CASH,NO,NONE,561.77,73.25,74.98,2.36,21.77,30.0,NO,574.6,BELOW,-12.83,YES,SPY<200SMA,587.2,BELOW,-25.43,27,0,YES,42.08,75.0,60.0,COOL (<60),0.0,229892.82,0.0,229892.82,0.0,100.0,0.0,129.89
2025-04-02,1541,CASH,NO,NONE,544.84,73.88,68.13,-7.78,21.51,30.0,NO,574.61,BELOW,-29.77,YES,SPY<200SMA,586.01,BELOW,-41.17,28,0,YES,33.46,75.0,60.0,COOL (<60),0.0,229892.82,0.0,229892.82,0.0,100.0,0.0,129.89
2025-04-03,1542,CASH,NO,NONE,536.2,69.33,64.71,-6.66,30.02,30.0,YES,574.57,BELOW,-38.37,YES,VIX>30.0 | SPY<200SMA,584.62,BELOW,-48.42,29,0,YES,30.07,75.0,60.0,COOL (<60),0.0,229892.82,0.0,229892.82,0.0,100.0,0.0,129.89
2025-04-04,1543,CASH,NO,NONE,505.67,63.78,53.28,-16.46,45.31,30.0,YES,574.36,BELOW,-68.69,YES,VIX>30.0 | SPY<200SMA,582.55,BELOW,-76.88,30,0,YES,21.71,75.0,60.0,COOL (<60),0.0,229892.82,0.0,229892.82,0.0,100.0,0.0,129.89
2025-04-07,1544,CASH,NO,NONE,509.58,46.38,54.55,17.62,46.98,30.0,YES,574.17,BELOW,-64.59,YES,VIX>30.0 | SPY<200SMA,580.59,BELOW,-71.01,31,0,YES,24.6,75.0,60.0,COOL (<60),0.0,229892.82,0.0,229892.82,0.0,100.0,0.0,129.89
2025-04-08,1545,CASH,NO,NONE,490.6,55.83,48.69,-12.79,52.33,30.0,YES,573.89,BELOW,-83.29,YES,VIX>30.0 | SPY<200SMA,578.4,BELOW,-87.8,32,0,YES,20.62,75.0,60.0,COOL (<60),0.0,229892.82,0.0,229892.82,0.0,100.0,0.0,129.89
2025-04-09,1546,CASH,NO,NONE,545.76,50.98,65.63,28.74,33.62,30.0,YES,573.89,BELOW,-28.13,YES,VIX>30.0 | SPY<200SMA,577.24,BELOW,-31.48,33,0,YES,47.31,75.0,60.0,COOL (<60),0.0,229892.82,0.0,229892.82,0.0,100.0,0.0,129.89
2025-04-10,1547,CASH,NO,NONE,522.02,61.83,57.15,-7.57,40.72,30.0,YES,573.79,BELOW,-51.77,YES,VIX>30.0 | SPY<200SMA,575.64,BELOW,-53.62,34,0,YES,40.93,75.0,60.0,COOL (<60),0.0,229892.82,0.0,229892.82,0.0,100.0,0.0,129.89
2025-04-11,1548,CASH,NO,NONE,534.2,58.45,60.94,4.26,37.56,30.0,YES,573.74,BELOW,-39.54,YES,VIX>30.0 | SPY<200SMA,574.21,BELOW,-40.01,35,0,YES,45.03,75.0,60.0,COOL (<60),0.0,229892.82,0.0,229892.82,0.0,100.0,0.0,129.89
2025-04-14,1549,CASH,NO,NONE,536.79,63.65,62.03,-2.55,30.89,30.0,YES,573.7,BELOW,-36.91,YES,VIX>30.0 | SPY<200SMA,572.93,BELOW,-36.14,36,0,YES,45.88,75.0,60.0,COOL (<60),0.0,229892.82,0.0,229892.82,0.0,100.0,0.0,129.89
2025-04-15,1550,CASH,NO,NONE,533.61,63.06,60.79,-3.6,30.12,30.0,YES,573.63,BELOW,-40.02,YES,VIX>30.0 | SPY<200SMA,571.59,BELOW,-37.98,37,0,YES,44.96,75.0,60.0,COOL (<60),0.0,229892.82,0.0,229892.82,0.0,100.0,0.0,129.89
2025-04-16,1551,CASH,NO,NONE,525.87,59.42,58.16,-2.12,32.64,30.0,YES,573.54,BELOW,-47.67,YES,VIX>30.0 | SPY<200SMA,570.11,BELOW,-44.24,38,0,YES,42.69,75.0,60.0,COOL (<60),0.0,229892.82,0.0,229892.82,0.0,100.0,0.0,129.89
2025-04-17,1552,CASH,NO,NONE,527.05,59.97,58.46,-2.52,29.65,30.0,NO,573.45,BELOW,-46.4,YES,SPY<200SMA,568.56,BELOW,-41.51,39,0,YES,43.16,75.0,60.0,COOL (<60),0.0,229892.82,0.0,229892.82,0.0,100.0,0.0,129.89
2025-04-21,1553,CASH,NO,NONE,516.07,56.42,54.77,-2.92,33.82,30.0,YES,573.29,BELOW,-57.22,YES,VIX>30.0 | SPY<200SMA,566.77,BELOW,-50.7,40,0,YES,39.88,75.0,60.0,COOL (<60),0.0,229892.82,0.0,229892.82,0.0,100.0,0.0,129.89
2025-04-22,1554,CASH,NO,NONE,536.6,55.56,61.43,10.57,30.57,30.0,YES,573.21,BELOW,-36.61,YES,VIX>30.0 | SPY<200SMA,565.49,BELOW,-28.89,41,0,YES,47.86,75.0,60.0,COOL (<60),0.0,229892.82,0.0,229892.82,0.0,100.0,0.0,129.89
2025-04-23,1555,CASH,NO,NONE,536.87,61.46,61.46,0.0,28.45,30.0,NO,573.13,BELOW,-36.26,YES,SPY<200SMA,564.15,BELOW,-27.28,42,0,YES,47.96,75.0,60.0,COOL (<60),0.0,229892.82,0.0,229892.82,0.0,100.0,0.0,129.89
2025-04-24,1556,CASH,NO,NONE,548.42,60.2,65.41,8.65,26.47,30.0,NO,573.09,BELOW,-24.67,YES,SPY<200SMA,563.02,BELOW,-14.6,43,0,YES,52.1,75.0,60.0,COOL (<60),0.0,229892.82,0.0,229892.82,0.0,100.0,0.0,129.89
2025-04-25,1557,CASH,NO,NONE,551.15,65.77,66.35,0.88,24.84,30.0,NO,573.06,BELOW,-21.91,YES,SPY<200SMA,561.95,BELOW,-10.8,44,0,YES,53.05,75.0,60.0,COOL (<60),0.0,229892.82,0.0,229892.82,0.0,100.0,0.0,129.89
2025-04-28,1558,CASH,NO,NONE,550.95,65.47,66.32,1.3,25.15,30.0,NO,573.01,BELOW,-22.06,YES,SPY<200SMA,560.78,BELOW,-9.83,45,0,YES,52.96,75.0,60.0,COOL (<60),0.0,229892.82,0.0,229892.82,0.0,100.0,0.0,129.89
2025-04-29,1559,CASH,NO,NONE,552.99,66.93,66.96,0.04,24.17,30.0,NO,572.99,BELOW,-20.0,YES,SPY<200SMA,559.64,BELOW,-6.65,46,0,YES,53.76,75.0,60.0,COOL (<60),0.0,229892.82,0.0,229892.82,0.0,100.0,0.0,129.89
2025-04-30,1560,CASH,NO,NONE,559.2,67.07,69.26,3.27,24.7,30.0,NO,572.99,BELOW,-13.79,YES,SPY<200SMA,558.6,ABOVE,0.6,0,1,"NO (need 2d, have 0d)",56.18,75.0,60.0,COOL (<60),0.0,229892.82,0.0,229892.82,0.0,100.0,0.0,129.89
2025-05-01,1561,CASH,NO,NONE,557.18,69.62,68.45,-1.68,24.6,30.0,NO,572.97,BELOW,-15.79,YES,SPY<200SMA,557.5,BELOW,-0.32,1,0,"NO (need 2d, have 1d)",55.17,75.0,60.0,COOL (<60),0.0,229892.82,0.0,229892.82,0.0,100.0,0.0,129.89
2025-05-02,1562,CASH,NO,NONE,566.9,69.8,71.92,3.04,22.68,30.0,NO,572.98,BELOW,-6.08,YES,SPY<200SMA,556.63,ABOVE,10.27,0,1,"NO (need 2d, have 0d)",59.0,75.0,60.0,COOL (<60),0.0,229892.82,0.0,229892.82,0.0,100.0,0.0,129.89
2025-05-05,1563,CASH,NO,NONE,562.87,70.66,70.41,-0.35,23.64,30.0,NO,573.0,BELOW,-10.13,YES,SPY<200SMA,555.88,ABOVE,6.99,0,2,"NO (need 2d, have 0d)",56.83,75.0,60.0,COOL (<60),0.0,229892.82,0.0,229892.82,0.0,100.0,0.0,129.89
2025-05-06,1564,CASH,NO,NONE,563.33,69.51,70.55,1.5,24.76,30.0,NO,573.05,BELOW,-9.72,YES,SPY<200SMA,555.21,ABOVE,8.12,0,3,"NO (need 2d, have 0d)",57.03,75.0,60.0,COOL (<60),0.0,229892.82,0.0,229892.82,0.0,100.0,0.0,129.89
2025-05-07,1565,CASH,NO,NONE,561.07,70.15,69.7,-0.64,23.55,30.0,NO,573.11,BELOW,-12.04,YES,SPY<200SMA,554.52,ABOVE,6.55,0,4,"NO (need 2d, have 0d)",55.7,75.0,60.0,COOL (<60),0.0,229892.82,0.0,229892.82,0.0,100.0,0.0,129.89
2025-05-08,1566,CASH,NO,NONE,564.34,71.36,70.92,-0.62,22.48,30.0,NO,573.16,BELOW,-8.82,YES,SPY<200SMA,553.9,ABOVE,10.44,0,5,"NO (need 2d, have 0d)",57.25,75.0,60.0,COOL (<60),0.0,229892.82,0.0,229892.82,0.0,100.0,0.0,129.89
2025-05-09,1567,CASH,NO,NONE,564.97,71.27,71.02,-0.35,21.9,30.0,NO,573.23,BELOW,-8.26,YES,SPY<200SMA,553.48,ABOVE,11.49,0,6,"NO (need 2d, have 0d)",57.56,75.0,60.0,COOL (<60),0.0,229892.82,0.0,229892.82,0.0,100.0,0.0,129.89
2025-05-12,1568,CASH,NO,"RE-ENTRY: SPY>573(200), VIX=18.4<30, SPY>553(50)",582.16,76.16,77.63,1.93,18.39,30.0,NO,573.43,ABOVE,8.73,NO,N/A,553.25,ABOVE,28.91,0,7,"NO (need 2d, have 0d)",64.97,75.0,60.0,NEUTRAL (60-75),0.0,229892.82,0.0,229892.82,0.0,100.0,0.0,129.89
2025-05-13,1569,BULL_100,YES,NONE,587.35,76.9,79.59,3.5,18.22,30.0,NO,573.67,ABOVE,13.68,NO,N/A,553.3,ABOVE,34.05,0,8,"NO (need 2d, have 0d)",66.85,75.0,60.0,NEUTRAL (60-75),2959.6085,2184.13,235555.24,237739.37,99.1,0.9,7846.55,137.74
2025-05-14,1570,BULL_100,NO,NONE,586.08,79.65,79.09,-0.7,18.62,30.0,NO,573.88,ABOVE,12.2,NO,N/A,553.41,ABOVE,32.67,0,9,"NO (need 2d, have 0d)",65.92,75.0,60.0,NEUTRAL (60-75),2959.6085,2184.13,234075.44,236259.57,99.1,0.9,-1479.8,136.26
2025-05-15,1571,BULL_100,NO,NONE,590.07,78.38,80.7,2.96,17.83,30.0,NO,574.11,ABOVE,15.96,NO,N/A,553.56,ABOVE,36.51,0,10,"NO (need 2d, have 0d)",67.46,75.0,60.0,NEUTRAL (60-75),2959.6085,2184.13,238840.41,241024.54,99.1,0.9,4764.97,141.02
2025-05-16,1572,BULL_100,NO,NONE,588.25,81.05,79.75,-1.6,17.24,30.0,NO,574.34,ABOVE,13.91,NO,N/A,553.84,ABOVE,34.41,0,11,"NO (need 2d, have 0d)",65.99,75.0,60.0,NEUTRAL (60-75),2959.6085,2184.13,236028.78,238212.91,99.1,0.9,-2811.63,138.21
2025-05-19,1573,BULL_100,NO,NONE,595.34,79.42,82.72,4.16,18.14,30.0,NO,574.55,ABOVE,20.79,NO,N/A,554.25,ABOVE,41.09,0,12,"NO (need 2d, have 0d)",68.83,75.0,60.0,NEUTRAL (60-75),2959.6085,2184.13,244818.82,247002.95,99.1,0.9,8790.04,147.0
2025-05-20,1574,BULL_100,NO,NONE,592.35,81.96,81.43,-0.65,18.09,30.0,NO,574.81,ABOVE,17.54,NO,N/A,554.92,ABOVE,37.43,0,13,"NO (need 2d, have 0d)",66.32,75.0,60.0,NEUTRAL (60-75),2959.6085,2184.13,241000.92,243185.05,99.1,0.9,-3817.9,143.19
2025-05-21,1575,BULL_100,NO,NONE,583.08,80.55,77.63,-3.63,20.87,30.0,NO,575.06,ABOVE,8.02,NO,N/A,555.43,ABOVE,27.65,0,14,"NO (need 2d, have 0d)",59.12,75.0,60.0,COOL (<60),2959.6085,2184.13,229754.41,231938.54,99.1,0.9,-11246.51,131.94
2025-05-22,1576,BULL_100,NO,NONE,583.18,77.89,77.3,-0.76,20.28,30.0,NO,575.37,ABOVE,7.81,NO,N/A,555.88,ABOVE,27.3,0,15,"NO (need 2d, have 0d)",59.17,75.0,60.0,COOL (<60),2959.6085,2184.13,228777.74,230961.87,99.1,0.9,-976.67,130.96
2025-05-23,1577,BULL_100,NO,NONE,579.0,77.9,75.9,-2.57,22.29,30.0,NO,575.66,ABOVE,3.34,NO,N/A,556.38,ABOVE,22.62,0,16,"NO (need 2d, have 0d)",55.99,75.0,60.0,COOL (<60),2959.6085,2184.13,224634.29,226818.42,99.0,1.0,-4143.45,126.82
2025-05-27,1578,BULL_100,NO,NONE,591.33,79.42,80.73,1.65,18.96,30.0,NO,576.04,ABOVE,15.29,NO,N/A,556.96,ABOVE,34.37,0,17,"NO (need 2d, have 0d)",62.4,75.0,60.0,NEUTRAL (60-75),2959.6085,2184.13,238929.2,241113.33,99.1,0.9,14294.91,141.11
2025-05-28,1579,BULL_100,NO,NONE,596.6,80.16,82.48,2.89,19.31,30.0,NO,576.36,ABOVE,20.24,NO,N/A,557.55,ABOVE,39.05,0,18,"NO (need 2d, have 0d)",64.77,75.0,60.0,NEUTRAL (60-75),2959.6085,2184.13,244108.51,246292.64,99.1,0.9,5179.31,146.29
2025-05-29,1580,BULL_100,NO,NONE,588.29,83.4,79.39,-4.81,19.18,30.0,NO,576.64,ABOVE,11.65,NO,N/A,558.09,ABOVE,30.2,0,19,"NO (need 2d, have 0d)",58.52,75.0,60.0,COOL (<60),2959.6085,2184.13,234963.32,237147.45,99.1,0.9,-9145.19,137.15
2025-05-30,1581,BULL_100,NO,NONE,588.39,79.79,79.02,-0.97,18.57,30.0,NO,576.92,ABOVE,11.47,NO,N/A,558.48,ABOVE,29.91,0,20,"NO (need 2d, have 0d)",58.57,75.0,60.0,COOL (<60),2959.6085,2184.13,233868.26,236052.4,99.1,0.9,-1095.05,136.05
2025-06-02,1582,BULL_100,NO,NONE,591.5,78.48,80.57,2.66,18.36,30.0,NO,577.16,ABOVE,14.34,NO,N/A,559.0,ABOVE,32.5,0,21,"NO (need 2d, have 0d)",60.24,75.0,60.0,NEUTRAL (60-75),2959.6085,2184.13,238455.66,240639.79,99.1,0.9,4587.39,140.64
2025-06-03,1583,BULL_100,NO,NONE,596.35,79.92,82.61,3.37,17.69,30.0,NO,577.43,ABOVE,18.92,NO,N/A,559.62,ABOVE,36.73,0,22,"NO (need 2d, have 0d)",62.75,75.0,60.0,NEUTRAL (60-75),2959.6085,2184.13,244493.26,246677.39,99.1,0.9,6037.6,146.68
2025-06-04,1584,BULL_100,NO,NONE,595.42,82.81,82.16,-0.78,17.61,30.0,NO,577.64,ABOVE,17.78,NO,N/A,560.06,ABOVE,35.36,0,23,"NO (need 2d, have 0d)",61.94,75.0,60.0,NEUTRAL (60-75),2959.6085,2184.13,243161.44,245345.57,99.1,0.9,-1331.82,145.35
2025-06-05,1585,BULL_100,NO,NONE,592.82,82.93,81.09,-2.22,18.48,30.0,NO,577.83,ABOVE,14.99,NO,N/A,560.39,ABOVE,32.43,0,24,"NO (need 2d, have 0d)",59.63,75.0,60.0,COOL (<60),2959.6085,2184.13,239994.65,242178.79,99.1,0.9,-3166.78,142.18
2025-06-06,1586,BULL_100,NO,NONE,599.71,82.02,83.7,2.05,16.77,30.0,NO,578.03,ABOVE,21.68,NO,N/A,561.04,ABOVE,38.67,0,25,"NO (need 2d, have 0d)",63.51,75.0,60.0,NEUTRAL (60-75),2959.6085,2184.13,247719.23,249903.36,99.1,0.9,7724.57,149.9
2025-06-09,1587,BULL_100,NO,NONE,599.92,83.7,83.85,0.18,17.16,30.0,NO,578.24,ABOVE,21.68,NO,N/A,561.71,ABOVE,38.21,0,26,"NO (need 2d, have 0d)",63.63,75.0,60.0,NEUTRAL (60-75),2959.6085,2184.13,248163.17,250347.31,99.1,0.9,443.95,150.35
2025-06-10,1588,BULL_100,NO,NONE,602.58,83.48,84.93,1.74,16.95,30.0,NO,578.45,ABOVE,24.13,NO,N/A,562.67,ABOVE,39.91,0,27,"NO (need 2d, have 0d)",65.12,75.0,60.0,NEUTRAL (60-75),2959.6085,2184.13,251359.55,253543.68,99.1,0.9,3196.37,153.54
2025-06-11,1589,BULL_100,NO,NONE,600.47,84.64,84.14,-0.59,17.26,30.0,NO,578.66,ABOVE,21.81,NO,N/A,563.54,ABOVE,36.93,0,28,"NO (need 2d, have 0d)",62.91,75.0,60.0,NEUTRAL (60-75),2959.6085,2184.13,249021.46,251205.59,99.1,0.9,-2338.09,151.21
2025-06-12,1590,BULL_100,NO,NONE,600.2,83.29,83.92,0.76,18.02,30.0,NO,578.85,ABOVE,21.35,NO,N/A,564.31,ABOVE,35.89,0,29,"NO (need 2d, have 0d)",62.62,75.0,60.0,NEUTRAL (60-75),2959.6085,2184.13,248370.35,250554.48,99.1,0.9,-651.11,150.55
2025-06-13,1591,BULL_100,NO,NONE,597.46,82.42,82.6,0.22,20.82,30.0,NO,579.04,ABOVE,18.42,NO,N/A,565.36,ABOVE,32.1,0,30,"NO (need 2d, have 0d)",59.58,75.0,60.0,COOL (<60),2959.6085,2184.13,244463.66,246647.79,99.1,0.9,-3906.69,146.65
2025-06-16,1592,BULL_100,NO,NONE,598.95,83.53,83.26,-0.32,19.11,30.0,NO,579.23,ABOVE,19.72,NO,N/A,566.62,ABOVE,32.33,0,31,"NO (need 2d, have 0d)",60.7,75.0,60.0,NEUTRAL (60-75),2959.6085,2184.13,246417.01,248601.14,99.1,0.9,1953.35,148.6
2025-06-17,1593,BULL_100,NO,NONE,596.09,83.21,82.04,-1.41,21.6,30.0,NO,579.44,ABOVE,16.65,NO,N/A,568.43,ABOVE,27.66,0,32,"NO (need 2d, have 0d)",57.42,75.0,60.0,COOL (<60),2959.6085,2184.13,242806.28,244990.41,99.1,0.9,-3610.73,144.99
2025-06-18,1594,BULL_100,NO,NONE,597.19,83.16,82.38,-0.94,20.14,30.0,NO,579.63,ABOVE,17.56,NO,N/A,570.18,ABOVE,27.01,0,33,"NO (need 2d, have 0d)",58.35,75.0,60.0,COOL (<60),2959.6085,2184.13,243812.55,245996.68,99.1,0.9,1006.27,146.0
2025-06-20,1595,BULL_100,NO,NONE,595.45,82.22,82.15,-0.09,20.62,30.0,NO,579.79,ABOVE,15.66,NO,N/A,572.28,ABOVE,23.17,0,34,"NO (need 2d, have 0d)",56.26,75.0,60.0,COOL (<60),2959.6085,2184.13,243131.84,245315.97,99.1,0.9,-680.71,145.32
2025-06-23,1596,BULL_100,NO,NONE,603.45,82.26,85.64,4.11,19.83,30.0,NO,580.05,ABOVE,23.4,NO,N/A,573.43,ABOVE,30.02,0,35,"NO (need 2d, have 0d)",62.86,75.0,60.0,NEUTRAL (60-75),2959.6085,2184.13,253460.87,255645.0,99.1,0.9,10329.03,155.65
2025-06-24,1597,BULL_100,NO,NONE,606.9,86.31,86.91,0.7,17.48,30.0,NO,580.34,ABOVE,26.56,NO,N/A,575.13,ABOVE,31.77,0,36,"NO (need 2d, have 0d)",65.29,75.0,60.0,NEUTRAL (60-75),2959.6085,2184.13,257219.58,259403.71,99.2,0.8,3758.71,159.4
2025-06-25,1598,BULL_100,NO,NONE,607.07,86.91,86.9,-0.01,16.76,30.0,NO,580.63,ABOVE,26.44,NO,N/A,576.58,ABOVE,30.49,0,37,"NO (need 2d, have 0d)",65.42,75.0,60.0,NEUTRAL (60-75),2959.6085,2184.13,257189.98,259374.11,99.2,0.8,-29.6,159.37
2025-06-26,1599,BULL_100,NO,NONE,612.05,87.5,89.0,1.71,16.59,30.0,NO,580.99,ABOVE,31.06,NO,N/A,578.09,ABOVE,33.96,0,38,"NO (need 2d, have 0d)",68.82,75.0,60.0,NEUTRAL (60-75),2959.6085,2184.13,263405.16,265589.29,99.2,0.8,6215.18,165.59
2025-06-27,1600,BULL_100,NO,NONE,613.58,89.57,89.9,0.37,16.32,30.0,NO,581.32,ABOVE,32.26,NO,N/A,579.69,ABOVE,33.89,0,39,"NO (need 2d, have 0d)",69.81,75.0,60.0,NEUTRAL (60-75),2959.6085,2184.13,266068.81,268252.94,99.2,0.8,2663.65,168.25
2025-06-30,1601,BULL_100,NO,NONE,617.64,91.15,91.2,0.05,16.73,30.0,NO,581.67,ABOVE,35.97,NO,N/A,581.52,ABOVE,36.12,0,40,"NO (need 2d, have 0d)",72.31,75.0,60.0,NEUTRAL (60-75),2959.6085,2184.13,269916.3,272100.43,99.2,0.8,3847.49,172.1
2025-07-01,1602,BULL_100,NO,NONE,617.87,91.04,91.36,0.35,16.83,30.0,NO,581.99,ABOVE,35.88,NO,N/A,583.34,ABOVE,34.53,0,41,"NO (need 2d, have 0d)",72.44,75.0,60.0,NEUTRAL (60-75),2959.6085,2184.13,270389.83,272573.97,99.2,0.8,473.54,172.57
2025-07-02,1603,BULL_100,NO,NONE,620.58,91.59,92.58,1.08,16.64,30.0,NO,582.3,ABOVE,38.28,NO,N/A,585.43,ABOVE,35.15,0,42,"NO (need 2d, have 0d)",74.1,75.0,60.0,NEUTRAL (60-75),2959.6085,2184.13,274000.56,276184.69,99.2,0.8,3610.72,176.18
2025-07-03,1604,BULL_100,NO,RSI TRIM: RSI=76.6>75.0,625.01,92.77,94.4,1.76,16.38,30.0,NO,582.61,ABOVE,42.4,NO,N/A,587.2,ABOVE,37.81,0,43,"NO (need 2d, have 0d)",76.57,75.0,60.0,HOT (>75),2959.6085,2184.13,279387.04,281571.18,99.2,0.8,5386.49,181.57
2025-07-07,1605,BULL_TRIMMED,YES,NONE,620.0,93.49,92.08,-1.51,17.79,30.0,NO,582.9,ABOVE,37.1,NO,N/A,588.86,ABOVE,31.14,0,44,"NO (need 2d, have 0d)",68.6,75.0,60.0,NEUTRAL (60-75),2237.228,69684.72,206003.96,275688.67,74.7,25.3,-5882.51,175.69
2025-07-08,1606,BULL_TRIMMED,NO,NONE,620.35,92.96,92.23,-0.79,16.81,30.0,NO,583.18,ABOVE,37.17,NO,N/A,590.3,ABOVE,30.05,0,45,"NO (need 2d, have 0d)",68.84,75.0,60.0,NEUTRAL (60-75),2237.228,69684.72,206339.54,276024.26,74.8,25.2,335.59,176.02
2025-07-09,1607,BULL_TRIMMED,NO,NONE,623.71,92.35,93.76,1.53,15.94,30.0,NO,583.48,ABOVE,40.23,NO,N/A,591.75,ABOVE,31.96,0,46,"NO (need 2d, have 0d)",71.16,75.0,60.0,NEUTRAL (60-75),2237.228,69684.72,209762.5,279447.22,75.1,24.9,3422.96,179.45
2025-07-10,1608,BULL_TRIMMED,NO,NONE,626.06,93.31,94.74,1.53,15.78,30.0,NO,583.76,ABOVE,42.3,NO,N/A,593.25,ABOVE,32.81,0,47,"NO (need 2d, have 0d)",72.69,75.0,60.0,NEUTRAL (60-75),2237.228,69684.72,211954.98,281639.7,75.3,24.7,2192.48,181.64
2025-07-11,1609,BULL_TRIMMED,NO,NONE,623.01,94.01,93.36,-0.69,16.4,30.0,NO,584.03,ABOVE,38.98,NO,N/A,594.65,ABOVE,28.36,0,48,"NO (need 2d, have 0d)",67.67,75.0,60.0,NEUTRAL (60-75),2237.228,69684.72,208867.61,278552.32,75.0,25.0,-3087.38,178.55
2025-07-14,1610,BULL_TRIMMED,NO,NONE,624.11,92.59,93.73,1.23,17.2,30.0,NO,584.3,ABOVE,39.81,NO,N/A,595.95,ABOVE,28.16,0,49,"NO (need 2d, have 0d)",68.51,75.0,60.0,NEUTRAL (60-75),2237.228,69684.72,209695.38,279380.1,75.1,24.9,827.78,179.38
2025-07-15,1611,BULL_TRIMMED,NO,NONE,621.0,94.86,92.35,-2.65,17.38,30.0,NO,584.55,ABOVE,36.45,NO,N/A,597.23,ABOVE,23.77,0,50,"NO (need 2d, have 0d)",63.47,75.0,60.0,NEUTRAL (60-75),2237.228,69684.72,206608.01,276292.72,74.8,25.2,-3087.38,176.29
2025-07-16,1612,BULL_TRIMMED,NO,NONE,623.21,92.33,93.28,1.03,17.16,30.0,NO,584.81,ABOVE,38.4,NO,N/A,598.36,ABOVE,24.85,0,51,"NO (need 2d, have 0d)",65.42,75.0,60.0,NEUTRAL (60-75),2237.228,69684.72,208688.63,278373.35,75.0,25.0,2080.63,178.37
2025-07-17,1613,BULL_TRIMMED,NO,NONE,628.67,93.84,95.78,2.07,16.52,30.0,NO,585.1,ABOVE,43.57,NO,N/A,599.67,ABOVE,29.0,0,52,"NO (need 2d, have 0d)",69.72,75.0,60.0,NEUTRAL (60-75),2237.228,69684.72,214281.7,283966.42,75.5,24.5,5593.07,183.97
2025-07-18,1614,BULL_TRIMMED,NO,NONE,627.69,95.67,95.15,-0.54,16.41,30.0,NO,585.38,ABOVE,42.31,NO,N/A,600.96,ABOVE,26.73,0,53,"NO (need 2d, have 0d)",68.08,75.0,60.0,NEUTRAL (60-75),2237.228,69684.72,212872.25,282556.96,75.3,24.7,-1409.46,182.56
2025-07-21,1615,BULL_TRIMMED,NO,NONE,629.04,95.8,95.79,-0.01,16.65,30.0,NO,585.66,ABOVE,43.38,NO,N/A,602.32,ABOVE,26.72,0,54,"NO (need 2d, have 0d)",69.15,75.0,60.0,NEUTRAL (60-75),2237.228,69684.72,214304.07,283988.79,75.5,24.5,1431.83,183.99
2025-07-22,1616,BULL_TRIMMED,NO,NONE,630.57,95.36,96.43,1.12,16.5,30.0,NO,585.97,ABOVE,44.6,NO,N/A,603.64,ABOVE,26.93,0,55,"NO (need 2d, have 0d)",70.37,75.0,60.0,NEUTRAL (60-75),2237.228,69684.72,215735.9,285420.61,75.6,24.4,1431.82,185.42
2025-07-23,1617,BULL_TRIMMED,NO,NONE,634.58,96.4,98.27,1.94,15.37,30.0,NO,586.3,ABOVE,48.28,NO,N/A,605.03,ABOVE,29.55,0,56,"NO (need 2d, have 0d)",73.34,75.0,60.0,NEUTRAL (60-75),2237.228,69684.72,219852.4,289537.11,75.9,24.1,4116.5,189.54
2025-07-24,1618,BULL_TRIMMED,NO,NONE,635.45,97.94,98.6,0.67,15.39,30.0,NO,586.64,ABOVE,48.81,NO,N/A,606.1,ABOVE,29.35,0,57,"NO (need 2d, have 0d)",73.95,75.0,60.0,NEUTRAL (60-75),2237.228,69684.72,220590.68,290275.4,76.0,24.0,738.29,190.28
2025-07-25,1619,BULL_TRIMMED,NO,NONE,637.5,98.4,99.4,1.02,14.93,30.0,NO,586.96,ABOVE,50.54,NO,N/A,607.1,ABOVE,30.4,0,58,"NO (need 2d, have 0d)",75.38,75.0,60.0,HOT (>75),2237.228,69684.72,222380.47,292065.18,76.1,23.9,1789.78,192.07
2025-07-28,1620,BULL_TRIMMED,NO,NONE,637.36,100.28,99.39,-0.89,15.03,30.0,NO,587.31,ABOVE,50.05,NO,N/A,608.13,ABOVE,29.23,0,59,"NO (need 2d, have 0d)",75.07,75.0,60.0,HOT (>75),2237.228,69684.72,222358.09,292042.81,76.1,23.9,-22.37,192.04
2025-07-29,1621,BULL_TRIMMED,NO,NONE,635.31,99.85,98.5,-1.35,15.98,30.0,NO,587.62,ABOVE,47.69,NO,N/A,609.03,ABOVE,26.28,0,60,"NO (need 2d, have 0d)",70.6,75.0,60.0,NEUTRAL (60-75),2237.228,69684.72,220366.96,290051.68,76.0,24.0,-1991.13,190.05
2025-07-30,1622,BULL_TRIMMED,NO,NONE,638.94,98.79,100.14,1.37,15.48,30.0,NO,587.93,ABOVE,51.01,NO,N/A,610.05,ABOVE,28.89,0,61,"NO (need 2d, have 0d)",73.6,75.0,60.0,NEUTRAL (60-75),2237.228,69684.72,224036.02,293720.73,76.3,23.7,3669.05,193.72
2025-07-31,1623,BULL_TRIMMED,NO,RSI RECOVERY: RSI=59.4<60.0,631.01,101.12,96.38,-4.69,16.72,30.0,NO,588.2,ABOVE,42.81,NO,N/A,610.76,ABOVE,20.25,0,62,"NO (need 2d, have 0d)",59.35,75.0,60.0,COOL (<60),2237.228,69684.72,215624.04,285308.75,75.6,24.4,-8411.98,185.31
2025-08-01,1624,BULL_100,YES,NONE,621.3,94.56,91.85,-2.87,20.38,30.0,NO,588.42,ABOVE,32.88,NO,N/A,611.34,ABOVE,9.96,0,63,"NO (need 2d, have 0d)",47.29,75.0,60.0,COOL (<60),2944.4229,2777.93,270445.24,273223.18,99.0,1.0,-12085.57,173.22
2025-08-04,1625,BULL_100,NO,NONE,631.78,93.45,96.43,3.19,17.52,30.0,NO,588.65,ABOVE,43.13,NO,N/A,612.31,ABOVE,19.47,0,64,"NO (need 2d, have 0d)",57.36,75.0,60.0,COOL (<60),2944.4229,2777.93,283930.7,286708.63,99.0,1.0,13485.45,186.71
2025-08-05,1626,BULL_100,NO,NONE,627.12,96.39,94.39,-2.07,17.85,30.0,NO,588.89,ABOVE,38.23,NO,N/A,613.19,ABOVE,13.93,0,65,"NO (need 2d, have 0d)",52.55,75.0,60.0,COOL (<60),2944.4229,2777.93,277924.08,280702.01,99.0,1.0,-6006.62,180.7
2025-08-06,1627,BULL_100,NO,NONE,633.65,96.15,97.22,1.11,16.77,30.0,NO,589.15,ABOVE,44.5,NO,N/A,614.29,ABOVE,19.36,0,66,"NO (need 2d, have 0d)",57.88,75.0,60.0,COOL (<60),2944.4229,2777.93,286256.79,289034.73,99.0,1.0,8332.72,189.03
2025-08-07,1628,BULL_100,NO,NONE,633.3,97.87,97.01,-0.88,16.57,30.0,NO,589.4,ABOVE,43.9,NO,N/A,615.13,ABOVE,18.17,0,67,"NO (need 2d, have 0d)",57.51,75.0,60.0,COOL (<60),2944.4229,2777.93,285638.46,288416.4,99.0,1.0,-618.33,188.42
2025-08-08,1629,BULL_100,NO,NONE,638.59,97.1,99.27,2.23,15.15,30.0,NO,589.67,ABOVE,48.92,NO,N/A,615.96,ABOVE,22.62,0,68,"NO (need 2d, have 0d)",61.54,75.0,60.0,NEUTRAL (60-75),2944.4229,2777.93,292292.86,295070.79,99.1,0.9,6654.39,195.07
2025-08-11,1630,BULL_100,NO,NONE,635.67,98.81,98.0,-0.82,16.25,30.0,NO,589.93,ABOVE,45.74,NO,N/A,616.91,ABOVE,18.76,0,69,"NO (need 2d, have 0d)",58.26,75.0,60.0,COOL (<60),2944.4229,2777.93,288553.44,291331.38,99.0,1.0,-3739.41,191.33
2025-08-12,1631,BULL_100,NO,NONE,643.06,98.51,101.36,2.89,14.73,30.0,NO,590.23,ABOVE,52.83,NO,N/A,618.01,ABOVE,25.05,0,70,"NO (need 2d, have 0d)",63.56,75.0,60.0,NEUTRAL (60-75),2944.4229,2777.93,298446.7,301224.64,99.1,0.9,9893.26,201.22
2025-08-13,1632,BULL_100,NO,NONE,644.81,101.72,102.23,0.5,14.49,30.0,NO,590.56,ABOVE,54.25,NO,N/A,619.07,ABOVE,25.74,0,71,"NO (need 2d, have 0d)",64.7,75.0,60.0,NEUTRAL (60-75),2944.4229,2777.93,301008.35,303786.29,99.1,0.9,2561.65,203.79
2025-08-14,1633,BULL_100,NO,NONE,645.16,102.11,102.5,0.38,14.83,30.0,NO,590.89,ABOVE,54.27,NO,N/A,620.05,ABOVE,25.11,0,72,"NO (need 2d, have 0d)",64.94,75.0,60.0,NEUTRAL (60-75),2944.4229,2777.93,301803.35,304581.28,99.1,0.9,794.99,204.58
2025-08-15,1634,BULL_100,NO,NONE,643.6,103.03,101.4,-1.58,15.09,30.0,NO,591.22,ABOVE,52.38,NO,N/A,621.01,ABOVE,22.59,0,73,"NO (need 2d, have 0d)",62.91,75.0,60.0,NEUTRAL (60-75),2944.4229,2777.93,298564.48,301342.41,99.1,0.9,-3238.87,201.34
2025-08-18,1635,BULL_100,NO,NONE,643.58,101.19,101.58,0.39,14.99,30.0,NO,591.54,ABOVE,52.04,NO,N/A,622.03,ABOVE,21.55,0,74,"NO (need 2d, have 0d)",62.89,75.0,60.0,NEUTRAL (60-75),2944.4229,2777.93,299094.48,301872.41,99.1,0.9,530.0,201.87
2025-08-19,1636,BULL_100,NO,NONE,639.25,101.01,99.33,-1.66,15.57,30.0,NO,591.82,ABOVE,47.43,NO,N/A,622.82,ABOVE,16.43,0,75,"NO (need 2d, have 0d)",57.14,75.0,60.0,COOL (<60),2944.4229,2777.93,292469.52,295247.46,99.1,0.9,-6624.95,195.25
2025-08-20,1637,BULL_100,NO,NONE,637.66,99.08,98.64,-0.44,15.69,30.0,NO,592.12,ABOVE,45.54,NO,N/A,623.57,ABOVE,14.09,0,76,"NO (need 2d, have 0d)",55.15,75.0,60.0,COOL (<60),2944.4229,2777.93,290437.87,293215.81,99.1,0.9,-2031.65,193.22
2025-08-21,1638,BULL_100,NO,NONE,636.61,98.85,98.05,-0.81,16.6,30.0,NO,592.45,ABOVE,44.16,NO,N/A,624.25,ABOVE,12.36,0,77,"NO (need 2d, have 0d)",53.82,75.0,60.0,COOL (<60),2944.4229,2777.93,288700.66,291478.6,99.0,1.0,-1737.21,191.48
2025-08-22,1639,BULL_100,NO,NONE,645.5,97.74,102.13,4.49,14.22,30.0,NO,592.83,ABOVE,52.67,NO,N/A,625.15,ABOVE,20.35,0,78,"NO (need 2d, have 0d)",62.16,75.0,60.0,NEUTRAL (60-75),2944.4229,2777.93,300713.91,303491.84,99.1,0.9,12013.24,203.49
2025-08-25,1640,BULL_100,NO,NONE,643.01,101.56,100.89,-0.66,14.79,30.0,NO,593.19,ABOVE,49.82,NO,N/A,626.01,ABOVE,17.0,0,79,"NO (need 2d, have 0d)",58.95,75.0,60.0,COOL (<60),2944.4229,2777.93,297062.82,299840.76,99.1,0.9,-3651.08,199.84
2025-08-26,1641,BULL_100,NO,NONE,645.74,100.08,102.18,2.1,14.62,30.0,NO,593.54,ABOVE,52.2,NO,N/A,626.98,ABOVE,18.76,0,80,"NO (need 2d, have 0d)",61.31,75.0,60.0,NEUTRAL (60-75),2944.4229,2777.93,300861.13,303639.06,99.1,0.9,3798.3,203.64
2025-08-27,1642,BULL_100,NO,NONE,644.68,102.0,101.69,-0.3,14.85,30.0,NO,593.8,ABOVE,50.88,NO,N/A,627.89,ABOVE,16.79,0,81,"NO (need 2d, have 0d)",59.87,75.0,60.0,COOL (<60),2944.4229,2777.93,299418.36,302196.3,99.1,0.9,-1442.76,202.2
2025-08-28,1643,BULL_100,NO,NONE,648.64,102.94,103.4,0.45,14.43,30.0,NO,594.07,ABOVE,54.57,NO,N/A,628.94,ABOVE,19.7,0,82,"NO (need 2d, have 0d)",63.33,75.0,60.0,NEUTRAL (60-75),2944.4229,2777.93,304453.33,307231.26,99.1,0.9,5034.96,207.23
2025-08-29,1644,BULL_100,NO,NONE,644.93,102.97,101.61,-1.32,15.36,30.0,NO,594.3,ABOVE,50.63,NO,N/A,629.9,ABOVE,15.03,0,83,"NO (need 2d, have 0d)",58.26,75.0,60.0,COOL (<60),2944.4229,2777.93,299182.81,301960.74,99.1,0.9,-5270.52,201.96
2025-09-02,1645,BULL_100,NO,NONE,641.21,99.49,99.79,0.3,17.17,30.0,NO,594.52,ABOVE,46.69,NO,N/A,630.81,ABOVE,10.4,0,84,"NO (need 2d, have 0d)",53.62,75.0,60.0,COOL (<60),2944.4229,2777.93,293823.96,296601.89,99.1,0.9,-5358.85,196.6
2025-09-03,1646,BULL_100,NO,NONE,643.36,100.1,100.79,0.69,16.35,30.0,NO,594.75,ABOVE,48.61,NO,N/A,631.61,ABOVE,11.75,0,85,"NO (need 2d, have 0d)",55.81,75.0,60.0,COOL (<60),2944.4229,2777.93,296768.38,299546.32,99.1,0.9,2944.43,199.55
2025-09-04,1647,BULL_100,NO,NONE,649.55,101.2,103.59,2.36,15.3,30.0,NO,595.01,ABOVE,54.54,NO,N/A,632.46,ABOVE,17.09,0,86,"NO (need 2d, have 0d)",61.45,75.0,60.0,NEUTRAL (60-75),2944.4229,2777.93,305012.77,307790.7,99.1,0.9,8244.38,207.79
2025-09-05,1648,BULL_100,NO,NONE,645.96,103.9,101.92,-1.91,15.18,30.0,NO,595.28,ABOVE,50.68,NO,N/A,633.24,ABOVE,12.72,0,87,"NO (need 2d, have 0d)",56.92,75.0,60.0,COOL (<60),2944.4229,2777.93,300095.58,302873.51,99.1,0.9,-4917.19,202.87
2025-09-08,1649,BULL_100,NO,NONE,649.26,102.82,103.28,0.45,15.11,30.0,NO,595.6,ABOVE,53.66,NO,N/A,633.98,ABOVE,15.28,0,88,"NO (need 2d, have 0d)",59.85,75.0,60.0,COOL (<60),2944.4229,2777.93,304100.0,306877.93,99.1,0.9,4004.42,206.88
2025-09-09,1650,BULL_100,NO,NONE,651.15,103.57,104.16,0.57,15.04,30.0,NO,595.91,ABOVE,55.24,NO,N/A,634.74,ABOVE,16.41,0,89,"NO (need 2d, have 0d)",61.47,75.0,60.0,NEUTRAL (60-75),2944.4229,2777.93,306691.09,309469.02,99.1,0.9,2591.09,209.47
2025-09-10,1651,BULL_100,NO,NONE,652.75,104.81,105.03,0.21,15.35,30.0,NO,596.22,ABOVE,56.53,NO,N/A,635.44,ABOVE,17.31,0,90,"NO (need 2d, have 0d)",62.84,75.0,60.0,NEUTRAL (60-75),2944.4229,2777.93,309252.74,312030.67,99.1,0.9,2561.65,212.03
2025-09-11,1652,BULL_100,NO,NONE,657.72,105.25,107.39,2.03,14.71,30.0,NO,596.56,ABOVE,61.16,NO,N/A,636.24,ABOVE,21.48,0,91,"NO (need 2d, have 0d)",66.78,75.0,60.0,NEUTRAL (60-75),2944.4229,2777.93,316201.57,318979.51,99.1,0.9,6948.84,218.98
2025-09-12,1653,BULL_100,NO,NONE,657.25,107.02,107.04,0.02,14.76,30.0,NO,596.88,ABOVE,60.37,NO,N/A,636.97,ABOVE,20.28,0,92,"NO (need 2d, have 0d)",66.06,75.0,60.0,NEUTRAL (60-75),2944.4229,2777.93,315171.03,317948.96,99.1,0.9,-1030.55,217.95
2025-09-15,1654,BULL_100,NO,NONE,660.64,107.63,108.66,0.96,15.69,30.0,NO,597.2,ABOVE,63.44,NO,N/A,637.68,ABOVE,22.96,0,93,"NO (need 2d, have 0d)",68.67,75.0,60.0,NEUTRAL (60-75),2944.4229,2777.93,319940.99,322718.92,99.1,0.9,4769.96,222.72
2025-09-16,1655,BULL_100,NO,NONE,660.33,109.14,108.43,-0.65,16.36,30.0,NO,597.52,ABOVE,62.81,NO,N/A,638.49,ABOVE,21.84,0,94,"NO (need 2d, have 0d)",68.15,75.0,60.0,NEUTRAL (60-75),2944.4229,2777.93,319263.77,322041.71,99.1,0.9,-677.21,222.04
2025-09-17,1656,BULL_100,NO,NONE,661.49,108.39,108.92,0.49,15.72,30.0,NO,597.82,ABOVE,63.67,NO,N/A,639.31,ABOVE,22.18,0,95,"NO (need 2d, have 0d)",69.08,75.0,60.0,NEUTRAL (60-75),2944.4229,2777.93,320706.54,323484.47,99.1,0.9,1442.76,223.48
2025-09-18,1657,BULL_100,NO,NONE,663.41,109.8,109.95,0.14,15.7,30.0,NO,598.14,ABOVE,65.27,NO,N/A,640.1,ABOVE,23.31,0,96,"NO (need 2d, have 0d)",70.62,75.0,60.0,NEUTRAL (60-75),2944.4229,2777.93,323739.3,326517.23,99.1,0.9,3032.76,226.52
2025-09-19,1658,BULL_100,NO,NONE,663.42,109.29,110.62,1.22,15.45,30.0,NO,598.44,ABOVE,64.98,NO,N/A,640.85,ABOVE,22.57,0,97,"NO (need 2d, have 0d)",70.63,75.0,60.0,NEUTRAL (60-75),2944.4229,2777.93,325712.06,328489.99,99.2,0.8,1972.76,228.49
2025-09-22,1659,BULL_100,NO,NONE,666.76,110.0,112.36,2.15,16.1,30.0,NO,598.76,ABOVE,68.0,NO,N/A,641.73,ABOVE,25.03,0,98,"NO (need 2d, have 0d)",73.3,75.0,60.0,NEUTRAL (60-75),2944.4229,2777.93,330835.36,333613.29,99.2,0.8,5123.3,233.61
2025-09-23,1660,BULL_100,NO,NONE,663.55,112.29,110.76,-1.36,16.64,30.0,NO,599.05,ABOVE,64.5,NO,N/A,642.52,ABOVE,21.03,0,99,"NO (need 2d, have 0d)",66.99,75.0,60.0,NEUTRAL (60-75),2944.4229,2777.93,326124.28,328902.21,99.2,0.8,-4711.08,228.9
2025-09-24,1661,BULL_100,NO,NONE,661.67,110.91,109.42,-1.34,16.18,30.0,NO,599.33,ABOVE,62.34,NO,N/A,643.33,ABOVE,18.34,0,100,"NO (need 2d, have 0d)",63.54,75.0,60.0,NEUTRAL (60-75),2944.4229,2777.93,322178.75,324956.69,99.1,0.9,-3945.52,224.96
2025-09-25,1662,BULL_100,NO,NONE,657.86,109.3,107.65,-1.51,16.74,30.0,NO,599.58,ABOVE,58.28,NO,N/A,644.02,ABOVE,13.84,0,101,"NO (need 2d, have 0d)",57.12,75.0,60.0,COOL (<60),2944.4229,2777.93,316967.12,319745.06,99.1,0.9,-5211.63,219.75
2025-09-26,1663,BULL_100,NO,NONE,662.1,108.14,109.6,1.35,15.29,30.0,NO,599.86,ABOVE,62.24,NO,N/A,644.69,ABOVE,17.41,0,102,"NO (need 2d, have 0d)",61.75,75.0,60.0,NEUTRAL (60-75),2944.4229,2777.93,322708.75,325486.68,99.1,0.9,5741.62,225.49
2025-09-29,1664,BULL_100,NO,NONE,663.31,110.76,110.35,-0.37,16.12,30.0,NO,600.15,ABOVE,63.16,NO,N/A,645.4,ABOVE,17.91,0,103,"NO (need 2d, have 0d)",62.98,75.0,60.0,NEUTRAL (60-75),2944.4229,2777.93,324917.07,327695.0,99.2,0.8,2208.32,227.69
2025-09-30,1665,BULL_100,NO,NONE,664.65,109.72,110.91,1.08,16.28,30.0,NO,600.46,ABOVE,64.19,NO,N/A,646.12,ABOVE,18.53,0,104,"NO (need 2d, have 0d)",64.35,75.0,60.0,NEUTRAL (60-75),2944.4229,2777.93,326565.94,329343.88,99.2,0.8,1648.88,229.34
2025-10-01,1666,BULL_100,NO,NONE,668.38,109.01,112.58,3.27,16.29,30.0,NO,600.77,ABOVE,67.61,NO,N/A,646.87,ABOVE,21.51,0,105,"NO (need 2d, have 0d)",67.9,75.0,60.0,NEUTRAL (60-75),2944.4229,2777.93,331483.13,334261.06,99.2,0.8,4917.18,234.26
2025-10-02,1667,BULL_100,NO,NONE,669.43,113.1,113.14,0.04,16.63,30.0,NO,601.09,ABOVE,68.34,NO,N/A,647.57,ABOVE,21.86,0,106,"NO (need 2d, have 0d)",68.84,75.0,60.0,NEUTRAL (60-75),2944.4229,2777.93,333132.01,335909.94,99.2,0.8,1648.88,235.91
2025-10-03,1668,BULL_100,NO,NONE,669.6,113.92,113.02,-0.79,16.65,30.0,NO,601.42,ABOVE,68.18,NO,N/A,648.25,ABOVE,21.35,0,107,"NO (need 2d, have 0d)",69.0,75.0,60.0,NEUTRAL (60-75),2944.4229,2777.93,332778.67,335556.61,99.2,0.8,-353.33,235.56
2025-10-06,1669,BULL_100,NO,NONE,670.67,113.62,113.63,0.01,16.37,30.0,NO,601.74,ABOVE,68.93,NO,N/A,648.91,ABOVE,21.76,0,108,"NO (need 2d, have 0d)",70.03,75.0,60.0,NEUTRAL (60-75),2944.4229,2777.93,334574.77,337352.71,99.2,0.8,1796.1,237.35
2025-10-07,1670,BULL_100,NO,NONE,668.9,113.74,112.8,-0.83,17.24,30.0,NO,602.07,ABOVE,66.83,NO,N/A,649.55,ABOVE,19.35,0,109,"NO (need 2d, have 0d)",66.11,75.0,60.0,NEUTRAL (60-75),2944.4229,2777.93,332130.9,334908.84,99.2,0.8,-2443.87,234.91
2025-10-08,1671,BULL_100,NO,NONE,673.8,113.3,115.11,1.6,16.3,30.0,NO,602.5,ABOVE,71.3,NO,N/A,650.32,ABOVE,23.48,0,110,"NO (need 2d, have 0d)",70.96,75.0,60.0,NEUTRAL (60-75),2944.4229,2777.93,338932.52,341710.45,99.2,0.8,6801.61,241.71
2025-10-09,1672,BULL_100,NO,NONE,671.97,114.79,114.17,-0.54,16.43,30.0,NO,602.93,ABOVE,69.04,NO,N/A,650.98,ABOVE,20.99,0,111,"NO (need 2d, have 0d)",67.1,75.0,60.0,NEUTRAL (60-75),2944.4229,2777.93,336164.76,338942.69,99.2,0.8,-2767.76,238.94
2025-10-10,1673,BULL_100,NO,NONE,652.15,114.08,103.94,-8.89,21.66,30.0,NO,603.23,ABOVE,48.92,NO,N/A,651.4,ABOVE,0.75,0,112,"NO (need 2d, have 0d)",41.04,75.0,60.0,COOL (<60),2944.4229,2777.93,306043.31,308821.25,99.1,0.9,-30121.44,208.82
2025-10-13,1674,BULL_100,NO,NONE,662.74,109.25,109.02,-0.21,19.03,30.0,NO,603.57,ABOVE,59.17,NO,N/A,652.23,ABOVE,10.51,0,113,"NO (need 2d, have 0d)",51.81,75.0,60.0,COOL (<60),2944.4229,2777.93,321000.98,323778.92,99.1,0.9,14957.67,223.78
2025-10-14,1675,BULL_100,NO,NONE,662.89,106.32,109.02,2.54,20.81,30.0,NO,603.88,ABOVE,59.01,NO,N/A,652.85,ABOVE,10.04,0,114,"NO (need 2d, have 0d)",51.94,75.0,60.0,COOL (<60),2944.4229,2777.93,321000.98,323778.92,99.1,0.9,-0.0,223.78
2025-10-15,1676,BULL_100,NO,NONE,665.16,110.24,110.03,-0.19,20.64,30.0,NO,604.2,ABOVE,60.96,NO,N/A,653.61,ABOVE,11.55,0,115,"NO (need 2d, have 0d)",54.02,75.0,60.0,COOL (<60),2944.4229,2777.93,323974.85,326752.78,99.1,0.9,2973.86,226.75
2025-10-16,1677,BULL_100,NO,NONE,658.82,111.04,106.78,-3.84,25.31,30.0,NO,604.52,ABOVE,54.3,NO,N/A,654.11,ABOVE,4.71,0,116,"NO (need 2d, have 0d)",47.8,75.0,60.0,COOL (<60),2944.4229,2777.93,314405.48,317183.41,99.1,0.9,-9569.37,217.18
2025-10-17,1678,BULL_100,NO,NONE,665.24,103.94,109.93,5.76,20.78,30.0,NO,604.91,ABOVE,60.33,NO,N/A,654.75,ABOVE,10.49,0,117,"NO (need 2d, have 0d)",53.63,75.0,60.0,COOL (<60),2944.4229,2777.93,323680.41,326458.34,99.1,0.9,9274.93,226.46
2025-10-20,1679,BULL_100,NO,NONE,671.72,110.97,113.3,2.1,18.23,30.0,NO,605.33,ABOVE,66.39,NO,N/A,655.42,ABOVE,16.3,0,118,"NO (need 2d, have 0d)",58.65,75.0,60.0,COOL (<60),2944.4229,2777.93,333603.11,336381.05,99.2,0.8,9922.71,236.38
2025-10-21,1680,BULL_100,NO,NONE,671.0,112.79,112.95,0.14,17.87,30.0,NO,605.77,ABOVE,65.23,NO,N/A,656.12,ABOVE,14.88,0,119,"NO (need 2d, have 0d)",57.9,75.0,60.0,COOL (<60),2944.4229,2777.93,332572.56,335350.5,99.2,0.8,-1030.55,235.35
2025-10-22,1681,BULL_100,NO,NONE,666.78,113.49,110.74,-2.42,18.6,30.0,NO,606.14,ABOVE,60.64,NO,N/A,656.6,ABOVE,10.18,0,120,"NO (need 2d, have 0d)",53.57,75.0,60.0,COOL (<60),2944.4229,2777.93,326065.39,328843.32,99.2,0.8,-6507.18,228.84
2025-10-23,1682,BULL_100,NO,NONE,672.32,111.72,113.38,1.49,17.3,30.0,NO,606.52,ABOVE,65.8,NO,N/A,657.15,ABOVE,15.17,0,121,"NO (need 2d, have 0d)",58.01,75.0,60.0,COOL (<60),2944.4229,2777.93,333838.67,336616.6,99.2,0.8,7773.28,236.62
2025-10-24,1683,BULL_100,NO,NONE,677.31,113.79,115.91,1.86,16.37,30.0,NO,606.96,ABOVE,70.35,NO,N/A,657.79,ABOVE,19.52,0,122,"NO (need 2d, have 0d)",61.57,75.0,60.0,NEUTRAL (60-75),2944.4229,2777.93,341288.06,344065.99,99.2,0.8,7449.39,244.07
2025-10-27,1684,BULL_100,NO,NONE,685.54,118.64,120.2,1.31,15.79,30.0,NO,607.45,ABOVE,78.09,NO,N/A,658.63,ABOVE,26.91,0,123,"NO (need 2d, have 0d)",66.6,75.0,60.0,NEUTRAL (60-75),2944.4229,2777.93,353919.63,356697.56,99.2,0.8,12631.57,256.7
2025-10-28,1685,BULL_100,NO,NONE,687.28,119.7,120.95,1.04,16.42,30.0,NO,607.99,ABOVE,79.29,NO,N/A,659.5,ABOVE,27.78,0,124,"NO (need 2d, have 0d)",67.56,75.0,60.0,NEUTRAL (60-75),2944.4229,2777.93,356127.95,358905.88,99.2,0.8,2208.32,258.91
2025-10-29,1686,BULL_100,NO,NONE,686.72,121.81,120.6,-0.99,16.92,30.0,NO,608.5,ABOVE,78.22,NO,N/A,660.45,ABOVE,26.27,0,125,"NO (need 2d, have 0d)",66.89,75.0,60.0,NEUTRAL (60-75),2944.4229,2777.93,355097.4,357875.33,99.2,0.8,-1030.55,257.88
2025-10-30,1687,BULL_100,NO,NONE,684.45,120.9,118.87,-1.68,16.91,30.0,NO,609.01,ABOVE,75.44,NO,N/A,661.39,ABOVE,23.06,0,126,"NO (need 2d, have 0d)",64.11,75.0,60.0,NEUTRAL (60-75),2944.4229,2777.93,350003.55,352781.48,99.2,0.8,-5093.85,252.78
2025-10-31,1688,BULL_100,NO,NONE,681.79,119.69,118.11,-1.32,17.44,30.0,NO,609.45,ABOVE,72.34,NO,N/A,662.29,ABOVE,19.5,0,127,"NO (need 2d, have 0d)",60.92,75.0,60.0,NEUTRAL (60-75),2944.4229,2777.93,347765.79,350543.72,99.2,0.8,-2237.76,250.54
2025-11-03,1689,BULL_100,NO,NONE,682.54,118.84,118.37,-0.4,17.17,30.0,NO,609.91,ABOVE,72.63,NO,N/A,663.03,ABOVE,19.51,0,128,"NO (need 2d, have 0d)",61.5,75.0,60.0,NEUTRAL (60-75),2944.4229,2777.93,348531.34,351309.27,99.2,0.8,765.55,251.31
2025-11-04,1690,BULL_100,NO,NONE,674.4,115.06,114.02,-0.9,19.0,30.0,NO,610.29,ABOVE,64.11,NO,N/A,663.66,ABOVE,10.74,0,129,"NO (need 2d, have 0d)",52.38,75.0,60.0,COOL (<60),2944.4229,2777.93,335723.1,338501.03,99.2,0.8,-12808.24,238.5
2025-11-05,1691,BULL_100,NO,NONE,678.58,114.04,115.78,1.53,18.01,30.0,NO,610.67,ABOVE,67.91,NO,N/A,664.32,ABOVE,14.26,0,130,"NO (need 2d, have 0d)",55.99,75.0,60.0,COOL (<60),2944.4229,2777.93,340905.28,343683.22,99.2,0.8,5182.19,243.68
2025-11-06,1692,BULL_100,NO,NONE,671.8,114.99,112.65,-2.03,19.5,30.0,NO,611.0,ABOVE,60.8,NO,N/A,664.86,ABOVE,6.94,0,131,"NO (need 2d, have 0d)",49.44,75.0,60.0,COOL (<60),2944.4229,2777.93,331689.24,334467.17,99.2,0.8,-9216.05,234.47
2025-11-07,1693,BULL_100,NO,NONE,672.03,112.3,112.58,0.25,19.08,30.0,NO,611.31,ABOVE,60.72,NO,N/A,665.33,ABOVE,6.7,0,132,"NO (need 2d, have 0d)",49.66,75.0,60.0,COOL (<60),2944.4229,2777.93,331483.13,334261.06,99.2,0.8,-206.11,234.26
2025-11-10,1694,BULL_100,NO,NONE,681.57,114.9,117.18,1.98,17.6,30.0,NO,611.68,ABOVE,69.89,NO,N/A,666.06,ABOVE,15.51,0,133,"NO (need 2d, have 0d)",57.7,75.0,60.0,COOL (<60),2944.4229,2777.93,345027.47,347805.41,99.2,0.8,13544.35,247.81
2025-11-11,1695,BULL_100,NO,NONE,683.04,116.47,117.96,1.28,17.28,30.0,NO,612.1,ABOVE,70.94,NO,N/A,666.9,ABOVE,16.14,0,134,"NO (need 2d, have 0d)",58.79,75.0,60.0,COOL (<60),2944.4229,2777.93,347324.12,350102.06,99.2,0.8,2296.65,250.1
2025-11-12,1696,BULL_100,NO,NONE,681.54,119.01,117.12,-1.59,17.51,30.0,NO,612.49,ABOVE,69.05,NO,N/A,667.66,ABOVE,13.88,0,135,"NO (need 2d, have 0d)",57.17,75.0,60.0,COOL (<60),2944.4229,2777.93,344850.81,347628.74,99.2,0.8,-2473.32,247.63
2025-11-13,1697,BULL_100,NO,NONE,672.63,118.52,112.58,-5.01,20.0,30.0,NO,612.84,ABOVE,59.79,NO,N/A,668.12,ABOVE,4.51,0,136,"NO (need 2d, have 0d)",48.59,75.0,60.0,COOL (<60),2944.4229,2777.93,331483.13,334261.06,99.2,0.8,-13367.68,234.26
2025-11-14,1698,BULL_100,NO,NONE,672.92,111.41,112.45,0.93,19.83,30.0,NO,613.17,ABOVE,59.75,NO,N/A,668.66,ABOVE,4.26,0,137,"NO (need 2d, have 0d)",48.86,75.0,60.0,COOL (<60),2944.4229,2777.93,331100.35,333878.29,99.2,0.8,-382.77,233.88
2025-11-17,1699,BULL_100,NO,NONE,666.42,114.14,109.2,-4.33,22.38,30.0,NO,613.5,ABOVE,52.92,NO,N/A,669.0,BELOW,-2.58,1,0,"NO (need 2d, have 1d)",43.38,75.0,60.0,COOL (<60),2944.4229,2777.93,321530.98,324308.91,99.1,0.9,-9569.38,224.31
2025-11-18,1700,BULL_100,NO,DEFENSIVE: SPY below 50-SMA for 2d,660.77,107.98,106.53,-1.34,24.69,30.0,NO,613.8,ABOVE,46.97,NO,N/A,669.2,BELOW,-8.43,2,0,YES,39.26,75.0,60.0,COOL (<60),2944.4229,2777.93,313669.37,316447.3,99.1,0.9,-7861.61,216.45
2025-11-19,1701,DEFENSIVE,YES,NONE,669.5,106.29,110.57,4.03,23.66,30.0,NO,614.15,ABOVE,55.35,NO,N/A,669.53,BELOW,-0.03,3,0,YES,47.55,75.0,60.0,COOL (<60),1485.2792,157791.77,164227.32,322019.09,51.0,49.0,5571.79,222.02
2025-11-20,1702,DEFENSIVE,NO,NONE,653.15,111.39,102.74,-7.77,26.42,30.0,NO,614.39,ABOVE,38.76,NO,N/A,669.44,BELOW,-16.29,4,0,YES,37.29,75.0,60.0,COOL (<60),1485.2792,157791.77,152597.58,310389.35,49.2,50.8,-11629.74,210.39
2025-11-21,1703,DEFENSIVE,NO,NONE,659.37,103.54,105.8,2.18,23.43,30.0,NO,614.66,ABOVE,44.71,NO,N/A,669.48,BELOW,-10.11,5,0,YES,42.38,75.0,60.0,COOL (<60),1485.2792,157791.77,157142.53,314934.31,49.9,50.1,4544.96,214.93
2025-11-24,1704,DEFENSIVE,NO,NONE,669.25,107.1,110.36,3.04,20.52,30.0,NO,615.01,ABOVE,54.24,NO,N/A,669.65,BELOW,-0.4,6,0,YES,49.41,75.0,60.0,COOL (<60),1485.2792,157791.77,163915.41,321707.18,51.0,49.0,6772.87,221.71
2025-11-25,1705,DEFENSIVE,NO,NONE,675.33,109.61,113.2,3.28,18.56,30.0,NO,615.36,ABOVE,59.97,NO,N/A,669.95,ABOVE,5.38,0,1,"NO (need 2d, have 0d)",53.2,75.0,60.0,COOL (<60),1485.2792,157791.77,168133.6,325925.37,51.6,48.4,4218.19,225.93
2025-11-26,1706,DEFENSIVE,NO,DEF EXIT: SPY above 50-SMA for 2d,680.11,114.04,115.49,1.27,17.19,30.0,NO,615.74,ABOVE,64.37,NO,N/A,670.33,ABOVE,9.78,0,2,"NO (need 2d, have 0d)",55.99,75.0,60.0,COOL (<60),1485.2792,157791.77,171534.89,329326.66,52.1,47.9,3401.29,229.33
2025-11-28,1707,BULL_100,YES,NONE,683.59,116.42,117.21,0.68,16.35,30.0,NO,616.13,ABOVE,67.46,NO,N/A,670.73,ABOVE,12.86,0,3,"NO (need 2d, have 0d)",57.95,75.0,60.0,COOL (<60),2812.2393,3228.84,329622.56,332851.4,99.0,1.0,3524.74,232.85
2025-12-01,1708,BULL_100,NO,NONE,679.93,115.24,115.4,0.14,17.24,30.0,NO,616.49,ABOVE,63.44,NO,N/A,671.06,ABOVE,8.87,0,4,"NO (need 2d, have 0d)",55.16,75.0,60.0,COOL (<60),2812.2393,3228.84,324532.41,327761.25,99.0,1.0,-5090.15,227.76
2025-12-02,1709,BULL_100,NO,NONE,682.15,115.66,116.37,0.61,16.59,30.0,NO,616.85,ABOVE,65.3,NO,N/A,671.37,ABOVE,10.78,0,5,"NO (need 2d, have 0d)",56.53,75.0,60.0,COOL (<60),2812.2393,3228.84,327260.28,330489.12,99.0,1.0,2727.87,230.49
2025-12-03,1710,BULL_100,NO,NONE,683.91,116.59,117.22,0.54,16.08,30.0,NO,617.21,ABOVE,66.7,NO,N/A,671.78,ABOVE,12.13,0,6,"NO (need 2d, have 0d)",57.63,75.0,60.0,COOL (<60),2812.2393,3228.84,329650.69,332879.52,99.0,1.0,2390.4,232.88
2025-12-04,1711,BULL_100,NO,NONE,683.98,117.08,117.31,0.2,15.78,30.0,NO,617.57,ABOVE,66.41,NO,N/A,672.22,ABOVE,11.76,0,7,"NO (need 2d, have 0d)",57.68,75.0,60.0,COOL (<60),2812.2393,3228.84,329903.79,333132.62,99.0,1.0,253.1,233.13
2025-12-05,1712,BULL_100,NO,NONE,685.8,118.1,118.17,0.06,15.41,30.0,NO,617.95,ABOVE,67.85,NO,N/A,672.78,ABOVE,13.02,0,8,"NO (need 2d, have 0d)",58.92,75.0,60.0,COOL (<60),2812.2393,3228.84,332322.31,335551.15,99.0,1.0,2418.53,235.55
2025-12-08,1713,BULL_100,NO,NONE,684.81,118.47,117.31,-0.98,16.66,30.0,NO,618.37,ABOVE,66.44,NO,N/A,673.23,ABOVE,11.58,0,9,"NO (need 2d, have 0d)",57.92,75.0,60.0,COOL (<60),2812.2393,3228.84,329903.79,333132.62,99.0,1.0,-2418.53,233.13
2025-12-09,1714,BULL_100,NO,NONE,682.85,117.34,116.54,-0.68,16.93,30.0,NO,618.8,ABOVE,64.05,NO,N/A,673.63,ABOVE,9.22,0,10,"NO (need 2d, have 0d)",55.9,75.0,60.0,COOL (<60),2812.2393,3228.84,327738.36,330967.2,99.0,1.0,-2165.42,230.97
2025-12-10,1715,BULL_100,NO,NONE,686.6,116.91,118.38,1.26,15.77,30.0,NO,619.25,ABOVE,67.35,NO,N/A,674.06,ABOVE,12.54,0,11,"NO (need 2d, have 0d)",58.86,75.0,60.0,COOL (<60),2812.2393,3228.84,332912.88,336141.72,99.0,1.0,5174.52,236.14
2025-12-11,1716,BULL_100,NO,NONE,689.04,116.23,119.62,2.92,14.85,30.0,NO,619.72,ABOVE,69.32,NO,N/A,674.48,ABOVE,14.56,0,12,"NO (need 2d, have 0d)",60.71,75.0,60.0,NEUTRAL (60-75),2812.2393,3228.84,336400.06,339628.9,99.0,1.0,3487.18,239.63
2025-12-12,1717,BULL_100,NO,NONE,681.95,119.81,115.7,-3.43,15.74,30.0,NO,620.2,ABOVE,61.75,NO,N/A,674.73,ABOVE,7.22,0,13,"NO (need 2d, have 0d)",53.23,75.0,60.0,COOL (<60),2812.2393,3228.84,325376.08,328604.92,99.0,1.0,-11023.98,228.6
2025-12-15,1718,BULL_100,NO,NONE,680.34,116.88,114.91,-1.69,16.5,30.0,NO,620.64,ABOVE,59.7,NO,N/A,674.94,ABOVE,5.4,0,14,"NO (need 2d, have 0d)",51.67,75.0,60.0,COOL (<60),2812.2393,3228.84,323154.41,326383.25,99.0,1.0,-2221.67,226.38
2025-12-16,1719,BULL_100,NO,NONE,678.03,114.02,113.75,-0.24,16.48,30.0,NO,621.1,ABOVE,56.93,NO,N/A,675.09,ABOVE,2.94,0,15,"NO (need 2d, have 0d)",49.43,75.0,60.0,COOL (<60),2812.2393,3228.84,319892.22,323121.05,99.0,1.0,-3262.2,223.12
2025-12-17,1720,BULL_100,NO,NONE,671.88,114.62,110.8,-3.33,17.62,30.0,NO,621.56,ABOVE,50.32,NO,N/A,675.15,BELOW,-3.27,1,0,"NO (need 2d, have 1d)",43.98,75.0,60.0,COOL (<60),2812.2393,3228.84,311596.11,314824.95,99.0,1.0,-8296.1,214.82
2025-12-18,1721,BULL_100,NO,NONE,676.54,111.38,112.89,1.36,16.87,30.0,NO,622.03,ABOVE,54.51,NO,N/A,675.2,ABOVE,1.34,0,1,"NO (need 2d, have 0d)",48.61,75.0,60.0,COOL (<60),2812.2393,3228.84,317473.69,320702.53,99.0,1.0,5877.58,220.7
2025-12-19,1722,BULL_100,NO,NONE,681.18,113.91,116.11,1.93,14.91,30.0,NO,622.56,ABOVE,58.62,NO,N/A,675.39,ABOVE,5.79,0,2,"NO (need 2d, have 0d)",52.79,75.0,60.0,COOL (<60),2812.2393,3228.84,326529.1,329757.94,99.0,1.0,9055.41,229.76
2025-12-22,1723,BULL_100,NO,NONE,684.93,116.73,118.09,1.17,14.08,30.0,NO,623.11,ABOVE,61.82,NO,N/A,676.04,ABOVE,8.89,0,3,"NO (need 2d, have 0d)",55.91,75.0,60.0,COOL (<60),2812.2393,3228.84,332097.33,335326.17,99.0,1.0,5568.23,235.33
2025-12-23,1724,BULL_100,NO,NONE,687.48,117.94,119.3,1.15,14.0,30.0,NO,623.76,ABOVE,63.72,NO,N/A,676.54,ABOVE,10.94,0,4,"NO (need 2d, have 0d)",57.95,75.0,60.0,COOL (<60),2812.2393,3228.84,335500.14,338728.98,99.0,1.0,3402.81,238.73
2025-12-24,1725,BULL_100,NO,NONE,689.57,118.9,120.15,1.05,13.47,30.0,NO,624.42,ABOVE,65.15,NO,N/A,677.07,ABOVE,12.5,0,5,"NO (need 2d, have 0d)",59.59,75.0,60.0,COOL (<60),2812.2393,3228.84,337890.55,341119.38,99.1,0.9,2390.4,241.12
2025-12-26,1726,BULL_100,NO,NONE,690.1,120.15,120.09,-0.05,13.6,30.0,NO,625.06,ABOVE,65.04,NO,N/A,677.57,ABOVE,12.53,0,6,"NO (need 2d, have 0d)",60.02,75.0,60.0,NEUTRAL (60-75),2812.2393,3228.84,337721.81,340950.65,99.1,0.9,-168.73,240.95
2025-12-29,1727,BULL_100,NO,NONE,687.48,119.27,118.73,-0.45,14.2,30.0,NO,625.73,ABOVE,61.75,NO,N/A,678.14,ABOVE,9.34,0,7,"NO (need 2d, have 0d)",56.82,75.0,60.0,COOL (<60),2812.2393,3228.84,333897.17,337126.0,99.0,1.0,-3824.65,237.13
2025-12-30,1728,BULL_100,NO,NONE,686.7,118.95,118.27,-0.57,14.33,30.0,NO,626.35,ABOVE,60.35,NO,N/A,678.57,ABOVE,8.13,0,8,"NO (need 2d, have 0d)",55.86,75.0,60.0,COOL (<60),2812.2393,3228.84,332603.54,335832.37,99.0,1.0,-1293.63,235.83
