datetime,open,high,low,close,volume,source
2011-03-23,55.19,55.87,54.82,55.71,60365084.0,polygon
2011-03-24,56.12,56.82,55.82,56.7,69502337.0,polygon
2011-03-25,56.89,57.22,56.76,56.84,74133872.0,polygon
2011-03-28,57.09,57.1,56.5,56.53,37823728.0,polygon
2011-03-29,56.4,57.08,56.23,57.08,47994651.0,polygon
2011-03-30,57.36,57.43,57.08,57.35,44935856.0,polygon
2011-03-31,57.25,57.48,57.15,57.43,50143329.0,polygon
2011-04-01,57.72,57.9,57.29,57.46,68031747.0,polygon
2011-04-04,57.62,57.68,57.02,57.27,48659037.0,polygon
2011-04-05,57.16,57.49,57.0,57.12,55384927.0,polygon
2011-04-06,57.54,57.73,56.93,57.26,49532055.0,polygon
2011-04-07,57.23,57.6,56.81,57.22,60705865.0,polygon
2011-04-08,57.48,57.57,56.65,56.95,42782112.0,polygon
2011-04-11,57.16,57.29,56.56,56.76,42451617.0,polygon
2011-04-12,56.52,56.64,56.15,56.37,50642854.0,polygon
2011-04-13,56.77,57.0,56.4,56.85,49979733.0,polygon
2011-04-14,56.45,56.83,56.23,56.75,53544091.0,polygon
2011-04-15,56.53,56.87,56.28,56.65,68529967.0,polygon
2011-04-18,56.09,56.27,55.32,56.25,69073433.0,polygon
2011-04-19,56.39,56.6,56.1,56.6,38608391.0,polygon
2011-04-20,57.59,57.94,56.6051,57.875,67397439.0,polygon
2011-04-21,58.47,58.47,58.16,58.34,43666772.0,polygon
2011-04-25,58.4,58.52,58.28,58.49,25376716.0,polygon
2011-04-26,58.65,59.03,58.51,58.82,49392732.0,polygon
2011-04-27,58.9,59.29,58.66,59.22,56465494.0,polygon
2011-04-28,59.06,59.23,58.88,59.13,48138342.0,polygon
2011-04-29,59.04,59.29,58.98,59.08,44831144.0,polygon
2011-05-02,59.19,59.34,58.82,58.97,48149385.0,polygon
2011-05-03,58.95,59.0,58.33,58.69,38143408.0,polygon
2011-05-04,58.72,58.87,58.11,58.6,53105014.0,polygon
2011-05-05,58.32,58.97,58.08,58.28,72153289.0,polygon
2011-05-06,58.86,59.2,58.31,58.47,72506775.0,polygon
2011-05-09,58.56,58.92,58.34,58.69,40028981.0,polygon
2011-05-10,58.87,59.28,58.775,59.19,38053599.0,polygon
2011-05-11,59.1,59.31,58.36,58.755,61908940.0,polygon
2011-05-12,58.56,59.19,58.24,59.11,66128159.0,polygon
2011-05-13,58.98,59.07,58.39,58.41,63506567.0,polygon
2011-05-16,58.16,58.32,57.27,57.399,73140221.0,polygon
2011-05-17,57.12,57.57,56.98,57.56,63176058.0,polygon
2011-05-18,57.48,58.14,57.41,58.04,42351089.0,polygon
2011-05-19,58.23,58.34,57.85,58.21,35024234.0,polygon
2011-05-20,58.15,58.21,57.69,57.765,44703175.0,polygon
2011-05-23,56.99,57.15,56.65,56.92,43678437.0,polygon
2011-05-24,57.07,57.07,56.56,56.57,39314212.0,polygon
2011-05-25,56.49,57.06,56.47,56.79,41368976.0,polygon
2011-05-26,56.62,57.3,56.61,57.1415,40564078.0,polygon
2011-05-27,57.24,57.49,57.19,57.43,30132087.0,polygon
2011-05-31,57.97,58.36,57.67,58.36,47588058.0,polygon
2011-06-01,58.22,58.36,57.04,57.09,51792337.0,polygon
2011-06-02,57.21,57.41,56.89,57.21,50198045.0,polygon
2011-06-03,56.56,56.99,56.27,56.35,57773681.0,polygon
2011-06-06,56.24,56.53,55.86,55.89,50175542.0,polygon
2011-06-07,56.05,56.26,55.75,55.79,46311059.0,polygon
2011-06-08,55.67,55.77,55.23,55.39,46426380.0,polygon
2011-06-09,55.37,55.76,55.23,55.485,45307498.0,polygon
2011-06-10,55.23,55.34,54.59,54.64,53740540.0,polygon
2011-06-13,54.71,54.93,54.45,54.64,37745669.0,polygon
2011-06-14,55.05,55.47,55.03,55.34,40565261.0,polygon
2011-06-15,54.83,55.15,54.18,54.29,59022345.0,polygon
2011-06-16,54.33,54.5,53.615,54.08,66194269.0,polygon
2011-06-17,54.45,54.598,53.631,53.79,70353112.0,polygon
2011-06-20,53.66,54.23,53.64,54.07,37402830.0,polygon
2011-06-21,54.26,55.29,54.03,55.23,55892710.0,polygon
2011-06-22,55.0,55.32,54.82,54.831,36832412.0,polygon
2011-06-23,54.28,55.37,54.06,55.34,80743295.0,polygon
2011-06-24,55.07,55.13,54.27,54.38,56298248.0,polygon
2011-06-27,54.43,55.53,54.32,55.245,49968854.0,polygon
2011-06-28,55.38,56.08,55.29,56.07,47028637.0,polygon
2011-06-29,56.23,56.41,55.9,56.3,65417186.0,polygon
2011-06-30,56.5,57.09,56.47,57.05,50483923.0,polygon
2011-07-01,57.1,57.985,56.92,57.91,53203803.0,polygon
2011-07-05,57.95,58.26,57.83,58.2,43128655.0,polygon
2011-07-06,58.14,58.49,57.94,58.39,49282636.0,polygon
2011-07-07,58.82,59.36,58.74,59.19,54799767.0,polygon
2011-07-08,58.7,59.04,58.37,59.03,69533593.0,polygon
2011-07-11,58.41,58.71,57.76,57.96,52080762.0,polygon
2011-07-12,57.94,58.07,57.46,57.52,84000656.0,polygon
2011-07-13,57.94,58.34,57.55,57.76,82374518.0,polygon
2011-07-14,57.93,58.18,56.87,57.09,98773895.0,polygon
2011-07-15,57.72,57.85,57.31,57.85,68287687.0,polygon
2011-07-18,57.535,57.79,56.98,57.54,59409487.0,polygon
2011-07-19,58.13,58.9,58.09,58.85,73904275.0,polygon
2011-07-20,59.18,59.19,58.5,58.6,57083529.0,polygon
2011-07-21,58.65,59.32,58.34,58.99,70148759.0,polygon
2011-07-22,58.97,59.7,58.92,59.6,43620359.0,polygon
2011-07-25,59.13,59.81,59.02,59.48,48916065.0,polygon
2011-07-26,59.44,59.83,59.32,59.625,40918829.0,polygon
2011-07-27,59.25,59.29,57.94,58.09,83969487.0,polygon
2011-07-28,58.1,58.93,57.89,58.19,61031804.0,polygon
2011-07-29,57.73,58.61,57.44,58.0,82860427.0,polygon
2011-08-01,58.67,58.82,57.03,57.73,85421008.0,polygon
2011-08-02,57.46,57.72,56.21,56.27,90851306.0,polygon
2011-08-03,56.37,56.88,55.35,56.81,103612298.0,polygon
2011-08-04,55.98,56.09,54.17,54.17,132829925.0,polygon
2011-08-05,54.79,55.03,52.32,53.83,214111602.0,polygon
2011-08-08,52.21,53.12,50.59,50.59,204804043.0,polygon
2011-08-09,51.31,53.08,49.93,53.03,193706782.0,polygon
2011-08-10,51.82,53.0438,50.8,50.86,205917880.0,polygon
2011-08-11,51.58,53.69,51.34,53.1,143824473.0,polygon
2011-08-12,53.42,53.9,52.88,53.57,90483235.0,polygon
2011-08-15,53.77,54.36,53.53,54.36,73554257.0,polygon
2011-08-16,53.82,54.35,53.18,53.9,89219190.0,polygon
2011-08-17,53.98,54.42,53.02,53.58,84416524.0,polygon
2011-08-18,52.13,52.14,50.48,50.95,130016464.0,polygon
2011-08-19,50.43,51.67,49.99,50.03,96674508.0,polygon
2011-08-22,51.21,51.24,50.06,50.21,77107681.0,polygon
2011-08-23,50.56,52.28,50.34,52.28,75688388.0,polygon
2011-08-24,52.18,53.42,51.71,52.69,80197612.0,polygon
2011-08-25,52.64,52.905,51.65,51.83,93623637.0,polygon
2011-08-26,51.68,53.31,51.15,53.13,91573238.0,polygon
2011-08-29,53.64,54.67,53.64,54.61,45985744.0,polygon
2011-08-30,54.39,55.3,54.11,54.97,61617815.0,polygon
2011-08-31,55.29,55.74,54.6,55.06,60899245.0,polygon
2011-09-01,55.21,55.64,54.46,54.56,57158373.0,polygon
2011-09-02,53.58,54.6143,52.99,53.28,58185104.0,polygon
2011-09-06,52.04,53.366,51.91,53.29,52992174.0,polygon
2011-09-07,54.03,54.65,53.9,54.64,48952119.0,polygon
2011-09-08,54.37,55.1684,54.21,54.39,61422788.0,polygon
2011-09-09,54.01,54.2399,52.85,53.18,63663481.0,polygon
2011-09-12,52.61,53.9,52.57,53.86,65972996.0,polygon
2011-09-13,54.08,54.69,53.8,54.58,59019983.0,polygon
2011-09-14,54.85,55.98,54.32,55.36,90757299.0,polygon
2011-09-15,55.97,56.28,55.39,56.18,83536091.0,polygon
2011-09-16,56.25,56.65,56.09,56.59,91901954.0,polygon
2011-09-19,55.9,56.91,55.43,56.61,73042834.0,polygon
2011-09-20,56.9,57.35,56.23,56.36,66570061.0,polygon
2011-09-21,56.65,56.93,55.37,55.38,79937994.0,polygon
2011-09-22,53.93,54.46,52.75,53.58,151885450.0,polygon
2011-09-23,53.14,54.38,53.091,54.15,85936966.0,polygon
2011-09-26,54.42,54.88,53.21,54.78,96260950.0,polygon
2011-09-27,55.7,56.2,54.98,55.35,81148487.0,polygon
2011-09-28,55.57,55.97,54.4,54.53,76757052.0,polygon
2011-09-29,55.36,55.43,52.97,53.88,116900117.0,polygon
2011-09-30,53.18,53.61,52.46,52.49,104957919.0,polygon
2011-10-03,52.04,52.85,51.11,51.14,99147909.0,polygon
2011-10-04,50.595,52.29,50.095,52.19,137011447.0,polygon
2011-10-05,52.07,53.6787,51.66,53.53,108825698.0,polygon
2011-10-06,53.47,54.44,53.21,54.43,71939102.0,polygon
2011-10-07,54.41,54.66,53.72,54.07,72525198.0,polygon
2011-10-10,54.98,55.94,54.89,55.94,48229045.0,polygon
2011-10-11,55.81,56.46,55.7,56.32,66449089.0,polygon
2011-10-12,56.87,57.23,56.56,56.6,85627554.0,polygon
2011-10-13,56.49,57.19,56.43,57.12,63443629.0,polygon
2011-10-14,57.84,58.19,57.51,58.18,65643503.0,polygon
2011-10-17,57.9,58.09,56.9716,57.28,65161278.0,polygon
2011-10-18,57.19,58.29,56.66,57.99,91434322.0,polygon
2011-10-19,57.71,57.85,56.68,56.87,67639312.0,polygon
2011-10-20,56.81,56.92,55.79,56.59,80378270.0,polygon
2011-10-21,57.17,57.66,56.78,57.3,60455686.0,polygon
2011-10-24,57.52,58.65,57.3105,58.49,61449356.0,polygon
2011-10-25,58.27,58.32,57.22,57.34,65299179.0,polygon
2011-10-26,57.65,57.78,56.2126,57.27,98193781.0,polygon
2011-10-27,58.64,59.2,58.03,58.85,104455431.0,polygon
2011-10-28,58.5,59.01,58.5,58.94,42949944.0,polygon
2011-10-31,58.41,58.64,57.91,57.95,60520134.0,polygon
2011-11-01,56.56,57.9064,56.12,56.44,99932826.0,polygon
2011-11-02,57.01,57.16,56.385,56.92,65178760.0,polygon
2011-11-03,57.36,58.175,56.71,58.1,78994185.0,polygon
2011-11-04,57.79,58.05,57.22,57.8,61527707.0,polygon
2011-11-07,57.75,58.25,57.17,58.21,65558604.0,polygon
2011-11-08,58.63,58.98,57.97,58.88,62906879.0,polygon
2011-11-09,57.72,57.83,56.63,56.81,69538736.0,polygon
2011-11-10,57.4,57.42,56.23,56.78,66052381.0,polygon
2011-11-11,57.28,58.02,57.2,57.85,54470951.0,polygon
2011-11-14,57.69,58.01,57.28,57.49,44617602.0,polygon
2011-11-15,57.34,58.36,57.26,58.13,52203873.0,polygon
2011-11-16,57.73,58.1574,57.06,57.17,68342577.0,polygon
2011-11-17,57.02,57.04,55.48,55.83,101706803.0,polygon
2011-11-18,55.85,55.9,55.3,55.4,60416982.0,polygon
2011-11-21,54.68,54.73,53.78,54.34,52289447.0,polygon
2011-11-22,54.2,54.68,53.87,54.52,51940089.0,polygon
2011-11-23,54.11,54.17,53.26,53.29,48467335.0,polygon
2011-11-25,53.09,53.67,52.87,52.88,25447855.0,polygon
2011-11-28,54.16,54.79,54.14,54.72,46710682.0,polygon
2011-11-29,54.65,55.1,54.22,54.38,52056611.0,polygon
2011-11-30,55.84,56.44,55.67,56.4,66918515.0,polygon
2011-12-01,56.37,56.925,56.35,56.78,45361471.0,polygon
2011-12-02,57.33,57.34,56.57,56.62,36938344.0,polygon
2011-12-05,57.49,57.62,56.915,57.24,40501885.0,polygon
2011-12-06,57.29,57.45,56.89,57.08,38669472.0,polygon
2011-12-07,56.9,57.34,56.35,57.08,44576158.0,polygon
2011-12-08,56.74,57.15,56.01,56.12,51692562.0,polygon
2011-12-09,56.26,57.19,56.24,57.02,55757852.0,polygon
2011-12-12,56.42,57.0087,55.9,56.38,55411692.0,polygon
2011-12-13,56.76,56.98,55.53,55.76,68557659.0,polygon
2011-12-14,55.52,55.59,54.58,54.89,63682706.0,polygon
2011-12-15,55.36,55.42,54.66,54.74,58732814.0,polygon
2011-12-16,54.88,55.61,54.77,54.84,60978710.0,polygon
2011-12-19,55.06,55.2,54.17,54.32,46733812.0,polygon
2011-12-20,55.2,56.0,55.17,55.93,81758761.0,polygon
2011-12-21,55.64,55.64,54.4875,55.13,78552013.0,polygon
2011-12-22,55.22,55.6261,55.17,55.6,40334025.0,polygon
2011-12-23,55.68,56.08,55.581,56.08,26594530.0,polygon
2011-12-27,56.01,56.42,55.93,56.24,21443438.0,polygon
2011-12-28,56.17,56.26,55.44,55.59,38189532.0,polygon
2011-12-29,55.68,56.03,55.5,55.99,28077809.0,polygon
2011-12-30,55.86,56.12,55.82,55.83,21832343.0,polygon
2012-01-03,56.91,57.19,56.75,56.9,39512874.0,polygon
2012-01-04,56.8,57.22,56.56,57.14,29403365.0,polygon
2012-01-05,57.02,57.66,56.8,57.61,41260529.0,polygon
2012-01-06,57.65,57.94,57.4,57.81,46325172.0,polygon
2012-01-09,57.95,57.98,57.431,57.62,39195455.0,polygon
2012-01-10,58.26,58.405,57.6398,58.04,35949856.0,polygon
2012-01-11,58.02,58.29,57.81,58.16,37144050.0,polygon
2012-01-12,58.29,58.47,57.86,58.39,26188209.0,polygon
2012-01-13,58.1,58.2,57.68,58.18,35985091.0,polygon
2012-01-17,58.71,58.96,58.49,58.71,41790747.0,polygon
2012-01-18,58.84,59.49,58.6822,59.49,48692630.0,polygon
2012-01-19,59.76,59.97,59.65,59.86,47774414.0,polygon
2012-01-20,59.61,59.8,59.56,59.77,41050565.0,polygon
2012-01-23,59.8,60.21,59.44,59.79,40964630.0,polygon
2012-01-24,59.54,59.84,59.41,59.68,38440197.0,polygon
2012-01-25,60.28,60.58,59.8335,60.43,61591782.0,polygon
2012-01-26,60.67,60.8,59.93,60.22,37852655.0,polygon
2012-01-27,60.09,60.51,60.06,60.4,45540388.0,polygon
2012-01-30,59.88,60.54,59.66,60.45,42797536.0,polygon
2012-01-31,60.75,60.86,60.14,60.53,51449601.0,polygon
2012-02-01,60.85,61.24,60.66,61.02,46146664.0,polygon
2012-02-02,61.2,61.41,60.97,61.21,46373511.0,polygon
2012-02-03,61.78,62.12,61.6799,62.05,36453755.0,polygon
2012-02-06,61.82,62.02,61.66,62.0,28541034.0,polygon
2012-02-07,61.95,62.25,61.67,62.13,37935695.0,polygon
2012-02-08,62.14,62.46,61.91,62.46,41171074.0,polygon
2012-02-09,62.67,62.98,62.32,62.91,46856294.0,polygon
2012-02-10,62.47,62.64,62.25,62.475,58093569.0,polygon
2012-02-13,62.93,63.13,62.65,63.05,36810183.0,polygon
2012-02-14,62.9,63.22,62.69,63.21,51685261.0,polygon
2012-02-15,63.52,63.86,62.67,62.77,105708895.0,polygon
2012-02-16,62.79,63.7,62.63,63.63,83642235.0,polygon
2012-02-17,63.64,63.69,63.15,63.43,76112276.0,polygon
2012-02-21,63.51,63.89,63.21,63.61,38141236.0,polygon
2012-02-22,63.49,63.68,63.23,63.32,43174694.0,polygon
2012-02-23,63.4,63.81,63.09,63.74,54249254.0,polygon
2012-02-24,63.92,64.07,63.8,63.96,41369705.0,polygon
2012-02-27,63.6,64.26,63.33,64.05,42678420.0,polygon
2012-02-28,64.1,64.7,64.03,64.7,43727286.0,polygon
2012-02-29,64.74,64.96,64.2,64.41,59784393.0,polygon
2012-03-01,64.66,64.98,64.46,64.92,67558813.0,polygon
2012-03-02,64.83,65.0784,64.66,64.87,33358160.0,polygon
2012-03-05,64.83,64.91,63.99,64.2,45788685.0,polygon
2012-03-06,63.59,63.72,63.23,63.57,54638583.0,polygon
2012-03-07,63.86,64.21,63.77,64.06,42741792.0,polygon
2012-03-08,64.42,64.94,64.3,64.75,43711013.0,polygon
2012-03-09,64.85,65.14,64.82,65.02,43117170.0,polygon
2012-03-12,64.97,65.11,64.72,65.05,32687292.0,polygon
2012-03-13,65.42,66.26,65.27,66.26,61558511.0,polygon
2012-03-14,66.31,66.74,66.08,66.49,59926891.0,polygon
2012-03-15,66.69,66.82,66.35,66.68,65531134.0,polygon
2012-03-16,66.65,66.67,66.36,66.52,53023027.0,polygon
2012-03-19,66.62,67.15,66.45,66.99,60966105.0,polygon
2012-03-20,66.66,67.185,66.46,67.11,47290547.0,polygon
2012-03-21,67.13,67.49,67.03,67.12,39648089.0,polygon
2012-03-22,66.71,67.14,66.68,66.98,56960468.0,polygon
2012-03-23,67.06,67.08,66.56,66.939,45547682.0,polygon
2012-03-26,67.37,68.11,67.33,68.11,40855239.0,polygon
2012-03-27,68.145,68.49,68.13,68.21,37278184.0,polygon
2012-03-28,68.25,68.51,67.54,67.938,44421855.0,polygon
2012-03-29,67.61,67.93,67.2,67.68,53975298.0,polygon
2012-03-30,67.99,68.02,67.28,67.55,39480224.0,polygon
2012-04-02,67.46,68.34,67.36,68.25,40031540.0,polygon
2012-04-03,68.31,68.55,67.85,68.23,45539655.0,polygon
2012-04-04,67.73,67.76,66.91,67.3,54087961.0,polygon
2012-04-05,67.19,67.78,67.13,67.72,43133581.0,polygon
2012-04-09,66.88,67.48,66.76,67.21,36908136.0,polygon
2012-04-10,67.19,67.44,65.92,66.13,69254193.0,polygon
2012-04-11,66.705,66.89,66.28,66.44,62949946.0,polygon
2012-04-12,66.58,67.28,66.4807,67.205,57407345.0,polygon
2012-04-13,66.96,67.2022,66.16,66.19,55227428.0,polygon
2012-04-16,66.53,66.56,65.24,65.45,57532671.0,polygon
2012-04-17,65.75,66.99,65.63,66.78,47362395.0,polygon
2012-04-18,66.59,67.0,66.41,66.61,42536007.0,polygon
2012-04-19,66.38,67.17,65.62,65.86,81110267.0,polygon
2012-04-20,66.22,66.51,65.58,65.68,59906831.0,polygon
2012-04-23,65.08,65.18,64.49,65.08,70514110.0,polygon
2012-04-24,64.97,65.23,64.45,64.73,49662032.0,polygon
2012-04-25,66.06,66.49,65.97,66.45,57526761.0,polygon
2012-04-26,66.42,66.99,66.35,66.84,41799492.0,polygon
2012-04-27,67.12,67.45,66.77,67.24,46012481.0,polygon
2012-04-30,67.02,67.17,66.71,66.76,37787622.0,polygon
2012-05-01,66.68,67.63,66.59,66.87,37643735.0,polygon
2012-05-02,66.5,67.11,66.38,67.06,38299220.0,polygon
2012-05-03,67.1,67.15,66.175,66.35,51307361.0,polygon
2012-05-04,65.75,66.3524,64.69,64.7,107553920.0,polygon
2012-05-07,64.31,65.07,64.29,64.76,50266729.0,polygon
2012-05-08,64.34,64.74,63.48,64.52,72658390.0,polygon
2012-05-09,63.77,64.68,63.51,64.321,85715257.0,polygon
2012-05-10,64.61,64.63,63.95,64.19,49448870.0,polygon
2012-05-11,63.94,64.86,63.91,64.18,47106689.0,polygon
2012-05-14,63.63,64.08,63.48,63.58,46359983.0,polygon
2012-05-15,63.79,64.27,63.26,63.37,66908427.0,polygon
2012-05-16,63.62,63.78,62.81,62.94,52825897.0,polygon
2012-05-17,62.94,63.06,61.6,61.61,62253439.0,polygon
2012-05-18,61.79,61.96,60.76,60.81,79496446.0,polygon
2012-05-21,60.92,62.57,60.85,62.51,61471322.0,polygon
2012-05-22,62.66,62.95,61.989,62.44,62954723.0,polygon
2012-05-23,61.93,62.71,61.37,62.56,56951072.0,polygon
2012-05-24,62.66,62.71,61.69,62.15,83129559.0,polygon
2012-05-25,62.21,62.3201,61.8899,62.07,32082832.0,polygon
2012-05-29,62.63,63.15,62.28,62.86,44221458.0,polygon
2012-05-30,62.29,62.55,61.6773,62.33,56431798.0,polygon
2012-05-31,62.25,62.41,61.59,62.06,55260021.0,polygon
2012-06-01,60.97,61.32,60.39,60.409,71430752.0,polygon
2012-06-04,60.57,60.96,60.04,60.87,74119321.0,polygon
2012-06-05,60.65,61.24,60.63,61.12,47916880.0,polygon
2012-06-06,61.6,62.57,61.52,62.52,58781187.0,polygon
2012-06-07,63.16,63.18,62.22,62.27,38414776.0,polygon
2012-06-08,62.16,62.95,61.96,62.87,39737101.0,polygon
2012-06-11,63.35,63.38,61.77,61.805,51008831.0,polygon
2012-06-12,62.09,62.59,61.68,62.56,48802598.0,polygon
2012-06-13,62.38,62.85,61.92,62.13,50841084.0,polygon
2012-06-14,62.14,62.61,61.8,62.36,65170503.0,polygon
2012-06-15,62.37,63.08,62.36,62.99,41536033.0,polygon
2012-06-18,62.75,63.74,62.63,63.58,32191113.0,polygon
2012-06-19,63.9,64.51,63.85,64.239,36476477.0,polygon
2012-06-20,64.36,64.57,63.81,64.29,51389682.0,polygon
2012-06-21,64.21,64.31,62.62,62.69,42492624.0,polygon
2012-06-22,62.88,63.43,62.731,63.35,29513101.0,polygon
2012-06-25,62.84,62.85,61.95,62.13,33136337.0,polygon
2012-06-26,62.33,62.7,62.0575,62.52,30610734.0,polygon
2012-06-27,62.76,63.18,62.6899,62.9,35705771.0,polygon
2012-06-28,62.42,62.47,61.54,62.2,49780984.0,polygon
2012-06-29,63.37,64.16,63.21,64.16,44765803.0,polygon
2012-07-02,64.23,64.38,63.87,64.35,33432708.0,polygon
2012-07-03,64.38,64.89,64.29,64.89,15895085.0,polygon
2012-07-05,64.78,65.25,64.48,64.93,37025561.0,polygon
2012-07-06,64.65,64.69,63.65,64.12,40684059.0,polygon
2012-07-09,64.03,64.26,63.68,64.0,35636978.0,polygon
2012-07-10,64.33,64.51,63.12,63.37,47365647.0,polygon
2012-07-11,63.29,63.46,62.5,63.02,43431952.0,polygon
2012-07-12,62.55,62.69,61.86,62.43,57680387.0,polygon
2012-07-13,62.56,63.52,62.56,63.38,32358947.0,polygon
2012-07-16,63.24,63.52,62.95,63.2,27623184.0,polygon
2012-07-17,63.58,63.74,62.63,63.53,42476969.0,polygon
2012-07-18,63.4,64.58,63.39,64.4,44489605.0,polygon
2012-07-19,64.84,65.31,64.72,65.1,53017702.0,polygon
2012-07-20,65.09,65.1,64.21,64.235,40572549.0,polygon
2012-07-23,63.0,63.68,62.51,63.46,48657617.0,polygon
2012-07-24,63.58,63.66,62.55,62.96,57269688.0,polygon
2012-07-25,62.49,62.95,62.15,62.54,46267404.0,polygon
2012-07-26,63.44,63.73,62.97,63.37,41934261.0,polygon
2012-07-27,63.83,64.99,63.64,64.87,42623491.0,polygon
2012-07-30,65.01,65.31,64.6,64.82,37821194.0,polygon
2012-07-31,64.91,65.18,64.74,64.8,34595377.0,polygon
2012-08-01,65.25,65.2799,64.35,64.61,30919778.0,polygon
2012-08-02,64.1,65.02,63.91,64.38,40544547.0,polygon
2012-08-03,65.38,65.88,65.19,65.59,42122944.0,polygon
2012-08-06,65.94,66.39,65.8,66.1,23529615.0,polygon
2012-08-07,66.38,66.92,66.28,66.65,28222362.0,polygon
2012-08-08,66.48,66.762,66.37,66.62,20723495.0,polygon
2012-08-09,66.62,66.91,66.49,66.82,20726183.0,polygon
2012-08-10,66.59,66.88,66.41,66.86,20320925.0,polygon
2012-08-13,66.84,67.03,66.5,67.02,19890257.0,polygon
2012-08-14,67.28,67.41,66.86,67.05,24218673.0,polygon
2012-08-15,67.0,67.3199,66.99,67.22,29110347.0,polygon
2012-08-16,67.47,68.17,67.39,68.02,35706443.0,polygon
2012-08-17,68.17,68.33,68.01,68.32,22584723.0,polygon
2012-08-20,68.27,68.43,68.0,68.42,26923940.0,polygon
2012-08-21,68.63,68.88,67.88,68.15,41390936.0,polygon
2012-08-22,67.99,68.5601,67.81,68.43,44555654.0,polygon
2012-08-23,68.14,68.34,67.6905,67.87,28802214.0,polygon
2012-08-24,67.72,68.45,67.6,68.29,38384751.0,polygon
2012-08-27,68.6,68.67,68.25,68.4,20671323.0,polygon
2012-08-28,68.34,68.585,68.11,68.4,27337854.0,polygon
2012-08-29,68.41,68.57,68.11,68.4,26674509.0,polygon
2012-08-30,68.11,68.13,67.6,67.71,24430939.0,polygon
2012-08-31,68.2,68.45,67.47,68.16,42127927.0,polygon
2012-09-04,68.03,68.35,67.42,68.09,32017183.0,polygon
2012-09-05,68.04,68.35,67.84,68.02,26133787.0,polygon
2012-09-06,68.42,69.55,68.42,69.53,43099507.0,polygon
2012-09-07,69.37,69.55,69.23,69.43,32966134.0,polygon
2012-09-10,69.26,69.4,68.49,68.54,25489971.0,polygon
2012-09-11,68.54,68.82,68.32,68.43,29810086.0,polygon
2012-09-12,68.68,68.81,68.21,68.632,42212157.0,polygon
2012-09-13,68.71,69.86,68.62,69.56,45417791.0,polygon
2012-09-14,69.84,70.43,69.79,70.19,38888047.0,polygon
2012-09-17,70.2,70.24,69.96,70.21,31798335.0,polygon
2012-09-18,70.04,70.3,70.02,70.27,27169767.0,polygon
2012-09-19,70.29,70.58,70.06,70.4,36484572.0,polygon
2012-09-20,70.07,70.4,69.87,70.33,42523444.0,polygon
2012-09-21,70.47,70.54,70.08,70.15,23681208.0,polygon
2012-09-24,69.56,69.86,69.42,69.735,32341549.0,polygon
2012-09-25,69.92,70.08,68.73,68.76,41308853.0,polygon
2012-09-26,68.67,68.71,67.85,68.2,32770371.0,polygon
2012-09-27,68.35,69.3,68.25,69.14,25334733.0,polygon
2012-09-28,68.92,69.12,68.51,68.57,30116097.0,polygon
2012-10-01,68.9,69.33,68.25,68.47,37715207.0,polygon
2012-10-02,68.79,68.98,68.13,68.67,33254267.0,polygon
2012-10-03,68.88,69.24,68.59,69.11,38235965.0,polygon
2012-10-04,69.24,69.54,69.0,69.35,26128544.0,polygon
2012-10-05,69.68,69.8,68.8,68.98,25207826.0,polygon
2012-10-08,68.58,68.72,68.19,68.35,30911410.0,polygon
2012-10-09,68.17,68.3395,67.1,67.2592,67973910.0,polygon
2012-10-10,67.25,67.43,66.8,66.92,45134294.0,polygon
2012-10-11,67.44,67.47,66.67,66.71,30476076.0,polygon
2012-10-12,66.73,67.06,66.55,66.68,24894927.0,polygon
2012-10-15,66.94,67.26,66.53,67.17,22220004.0,polygon
2012-10-16,67.29,68.2,67.25,68.12,33960299.0,polygon
2012-10-17,67.75,68.3,67.68,68.0794,33439368.0,polygon
2012-10-18,67.87,68.08,67.04,67.29,61706323.0,polygon
2012-10-19,67.21,67.27,65.6,65.68,75360999.0,polygon
2012-10-22,65.62,66.19,65.5,66.02,38621408.0,polygon
2012-10-23,65.49,65.95,65.19,65.39,52598740.0,polygon
2012-10-24,65.76,65.87,65.06,65.164,39872375.0,polygon
2012-10-25,65.61,65.72,64.97,65.16,52688680.0,polygon
2012-10-26,65.18,65.623,64.65,65.35,54222197.0,polygon
2012-10-31,65.31,65.39,64.73,64.95,38524479.0,polygon
2012-11-01,65.32,66.0,65.17,65.8729,26944931.0,polygon
2012-11-02,66.21,66.21,65.11,65.17,44082997.0,polygon
2012-11-05,65.195,65.73,65.04,65.6,28104128.0,polygon
2012-11-06,65.71,66.17,65.46,65.72,29608306.0,polygon
2012-11-07,65.04,65.1,63.9,64.17,70737600.0,polygon
2012-11-08,64.33,64.495,63.16,63.16,58585722.0,polygon
2012-11-09,63.19,64.11,63.16,63.43,51549536.0,polygon
2012-11-12,63.79,63.87,63.25,63.42,32663656.0,polygon
2012-11-13,62.92,63.58,62.7801,62.98,43287627.0,polygon
2012-11-14,63.27,63.36,62.14,62.24,82655213.0,polygon
2012-11-15,62.29,62.49,61.8,62.0299,55124159.0,polygon
2012-11-16,62.08,62.48,61.31,62.3,70868025.0,polygon
2012-11-19,62.97,63.83,62.96,63.7806,55306381.0,polygon
2012-11-20,63.77,63.89,63.19,63.8,52012655.0,polygon
2012-11-21,63.83,64.02,63.6,63.93,19620058.0,polygon
2012-11-23,64.32,64.92,64.2501,64.9,16462833.0,polygon
2012-11-26,64.77,65.22,64.54,65.181,26430885.0,polygon
2012-11-27,65.16,65.4,64.85,64.96,25828579.0,polygon
2012-11-28,64.66,65.57,64.25,65.52,37295780.0,polygon
2012-11-29,65.82,66.135,65.58,65.91,41135813.0,polygon
2012-11-30,65.92,65.97,65.61,65.8,33502042.0,polygon
2012-12-03,66.32,66.37,65.64,65.67,28239968.0,polygon
2012-12-04,65.69,65.77,65.2,65.63,49671701.0,polygon
2012-12-05,65.53,65.54,64.55,64.9032,54076124.0,polygon
2012-12-06,64.71,65.4801,64.53,65.32,47519071.0,polygon
2012-12-07,65.65,65.71,64.71,64.93,30092666.0,polygon
2012-12-10,64.75,65.455,64.75,65.12,33219547.0,polygon
2012-12-11,65.58,66.34,65.515,65.97,40750801.0,polygon
2012-12-12,66.29,66.32,65.65,65.83,45917674.0,polygon
2012-12-13,65.71,66.16,65.03,65.3111,45467642.0,polygon
2012-12-14,64.9,65.08,64.47,64.69,39630252.0,polygon
2012-12-17,64.73,65.57,64.66,65.55,42302841.0,polygon
2012-12-18,65.85,66.65,65.7,66.5472,55595997.0,polygon
2012-12-19,66.72,66.76,66.22,66.2605,34832444.0,polygon
2012-12-20,66.38,66.41,65.93,66.26,40754272.0,polygon
2012-12-21,64.89,65.28,64.6,65.2,51144552.0,polygon
2012-12-24,65.06,65.14,64.92,65.07,11418232.0,polygon
2012-12-26,65.08,65.18,64.29,64.5,21760846.0,polygon
2012-12-27,64.56,64.64,63.6,64.4,52943138.0,polygon
2012-12-28,63.93,64.43,63.75,63.78,33082054.0,polygon
2012-12-31,63.68,65.2521,63.58,65.1301,57553098.0,polygon
2013-01-02,66.69,67.23,66.48,67.2,70695891.0,polygon
2013-01-03,67.2,67.34,66.65,66.8521,47366435.0,polygon
2013-01-04,66.87,66.88,66.47,66.63,33973326.0,polygon
2013-01-07,66.46,66.76,66.25,66.6504,26766190.0,polygon
2013-01-08,66.64,66.815,66.17,66.52,28743941.0,polygon
2013-01-09,66.62,66.95,66.55,66.77,25609172.0,polygon
2013-01-10,67.21,67.27,66.55,67.17,37534251.0,polygon
2013-01-11,67.14,67.29,67.0,67.26,21160468.0,polygon
2013-01-14,66.9,67.15,66.67,66.96,36777292.0,polygon
2013-01-15,66.63,66.729,66.3321,66.63,31675276.0,polygon
2013-01-16,66.75,67.13,66.6,66.9,33828119.0,polygon
2013-01-17,67.18,67.48,67.06,67.22,32030740.0,polygon
2013-01-18,67.01,67.14,66.77,67.07,31991953.0,polygon
2013-01-22,67.15,67.23,66.73,67.18,32123006.0,polygon
2013-01-23,67.56,67.79,67.46,67.59,31977406.0,polygon
2013-01-24,66.69,67.28,66.56,66.66,42603381.0,polygon
2013-01-25,66.89,67.19,66.74,67.0,39248726.0,polygon
2013-01-28,67.01,67.38,66.93,67.15,32933927.0,polygon
2013-01-29,67.06,67.31,66.63,67.16,35554610.0,polygon
2013-01-30,67.28,67.48,66.87,67.02,34444953.0,polygon
2013-01-31,66.99,67.35,66.81,66.87,34870426.0,polygon
2013-02-01,67.34,67.78,67.07,67.66,53124521.0,polygon
2013-02-04,67.25,67.4599,66.46,66.48,48483691.0,polygon
2013-02-05,66.76,67.67,66.61,67.46,35129982.0,polygon
2013-02-06,67.22,67.55,67.04,67.24,43595136.0,polygon
2013-02-07,67.33,67.371,66.56,67.3,46011203.0,polygon
2013-02-08,67.64,68.13,67.63,67.99,39845725.0,polygon
2013-02-11,68.02,68.06,67.78,68.01,17650349.0,polygon
2013-02-12,67.92,68.05,67.66,67.73,22061318.0,polygon
2013-02-13,67.93,68.23,67.765,67.97,23497142.0,polygon
2013-02-14,67.64,68.05,67.62,67.95,24482423.0,polygon
2013-02-15,67.95,68.11,67.56,67.75,25334049.0,polygon
2013-02-19,67.89,68.26,67.86,68.24,23433248.0,polygon
2013-02-20,68.24,68.25,67.18,67.19,38200238.0,polygon
2013-02-21,66.96,67.01,66.23,66.47,45855576.0,polygon
2013-02-22,66.84,67.15,66.59,67.139,21969534.0,polygon
2013-02-25,67.6,67.81,66.25,66.31,40927523.0,polygon
2013-02-26,66.42,66.68,65.96,66.56,42088741.0,polygon
2013-02-27,66.57,67.65,66.47,67.239,36339458.0,polygon
2013-02-28,67.24,67.74,67.09,67.1,28557148.0,polygon
2013-03-01,66.86,67.5,66.54,67.38,31617692.0,polygon
2013-03-04,67.19,67.69,67.07,67.68,19380446.0,polygon
2013-03-05,68.1,68.77,68.08,68.68,35589440.0,polygon
2013-03-06,68.8899,68.908,68.42,68.51,29070971.0,polygon
2013-03-07,68.57,68.8,68.45,68.69,21775877.0,polygon
2013-03-08,68.93,69.02,68.5,68.77,26162116.0,polygon
2013-03-11,68.68,68.99,68.47,68.97,23194121.0,polygon
2013-03-12,68.79,68.9299,68.39,68.72,27579252.0,polygon
2013-03-13,68.8,68.89,68.39,68.63,34297271.0,polygon
2013-03-14,68.87,69.01,68.711,68.86,31537685.0,polygon
2013-03-15,68.75,68.79,68.34,68.51,30743672.0,polygon
2013-03-18,67.885,68.6367,67.73,68.36,36164493.0,polygon
2013-03-19,68.54,68.7,67.62,68.23,33134570.0,polygon
2013-03-20,68.74,68.86,68.39,68.709,28035338.0,polygon
2013-03-21,68.09,68.25,67.77,67.93,30050789.0,polygon
2013-03-22,68.21,68.64,68.13,68.59,28838417.0,polygon
2013-03-25,68.81,68.96,68.01,68.34,24909753.0,polygon
2013-03-26,68.6,68.73,68.45,68.71,19734745.0,polygon
2013-03-27,68.25,68.85,68.14,68.801,22539423.0,polygon
2013-03-28,68.81,69.06,68.64,68.97,23669800.0,polygon
2013-04-01,69.01,69.09,68.31,68.5,28118835.0,polygon
2013-04-02,68.81,69.27,68.77,69.04,29431878.0,polygon
2013-04-03,69.08,69.18,68.24,68.41,35131104.0,polygon
2013-04-04,68.41,68.6,68.06,68.43,32287367.0,polygon
2013-04-05,67.35,67.96,67.19,67.861,55613276.0,polygon
2013-04-08,67.88,68.24,67.69,68.22,17898516.0,polygon
2013-04-09,68.42,68.96,68.09,68.68,30931361.0,polygon
2013-04-10,68.89,70.17,68.88,70.015,55271262.0,polygon
2013-04-11,69.84,70.15,69.77,69.99,37238268.0,polygon
2013-04-12,69.85,69.99,69.41,69.94,32791330.0,polygon
2013-04-15,69.68,69.79,68.48,68.56,48795787.0,polygon
2013-04-16,68.99,69.55,68.81,69.47,27682570.0,polygon
2013-04-17,68.84,68.889,67.71,68.115,60204793.0,polygon
2013-04-18,68.33,68.33,66.88,67.169,56798119.0,polygon
2013-04-19,67.31,68.231,67.2,68.09,43066868.0,polygon
2013-04-22,68.33,69.04,68.08,68.79,34412089.0,polygon
2013-04-23,69.2,69.7,68.82,69.45,53078214.0,polygon
2013-04-24,69.26,69.67,69.12,69.42,44500627.0,polygon
2013-04-25,69.63,70.05,69.59,69.79,26437042.0,polygon
2013-04-26,69.62,69.77,69.27,69.57,24083912.0,polygon
2013-04-29,69.78,70.48,69.76,70.21,31663920.0,polygon
2013-04-30,70.29,70.73,70.04,70.72,30146326.0,polygon
2013-05-01,70.71,70.85,70.25,70.39,28539538.0,polygon
2013-05-02,70.51,71.43,70.45,71.28,31744162.0,polygon
2013-05-03,71.94,72.34,71.91,72.12,34061652.0,polygon
2013-05-06,72.25,72.51,72.19,72.4,19244277.0,polygon
2013-05-07,72.5,72.57,72.09,72.36,25838016.0,polygon
2013-05-08,72.31,72.77,72.2,72.71,24257984.0,polygon
2013-05-09,72.55,73.099,72.47,72.6065,29344426.0,polygon
2013-05-10,72.73,73.08,72.63,73.05,20663682.0,polygon
2013-05-13,72.93,73.32,72.86,73.14,29730022.0,polygon
2013-05-14,73.13,73.74,73.13,73.52,36017631.0,polygon
2013-05-15,73.38,73.74,73.2,73.67,27214313.0,polygon
2013-05-16,73.77,74.095,73.55,73.59,27253366.0,polygon
2013-05-17,73.95,74.33,73.7301,74.3,31117108.0,polygon
2013-05-20,74.09,74.425,73.89,74.19,25135782.0,polygon
2013-05-21,74.18,74.54,73.89,74.27,25899967.0,polygon
2013-05-22,74.36,74.95,73.24,73.619,59843165.0,polygon
2013-05-23,72.95,73.7,72.83,73.45,48229437.0,polygon
2013-05-24,72.96,73.43,72.76,73.41,26435957.0,polygon
2013-05-28,74.25,74.54,73.66,73.89,27065807.0,polygon
2013-05-29,73.59,73.8,73.12,73.54,32095595.0,polygon
2013-05-30,73.57,74.275,73.55,73.93,32390461.0,polygon
2013-05-31,73.65,74.21,73.17,73.25,38354676.0,polygon
2013-06-03,73.31,73.4,72.43,73.38,47613032.0,polygon
2013-06-04,73.52,73.82,72.7,73.0,35256035.0,polygon
2013-06-05,72.77,73.04,71.99,72.05,48654171.0,polygon
2013-06-06,72.15,72.41,71.47,72.4,62524010.0,polygon
2013-06-07,72.73,73.47,72.52,73.39,31971148.0,polygon
2013-06-10,73.55,73.76,73.26,73.42,25393169.0,polygon
2013-06-11,72.67,73.34,72.44,72.69,40281421.0,polygon
2013-06-12,73.12,73.14,71.74,71.85,42081831.0,polygon
2013-06-13,71.76,72.92,71.55,72.76,28230371.0,polygon
2013-06-14,72.76,72.84,72.171,72.28,27697014.0,polygon
2013-06-17,72.88,73.4,72.6,72.98,32443498.0,polygon
2013-06-18,73.07,73.72,73.06,73.58,24861267.0,polygon
2013-06-19,73.57,73.68,72.68,72.76,43145076.0,polygon
2013-06-20,71.92,72.16,70.79,71.025,60908388.0,polygon
2013-06-21,70.78,70.97,69.84,70.43,51565551.0,polygon
2013-06-24,69.84,70.27,69.15,69.73,41492206.0,polygon
2013-06-25,70.41,70.52,69.81,70.24,28897389.0,polygon
2013-06-26,70.82,71.0,70.59,70.87,23746655.0,polygon
2013-06-27,71.22,71.62,71.13,71.17,23546417.0,polygon
2013-06-28,70.92,71.69,70.79,71.27,28301066.0,polygon
2013-07-01,71.76,72.3,71.64,71.71,24951289.0,polygon
2013-07-02,71.68,72.1796,71.35,71.74,23069566.0,polygon
2013-07-03,71.48,72.37,71.42,72.031,18847424.0,polygon
2013-07-05,72.45,72.61,71.86,72.58,28795991.0,polygon
2013-07-08,72.94,72.99,72.38,72.65,20563730.0,polygon
2013-07-09,72.98,73.25,72.65,73.09,26115187.0,polygon
2013-07-10,73.0,73.62,72.98,73.51,25598894.0,polygon
2013-07-11,74.29,75.03,74.25,74.97,47777675.0,polygon
2013-07-12,75.02,75.35,74.82,75.3,31417850.0,polygon
2013-07-15,75.36,75.52,75.17,75.47,19790966.0,polygon
2013-07-16,75.54,75.59,75.18,75.37,31747092.0,polygon
2013-07-17,75.6,75.74,75.35,75.56,24631497.0,polygon
2013-07-18,75.54,75.74,75.25,75.37,36278798.0,polygon
2013-07-19,74.72,74.74,74.37,74.59,37734062.0,polygon
2013-07-22,74.87,74.98,74.58,74.81,21135860.0,polygon
2013-07-23,74.95,74.96,74.2,74.26,24748780.0,polygon
2013-07-24,74.99,75.02,74.33,74.5,24426805.0,polygon
2013-07-25,74.89,75.06,74.46,74.97,23167338.0,polygon
2013-07-26,74.67,75.38,74.55,75.37,20885522.0,polygon
2013-07-29,75.22,75.54,75.0299,75.23,20970308.0,polygon
2013-07-30,75.5,75.95,75.35,75.63,24104507.0,polygon
2013-07-31,75.77,76.2099,75.63,75.77,25007599.0,polygon
2013-08-01,76.3,76.65,76.21,76.54,16876783.0,polygon
2013-08-02,76.56,76.99,76.3801,76.97,18105230.0,polygon
2013-08-05,76.89,77.08,76.78,77.02,15462781.0,polygon
2013-08-06,76.92,76.99,76.25,76.56,23680564.0,polygon
2013-08-07,76.36,76.568,75.87,76.42,20281126.0,polygon
2013-08-08,76.84,76.98,76.3,76.8,19993946.0,polygon
2013-08-09,76.7,76.94,76.27,76.49,18569820.0,polygon
2013-08-12,76.2,76.8099,76.19,76.67,20515862.0,polygon
2013-08-13,76.77,77.27,76.22,77.1,23916974.0,polygon
2013-08-14,77.07,77.18,76.7,76.81,29920959.0,polygon
2013-08-15,75.98,75.99,75.29,75.51,39406562.0,polygon
2013-08-16,75.54,75.87,75.35,75.485,23824932.0,polygon
2013-08-19,75.5,76.13,75.33,75.35,29586813.0,polygon
2013-08-20,75.49,76.03,75.43,75.68,18842747.0,polygon
2013-08-21,75.46,76.09,75.14,75.42,30705085.0,polygon
2013-08-22,75.73,76.21,75.71,76.16,17269464.0,polygon
2013-08-23,76.73,76.77,76.4,76.67,20697258.0,polygon
2013-08-26,76.72,77.28,76.55,76.71,27525409.0,polygon
2013-08-27,75.82,76.18,74.96,75.14,40068871.0,polygon
2013-08-28,75.08,75.75,75.05,75.43,20490381.0,polygon
2013-08-29,75.4,76.34,75.3,75.96,27287901.0,polygon
2013-08-30,76.04,76.04,75.2,75.47,26228459.0,polygon
2013-09-03,76.1,76.44,75.54,75.9,27241431.0,polygon
2013-09-04,76.14,76.84,75.93,76.71,27142882.0,polygon
2013-09-05,76.75,77.055,76.73,76.84,17815365.0,polygon
2013-09-06,77.09,77.34,76.05,76.93,27724535.0,polygon
2013-09-09,77.23,77.96,77.23,77.83,25161869.0,polygon
2013-09-10,78.27,78.32,77.92,78.21,27619372.0,polygon
2013-09-11,77.69,78.11,77.59,78.06,28138594.0,polygon
2013-09-12,78.06,78.25,77.85,78.01,18332687.0,polygon
2013-09-13,78.11,78.145,77.64,78.06,16932448.0,polygon
2013-09-16,78.69,78.72,77.67,77.85,25909886.0,polygon
2013-09-17,77.99,78.47,77.98,78.37,27182212.0,polygon
2013-09-18,78.49,79.47,78.33,79.31,31714662.0,polygon
2013-09-19,79.54,79.685,79.36,79.5,26435609.0,polygon
2013-09-20,79.47,79.54,78.95,78.985,26328830.0,polygon
2013-09-23,79.34,79.41,78.455,78.83,30319396.0,polygon
2013-09-24,79.0,79.25,78.57,78.83,21875702.0,polygon
2013-09-25,78.88,79.0,78.4,78.56,22746397.0,polygon
2013-09-26,78.87,79.36,78.85,79.17,22421656.0,polygon
2013-09-27,78.74,79.21,78.59,79.07,25151521.0,polygon
2013-09-30,78.27,79.09,78.0,78.88,28031856.0,polygon
2013-10-01,78.87,79.72,78.8456,79.68,33129746.0,polygon
2013-10-02,79.13,79.76,79.06,79.65,25503753.0,polygon
2013-10-03,79.55,79.72,78.3,78.72,42998195.0,polygon
2013-10-04,78.72,79.51,78.65,79.4,22854266.0,polygon
2013-10-07,78.72,79.35,78.67,78.74,20234683.0,polygon
2013-10-08,78.76,78.81,77.19,77.22,43660689.0,polygon
2013-10-09,77.4,77.44,76.35,76.98,64526694.0,polygon
2013-10-10,77.8,78.79,77.79,78.61,48062722.0,polygon
2013-10-11,78.41,79.29,78.4,79.23,25214124.0,polygon
2013-10-14,78.74,79.79,78.68,79.79,31471884.0,polygon
2013-10-15,79.73,80.11,79.38,79.48,38683993.0,polygon
2013-10-16,79.83,80.42,79.79,80.38,46735861.0,polygon
2013-10-17,80.0,80.87,79.95,80.84,32193534.0,polygon
2013-10-18,81.56,82.18,81.35,82.15,39628221.0,polygon
2013-10-21,82.31,82.54,82.07,82.33,31176938.0,polygon
2013-10-22,82.62,82.9,81.93,82.45,43944821.0,polygon
2013-10-23,82.04,82.2,81.55,81.95,38021281.0,polygon
2013-10-24,81.99,82.48,81.88,82.31,23155090.0,polygon
2013-10-25,83.1,83.28,82.5,82.9,35832381.0,polygon
2013-10-28,82.9,83.05,82.55,82.92,28618375.0,polygon
2013-10-29,83.1601,83.26,82.7,83.06,36878062.0,polygon
2013-10-30,83.36,83.485,82.58,82.98,33535470.0,polygon
2013-10-31,82.77,83.3,82.48,82.79,31309909.0,polygon
2013-11-01,83.04,83.169,82.4,82.81,30873163.0,polygon
2013-11-04,83.05,83.07,82.64,82.93,16843634.0,polygon
2013-11-05,82.59,83.22,82.37,83.02,27975601.0,polygon
2013-11-06,83.35,83.4,82.73,83.0,25576806.0,polygon
2013-11-07,82.99,83.13,81.37,81.44,52173216.0,polygon
2013-11-08,81.73,82.56,81.51,82.54,31480519.0,polygon
2013-11-11,82.39,82.64,82.14,82.41,24822945.0,polygon
2013-11-12,82.16,82.66,82.1199,82.54,20108526.0,polygon
2013-11-13,82.01,83.55,82.0,83.54,31345887.0,polygon
2013-11-14,83.29,83.86,83.14,83.8,31101157.0,polygon
2013-11-15,83.83,83.96,83.61,83.96,20515761.0,polygon
2013-11-18,83.94,84.105,82.98,83.14,31679608.0,polygon
2013-11-19,83.09,83.49,82.76,82.9,25545292.0,polygon
2013-11-20,83.14,83.4301,82.455,82.7,32177418.0,polygon
2013-11-21,83.03,83.61,82.98,83.54,28125025.0,polygon
2013-11-22,83.69,84.02,83.62,83.99,25361273.0,polygon
2013-11-25,84.29,84.38,83.98,84.19,21699975.0,polygon
2013-11-26,84.22,84.84,84.025,84.63,26629288.0,polygon
2013-11-27,84.79,85.24,84.73,85.22,21638074.0,polygon
2013-11-29,85.54,85.84,85.4737,85.73,16708898.0,polygon
2013-12-02,85.83,85.96,85.35,85.48,26354619.0,polygon
2013-12-03,85.42,85.64,85.08,85.41,37154262.0,polygon
2013-12-04,85.06,85.77,84.78,85.49,37193220.0,polygon
2013-12-05,85.57,85.66,85.17,85.38,39829338.0,polygon
2013-12-06,86.105,86.18,85.59,86.0,36842888.0,polygon
2013-12-09,86.35,86.53,86.2,86.35,22599903.0,polygon
2013-12-10,86.19,86.45,86.12,86.29,26965928.0,polygon
2013-12-11,86.27,86.401,85.06,85.18,36830565.0,polygon
2013-12-12,85.24,85.4201,84.9,84.96,33662597.0,polygon
2013-12-13,85.36,85.4,84.709,84.85,34075415.0,polygon
2013-12-16,85.27,85.81,85.21,85.32,24908324.0,polygon
2013-12-17,85.32,85.53,84.99,85.15,24454893.0,polygon
2013-12-18,85.22,86.22,84.05,86.14,68387235.0,polygon
2013-12-19,85.99,86.01,85.52,85.9,46489555.0,polygon
2013-12-20,85.75,86.68,85.73,86.5,40475437.0,polygon
2013-12-23,87.19,87.41,86.95,87.41,28181764.0,polygon
2013-12-24,87.43,87.51,87.27,87.45,13852475.0,polygon
2013-12-26,87.6,87.81,87.44,87.74,15241096.0,polygon
2013-12-27,87.83,87.9,87.412,87.52,15831962.0,polygon
2013-12-30,87.4,87.51,87.14,87.39,18985622.0,polygon
2013-12-31,87.54,87.96,87.52,87.96,24896065.0,polygon
2014-01-02,87.55,87.58,87.02,87.27,29190009.0,polygon
2014-01-03,87.27,87.35,86.62,86.64,35727317.0,polygon
2014-01-06,86.65,86.76,86.0,86.32,32092437.0,polygon
2014-01-07,86.7,87.25,86.56,87.12,25913225.0,polygon
2014-01-08,87.11,87.55,86.945,87.31,27209991.0,polygon
2014-01-09,87.62,87.64,86.72,87.02,23695690.0,polygon
2014-01-10,87.24,87.4,86.58,87.3,38012069.0,polygon
2014-01-13,87.18,87.48,85.675,86.01,48855231.0,polygon
2014-01-14,86.3,87.72,86.3,87.65,37194076.0,polygon
2014-01-15,88.0,88.54,87.94,88.37,39859705.0,polygon
2014-01-16,88.28,88.51,88.16,88.38,34260219.0,polygon
2014-01-17,88.12,88.3701,87.67,87.88,36908236.0,polygon
2014-01-21,88.43,88.59,87.81,88.55,26432336.0,polygon
2014-01-22,88.75,89.0,88.52,88.78,29425432.0,polygon
2014-01-23,88.5,88.52,87.86,88.48,35077428.0,polygon
2014-01-24,88.06,88.18,86.71,86.74,64334902.0,polygon
2014-01-27,86.77,86.89,85.25,85.9,63676475.0,polygon
2014-01-28,85.42,85.94,85.31,85.85,44439554.0,polygon
2014-01-29,85.1,85.74,84.76,84.93,52064566.0,polygon
2014-01-30,85.99,86.8,85.88,86.5,66863622.0,polygon
2014-01-31,85.54,86.68,85.45,86.27,45196915.0,polygon
2014-02-03,86.14,86.5,84.07,84.29,65617206.0,polygon
2014-02-04,84.7,85.25,84.46,84.91,37801215.0,polygon
2014-02-05,84.64,84.9901,83.74,84.69,41969204.0,polygon
2014-02-06,84.94,85.88,84.92,85.77,32338053.0,polygon
2014-02-07,86.27,87.359,86.0,87.2699,38467242.0,polygon
2014-02-10,87.23,87.84,87.21,87.8,30225157.0,polygon
2014-02-11,87.94,88.97,87.89,88.8,38682035.0,polygon
2014-02-12,88.97,89.1695,88.7,88.97,32533008.0,polygon
2014-02-13,88.31,89.7,88.3,89.63,40492842.0,polygon
2014-02-14,89.56,90.01,89.33,89.81,34086390.0,polygon
2014-02-18,89.93,90.4172,89.74,90.25,29614391.0,polygon
2014-02-19,90.07,90.285,89.45,89.63,41775267.0,polygon
2014-02-20,89.7,90.22,89.31,90.05,41833212.0,polygon
2014-02-21,90.33,90.465,89.82,89.93,31221745.0,polygon
2014-02-24,90.1,90.82,90.04,90.41,31517522.0,polygon
2014-02-25,90.52,90.72,90.02,90.31,27464711.0,polygon
2014-02-26,90.57,90.84,89.87,90.23,42968334.0,polygon
2014-02-27,89.87,90.53,89.73,90.44,28750313.0,polygon
2014-02-28,90.41,90.96,89.54,90.34,48623159.0,polygon
2014-03-03,89.48,89.91,88.87,89.67,38946845.0,polygon
2014-03-04,90.63,90.98,90.56,90.81,33213909.0,polygon
2014-03-05,90.9698,91.22,90.77,91.06,27220604.0,polygon
2014-03-06,91.25,91.335,90.65,90.98,24086220.0,polygon
2014-03-07,91.27,91.36,90.071,90.53,31174837.0,polygon
2014-03-10,90.48,90.655,90.03,90.61,18138198.0,polygon
2014-03-11,90.83,91.055,89.95,90.22,27505046.0,polygon
2014-03-12,89.82,90.61,89.48,90.56,27997215.0,polygon
2014-03-13,90.9,90.93,88.87,89.28,48541951.0,polygon
2014-03-14,88.99,89.38,88.63,88.67,38738769.0,polygon
2014-03-17,89.24,89.91,89.19,89.45,28476800.0,polygon
2014-03-18,89.55,90.64,89.53,90.53,31250235.0,polygon
2014-03-19,90.56,90.66,89.45,90.04,40869371.0,polygon
2014-03-20,89.78,90.56,89.58,90.29,31634538.0,polygon
2014-03-21,90.61,90.65,88.825,89.0,62812715.0,polygon
2014-03-24,89.32,89.39,87.41,88.22,77735313.0,polygon
2014-03-25,88.69,89.25,87.7701,88.51,41723335.0,polygon
2014-03-26,88.96,89.15,87.36,87.37,40930442.0,polygon
2014-03-27,87.27,87.64,86.4,86.879,64784488.0,polygon
2014-03-28,87.15,88.01,86.81,87.05,39895065.0,polygon
2014-03-31,87.73,88.26,87.62,87.67,33924297.0,polygon
2014-04-01,88.1,89.27,87.7106,89.21,38683837.0,polygon
2014-04-02,89.59,89.68,89.035,89.44,34631615.0,polygon
2014-04-03,89.55,89.679,88.22,88.73,30319074.0,polygon
2014-04-04,89.29,89.41,86.14,86.37,131213229.0,polygon
2014-04-07,85.84,86.63,84.951,85.55,83995771.0,polygon
2014-04-08,85.65,86.46,85.35,86.34,51495650.0,polygon
2014-04-09,86.67,87.87,86.43,87.82,45685231.0,polygon
2014-04-10,87.87,87.88,84.86,85.1,73659615.0,polygon
2014-04-11,84.34,85.44,83.91,84.11,93657425.0,polygon
2014-04-14,84.85,85.22,83.99,84.77,46500747.0,polygon
2014-04-15,85.06,85.54,83.28,85.0501,84631517.0,polygon
2014-04-16,85.83,86.18,85.091,86.18,46970899.0,polygon
2014-04-17,85.89,86.63,85.63,86.2,53719454.0,polygon
2014-04-21,86.41,86.84,86.0,86.84,25947923.0,polygon
2014-04-22,87.1,87.745,86.9898,87.53,38593408.0,polygon
2014-04-23,87.55,87.56,86.71,86.76,34376729.0,polygon
2014-04-24,88.2,88.21,86.65,87.59,48926264.0,polygon
2014-04-25,87.08,87.17,85.98,86.19,44341588.0,polygon
2014-04-28,86.58,87.11,85.11,86.47,58623796.0,polygon
2014-04-29,86.75,87.32,86.31,87.16,36742661.0,polygon
2014-04-30,86.79,87.48,86.54,87.39,38689408.0,polygon
2014-05-01,87.53,88.15,87.31,87.65,37127219.0,polygon
2014-05-02,87.94,88.11,87.28,87.49,40074150.0,polygon
2014-05-05,86.98,87.97,86.76,87.95,27924376.0,polygon
2014-05-06,87.83,87.86,86.77,86.81,33698549.0,polygon
2014-05-07,87.0,87.08,85.53,86.56,67489143.0,polygon
2014-05-08,86.26,87.53,86.05,86.48,46556871.0,polygon
2014-05-09,86.41,86.86,85.85,86.8,35081529.0,polygon
2014-05-12,87.31,88.26,87.24,88.23,38951060.0,polygon
2014-05-13,88.32,88.61,88.12,88.29,30311862.0,polygon
2014-05-14,88.03,88.35,87.62,87.83,26483571.0,polygon
2014-05-15,87.81,87.96,86.58,87.135,59680284.0,polygon
2014-05-16,87.24,87.76,86.64,87.71,66807315.0,polygon
2014-05-19,87.47,88.46,87.3,88.32,32017036.0,polygon
2014-05-20,88.28,88.6,87.64,88.0,33715953.0,polygon
2014-05-21,88.16,88.89,88.11,88.84,36837678.0,polygon
2014-05-22,88.94,89.48,88.8,89.23,30617089.0,polygon
2014-05-23,89.33,89.9,89.12,89.88,22691254.0,polygon
2014-05-27,90.28,91.02,90.2,91.005,29725231.0,polygon
2014-05-28,90.97,91.1,90.645,90.72,30478074.0,polygon
2014-05-29,91.05,91.31,90.86,91.3,33036099.0,polygon
2014-05-30,91.33,91.45,90.83,91.31,29916899.0,polygon
2014-06-02,91.43,91.44,90.64,91.22,30415405.0,polygon
2014-06-03,90.91,91.33,90.8,91.18,21783686.0,polygon
2014-06-04,90.96,91.67,90.81,91.52,20128261.0,polygon
2014-06-05,91.61,92.46,91.29,92.29,35583055.0,polygon
2014-06-06,92.66,92.82,92.45,92.82,22680643.0,polygon
2014-06-09,92.85,92.98,92.495,92.75,23402469.0,polygon
2014-06-10,92.67,92.96,92.56,92.91,20635286.0,polygon
2014-06-11,92.59,93.02,92.5,92.89,22884331.0,polygon
2014-06-12,92.69,92.79,91.73,92.05,35275853.0,polygon
2014-06-13,92.47,92.55,91.92,92.32,39449997.0,polygon
2014-06-16,92.16,92.67,91.96,92.4,25218557.0,polygon
2014-06-17,92.34,92.7,92.18,92.45,19984787.0,polygon
2014-06-18,92.55,93.1,91.98,92.97,34514013.0,polygon
2014-06-19,93.1,93.17,92.49,92.91,38427402.0,polygon
2014-06-20,92.7,92.87,92.53,92.77,25897494.0,polygon
2014-06-23,92.735,92.82,92.51,92.79,20837926.0,polygon
2014-06-24,92.79,93.57,92.43,92.7,31945762.0,polygon
2014-06-25,92.49,93.45,92.48,93.29,32818591.0,polygon
2014-06-26,93.35,93.36,92.62,93.34,22572172.0,polygon
2014-06-27,93.21,93.765,93.19,93.75,22881506.0,polygon
2014-06-30,93.71,94.14,93.67,93.91,19764915.0,polygon
2014-07-01,94.21,95.19,94.2,94.94,31862487.0,polygon
2014-07-02,94.98,95.24,94.91,95.1,18784391.0,polygon
2014-07-03,95.41,95.7,95.15,95.7,15291700.0,polygon
2014-07-07,95.59,95.71,95.23,95.41,23266428.0,polygon
2014-07-08,95.24,95.3,93.87,94.26,40612448.0,polygon
2014-07-09,94.51,95.065,94.24,94.96,29928322.0,polygon
2014-07-10,93.78,95.05,93.63,94.66,44250020.0,polygon
2014-07-11,94.87,95.27,94.61,95.27,19570393.0,polygon
2014-07-14,95.7,96.055,95.535,95.84,19579041.0,polygon
2014-07-15,95.98,96.13,94.83,95.51,39480119.0,polygon
2014-07-16,96.19,96.3,95.785,95.89,22061998.0,polygon
2014-07-17,95.63,95.97,94.32,94.619,43111514.0,polygon
2014-07-18,95.14,96.17,95.0,96.12,36690832.0,polygon
2014-07-21,95.92,96.16,95.55,96.0,29754810.0,polygon
2014-07-22,96.44,96.76,96.345,96.61,25770404.0,polygon
2014-07-23,96.94,97.34,96.77,97.227,28947464.0,polygon
2014-07-24,97.4,97.51,96.98,97.12,24707180.0,polygon
2014-07-25,96.65,96.87,96.23,96.74,29903633.0,polygon
2014-07-28,96.8,97.02,96.02,96.77,25603360.0,polygon
2014-07-29,96.97,97.2,96.52,96.6,27022232.0,polygon
2014-07-30,97.13,97.32,96.6,96.98,35348519.0,polygon
2014-07-31,96.2,96.34,94.88,95.02,50047926.0,polygon
2014-08-01,94.83,95.34,94.04,94.67,60707990.0,polygon
2014-08-04,94.9,95.69,94.52,95.32,33230537.0,polygon
2014-08-05,94.94,95.21,94.15,94.59,50331066.0,polygon
2014-08-06,93.99,95.11,93.92,94.52,34431913.0,polygon
2014-08-07,94.95,95.139,93.885,94.22,33274669.0,polygon
2014-08-08,94.38,95.01,93.97,94.9,40238383.0,polygon
2014-08-11,95.25,95.76,95.2,95.46,28283279.0,polygon
2014-08-12,95.38,95.67,94.93,95.42,28141933.0,polygon
2014-08-13,95.81,96.47,95.76,96.43,27996489.0,polygon
2014-08-14,96.54,96.95,96.43,96.93,25006602.0,polygon
2014-08-15,97.46,97.63,96.48,97.4,55205490.0,polygon
2014-08-18,97.89,98.24,97.77,98.15,38938349.0,polygon
2014-08-19,98.38,98.76,98.32,98.7,21363394.0,polygon
2014-08-20,98.61,98.9,98.53,98.7,23435596.0,polygon
2014-08-21,98.76,98.95,98.6,98.9,19339477.0,polygon
2014-08-22,98.94,99.25,98.72,99.05,24699453.0,polygon
2014-08-25,99.52,99.68,99.16,99.4,24124718.0,polygon
2014-08-26,99.53,99.61,99.27,99.5,20100350.0,polygon
2014-08-27,99.53,99.64,99.31,99.52,15595925.0,polygon
2014-08-28,99.2,99.53,99.08,99.41,23563850.0,polygon
2014-08-29,99.65,99.9141,99.2701,99.78,17912339.0,polygon
2014-09-02,100.04,100.1,99.6601,100.07,18331922.0,polygon
2014-09-03,100.32,100.34,99.3,99.48,25950656.0,polygon
2014-09-04,99.73,100.22,99.14,99.39,24663511.0,polygon
2014-09-05,99.58,99.95,99.03,99.89,30805767.0,polygon
2014-09-08,99.89,100.33,99.62,100.08,25581202.0,polygon
2014-09-09,100.06,100.46,99.0645,99.25,36449189.0,polygon
2014-09-10,99.38,100.11,99.1,100.07,31080115.0,polygon
2014-09-11,99.65,100.04,99.24,99.99,28761940.0,polygon
2014-09-12,99.9,99.93,99.17,99.48,30445999.0,polygon
2014-09-15,99.59,99.6,98.215,98.52,32972159.0,polygon
2014-09-16,98.16,99.57,98.05,99.38,38166920.0,polygon
2014-09-17,99.37,100.0,98.93,99.53,37206375.0,polygon
2014-09-18,99.83,100.29,99.73,100.28,30196722.0,polygon
2014-09-19,100.46,100.5646,99.58,99.98,46923054.0,polygon
2014-09-22,99.74,99.75,98.62,99.05,48658049.0,polygon
2014-09-23,98.67,99.22,98.58,98.78,33989583.0,polygon
2014-09-24,98.87,99.8868,98.54,99.84,35958950.0,polygon
2014-09-25,99.53,99.65,97.7,97.74,68642547.0,polygon
2014-09-26,98.05,98.96,97.89,98.78,56109106.0,polygon
2014-09-29,97.8,98.92,97.75,98.65,33342673.0,polygon
2014-09-30,98.92,99.3,98.32,98.79,41834324.0,polygon
2014-10-01,98.54,98.61,96.9,97.21,58164861.0,polygon
2014-10-02,97.19,97.51,95.97,97.21,54501347.0,polygon
2014-10-03,97.76,98.57,97.44,98.17,41627772.0,polygon
2014-10-06,98.47,98.72,97.6587,97.96,36038687.0,polygon
2014-10-07,97.485,97.7799,96.56,96.57,45153968.0,polygon
2014-10-08,96.66,98.76,96.06,98.45,64931636.0,polygon
2014-10-09,98.33,98.57,96.71,96.86,62497086.0,polygon
2014-10-10,96.29,96.83,94.42,94.44,77579425.0,polygon
2014-10-13,94.29,94.99,92.88,92.96,80835922.0,polygon
2014-10-14,93.6,94.1699,92.71,92.97,71814456.0,polygon
2014-10-15,91.55,92.76,90.24,92.37,108847755.0,polygon
2014-10-16,90.43,92.58,90.39,91.79,93165782.0,polygon
2014-10-17,92.99,93.89,92.46,93.0,69546720.0,polygon
2014-10-20,92.96,94.47,92.8,94.39,41479253.0,polygon
2014-10-21,95.54,96.87,95.32,96.87,53609758.0,polygon
2014-10-22,97.16,97.3,96.305,96.37,39178048.0,polygon
2014-10-23,97.32,98.36,97.17,97.82,48123778.0,polygon
2014-10-24,97.965,98.69,97.64,98.62,43161724.0,polygon
2014-10-27,98.4,98.87,98.02,98.69,29545673.0,polygon
2014-10-28,99.1,100.2,99.08,100.18,34495077.0,polygon
2014-10-29,99.84,100.12,99.1,99.81,40552803.0,polygon
2014-10-30,99.37,100.26,99.14,100.02,35935794.0,polygon
2014-10-31,101.67,101.75,101.07,101.4,54254141.0,polygon
2014-11-03,101.53,101.9701,101.43,101.7,33480951.0,polygon
2014-11-04,101.36,101.6244,100.67,101.36,22773298.0,polygon
2014-11-05,102.01,102.03,101.015,101.37,25818604.0,polygon
2014-11-06,101.32,101.72,100.921,101.69,24671900.0,polygon
2014-11-07,101.87,101.91,101.07,101.6,20931734.0,polygon
2014-11-10,101.65,102.09,101.38,101.96,20360007.0,polygon
2014-11-11,101.98,102.28,101.7,102.28,15454012.0,polygon
2014-11-12,101.87,102.57,101.87,102.46,22050317.0,polygon
2014-11-13,102.65,103.28,102.42,102.9,28027776.0,polygon
2014-11-14,102.87,103.22,102.53,103.22,19251346.0,polygon
2014-11-17,102.98,103.21,102.42,102.91,23361634.0,polygon
2014-11-18,103.0,103.82,102.991,103.68,26336812.0,polygon
2014-11-19,103.57,103.57,102.73,103.21,23760243.0,polygon
2014-11-20,102.77,103.76,102.69,103.67,22874018.0,polygon
2014-11-21,104.59,104.69,103.54,103.87,34049128.0,polygon
2014-11-24,104.15,104.73,104.06,104.68,17928289.0,polygon
2014-11-25,104.84,105.15,104.57,104.84,17525991.0,polygon
2014-11-26,104.94,105.58,104.834,105.52,18973804.0,polygon
2014-11-28,105.795,106.245,105.73,106.01,17360420.0,polygon
2014-12-01,105.72,105.9199,104.42,104.81,35969494.0,polygon
2014-12-02,104.92,105.4168,104.7,105.23,26031291.0,polygon
2014-12-03,105.39,105.565,104.7626,105.42,32974322.0,polygon
2014-12-04,105.32,105.78,104.93,105.37,31008791.0,polygon
2014-12-05,105.54,105.7,105.145,105.38,25622236.0,polygon
2014-12-08,105.11,105.57,104.075,104.63,32685756.0,polygon
2014-12-09,103.41,105.04,103.0401,104.96,46035139.0,polygon
2014-12-10,104.77,105.03,103.12,103.31,39330116.0,polygon
2014-12-11,103.61,105.04,103.59,103.8,47576022.0,polygon
2014-12-12,102.81,103.99,102.66,102.67,46889391.0,polygon
2014-12-15,103.2,103.58,101.315,101.61,52968448.0,polygon
2014-12-16,100.97,102.47,99.96,99.98,65348626.0,polygon
2014-12-17,100.05,102.09,99.92,101.8,79704252.0,polygon
2014-12-18,103.26,104.26,102.98,104.25,49728804.0,polygon
2014-12-19,103.97,104.74,103.71,104.24,51419912.0,polygon
2014-12-22,104.15,104.61,104.0999,104.58,33869167.0,polygon
2014-12-23,104.96,104.97,104.09,104.21,30156929.0,polygon
2014-12-24,104.34,104.7,104.2699,104.3,14291333.0,polygon
2014-12-26,104.6,105.26,104.57,105.04,13924332.0,polygon
2014-12-29,104.94,105.25,104.875,105.02,17073772.0,polygon
2014-12-30,104.72,104.96,104.175,104.32,18603989.0,polygon
2014-12-31,104.5,104.91,103.1,103.25,24367121.0,polygon
2015-01-02,103.76,104.2,102.44,102.94,31314599.0,polygon
2015-01-05,102.49,102.61,101.14,101.43,36521270.0,polygon
2015-01-06,101.58,101.75,99.62,100.07,66205451.0,polygon
2015-01-07,100.73,101.6,100.485,101.36,37577361.0,polygon
2015-01-08,102.22,103.5,102.111,103.3,40212640.0,polygon
2015-01-09,103.62,103.65,102.02,102.62,41410071.0,polygon
2015-01-12,102.82,102.93,101.285,101.55,34129751.0,polygon
2015-01-13,102.54,103.62,100.7,101.52,56162334.0,polygon
2015-01-14,100.5,101.4829,100.07,100.96,51354217.0,polygon
2015-01-15,101.43,101.59,99.525,99.65,51005416.0,polygon
2015-01-16,99.52,100.95,99.36,100.82,35362210.0,polygon
2015-01-20,101.43,101.88,100.29,101.62,30964056.0,polygon
2015-01-21,101.32,102.619,100.9648,102.14,40128772.0,polygon
2015-01-22,102.54,104.14,101.64,104.03,40887168.0,polygon
2015-01-23,104.02,104.58,103.72,104.26,34782992.0,polygon
2015-01-26,104.14,104.33,103.61,104.14,19960870.0,polygon
2015-01-27,102.5,102.56,101.1,101.44,45253205.0,polygon
2015-01-28,103.07,103.18,100.9,100.92,43591675.0,polygon
2015-01-29,100.84,102.0779,99.96,101.89,46539734.0,polygon
2015-01-30,101.8,102.58,100.96,101.1,42927638.0,polygon
2015-02-02,101.33,102.07,99.75,101.98,43624654.0,polygon
2015-02-03,102.35,103.03,101.68,102.96,30750360.0,polygon
2015-02-04,102.54,103.55,102.31,102.87,34073211.0,polygon
2015-02-05,103.13,103.83,102.87,103.76,23605516.0,polygon
2015-02-06,103.92,104.17,102.76,103.13,34169256.0,polygon
2015-02-09,102.73,103.285,102.55,102.8,22604655.0,polygon
2015-02-10,103.37,104.54,103.21,104.4,23686531.0,polygon
2015-02-11,104.52,105.02,104.32,104.78,20256047.0,polygon
2015-02-12,105.46,106.04,105.3,106.0,22520295.0,polygon
2015-02-13,106.3,106.93,106.101,106.91,29030249.0,polygon
2015-02-17,106.91,107.08,106.6432,107.01,17675344.0,polygon
2015-02-18,106.88,107.2199,106.74,107.16,15149619.0,polygon
2015-02-19,107.09,107.76,107.06,107.69,19828113.0,polygon
2015-02-20,107.62,108.47,107.28,108.41,28336710.0,polygon
2015-02-23,108.35,108.55,108.11,108.52,17867968.0,polygon
2015-02-24,108.38,108.73,108.05,108.6,19745011.0,polygon
2015-02-25,108.44,108.86,108.09,108.33,19472341.0,polygon
2015-02-26,108.44,108.94,108.135,108.88,22255476.0,polygon
2015-02-27,108.84,108.91,108.23,108.4,27757584.0,polygon
2015-03-02,108.61,109.42,108.59,109.38,22988645.0,polygon
2015-03-03,109.05,109.16,108.18,108.87,20788924.0,polygon
2015-03-04,108.51,108.67,107.86,108.45,21007420.0,polygon
2015-03-05,108.73,108.965,108.19,108.64,15381039.0,polygon
2015-03-06,108.5,108.71,107.14,107.41,30990366.0,polygon
2015-03-09,107.63,107.9857,107.19,107.72,26237101.0,polygon
2015-03-10,106.95,106.98,105.72,105.72,34234496.0,polygon
2015-03-11,105.875,106.01,105.07,105.11,25459733.0,polygon
2015-03-12,105.03,105.92,104.96,105.8,21473171.0,polygon
2015-03-13,105.7,106.12,104.68,105.34,42021103.0,polygon
2015-03-16,105.73,106.74,105.62,106.7,25674085.0,polygon
2015-03-17,106.405,107.04,106.16,106.87,19603813.0,polygon
2015-03-18,106.58,108.41,106.03,107.92,40622188.0,polygon
2015-03-19,108.03,108.38,107.87,108.08,31314035.0,polygon
2015-03-20,108.72,109.07,108.51,108.53,31761404.0,polygon
2015-03-23,108.47,108.77,108.28,108.32,17268507.0,polygon
2015-03-24,108.31,108.81,107.91,107.93,22445280.0,polygon
2015-03-25,108.1,108.2,105.42,105.46,41581435.0,polygon
2015-03-26,104.59,105.7,104.24,105.1,47846276.0,polygon
2015-03-27,105.08,105.77,104.92,105.52,33878385.0,polygon
2015-03-30,106.16,106.82,106.16,106.73,30570196.0,polygon
2015-03-31,106.43,106.65,105.57,105.6,30488101.0,polygon
2015-04-01,105.6,105.62,104.37,105.05,32970452.0,polygon
2015-04-02,105.15,105.46,104.78,105.12,19164241.0,polygon
2015-04-06,104.5,106.27,104.34,105.98,24451142.0,polygon
2015-04-07,105.92,106.7,105.8,105.8,19379381.0,polygon
2015-04-08,105.84,106.79,105.83,106.64,25866907.0,polygon
2015-04-09,106.59,107.35,106.23,107.31,23114727.0,polygon
2015-04-10,107.27,107.76,107.03,107.75,17164343.0,polygon
2015-04-13,107.83,108.38,107.36,107.48,17783465.0,polygon
2015-04-14,107.37,107.68,106.56,107.17,23755747.0,polygon
2015-04-15,107.45,108.07,107.321,107.84,21128576.0,polygon
2015-04-16,107.55,107.88,107.4,107.69,16195279.0,polygon
2015-04-17,106.66,106.95,105.55,106.01,46513964.0,polygon
2015-04-20,106.54,107.79,106.5,107.6,28945909.0,polygon
2015-04-21,108.22,108.41,107.93,108.06,22759772.0,polygon
2015-04-22,108.34,108.83,107.64,108.65,21429190.0,polygon
2015-04-23,108.28,109.55,108.26,109.06,29473221.0,polygon
2015-04-24,110.21,110.69,110.03,110.54,32508127.0,polygon
2015-04-27,110.95,111.16,110.02,110.26,31121321.0,polygon
2015-04-28,110.34,110.55,109.11,110.04,36849221.0,polygon
2015-04-29,109.43,110.07,108.75,109.35,34043905.0,polygon
2015-04-30,108.73,109.17,107.06,107.63,44080546.0,polygon
2015-05-01,108.05,109.12,108.03,109.05,32874307.0,polygon
2015-05-04,109.4,109.91,109.17,109.23,23507259.0,polygon
2015-05-05,108.8,109.0,107.4,107.45,47843265.0,polygon
2015-05-06,107.64,107.95,105.995,106.71,42687150.0,polygon
2015-05-07,106.68,107.65,106.6,107.35,29335806.0,polygon
2015-05-08,108.46,108.92,108.3,108.69,33023337.0,polygon
2015-05-11,108.76,108.98,108.19,108.27,19679255.0,polygon
2015-05-12,107.63,108.33,106.8,107.78,33665017.0,polygon
2015-05-13,108.25,108.81,107.84,108.0,20738434.0,polygon
2015-05-14,108.88,109.67,108.48,109.58,23904233.0,polygon
2015-05-15,109.86,110.01,109.31,109.58,23937442.0,polygon
2015-05-18,109.4,110.28,109.32,110.06,17631135.0,polygon
2015-05-19,110.18,110.35,109.76,109.94,14212896.0,polygon
2015-05-20,110.02,110.67,109.425,110.01,21131892.0,polygon
2015-05-21,109.82,110.73,109.66,110.58,16771801.0,polygon
2015-05-22,110.45,110.87,110.38,110.47,13543774.0,polygon
2015-05-26,110.23,110.38,108.76,109.2,25488437.0,polygon
2015-05-27,109.53,111.08,109.29,110.96,30572695.0,polygon
2015-05-28,110.75,111.01,110.37,110.71,17302408.0,polygon
2015-05-29,110.64,110.79,109.79,110.05,30382987.0,polygon
2015-06-01,110.64,110.72,109.52,110.42,24570186.0,polygon
2015-06-02,110.01,110.61,109.47,110.07,19449634.0,polygon
2015-06-03,110.57,110.81,110.13,110.4,20507208.0,polygon
2015-06-04,109.78,110.48,109.21,109.56,31374588.0,polygon
2015-06-05,109.43,109.69,108.63,109.3,22641732.0,polygon
2015-06-08,109.25,109.33,107.97,108.19,24549204.0,polygon
2015-06-09,107.93,108.4,107.2,108.01,27554599.0,polygon
2015-06-10,108.38,109.81,108.26,109.49,30297862.0,polygon
2015-06-11,109.86,110.15,109.46,109.65,17593463.0,polygon
2015-06-12,109.07,109.3,108.6,108.75,27201768.0,polygon
2015-06-15,107.94,108.38,107.31,108.21,31238798.0,polygon
2015-06-16,108.1,108.9799,108.05,108.8,16456867.0,polygon
2015-06-17,108.98,109.45,108.43,109.1,23296738.0,polygon
2015-06-18,109.5,110.88,109.44,110.69,43032384.0,polygon
2015-06-19,110.49,110.575,109.81,109.89,27877574.0,polygon
2015-06-22,110.7,111.03,110.45,110.7,19120898.0,polygon
2015-06-23,110.82,110.89,110.33,110.79,18127916.0,polygon
2015-06-24,110.66,111.13,110.19,110.22,15815914.0,polygon
2015-06-25,110.65,110.76,109.815,110.0,18326654.0,polygon
2015-06-26,109.98,110.23,108.86,109.27,32311679.0,polygon
2015-06-29,108.06,108.66,106.64,106.69,50874901.0,polygon
2015-06-30,107.49,107.72,106.74,107.07,34809920.0,polygon
2015-07-01,108.13,108.3464,107.42,107.92,21292958.0,polygon
2015-07-02,108.23,108.32,107.62,107.95,20499447.0,polygon
2015-07-06,107.27,108.32,107.04,107.7,24311020.0,polygon
2015-07-07,107.82,108.07,105.83,107.97,44230772.0,polygon
2015-07-08,107.2,107.33,105.8942,106.09,39691475.0,polygon
2015-07-09,107.5,107.5955,106.02,106.03,28381041.0,polygon
2015-07-10,107.44,108.05,107.05,107.65,26415825.0,polygon
2015-07-13,108.58,109.63,108.57,109.54,25780733.0,polygon
2015-07-14,109.69,110.56,109.63,110.26,21977167.0,polygon
2015-07-15,110.47,110.81,110.07,110.38,28631537.0,polygon
2015-07-16,111.29,111.96,111.07,111.94,29838948.0,polygon
2015-07-17,112.84,113.59,112.65,113.59,35926804.0,polygon
2015-07-20,113.83,114.39,113.48,113.98,26539045.0,polygon
2015-07-21,114.02,114.2,113.58,113.91,35468865.0,polygon
2015-07-22,112.17,113.169,112.165,112.62,35574962.0,polygon
2015-07-23,112.73,113.1,111.91,112.2,25698255.0,polygon
2015-07-24,112.8,113.003,110.93,111.1,30844714.0,polygon
2015-07-27,110.47,110.946,109.94,110.18,35994837.0,polygon
2015-07-28,110.67,111.35,109.785,111.13,33553494.0,polygon
2015-07-29,111.37,111.79,110.94,111.55,26714068.0,polygon
2015-07-30,111.29,112.2663,110.621,112.08,25438057.0,polygon
2015-07-31,112.43,112.49,111.72,111.95,22081731.0,polygon
2015-08-03,111.97,112.28,110.861,111.6,25001780.0,polygon
2015-08-04,111.55,111.745,110.93,111.39,22132319.0,polygon
2015-08-05,112.01,113.0,111.88,112.25,28989897.0,polygon
2015-08-06,112.35,112.5,109.95,110.45,42125401.0,polygon
2015-08-07,110.18,110.57,109.4,110.31,30006846.0,polygon
2015-08-10,111.01,111.81,111.0,111.57,21500780.0,polygon
2015-08-11,110.98,111.4101,109.53,110.14,36123270.0,polygon
2015-08-12,109.38,110.735,108.22,110.52,41888960.0,polygon
2015-08-13,110.63,111.16,110.1,110.34,22510520.0,polygon
2015-08-14,110.08,110.67,109.86,110.51,17924931.0,polygon
2015-08-17,110.24,111.46,109.96,111.43,21224913.0,polygon
2015-08-18,111.275,111.37,110.71,110.86,13984363.0,polygon
2015-08-19,110.52,111.105,109.49,110.13,42511384.0,polygon
2015-08-20,109.11,109.46,107.07,107.08,57747349.0,polygon
2015-08-21,105.57,106.47,102.4,102.4,97763445.0,polygon
2015-08-24,94.23,102.53,84.74,98.46,150829863.0,polygon
2015-08-25,102.07,102.74,98.01,98.09,75088278.0,polygon
2015-08-26,100.96,103.23,98.93,103.03,104103817.0,polygon
2015-08-27,104.52,105.71,103.2799,105.64,69377690.0,polygon
2015-08-28,105.08,106.0,104.85,105.62,49919628.0,polygon
2015-08-31,105.03,105.61,104.05,104.31,39549380.0,polygon
2015-09-01,101.71,103.29,100.63,101.05,73155538.0,polygon
2015-09-02,102.88,103.92,101.7,103.9,43963563.0,polygon
2015-09-03,104.31,105.02,103.1,103.39,45131794.0,polygon
2015-09-04,101.97,102.845,101.59,102.16,49379643.0,polygon
2015-09-08,104.12,105.165,103.69,105.04,37343527.0,polygon
2015-09-09,106.28,106.31,103.59,103.86,47146743.0,polygon
2015-09-10,103.74,105.68,103.62,104.99,47686714.0,polygon
2015-09-11,104.51,105.57,104.21,105.57,29106088.0,polygon
2015-09-14,105.96,105.98,104.85,105.25,19718804.0,polygon
2015-09-15,105.5,106.82,105.11,106.49,30020216.0,polygon
2015-09-16,106.51,107.19,106.14,107.09,31329146.0,polygon
2015-09-17,106.98,108.725,106.64,107.13,56139806.0,polygon
2015-09-18,105.23,106.6,105.17,105.35,48383995.0,polygon
2015-09-21,105.93,106.55,104.73,105.68,35772624.0,polygon
2015-09-22,104.06,104.4225,103.13,104.1,47359654.0,polygon
2015-09-23,104.38,104.66,103.64,104.18,21775134.0,polygon
2015-09-24,103.17,104.19,102.27,103.8,38284331.0,polygon
2015-09-25,104.91,105.01,102.28,102.92,44700006.0,polygon
2015-09-28,102.48,102.55,99.69,99.99,44077490.0,polygon
2015-09-29,100.24,101.26,98.75,99.47,49315527.0,polygon
2015-09-30,100.89,101.87,100.5,101.76,41411432.0,polygon
2015-10-01,101.94,102.23,100.59,102.22,39339134.0,polygon
2015-10-02,100.8,104.01,100.48,104.01,59370859.0,polygon
2015-10-05,104.78,105.78,104.55,105.5,32853533.0,polygon
2015-10-06,105.25,105.6,104.18,105.0,33051534.0,polygon
2015-10-07,105.66,105.86,104.29,105.63,37389334.0,polygon
2015-10-08,105.23,106.23,104.21,106.05,50188873.0,polygon
2015-10-09,106.1,106.73,105.81,106.53,23916227.0,polygon
2015-10-12,106.73,106.9899,106.35,106.79,16161955.0,polygon
2015-10-13,106.18,107.26,106.0,106.1,26999613.0,polygon
2015-10-14,106.1,106.63,105.49,105.93,30902637.0,polygon
2015-10-15,106.32,107.675,106.18,107.67,38393838.0,polygon
2015-10-16,107.9,108.18,107.3794,108.12,27091100.0,polygon
2015-10-19,107.98,108.81,107.74,108.74,23776270.0,polygon
2015-10-20,108.545,108.78,107.81,108.18,23404691.0,polygon
2015-10-21,108.73,108.84,107.48,107.52,30195241.0,polygon
2015-10-22,108.48,109.8,108.171,109.71,42778702.0,polygon
2015-10-23,112.66,113.24,112.07,112.78,53170910.0,polygon
2015-10-26,112.7,113.07,112.27,112.85,25918004.0,polygon
2015-10-27,112.55,113.24,112.52,113.08,31390511.0,polygon
2015-10-28,113.25,114.02,112.34,114.02,42221867.0,polygon
2015-10-29,113.5,114.03,113.38,113.84,24913340.0,polygon
2015-10-30,113.89,114.08,113.3,113.33,27199231.0,polygon
2015-11-02,113.63,114.745,113.39,114.61,22176916.0,polygon
2015-11-03,114.38,115.42,114.21,115.01,20418387.0,polygon
2015-11-04,115.39,115.47,114.54,115.02,28633048.0,polygon
2015-11-05,115.12,115.395,114.11,114.71,25004080.0,polygon
2015-11-06,114.49,114.92,113.76,114.79,29924901.0,polygon
2015-11-09,114.36,114.51,112.865,113.57,33479755.0,polygon
2015-11-10,112.97,113.39,112.63,113.28,35452127.0,polygon
2015-11-11,113.59,114.14,112.95,113.14,22748808.0,polygon
2015-11-12,112.65,113.23,111.96,112.04,31196876.0,polygon
2015-11-13,111.57,111.69,109.78,109.84,52836036.0,polygon
2015-11-16,109.74,111.44,109.48,111.42,33980633.0,polygon
2015-11-17,111.61,112.29,111.2099,111.49,30579457.0,polygon
2015-11-18,111.94,113.74,111.83,113.63,32966463.0,polygon
2015-11-19,113.68,114.23,113.49,113.71,26188119.0,polygon
2015-11-20,114.24,114.57,114.14,114.48,22727591.0,polygon
2015-11-23,114.53,114.94,113.66,114.15,20696175.0,polygon
2015-11-24,113.42,114.32,112.8377,114.05,26374412.0,polygon
2015-11-25,114.19,114.36,113.91,114.15,14159935.0,polygon
2015-11-27,114.395,114.541,113.92,114.31,8827991.0,polygon
2015-11-30,114.6,114.65,113.65,114.02,25041649.0,polygon
2015-12-01,114.475,115.16,114.34,115.16,28639445.0,polygon
2015-12-02,115.23,115.75,114.28,114.45,22395483.0,polygon
2015-12-03,114.76,114.96,111.8432,112.51,42754345.0,polygon
2015-12-04,112.84,115.33,112.62,115.14,40037322.0,polygon
2015-12-07,115.22,115.29,114.07,114.62,25892101.0,polygon
2015-12-08,113.44,114.995,113.38,114.63,30792648.0,polygon
2015-12-09,114.11,114.76,112.2,112.89,48509199.0,polygon
2015-12-10,113.15,114.16,112.811,113.4,30154621.0,polygon
2015-12-11,112.09,112.39,110.72,110.79,56022221.0,polygon
2015-12-14,110.98,111.68,109.38,111.63,53098514.0,polygon
2015-12-15,112.6,113.28,112.17,112.31,48428014.0,polygon
2015-12-16,113.07,114.17,111.89,113.98,44944106.0,polygon
2015-12-17,114.46,114.48,112.3,112.32,45668795.0,polygon
2015-12-18,111.58,111.88,109.83,109.83,53746061.0,polygon
2015-12-21,110.87,111.07,110.05,111.05,26432807.0,polygon
2015-12-22,111.65,111.94,111.05,111.78,26540310.0,polygon
2015-12-23,112.34,112.69,112.16,112.61,25656928.0,polygon
2015-12-24,112.57,112.9,112.54,112.59,11480244.0,polygon
2015-12-28,112.32,112.55,111.51,112.53,19183637.0,polygon
2015-12-29,113.215,114.545,113.13,114.3,27725673.0,polygon
2015-12-30,114.16,114.24,113.25,113.27,19520081.0,polygon
2015-12-31,112.87,113.08,111.84,111.86,29886849.0,polygon
2016-01-04,109.43,109.6,108.12,109.5,50807643.0,polygon
2016-01-05,110.04,110.18,108.8,109.31,38795182.0,polygon
2016-01-06,107.43,108.89,107.41,108.26,41891091.0,polygon
2016-01-07,105.96,107.29,104.81,104.87,61386300.0,polygon
2016-01-08,105.67,106.29,103.9,104.01,69344012.0,polygon
2016-01-11,104.79,105.06,102.73,104.33,50024094.0,polygon
2016-01-12,105.31,106.08,104.08,105.54,46734241.0,polygon
2016-01-13,106.0,106.23,101.74,101.9,69870673.0,polygon
2016-01-14,102.3,104.98,100.67,104.07,78445735.0,polygon
2016-01-15,100.57,101.94,99.51,100.84,91443918.0,polygon
2016-01-19,102.2,102.37,99.88,101.06,56563845.0,polygon
2016-01-20,99.48,101.83,97.25,100.75,86674981.0,polygon
2016-01-21,101.19,102.349,99.82,100.85,61660101.0,polygon
2016-01-22,102.84,103.81,102.5305,103.77,42229803.0,polygon
2016-01-25,103.46,103.99,102.14,102.23,38881485.0,polygon
2016-01-26,102.65,103.59,101.76,103.15,36143916.0,polygon
2016-01-27,102.55,102.99,100.15,100.58,54524736.0,polygon
2016-01-28,102.19,102.29,100.26,102.0,47641532.0,polygon
2016-01-29,102.0,104.17,101.94,104.13,54245067.0,polygon
2016-02-01,103.62,104.8,103.23,104.41,32750348.0,polygon
2016-02-02,103.97,103.97,101.84,102.15,44928088.0,polygon
2016-02-03,102.8,102.83,99.88,101.66,61572882.0,polygon
2016-02-04,101.35,102.455,100.44,101.65,49321638.0,polygon
2016-02-05,101.29,101.33,97.72,98.12,70749932.0,polygon
2016-02-08,96.33,97.05,94.84,96.62,91673063.0,polygon
2016-02-09,95.36,97.78,95.18,96.32,73778426.0,polygon
2016-02-10,97.5,98.69,96.62,96.69,59421699.0,polygon
2016-02-11,95.45,97.32,95.19,96.55,76839183.0,polygon
2016-02-12,97.68,98.12,96.73,98.02,49186494.0,polygon
2016-02-16,99.44,100.23,98.85,100.23,40565911.0,polygon
2016-02-17,101.01,102.64,100.7,102.5,41766451.0,polygon
2016-02-18,102.81,102.84,101.2,101.33,38991469.0,polygon
2016-02-19,100.91,101.94,100.615,101.63,28257915.0,polygon
2016-02-22,102.54,103.38,102.48,103.28,23979113.0,polygon
2016-02-23,102.67,102.96,101.51,101.58,29869660.0,polygon
2016-02-24,100.44,102.68,99.77,102.55,40739103.0,polygon
2016-02-25,102.76,103.56,101.84,103.56,29389315.0,polygon
2016-02-26,104.28,104.3659,103.1835,103.43,30925045.0,polygon
2016-02-29,103.31,104.1,102.5,102.5,27553937.0,polygon
2016-03-01,103.45,105.79,103.16,105.79,37699779.0,polygon
2016-03-02,105.63,105.85,105.01,105.83,29209756.0,polygon
2016-03-03,105.71,105.75,104.87,105.63,25474625.0,polygon
2016-03-04,105.76,106.35,104.97,105.67,31655424.0,polygon
2016-03-07,105.12,105.74,104.27,105.02,25861160.0,polygon
2016-03-08,104.3,105.2138,103.97,104.15,28898525.0,polygon
2016-03-09,104.57,104.84,103.96,104.82,31047351.0,polygon
2016-03-10,105.31,105.86,103.31,104.66,44997649.0,polygon
2016-03-11,105.8,106.49,105.46,106.49,31453958.0,polygon
2016-03-14,106.08,106.92,106.06,106.67,25374912.0,polygon
2016-03-15,106.27,106.75,105.95,106.63,26524632.0,polygon
2016-03-16,106.37,107.86,106.34,107.58,31693050.0,polygon
2016-03-17,107.26,107.77,106.87,107.52,29623740.0,polygon
2016-03-18,107.46,107.635,106.8,107.37,37682293.0,polygon
2016-03-21,107.16,107.89,107.12,107.79,17288559.0,polygon
2016-03-22,107.18,108.37,107.16,108.12,18840278.0,polygon
2016-03-23,107.91,107.99,106.99,107.23,20912873.0,polygon
2016-03-24,106.67,107.29,106.53,107.26,19017258.0,polygon
2016-03-28,107.56,107.58,106.92,107.11,13892303.0,polygon
2016-03-29,106.93,108.9,106.73,108.83,29963923.0,polygon
2016-03-30,109.48,110.04,109.13,109.36,23807235.0,polygon
2016-03-31,109.3,109.69,109.03,109.2,21447236.0,polygon
2016-04-01,108.58,110.4,108.39,110.36,26389045.0,polygon
2016-04-04,110.31,110.435,109.68,109.94,17162988.0,polygon
2016-04-05,109.08,109.5,108.74,108.88,20107915.0,polygon
2016-04-06,109.0,110.71,108.99,110.67,25056031.0,polygon
2016-04-07,110.04,110.225,108.61,109.08,28567202.0,polygon
2016-04-08,109.77,110.02,108.615,109.0,22897951.0,polygon
2016-04-11,109.48,110.02,108.585,108.6,25772058.0,polygon
2016-04-12,108.66,109.72,108.015,109.51,28564087.0,polygon
2016-04-13,110.32,111.08,110.21,110.91,25356728.0,polygon
2016-04-14,110.0,111.33,110.0,110.92,17199671.0,polygon
2016-04-15,110.83,111.055,110.36,110.64,21353343.0,polygon
2016-04-18,110.33,111.265,110.25,111.23,17126086.0,polygon
2016-04-19,111.44,111.44,109.88,110.55,42481435.0,polygon
2016-04-20,110.54,111.15,110.17,110.64,18078307.0,polygon
2016-04-21,110.58,111.05,110.15,110.65,20215983.0,polygon
2016-04-22,109.21,109.72,108.12,108.98,39073996.0,polygon
2016-04-25,108.62,108.99,108.45,108.98,14351890.0,polygon
2016-04-26,109.2,109.39,108.12,108.45,19118334.0,polygon
2016-04-27,107.34,107.83,106.69,107.58,33059790.0,polygon
2016-04-28,107.69,108.3335,106.0705,106.28,29818155.0,polygon
2016-04-29,106.22,106.495,104.88,105.72,67502786.0,polygon
2016-05-02,105.97,106.87,105.5525,106.72,24813813.0,polygon
2016-05-03,105.96,106.4399,105.45,105.73,38569433.0,polygon
2016-05-04,105.12,105.4811,104.7902,105.05,27474504.0,polygon
2016-05-05,105.43,105.66,104.81,105.02,20788119.0,polygon
2016-05-06,104.51,105.6,104.4,105.58,30758516.0,polygon
2016-05-09,105.61,106.37,105.54,105.88,19289615.0,polygon
2016-05-10,106.26,107.38,106.07,107.33,21178851.0,polygon
2016-05-11,107.16,107.49,106.33,106.36,20966257.0,polygon
2016-05-12,106.68,106.735,105.14,105.89,29196323.0,polygon
2016-05-13,105.85,106.449,105.29,105.5,21059255.0,polygon
2016-05-16,105.67,107.21,105.56,106.82,18311860.0,polygon
2016-05-17,106.74,107.04,105.2,105.48,29932711.0,polygon
2016-05-18,105.29,106.43,105.04,105.86,28177911.0,polygon
2016-05-19,105.45,105.705,104.54,105.31,27334610.0,polygon
2016-05-20,105.74,106.9,105.67,106.47,29549578.0,polygon
2016-05-23,106.55,106.97,106.23,106.33,15729764.0,polygon
2016-05-24,106.92,108.59,106.885,108.46,29931309.0,polygon
2016-05-25,108.86,109.57,108.684,109.24,38464750.0,polygon
2016-05-26,109.35,109.7,109.09,109.56,21885871.0,polygon
2016-05-27,109.65,110.14,109.61,110.13,19870010.0,polygon
2016-05-31,110.28,110.51,109.7837,110.34,24366106.0,polygon
2016-06-01,110.0,110.6,109.91,110.35,19571528.0,polygon
2016-06-02,110.13,110.59,109.53,110.58,15696618.0,polygon
2016-06-03,110.37,110.42,109.34,110.06,20269923.0,polygon
2016-06-06,110.25,110.75,110.07,110.46,12502365.0,polygon
2016-06-07,110.53,110.63,110.13,110.18,12184296.0,polygon
2016-06-08,110.37,110.6,109.96,110.37,14568699.0,polygon
2016-06-09,109.93,110.31,109.71,110.19,17571631.0,polygon
2016-06-10,109.2,109.4,108.56,108.94,32965003.0,polygon
2016-06-13,108.34,108.93,107.89,108.03,25412177.0,polygon
2016-06-14,107.78,108.415,107.24,108.03,24588506.0,polygon
2016-06-15,108.32,108.44,107.54,107.72,24605701.0,polygon
2016-06-16,107.17,108.14,106.5,108.04,32079929.0,polygon
2016-06-17,107.53,107.6819,106.24,106.49,29208832.0,polygon
2016-06-20,107.73,108.24,107.08,107.16,20562769.0,polygon
2016-06-21,107.33,107.715,107.1,107.5,22804112.0,polygon
2016-06-22,107.58,108.19,107.15,107.24,22724174.0,polygon
2016-06-23,108.09,108.79,107.62,108.77,18714227.0,polygon
2016-06-24,104.81,106.5,104.06,104.29,68010182.0,polygon
2016-06-27,103.6,103.6,101.75,102.22,50044303.0,polygon
2016-06-28,103.33,104.51,103.3,104.46,28260604.0,polygon
2016-06-29,105.26,106.53,105.231,106.31,31356723.0,polygon
2016-06-30,106.52,107.61,106.13,107.54,36300819.0,polygon
2016-07-01,107.49,108.48,107.45,108.08,19902803.0,polygon
2016-07-05,107.58,107.66,106.84,107.42,21167903.0,polygon
2016-07-06,106.92,108.35,106.57,108.3,24579270.0,polygon
2016-07-07,108.39,108.86,108.11,108.62,19161748.0,polygon
2016-07-08,109.17,110.36,109.02,110.3,29457871.0,polygon
2016-07-11,110.68,111.335,110.66,110.93,20218504.0,polygon
2016-07-12,111.59,111.79,111.34,111.49,21906145.0,polygon
2016-07-13,111.79,111.82,111.21,111.22,21107762.0,polygon
2016-07-14,111.96,112.19,111.7,111.98,20870986.0,polygon
2016-07-15,112.22,112.3,111.55,111.8,17999312.0,polygon
2016-07-18,111.86,112.74,111.85,112.54,20713924.0,polygon
2016-07-19,112.17,112.48,111.93,112.13,18936702.0,polygon
2016-07-20,112.75,113.65,112.6,113.44,24997929.0,polygon
2016-07-21,113.52,113.74,112.87,113.18,18885367.0,polygon
2016-07-22,113.28,113.78,112.911,113.65,20003363.0,polygon
2016-07-25,113.56,113.69,113.28,113.66,12968085.0,polygon
2016-07-26,113.63,114.2,113.22,113.79,21223845.0,polygon
2016-07-27,114.76,114.88,114.1,114.58,27646113.0,polygon
2016-07-28,114.76,115.11,114.4,114.98,16939662.0,polygon
2016-07-29,115.24,115.54,114.87,115.23,22385320.0,polygon
2016-08-01,115.31,118.7799,115.17,115.84,13990077.0,polygon
2016-08-02,115.68,115.77,114.22,114.96,21278383.0,polygon
2016-08-03,114.88,115.35,114.8005,115.34,15011273.0,polygon
2016-08-04,115.32,115.78,115.03,115.67,12835296.0,polygon
2016-08-05,116.28,117.04,116.13,116.78,23196570.0,polygon
2016-08-08,116.82,116.87,116.28,116.65,12358181.0,polygon
2016-08-09,116.73,117.29,116.67,116.92,13276458.0,polygon
2016-08-10,116.96,117.02,116.31,116.62,14688405.0,polygon
2016-08-11,117.01,117.37,116.78,117.12,12969799.0,polygon
2016-08-12,116.91,117.21,116.79,117.2,19379036.0,polygon
2016-08-15,117.33,117.97,117.31,117.7,11777762.0,polygon
2016-08-16,117.47,117.49,117.03,117.05,14161446.0,polygon
2016-08-17,117.08,117.3,116.43,117.26,15980334.0,polygon
2016-08-18,117.15,117.46,116.945,117.29,10036285.0,polygon
2016-08-19,117.1,117.52,116.76,117.26,18742961.0,polygon
2016-08-22,117.09,117.55,116.87,117.35,14500622.0,polygon
2016-08-23,117.79,118.0095,117.51,117.56,11997927.0,polygon
2016-08-24,117.49,117.64,116.41,116.8,17728656.0,polygon
2016-08-25,116.48,116.97,116.36,116.61,24266264.0,polygon
2016-08-26,116.66,117.54,116.08,116.78,23895963.0,polygon
2016-08-29,116.81,117.251,116.79,116.94,11184872.0,polygon
2016-08-30,116.73,117.09,116.16,116.56,19843301.0,polygon
2016-08-31,116.38,116.56,115.95,116.44,16169794.0,polygon
2016-09-01,116.48,116.88,115.91,116.74,20944727.0,polygon
2016-09-02,117.32,117.56,116.68,117.12,18088215.0,polygon
2016-09-06,117.29,117.85,117.06,117.85,18525231.0,polygon
2016-09-07,117.95,118.12,117.47,117.92,17546872.0,polygon
2016-09-08,117.57,117.6,116.92,117.23,20125319.0,polygon
2016-09-09,116.23,116.51,114.26,114.28,50813287.0,polygon
2016-09-12,113.64,116.49,113.63,116.33,39645960.0,polygon
2016-09-13,115.73,116.09,114.73,115.29,45863935.0,polygon
2016-09-14,115.43,116.47,115.38,115.84,28221762.0,polygon
2016-09-15,115.89,117.815,115.86,117.64,39466531.0,polygon
2016-09-16,117.22,117.412,116.71,117.29,27596527.0,polygon
2016-09-19,117.57,117.95,116.55,116.78,16222870.0,polygon
2016-09-20,117.19,117.48,116.8,117.0,18078584.0,polygon
2016-09-21,117.48,118.32,116.81,118.15,31546776.0,polygon
2016-09-22,118.85,119.22,118.7177,119.09,22614422.0,polygon
2016-09-23,118.92,119.0,118.16,118.33,22213394.0,polygon
2016-09-26,117.66,117.8,117.17,117.34,16403881.0,polygon
2016-09-27,117.31,118.5552,117.15,118.5,20238432.0,polygon
2016-09-28,118.62,118.77,118.09,118.7,14794330.0,polygon
2016-09-29,118.51,118.72,117.3338,117.84,27207499.0,polygon
2016-09-30,118.145,119.07,118.03,118.72,25543200.0,polygon
2016-10-03,118.53,118.7,118.09,118.55,19216438.0,polygon
2016-10-04,118.86,119.16,117.92,118.37,21239742.0,polygon
2016-10-05,118.7,119.17,118.67,118.79,14481285.0,polygon
2016-10-06,118.63,118.981,118.15,118.73,11987056.0,polygon
2016-10-07,118.86,119.01,117.89,118.47,19984158.0,polygon
2016-10-10,119.06,119.48,119.03,119.22,19687341.0,polygon
2016-10-11,119.1,119.14,117.0,117.52,27774426.0,polygon
2016-10-12,117.575,117.82,117.06,117.42,14267824.0,polygon
2016-10-13,116.635,117.32,115.94,117.0,22821011.0,polygon
2016-10-14,117.58,118.05,117.07,117.14,21313321.0,polygon
2016-10-17,117.1,117.3,116.672,116.82,14182694.0,polygon
2016-10-18,118.18,118.41,117.8,117.86,19276656.0,polygon
2016-10-19,117.77,118.02,117.64,117.85,13702918.0,polygon
2016-10-20,117.68,117.97,117.03,117.71,18132245.0,polygon
2016-10-21,117.8,118.22,117.41,118.15,15707804.0,polygon
2016-10-24,118.93,119.65,118.8918,119.57,19142985.0,polygon
2016-10-25,119.62,119.66,119.01,119.19,20341835.0,polygon
2016-10-26,118.41,119.03,118.03,118.38,20463696.0,polygon
2016-10-27,118.9,118.99,117.67,117.84,19099790.0,polygon
2016-10-28,117.47,118.11,116.74,117.1,35369254.0,polygon
2016-10-31,117.53,117.53,116.93,116.99,18749357.0,polygon
2016-11-01,117.19,117.21,115.1047,116.11,23498712.0,polygon
2016-11-02,116.05,116.3,114.89,115.18,26960093.0,polygon
2016-11-03,115.02,115.37,113.92,114.05,36205193.0,polygon
2016-11-04,113.72,114.54,113.45,113.65,26997454.0,polygon
2016-11-07,115.45,116.47,115.3,116.35,26591245.0,polygon
2016-11-08,116.21,117.64,115.96,117.11,20777919.0,polygon
2016-11-09,115.71,117.84,115.6,117.65,70234393.0,polygon
2016-11-10,118.14,118.38,114.195,115.75,72825446.0,polygon
2016-11-11,115.21,116.05,114.84,115.8,41115166.0,polygon
2016-11-14,115.84,115.94,114.03,114.63,35905979.0,polygon
2016-11-15,115.47,116.62,115.33,116.22,31796602.0,polygon
2016-11-16,115.7,116.9932,115.67,116.91,16538132.0,polygon
2016-11-17,116.86,117.78,116.61,117.76,20598553.0,polygon
2016-11-18,117.83,118.1,117.21,117.32,16428659.0,polygon
2016-11-21,117.6,118.65,117.57,118.54,20268547.0,polygon
2016-11-22,118.97,119.19,118.61,118.9,18850641.0,polygon
2016-11-23,118.51,118.64,117.9,118.42,22925954.0,polygon
2016-11-25,118.56,118.85,118.42,118.8,7162785.0,polygon
2016-11-28,118.64,119.08,118.4101,118.53,13479045.0,polygon
2016-11-29,118.63,119.51,118.3,118.94,18552957.0,polygon
2016-11-30,119.06,119.1335,117.46,117.5,30405342.0,polygon
2016-12-01,117.46,117.47,115.29,115.47,39796590.0,polygon
2016-12-02,115.57,116.16,115.22,115.7,32876845.0,polygon
2016-12-05,116.32,117.06,115.77,116.6,21419667.0,polygon
2016-12-06,116.88,117.08,116.39,116.88,27293348.0,polygon
2016-12-07,116.64,118.51,116.2919,118.36,26622442.0,polygon
2016-12-08,118.4,118.87,118.18,118.57,18578433.0,polygon
2016-12-09,119.03,119.5402,119.0,119.5,21863133.0,polygon
2016-12-12,118.95,119.21,118.47,118.96,23259310.0,polygon
2016-12-13,119.35,121.11,119.32,120.46,54477889.0,polygon
2016-12-14,120.56,121.0,119.86,120.21,28745991.0,polygon
2016-12-15,120.37,121.11,120.08,120.4,22762305.0,polygon
2016-12-16,120.28,120.5817,119.36,119.6,26283907.0,polygon
2016-12-19,119.74,120.83,119.55,120.09,21138658.0,polygon
2016-12-20,120.43,120.77,120.33,120.55,11461799.0,polygon
2016-12-21,120.57,120.68,120.19,120.46,7079300.0,polygon
2016-12-22,120.46,120.5,119.65,120.12,16644996.0,polygon
2016-12-23,119.96,120.25,119.81,120.2,9007470.0,polygon
2016-12-27,120.44,121.52,120.41,120.82,16110554.0,polygon
2016-12-28,121.06,121.19,119.795,119.88,17975235.0,polygon
2016-12-29,119.86,120.13,119.33,119.71,13267519.0,polygon
2016-12-30,119.93,119.95,118.14,118.48,41749028.0,polygon
2017-01-03,119.31,119.99,118.89,119.54,22307608.0,polygon
2017-01-04,119.67,120.41,119.6561,120.19,19749074.0,polygon
2017-01-05,120.16,120.95,120.1,120.87,20644254.0,polygon
2017-01-06,120.99,122.25,120.685,121.93,24074305.0,polygon
2017-01-09,122.03,122.55,121.95,122.33,18909234.0,polygon
2017-01-10,122.37,122.97,122.1,122.6,16176631.0,polygon
2017-01-11,122.63,122.93,122.02,122.93,20685983.0,polygon
2017-01-12,122.49,122.819,121.6,122.74,19622511.0,polygon
2017-01-13,122.81,123.37,122.8,123.16,16930803.0,polygon
2017-01-17,122.79,123.03,122.4342,122.79,14538484.0,polygon
2017-01-18,122.96,123.16,122.66,123.04,12499663.0,polygon
2017-01-19,123.19,123.65,122.72,122.98,12710659.0,polygon
2017-01-20,123.51,123.83,122.92,123.25,22091039.0,polygon
2017-01-23,123.16,123.53,122.57,123.35,17434167.0,polygon
2017-01-24,123.59,124.37,123.3847,124.18,17640869.0,polygon
2017-01-25,124.94,125.46,124.85,125.43,15036221.0,polygon
2017-01-26,125.59,125.82,125.3438,125.56,16052150.0,polygon
2017-01-27,125.8,125.9211,125.39,125.8,15052983.0,polygon
2017-01-30,125.37,125.38,124.13,124.82,25006715.0,polygon
2017-01-31,124.4,124.6,123.85,124.57,19091133.0,polygon
2017-02-01,125.42,125.68,124.86,125.43,22861876.0,polygon
2017-02-02,125.21,125.7,124.86,125.32,15101363.0,polygon
2017-02-03,125.49,125.81,125.33,125.68,16957154.0,polygon
2017-02-06,125.42,125.85,125.35,125.83,11630139.0,polygon
2017-02-07,126.06,126.55,125.97,126.29,17541101.0,polygon
2017-02-08,126.12,126.68,125.88,126.5,12569147.0,polygon
2017-02-09,126.63,127.24,126.56,126.96,17542726.0,polygon
2017-02-10,127.2,127.56,127.02,127.38,13915697.0,polygon
2017-02-13,127.76,128.26,127.7199,128.1,19120150.0,polygon
2017-02-14,128.15,128.535,127.74,128.53,16333480.0,polygon
2017-02-15,128.44,129.35,128.37,129.29,17891355.0,polygon
2017-02-16,129.36,129.63,128.92,129.25,15098286.0,polygon
2017-02-17,129.09,129.82,129.04,129.81,15563730.0,polygon
2017-02-21,130.03,130.53,129.99,130.45,18479628.0,polygon
2017-02-22,130.32,130.59,130.111,130.5,12110876.0,polygon
2017-02-23,130.7,130.7,129.49,130.01,17489023.0,polygon
2017-02-24,129.47,130.26,129.38,130.26,18624489.0,polygon
2017-02-27,130.02,130.43,129.8,130.42,12008672.0,polygon
2017-02-28,130.39,130.45,129.66,130.02,16598581.0,polygon
2017-03-01,130.81,131.68,130.6,131.44,25813827.0,polygon
2017-03-02,131.43,131.43,130.62,130.78,19951386.0,polygon
2017-03-03,130.65,131.06,130.341,131.02,13722749.0,polygon
2017-03-06,130.56,130.95,130.21,130.73,12026151.0,polygon
2017-03-07,130.45,131.08,130.28,130.51,15500945.0,polygon
2017-03-08,130.57,131.15,130.46,130.74,15776027.0,polygon
2017-03-09,130.71,131.02,130.14,130.84,20855253.0,polygon
2017-03-10,131.42,131.6,130.82,131.39,21922601.0,polygon
2017-03-13,131.34,131.64,131.27,131.61,10731575.0,polygon
2017-03-14,131.31,131.36,130.76,131.29,14019689.0,polygon
2017-03-15,131.58,132.405,131.14,132.1,22709139.0,polygon
2017-03-16,132.33,132.35,131.71,132.01,18457291.0,polygon
2017-03-17,131.86,132.04,131.62,131.69,21234529.0,polygon
2017-03-20,131.65,132.11,131.4601,131.81,10105210.0,polygon
2017-03-21,132.31,132.43,129.73,129.81,35841897.0,polygon
2017-03-22,129.89,130.82,129.68,130.69,29177883.0,polygon
2017-03-23,130.52,130.88,130.14,130.36,20311655.0,polygon
2017-03-24,130.78,131.29,130.13,130.63,22967566.0,polygon
2017-03-27,129.73,131.07,129.4,130.84,18472445.0,polygon
2017-03-28,130.81,132.03,130.55,131.64,23721947.0,polygon
2017-03-29,131.73,132.3,131.59,132.25,13709968.0,polygon
2017-03-30,132.22,132.61,132.08,132.47,16092374.0,polygon
2017-03-31,132.27,132.74,132.125,132.38,19841411.0,polygon
2017-04-03,132.48,132.81,131.56,132.3,23700310.0,polygon
2017-04-04,131.9,132.53,131.87,132.51,13400022.0,polygon
2017-04-05,132.68,133.48,131.72,131.97,32011155.0,polygon
2017-04-06,132.12,132.39,131.7,132.04,18832193.0,polygon
2017-04-07,131.99,132.37,131.5,131.97,16743064.0,polygon
2017-04-10,132.11,132.565,131.6564,132.02,15619276.0,polygon
2017-04-11,131.86,132.095,130.5,131.45,33778359.0,polygon
2017-04-12,131.45,131.54,130.78,130.92,15955195.0,polygon
2017-04-13,130.75,131.51,130.38,130.4,23683020.0,polygon
2017-04-17,130.8,131.5,130.72,131.48,13325508.0,polygon
2017-04-18,131.01,131.66,130.95,131.28,12841087.0,polygon
2017-04-19,131.85,132.29,131.31,131.49,17764817.0,polygon
2017-04-20,132.04,132.88,131.82,132.59,21977910.0,polygon
2017-04-21,132.7,132.76,132.22,132.56,22454948.0,polygon
2017-04-24,134.02,134.285,133.8042,134.16,22469948.0,polygon
2017-04-25,134.58,135.3664,134.48,135.13,19384398.0,polygon
2017-04-26,135.17,135.51,134.86,134.94,25398542.0,polygon
2017-04-27,135.28,135.75,135.19,135.75,16136538.0,polygon
2017-04-28,136.28,136.34,135.77,135.99,22771946.0,polygon
2017-05-01,136.46,137.38,136.38,137.2,24815525.0,polygon
2017-05-02,137.38,137.49,137.02,137.43,18345071.0,polygon
2017-05-03,137.14,137.17,136.615,136.99,23827550.0,polygon
2017-05-04,137.01,137.43,136.56,137.04,14630063.0,polygon
2017-05-05,137.39,137.54,136.88,137.54,19330652.0,polygon
2017-05-08,137.61,137.84,137.33,137.84,13279931.0,polygon
2017-05-09,138.05,138.628,137.93,138.32,28426109.0,polygon
2017-05-10,138.4,138.45,137.91,138.4,20499363.0,polygon
2017-05-11,138.03,138.33,137.38,138.29,27232074.0,polygon
2017-05-12,138.37,138.63,138.23,138.6,19738629.0,polygon
2017-05-15,138.63,139.12,138.53,139.04,20481327.0,polygon
2017-05-16,139.36,139.64,138.99,139.62,21785994.0,polygon
2017-05-17,138.55,138.77,136.05,136.07,55642178.0,polygon
2017-05-18,136.06,137.72,135.87,137.26,41319882.0,polygon
2017-05-19,137.71,138.42,137.66,137.84,36730112.0,polygon
2017-05-22,138.14,139.075,138.0967,139.0,19509659.0,polygon
2017-05-23,139.42,139.42,138.7801,139.14,19687534.0,polygon
2017-05-24,139.56,139.85,139.17,139.78,18323864.0,polygon
2017-05-25,140.315,141.33,140.01,140.97,23928591.0,polygon
2017-05-26,141.0,141.28,140.81,141.22,13851582.0,polygon
2017-05-30,141.13,141.505,141.06,141.34,20306409.0,polygon
2017-05-31,141.8,141.84,140.57,141.29,33229404.0,polygon
2017-06-01,141.57,141.9,140.98,141.84,20120741.0,polygon
2017-06-02,142.34,143.49,142.11,143.46,37222881.0,polygon
2017-06-05,143.44,143.68,143.23,143.43,15727526.0,polygon
2017-06-06,143.28,143.73,142.65,142.86,22393024.0,polygon
2017-06-07,143.23,143.54,142.6,143.42,18842408.0,polygon
2017-06-08,143.74,143.8,142.79,143.57,25417408.0,polygon
2017-06-09,143.73,143.9,138.11,139.98,109783737.0,polygon
2017-06-12,138.84,139.48,137.47,139.23,104453977.0,polygon
2017-06-13,140.01,140.56,139.28,140.36,51193010.0,polygon
2017-06-14,140.92,140.93,138.62,139.75,60093764.0,polygon
2017-06-15,138.35,139.28,137.49,139.13,55145160.0,polygon
2017-06-16,138.72,138.777,137.638,138.15,48087413.0,polygon
2017-06-19,139.45,140.59,139.28,140.46,39626533.0,polygon
2017-06-20,140.31,140.5,139.31,139.36,40935078.0,polygon
2017-06-21,139.66,140.81,139.59,140.74,35743366.0,polygon
2017-06-22,140.94,141.22,140.34,140.7,24099115.0,polygon
2017-06-23,140.53,141.42,140.15,141.24,21654314.0,polygon
2017-06-26,142.0,142.29,140.27,140.58,34411094.0,polygon
2017-06-27,140.07,140.22,138.02,138.03,65957819.0,polygon
2017-06-28,138.54,140.14,137.74,140.02,57427180.0,polygon
2017-06-29,139.4,139.44,136.25,137.59,88769351.0,polygon
2017-06-30,138.0,138.6687,137.19,137.64,68898255.0,polygon
2017-07-03,138.25,138.43,136.1,136.19,32797005.0,polygon
2017-07-05,136.57,137.9,136.16,137.53,42116584.0,polygon
2017-07-06,136.47,137.06,135.8,136.29,48430476.0,polygon
2017-07-07,136.74,138.13,136.74,137.76,36970402.0,polygon
2017-07-10,137.84,138.985,137.5,138.66,24853545.0,polygon
2017-07-11,138.44,139.22,137.94,139.05,31517660.0,polygon
2017-07-12,140.21,140.86,139.955,140.7,36045799.0,polygon
2017-07-13,140.85,141.35,140.6,141.01,31073595.0,polygon
2017-07-14,141.57,142.3,141.19,142.12,34544847.0,polygon
2017-07-17,142.25,142.69,141.92,142.19,25343155.0,polygon
2017-07-18,142.06,143.17,141.64,143.14,25748527.0,polygon
2017-07-19,143.53,144.19,143.5,143.98,33752309.0,polygon
2017-07-20,144.31,144.44,143.52,144.17,36139449.0,polygon
2017-07-21,143.62,144.11,143.35,144.11,39697094.0,polygon
2017-07-24,144.07,144.87,143.92,144.77,26712732.0,polygon
2017-07-25,144.29,144.74,144.01,144.4,28120884.0,polygon
2017-07-26,144.74,144.95,144.53,144.87,18610634.0,polygon
2017-07-27,145.86,145.96,142.3,143.96,80665866.0,polygon
2017-07-28,143.14,144.0752,142.87,143.84,38013176.0,polygon
2017-07-31,144.22,144.43,142.92,143.23,33848645.0,polygon
2017-08-01,143.7,143.76,143.12,143.56,20149421.0,polygon
2017-08-02,144.45,144.52,142.61,143.95,41769667.0,polygon
2017-08-03,144.17,144.17,143.13,143.39,27112799.0,polygon
2017-08-04,143.65,143.97,143.06,143.65,29472909.0,polygon
2017-08-07,143.89,144.56,143.71,144.56,17933942.0,polygon
2017-08-08,144.27,145.47,143.9,144.31,30810364.0,polygon
2017-08-09,143.14,144.19,142.795,144.12,36169473.0,polygon
2017-08-10,143.33,143.4,140.89,141.03,63331663.0,polygon
2017-08-11,141.24,142.41,140.9,142.1,45862488.0,polygon
2017-08-14,143.23,144.15,143.19,143.93,34161024.0,polygon
2017-08-15,144.22,144.302,143.64,144.03,25509181.0,polygon
2017-08-16,144.37,144.96,143.8007,144.28,31913002.0,polygon
2017-08-17,143.73,143.94,141.33,141.33,70190975.0,polygon
2017-08-18,141.43,142.2,140.65,141.23,60751940.0,polygon
2017-08-21,141.23,141.53,140.18,141.05,37111487.0,polygon
2017-08-22,141.8,143.35,141.76,143.2,36294232.0,polygon
2017-08-23,142.5,143.01,142.38,142.69,25702324.0,polygon
2017-08-24,143.03,143.17,141.47,142.27,38160803.0,polygon
2017-08-25,142.8,143.18,141.78,141.97,26380436.0,polygon
2017-08-28,142.41,142.74,141.9501,142.41,15362141.0,polygon
2017-08-29,141.18,143.21,141.06,142.97,24498333.0,polygon
2017-08-30,143.11,144.89,143.0,144.65,33642716.0,polygon
2017-08-31,145.03,146.21,144.98,146.2,38480747.0,polygon
2017-09-01,146.36,146.585,145.61,146.0,22293553.0,polygon
2017-09-05,145.55,145.88,143.6,144.69,45480562.0,polygon
2017-09-06,145.06,145.46,144.08,145.13,30722723.0,polygon
2017-09-07,145.4,145.84,144.94,145.47,22721131.0,polygon
2017-09-08,145.28,145.35,144.06,144.21,27890115.0,polygon
2017-09-11,145.3,146.12,145.3,145.87,27126332.0,polygon
2017-09-12,146.25,146.41,145.53,146.22,30256661.0,polygon
2017-09-13,145.95,146.44,145.73,146.42,28450864.0,polygon
2017-09-14,145.85,146.2869,145.47,145.56,35296413.0,polygon
2017-09-15,145.56,146.59,145.29,146.06,46422402.0,polygon
2017-09-18,145.88,146.37,145.11,145.55,24858157.0,polygon
2017-09-19,145.81,146.01,145.31,145.8,20871237.0,polygon
2017-09-20,145.75,145.91,144.23,145.35,34236155.0,polygon
2017-09-21,145.25,145.26,143.95,144.46,28841835.0,polygon
2017-09-22,144.0,144.53,143.855,144.32,21702401.0,polygon
2017-09-25,143.75,143.8299,142.1,142.8,54947712.0,polygon
2017-09-26,143.51,143.8,142.67,143.17,29628806.0,polygon
2017-09-27,143.93,145.0,143.57,144.46,33249403.0,polygon
2017-09-28,144.14,144.5566,143.78,144.41,24149422.0,polygon
2017-09-29,144.7,145.555,144.32,145.45,43102366.0,polygon
2017-10-02,145.67,146.17,144.93,145.58,27351260.0,polygon
2017-10-03,145.74,146.06,145.45,145.89,19715152.0,polygon
2017-10-04,145.6,146.34,145.47,146.03,26381099.0,polygon
2017-10-05,146.54,147.54,146.4063,147.46,31562353.0,polygon
2017-10-06,146.97,147.66,146.96,147.66,23561069.0,polygon
2017-10-09,147.86,148.0093,147.3,147.49,13704835.0,polygon
2017-10-10,147.98,148.14,146.95,147.6,19223092.0,polygon
2017-10-11,147.53,148.07,147.34,148.04,12439051.0,polygon
2017-10-12,147.84,148.355,147.615,147.77,14513477.0,polygon
2017-10-13,148.4,148.51,147.7772,148.34,18409888.0,polygon
2017-10-16,148.7,148.89,148.3928,148.85,21809410.0,polygon
2017-10-17,148.79,149.06,148.57,149.04,13138157.0,polygon
2017-10-18,149.21,149.21,148.64,148.86,17218243.0,polygon
2017-10-19,148.02,148.33,147.27,148.31,27680285.0,polygon
2017-10-20,148.91,149.04,148.53,148.71,30173268.0,polygon
2017-10-23,149.01,149.03,147.53,147.74,29297126.0,polygon
2017-10-24,148.0,148.3,147.44,147.99,20289467.0,polygon
2017-10-25,147.7,148.18,146.33,147.43,36179124.0,polygon
2017-10-26,147.36,147.705,146.92,146.96,28230199.0,polygon
2017-10-27,149.33,151.52,149.2,151.24,60165127.0,polygon
2017-10-30,151.08,152.19,150.9899,151.58,31733386.0,polygon
2017-10-31,152.04,152.37,151.63,152.15,26319327.0,polygon
2017-11-01,152.75,152.83,151.5,152.1,29481569.0,polygon
2017-11-02,151.92,151.99,150.77,151.81,31017426.0,polygon
2017-11-03,152.39,153.29,151.84,153.27,26199249.0,polygon
2017-11-06,153.13,153.85,153.1,153.79,28693919.0,polygon
2017-11-07,153.67,154.0823,153.34,153.88,21333062.0,polygon
2017-11-08,153.81,154.54,153.62,154.5,17373517.0,polygon
2017-11-09,153.26,153.77,152.11,153.69,40594482.0,polygon
2017-11-10,153.36,153.8,153.06,153.68,20150762.0,polygon
2017-11-13,153.12,154.0693,153.1,153.87,12522399.0,polygon
2017-11-14,153.31,153.5,152.57,153.31,25173763.0,polygon
2017-11-15,152.61,153.0,151.78,152.59,24808004.0,polygon
2017-11-16,153.38,154.89,153.33,154.54,34790570.0,polygon
2017-11-17,154.58,154.69,153.8,153.95,28725800.0,polygon
2017-11-20,154.08,154.2,153.61,153.83,21143944.0,polygon
2017-11-21,154.56,155.57,154.485,155.5,20147763.0,polygon
2017-11-22,155.63,155.84,155.341,155.69,17299040.0,polygon
2017-11-24,155.86,156.31,155.76,156.26,8280586.0,polygon
2017-11-27,156.2,156.56,155.83,156.19,22653389.0,polygon
2017-11-28,156.52,156.69,155.7,156.59,25227320.0,polygon
2017-11-29,156.45,156.45,153.12,153.86,71986338.0,polygon
2017-11-30,154.46,155.45,154.145,155.15,56595465.0,polygon
2017-12-01,154.19,155.24,152.26,154.49,59015828.0,polygon
2017-12-04,155.47,155.625,152.56,152.71,51319146.0,polygon
2017-12-05,152.64,154.55,152.1,152.81,40604211.0,polygon
2017-12-06,152.26,153.735,152.06,153.5,28647769.0,polygon
2017-12-07,153.49,154.46,153.33,154.02,32666207.0,polygon
2017-12-08,155.1,155.53,154.46,154.7,28081666.0,polygon
2017-12-11,154.76,155.95,154.76,155.9,20821528.0,polygon
2017-12-12,155.81,156.15,155.36,155.69,20310252.0,polygon
2017-12-13,156.28,156.49,155.76,155.99,24418479.0,polygon
2017-12-14,156.28,156.66,155.71,155.88,24594682.0,polygon
2017-12-15,156.49,157.82,156.23,157.65,49816151.0,polygon
2017-12-18,158.29,158.77,158.07,158.64,26844519.0,polygon
2017-12-19,158.34,158.5,157.26,157.7,31414968.0,polygon
2017-12-20,158.25,158.28,156.91,157.53,38972602.0,polygon
2017-12-21,157.73,158.25,157.37,157.55,18638679.0,polygon
2017-12-22,157.31,157.432,156.95,157.37,23330440.0,polygon
2017-12-26,156.53,156.72,155.95,156.52,21918720.0,polygon
2017-12-27,156.52,156.96,156.39,156.54,22388186.0,polygon
2017-12-28,157.05,157.0653,156.54,156.73,25393825.0,polygon
2017-12-29,156.9,156.9,155.7,155.76,33185962.0,polygon
2018-01-02,156.5,158.525,156.17,158.49,32573272.0,polygon
2018-01-03,158.61,160.17,158.61,160.03,29383557.0,polygon
2018-01-04,160.59,160.79,160.0825,160.31,24776125.0,polygon
2018-01-05,161.04,162.03,160.77,161.92,26992340.0,polygon
2018-01-08,161.9,162.63,161.86,162.55,23159061.0,polygon
2018-01-09,162.85,163.04,162.07,162.56,24782448.0,polygon
2018-01-10,161.8,162.21,161.12,162.18,34004028.0,polygon
2018-01-11,162.48,163.3,162.21,163.29,20473518.0,polygon
2018-01-12,163.03,164.66,162.94,164.49,37762708.0,polygon
2018-01-16,165.55,166.415,163.53,164.02,41231849.0,polygon
2018-01-17,164.77,166.04,163.9982,165.79,33849879.0,polygon
2018-01-18,165.55,166.1999,165.135,165.82,26432166.0,polygon
2018-01-19,166.32,166.61,165.535,166.34,38937588.0,polygon
2018-01-22,166.27,168.12,166.09,168.12,26081388.0,polygon
2018-01-23,168.64,169.66,168.555,169.51,37989650.0,polygon
2018-01-24,169.81,170.24,167.44,168.41,54287377.0,polygon
2018-01-25,169.55,169.63,167.81,168.35,28924956.0,polygon
2018-01-26,169.27,170.952,168.96,170.93,32038184.0,polygon
2018-01-29,170.52,170.91,169.74,170.1,37277849.0,polygon
2018-01-30,168.55,169.42,167.82,168.7,44987688.0,polygon
2018-01-31,169.67,169.9899,168.34,169.4,42449199.0,polygon
2018-02-01,168.12,169.73,167.42,167.96,38037875.0,polygon
2018-02-02,167.34,167.7,164.47,164.61,68478082.0,polygon
2018-02-05,163.13,165.75,158.0,158.12,105372224.0,polygon
2018-02-06,155.96,162.51,155.1,162.31,118537891.0,polygon
2018-02-07,161.79,163.55,160.2,160.21,91028328.0,polygon
2018-02-08,160.69,160.8,153.45,153.45,94184831.0,polygon
2018-02-09,155.66,157.24,150.125,156.1,113836554.0,polygon
2018-02-12,157.67,159.95,156.46,158.87,63050637.0,polygon
2018-02-13,157.98,160.01,157.7197,159.69,31785595.0,polygon
2018-02-14,158.79,162.93,158.0,162.68,52107431.0,polygon
2018-02-15,164.14,165.7,162.44,165.7,51633887.0,polygon
2018-02-16,165.18,166.755,164.6799,164.96,62256291.0,polygon
2018-02-20,164.39,166.68,164.31,165.29,36785626.0,polygon
2018-02-21,166.06,167.72,164.72,164.82,41161779.0,polygon
2018-02-22,165.54,166.42,164.3769,164.8,37074413.0,polygon
2018-02-23,166.06,168.17,165.45,168.17,50096916.0,polygon
2018-02-26,168.93,170.4,168.82,170.4,39266658.0,polygon
2018-02-27,170.42,170.73,168.21,168.29,42209873.0,polygon
2018-02-28,169.25,169.8,167.1,167.21,42936334.0,polygon
2018-03-01,167.29,168.07,163.001,164.48,76809904.0,polygon
2018-03-02,162.59,166.28,161.96,165.99,57445063.0,polygon
2018-03-05,165.26,168.26,164.59,167.83,38540207.0,polygon
2018-03-06,168.61,169.11,167.48,168.54,29480927.0,polygon
2018-03-07,167.26,169.07,166.96,168.93,34609407.0,polygon
2018-03-08,169.54,169.98,168.95,169.86,25828371.0,polygon
2018-03-09,171.1,173.16,170.82,173.16,38310546.0,polygon
2018-03-12,173.65,174.48,173.28,174.08,37634971.0,polygon
2018-03-13,174.8,175.21,171.2666,171.71,55638925.0,polygon
2018-03-14,172.58,172.74,170.93,171.68,40536383.0,polygon
2018-03-15,171.83,172.53,170.9,171.53,28810366.0,polygon
2018-03-16,171.78,172.2,170.935,171.02,31176742.0,polygon
2018-03-19,169.16,169.22,165.6393,167.1,71395061.0,polygon
2018-03-20,167.1,168.04,166.61,167.65,34075664.0,polygon
2018-03-21,167.23,168.76,166.19,166.92,43863543.0,polygon
2018-03-22,164.7,165.77,162.59,162.8,66607288.0,polygon
2018-03-23,162.6,163.3,158.43,158.51,80110392.0,polygon
2018-03-26,161.68,164.6,159.16,164.4,57481503.0,polygon
2018-03-27,165.6,165.62,157.68,159.08,78889105.0,polygon
2018-03-28,158.25,159.78,156.04,157.25,89369655.0,polygon
2018-03-29,158.13,161.71,156.6338,160.13,68692566.0,polygon
2018-04-02,159.0,159.74,153.88,155.51,85549443.0,polygon
2018-04-03,156.92,157.92,154.44,157.26,64090049.0,polygon
2018-04-04,154.27,160.23,154.04,159.74,65768692.0,polygon
2018-04-05,161.33,161.58,159.48,160.65,43054868.0,polygon
2018-04-06,158.94,160.4601,155.88,156.63,59870865.0,polygon
2018-04-09,158.01,160.88,157.46,157.73,41810380.0,polygon
2018-04-10,160.13,161.73,159.07,161.21,48601323.0,polygon
2018-04-11,160.2,162.0,160.1,160.28,41622139.0,polygon
2018-04-12,161.3,162.77,161.16,162.21,30467889.0,polygon
2018-04-13,163.01,163.26,160.67,161.37,44604892.0,polygon
2018-04-16,162.45,163.19,161.48,162.6,28180780.0,polygon
2018-04-17,164.19,166.4592,163.91,166.1,35536087.0,polygon
2018-04-18,166.12,167.0,165.31,166.44,29573880.0,polygon
2018-04-19,165.65,165.99,164.34,164.91,34705692.0,polygon
2018-04-20,164.49,164.61,161.73,162.3,49197140.0,polygon
2018-04-23,163.08,163.73,161.02,161.89,33040646.0,polygon
2018-04-24,162.62,162.905,157.39,158.46,70256751.0,polygon
2018-04-25,158.8,159.31,156.47,158.65,52089323.0,polygon
2018-04-26,160.72,162.53,160.18,161.99,43005532.0,polygon
2018-04-27,164.35,164.41,161.17,162.09,51043406.0,polygon
2018-04-30,162.48,163.48,160.54,160.94,35615273.0,polygon
2018-05-01,160.52,162.8,160.14,162.78,36513529.0,polygon
2018-05-02,163.1,163.57,161.63,161.82,38646842.0,polygon
2018-05-03,161.08,162.4,159.22,161.8,60337134.0,polygon
2018-05-04,161.11,165.25,160.98,164.87,41543243.0,polygon
2018-05-07,165.64,166.78,165.51,166.24,32500152.0,polygon
2018-05-08,165.83,166.43,164.86,166.07,26040170.0,polygon
2018-05-09,166.4,168.0,165.78,167.88,29122718.0,polygon
2018-05-10,168.43,169.74,168.29,169.62,27067597.0,polygon
2018-05-11,169.35,169.86,168.72,169.46,24688847.0,polygon
2018-05-14,169.8398,170.82,169.47,169.75,21821749.0,polygon
2018-05-15,168.4,168.5,166.98,167.87,49361638.0,polygon
2018-05-16,168.1,169.37,168.01,168.98,22941159.0,polygon
2018-05-17,168.4,169.61,167.51,168.33,27480164.0,polygon
2018-05-18,167.71,168.26,167.21,167.46,26217939.0,polygon
2018-05-21,168.73,169.5,167.68,168.4,22954565.0,polygon
2018-05-22,169.15,169.45,167.88,168.18,19477721.0,polygon
2018-05-23,166.9,169.62,166.88,169.6,26557835.0,polygon
2018-05-24,169.56,169.85,167.84,169.55,27696539.0,polygon
2018-05-25,169.54,170.33,169.21,169.72,27460536.0,polygon
2018-05-29,168.91,169.92,167.96,168.97,41220468.0,polygon
2018-05-30,169.63,170.48,169.22,170.18,22665836.0,polygon
2018-05-31,170.13,171.2,169.63,170.07,35670946.0,polygon
2018-06-01,170.88,172.84,170.87,172.74,45543331.0,polygon
2018-06-04,173.16,174.34,173.07,174.3,20459634.0,polygon
2018-06-05,174.69,175.13,174.065,174.84,24779284.0,polygon
2018-06-06,175.0248,175.89,174.14,175.86,25036647.0,polygon
2018-06-07,175.91,175.93,173.55,174.43,39600316.0,polygon
2018-06-08,173.57,174.8803,173.18,174.44,31780348.0,polygon
2018-06-11,174.3,175.34,174.28,174.91,22319709.0,polygon
2018-06-12,175.15,176.0,174.96,175.83,22511832.0,polygon
2018-06-13,176.09,177.14,175.43,175.82,37858584.0,polygon
2018-06-14,176.62,177.89,176.5,177.6,35915978.0,polygon
2018-06-15,176.98,177.325,176.11,176.98,49615730.0,polygon
2018-06-18,175.53,176.65,174.94,176.5,31633192.0,polygon
2018-06-19,174.26,176.04,173.71,176.0,38235994.0,polygon
2018-06-20,176.79,177.98,176.65,177.25,33038042.0,polygon
2018-06-21,177.69,177.88,175.37,175.71,43469439.0,polygon
2018-06-22,176.31,176.369,174.69,175.32,30073187.0,polygon
2018-06-25,173.76,173.99,169.81,171.37,77799725.0,polygon
2018-06-26,171.99,173.0585,171.37,172.07,39008146.0,polygon
2018-06-27,172.77,173.58,169.61,169.73,52843497.0,polygon
2018-06-28,169.52,171.77,169.17,171.19,46407708.0,polygon
2018-06-29,172.0,172.92,171.395,171.65,36408464.0,polygon
2018-07-02,170.04,172.85,169.67,172.8,31770026.0,polygon
2018-07-03,173.41,173.45,170.63,170.8,25512707.0,polygon
2018-07-05,171.91,173.06,171.03,172.92,31626198.0,polygon
2018-07-06,173.31,175.74,173.0,175.61,37005574.0,polygon
2018-07-09,176.49,177.23,175.82,177.19,27362061.0,polygon
2018-07-10,177.41,177.72,176.71,177.32,23902488.0,polygon
2018-07-11,175.96,177.07,175.8,176.42,30280553.0,polygon
2018-07-12,177.21,179.46,177.08,179.46,27930119.0,polygon
2018-07-13,179.42,179.9,178.95,179.61,28067961.0,polygon
2018-07-16,179.64,179.95,178.88,179.18,21405310.0,polygon
2018-07-17,177.3,180.65,177.28,180.27,31034075.0,polygon
2018-07-18,180.28,180.44,179.38,179.93,23220839.0,polygon
2018-07-19,179.34,179.88,178.82,179.03,31094145.0,polygon
2018-07-20,179.57,180.17,178.79,178.99,35907619.0,polygon
2018-07-23,178.45,179.64,177.74,179.56,22184720.0,polygon
2018-07-24,181.39,182.05,179.56,180.3,36900281.0,polygon
2018-07-25,180.36,182.93,180.29,182.82,36022078.0,polygon
2018-07-26,180.35,180.92,179.81,180.05,40873485.0,polygon
2018-07-27,181.26,181.31,176.6,177.62,59456093.0,polygon
2018-07-30,177.66,177.73,174.27,175.11,60192990.0,polygon
2018-07-31,175.75,177.13,174.82,176.45,47285135.0,polygon
2018-08-01,176.87,177.65,176.0967,177.12,37101925.0,polygon
2018-08-02,175.87,179.74,175.79,179.53,47178229.0,polygon
2018-08-03,179.8,180.09,179.08,180.08,28934445.0,polygon
2018-08-06,179.97,181.19,179.74,181.14,24808763.0,polygon
2018-08-07,181.63,182.14,181.26,181.8,29895664.0,polygon
2018-08-08,181.55,182.35,181.06,182.02,22680749.0,polygon
2018-08-09,181.94,182.63,181.64,181.91,18852898.0,polygon
2018-08-10,180.68,181.22,179.84,180.52,33818464.0,polygon
2018-08-13,180.85,182.01,180.241,180.32,26089195.0,polygon
2018-08-14,181.01,181.66,180.04,181.45,20913021.0,polygon
2018-08-15,180.09,180.58,178.12,179.23,58528016.0,polygon
2018-08-16,180.57,180.99,179.47,179.82,27711761.0,polygon
2018-08-17,179.36,180.31,178.2679,179.86,36092641.0,polygon
2018-08-20,180.28,180.3251,179.0,179.7,24938956.0,polygon
2018-08-21,180.26,181.44,180.13,180.36,26258657.0,polygon
2018-08-22,179.96,181.27,179.75,181.06,18042380.0,polygon
2018-08-23,180.77,182.045,180.5,180.8,25776166.0,polygon
2018-08-24,181.4,182.63,181.36,182.48,23136113.0,polygon
2018-08-27,183.43,184.34,183.11,184.34,29343552.0,polygon
2018-08-28,184.8,185.02,184.22,184.61,20277036.0,polygon
2018-08-29,184.91,186.84,184.86,186.74,29175591.0,polygon
2018-08-30,186.41,187.5199,185.79,186.41,29315453.0,polygon
2018-08-31,186.18,187.18,185.98,186.65,28653248.0,polygon
2018-09-04,186.1,186.4,184.85,185.85,29063537.0,polygon
2018-09-05,185.55,185.55,182.82,183.45,42623326.0,polygon
2018-09-06,183.54,183.75,180.58,181.81,46091403.0,polygon
2018-09-07,180.53,182.67,180.44,181.11,46629495.0,polygon
2018-09-10,182.12,182.25,180.725,181.72,26131977.0,polygon
2018-09-11,180.97,183.42,180.52,183.12,30116460.0,polygon
2018-09-12,182.87,182.98,181.01,182.58,36203973.0,polygon
2018-09-13,183.67,184.88,183.6401,184.53,31133188.0,polygon
2018-09-14,184.66,184.945,183.26,183.99,31224132.0,polygon
2018-09-17,183.66,183.81,181.17,181.34,33071197.0,polygon
2018-09-18,181.52,183.73,181.4,182.84,31877347.0,polygon
2018-09-19,182.86,183.3,181.51,182.7,31843377.0,polygon
2018-09-20,183.95,184.97,183.5199,184.72,33295820.0,polygon
2018-09-21,185.27,185.48,183.48,183.71,38605353.0,polygon
2018-09-24,182.05,183.96,181.3,183.89,34945602.0,polygon
2018-09-25,183.78,184.28,183.18,184.14,25277520.0,polygon
2018-09-26,184.25,185.99,183.905,184.27,36210571.0,polygon
2018-09-27,185.04,186.49,184.92,185.83,33113269.0,polygon
2018-09-28,185.25,186.28,184.97,185.79,28076843.0,polygon
2018-10-01,186.82,187.53,185.7,186.17,27371297.0,polygon
2018-10-02,185.95,187.175,185.32,185.75,25618608.0,polygon
2018-10-03,186.52,186.97,185.66,185.95,29128683.0,polygon
2018-10-04,185.22,185.32,181.06,182.38,80557283.0,polygon
2018-10-05,182.39,182.97,178.43,180.15,83325630.0,polygon
2018-10-08,179.37,180.6427,176.93,179.05,66864481.0,polygon
2018-10-09,179.2,181.02,178.75,179.63,49097949.0,polygon
2018-10-10,178.53,178.62,171.5,171.73,114471052.0,polygon
2018-10-11,171.04,173.4,167.81,169.6,143084463.0,polygon
2018-10-12,173.99,174.86,170.9328,174.32,102078388.0,polygon
2018-10-15,173.69,174.04,171.56,172.21,64885255.0,polygon
2018-10-16,174.02,177.65,173.7,177.22,71979688.0,polygon
2018-10-17,178.14,178.2585,175.47,177.29,66987639.0,polygon
2018-10-18,176.6,176.68,172.44,173.18,82486208.0,polygon
2018-10-19,174.39,176.07,172.39,173.02,82923733.0,polygon
2018-10-22,174.06,175.2485,172.59,173.91,52909281.0,polygon
2018-10-23,170.79,174.13,168.82,173.27,77566972.0,polygon
2018-10-24,173.12,173.36,165.04,165.34,102997449.0,polygon
2018-10-25,167.99,172.08,167.16,171.06,83481070.0,polygon
2018-10-26,165.24,169.96,164.23,166.66,130970908.0,polygon
2018-10-29,169.16,169.86,160.09,163.23,111871933.0,polygon
2018-10-30,162.8,166.035,162.015,165.92,92583965.0,polygon
2018-10-31,168.55,171.25,168.54,169.82,73828635.0,polygon
2018-11-01,170.08,172.24,168.78,172.06,52706823.0,polygon
2018-11-02,171.53,172.55,168.22,169.38,75966781.0,polygon
2018-11-05,169.61,169.66,167.08,168.96,39573533.0,polygon
2018-11-06,168.93,171.19,168.72,170.24,34410390.0,polygon
2018-11-07,172.25,175.58,171.87,175.58,51169614.0,polygon
2018-11-08,174.76,175.302,173.63,174.46,40296538.0,polygon
2018-11-09,172.83,173.25,170.16,171.52,50602710.0,polygon
2018-11-12,170.33,170.64,166.18,166.33,62578371.0,polygon
2018-11-13,167.15,169.48,166.0,166.47,64128079.0,polygon
2018-11-14,168.09,168.7,164.25,165.2,75270714.0,polygon
2018-11-15,164.84,168.54,163.46,168.09,73254349.0,polygon
2018-11-16,166.49,168.31,165.78,167.5,65390675.0,polygon
2018-11-19,166.74,166.9,161.54,162.06,67280478.0,polygon
2018-11-20,158.37,161.38,157.13,159.16,102652794.0,polygon
2018-11-21,161.29,161.97,159.2323,160.37,42965839.0,polygon
2018-11-23,159.09,160.84,159.09,159.21,23503729.0,polygon
2018-11-26,161.44,162.97,160.76,162.89,42012633.0,polygon
2018-11-27,162.0,163.85,161.18,163.44,36608063.0,polygon
2018-11-28,164.62,168.7,163.4719,168.7,70140986.0,polygon
2018-11-29,168.0,169.26,166.82,168.15,44885711.0,polygon
2018-11-30,168.38,169.47,167.54,169.37,36722760.0,polygon
2018-12-03,173.1,173.31,169.5101,172.33,50771695.0,polygon
2018-12-04,171.38,171.91,165.52,165.72,70594743.0,polygon
2018-12-06,162.46,166.91,161.77,166.89,71715526.0,polygon
2018-12-07,166.13,167.12,160.86,161.38,80432176.0,polygon
2018-12-10,161.11,163.78,159.41,163.07,73960758.0,polygon
2018-12-11,165.66,165.77,162.23,163.61,59058296.0,polygon
2018-12-12,166.06,167.6,164.96,165.05,53779992.0,polygon
2018-12-13,166.06,166.82,164.03,165.1,46377864.0,polygon
2018-12-14,163.19,163.81,160.7,161.08,56547419.0,polygon
2018-12-17,160.41,161.67,156.17,157.43,74834076.0,polygon
2018-12-18,158.67,159.95,157.04,158.42,63642120.0,polygon
2018-12-19,158.24,160.72,153.34,154.53,81856456.0,polygon
2018-12-20,154.16,155.87,150.39,152.29,99002139.0,polygon
2018-12-21,153.06,154.09,146.72,147.57,141129408.0,polygon
2018-12-24,146.14,147.98,143.46,143.5,56163290.0,polygon
2018-12-26,145.12,152.54,144.09,152.46,98982064.0,polygon
2018-12-27,150.57,153.18,147.08,153.05,85824343.0,polygon
2018-12-28,154.01,155.59,151.72,152.97,77856625.0,polygon
2018-12-31,154.47,154.98,152.71,154.26,53015313.0,polygon
2019-01-02,150.99,155.75,150.88,154.88,58576672.0,polygon
2019-01-03,152.6,153.26,149.49,149.82,74820225.0,polygon
2019-01-04,152.18,157.0,151.74,156.23,74709320.0,polygon
2019-01-07,156.54,158.86,156.11,158.09,52059331.0,polygon
2019-01-08,159.56,160.11,157.2,159.52,49388694.0,polygon
2019-01-09,160.15,161.5229,159.47,160.82,46491747.0,polygon
2019-01-10,159.59,161.37,158.7,161.28,38943414.0,polygon
2019-01-11,160.32,160.86,159.79,160.69,30176643.0,polygon
2019-01-14,159.32,159.96,158.59,159.27,30710234.0,polygon
2019-01-15,159.97,162.6,159.9096,162.38,40874224.0,polygon
2019-01-16,162.63,163.78,162.29,162.35,33812190.0,polygon
2019-01-17,161.84,164.36,161.57,163.63,39328959.0,polygon
2019-01-18,164.84,166.02,163.82,165.25,57183243.0,polygon
2019-01-22,164.05,164.14,160.76,161.94,56711694.0,polygon
2019-01-23,162.77,163.51,160.32,162.15,38106062.0,polygon
2019-01-24,162.66,163.44,162.0626,163.2,32413351.0,polygon
2019-01-25,164.48,165.65,163.95,165.15,36466069.0,polygon
2019-01-28,163.03,163.12,161.75,163.11,33491216.0,polygon
2019-01-29,163.2,163.24,160.99,161.57,30784175.0,polygon
2019-01-30,163.39,166.28,162.89,165.68,41346533.0,polygon
2019-01-31,166.65,168.99,166.4701,168.16,37258361.0,polygon
2019-02-01,167.37,168.6,166.99,167.45,32143672.0,polygon
2019-02-04,167.51,169.53,167.33,169.53,26718781.0,polygon
2019-02-05,169.75,171.23,169.69,171.03,28156368.0,polygon
2019-02-06,171.06,171.37,169.75,170.52,27970006.0,polygon
2019-02-07,169.03,169.4499,166.95,168.23,42036193.0,polygon
2019-02-08,166.73,168.59,166.57,168.56,29020747.0,polygon
2019-02-11,169.14,169.58,167.98,168.4,21434088.0,polygon
2019-02-12,169.59,171.14,169.33,170.89,29722073.0,polygon
2019-02-13,171.62,172.16,170.82,171.01,26094136.0,polygon
2019-02-14,170.38,171.83,169.83,171.22,30326830.0,polygon
2019-02-15,172.51,172.5623,171.1392,171.94,32521685.0,polygon
2019-02-19,171.39,172.8,171.38,172.28,19487679.0,polygon
2019-02-20,172.43,173.08,171.32,172.25,32592995.0,polygon
2019-02-21,171.77,172.26,170.71,171.62,25207401.0,polygon
2019-02-22,171.98,173.01,171.9,172.89,27735358.0,polygon
2019-02-25,174.2,174.66,173.4,173.52,32608754.0,polygon
2019-02-26,173.04,174.25,172.81,173.7,21939717.0,polygon
2019-02-27,172.92,173.8,171.76,173.59,25162014.0,polygon
2019-02-28,173.04,173.81,172.7,173.19,25085470.0,polygon
2019-03-01,174.41,174.65,173.18,174.39,31431156.0,polygon
2019-03-04,175.37,175.79,172.47,174.42,38063458.0,polygon
2019-03-05,174.52,175.085,173.685,174.55,22319863.0,polygon
2019-03-06,174.68,174.75,173.28,173.56,27194581.0,polygon
2019-03-07,173.09,173.18,170.79,171.43,39407443.0,polygon
2019-03-08,169.51,171.26,169.3375,171.17,39303225.0,polygon
2019-03-11,171.86,174.85,171.85,174.73,30518408.0,polygon
2019-03-12,175.17,176.14,174.7715,175.69,33953500.0,polygon
2019-03-13,176.6,177.93,176.35,177.01,42426135.0,polygon
2019-03-14,177.115,177.34,176.66,176.71,23751477.0,polygon
2019-03-15,177.43,178.88,177.28,178.35,38191958.0,polygon
2019-03-18,177.95,178.99,177.5915,178.45,32935125.0,polygon
2019-03-19,179.16,180.0,178.29,179.05,36893341.0,polygon
2019-03-20,179.06,180.86,178.24,179.76,50104996.0,polygon
2019-03-21,179.24,182.83,179.2,182.57,42428481.0,polygon
2019-03-22,181.76,182.27,178.37,178.56,70794543.0,polygon
2019-03-25,177.92,178.84,176.93,178.22,46336524.0,polygon
2019-03-26,179.58,180.69,178.14,179.05,33248121.0,polygon
2019-03-27,179.27,179.72,176.6,177.9,37096697.0,polygon
2019-03-28,178.36,178.98,177.24,178.31,30368235.0,polygon
2019-03-29,179.63,179.83,178.59,179.66,35205511.0,polygon
2019-04-01,181.42,182.26,180.77,182.04,30969472.0,polygon
2019-04-02,182.23,182.905,181.78,182.73,22645151.0,polygon
2019-04-03,183.74,184.92,183.2089,183.78,31633476.0,polygon
2019-04-04,183.81,184.5,182.65,183.71,28530828.0,polygon
2019-04-05,184.3,184.77,184.0183,184.66,25674660.0,polygon
2019-04-08,184.37,185.28,183.63,185.13,22697543.0,polygon
2019-04-09,184.5,185.11,184.09,184.48,25631886.0,polygon
2019-04-10,184.75,185.53,184.52,185.47,24562958.0,polygon
2019-04-11,185.77,185.78,184.6899,185.03,20654094.0,polygon
2019-04-12,185.86,185.95,185.0601,185.83,24989136.0,polygon
2019-04-15,185.81,186.07,184.62,185.86,21073046.0,polygon
2019-04-16,186.51,186.91,185.93,186.5,27195709.0,polygon
2019-04-17,187.75,187.93,186.6,187.15,29651575.0,polygon
2019-04-18,187.48,187.7905,186.29,187.39,28580864.0,polygon
2019-04-22,186.54,187.99,186.43,187.92,17936033.0,polygon
2019-04-23,188.37,190.54,188.13,190.31,33665561.0,polygon
2019-04-24,190.44,190.71,189.65,189.71,24977108.0,polygon
2019-04-25,191.15,191.22,189.45,190.48,29517497.0,polygon
2019-04-26,190.2,190.69,188.59,190.65,26359537.0,polygon
2019-04-29,190.62,191.32,190.34,191.02,21716242.0,polygon
2019-04-30,189.48,189.85,188.21,189.54,31495277.0,polygon
2019-05-01,190.76,191.32,188.795,188.93,34797109.0,polygon
2019-05-02,188.88,189.85,186.87,188.11,44110122.0,polygon
2019-05-03,189.69,191.25,189.33,191.11,30386180.0,polygon
2019-05-06,187.1,190.2,186.76,189.94,38371777.0,polygon
2019-05-07,187.86,188.67,184.51,186.24,58818134.0,polygon
2019-05-08,185.68,187.17,184.96,185.77,37165319.0,polygon
2019-05-09,183.76,185.4121,182.09,184.77,55351668.0,polygon
2019-05-10,184.06,185.89,181.0302,185.0,58526402.0,polygon
2019-05-13,180.3,181.26,178.06,178.58,67185766.0,polygon
2019-05-14,179.51,181.63,178.86,180.54,43360636.0,polygon
2019-05-15,179.39,183.55,179.31,183.09,40944547.0,polygon
2019-05-16,183.11,186.07,182.95,184.93,39281157.0,polygon
2019-05-17,183.1,185.5813,182.88,183.04,44702276.0,polygon
2019-05-20,180.51,181.1799,179.34,179.95,38608294.0,polygon
2019-05-21,181.5,182.33,180.92,181.83,31613790.0,polygon
2019-05-22,180.81,182.07,180.75,181.02,24332550.0,polygon
2019-05-23,179.0,179.023,177.14,178.25,45351309.0,polygon
2019-05-24,179.3,179.85,177.94,178.16,25903267.0,polygon
2019-05-28,178.67,179.66,177.47,177.49,24763823.0,polygon
2019-05-29,176.45,177.0,175.09,176.03,42178772.0,polygon
2019-05-30,176.54,177.27,175.77,176.77,30354790.0,polygon
2019-05-31,174.71,175.29,173.87,173.95,45446206.0,polygon
2019-06-03,173.52,173.95,169.27,170.12,75842290.0,polygon
2019-06-04,171.98,174.97,171.37,174.91,47797848.0,polygon
2019-06-05,176.6,176.61,174.38,176.21,34412697.0,polygon
2019-06-06,176.52,178.04,175.73,177.61,29913205.0,polygon
2019-06-07,178.5,181.7666,178.33,181.04,45888345.0,polygon
2019-06-10,182.23,184.85,182.21,183.15,41385280.0,polygon
2019-06-11,185.07,185.4,182.78,183.4,41260320.0,polygon
2019-06-12,182.88,183.28,182.0,182.34,27758120.0,polygon
2019-06-13,183.12,183.87,182.74,183.42,23715829.0,polygon
2019-06-14,182.44,183.11,181.94,182.64,22844089.0,polygon
2019-06-17,183.01,184.25,182.835,183.74,20379476.0,polygon
2019-06-18,185.88,187.72,185.4291,186.41,48177301.0,polygon
2019-06-19,186.73,187.53,185.57,187.11,31672855.0,polygon
2019-06-20,189.72,189.76,187.1585,188.85,40921964.0,polygon
2019-06-21,188.57,189.77,188.1736,188.57,39980418.0,polygon
2019-06-24,188.52,188.72,188.06,188.16,19375205.0,polygon
2019-06-25,188.06,188.14,184.65,184.93,33921112.0,polygon
2019-06-26,186.13,187.33,185.49,185.79,22595721.0,polygon
2019-06-27,186.47,186.94,185.99,186.5,19709228.0,polygon
2019-06-28,186.95,187.15,186.07,186.74,21179248.0,polygon
2019-07-01,190.3,190.5699,188.38,189.26,31193393.0,polygon
2019-07-02,189.19,190.03,188.66,190.01,18035768.0,polygon
2019-07-03,190.45,191.44,190.29,191.44,15792067.0,polygon
2019-07-05,190.15,191.4,189.39,191.05,21415620.0,polygon
2019-07-08,189.86,189.87,188.93,189.71,17598826.0,polygon
2019-07-09,188.79,190.9,188.65,190.66,19193497.0,polygon
2019-07-10,191.79,193.09,191.47,192.56,28374513.0,polygon
2019-07-11,192.88,193.34,191.81,192.42,23736122.0,polygon
2019-07-12,192.63,193.54,192.45,193.53,20211883.0,polygon
2019-07-15,193.97,194.19,193.44,194.15,15606074.0,polygon
2019-07-16,193.86,194.09,192.56,193.15,20190891.0,polygon
2019-07-17,193.2,193.49,192.18,192.2,16765069.0,polygon
2019-07-18,191.3,192.79,190.69,192.42,29066336.0,polygon
2019-07-19,193.82,193.83,190.81,191.01,29387945.0,polygon
2019-07-22,191.5,192.94,191.44,192.53,18953596.0,polygon
2019-07-23,193.58,193.81,192.29,193.79,23786726.0,polygon
2019-07-24,193.07,195.16,193.03,195.15,20422872.0,polygon
2019-07-25,194.48,194.52,192.93,193.3,23434744.0,polygon
2019-07-26,194.52,195.55,194.43,195.29,20431243.0,polygon
2019-07-29,195.18,195.18,193.39,194.62,20451652.0,polygon
2019-07-30,193.16,194.54,192.99,193.78,18705006.0,polygon
2019-07-31,194.31,194.43,189.32,191.1,41627473.0,polygon
2019-08-01,191.51,194.98,189.23,190.15,63251648.0,polygon
2019-08-02,188.82,188.99,186.21,187.35,55214006.0,polygon
2019-08-05,183.51,183.51,179.2,180.73,75039971.0,polygon
2019-08-06,182.38,183.8,181.07,183.26,41897249.0,polygon
2019-08-07,181.32,184.51,179.89,184.25,49990586.0,polygon
2019-08-08,185.15,188.32,184.57,188.26,38418084.0,polygon
2019-08-09,187.32,188.0,185.03,186.49,33608926.0,polygon
2019-08-12,185.34,185.9,183.5,184.35,24642870.0,polygon
2019-08-13,184.27,189.68,184.02,188.39,40473043.0,polygon
2019-08-14,185.31,185.95,182.42,182.76,51000548.0,polygon
2019-08-15,183.11,183.59,181.16,182.55,36848178.0,polygon
2019-08-16,184.11,185.95,184.1,185.48,34785006.0,polygon
2019-08-19,188.03,188.83,187.5,188.43,22568634.0,polygon
2019-08-20,188.0,188.635,186.92,186.97,19939552.0,polygon
2019-08-21,188.66,189.23,187.96,188.63,20745478.0,polygon
2019-08-22,188.98,189.46,186.54,188.02,24270520.0,polygon
2019-08-23,186.76,188.45,181.56,182.07,55442893.0,polygon
2019-08-26,184.19,184.87,183.08,184.82,27689838.0,polygon
2019-08-27,186.08,186.42,183.71,184.43,28080093.0,polygon
2019-08-28,183.84,185.4,182.91,185.09,21848789.0,polygon
2019-08-29,187.37,188.4562,186.675,187.92,25427207.0,polygon
2019-08-30,188.94,188.97,186.41,187.47,26332749.0,polygon
2019-09-03,186.26,187.18,185.03,185.65,28026617.0,polygon
2019-09-04,187.43,188.49,186.9,188.33,21676335.0,polygon
2019-09-05,190.39,192.325,190.34,191.78,34060994.0,polygon
2019-09-06,192.03,192.17,191.17,191.59,19487821.0,polygon
2019-09-09,192.18,192.27,190.215,191.19,24407580.0,polygon
2019-09-10,190.19,190.74,188.91,190.64,23744687.0,polygon
2019-09-11,190.98,192.53,190.56,192.43,25063617.0,polygon
2019-09-12,193.64,194.71,192.97,193.23,28689878.0,polygon
2019-09-13,192.95,193.4,192.29,192.54,27669795.0,polygon
2019-09-16,191.3,192.08,191.11,191.68,20318987.0,polygon
2019-09-17,191.7,192.6,191.29,192.6,21113675.0,polygon
2019-09-18,192.2,192.6,190.11,192.52,31173056.0,polygon
2019-09-19,192.86,194.035,192.47,192.84,26214873.0,polygon
2019-09-20,193.11,193.31,190.16,190.8,30131528.0,polygon
2019-09-23,190.36,191.07,189.72,190.5,22917563.0,polygon
2019-09-24,191.37,191.79,187.151,187.97,41096614.0,polygon
2019-09-25,187.79,190.58,186.21,190.08,36499191.0,polygon
2019-09-26,189.87,190.0,187.98,189.38,27030029.0,polygon
2019-09-27,189.7,189.83,185.75,187.03,40804222.0,polygon
2019-09-30,187.75,189.11,187.4,188.81,26559841.0,polygon
2019-10-01,189.54,190.5898,186.955,187.27,32665025.0,polygon
2019-10-02,186.01,187.204,183.02,184.05,48931982.0,polygon
2019-10-03,184.07,186.2065,181.82,186.07,39612315.0,polygon
2019-10-04,186.99,189.08,186.88,188.81,32752668.0,polygon
2019-10-07,188.23,189.74,187.91,188.24,21404580.0,polygon
2019-10-08,187.01,187.8562,185.27,185.42,33201939.0,polygon
2019-10-09,186.96,188.08,186.43,187.23,20829012.0,polygon
2019-10-10,187.25,189.43,187.12,188.68,26693780.0,polygon
2019-10-11,190.8,192.63,190.72,191.11,41428907.0,polygon
2019-10-14,190.82,191.7,190.645,191.09,15372774.0,polygon
2019-10-15,191.65,193.97,191.56,193.52,23735826.0,polygon
2019-10-16,192.88,193.53,192.43,193.04,20689207.0,polygon
2019-10-17,194.18,194.5,192.81,193.55,19161821.0,polygon
2019-10-18,193.26,193.67,190.705,191.69,27719069.0,polygon
2019-10-21,192.65,193.52,192.14,193.39,15868946.0,polygon
2019-10-22,194.06,194.42,191.79,191.85,22988988.0,polygon
2019-10-23,191.43,192.2582,191.15,192.22,15198327.0,polygon
2019-10-24,193.62,194.21,192.74,194.09,19264220.0,polygon
2019-10-25,193.09,195.74,193.05,195.64,21507115.0,polygon
2019-10-28,196.57,197.83,196.55,197.57,18842303.0,polygon
2019-10-29,197.24,197.535,196.01,196.04,18569675.0,polygon
2019-10-30,196.42,197.32,195.29,196.99,21764311.0,polygon
2019-10-31,197.56,197.65,195.94,197.08,26801803.0,polygon
2019-11-01,197.93,198.88,197.63,198.87,22131875.0,polygon
2019-11-04,200.19,200.5251,198.8658,200.1,19015855.0,polygon
2019-11-05,200.35,200.55,199.55,200.21,15048864.0,polygon
2019-11-06,199.98,200.0,198.785,199.76,19725486.0,polygon
2019-11-07,200.76,201.72,199.85,200.43,17832355.0,polygon
2019-11-08,200.02,201.25,199.54,201.23,15272516.0,polygon
2019-11-11,200.23,201.0363,199.94,200.96,10187222.0,polygon
2019-11-12,201.13,202.21,200.82,201.54,14778283.0,polygon
2019-11-13,200.84,201.775,200.71,201.59,16110341.0,polygon
2019-11-14,200.83,201.56,200.22,201.43,17055686.0,polygon
2019-11-15,202.61,202.91,202.0,202.91,18434519.0,polygon
2019-11-18,202.61,203.39,201.77,203.07,18408797.0,polygon
2019-11-19,203.84,203.84,202.59,203.37,16997568.0,polygon
2019-11-20,202.85,203.45,200.62,202.15,36706275.0,polygon
2019-11-21,201.94,202.07,201.07,201.7,17934353.0,polygon
2019-11-22,202.17,202.32,200.74,201.83,17197019.0,polygon
2019-11-25,202.67,204.26,202.67,204.22,17794718.0,polygon
2019-11-26,204.32,204.87,204.05,204.61,14812921.0,polygon
2019-11-27,205.13,206.05,204.89,206.04,17060233.0,polygon
2019-11-29,205.59,205.83,205.0,205.1,9854553.0,polygon
2019-12-02,205.11,205.18,201.78,203.0,28121020.0,polygon
2019-12-03,200.32,201.49,193.785,201.41,31425404.0,polygon
2019-12-04,202.49,202.91,202.14,202.43,15336754.0,polygon
2019-12-05,203.15,203.15,201.84,202.83,15038785.0,polygon
2019-12-06,204.25,205.145,204.1501,205.0,16562247.0,polygon
2019-12-09,204.63,205.5937,203.98,204.07,14032175.0,polygon
2019-12-10,204.17,204.88,203.44,203.9,21849714.0,polygon
2019-12-11,204.37,205.19,204.04,204.98,18897759.0,polygon
2019-12-12,204.77,207.32,204.491,206.51,32704625.0,polygon
2019-12-13,206.36,207.91,205.96,207.19,32534393.0,polygon
2019-12-16,208.5,209.53,208.48,209.27,21366177.0,polygon
2019-12-17,209.5,209.71,209.04,209.39,16034647.0,polygon
2019-12-18,209.6,210.13,209.33,209.55,15490828.0,polygon
2019-12-19,209.64,210.93,209.62,210.86,17892062.0,polygon
2019-12-20,211.81,212.5186,211.27,211.71,27690934.0,polygon
2019-12-23,212.03,212.15,211.63,211.81,23798671.0,polygon
2019-12-24,211.97,212.09,211.44,211.92,7089020.0,polygon
2019-12-26,212.26,213.81,212.23,213.79,17159310.0,polygon
2019-12-27,214.55,214.56,213.04,213.61,18142239.0,polygon
2019-12-30,213.51,213.63,211.16,212.21,21829913.0,polygon
2019-12-31,211.62,212.76,211.2,212.61,18201585.0,polygon
2020-01-02,213.95,216.55,213.95,216.34999999999997,6723497.0,databento
2020-01-03,213.87999999999997,215.46999999999997,212.46,214.30000000000004,5705421.0,databento
2020-01-06,212.31000000000003,215.73,212.12,215.15999999999997,4858859.0,databento
2020-01-07,215.9,216.13,212.28,212.88999999999996,4607011.0,databento
2020-01-08,214.90000000000003,218.13999999999996,214.71999999999997,217.65,6136033.0,databento
2020-01-09,218.49999999999997,219.40999999999997,217.72,219.25999999999996,4744786.0,databento
2020-01-10,219.55000000000004,220.21,218.04,218.37,4541428.0,databento
2020-01-13,219.2,221.4,218.99000000000004,221.4,5344475.0,databento
2020-01-14,220.59999999999997,221.22,219.61,219.61,5652835.0,databento
2020-01-15,220.07,221.19999999999996,219.44999999999996,220.66,5065824.0,databento
2020-01-16,221.39,222.73,220.8,222.49000000000004,4208882.0,databento
2020-01-17,222.68000000000004,223.555,222.13,223.2,4602648.0,databento
2020-01-21,222.22999999999996,223.84,221.94999999999996,223.28,5210838.0,databento
2020-01-22,224.39,225.15000000000003,223.33999999999995,223.45,4282148.0,databento
2020-01-23,223.76,225.56,222.71,225.56,4938418.0,databento
2020-01-24,225.92,225.93,221.68,222.14,7721615.0,databento
2020-01-27,219.95,219.99999999999997,217.195,218.48,9886239.0,databento
2020-01-28,219.04,222.34,218.41999999999996,221.46999999999997,5965094.0,databento
2020-01-29,222.31999999999996,222.92,220.83,221.99999999999997,5531998.0,databento
2020-01-30,220.02000000000004,224.9,219.56,224.43000000000004,8253404.0,databento
2020-01-31,223.49999999999997,223.97999999999996,218.28499999999997,219.09999999999997,9814148.0,databento
2020-02-03,220.5,222.88499999999996,219.77,221.30000000000004,5836266.0,databento
2020-02-04,224.4,228.08,224.25999999999996,227.42,7466891.0,databento
2020-02-05,228.84000000000003,230.37,226.84999999999997,228.38,7883254.0,databento
2020-02-06,229.71,230.56999999999996,227.99,230.47,4512331.0,databento
2020-02-07,229.93,230.43499999999997,228.545,228.9,5585587.0,databento
2020-02-10,228.9,232.08999999999995,228.38999999999996,231.88,4172368.0,databento
2020-02-11,232.82,234.02000000000004,231.4,232.34000000000003,6628927.0,databento
2020-02-12,233.19999999999996,234.45,232.80999999999997,233.27,4616006.0,databento
2020-02-13,232.99999999999997,234.93000000000004,231.69999999999996,234.02999999999997,5594543.0,databento
2020-02-14,234.65000000000003,235.01,233.55999999999997,234.63999999999996,4689582.0,databento
2020-02-18,232.66,235.38999999999996,232.33,235.34999999999997,5269704.0,databento
2020-02-19,235.36000000000004,237.46,235.33999999999995,237.36,4923526.0,databento
2020-02-20,236.71000000000004,237.03000000000003,231.88,233.30000000000004,9093709.0,databento
2020-02-21,233.36,234.02999999999997,229.33000000000004,230.13,11737529.0,databento
2020-02-24,225.99999999999997,225.99999999999997,220.26,222.74,18808634.0,databento
2020-02-25,223.12000000000003,223.97999999999996,214.74000000000004,217.38999999999996,22446457.0,databento
2020-02-26,214.51,220.27999999999997,212.39,215.22,19120715.0,databento
2020-02-27,214.71,215.58999999999995,202.74000000000004,205.13999999999996,28457486.0,databento
2020-02-28,201.64,209.05000000000004,198.18,207.95,37236656.0,databento
2020-03-02,209.98,216.58999999999995,204.03999999999996,215.94999999999996,23935478.0,databento
2020-03-03,216.27999999999997,219.61,207.61,208.81000000000003,33961216.0,databento
2020-03-04,213.18,218.33,211.37999999999997,216.72,16322740.0,databento
2020-03-05,214.26,216.34999999999997,210.1,212.12,17322051.0,databento
2020-03-06,208.86000000000004,209.42,202.87999999999997,206.56,20400105.0,databento
2020-03-09,197.53,201.15,190.99999999999997,198.02,32453964.0,databento
2020-03-10,199.93999999999997,204.55,193.69,200.48,25020675.0,databento
2020-03-11,199.62,201.34000000000003,192.73,195.34000000000003,20468754.0,databento
2020-03-12,187.79,190.74000000000004,171.7,173.68000000000004,33301773.0,databento
2020-03-13,184.57,194.69999999999996,178.12999999999997,190.4,31089628.0,databento
2020-03-16,182.01,184.68,169.16,174.78999999999996,21163532.0,databento
2020-03-17,178.36,184.39,169.79,175.61,31601633.0,databento
2020-03-18,172.50000000000003,181.6,166.79999999999998,180.38999999999996,34351957.0,databento
2020-03-19,174.86,183.49,171.62,176.2,38942350.0,databento
2020-03-20,183.56,187.0,168.88,169.05999999999997,35368443.0,databento
2020-03-23,166.18,178.7,164.24999999999997,172.79,40183654.0,databento
2020-03-24,177.38000000000002,186.1,176.29999999999998,182.84999999999997,26788469.0,databento
2020-03-25,186.11,189.51,179.98,182.63,23646057.0,databento
2020-03-26,179.5,192.72,178.59999999999997,192.32,19828295.0,databento
2020-03-27,188.27000000000004,190.51,184.30000000000004,184.30000000000004,16430952.0,databento
2020-03-30,183.39,192.50999999999996,183.39,192.2,13465352.0,databento
2020-03-31,193.18999999999997,195.24,188.24999999999997,188.33999999999995,14804029.0,databento
2020-04-01,185.63999999999996,187.65999999999997,180.86,183.33,14115575.0,databento
2020-04-02,184.75999999999996,186.92,180.25,185.38,15425304.0,databento
2020-04-03,184.65000000000003,187.05999999999997,181.29,183.11000000000004,11839053.0,databento
2020-04-06,191.23,197.65000000000003,189.2,197.21000000000004,14945196.0,databento
2020-04-07,200.04,202.65000000000003,194.77,196.34,18090916.0,databento
2020-04-08,196.58000000000004,201.17500000000004,194.88,200.84999999999997,11179712.0,databento
2020-04-09,201.49,203.22,197.87999999999997,201.44,14726552.0,databento
2020-04-13,198.41,204.40000000000003,198.06999999999996,204.22999999999996,10517001.0,databento
2020-04-14,205.71000000000004,212.55000000000004,205.49999999999997,211.71000000000004,13165871.0,databento
2020-04-15,209.71999999999997,211.25999999999996,207.12,208.19999999999996,10220143.0,databento
2020-04-16,211.76,218.83000000000004,209.69,218.11000000000004,13170388.0,databento
2020-04-17,217.05999999999997,218.37,212.08000000000004,214.82,12158634.0,databento
2020-04-20,214.08999999999995,215.87999999999997,212.05,213.04,8580389.0,databento
2020-04-21,211.37,212.31000000000003,203.63999999999996,206.40999999999997,15549755.0,databento
2020-04-22,207.67,212.29,207.41999999999996,210.28000000000003,9157643.0,databento
2020-04-23,209.94999999999996,214.43,208.31,208.83,9104731.0,databento
2020-04-24,209.5,214.5,208.55999999999997,214.35,6688174.0,databento
2020-04-27,216.69,217.09999999999997,214.51,215.35,6435378.0,databento
2020-04-28,216.38999999999996,218.3,211.21999999999997,213.99999999999997,9429979.0,databento
2020-04-29,215.09000000000003,222.6,214.1,221.90999999999997,9921712.0,databento
2020-04-30,221.27999999999997,222.17,214.88999999999996,215.71999999999997,9620641.0,databento
2020-05-01,213.52999999999997,216.66,211.69,212.97999999999996,9123123.0,databento
2020-05-04,211.45,215.45,210.38999999999996,215.36,6590912.0,databento
2020-05-05,217.30999999999997,220.135,215.38,218.6,6838471.0,databento
2020-05-06,219.08000000000004,221.03,218.02,218.80999999999997,6940061.0,databento
2020-05-07,221.08,223.11,220.43,223.02999999999997,7732401.0,databento
2020-05-08,224.24000000000004,225.68999999999997,222.49000000000004,225.43000000000004,6249623.0,databento
2020-05-11,226.00999999999996,227.91999999999996,222.56000000000003,226.47999999999996,7156098.0,databento
2020-05-12,226.43,228.09000000000003,219.90000000000003,220.03,8135030.0,databento
2020-05-13,221.99,224.6,216.72,219.96999999999997,12680556.0,databento
2020-05-14,219.6,222.40000000000003,215.99,222.3,9769498.0,databento
2020-05-15,222.99,223.33000000000004,217.92,222.74,9609407.0,databento
2020-05-18,225.07,228.5,224.49,228.1,7979909.0,databento
2020-05-19,227.99999999999997,229.825,226.39,227.46999999999997,6468167.0,databento
2020-05-20,227.99,231.95,227.97,231.49999999999997,6968908.0,databento
2020-05-21,230.46,232.12,228.27999999999997,229.58,8359525.0,databento
2020-05-22,226.08,229.97,225.94,229.66999999999996,5259547.0,databento
2020-05-26,233.62,234.30999999999997,228.78999999999996,229.33000000000004,6618401.0,databento
2020-05-27,231.37,232.03999999999996,223.93999999999997,230.43000000000004,9859275.0,databento
2020-05-28,229.97,233.46000000000004,227.54,229.84000000000003,9078303.0,databento
2020-05-29,229.69999999999996,234.02999999999997,228.78,233.8,10036792.0,databento
2020-06-01,233.43,234.44499999999996,231.41999999999996,233.42,4877302.0,databento
2020-06-02,234.66999999999996,236.16,232.00999999999996,236.13999999999996,6041673.0,databento
2020-06-03,236.36000000000004,237.47,235.34999999999997,236.68999999999997,5818090.0,databento
2020-06-04,236.47000000000003,237.78000000000003,233.68,234.81,7368429.0,databento
2020-06-05,236.69999999999996,240.2800000000001,234.38,239.58000000000007,9544798.0,databento
2020-06-08,239.29,241.67,237.92,241.12999999999997,6723608.0,databento
2020-06-09,240.43,244.18,239.53999999999996,243.82,7209271.0,databento
2020-06-10,244.20000000000005,247.80999999999997,243.09,244.98,11584390.0,databento
2020-06-11,242.99000000000007,243.82,233.96,236.22999999999996,14751147.0,databento
2020-06-12,237.04,240.38999999999996,231.75,235.74999999999997,14917134.0,databento
2020-06-15,230.65999999999997,241.05,230.44,241.03,9129742.0,databento
2020-06-16,241.02,244.38,239.1,243.9,9919230.0,databento
2020-06-17,244.68999999999997,245.49,242.81,243.2,5653186.0,databento
2020-06-18,243.84999999999997,245.02,242.49999999999997,244.79,5019236.0,databento
2020-06-19,245.80999999999997,247.1,242.34999999999997,242.72999999999996,8478015.0,databento
2020-06-22,243.93999999999997,247.75999999999996,243.37999999999997,247.64,4541612.0,databento
2020-06-23,248.63,251.15,247.83,248.33999999999995,6585580.0,databento
2020-06-24,248.22,249.32,242.15999999999997,243.35,10189604.0,databento
2020-06-25,242.41,246.85,241.13999999999996,246.50999999999996,8158544.0,databento
2020-06-26,245.65999999999997,246.85,239.61,239.61,11602479.0,databento
2020-06-29,240.45,244.06999999999996,237.35,243.8,7421432.0,databento
2020-06-30,243.31999999999996,248.16,242.51,247.14000000000004,7842426.0,databento
2020-07-01,247.42000000000004,251.51499999999996,245.92,250.60000000000005,6683150.0,databento
2020-07-02,251.68,254.27,251.36,252.5,6590394.0,databento
2020-07-06,255.8,259.69,255.35,259.5,6499488.0,databento
2020-07-07,257.61999999999995,260.87999999999994,256.3,257.4,7000529.0,databento
2020-07-08,257.76,260.7,256.49,260.5,5500806.0,databento
2020-07-09,260.34999999999997,262.87,257.64,262.34,7897418.0,databento
2020-07-10,260.78,264.72999999999996,259.26,264.61999999999995,6384715.0,databento
2020-07-13,265.6,269.7799999999999,257.69,259.71,13402058.0,databento
2020-07-14,258.57,262.02,252.75999999999996,261.49,14732609.0,databento
2020-07-15,260.94,262.69000000000005,257.5,259.8,9327113.0,databento
2020-07-16,258.2099999999999,259.77,255.63,257.85999999999996,8077610.0,databento
2020-07-17,258.16,260.3,257.18000000000006,259.5,5764958.0,databento
2020-07-20,258.04,267.5899999999999,257.77,267.12,7663588.0,databento
2020-07-21,269.44,269.76,263.13,265.2,8858156.0,databento
2020-07-22,263.83,265.89,262.55000000000007,264.05999999999995,5678883.0,databento
2020-07-23,266.3,266.43,256.56,258.2,9623803.0,databento
2020-07-24,254.23,256.93,251.31999999999996,255.08000000000004,10197825.0,databento
2020-07-27,256.64,261.18,256.45,260.9599999999999,7426868.0,databento
2020-07-28,260.63999999999993,260.71,256.51,257.69,5823653.0,databento
2020-07-29,258.3500000000001,261.03,257.75,260.52,6019608.0,databento
2020-07-30,257.7200000000001,266.56,256.2900000000001,266.05000000000007,8473676.0,databento
2020-07-31,265.5299999999999,266.75000000000006,260.87000000000006,266.0,10210992.0,databento
2020-08-03,266.72,270.15,266.5199999999999,269.29,6212083.0,databento
2020-08-04,268.76000000000005,270.68999999999994,268.0,270.24,4879728.0,databento
2020-08-05,271.67999999999995,271.87,269.95,270.59,4041814.0,databento
2020-08-06,270.8,274.98,269.6700000000001,274.50999999999993,5118849.0,databento
2020-08-07,274.21,274.88,269.245,271.4,8572838.0,databento
2020-08-10,271.35999999999996,271.9800000000001,266.67999999999995,270.17999999999995,6091925.0,databento
2020-08-11,271.55,272.1700000000001,264.64,266.56,7904580.0,databento
2020-08-12,267.58,272.84,266.80000000000007,271.53,6415705.0,databento
2020-08-13,271.29,274.8299999999999,270.7,273.30999999999995,4873937.0,databento
2020-08-14,272.7,273.67,270.72,271.99,4394679.0,databento
2020-08-17,273.32,275.84,272.94,275.7900000000001,3848870.0,databento
2020-08-18,275.25999999999993,278.54999999999995,274.90999999999997,278.48,4288969.0,databento
2020-08-19,278.6499999999999,279.01,275.4,275.46,5269802.0,databento
2020-08-20,275.49999999999994,280.53,274.74999999999994,280.5199999999999,5383215.0,databento
2020-08-21,280.06999999999994,282.3500000000001,278.29,282.24,4955981.0,databento
2020-08-24,284.11,285.99000000000007,281.2699999999999,284.14,6455542.0,databento
2020-08-25,284.9599999999999,286.74,282.36999999999995,286.6,5596808.0,databento
2020-08-26,286.4800000000001,292.73,286.2900000000001,291.9599999999999,6969122.0,databento
2020-08-27,292.11,293.85,288.705,291.9599999999999,8218338.0,databento
2020-08-28,291.6,293.18000000000006,290.82,292.81999999999994,4495753.0,databento
2020-08-31,293.98,296.74,292.49,295.83,7550239.0,databento
2020-09-01,298.31999999999994,301.52,295.79,301.49999999999994,6933211.0,databento
2020-09-02,302.9700000000001,304.01000000000005,296.9,302.99,10016359.0,databento
2020-09-03,302.13,302.3,282.6000000000001,283.02,20481320.0,databento
2020-09-04,287.06999999999994,288.93000000000006,271.8,281.42999999999995,23578554.0,databento
2020-09-08,281.10999999999996,281.15,266.35,269.33,18391475.0,databento
2020-09-09,273.14,280.045,272.9599999999999,279.2,10524071.0,databento
2020-09-10,275.68,282.19499999999994,270.55,273.38000000000005,13281522.0,databento
2020-09-11,275.49999999999994,277.0199999999999,266.9,269.76,12232005.0,databento
2020-09-14,274.53,277.2099999999999,272.87000000000006,275.62999999999994,7299131.0,databento
2020-09-15,276.4200000000001,280.44,276.4,278.9800000000001,7365284.0,databento
2020-09-16,280.54999999999995,281.74999999999994,274.2,275.22,7609239.0,databento
2020-09-17,270.41999999999996,272.95,266.43999999999994,270.46,14777960.0,databento
2020-09-18,270.60999999999996,272.62,262.63,266.61000000000007,12986491.0,databento
2020-09-21,264.53999999999996,268.8,260.12000000000006,268.69,11595701.0,databento
2020-09-22,267.41,273.06999999999994,266.5400000000001,271.37000000000006,7580621.0,databento
2020-09-23,272.3,273.80000000000007,261.81,262.42999999999995,9356111.0,databento
2020-09-24,264.02,268.7,260.22,267.2,10789304.0,databento
2020-09-25,265.6,272.39,263.89,271.19000000000005,8478459.0,databento
2020-09-28,273.96,278.5400000000001,273.80000000000007,278.40999999999997,9246511.0,databento
2020-09-29,277.39,277.84,275.38,276.6,4790892.0,databento
2020-09-30,273.38999999999993,281.08,272.8500000000001,279.09,9428845.0,databento
2020-10-01,280.2200000000001,283.00000000000006,279.6,282.19,8575032.0,databento
2020-10-02,277.74,279.77,272.87999999999994,273.16,12358595.0,databento
2020-10-05,275.78,280.49,275.69,279.01,5005343.0,databento
2020-10-06,279.05,281.18999999999994,273.27,274.65,8187813.0,databento
2020-10-07,276.99,280.73,275.94,280.65,5102308.0,databento
2020-10-08,281.82,282.5799999999999,280.31500000000005,282.48,4941335.0,databento
2020-10-09,282.17999999999995,286.33,281.9100000000001,286.23999999999995,4994913.0,databento
2020-10-12,287.75,297.46,287.6700000000001,295.3500000000001,12926048.0,databento
2020-10-13,294.14,298.66999999999996,293.10999999999996,295.39,9617694.0,databento
2020-10-14,296.36,296.60999999999996,290.27,291.7,6533806.0,databento
2020-10-15,289.22,290.99999999999994,286.2900000000001,290.64,7649696.0,databento
2020-10-16,290.19999999999993,293.26,287.65,287.69,6592060.0,databento
2020-10-19,290.62,291.47999999999996,282.7900000000001,285.78,7506554.0,databento
2020-10-20,286.15,287.62000000000006,282.95000000000005,285.47,6887942.0,databento
2020-10-21,284.7,287.32,282.72,283.67,5601403.0,databento
2020-10-22,283.88999999999993,285.97999999999996,280.83,284.55999999999995,5937700.0,databento
2020-10-23,284.7300000000001,285.18,281.7850000000001,285.0,4411977.0,databento
2020-10-26,284.74,285.2900000000001,276.77,280.34,6976557.0,databento
2020-10-27,281.25,283.5,280.19999999999993,281.45,5587427.0,databento
2020-10-28,280.91,281.1,271.39,272.9599999999999,10111238.0,databento
2020-10-29,274.34999999999997,279.49,271.95,273.59,8717673.0,databento
2020-10-30,270.64,275.22999999999996,267.07,269.65,12102162.0,databento
2020-11-02,271.4599999999999,273.5199999999999,266.9700000000001,270.49999999999994,7758468.0,databento
2020-11-03,272.14,276.8,270.84,276.05999999999995,8160513.0,databento
2020-11-04,281.50999999999993,288.85,279.3999999999999,287.7,14860298.0,databento
2020-11-05,293.31,295.52,292.0,294.32,11013102.0,databento
2020-11-06,291.52,295.3500000000001,289.55,294.84999999999997,7296148.0,databento
2020-11-09,300.48999999999995,302.02,283.99999999999994,289.19,20757035.0,databento
2020-11-10,287.4,287.64,280.62999999999994,282.97999999999996,12516115.0,databento
2020-11-11,286.6,290.6600000000001,285.53,290.2799999999999,6248938.0,databento
2020-11-12,288.96999999999997,292.06999999999994,287.255,289.04999999999995,6144162.0,databento
2020-11-13,290.16,291.57,287.87500000000006,291.36000000000007,4810378.0,databento
2020-11-16,292.5799999999999,294.81000000000006,289.25999999999993,293.88000000000005,5819287.0,databento
2020-11-17,293.6000000000001,294.04999999999995,291.62,292.19999999999993,4053856.0,databento
2020-11-18,292.32,293.37,289.41,289.75,4716932.0,databento
2020-11-19,288.13999999999993,292.69,287.99,291.22,4923649.0,databento
2020-11-20,292.35,293.12,289.65,290.29,4102476.0,databento
2020-11-23,291.63999999999993,292.75,288.07,291.58,4785193.0,databento
2020-11-24,291.3,295.75000000000006,289.63000000000005,295.72999999999996,4901325.0,databento
2020-11-25,295.2300000000001,297.18,294.6000000000001,297.18,4521398.0,databento
2020-11-27,297.54999999999995,300.16999999999996,297.19999999999993,299.01000000000005,2953623.0,databento
2020-11-30,298.95,301.2,294.78,301.15,5044890.0,databento
2020-12-01,301.55,305.13999999999993,300.84,303.62,5195810.0,databento
2020-12-02,303.52,304.49999999999994,300.3500000000001,304.03999999999996,4330412.0,databento
2020-12-03,304.25,305.88000000000005,303.535,304.51,4377712.0,databento
2020-12-04,305.13999999999993,305.74999999999994,303.63,305.34,3358203.0,databento
2020-12-07,304.65,307.61999999999995,304.43999999999994,306.73999999999995,3780590.0,databento
2020-12-08,307.05999999999995,309.1700000000001,304.96,308.51,3791697.0,databento
2020-12-09,308.14,308.36999999999995,300.21,301.5799999999999,8011457.0,databento
2020-12-10,301.25999999999993,303.68000000000006,298.09,302.63,5691794.0,databento
2020-12-11,300.95,302.00000000000006,298.47,301.84,4932075.0,databento
2020-12-14,302.80000000000007,306.0400000000001,302.6600000000001,304.11,5345957.0,databento
2020-12-15,305.21,307.51000000000005,304.11,307.15,4561672.0,databento
2020-12-16,308.30000000000007,309.78,306.63,309.3299999999999,4761835.0,databento
2020-12-17,310.53,311.37,309.38999999999993,311.03,3873004.0,databento
2020-12-18,311.06000000000006,312.0,307.61,310.9,6048774.0,databento
2020-12-21,309.86999999999995,309.86999999999995,303.6,309.4,6587474.0,databento
2020-12-22,309.62,310.87000000000006,306.84999999999997,309.9,4824609.0,databento
2020-12-23,310.13000000000005,310.36000000000007,307.6,308.36999999999995,3471069.0,databento
2020-12-24,308.62,310.02,308.39,309.2900000000001,2400115.0,databento
2020-12-28,311.33,313.16,310.36000000000007,313.08,4017634.0,databento
2020-12-29,314.00999999999993,314.69,312.0299999999999,312.9,4901794.0,databento
2020-12-30,313.84999999999997,314.48999999999995,312.3299999999999,313.16,3288297.0,databento
2020-12-31,312.97,314.2200000000001,311.77,313.89,3910717.0,databento
2021-01-04,315.1000000000001,315.74999999999994,305.21,308.78,8094073.0,databento
2021-01-05,309.26,312.2,307.37000000000006,311.85,6087462.0,databento
2021-01-06,305.4599999999999,311.88,304.8399999999999,308.95,9324099.0,databento
2021-01-07,309.24999999999994,315.84,308.7,315.35,5531692.0,databento
2021-01-08,316.14,319.99999999999994,315.095,319.43,6464554.0,databento
2021-01-11,318.06999999999994,318.19,313.76,314.99999999999994,6254860.0,databento
2021-01-12,315.23,315.8299999999999,311.21,314.26,5378343.0,databento
2021-01-13,314.80999999999995,316.86,312.53,316.11,3761627.0,databento
2021-01-14,316.09,317.52,313.87,314.75999999999993,4113998.0,databento
2021-01-15,314.21,315.12000000000006,310.6,311.06000000000006,5697545.0,databento
2021-01-19,314.58,318.09,313.12999999999994,317.95,4981757.0,databento
2021-01-20,318.44999999999993,324.74000000000007,318.25999999999993,324.47,5554366.0,databento
2021-01-21,325.30000000000007,327.12999999999994,323.73,326.13999999999993,4601935.0,databento
2021-01-22,325.2099999999999,326.46,324.16999999999996,325.49999999999994,3625794.0,databento
2021-01-25,328.35999999999996,330.32,321.42,328.1,7358663.0,databento
2021-01-26,327.5899999999999,331.4,327.12000000000006,330.44000000000005,4673040.0,databento
2021-01-27,329.93999999999994,330.5799999999999,314.06,316.32,10942958.0,databento
2021-01-28,315.46,326.4200000000001,314.59999999999997,320.1000000000001,7814575.0,databento
2021-01-29,317.56,320.9,312.76,313.95000000000005,11019296.0,databento
2021-02-01,317.68,323.54999999999995,316.13,323.24000000000007,6381749.0,databento
2021-02-02,324.85999999999996,329.28,324.83000000000004,328.81,6440440.0,databento
2021-02-03,330.28,330.3399999999999,326.3299999999999,327.65,4638716.0,databento
2021-02-04,327.71999999999997,330.73,326.47,330.38,4365250.0,databento
2021-02-05,331.02,332.3999999999999,329.53,331.4,3791343.0,databento
2021-02-08,332.5299999999999,333.82,331.4200000000001,333.42,3629341.0,databento
2021-02-09,333.26,334.79,332.35,333.70000000000005,2972837.0,databento
2021-02-10,335.3,335.46,329.50000000000006,332.79999999999995,4588220.0,databento
2021-02-11,333.66,334.98999999999995,332.12000000000006,334.65,3752591.0,databento
2021-02-12,333.56000000000006,336.9,332.63000000000005,336.88999999999993,3486366.0,databento
2021-02-16,337.8999999999999,338.3500000000001,334.34,334.76,4341940.0,databento
2021-02-17,335.83,335.83,330.17999999999995,333.99999999999994,5472339.0,databento
2021-02-18,332.75,333.19999999999993,328.35999999999996,331.87,5625146.0,databento
2021-02-19,332.67,334.6,329.97,331.00000000000006,5799255.0,databento
2021-02-22,326.32,327.79999999999995,322.13000000000005,322.34999999999997,8498493.0,databento
2021-02-23,321.72,323.21,311.0,321.08,18944763.0,databento
2021-02-24,321.59999999999997,325.16,315.95,325.03,10876940.0,databento
2021-02-25,322.79999999999995,324.0299999999999,311.11000000000007,311.64,25208264.0,databento
2021-02-26,314.2799999999999,319.11000000000007,310.14,314.15,23501487.0,databento
2021-03-01,319.66,324.87,317.8,324.63,9940320.0,databento
2021-03-02,321.26,324.335,318.14,319.26,10736526.0,databento
2021-03-03,320.7300000000001,321.4,307.00000000000006,307.00000000000006,18916188.0,databento
2021-03-04,308.62,312.0299999999999,300.12,302.67,35259241.0,databento
2021-03-05,302.5199999999999,309.605,297.56,309.1,29849541.0,databento
2021-03-08,303.98999999999995,310.06,299.51,301.68000000000006,19521436.0,databento
2021-03-09,305.18000000000006,313.73,305.05,312.41,16089570.0,databento
2021-03-10,312.16999999999996,316.77,309.82,311.37,17119181.0,databento
2021-03-11,316.2200000000001,319.86000000000007,314.85,318.60999999999996,11483266.0,databento
2021-03-12,312.88999999999993,315.74999999999994,311.4,315.55,12806225.0,databento
2021-03-15,314.55,319.3500000000001,314.1,318.55000000000007,9070210.0,databento
2021-03-16,320.1000000000001,324.195,319.1,320.84999999999997,11330241.0,databento
2021-03-17,320.27,323.85,315.68000000000006,322.63,15549942.0,databento
2021-03-18,319.00000000000006,319.45,311.57000000000005,312.07,16642250.0,databento
2021-03-19,314.13,314.83,309.67999999999995,312.80999999999995,14206597.0,databento
2021-03-22,314.34,320.74,313.99,318.9700000000001,10855526.0,databento
2021-03-23,318.09,321.08,316.38000000000005,317.6000000000001,10172603.0,databento
2021-03-24,317.90999999999997,320.35,311.59,312.13000000000005,12662637.0,databento
2021-03-25,312.12,313.44000000000005,307.385,312.05,15302484.0,databento
2021-03-26,312.36,316.62999999999994,309.02,315.8500000000001,11993043.0,databento
2021-03-29,314.18,316.99000000000007,312.4800000000001,316.4,11562733.0,databento
2021-03-30,314.11999999999995,314.91999999999996,311.54999999999995,314.35999999999996,9099908.0,databento
2021-03-31,314.5,320.7300000000001,314.16999999999996,319.8,10264072.0,databento
2021-04-01,322.14,325.38,321.61000000000007,325.32,10350324.0,databento
2021-04-05,324.8,331.99999999999994,324.76,331.83000000000004,8010811.0,databento
2021-04-06,330.0,332.83,329.69000000000005,331.34,6294798.0,databento
2021-04-07,331.28,332.75,329.37,332.44000000000005,5860735.0,databento
2021-04-08,334.01,336.42,333.56999999999994,336.4,5712749.0,databento
2021-04-09,334.97,337.32,332.7,336.44,6295044.0,databento
2021-04-12,336.8500000000001,337.15,334.73,336.8299999999999,4890405.0,databento
2021-04-13,336.61,341.07,335.83,340.42,6607684.0,databento
2021-04-14,340.61000000000007,341.95,335.6700000000001,336.56,8158760.0,databento
2021-04-15,338.38,342.00499999999994,337.94,341.42999999999995,6883474.0,databento
2021-04-16,340.56000000000006,342.62000000000006,340.08,341.74999999999994,5600587.0,databento
2021-04-19,342.3399999999999,342.3399999999999,336.9100000000001,339.18999999999994,7369516.0,databento
2021-04-20,339.1700000000001,339.61000000000007,334.39,335.01000000000005,7500967.0,databento
2021-04-21,335.44,339.47999999999996,333.98,338.43,6464205.0,databento
2021-04-22,339.22,339.9,334.01,335.43000000000006,9726583.0,databento
2021-04-23,336.05,340.75999999999993,335.54,339.12000000000006,6614514.0,databento
2021-04-26,339.06,342.20000000000005,338.05999999999995,341.98,5389142.0,databento
2021-04-27,342.12999999999994,342.28,339.1700000000001,340.37,6697939.0,databento
2021-04-28,339.74,341.1000000000001,338.34,340.64,6216079.0,databento
2021-04-29,341.63,342.88,336.9,339.22,7879783.0,databento
2021-04-30,338.99,340.25,336.97,338.08,7665574.0,databento
2021-05-03,338.99,339.98999999999995,335.51,335.65,6333051.0,databento
2021-05-04,335.0199999999999,335.51,326.2200000000001,329.69999999999993,13627139.0,databento
2021-05-05,330.87,333.14000000000004,328.225,329.12,9467002.0,databento
2021-05-06,330.09,332.04,326.45,331.9,9997174.0,databento
2021-05-07,331.72999999999996,336.8500000000001,331.58,334.53,11490822.0,databento
2021-05-10,333.24999999999994,333.72,324.42999999999995,325.09999999999997,12113990.0,databento
2021-05-11,321.7300000000001,326.11999999999995,318.56,325.14,15505844.0,databento
2021-05-12,324.76,324.99,316.0,317.34,20846986.0,databento
2021-05-13,315.91,322.3999999999999,314.99,319.66,15225190.0,databento
2021-05-14,321.19000000000005,327.7,321.19000000000005,327.7,9887152.0,databento
2021-05-17,325.54,325.94,321.46,325.08,8543894.0,databento
2021-05-18,326.96999999999997,327.0799999999999,321.08,321.0899999999999,6727281.0,databento
2021-05-19,318.68,322.9,315.9599999999999,321.51,14201104.0,databento
2021-05-20,322.89,329.71,320.75,329.66,9618556.0,databento
2021-05-21,329.8,330.86000000000007,326.64,327.06,7259741.0,databento
2021-05-24,328.56,333.67,328.21,333.00999999999993,6691708.0,databento
2021-05-25,334.31999999999994,334.81,331.75999999999993,333.88,6465374.0,databento
2021-05-26,333.9,334.68000000000006,332.95000000000005,334.22,4954231.0,databento
2021-05-27,332.5400000000001,334.54,332.09,334.14,5606900.0,databento
2021-05-28,333.77,335.56,333.58,333.74,5049990.0,databento
2021-06-01,334.5899999999999,335.78,331.43999999999994,332.44000000000005,5768921.0,databento
2021-06-02,332.35,334.34,331.69999999999993,333.7300000000001,4191557.0,databento
2021-06-03,333.05000000000007,333.24999999999994,328.2900000000001,329.28,7052075.0,databento
2021-06-04,329.80999999999995,336.05,329.23,335.80000000000007,6685520.0,databento
2021-06-07,334.74999999999994,337.28999999999996,333.86,337.0,6181139.0,databento
2021-06-08,336.61999999999995,339.28999999999996,335.03,336.9,5769528.0,databento
2021-06-09,337.0,338.96999999999997,336.6,336.7799999999999,3775252.0,databento
2021-06-10,336.4800000000001,340.8399999999999,334.69999999999993,340.49999999999994,6016773.0,databento
2021-06-11,340.14000000000004,341.3999999999999,339.68999999999994,341.3999999999999,3970172.0,databento
2021-06-14,341.74999999999994,344.5299999999999,340.47,344.12000000000006,5174412.0,databento
2021-06-15,344.97,345.03999999999996,341.52,342.29,6295689.0,databento
2021-06-16,342.41999999999996,343.8399999999999,337.44999999999993,338.8,10942664.0,databento
2021-06-17,338.99999999999994,346.38,338.4,345.88,10411150.0,databento
2021-06-18,345.79,346.18,341.8299999999999,341.89,9232942.0,databento
2021-06-21,343.4599999999999,344.7699999999999,340.1499999999999,344.47999999999996,6473938.0,databento
2021-06-22,343.13000000000005,348.0400000000001,343.13000000000005,347.89000000000004,5807600.0,databento
2021-06-23,347.86,348.92,346.89,348.2,4595244.0,databento
2021-06-24,348.69000000000005,351.46,348.69000000000005,349.68999999999994,5791060.0,databento
2021-06-25,350.00999999999993,350.83,348.8500000000001,349.44999999999993,5305914.0,databento
2021-06-28,350.32000000000005,353.845,349.8999999999999,353.13999999999993,5850449.0,databento
2021-06-29,352.99000000000007,355.53,352.66,355.52,4731525.0,databento
2021-06-30,355.39,355.39,353.8299999999999,354.81999999999994,5220677.0,databento
2021-07-01,355.55000000000007,355.56000000000006,352.67999999999995,354.21,4850106.0,databento
2021-07-02,355.2,358.9599999999999,354.8,358.45000000000005,5288866.0,databento
2021-07-06,358.15999999999997,360.4700000000001,356.49000000000007,359.85,6311514.0,databento
2021-07-07,361.7,362.75999999999993,358.93999999999994,360.97,6643807.0,databento
2021-07-08,358.07000000000005,359.64,354.41999999999996,358.04,9778390.0,databento
2021-07-09,358.77000000000004,361.49,357.56999999999994,361.2,5816278.0,databento
2021-07-12,360.6499999999999,362.88999999999993,360.63,362.6700000000001,4164890.0,databento
2021-07-13,362.34,365.4599999999999,360.63,361.81999999999994,6088711.0,databento
2021-07-14,362.45,365.4800000000001,362.13999999999993,363.2,5112166.0,databento
2021-07-15,363.7,364.6700000000001,358.46,359.6000000000001,8083151.0,databento
2021-07-16,360.74,362.41,357.00000000000006,357.29,6977915.0,databento
2021-07-19,357.14000000000004,357.4,352.035,355.56000000000006,12345042.0,databento
2021-07-20,356.0400000000001,360.2699999999999,353.81,359.38000000000005,7969189.0,databento
2021-07-21,359.01000000000005,361.85,357.56000000000006,361.66,5091222.0,databento
2021-07-22,362.36,365.22,361.49,364.94999999999993,5046542.0,databento
2021-07-23,365.4700000000001,368.48,364.04,367.8399999999999,5198097.0,databento
2021-07-26,367.83,368.89,366.6000000000001,368.35,5669847.0,databento
2021-07-27,367.4899999999999,368.81999999999994,360.1600000000001,363.71,10522018.0,databento
2021-07-28,364.1,367.44,363.2399999999999,365.33,7186282.0,databento
2021-07-29,365.82,367.6700000000001,362.2999999999999,362.5,4343849.0,databento
2021-07-30,361.7999999999999,365.16,361.67,364.9100000000001,5841265.0,databento
2021-08-02,366.51,366.88,363.9800000000001,364.7200000000001,4363647.0,databento
2021-08-03,365.25,366.8999999999999,362.0,366.4100000000001,5900522.0,databento
2021-08-04,367.0,368.31999999999994,365.63,367.71,4963618.0,databento
2021-08-05,367.93999999999994,369.9049999999999,367.45,369.59,3655525.0,databento
2021-08-06,369.2799999999999,369.5400000000001,366.9100000000001,367.88,4272476.0,databento
2021-08-09,367.7200000000001,369.27,367.39,368.61,3722317.0,databento
2021-08-10,369.04,369.5499999999999,365.61999999999995,366.59,5071227.0,databento
2021-08-11,366.0,368.65,364.8399999999999,365.55999999999995,5032019.0,databento
2021-08-12,365.6,367.9,364.29,367.3500000000001,4147504.0,databento
2021-08-13,367.92,369.1600000000001,367.08,368.57,2746712.0,databento
2021-08-16,368.3999999999999,369.0899999999999,363.7,368.87000000000006,5203000.0,databento
2021-08-17,367.6,367.92,363.2300000000001,364.66,6479867.0,databento
2021-08-18,365.44,366.62,361.01,361.9700000000001,5758605.0,databento
2021-08-19,359.66,365.67,358.69,363.6600000000001,7055051.0,databento
2021-08-20,362.7200000000001,368.14,362.4,367.9,5575918.0,databento
2021-08-23,368.78,373.9299999999999,368.5799999999999,373.7699999999999,5454616.0,databento
2021-08-24,374.87,374.99000000000007,373.29,374.4,3142310.0,databento
2021-08-25,374.75999999999993,375.39,373.85,374.5400000000001,2970251.0,databento
2021-08-26,373.99,374.63,371.9700000000001,372.53,4457839.0,databento
2021-08-27,373.71,376.5199999999999,372.56999999999994,376.05,4912764.0,databento
2021-08-30,376.58,380.765,376.4,380.3,4187107.0,databento
2021-08-31,381.64,381.9100000000001,378.36000000000007,380.19,4717038.0,databento
2021-09-01,380.9200000000001,382.69999999999993,379.99999999999994,380.76,4004182.0,databento
2021-09-02,381.13999999999993,382.31,379.15,380.25999999999993,3894244.0,databento
2021-09-03,380.87000000000006,382.12999999999994,379.15,381.41,4148120.0,databento
2021-09-07,382.2900000000001,382.77,380.49,381.8,3544657.0,databento
2021-09-08,380.9700000000001,382.22,378.44999999999993,380.2399999999999,5384123.0,databento
2021-09-09,380.0400000000001,382.14,379.00000000000006,379.4200000000001,4713962.0,databento
2021-09-10,379.99999999999994,381.96,376.19999999999993,376.19999999999993,7124444.0,databento
2021-09-13,377.49,379.43000000000006,374.22,376.6499999999999,7710532.0,databento
2021-09-14,375.9700000000001,378.6000000000001,374.2799999999999,375.76,6617316.0,databento
2021-09-15,375.9599999999999,378.4049999999999,373.38,378.12999999999994,5723795.0,databento
2021-09-16,377.89,378.89,374.69999999999993,377.63999999999993,4926503.0,databento
2021-09-17,378.32,378.49000000000007,372.76,373.44,8009122.0,databento
2021-09-20,370.57,370.57,360.93999999999994,366.23,14691727.0,databento
2021-09-21,369.11000000000007,369.5400000000001,364.75,364.8999999999999,7355845.0,databento
2021-09-22,366.76,371.06999999999994,365.9599999999999,370.2900000000001,8554503.0,databento
2021-09-23,371.98,374.03,369.93,373.03,6533924.0,databento
2021-09-24,371.32,373.75,369.94999999999993,373.36000000000007,4764525.0,databento
2021-09-27,373.85,373.9200000000001,367.74,369.75,6305408.0,databento
2021-09-28,365.67,366.38,359.35,360.71,17082497.0,databento
2021-09-29,363.4200000000001,363.65,358.63999999999993,360.44,10547957.0,databento
2021-09-30,362.26,362.69,357.58,358.65,11155055.0,databento
2021-10-01,356.62,361.25,354.38000000000005,360.2999999999999,11866694.0,databento
2021-10-04,357.72999999999996,359.24000000000007,350.3299999999999,353.10999999999996,17863398.0,databento
2021-10-05,352.73999999999995,359.68,352.73999999999995,356.89,9219195.0,databento
2021-10-06,353.29999999999995,361.49999999999994,351.68999999999994,360.9800000000001,11381596.0,databento
2021-10-07,363.12999999999994,365.68,362.26,363.84,7916981.0,databento
2021-10-08,362.37,365.6,360.61000000000007,360.88,8606185.0,databento
2021-10-11,359.3399999999999,363.18999999999994,357.54999999999995,358.01,8063401.0,databento
2021-10-12,357.38000000000005,360.4299999999999,355.6,356.03,8845462.0,databento
2021-10-13,357.74,361.01,357.14000000000004,360.93,7932435.0,databento
2021-10-14,362.6799999999999,367.55,362.4899999999999,367.44,8810476.0,databento
2021-10-15,367.18,369.2799999999999,366.81999999999994,369.2799999999999,6015586.0,databento
2021-10-18,367.13999999999993,372.92,366.81999999999994,372.77,6583944.0,databento
2021-10-19,373.3,376.1,373.06,375.63999999999993,5871104.0,databento
2021-10-20,374.9,376.56,373.47,373.86,6202386.0,databento
2021-10-21,374.05999999999995,377.4700000000001,373.35,375.18999999999994,5685232.0,databento
2021-10-22,375.87999999999994,376.9700000000001,372.39,373.36999999999995,7912180.0,databento
2021-10-25,374.6700000000001,378.94999999999993,373.55999999999995,378.81,7161181.0,databento
2021-10-26,380.25999999999993,382.71,377.91,379.2999999999999,9012812.0,databento
2021-10-27,379.69999999999993,383.1499999999999,378.06999999999994,380.91,9786342.0,databento
2021-10-28,381.0,384.6,380.7999999999999,382.0499999999999,8375645.0,databento
2021-10-29,381.56999999999994,386.75000000000006,380.2399999999999,386.6,9646553.0,databento
2021-11-01,386.99999999999994,387.91,384.4299999999999,387.0499999999999,7238718.0,databento
2021-11-02,387.18999999999994,389.54,386.43999999999994,388.61,6794726.0,databento
2021-11-03,389.05999999999995,394.57,388.49000000000007,394.55000000000007,8710112.0,databento
2021-11-04,394.26,399.2099999999999,393.92,398.3500000000001,9697250.0,databento
2021-11-05,397.83,400.99000000000007,397.16,398.19000000000005,10095488.0,databento
2021-11-08,398.17,399.61,397.4100000000001,397.65,7232189.0,databento
2021-11-09,398.37,399.55999999999995,393.92,394.65,14676725.0,databento
2021-11-10,395.06999999999994,395.36,387.54,389.7900000000001,15072084.0,databento
2021-11-11,390.7099999999999,392.7999999999999,390.24,391.56999999999994,7528482.0,databento
2021-11-12,391.7799999999999,395.24499999999995,390.14,395.1499999999999,7953627.0,databento
2021-11-15,395.7399999999999,396.77,392.095,394.63,8668865.0,databento
2021-11-16,394.2699999999999,397.9200000000001,393.5199999999999,397.49999999999994,6418765.0,databento
2021-11-17,397.83,399.71,396.6600000000001,398.05000000000007,7375267.0,databento
2021-11-18,399.31000000000006,402.49999999999994,397.44999999999993,402.08,10195433.0,databento
2021-11-19,403.7200000000001,405.30000000000007,402.43,404.06,8783604.0,databento
2021-11-22,405.2900000000001,408.69999999999993,398.92,399.67,13703866.0,databento
2021-11-23,397.7900000000001,400.23,392.9200000000001,397.01,18924552.0,databento
2021-11-24,397.12999999999994,399.0499999999999,392.5400000000001,398.83,11850162.0,databento
2021-11-26,395.25000000000006,397.5400000000001,389.77,390.7399999999999,12820679.0,databento
2021-11-29,394.82,400.8,394.12999999999994,400.4800000000001,12559738.0,databento
2021-11-30,398.00999999999993,401.18999999999994,391.75000000000006,395.46,22966361.0,databento
2021-12-01,398.1600000000001,400.4899999999999,385.9299999999999,388.79,20428508.0,databento
2021-12-02,388.78,391.74,384.34,388.56,25438364.0,databento
2021-12-03,389.09,393.0,378.89,382.7999999999999,32247002.0,databento
2021-12-06,384.2,387.6000000000001,379.2999999999999,386.04,15784701.0,databento
2021-12-07,392.31999999999994,399.2099999999999,392.2200000000001,398.3500000000001,12772997.0,databento
2021-12-08,399.9800000000001,400.58,396.22,399.25999999999993,8533048.0,databento
2021-12-09,399.3,400.19999999999993,393.1000000000001,394.3999999999999,10298437.0,databento
2021-12-10,395.05,398.2799999999999,393.37,397.72,12727243.0,databento
2021-12-13,398.9,400.08,391.6799999999999,392.3399999999999,11005711.0,databento
2021-12-14,392.76,393.00999999999993,383.78,388.1,16406813.0,databento
2021-12-15,388.5199999999999,398.31,383.88,397.94,18100321.0,databento
2021-12-16,400.00999999999993,401.26,385.2099999999999,386.13999999999993,20332727.0,databento
2021-12-17,385.42,389.18000000000006,381.77,386.36,17900251.0,databento
2021-12-20,378.81999999999994,383.06999999999994,377.4700000000001,382.95,12571970.0,databento
2021-12-21,384.05000000000007,389.53,380.2099999999999,388.83,10460770.0,databento
2021-12-22,387.63,394.52,387.52,394.31,8105206.0,databento
2021-12-23,394.09,398.43000000000006,393.97,396.96,6102789.0,databento
2021-12-27,397.75,403.87,397.64,403.2699999999999,6738169.0,databento
2021-12-28,404.48,405.75,400.7099999999999,402.8,7588179.0,databento
2021-12-29,402.8999999999999,403.2699999999999,399.12,401.0299999999999,6666058.0,databento
2021-12-30,402.33,403.56999999999994,399.74999999999994,400.32,4901940.0,databento
2021-12-31,400.0,401.05000000000007,397.3399999999999,397.85,7131248.0,databento
2022-01-03,399.2099999999999,402.23,396.88,401.6000000000001,9761125.0,databento
2022-01-04,401.7799999999999,403.55,393.2900000000001,395.49000000000007,13832452.0,databento
2022-01-05,395.33,396.17,383.0,384.74999999999994,20353898.0,databento
2022-01-06,383.99,387.35,380.12,385.49999999999994,20214197.0,databento
2022-01-07,382.28,385.7699999999999,378.0400000000001,379.6600000000001,21604990.0,databento
2022-01-10,379.61000000000007,381.19999999999993,369.32,380.81999999999994,25806414.0,databento
2022-01-11,380.54,386.05000000000007,377.22,385.5400000000001,19281991.0,databento
2022-01-12,384.44,390.19999999999993,384.4299999999999,387.3,14482145.0,databento
2022-01-13,387.29,389.4700000000001,376.7099999999999,377.58,19664563.0,databento
2022-01-14,377.57,380.67,373.2300000000001,380.54,22177907.0,databento
2022-01-18,374.32,376.2200000000001,369.78,370.34,18604917.0,databento
2022-01-19,370.18999999999994,374.69,365.55,365.80000000000007,22462018.0,databento
2022-01-20,368.2099999999999,373.87000000000006,357.06,359.33000000000004,22512569.0,databento
2022-01-21,359.77,362.18,350.7200000000001,350.75999999999993,38409302.0,databento
2022-01-24,354.30000000000007,354.30000000000007,334.15,352.99999999999994,57586220.0,databento
2022-01-25,346.57,351.03,338.6499999999999,345.9700000000001,37493656.0,databento
2022-01-26,348.72999999999996,356.87999999999994,340.78,347.77,41980056.0,databento
2022-01-27,344.25999999999993,351.26000000000005,340.05000000000007,343.71,28793160.0,databento
2022-01-28,343.26,352.99999999999994,337.31,352.4,27891446.0,databento
2022-01-31,354.20000000000005,363.65,351.0799999999999,362.5400000000001,20702756.0,databento
2022-02-01,364.61,369.06000000000006,359.14,368.7,18601668.0,databento
2022-02-02,369.88999999999993,372.05000000000007,359.91,359.99000000000007,18411342.0,databento
2022-02-03,361.7399999999999,362.08,352.47,359.86999999999995,22503052.0,databento
2022-02-04,359.19999999999993,361.39,350.31,357.80999999999995,21796238.0,databento
2022-02-07,357.56999999999994,361.0499999999999,353.84,356.28,14825429.0,databento
2022-02-08,355.6499999999999,360.50999999999993,352.81,360.2,13799547.0,databento
2022-02-09,362.02,367.3500000000001,361.7900000000001,366.8,12971425.0,databento
2022-02-10,365.28,367.0,356.55999999999995,357.38000000000005,26419899.0,databento
2022-02-11,355.88999999999993,360.07,345.80000000000007,347.17999999999995,26237028.0,databento
2022-02-14,343.5,350.96999999999997,342.19,348.58,20475618.0,databento
2022-02-15,352.86999999999995,356.36999999999995,351.82000000000005,355.15,12460925.0,databento
2022-02-16,356.86000000000007,357.59999999999997,350.71,355.21,14310177.0,databento
2022-02-17,353.93999999999994,355.18000000000006,344.6600000000001,345.7300000000001,14419677.0,databento
2022-02-18,347.62000000000006,348.18000000000006,339.15,339.39,18895744.0,databento
2022-02-22,335.0,344.0400000000001,334.1000000000001,340.70000000000005,22217864.0,databento
2022-02-23,341.87000000000006,343.08,328.25,329.18000000000006,21259970.0,databento
2022-02-24,321.9700000000001,341.0400000000001,317.73,338.05000000000007,33973558.0,databento
2022-02-25,336.66,346.33,335.80000000000007,345.80000000000007,20526377.0,databento
2022-02-28,340.18,348.55000000000007,340.18,347.7,20282337.0,databento
2022-03-01,346.63999999999993,348.05999999999995,338.9800000000001,342.65,19445653.0,databento
2022-03-02,341.12,348.6,340.25,346.42999999999995,19237803.0,databento
2022-03-03,346.1700000000001,350.93000000000006,340.35,343.4,17385182.0,databento
2022-03-04,340.00000000000006,341.57,334.9200000000001,336.4800000000001,19894386.0,databento
2022-03-07,331.8399999999999,338.47,323.25000000000006,323.61,25900688.0,databento
2022-03-08,324.76,333.21,319.93000000000006,323.2200000000001,30182070.0,databento
2022-03-09,328.16,337.09999999999997,327.79999999999995,335.2200000000001,16850608.0,databento
2022-03-10,332.84999999999997,334.14,326.71,331.64,15197993.0,databento
2022-03-11,331.4599999999999,338.00000000000006,323.8999999999999,324.3500000000001,15616941.0,databento
2022-03-14,325.72,327.74999999999994,317.45000000000005,319.64,20262369.0,databento
2022-03-15,317.37,328.94999999999993,315.71,328.19000000000005,16856214.0,databento
2022-03-16,331.9100000000001,342.0199999999999,328.4100000000001,340.91,24441211.0,databento
2022-03-17,340.85,344.67,337.04999999999995,342.09999999999997,15321784.0,databento
2022-03-18,342.5799999999999,352.49999999999994,340.96,352.4,15761236.0,databento
2022-03-21,349.57,352.48,345.575,349.43,15646967.0,databento
2022-03-22,350.37999999999994,357.85,349.92999999999995,357.30000000000007,12908262.0,databento
2022-03-23,356.94,357.64,351.78,352.5199999999999,13281150.0,databento
2022-03-24,353.4800000000001,359.80000000000007,351.6,359.22999999999996,10741807.0,databento
2022-03-25,360.09,361.38,354.96,359.49999999999994,11278891.0,databento
2022-03-28,358.35,365.18999999999994,357.66,364.65,12433234.0,databento
2022-03-29,365.39,371.83,365.39,370.69999999999993,14627377.0,databento
2022-03-30,369.6,370.9800000000001,365.57,367.80000000000007,12651714.0,databento
2022-03-31,369.0,369.15,361.68000000000006,363.1000000000001,11745414.0,databento
2022-04-01,363.63,364.2799999999999,358.5899999999999,361.71,11867760.0,databento
2022-04-04,361.63,369.46,361.44999999999993,368.95,8840502.0,databento
2022-04-05,369.74,369.88,359.9200000000001,361.1799999999999,12908263.0,databento
2022-04-06,358.87000000000006,359.13,350.56000000000006,351.87000000000006,19474968.0,databento
2022-04-07,353.53,356.3399999999999,348.69000000000005,354.68999999999994,14143938.0,databento
2022-04-08,356.0199999999999,356.49999999999994,348.50000000000006,348.66,13107182.0,databento
2022-04-11,347.2799999999999,347.49,340.3,340.4800000000001,13980495.0,databento
2022-04-12,340.05000000000007,347.83,338.04,340.86,16686882.0,databento
2022-04-13,342.0,347.43000000000006,339.07000000000005,346.15,12505650.0,databento
2022-04-14,347.1,347.35,337.89,337.89,14518537.0,databento
2022-04-18,335.94999999999993,341.45000000000005,335.64,341.3999999999999,12640467.0,databento
2022-04-19,339.84,346.8500000000001,336.87,342.89,13369538.0,databento
2022-04-20,343.45,348.21,339.9599999999999,343.05,15226590.0,databento
2022-04-21,344.55,347.86999999999995,332.9,333.19000000000005,19180746.0,databento
2022-04-22,334.29999999999995,335.64,323.97999999999996,324.2300000000001,19687245.0,databento
2022-04-25,322.9,330.0199999999999,321.19999999999993,329.4800000000001,21281865.0,databento
2022-04-26,327.76,329.56,311.88,316.65,20739129.0,databento
2022-04-27,319.99,322.87999999999994,314.995,320.92,24464165.0,databento
2022-04-28,323.73999999999995,329.9,317.53,322.71,18475094.0,databento
2022-04-29,325.4700000000001,327.22,312.6,314.3,19679758.0,databento
2022-05-02,314.23,318.7699999999999,309.645,318.03,24902961.0,databento
2022-05-03,318.94,321.16,315.98999999999995,319.51000000000005,16422645.0,databento
2022-05-04,319.69,330.29,313.8999999999999,329.28,28726700.0,databento
2022-05-05,327.79,327.86,309.62999999999994,314.02,33566140.0,databento
2022-05-06,312.21,315.0799999999999,305.10999999999996,308.74,32190345.0,databento
2022-05-09,305.52,305.98999999999995,295.74,298.2,24948314.0,databento
2022-05-10,300.93999999999994,305.76,296.58,300.63,28034694.0,databento
2022-05-11,302.56999999999994,305.85999999999996,290.94999999999993,292.6000000000001,33173165.0,databento
2022-05-12,290.96,295.75000000000006,284.94,293.0400000000001,30471527.0,databento
2022-05-13,295.86000000000007,302.995,294.08,302.43999999999994,18314757.0,databento
2022-05-16,299.59,302.55,297.14,298.95,14591535.0,databento
2022-05-17,302.13,306.92999999999995,300.55000000000007,306.24,14283722.0,databento
2022-05-18,304.49999999999994,305.23,288.07,288.29999999999995,17373609.0,databento
2022-05-19,288.13,294.39000000000004,285.4,290.93,21574798.0,databento
2022-05-20,293.88000000000005,294.89,280.21,288.96,19904469.0,databento
2022-05-23,292.22999999999996,294.38,287.29,289.87,15527159.0,databento
2022-05-24,287.8,289.49999999999994,282.25000000000006,289.04999999999995,14967045.0,databento
2022-05-25,288.24,293.37,284.63000000000005,289.92,16264386.0,databento
2022-05-26,291.90999999999997,300.92,289.55999999999995,299.6700000000001,11969833.0,databento
2022-05-27,298.98,310.50000000000006,298.61999999999995,310.49,11910178.0,databento
2022-05-31,308.65,311.30999999999995,304.34,309.70000000000005,12192947.0,databento
2022-06-01,308.36999999999995,312.6499999999999,303.7300000000001,305.0,13257900.0,databento
2022-06-02,307.29,315.6,303.3999999999999,315.1000000000001,11460180.0,databento
2022-06-03,312.74000000000007,313.28,304.93,305.7799999999999,12282957.0,databento
2022-06-06,310.04,312.34,305.61999999999995,307.3500000000001,9207295.0,databento
2022-06-07,305.68,310.66999999999996,302.69,308.92999999999995,8684804.0,databento
2022-06-08,308.84,311.7099999999999,306.78,307.82,7172623.0,databento
2022-06-09,307.5,310.33,298.9200000000001,299.68,10818317.0,databento
2022-06-10,299.17,300.74000000000007,288.39,288.6499999999999,16440198.0,databento
2022-06-13,281.8,282.32,274.53,276.56000000000006,20956228.0,databento
2022-06-14,279.06,279.45000000000005,273.34,278.00999999999993,12781605.0,databento
2022-06-15,277.92999999999995,286.8299999999999,276.63,285.21,18428421.0,databento
2022-06-16,276.63,277.83,269.28,272.2,15425825.0,databento
2022-06-17,273.86,277.17999999999995,270.52,274.9200000000001,12614599.0,databento
2022-06-21,279.7,283.45,277.79999999999995,281.09,8807926.0,databento
2022-06-22,275.51,285.18,274.93,278.85,11146580.0,databento
2022-06-23,279.58,285.72,279.58,284.04999999999995,10659120.0,databento
2022-06-24,287.64,295.00000000000006,286.87000000000006,294.52,11525292.0,databento
2022-06-27,297.13,297.81,291.3,293.05,8809574.0,databento
2022-06-28,293.26,295.6499999999999,283.21,283.7799999999999,10989556.0,databento
2022-06-29,283.37000000000006,285.34,280.835,283.59999999999997,9217122.0,databento
2022-06-30,280.41999999999996,283.88999999999993,275.7900000000001,280.4100000000001,16150842.0,databento
2022-07-01,278.00999999999993,282.5299999999999,277.04,282.16,11066404.0,databento
2022-07-05,282.68,287.6000000000001,276.77,286.31000000000006,11754553.0,databento
2022-07-06,287.49,290.94999999999993,285.00999999999993,289.11,13447918.0,databento
2022-07-07,289.76,295.69999999999993,288.9800000000001,294.12999999999994,9460055.0,databento
2022-07-08,294.0199999999999,296.74999999999994,290.5,295.56000000000006,9890927.0,databento
2022-07-11,292.68,293.66,288.13999999999993,289.28999999999996,9282419.0,databento
2022-07-12,286.9200000000001,292.2799999999999,284.60999999999996,286.05,10356037.0,databento
2022-07-13,286.56,290.83,279.03,283.8,14239032.0,databento
2022-07-14,283.6499999999999,288.34,279.79999999999995,288.34,11921034.0,databento
2022-07-15,286.93,292.32,285.47,292.03,10161971.0,databento
2022-07-18,295.27,296.15,288.24999999999994,290.19999999999993,9071281.0,databento
2022-07-19,289.55999999999995,300.0,289.55999999999995,299.41999999999996,10734622.0,databento
2022-07-20,298.5899999999999,304.24000000000007,297.4,302.24999999999994,11495628.0,databento
2022-07-21,302.43,307.64,300.7799999999999,305.0,11056037.0,databento
2022-07-22,305.23,308.55,300.12,301.36999999999995,9710891.0,databento
2022-07-25,301.84,303.8299999999999,298.22,298.9,8192399.0,databento
2022-07-26,299.65,299.73999999999995,293.42999999999995,298.58,9686029.0,databento
2022-07-27,299.0,308.5299999999999,298.13000000000005,305.69999999999993,14377163.0,databento
2022-07-28,304.86,314.88,302.75000000000006,313.57,10077430.0,databento
2022-07-29,313.79999999999995,316.38999999999993,309.94000000000005,315.18,10411559.0,databento
2022-08-01,315.1000000000001,318.8,312.53,315.14,8674985.0,databento
2022-08-02,313.19,318.54,311.7,313.87999999999994,9351799.0,databento
2022-08-03,314.00000000000006,323.72,313.67,321.94000000000005,11730817.0,databento
2022-08-04,322.53,324.9100000000001,320.7699999999999,324.42,8585004.0,databento
2022-08-05,324.87,325.04999999999995,318.38999999999993,321.32,10380306.0,databento
2022-08-08,323.35,326.465,319.21999999999997,321.67,9011459.0,databento
2022-08-09,321.03999999999996,321.24999999999994,315.42,317.50999999999993,8136618.0,databento
2022-08-10,317.0400000000001,326.23,316.8999999999999,326.00999999999993,10824402.0,databento
2022-08-11,327.14,330.36,323.36000000000007,324.56,9905622.0,databento
2022-08-12,325.87999999999994,330.7699999999999,324.7900000000001,330.7699999999999,7819014.0,databento
2022-08-15,328.81,333.56000000000006,328.51,332.98999999999995,5783273.0,databento
2022-08-16,332.38,334.42,329.17,332.36,6735795.0,databento
2022-08-17,330.92999999999995,331.43,326.35999999999996,327.44999999999993,9322791.0,databento
2022-08-18,327.46,330.49,326.8,329.29999999999995,6946295.0,databento
2022-08-19,327.2699999999999,327.52,321.5199999999999,321.5199999999999,8634286.0,databento
2022-08-22,319.74000000000007,321.59999999999997,313.5299999999999,315.42999999999995,8790515.0,databento
2022-08-23,314.93000000000006,317.0,313.33,313.9599999999999,6865585.0,databento
2022-08-24,313.12,316.86999999999995,313.01,314.99999999999994,6350953.0,databento
2022-08-25,318.36,320.68999999999994,315.76,320.2,6261997.0,databento
2022-08-26,319.21,322.04,305.98,306.09999999999997,13090041.0,databento
2022-08-29,304.61,307.21,303.28,305.31,9208525.0,databento
2022-08-30,307.00000000000006,308.39,298.44,301.25000000000006,9302875.0,databento
2022-08-31,302.0899999999999,304.8999999999999,296.15,296.79,9206342.0,databento
2022-09-01,296.31000000000006,300.2,292.94999999999993,299.77,10901052.0,databento
2022-09-02,299.22,303.74999999999994,293.53,295.43999999999994,11926847.0,databento
2022-09-06,297.35,298.23999999999995,290.86999999999995,292.7,10287203.0,databento
2022-09-07,293.47,299.99000000000007,292.03,298.88,8882400.0,databento
2022-09-08,298.49,301.87,295.4599999999999,301.2300000000001,8929297.0,databento
2022-09-09,302.8399999999999,307.6,302.55,307.00999999999993,10119985.0,databento
2022-09-12,308.5,311.51,307.58,311.25999999999993,8277247.0,databento
2022-09-13,312.16999999999996,313.94,292.78999999999996,294.09999999999997,15441140.0,databento
2022-09-14,294.6700000000001,297.25,292.73,296.87000000000006,10807627.0,databento
2022-09-15,296.78,296.9800000000001,288.37999999999994,288.83,13558829.0,databento
2022-09-16,288.37000000000006,290.6499999999999,285.62999999999994,290.6499999999999,13647035.0,databento
2022-09-19,286.31999999999994,292.3,285.5,292.3,8414564.0,databento
2022-09-20,290.70000000000005,291.07,286.37999999999994,288.69,9089565.0,databento
2022-09-21,288.6,293.95,281.15,281.23,18009287.0,databento
2022-09-22,283.66,285.74,278.82,280.67,12408804.0,databento
2022-09-23,278.99,279.31000000000006,272.02,275.7099999999999,14826823.0,databento
2022-09-26,275.24,279.49,273.25,274.84,12444454.0,databento
2022-09-27,278.19000000000005,280.2200000000001,272.12000000000006,274.88,14770581.0,databento
2022-09-28,272.74999999999994,281.25,269.95,279.3999999999999,14480227.0,databento
2022-09-29,275.92999999999995,277.83,268.84,272.94,17914889.0,databento
2022-09-30,274.66,275.17,267.1000000000001,267.6600000000001,14909681.0,databento
2022-10-03,266.26,275.16,265.2,274.85999999999996,11950844.0,databento
2022-10-04,278.48,282.84999999999997,277.82000000000005,281.58,13544707.0,databento
2022-10-05,280.35,283.80999999999995,275.49999999999994,283.53,11906659.0,databento
2022-10-06,282.0,284.1700000000001,278.24999999999994,278.75000000000006,10325456.0,databento
2022-10-07,278.51,279.98999999999995,267.74,268.65,13796883.0,databento
2022-10-10,267.74999999999994,269.9100000000001,263.64,266.98,12283780.0,databento
2022-10-11,264.4200000000001,267.63,261.03,263.3399999999999,13484753.0,databento
2022-10-12,264.3500000000001,266.02,261.94999999999993,263.4700000000001,10338131.0,databento
2022-10-13,262.87,270.17,254.25999999999996,268.35,24165423.0,databento
2022-10-14,269.4,272.87999999999994,258.88,260.0799999999999,16001785.0,databento
2022-10-17,263.94,272.01,262.95,271.8399999999999,12614933.0,databento
2022-10-18,274.73,277.2099999999999,268.76000000000005,275.11000000000007,13745064.0,databento
2022-10-19,272.71,273.8500000000001,268.06999999999994,268.99000000000007,9490952.0,databento
2022-10-20,267.98,274.84,266.8399999999999,267.42,10590809.0,databento
2022-10-21,267.31000000000006,276.56000000000006,265.43,276.5,16348467.0,databento
2022-10-24,275.0,279.3999999999999,271.9800000000001,278.40999999999997,12741599.0,databento
2022-10-25,278.96,284.71,277.6,278.29,12045909.0,databento
2022-10-26,279.89,283.975,277.0,278.99999999999994,13393550.0,databento
2022-10-27,277.74,278.2799999999999,265.22,270.27,12968675.0,databento
2022-10-28,269.07,282.17,268.65999999999997,281.95,13316979.0,databento
2022-10-31,280.68,280.68,276.00000000000006,278.39,10535450.0,databento
2022-11-01,279.9,282.07000000000005,274.06,275.09,9224141.0,databento
2022-11-02,275.62000000000006,278.19999999999993,264.7900000000001,265.2,17262528.0,databento
2022-11-03,265.84,266.2799999999999,259.78,260.15,13368436.0,databento
2022-11-04,261.21,266.59999999999997,258.54,264.32000000000005,18046406.0,databento
2022-11-07,265.55,268.14,263.56,267.79999999999995,9797325.0,databento
2022-11-08,267.42999999999995,272.8500000000001,265.5299999999999,270.36,12159327.0,databento
2022-11-09,270.04,270.04,263.03,263.55,11502352.0,databento
2022-11-10,264.13,284.12000000000006,263.0,283.93000000000006,21443829.0,databento
2022-11-11,285.91,288.64,281.2,287.92999999999995,12499851.0,databento
2022-11-14,286.87000000000006,289.22,284.44,286.0299999999999,10140537.0,databento
2022-11-15,288.05,294.55,285.9700000000001,289.19,13020744.0,databento
2022-11-16,289.9,290.56000000000006,284.6,286.31000000000006,9005966.0,databento
2022-11-17,286.37999999999994,286.3999999999999,280.36000000000007,285.0,8940946.0,databento
2022-11-18,285.16,288.0,282.33,284.55999999999995,7503514.0,databento
2022-11-21,283.37999999999994,284.58,281.0400000000001,282.0400000000001,6475606.0,databento
2022-11-22,281.21,286.10999999999996,280.4800000000001,285.62999999999994,6116059.0,databento
2022-11-23,285.89000000000004,289.46,285.69,289.30000000000007,6645155.0,databento
2022-11-25,289.2099999999999,289.46,286.42,286.88,2799248.0,databento
2022-11-28,284.92,286.96,281.77,282.84999999999997,6280300.0,databento
2022-11-29,284.6600000000001,284.79999999999995,279.1700000000001,280.0,6385817.0,databento
2022-11-30,281.65,294.20000000000005,279.97,294.0,13716247.0,databento
2022-12-01,293.0,295.75000000000006,290.88,293.24,8271505.0,databento
2022-12-02,293.42999999999995,293.93999999999994,285.99999999999994,291.94,9893054.0,databento
2022-12-05,292.03999999999996,292.26,286.15,288.02,6803353.0,databento
2022-12-06,288.28,288.58,280.26,282.1499999999999,9180658.0,databento
2022-12-07,281.85999999999996,282.57,278.38000000000005,280.46999999999997,7069174.0,databento
2022-12-08,281.37,284.835,279.79999999999995,283.71,6720197.0,databento
2022-12-09,284.98,286.29999999999995,280.86999999999995,281.7799999999999,7983380.0,databento
2022-12-12,282.06,285.66,281.17,285.49,6894347.0,databento
2022-12-13,285.82,300.8,285.64,288.71,15867048.0,databento
2022-12-14,289.0,291.41,283.19000000000005,286.93999999999994,12442161.0,databento
2022-12-15,283.4200000000001,283.58,275.65999999999997,276.80999999999995,12049414.0,databento
2022-12-16,273.91,277.78,272.61000000000007,274.1600000000001,9057486.0,databento
2022-12-19,274.84,275.20000000000005,268.48499999999996,270.4700000000001,6950955.0,databento
2022-12-20,269.32000000000005,271.32,266.94999999999993,270.72,6589174.0,databento
2022-12-21,271.15,274.7799999999999,269.75,273.91,6729682.0,databento
2022-12-22,274.26,274.33,262.46,266.67999999999995,11080689.0,databento
2022-12-23,266.72,269.0,263.53,267.25,7389503.0,databento
2022-12-27,269.24,269.25,263.03,263.38,6848533.0,databento
2022-12-28,263.81999999999994,265.44999999999993,259.72999999999996,260.55999999999995,7989316.0,databento
2022-12-29,261.46999999999997,267.3999999999999,261.4100000000001,266.29,7303391.0,databento
2022-12-30,264.56000000000006,266.99,262.29,266.83,7754800.0,databento
2023-01-03,269.01,270.17,262.14,264.6,7875373.0,databento
2023-01-04,266.4,267.45000000000005,262.53,265.78,9456666.0,databento
2023-01-05,265.06,267.01,261.26,262.09,7672187.0,databento
2023-01-06,261.86999999999995,269.93000000000006,260.01,268.65,11848150.0,databento
2023-01-09,269.09,275.29,269.09,270.17,8702173.0,databento
2023-01-10,270.11000000000007,272.98999999999995,268.32,272.89,6816068.0,databento
2023-01-11,272.51,277.7,272.39,277.5400000000001,8179989.0,databento
2023-01-12,277.62,280.11999999999995,273.19999999999993,278.82,12315629.0,databento
2023-01-13,278.96,281.21,275.7099999999999,280.6000000000001,9522248.0,databento
2023-01-17,279.86,282.84999999999997,279.34,280.62999999999994,6673943.0,databento
2023-01-18,281.61999999999995,284.68999999999994,277.55999999999995,277.91,9098162.0,databento
2023-01-19,277.07000000000005,277.6,273.89,275.7,8022666.0,databento
2023-01-20,276.00000000000006,283.02,275.29,282.84,8630854.0,databento
2023-01-23,282.55,290.21,282.30000000000007,288.75,8798068.0,databento
2023-01-24,288.82,290.9,286.37,286.8,8316536.0,databento
2023-01-25,286.6,288.69,281.18000000000006,288.47,9735024.0,databento
2023-01-26,289.2099999999999,293.55000000000007,288.52,291.77,9102320.0,databento
2023-01-27,291.7,298.26,291.34,296.03,10199613.0,databento
2023-01-30,293.12,294.36999999999995,289.89,290.91999999999996,7642440.0,databento
2023-01-31,289.09,294.72,287.84,293.50000000000006,7860694.0,databento
2023-02-01,294.0,304.49,292.3,304.17999999999995,14290363.0,databento
2023-02-02,305.61,314.00000000000006,304.49,307.05,15342939.0,databento
2023-02-03,305.9,312.39,304.43000000000006,305.96,15942180.0,databento
2023-02-06,304.14,305.9,302.2200000000001,304.02,7824652.0,databento
2023-02-07,303.74,311.03,302.32,309.37,13481660.0,databento
2023-02-08,309.48,310.18,303.68000000000006,304.85,10272312.0,databento
2023-02-09,307.26,308.98999999999995,300.18999999999994,301.84999999999997,10149753.0,databento
2023-02-10,301.51,301.71,297.26,299.73999999999995,10019403.0,databento
2023-02-13,300.0,305.1,299.92999999999995,304.49,7564624.0,databento
2023-02-14,304.27,307.99999999999994,300.9100000000001,306.12999999999994,13891962.0,databento
2023-02-15,305.4,309.77,304.19999999999993,309.59,8820103.0,databento
2023-02-16,309.69,309.98,301.86000000000007,301.9800000000001,12055083.0,databento
2023-02-17,300.7200000000001,301.92,298.10999999999996,301.44999999999993,10450588.0,databento
2023-02-21,297.99999999999994,299.27,293.89,294.46,9476011.0,databento
2023-02-22,294.03,296.34,292.56499999999994,295.8,9038862.0,databento
2023-02-23,296.87000000000006,298.15,292.56,296.07000000000005,11591343.0,databento
2023-02-24,295.16999999999996,295.40999999999997,290.05499999999995,291.76,13665955.0,databento
2023-02-27,293.31,296.49000000000007,293.13999999999993,294.20000000000005,8823548.0,databento
2023-02-28,293.37999999999994,296.12000000000006,292.3,292.49,9347669.0,databento
2023-03-01,294.56,295.43999999999994,290.19999999999993,291.33,12891068.0,databento
2023-03-02,289.23999999999995,294.43,288.18000000000006,293.0,9663301.0,databento
2023-03-03,293.69000000000005,300.1,293.69000000000005,300.1,10990677.0,databento
2023-03-06,300.4,303.98999999999995,299.35,300.2,9186031.0,databento
2023-03-07,300.9,301.44999999999993,295.7200000000001,296.52,13779544.0,databento
2023-03-08,296.7699999999999,298.42,294.88,297.75000000000006,9812874.0,databento
2023-03-09,296.7,300.98,291.31999999999994,291.98999999999995,14232207.0,databento
2023-03-10,291.66999999999996,295.05000000000007,287.46,289.23999999999995,22224901.0,databento
2023-03-13,293.26,294.4700000000001,284.76,291.14,24641451.0,databento
2023-03-14,291.77,297.93,288.96,297.3,18271390.0,databento
2023-03-15,297.59999999999997,299.81999999999994,291.93,299.22999999999996,18108245.0,databento
2023-03-16,300.31,307.2,297.19999999999993,306.97999999999996,18127181.0,databento
2023-03-17,307.45,309.1499999999999,303.37,305.61999999999995,14510936.0,databento
2023-03-20,303.81,306.30000000000007,301.9800000000001,305.89,11499466.0,databento
2023-03-21,306.7699999999999,310.80000000000007,306.08,310.13000000000005,9681791.0,databento
2023-03-22,309.2799999999999,315.23999999999995,305.52,306.49,15249465.0,databento
2023-03-23,308.82000000000005,314.15,307.00999999999993,310.18,14853629.0,databento
2023-03-24,311.25000000000006,311.65,306.95000000000005,311.57000000000005,12630286.0,databento
2023-03-27,310.37999999999994,312.69999999999993,307.88999999999993,309.2900000000001,9560042.0,databento
2023-03-28,307.80999999999995,308.7,304.78,307.75000000000006,8214314.0,databento
2023-03-29,309.7300000000001,313.3500000000001,309.43000000000006,312.18999999999994,10663252.0,databento
2023-03-30,313.51,316.32,313.38,316.0,8783772.0,databento
2023-03-31,315.9599999999999,321.43999999999994,315.0799999999999,321.3,11605249.0,databento
2023-04-03,319.52,320.4200000000001,317.42,319.67999999999995,8632402.0,databento
2023-04-04,319.53999999999996,322.1700000000001,317.8299999999999,319.58,8169421.0,databento
2023-04-05,318.73,319.63,314.07,315.33,12761460.0,databento
2023-04-06,315.5299999999999,318.55000000000007,312.82,317.80999999999995,9696384.0,databento
2023-04-10,317.25,318.19,313.25000000000006,318.14,8493518.0,databento
2023-04-11,318.01000000000005,319.04,315.315,316.11,7633625.0,databento
2023-04-12,315.50000000000006,319.8399999999999,312.29,312.37000000000006,11631932.0,databento
2023-04-13,313.87999999999994,319.6499999999999,313.15,318.75,11556642.0,databento
2023-04-14,319.21,320.35,315.6,318.92,10767831.0,databento
2023-04-17,319.21999999999997,319.35999999999996,316.06999999999994,318.49999999999994,7819248.0,databento
2023-04-18,318.92999999999995,321.46,317.64000000000004,318.54,8885629.0,databento
2023-04-19,317.45000000000005,319.7799999999999,315.95,317.41,7872331.0,databento
2023-04-20,316.11999999999995,319.27,314.96999999999997,316.49,10161558.0,databento
2023-04-21,315.9599999999999,317.4,314.1,316.41999999999996,9795114.0,databento
2023-04-24,315.3999999999999,317.73500000000007,313.73999999999995,315.71999999999997,7850339.0,databento
2023-04-25,314.37000000000006,314.99999999999994,309.80000000000007,313.63999999999993,11131483.0,databento
2023-04-26,313.81999999999994,314.93000000000006,311.3399999999999,313.59,10348352.0,databento
2023-04-27,314.8399999999999,322.79999999999995,314.11,319.85,12545681.0,databento
2023-04-28,319.6700000000001,322.9,318.92,322.8299999999999,10840079.0,databento
2023-05-01,322.90999999999997,323.62000000000006,321.1,321.78,7455556.0,databento
2023-05-02,322.33,322.7200000000001,317.61,319.29999999999995,10040038.0,databento
2023-05-03,319.6,322.47,316.0,317.2900000000001,12734773.0,databento
2023-05-04,318.6700000000001,318.68999999999994,315.12000000000006,317.37999999999994,10777064.0,databento
2023-05-05,317.44,323.76000000000005,317.18999999999994,322.66999999999996,11084716.0,databento
2023-05-08,322.8299999999999,324.0400000000001,321.315,323.3,6975356.0,databento
2023-05-09,322.93999999999994,323.06999999999994,321.30999999999995,321.81,6369820.0,databento
2023-05-10,320.55999999999995,326.00999999999993,320.22,325.44999999999993,12211672.0,databento
2023-05-11,326.03,326.74,324.12,326.4200000000001,8415679.0,databento
2023-05-12,326.72999999999996,327.33,322.93999999999994,324.29999999999995,7674474.0,databento
2023-05-15,326.06,327.03,323.96,326.56999999999994,6845490.0,databento
2023-05-16,327.26000000000005,328.8999999999999,325.83,327.55999999999995,7409416.0,databento
2023-05-17,327.33,331.705,327.04999999999995,331.1,9500124.0,databento
2023-05-18,331.5,338.88000000000005,331.00999999999993,338.2200000000001,13722941.0,databento
2023-05-19,337.78,338.26,335.43000000000006,336.5899999999999,9934393.0,databento
2023-05-22,336.8500000000001,338.78,335.7300000000001,338.58,7552378.0,databento
2023-05-23,337.7699999999999,337.92,333.00000000000006,333.9,8594910.0,databento
2023-05-24,332.84999999999997,337.49999999999994,329.57,336.37000000000006,11075306.0,databento
2023-05-25,336.61,341.01,336.45,339.4200000000001,13714215.0,databento
2023-05-26,339.28999999999996,349.49999999999994,339.28999999999996,349.36999999999995,11557434.0,databento
2023-05-30,350.6700000000001,354.17999999999995,348.53,350.56000000000006,13673946.0,databento
2023-05-31,349.12,350.4,346.53,347.88,10787226.0,databento
2023-06-01,347.7099999999999,353.36000000000007,346.65,352.3,9624251.0,databento
2023-06-02,353.01,355.82,352.02,354.81999999999994,10024876.0,databento
2023-06-05,354.12,357.49500000000006,353.50000000000006,354.33,9947373.0,databento
2023-06-06,355.08000000000004,355.80999999999995,352.93,355.1600000000001,7860412.0,databento
2023-06-07,354.12,357.11999999999995,348.18999999999994,348.76,12191529.0,databento
2023-06-08,348.02,353.7200000000001,347.9200000000001,353.09,9446056.0,databento
2023-06-09,352.57000000000005,357.66,352.5199999999999,354.25000000000006,10507260.0,databento
2023-06-12,356.2,361.4,355.2,361.0,8189648.0,databento
2023-06-13,362.37,364.6,360.0,363.48,11332356.0,databento
2023-06-14,364.38999999999993,366.86,360.4200000000001,366.19,12390369.0,databento
2023-06-15,365.77,371.77,362.8500000000001,369.83,13728870.0,databento
2023-06-16,369.96,372.82,367.4800000000001,368.35,11725930.0,databento
2023-06-20,366.83,368.31999999999994,363.89,367.1000000000001,9052965.0,databento
2023-06-21,366.44,367.17,360.96,361.87999999999994,9338568.0,databento
2023-06-22,361.09,366.83,360.22,366.46,9016590.0,databento
2023-06-23,364.51,364.88,360.825,362.0,8774397.0,databento
2023-06-26,362.2799999999999,364.8399999999999,357.59999999999997,358.54,10153424.0,databento
2023-06-27,358.93,364.57,358.50999999999993,362.6600000000001,9620310.0,databento
2023-06-28,362.80999999999995,366.52,361.7900000000001,365.37999999999994,9658114.0,databento
2023-06-29,364.64,366.25,362.13999999999993,364.2200000000001,8784794.0,databento
2023-06-30,364.94,370.49,364.9100000000001,369.30999999999995,11230085.0,databento
2023-07-03,370.2900000000001,370.9899999999999,368.9800000000001,369.99999999999994,3849467.0,databento
2023-07-05,368.8999999999999,372.01,367.79,370.2,6599631.0,databento
2023-07-06,368.55000000000007,369.15,364.5199999999999,367.26,8848334.0,databento
2023-07-07,366.59,370.4700000000001,366.01,366.38,8446503.0,databento
2023-07-10,364.6799999999999,367.1000000000001,363.4100000000001,366.48,8297249.0,databento
2023-07-11,366.7399999999999,368.68999999999994,364.62,368.31999999999994,7620952.0,databento
2023-07-12,369.03,374.19,368.85,373.33,11256139.0,databento
2023-07-13,374.77,379.99000000000007,374.69999999999993,379.26,9454408.0,databento
2023-07-14,379.5,382.86,378.1799999999999,379.13,9358709.0,databento
2023-07-17,379.50999999999993,383.495,378.6000000000001,381.98,7328645.0,databento
2023-07-18,382.4100000000001,387.12999999999994,380.01,385.47,10155164.0,databento
2023-07-19,385.81,387.9800000000001,382.68,383.01,9086684.0,databento
2023-07-20,382.97,384.09,375.73,376.49000000000007,13186891.0,databento
2023-07-21,377.74999999999994,379.92,375.2,375.7,11589658.0,databento
2023-07-24,376.8,377.58,374.34,376.36,6995512.0,databento
2023-07-25,376.94,380.55999999999995,376.78,378.0400000000001,6511675.0,databento
2023-07-26,378.75,379.86,375.18000000000006,378.5299999999999,9345458.0,databento
2023-07-27,381.37,384.71,375.31,377.12,12713077.0,databento
2023-07-28,379.13,384.52,378.7,383.7399999999999,9849290.0,databento
2023-07-31,382.92,384.87499999999994,382.35,383.78,7087787.0,databento
2023-08-01,383.06,383.56,379.6799999999999,381.27,6801258.0,databento
2023-08-02,378.19,380.3999999999999,373.12999999999994,374.97,12739534.0,databento
2023-08-03,371.77,376.62000000000006,371.75,374.99999999999994,9554842.0,databento
2023-08-04,376.1700000000001,378.0950000000001,371.53,371.85,10840887.0,databento
2023-08-07,374.61,375.4200000000001,371.51,375.2099999999999,7555268.0,databento
2023-08-08,374.13999999999993,374.23,368.81,372.00000000000006,8958309.0,databento
2023-08-09,373.28,373.86,367.13999999999993,368.86,9858110.0,databento
2023-08-10,370.44,374.36,367.04,369.56,12276152.0,databento
2023-08-11,369.0,369.04,364.69499999999994,366.23,9065217.0,databento
2023-08-14,368.55999999999995,371.4100000000001,364.7,371.13,7866848.0,databento
2023-08-15,368.85,370.15,365.74,366.85,8362697.0,databento
2023-08-16,367.4,367.93999999999994,362.07,362.22,8435518.0,databento
2023-08-17,362.94000000000005,364.5199999999999,357.62999999999994,358.18999999999994,11017890.0,databento
2023-08-18,357.94000000000005,359.4100000000001,354.7099999999999,358.54,11027875.0,databento
2023-08-21,359.7300000000001,364.59,359.1499999999999,363.12,10225415.0,databento
2023-08-22,365.39,367.15,362.69,363.44,7552822.0,databento
2023-08-23,365.65,373.3,363.38,372.4599999999999,9869209.0,databento
2023-08-24,373.7900000000001,374.58,360.0,360.9100000000001,13763899.0,databento
2023-08-25,360.7200000000001,365.74,358.5899999999999,363.72,15710343.0,databento
2023-08-28,364.5499999999999,367.69999999999993,364.25000000000006,367.02,8784897.0,databento
2023-08-29,366.78,375.4200000000001,365.93999999999994,375.2699999999999,11967934.0,databento
2023-08-30,374.80000000000007,377.44,373.55000000000007,376.98,8252540.0,databento
2023-08-31,377.41,379.71,376.21,378.0,7686989.0,databento
2023-09-01,378.61,381.07,376.08,377.45,8016278.0,databento
2023-09-05,376.2799999999999,379.2999999999999,375.3,377.72,6399353.0,databento
2023-09-06,376.5400000000001,377.61000000000007,372.69999999999993,374.61,8934094.0,databento
2023-09-07,373.61,373.61,369.14,372.13999999999993,10714466.0,databento
2023-09-08,373.2,374.8450000000001,370.82,372.91,7516867.0,databento
2023-09-11,374.83,377.49,373.66,376.6499999999999,8388718.0,databento
2023-09-12,376.1499999999999,376.6700000000001,372.5,373.01,7634439.0,databento
2023-09-13,372.93,375.8299999999999,370.68,374.8500000000001,8857770.0,databento
2023-09-14,375.50999999999993,378.265,373.8999999999999,377.44,8700344.0,databento
2023-09-15,377.4700000000001,377.57,369.86000000000007,370.36,13067472.0,databento
2023-09-18,370.74999999999994,371.79,368.76,370.93000000000006,6148354.0,databento
2023-09-19,371.0199999999999,371.4,366.81,370.0499999999999,7323366.0,databento
2023-09-20,369.99000000000007,371.32,363.55000000000007,363.63,10369236.0,databento
2023-09-21,363.48,363.63999999999993,357.32,357.5199999999999,15545673.0,databento
2023-09-22,358.89,361.7999999999999,357.595,358.15,10537898.0,databento
2023-09-25,359.35999999999996,360.13999999999993,355.93000000000006,359.54999999999995,8132198.0,databento
2023-09-26,357.61000000000007,358.61000000000007,353.22,354.91,11137964.0,databento
2023-09-27,356.33,356.9800000000001,351.36999999999995,355.9,11609219.0,databento
2023-09-28,355.16999999999996,360.17,353.23999999999995,358.31000000000006,11868668.0,databento
2023-09-29,360.18000000000006,362.94000000000005,357.02,358.6,12522401.0,databento
2023-10-02,361.29,362.6799999999999,357.4,361.4,10376330.0,databento
2023-10-03,361.2300000000001,362.34,353.28,354.8,13536157.0,databento
2023-10-04,353.22,360.61000000000007,352.96,359.6000000000001,11887671.0,databento
2023-10-05,359.09,360.88,355.13999999999993,358.33,9385544.0,databento
2023-10-06,359.25999999999993,365.87,353.7799999999999,365.67,17317787.0,databento
2023-10-09,362.05,367.11000000000007,360.7799999999999,366.81999999999994,10525291.0,databento
2023-10-10,367.21,371.2799999999999,366.25,368.9700000000001,9672768.0,databento
2023-10-11,369.19999999999993,372.1000000000001,368.2,372.1000000000001,8309349.0,databento
2023-10-12,372.39,373.55000000000007,367.51,370.2099999999999,11009765.0,databento
2023-10-13,370.16,371.1499999999999,363.87,364.3299999999999,11407266.0,databento
2023-10-16,365.2,370.49,364.42,369.42,9403722.0,databento
2023-10-17,369.4800000000001,369.92,363.6600000000001,367.5,10581116.0,databento
2023-10-18,367.36,367.9,362.02,363.3999999999999,11475756.0,databento
2023-10-19,362.32,366.0199999999999,358.41,358.91,17529742.0,databento
2023-10-20,358.63999999999993,360.05,353.95,353.96000000000004,13761313.0,databento
2023-10-23,354.17,359.25999999999993,351.12000000000006,357.00000000000006,13185948.0,databento
2023-10-24,357.74,361.5799999999999,355.79,358.36000000000007,10408970.0,databento
2023-10-25,356.7900000000001,357.85,346.78,347.1700000000001,14276889.0,databento
2023-10-26,346.2699999999999,350.07,342.35,346.6,18127165.0,databento
2023-10-27,346.44,348.84,344.0799999999999,345.43,12396428.0,databento
2023-10-30,348.0400000000001,350.5400000000001,346.46,348.69000000000005,10413552.0,databento
2023-10-31,347.78999999999996,351.25,346.63000000000005,350.05999999999995,9545246.0,databento
2023-11-01,350.3500000000001,358.36000000000007,349.09999999999997,358.29999999999995,13199853.0,databento
2023-11-02,359.06999999999994,363.87999999999994,358.84,362.02,12060584.0,databento
2023-11-03,362.24000000000007,369.02,361.87000000000006,368.12,10473415.0,databento
2023-11-06,368.5299999999999,369.78,366.9100000000001,368.62,7236862.0,databento
2023-11-07,368.9800000000001,373.5799999999999,367.92,372.55,9421683.0,databento
2023-11-08,372.24999999999994,373.78,370.61999999999995,372.35,6920989.0,databento
2023-11-09,372.88999999999993,374.80000000000007,369.27,369.47,10053408.0,databento
2023-11-10,369.9100000000001,378.75,368.9599999999999,377.93000000000006,11212701.0,databento
2023-11-13,377.13999999999993,378.27,375.2399999999999,377.39,7859995.0,databento
2023-11-14,378.4100000000001,386.255,377.02,385.9700000000001,13842011.0,databento
2023-11-15,387.29,389.3999999999999,384.22,385.0,9283688.0,databento
2023-11-16,384.93999999999994,386.18499999999995,383.56,385.7099999999999,8966715.0,databento
2023-11-17,386.05000000000007,387.06499999999994,384.2900000000001,385.6000000000001,6619465.0,databento
2023-11-20,385.78,391.41,385.78,391.0299999999999,8564529.0,databento
2023-11-21,390.81999999999994,391.00999999999993,386.5,387.63,9316385.0,databento
2023-11-22,387.87,393.07,387.87,389.9800000000001,8716417.0,databento
2023-11-24,390.0,390.65,388.49999999999994,389.25,2978635.0,databento
2023-11-27,388.85,391.13999999999993,388.29,389.22,7139185.0,databento
2023-11-28,388.4,390.78,387.74000000000007,390.32,6321056.0,databento
2023-11-29,391.1000000000001,394.14,389.4599999999999,390.19999999999993,6951825.0,databento
2023-11-30,390.30999999999995,391.75000000000006,385.81999999999994,388.38,8117016.0,databento
2023-12-01,388.94999999999993,390.7399999999999,386.08,390.64,7876873.0,databento
2023-12-04,389.1000000000001,389.2,382.65,385.75,8934574.0,databento
2023-12-05,384.73,388.49999999999994,383.6799999999999,387.6600000000001,8375858.0,databento
2023-12-06,388.53,390.36999999999995,384.695,385.01,7822896.0,databento
2023-12-07,385.36000000000007,391.26,384.96,390.12999999999994,9911111.0,databento
2023-12-08,389.91,392.62,387.1000000000001,392.29,8654502.0,databento
2023-12-11,391.3299999999999,395.85,390.96,395.7,7918858.0,databento
2023-12-12,396.17,399.57,394.4100000000001,399.50000000000006,6402032.0,databento
2023-12-13,399.55000000000007,404.68999999999994,398.8399999999999,404.63999999999993,8771770.0,databento
2023-12-14,405.64,406.3,400.34,403.4700000000001,10754678.0,databento
2023-12-15,404.44,406.5299999999999,403.39,405.5499999999999,10596722.0,databento
2023-12-18,404.83,407.99,404.1499999999999,406.74999999999994,7535146.0,databento
2023-12-19,407.1799999999999,409.4,407.13,409.3399999999999,5632735.0,databento
2023-12-20,408.3999999999999,410.4599999999999,402.88,404.1499999999999,10294260.0,databento
2023-12-21,405.80000000000007,408.2,404.47,407.5799999999999,9684133.0,databento
2023-12-22,406.65,409.9599999999999,406.48,408.02,7228299.0,databento
2023-12-26,409.5299999999999,411.55999999999995,408.7799999999999,410.96,4063674.0,databento
2023-12-27,411.0799999999999,411.89,410.0899999999999,411.62,5723795.0,databento
2023-12-28,412.5199999999999,413.1000000000001,410.93999999999994,411.48,4423403.0,databento
2023-12-29,411.9299999999999,412.06999999999994,407.5799999999999,409.2099999999999,7636378.0,databento
2024-01-02,409.78,409.81,400.24,402.62999999999994,11337591.0,databento
2024-01-03,401.48,401.7799999999999,397.8999999999999,398.51,9764920.0,databento
2024-01-04,398.80000000000007,399.5899999999999,396.05999999999995,396.55,7384439.0,databento
2024-01-05,395.49999999999994,399.50999999999993,393.6700000000001,396.91,10495495.0,databento
2024-01-08,395.9299999999999,405.24000000000007,394.81,404.6000000000001,9379395.0,databento
2024-01-09,403.80000000000007,406.68999999999994,401.65,405.94000000000005,8253299.0,databento
2024-01-10,406.4299999999999,409.51,405.17,409.0,6102024.0,databento
2024-01-11,411.1,411.44999999999993,404.25,409.08,10792904.0,databento
2024-01-12,409.30000000000007,411.25,406.91,409.06999999999994,7536180.0,databento
2024-01-16,406.63999999999993,411.12,406.15,409.7699999999999,9370511.0,databento
2024-01-17,406.46,408.16,402.9200000000001,406.87999999999994,11188685.0,databento
2024-01-18,407.99,414.19,407.96,414.1,11304439.0,databento
2024-01-19,415.56999999999994,421.9200000000001,414.625,421.64,12270074.0,databento
2024-01-22,423.5799999999999,424.7200000000001,421.12000000000006,421.87999999999994,8657571.0,databento
2024-01-23,421.25999999999993,424.6,420.56999999999994,424.6,6288432.0,databento
2024-01-24,426.3500000000001,429.8500000000001,424.51,425.63,9833294.0,databento
2024-01-25,426.19999999999993,429.04,423.71,424.0,9022131.0,databento
2024-01-26,422.69999999999993,426.19999999999993,422.2999999999999,423.2399999999999,7333130.0,databento
2024-01-29,425.05999999999995,428.71,423.62,428.49000000000007,7332977.0,databento
2024-01-30,428.49999999999994,428.57,420.24999999999994,421.94999999999993,8355377.0,databento
2024-01-31,421.9700000000001,422.86,416.55999999999995,417.99000000000007,16196714.0,databento
2024-02-01,419.8399999999999,427.00999999999993,417.82,425.74000000000007,11074954.0,databento
2024-02-02,426.56,430.2399999999999,422.79,428.52,13739202.0,databento
2024-02-05,428.91,429.6,425.01,428.38999999999993,8533370.0,databento
2024-02-06,429.64,430.2099999999999,425.22,427.39,7723968.0,databento
2024-02-07,427.5,432.8299999999999,427.41,432.02,8113058.0,databento
2024-02-08,432.2300000000001,433.56,431.08,432.88000000000005,5040377.0,databento
2024-02-09,434.18,437.845,433.1499999999999,436.94999999999993,7104725.0,databento
2024-02-12,437.35,439.13999999999993,434.05000000000007,434.69999999999993,7359290.0,databento
2024-02-13,433.66,434.00000000000006,425.34,428.81999999999994,14627596.0,databento
2024-02-14,430.38,433.64,428.87000000000006,433.44999999999993,9787596.0,databento
2024-02-15,434.71,435.84,431.3299999999999,435.44999999999993,8371841.0,databento
2024-02-16,436.88999999999993,437.33,429.75000000000006,429.94000000000005,10994650.0,databento
2024-02-20,429.02,430.0400000000001,423.50999999999993,426.32,12689475.0,databento
2024-02-21,425.15,430.16,421.64,429.64,9944527.0,databento
2024-02-22,434.24000000000007,439.12,433.6000000000001,438.01,12927826.0,databento
2024-02-23,437.65,440.59,435.7900000000001,436.0899999999999,8617862.0,databento
2024-02-26,436.2900000000001,438.6,435.78,436.26,6855154.0,databento
2024-02-27,436.5,438.19999999999993,435.025,437.35,7138930.0,databento
2024-02-28,435.95,436.6700000000001,433.56,434.13999999999993,7373781.0,databento
2024-02-29,434.21,440.095,433.81999999999994,438.86000000000007,9555246.0,databento
2024-03-01,440.49999999999994,446.56999999999994,438.36,445.2200000000001,8899295.0,databento
2024-03-04,446.39,446.75000000000006,442.9800000000001,443.05,7938744.0,databento
2024-03-05,441.37999999999994,442.14,433.66,436.80000000000007,13478918.0,databento
2024-03-06,438.32,441.98,436.88999999999993,438.2799999999999,11861858.0,databento
2024-03-07,437.44999999999993,446.7200000000001,437.37999999999994,444.4299999999999,11288724.0,databento
2024-03-08,445.86000000000007,448.64,438.19999999999993,438.30999999999995,18384577.0,databento
2024-03-11,438.72,439.36,435.44999999999993,439.28,9902667.0,databento
2024-03-12,439.91,444.02,436.46,443.81000000000006,12704990.0,databento
2024-03-13,444.31999999999994,444.45,439.12,441.24000000000007,8736509.0,databento
2024-03-14,442.18999999999994,442.74999999999994,436.38999999999993,438.1499999999999,12166872.0,databento
2024-03-15,437.69999999999993,440.35,432.74999999999994,434.1000000000001,14366328.0,databento
2024-03-18,435.50999999999993,441.04,435.50999999999993,436.53,9859124.0,databento
2024-03-19,436.4,438.98,433.33,438.5199999999999,9982019.0,databento
2024-03-20,438.5199999999999,446.24000000000007,437.76,446.05000000000007,9599821.0,databento
2024-03-21,448.03,449.34,445.66,446.56999999999994,8627834.0,databento
2024-03-22,446.07,447.49000000000007,444.2999999999999,445.65,6509301.0,databento
2024-03-25,445.64,446.26,442.54,445.49999999999994,6653464.0,databento
2024-03-26,446.23,447.44,443.0899999999999,444.28,7757514.0,databento
2024-03-27,444.4700000000001,446.54,441.93,444.2300000000001,9235525.0,databento
2024-03-28,445.12999999999994,445.64,443.62999999999994,444.0400000000001,8285003.0,databento
2024-04-01,447.1,447.5299999999999,443.0199999999999,444.37000000000006,8684475.0,databento
2024-04-02,444.4299999999999,445.38,438.04,440.98,10240253.0,databento
2024-04-03,439.72,444.74999999999994,438.78,443.81999999999994,9003744.0,databento
2024-04-04,443.94,446.95,434.80000000000007,435.7,14449648.0,databento
2024-04-05,436.7,443.17,434.5,440.68999999999994,13365282.0,databento
2024-04-08,441.23,442.50000000000006,439.2,440.75,6854159.0,databento
2024-04-09,440.19,443.30000000000007,437.44,442.4100000000001,9341836.0,databento
2024-04-10,442.9899999999999,444.67,434.96,437.49,15821241.0,databento
2024-04-11,438.64,446.3299999999999,436.06999999999994,445.62999999999994,10199843.0,databento
2024-04-12,445.27,445.49999999999994,436.88,437.1000000000001,13439073.0,databento
2024-04-15,440.7300000000001,442.39,430.2099999999999,430.86,16231135.0,databento
2024-04-16,431.0,433.76,429.08,432.4800000000001,10888232.0,databento
2024-04-17,431.19999999999993,433.33,424.9100000000001,426.59,12732966.0,databento
2024-04-18,428.28,428.49999999999994,421.7699999999999,422.02,10990259.0,databento
2024-04-19,420.69,423.63,413.07,413.8500000000001,17992754.0,databento
2024-04-22,416.62,421.1799999999999,413.95,418.12,10132143.0,databento
2024-04-23,419.29,427.73,419.1600000000001,427.4299999999999,10750948.0,databento
2024-04-24,428.06999999999994,429.73,420.5,421.66,11852941.0,databento
2024-04-25,421.62999999999994,430.7,418.14,429.08,14987332.0,databento
2024-04-26,429.08,432.54,426.9200000000001,431.14,10684628.0,databento
2024-04-29,432.72,433.76,429.98,432.8500000000001,7427685.0,databento
2024-04-30,432.61999999999995,432.77,422.00000000000006,423.18999999999994,10177787.0,databento
2024-05-01,422.34,430.14,420.6600000000001,423.86,14625588.0,databento
2024-05-02,424.9,430.55000000000007,420.63,429.4599999999999,9694579.0,databento
2024-05-03,429.27,436.47,429.19000000000005,436.1600000000001,11527523.0,databento
2024-05-06,435.5299999999999,440.36999999999995,435.5299999999999,439.97,7685758.0,databento
2024-05-07,439.58,441.97,439.28,440.44999999999993,6352171.0,databento
2024-05-08,440.49000000000007,441.4899999999999,437.4200000000001,439.53,6466078.0,databento
2024-05-09,438.94999999999993,441.69,438.42,441.43999999999994,5333025.0,databento
2024-05-10,441.83,444.2999999999999,440.49999999999994,441.2999999999999,5904010.0,databento
2024-05-13,442.9800000000001,444.1000000000001,441.6499999999999,442.81,5456862.0,databento
2024-05-14,443.0,446.465,440.14,446.13,8874215.0,databento
2024-05-15,445.85,453.61999999999995,445.62,453.4599999999999,10764784.0,databento
2024-05-16,453.86,454.68999999999994,451.5899999999999,451.97,8694226.0,databento
2024-05-17,451.99999999999994,452.9200000000001,449.5299999999999,451.55,7632311.0,databento
2024-05-20,452.3999999999999,455.5799999999999,451.7799999999999,454.58,5910193.0,databento
2024-05-21,454.72,456.13000000000005,452.84,456.1000000000001,4711461.0,databento
2024-05-22,455.83,458.00999999999993,453.08,457.62999999999994,5776390.0,databento
2024-05-23,459.3399999999999,461.52,451.87,453.74,8913151.0,databento
2024-05-24,453.9100000000001,459.2300000000001,453.9100000000001,457.94,6184577.0,databento
2024-05-28,459.09,460.5499999999999,456.69999999999993,459.3,5666880.0,databento
2024-05-29,457.62999999999994,458.24999999999994,454.0400000000001,454.46,6407898.0,databento
2024-05-30,453.99000000000007,456.0299999999999,450.21,450.46,7312326.0,databento
2024-05-31,449.84,453.37,443.06000000000006,451.64,11773077.0,databento
2024-06-03,452.72,455.5799999999999,447.8999999999999,453.05999999999995,7535502.0,databento
2024-06-04,452.30999999999995,455.56999999999994,449.9,455.21,5659778.0,databento
2024-06-05,455.24000000000007,464.25,455.24000000000007,463.84,8313162.0,databento
2024-06-06,464.0400000000001,464.7399999999999,462.19,463.6,4688408.0,databento
2024-06-07,463.96,465.74,460.56,462.21,5633630.0,databento
2024-06-10,462.59,465.19000000000005,461.50000000000006,464.1,4937992.0,databento
2024-06-11,464.3999999999999,468.61999999999995,462.03,468.31,5218313.0,databento
2024-06-12,468.28,477.00999999999993,468.18999999999994,476.7099999999999,8474718.0,databento
2024-06-13,478.07,478.94999999999993,474.43000000000006,477.28,6074246.0,databento
2024-06-14,477.98,479.55999999999995,474.7,479.24,5246604.0,databento
2024-06-17,480.04,486.86,478.15,485.23,8331256.0,databento
2024-06-18,485.37999999999994,486.87,483.43,485.73,5721840.0,databento
2024-06-20,488.59,488.6499999999999,479.62999999999994,482.22,8124049.0,databento
2024-06-21,481.43999999999994,482.53,478.67,480.49999999999994,7434976.0,databento
2024-06-24,480.49999999999994,480.72,473.55000000000007,474.5199999999999,8322572.0,databento
2024-06-25,473.9200000000001,479.82,473.58,479.35,5571578.0,databento
2024-06-26,481.8,481.94999999999993,477.6,478.29,5073443.0,databento
2024-06-27,479.11999999999995,483.09,478.7799999999999,482.66,4377543.0,databento
2024-06-28,483.19999999999993,487.18999999999994,478.48,479.67,7637342.0,databento
2024-07-01,479.47,482.49,476.25999999999993,481.2399999999999,5347670.0,databento
2024-07-02,480.01,487.04,478.73,486.54,5660754.0,databento
2024-07-03,486.75,491.46,485.96,490.92,4610473.0,databento
2024-07-05,491.86,496.6,490.49999999999994,495.79,6003637.0,databento
2024-07-08,495.8999999999999,499.1,495.4899999999999,499.0799999999999,4972096.0,databento
2024-07-09,499.01,499.9899999999999,496.24,498.18999999999994,4733292.0,databento
2024-07-10,498.6499999999999,503.52,498.3999999999999,502.6499999999999,6469512.0,databento
2024-07-11,502.7799999999999,505.2099999999999,490.73,491.48,13166922.0,databento
2024-07-12,491.4899999999999,499.61,490.0,495.15,9034696.0,databento
2024-07-15,496.87,501.0199999999999,494.1,497.13999999999993,7804104.0,databento
2024-07-16,495.96,498.43,493.1499999999999,495.5,6278937.0,databento
2024-07-17,490.73,491.15,481.1799999999999,483.42,13686582.0,databento
2024-07-18,484.4899999999999,486.04,476.28,480.86,12233337.0,databento
2024-07-19,477.4899999999999,481.69999999999993,473.95,474.99000000000007,9128147.0,databento
2024-07-22,477.98,483.35,477.67,481.33,9171112.0,databento
2024-07-23,479.79,484.43,477.30999999999995,477.3999999999999,5769549.0,databento
2024-07-24,476.28,476.51,462.5199999999999,465.00000000000006,12838826.0,databento
2024-07-25,463.00999999999993,467.94000000000005,455.64,459.0700000000001,13300122.0,databento
2024-07-26,462.2799999999999,465.92,459.7699999999999,462.85,9574265.0,databento
2024-07-29,464.49000000000007,467.9100000000001,461.63,462.0100000000001,6717653.0,databento
2024-07-30,464.51,466.57,452.27,460.41,9557113.0,databento
2024-07-31,464.28,475.53,463.2900000000001,475.26,11822809.0,databento
2024-08-01,474.2799999999999,475.55000000000007,455.45,457.06,13015310.0,databento
2024-08-02,453.26,453.5499999999999,444.48,447.49999999999994,15091946.0,databento
2024-08-05,431.75999999999993,442.29,419.99999999999994,442.2,22227369.0,databento
2024-08-06,441.3500000000001,447.0799999999999,434.58,436.6799999999999,13778209.0,databento
2024-08-07,441.88999999999993,448.99999999999994,429.5,431.8,12131049.0,databento
2024-08-08,433.51,450.46,433.28,450.2200000000001,12236541.0,databento
2024-08-09,449.12,452.0499999999999,445.09,450.65,7875748.0,databento
2024-08-12,452.09,454.38,448.56,451.6600000000001,6183650.0,databento
2024-08-13,454.57,463.1000000000001,451.5899999999999,462.99999999999994,9572617.0,databento
2024-08-14,462.5400000000001,465.0899999999999,458.4,462.83,7909691.0,databento
2024-08-15,465.00000000000006,475.63999999999993,462.85,474.99999999999994,10047339.0,databento
2024-08-16,475.80999999999995,476.42,471.3399999999999,474.2799999999999,6509038.0,databento
2024-08-19,474.75,481.72,473.25,481.25,5406388.0,databento
2024-08-20,482.55,482.93999999999994,478.55,479.61,6486767.0,databento
2024-08-21,480.26,484.36999999999995,479.3299999999999,483.31,6044146.0,databento
2024-08-22,482.83,485.5199999999999,473.8299999999999,476.09,9539877.0,databento
2024-08-23,477.26,482.73,475.28,480.11999999999995,8807488.0,databento
2024-08-26,481.0,481.45,473.2399999999999,474.8,6924055.0,databento
2024-08-27,475.86,477.8299999999999,471.71,475.24999999999994,6526040.0,databento
2024-08-28,476.76,477.82,464.55999999999995,465.7799999999999,9041279.0,databento
2024-08-29,470.02,477.9299999999999,469.36999999999995,471.6000000000001,10397694.0,databento
2024-08-30,474.13,476.9,470.50999999999993,476.25000000000006,7792591.0,databento
2024-09-03,476.81000000000006,476.85,459.42,460.5,10771144.0,databento
2024-09-04,459.28,464.44999999999993,457.7399999999999,459.9599999999999,8530228.0,databento
2024-09-05,461.58,465.36,457.59,459.63000000000005,8700643.0,databento
2024-09-06,456.44,461.31999999999994,446.00000000000006,446.79,13557671.0,databento
2024-09-09,452.87000000000006,455.7399999999999,449.84,455.13,8259305.0,databento
2024-09-10,454.50000000000006,459.1799999999999,452.06,458.11,7416183.0,databento
2024-09-11,457.7099999999999,469.38999999999993,451.28,468.17,15362919.0,databento
2024-09-12,469.16,474.04,466.84,473.2699999999999,9575421.0,databento
2024-09-13,473.0499999999999,476.5299999999999,472.22,474.64,8173417.0,databento
2024-09-16,475.12,475.80000000000007,469.89,473.29,6040560.0,databento
2024-09-17,474.7300000000001,477.59,470.97,474.00999999999993,7501358.0,databento
2024-09-18,473.9599999999999,478.81999999999994,470.82,475.56000000000006,10435673.0,databento
2024-09-19,479.7099999999999,486.23,478.99999999999994,482.62,12563600.0,databento
2024-09-20,482.8,483.69,478.3,482.19999999999993,7232152.0,databento
2024-09-23,482.5899999999999,484.13999999999993,481.6,482.79,6205478.0,databento
2024-09-24,484.69999999999993,486.3299999999999,480.17,485.62,6968143.0,databento
2024-09-25,484.2,488.00999999999993,483.2799999999999,487.95,6018384.0,databento
2024-09-26,492.8999999999999,494.2,485.8,489.45,8395734.0,databento
2024-09-27,487.5299999999999,490.95,485.56999999999994,485.92,5329184.0,databento
2024-09-30,486.77,488.41,482.92,487.48,6925028.0,databento
2024-10-01,488.43,489.37999999999994,477.3999999999999,480.06999999999994,9979860.0,databento
2024-10-02,480.5499999999999,483.87,477.73,483.1,5835252.0,databento
2024-10-03,479.0299999999999,484.54,478.9899999999999,481.47,6227658.0,databento
2024-10-04,482.94999999999993,488.35,482.06,486.91,7696760.0,databento
2024-10-07,485.55999999999995,486.5499999999999,479.8,481.7799999999999,6281987.0,databento
2024-10-08,482.24999999999994,489.9899999999999,481.88,488.74999999999994,7206326.0,databento
2024-10-09,487.69,493.72,487.25,492.94999999999993,5665107.0,databento
2024-10-10,492.36,494.46,489.54,493.23,5135143.0,databento
2024-10-11,492.37999999999994,494.39,490.17,492.54,4665432.0,databento
2024-10-14,493.66,498.8299999999999,493.54,497.7099999999999,4946347.0,databento
2024-10-15,497.05999999999995,498.48,488.67,490.98,8169847.0,databento
2024-10-16,491.9299999999999,492.0499999999999,487.56999999999994,490.1499999999999,5115808.0,databento
2024-10-17,493.65,496.91,491.2,492.45,6590601.0,databento
2024-10-18,493.7099999999999,495.56999999999994,493.01,494.5799999999999,5380712.0,databento
2024-10-21,493.57,496.23,491.28,495.4,6368437.0,databento
2024-10-22,494.22,497.44,491.7399999999999,495.72,6123873.0,databento
2024-10-23,495.2099999999999,495.61,485.04,490.13,8841080.0,databento
2024-10-24,492.37,493.41,489.44,492.29,4689883.0,databento
2024-10-25,493.8399999999999,500.2799999999999,492.96,494.44999999999993,8418671.0,databento
2024-10-28,498.73,499.68999999999994,495.1,495.58,4829455.0,databento
2024-10-29,496.19,501.74999999999994,493.85,501.4899999999999,6028774.0,databento
2024-10-30,501.43999999999994,501.9,493.65,493.67,6355744.0,databento
2024-10-31,491.2,493.5499999999999,483.74999999999994,485.33,10271444.0,databento
2024-11-01,485.94999999999993,490.75999999999993,485.2,488.12999999999994,7249338.0,databento
2024-11-04,487.91,489.37999999999994,484.25,485.94999999999993,4541521.0,databento
2024-11-05,487.44,493.24999999999994,486.6,492.19,4626788.0,databento
2024-11-06,500.92,506.55,498.12,505.5199999999999,8969058.0,databento
2024-11-07,506.58,514.32,506.17,513.7,6485115.0,databento
2024-11-08,514.17,514.91,511.46,514.07,4533137.0,databento
2024-11-11,515.61,516.73,510.91,513.76,5155270.0,databento
2024-11-12,514.16,514.65,509.83,512.37,5283126.0,databento
2024-11-13,512.7499999999999,514.98,509.97,512.4599999999999,5294968.0,databento
2024-11-14,512.51,513.0999999999999,507.0,507.27,5994228.0,databento
2024-11-15,504.74,505.55,494.4899999999999,496.95,9242549.0,databento
2024-11-18,499.8,502.15,496.36,499.80999999999995,5745548.0,databento
2024-11-19,500.24999999999994,503.98,494.21,503.74,4711060.0,databento
2024-11-20,504.26,504.98,496.55999999999995,503.23,6679644.0,databento
2024-11-21,501.17,506.97,497.56,503.85,7673288.0,databento
2024-11-22,504.5799999999999,506.53,502.1,506.37,5352249.0,databento
2024-11-25,508.18,511.44999999999993,504.2799999999999,505.43,6009646.0,databento
2024-11-26,506.45,510.14,506.2799999999999,509.23,4944787.0,databento
2024-11-27,508.22,508.94999999999993,501.9299999999999,505.5,5613870.0,databento
2024-11-29,507.44999999999993,510.3299999999999,505.30999999999995,510.18,3434187.0,databento
2024-12-02,509.27,516.2599999999999,508.61999999999995,515.29,5511782.0,databento
2024-12-03,515.31,518.27,513.38,518.16,3433795.0,databento
2024-12-04,519.51,523.51,519.3599999999999,522.6,5041703.0,databento
2024-12-05,522.48,524.04,520.6399999999999,521.3099999999998,3711417.0,databento
2024-12-06,522.3299999999999,526.7099999999999,521.2799999999999,525.84,4871885.0,databento
2024-12-09,527.5,527.5099999999999,521.23,521.94,4742684.0,databento
2024-12-10,521.8,525.36,519.1699999999998,520.98,5156965.0,databento
2024-12-11,521.3099999999998,530.6099999999999,521.22,529.1399999999999,6101665.0,databento
2024-12-12,529.0799999999999,529.38,525.57,529.03,4728789.0,databento
2024-12-13,529.6,533.16,527.31,529.85,5670618.0,databento
2024-12-16,530.91,539.15,530.86,537.92,6748613.0,databento
2024-12-17,536.55,538.51,533.16,534.82,6171856.0,databento
2024-12-18,536.3999999999999,537.6399999999999,512.08,516.15,13766198.0,databento
2024-12-19,518.96,521.75,513.37,514.01,10411212.0,databento
2024-12-20,509.86,524.8299999999999,505.3999999999999,520.36,12056277.0,databento
2024-12-23,520.95,523.28,516.12,522.49,6774302.0,databento
2024-12-24,523.2299999999999,530.34,523.09,530.01,3584068.0,databento
2024-12-26,528.81,531.24,526.34,529.5,4150267.0,databento
2024-12-27,527.4199999999998,528.62,517.85,522.4299999999998,7893166.0,databento
2024-12-30,521.36,521.72,511.8299999999999,515.07,7346105.0,databento
2024-12-31,515.01,518.44,510.2799999999999,511.26,6115007.0,databento
2025-01-02,514.93,517.66,505.71,509.99999999999994,8289043.0,databento
2025-01-03,511.9299999999999,519.645,511.35,518.86,6867848.0,databento
2025-01-06,521.26,527.91,521.18,525.0,7645332.0,databento
2025-01-07,524.71,525.99,513.28,516.0,8930738.0,databento
2025-01-08,516.44,517.3799999999999,510.57,514.1499999999999,6894321.0,databento
2025-01-10,513.69,515.77,503.92,506.6,9875630.0,databento
2025-01-13,502.13999999999993,508.9599999999999,499.58,508.05999999999995,7379131.0,databento
2025-01-14,509.93,510.4,501.5799999999999,505.68999999999994,7614354.0,databento
2025-01-15,505.38999999999993,517.8449999999999,505.33,517.01,9135617.0,databento
2025-01-16,520.08,520.25,511.31,512.76,6134140.0,databento
2025-01-17,514.96,523.62,514.7899999999998,522.0499999999998,8167527.0,databento
2025-01-21,523.09,527.82,520.06,526.9999999999999,5513582.0,databento
2025-01-22,528.9499999999999,533.83,528.48,530.72,7304672.0,databento
2025-01-23,528.8,532.86,528.1499999999999,532.0,4049893.0,databento
2025-01-24,531.53,533.79,528.1499999999999,529.38,4110997.0,databento
2025-01-27,513.4799999999999,517.98,502.3,515.7,14107104.0,databento
2025-01-28,517.45,522.99,511.7799999999999,521.1,7948744.0,databento
2025-01-29,523.9999999999999,524.63,516.8999999999999,521.05,5785756.0,databento
2025-01-30,524.98,526.09,518.2099999999999,524.81,5899122.0,databento
2025-01-31,526.61,531.5099999999999,521.1199999999999,521.22,7366012.0,databento
2025-02-03,513.3199999999999,522.7499999999999,511.05,522.16,8856121.0,databento
2025-02-04,517.34,525.1,516.9999999999999,522.0,5730641.0,databento
2025-02-05,519.56,527.65,518.97,527.1299999999999,4692986.0,databento
2025-02-06,527.6999999999999,529.8099999999998,525.73,529.0799999999999,4628045.0,databento
2025-02-07,529.3999999999999,532.09,521.9199999999998,521.9499999999999,6513865.0,databento
2025-02-10,525.5899999999999,530.36,525.33,528.07,4501459.0,databento
2025-02-11,527.3199999999999,529.92,525.1,528.51,4094416.0,databento
2025-02-12,527.9899999999999,530.53,521.32,530.44,5594782.0,databento
2025-02-13,527.69,536.21,527.28,535.16,6385754.0,databento
2025-02-14,536.1999999999999,538.84,534.53,538.18,3904458.0,databento
2025-02-18,540.61,541.2,536.04,539.5,4390937.0,databento
2025-02-19,539.93,540.8099999999998,536.45,538.7899999999998,4326077.0,databento
2025-02-20,538.14,539.1,532.46,537.54,5632386.0,databento
2025-02-21,537.41,539.77,525.46,526.1,8787909.0,databento
2025-02-24,528.4,529.38,518.6,519.0,9054069.0,databento
2025-02-25,517.55,520.6399999999999,509.4299999999999,515.07,10868430.0,databento
2025-02-26,516.96,519.69,511.39,514.84,7400667.0,databento
2025-02-27,517.6399999999999,519.1999999999999,499.7399999999999,501.89,11861746.0,databento
2025-02-28,501.7999999999999,508.77,496.93999999999994,508.25,10526126.0,databento
2025-03-03,508.86,513.05,493.6,498.31999999999994,10186042.0,databento
2025-03-04,498.46,503.74,487.72,499.8999999999999,14874390.0,databento
2025-03-05,499.2999999999999,503.62999999999994,491.25999999999993,500.8399999999999,10193415.0,databento
2025-03-06,496.8,498.58,486.19999999999993,490.56,14202332.0,databento
2025-03-07,490.36,493.27,480.6,491.05,12282803.0,databento
2025-03-10,488.68999999999994,489.12999999999994,467.80000000000007,469.4,17458429.0,databento
2025-03-11,473.76,478.8049999999999,467.00999999999993,473.68999999999994,13928841.0,databento
2025-03-12,473.84,481.6,471.7900000000001,478.8999999999999,10063303.0,databento
2025-03-13,472.80999999999995,477.56,466.44,470.95,9684328.0,databento
2025-03-14,471.68000000000006,480.5499999999999,471.67,479.18,10421727.0,databento
2025-03-17,476.76,485.85,476.6000000000001,482.5,10385508.0,databento
2025-03-18,481.43999999999994,482.75,472.41,474.85,8399919.0,databento
2025-03-19,474.23,485.32,474.0199999999999,482.7,8818282.0,databento
2025-03-20,483.29,484.54,475.61000000000007,479.4,7560159.0,databento
2025-03-21,478.46,481.7799999999999,472.9100000000001,481.5,10080980.0,databento
2025-03-24,485.2,491.48,485.2,490.19999999999993,8735533.0,databento
2025-03-25,489.93999999999994,494.49999999999994,488.76,494.2699999999999,5907521.0,databento
2025-03-26,493.21,493.62999999999994,481.81,483.1,8316390.0,databento
2025-03-27,483.59,486.57,480.2399999999999,480.91,7660467.0,databento
2025-03-28,478.5199999999999,481.1799999999999,466.67,466.89,10872164.0,databento
2025-03-31,464.1799999999999,469.85,457.3399999999999,466.63,12392837.0,databento
2025-04-01,467.53,474.8,464.42,473.55000000000007,9204470.0,databento
2025-04-02,470.9,483.21,453.86,455.24999999999994,12831402.0,databento
2025-04-03,460.38000000000005,462.49999999999994,448.5499999999999,449.9899999999999,16343393.0,databento
2025-04-04,448.5499999999999,450.23,419.69,422.18,26959695.0,databento
2025-04-07,402.8999999999999,443.14,402.38999999999993,428.9599999999999,35316298.0,databento
2025-04-08,431.6700000000001,443.13,407.53,410.18,24905166.0,databento
2025-04-09,418.84,468.41,407.47,466.09,34270644.0,databento
2025-04-10,456.2699999999999,459.11,432.63999999999993,443.2799999999999,21406466.0,databento
2025-04-11,448.5499999999999,455.77,441.3299999999999,454.0499999999999,12173567.0,databento
2025-04-14,462.66,465.02,452.62999999999994,455.19999999999993,8827470.0,databento
2025-04-15,459.14,462.36999999999995,451.5899999999999,452.30999999999995,6675102.0,databento
2025-04-16,447.50999999999993,455.5400000000001,437.74000000000007,444.54,10347916.0,databento
2025-04-17,449.9899999999999,450.11999999999995,441.37,445.5400000000001,7828100.0,databento
2025-04-21,438.98,440.25,427.95,435.14,8541763.0,databento
2025-04-22,437.2099999999999,454.61,436.2900000000001,453.69,11324187.0,databento
2025-04-23,454.06,463.37000000000006,452.87999999999994,455.62999999999994,11769512.0,databento
2025-04-24,451.71,470.15,449.71,469.5799999999999,9855017.0,databento
2025-04-25,469.81999999999994,473.86,464.98,472.96,8310601.0,databento
2025-04-28,471.11,474.8,466.0299999999999,472.4800000000001,6560254.0,databento
2025-04-29,474.5799999999999,476.3999999999999,469.0199999999999,473.4299999999999,6802830.0,databento
2025-04-30,473.9,482.42,462.43000000000006,482.0499999999999,10045889.0,databento
2025-05-01,483.01,487.18999999999994,478.12999999999994,478.99999999999994,10471764.0,databento
2025-05-02,482.04,490.91,481.08,488.92,8348746.0,databento
2025-05-05,485.7699999999999,489.04,483.62,484.59,6337437.0,databento
2025-05-06,482.0299999999999,487.49999999999994,478.2,486.04,8163456.0,databento
2025-05-07,484.76,485.8,476.79,483.36999999999995,7849009.0,databento
2025-05-08,488.74999999999994,492.7,484.18,487.9599999999999,8762781.0,databento
2025-05-09,489.37999999999994,491.99999999999994,486.18,487.85,5833859.0,databento
2025-05-12,504.3999999999999,508.9,501.4899999999999,506.8,11077875.0,databento
2025-05-13,505.42,517.39,504.9,516.1699999999998,12408194.0,databento
2025-05-14,516.4199999999998,519.22,514.9,518.07,12449391.0,databento
2025-05-15,515.7199999999999,521.93,513.81,519.1699999999998,13655545.0,databento
2025-05-16,520.06,522.0,514.1,514.6299999999999,12091790.0,databento
2025-05-19,514.13,522.8799999999999,512.09,522.34,11396742.0,databento
2025-05-20,520.27,521.16,516.66,519.8099999999998,11489857.0,databento
2025-05-21,517.77,523.0,511.2399999999999,512.9399999999999,20339251.0,databento
2025-05-22,514.2,517.71,510.50999999999993,513.8999999999999,15269644.0,databento
2025-05-23,514.86,515.4299999999998,503.27,508.41,14537926.0,databento
2025-05-27,517.94,521.7,514.59,521.37,12220323.0,databento
2025-05-28,520.58,528.58,517.9,528.45,11942016.0,databento
2025-05-29,530.66,530.7699999999999,517.32,517.6699999999998,16158736.0,databento
2025-05-30,518.94,520.68,511.94,518.3699999999999,19930778.0,databento
2025-06-02,515.36,524.2199999999999,515.16,522.22,11233615.0,databento
2025-06-03,521.36,528.73,520.0999999999999,527.4199999999998,10594998.0,databento
2025-06-04,527.92,529.8399999999999,525.97,528.4099999999999,10630357.0,databento
2025-06-05,530.28,533.05,522.0,523.67,16109965.0,databento
2025-06-06,526.66,531.8,526.15,530.78,12241343.0,databento
2025-06-09,530.0699999999999,532.35,529.0099999999999,531.08,7835072.0,databento
2025-06-10,530.12,535.0199999999999,528.8899999999999,533.93,9446615.0,databento
2025-06-11,533.53,537.53,530.11,531.2499999999999,11609411.0,databento
2025-06-12,529.7199999999999,534.65,528.4,530.0699999999999,8579331.0,databento
2025-06-13,526.3299999999999,531.87,525.29,526.9999999999999,12009113.0,databento
2025-06-16,530.15,535.3699999999999,529.0,530.4499999999999,8217141.0,databento
2025-06-17,530.9299999999998,533.3299999999999,526.88,527.75,9786031.0,databento
2025-06-18,530.46,532.55,527.41,528.94,12783949.0,databento
2025-06-20,528.57,533.57,524.8899999999999,527.55,17324593.0,databento
2025-06-23,527.49,536.1,523.65,535.72,15037926.0,databento
2025-06-24,537.43,540.7,536.09,540.28,10452792.0,databento
2025-06-25,540.22,543.31,539.38,541.13,9756481.0,databento
2025-06-26,542.8799999999999,547.1299999999999,541.52,546.38,8454394.0,databento
2025-06-27,547.97,549.9799999999999,544.545,547.59,13178695.0,databento
2025-06-30,551.2,552.8,549.01,551.52,9791244.0,databento
2025-07-01,550.6799999999998,551.05,544.66,547.4,13181895.0,databento
2025-07-02,547.83,551.15,544.5099999999999,550.93,9774788.0,databento
2025-07-03,552.03,557.1999999999999,550.8,555.81,5839146.0,databento
2025-07-07,553.57,554.94,549.58,551.7999999999998,10670708.0,databento
2025-07-08,553.93,554.01,551.0999999999999,552.42,8562500.0,databento
2025-07-09,552.35,557.63,552.07,555.8599999999999,9350645.0,databento
2025-07-10,555.56,557.2999999999998,552.75,556.13,7948790.0,databento
2025-07-11,553.06,555.79,551.8599999999999,553.5,9480096.0,databento
2025-07-14,552.51,556.9399999999999,551.63,555.64,8386931.0,databento
2025-07-15,559.16,560.8,554.86,555.75,10931275.0,databento
2025-07-16,555.18,557.94,551.57,556.55,12558225.0,databento
2025-07-17,558.36,562.5,557.21,562.3799999999999,9067394.0,databento
2025-07-18,562.35,563.6899999999999,560.0,561.41,9412897.0,databento
2025-07-21,563.0199999999999,566.06,561.3199999999999,564.28,8061793.0,databento
2025-07-22,563.31,564.3599999999999,558.6099999999999,562.27,11264969.0,databento
2025-07-23,562.35,566.29,559.59,565.6699999999998,8803336.0,databento
2025-07-24,565.34,566.24,563.3,565.85,10075320.0,databento
2025-07-25,565.21,567.69,564.27,567.0099999999999,6081881.0,databento
2025-07-28,569.4999999999999,569.56,566.87,569.0,7008015.0,databento
2025-07-29,570.55,572.11,566.5299999999999,567.8099999999998,9379127.0,databento
2025-07-30,568.5099999999999,574.28,565.05,573.95,11605391.0,databento
2025-07-31,576.39,576.46,562.36,563.6,16739076.0,databento
2025-08-01,560.89,560.89,551.6999999999999,553.03,19648325.0,databento
2025-08-04,557.08,565.5,556.99,564.97,11660987.0,databento
2025-08-05,565.01,566.7199999999999,558.09,558.3,12211028.0,databento
2025-08-06,562.34,568.65,559.6299999999999,568.04,11301240.0,databento
2025-08-07,569.43,573.32,565.11,570.2,11959259.0,databento
2025-08-08,570.2399999999999,575.9599999999999,569.9,575.9599999999999,9051636.0,databento
2025-08-11,574.42,576.8,571.57,572.74,8354549.0,databento
2025-08-12,573.6599999999999,580.8,572.2,580.64,10090321.0,databento
2025-08-13,581.42,583.3099999999998,578.94,580.41,9006131.0,databento
2025-08-14,580.2099999999999,581.88,576.74,579.05,8669136.0,databento
2025-08-15,580.6,580.84,575.58,577.0799999999999,8975697.0,databento
2025-08-18,577.32,578.0699999999999,575.25,577.32,5912174.0,databento
2025-08-19,576.5999999999999,577.3699999999999,567.95,568.08,11769642.0,databento
2025-08-20,567.7499999999999,568.91,558.84,565.72,16109324.0,databento
2025-08-21,566.4,566.75,560.99,564.0,10290922.0,databento
2025-08-22,563.03,573.99,562.9,572.6399999999999,15714181.0,databento
2025-08-25,571.1699999999998,573.2799999999999,569.16,570.34,6899843.0,databento
2025-08-26,569.17,573.4999999999999,568.7999999999998,573.35,6794689.0,databento
2025-08-27,572.88,574.95,568.98,570.79,8163833.0,databento
2025-08-28,573.89,577.99,572.46,576.64,10558527.0,databento
2025-08-29,575.41,575.76,568.5499999999998,569.68,12781263.0,databento
2025-09-02,569.32,569.32,559.56,567.06,16208126.0,databento
2025-09-03,567.98,571.69,566.73,569.65,14403961.0,databento
2025-09-04,571.0,576.4099999999999,569.03,576.2499999999999,10273801.0,databento
2025-09-05,577.63,581.12,571.53,574.9,15650344.0,databento
2025-09-08,577.64,580.84,577.3999999999999,579.01,10369251.0,databento
2025-09-09,580.1099999999999,581.75,577.04,580.86,10269317.0,databento
2025-09-10,582.23,584.77,578.5499999999998,581.27,12369498.0,databento
2025-09-11,582.11,584.8799999999999,580.22,584.42,10746174.0,databento
2025-09-12,584.2699999999999,587.86,583.3399999999999,586.58,10264303.0,databento
2025-09-15,587.55,591.79,586.0,591.5599999999998,9767706.0,databento
2025-09-16,592.82,593.9799999999999,590.49,591.6199999999999,7538373.0,databento
2025-09-17,591.8,592.6099999999999,584.37,592.5499999999998,14404369.0,databento
2025-09-18,594.54,598.13,592.9599999999999,596.3499999999999,14679875.0,databento
2025-09-19,595.21,600.05,595.19,599.6999999999999,11255431.0,databento
2025-09-22,596.71,602.8699999999999,596.42,602.24,9775419.0,databento
2025-09-23,602.3899999999999,602.97,596.9899999999999,598.44,12401807.0,databento
2025-09-24,599.79,600.19,593.36,596.47,9521499.0,databento
2025-09-25,596.18,596.68,588.5,593.2,17090983.0,databento
2025-09-26,594.06,596.5699999999999,591.06,596.2,11501752.0,databento
2025-09-29,599.23,602.0399999999998,597.41,598.4,9495469.0,databento
2025-09-30,597.61,600.71,596.1,598.74,8848587.0,databento
2025-10-01,594.9699999999999,603.79,594.58,603.42,9432119.0,databento
2025-10-02,604.9,607.39,602.9299999999998,606.05,8541230.0,databento
2025-10-03,607.6599999999999,608.04,601.39,603.05,11208401.0,databento
2025-10-06,605.28,609.36,605.2299999999999,606.7699999999999,9949871.0,databento
2025-10-07,607.26,609.94,603.0299999999999,604.1799999999998,12261009.0,databento
2025-10-08,605.45,612.91,604.4999999999999,612.63,9404588.0,databento
2025-10-09,611.6899999999999,611.83,607.48,611.6199999999999,9058851.0,databento
2025-10-10,611.5299999999999,613.17,582.04,589.9299999999998,22732946.0,databento
2025-10-13,599.6099999999999,602.9599999999999,597.23,601.83,16350838.0,databento
2025-10-14,595.38,602.69,590.1199999999999,598.55,16217329.0,databento
2025-10-15,601.45,606.71,595.9299999999998,602.65,14994867.0,databento
2025-10-16,605.0099999999999,608.31,595.5,598.26,15008202.0,databento
2025-10-17,591.66,605.51,590.0799999999999,604.81,16997267.0,databento
2025-10-20,607.26,612.8,605.27,612.02,9835437.0,databento
2025-10-21,611.0199999999999,612.72,609.33,610.36,9622710.0,databento
2025-10-22,611.6,611.83,599.7399999999999,604.32,17112629.0,databento
2025-10-23,606.7699999999999,611.8,603.01,611.73,12233056.0,databento
2025-10-24,612.1699999999998,618.42,612.1699999999998,617.37,12283430.0,databento
2025-10-27,623.98,629.3899999999999,623.4199999999998,628.9,11249495.0,databento
2025-10-28,628.1799999999998,634.68,627.7299999999999,633.6,13242835.0,databento
2025-10-29,636.1999999999999,638.07,630.24,634.72,19164950.0,databento
2025-10-30,636.06,636.1999999999999,625.6,633.28,19480796.0,databento
2025-10-31,634.5999999999999,635.93,626.7,629.0699999999999,22586938.0,databento
2025-11-03,631.5299999999999,635.8199999999999,629.85,631.05,9766279.0,databento
2025-11-04,623.8299999999999,626.95,617.42,617.46,18767838.0,databento
2025-11-05,617.9,626.6,615.1999999999999,624.0,13257916.0,databento
2025-11-06,621.7599999999999,625.35,610.31,613.15,24542231.0,databento
2025-11-07,613.24,613.68,598.6799999999998,611.81,25573424.0,databento
2025-11-10,618.74,624.3,616.89,623.8999999999999,13660288.0,databento
2025-11-11,621.43,622.72,617.52,621.67,11518784.0,databento
2025-11-12,625.1399999999999,626.05,617.81,619.0399999999998,12656810.0,databento
2025-11-13,622.67,622.67,606.08,608.61,22477760.0,databento
2025-11-14,605.86,613.3499999999999,597.1799999999998,610.6999999999999,24073855.0,databento
2025-11-17,615.0,615.07,599.87,604.38,20565603.0,databento
2025-11-18,601.7799999999999,602.94,591.34,596.3499999999999,29717102.0,databento
2025-11-19,596.5399999999998,609.02,594.5899999999999,609.02,21252256.0,databento
2025-11-20,609.84,614.0199999999999,582.7999999999998,585.5499999999998,39653645.0,databento
2025-11-21,587.5299999999999,596.98,580.25,591.34,29877817.0,databento
2025-11-24,595.9999999999999,606.79,591.3999999999999,605.99,16767189.0,databento
2025-11-25,603.66,610.26,597.32,609.0999999999999,19133647.0,databento
2025-11-26,611.23,616.18,610.05,615.07,12482210.0,databento
2025-11-28,616.73,619.51,615.42,619.11,6516850.0,databento
2025-12-01,614.7,619.44,612.5199999999999,617.04,12455973.0,databento
2025-12-02,617.75,623.75,617.59,622.7499999999999,20870189.0,databento
2025-12-03,623.6,624.2199999999999,617.8,623.24,16452032.0,databento
2025-12-04,623.09,625.4299999999998,619.56,622.69,18711330.0,databento
2025-12-05,625.51,628.92,621.99,625.63,18272159.0,databento
2025-12-08,626.8099999999998,628.84,621.6899999999999,625.51,14917198.0,databento
2025-12-09,624.8,625.87,621.62,624.36,12315333.0,databento
2025-12-10,625.58,629.1999999999999,620.9899999999999,625.8799999999999,20139716.0,databento
2025-12-11,621.16,629.15,617.72,624.51,19969071.0,databento
2025-12-12,624.52,624.7,611.36,612.8699999999999,27363549.0,databento
2025-12-15,615.38,618.42,609.3199999999999,609.84,14944100.0,databento
2025-12-16,605.96,613.5099999999999,605.96,610.56,15321893.0,databento
2025-12-17,612.7799999999999,615.12,600.2799999999999,601.38,24395185.0,databento
2025-12-18,604.46,612.93,603.94,609.19,26997904.0,databento
2025-12-19,612.29,618.4999999999999,609.97,618.39,15741363.0,databento
2025-12-22,619.02,621.65,617.77,619.7399999999999,12002120.0,databento
2025-12-23,619.32,622.47,617.35,622.09,10760017.0,databento
2025-12-24,621.87,624.27,621.7,623.02,5089962.0,databento
2025-12-26,623.06,625.51,623.06,623.6399999999999,8079360.0,databento
2025-12-29,622.1699999999998,622.77,618.73,620.08,8513681.0,databento
2025-12-30,620.91,622.18,618.68,618.96,8227351.0,databento
