datetime,open,high,low,close,volume
2018-05-01,124.25,124.25,123.395,123.75,1277213.0
2018-05-02,124.17,124.53,123.59,123.79,1156129.0
2018-05-03,124.04,124.89,124.03,124.39,636763.0
2018-05-04,124.19,124.67,123.98,124.64,703643.0
2018-05-07,124.36,124.73,124.3,124.73,484165.0
2018-05-08,124.52,124.95,123.79,124.69,1050535.0
2018-05-09,123.76,124.86,123.71,124.39,590838.0
2018-05-10,124.38,125.37,124.36,125.16,724712.0
2018-05-11,125.44,125.66,124.85,124.94,669062.0
2018-05-14,125.15,125.22,124.44,124.46,807389.0
2018-05-15,124.24,124.26,122.14,122.31,1905339.0
2018-05-16,122.78,122.78,121.96,122.3,731935.0
2018-05-17,122.15,122.45,121.78,122.33,878987.0
2018-05-18,122.22,122.65,121.9,122.25,969454.0
2018-05-21,121.55,122.55,121.54,122.36,479058.0
2018-05-22,122.71,122.8,122.34,122.4,522522.0
2018-05-23,122.57,123.07,122.07,122.69,1069709.0
2018-05-24,122.81,123.82,122.78,123.64,1698336.0
2018-05-25,123.52,123.93,123.19,123.26,761418.0
2018-05-29,123.42,123.63,122.57,123.1,1411602.0
2018-05-30,123.07,123.6,122.89,123.35,652880.0
2018-05-31,123.72,123.77,122.87,123.03,870753.0
2018-06-01,123.18,123.18,122.16,122.6,1151694.0
2018-06-04,122.6,122.92,122.38,122.38,634931.0
2018-06-05,122.46,123.22,122.25,122.87,1221060.0
2018-06-06,122.88,123.34,122.63,122.98,893002.0
2018-06-07,122.98,123.49,122.69,122.92,644786.0
2018-06-08,123.05,123.21,122.91,123.05,707789.0
2018-06-11,122.83,123.42,122.61,122.84,690598.0
2018-06-12,122.95,123.18,122.56,122.69,1064465.0
2018-06-13,122.6,123.33,122.37,123.19,1205571.0
2018-06-14,123.47,124.03,123.33,123.4,1406314.0
2018-06-15,123.17,123.19,120.83,121.24,2895516.0
2018-06-18,121.31,121.48,120.99,121.12,676551.0
2018-06-19,121.45,121.45,120.39,121.0,837425.0
2018-06-20,120.64,120.83,120.1,120.23,649473.0
2018-06-21,119.76,120.32,119.53,120.08,864041.0
2018-06-22,120.3,120.39,120.02,120.31,626466.0
2018-06-25,120.07,120.4,119.83,119.89,934409.0
2018-06-26,119.3,119.58,118.9,119.23,1191788.0
2018-06-27,119.21,119.36,118.49,118.61,901468.0
2018-06-28,118.41,118.76,118.02,118.24,1221969.0
2018-06-29,118.42,118.94,118.26,118.69,852703.0
2018-07-02,118.32,118.39,117.4,117.6,1365557.0
2018-07-03,117.97,119.08,117.86,118.76,1302235.0
2018-07-05,118.74,119.32,118.68,118.75,910686.0
2018-07-06,118.93,119.05,118.74,118.93,461957.0
2018-07-09,119.5,119.89,119.06,119.06,709810.0
2018-07-10,118.97,118.99,118.15,118.9,644686.0
2018-07-11,118.65,118.69,117.62,117.63,1235009.0
2018-07-12,117.96,118.26,117.69,118.09,745112.0
2018-07-13,117.59,117.8,117.12,117.56,822513.0
2018-07-16,117.77,117.84,117.28,117.53,590830.0
2018-07-17,117.87,117.87,116.13,116.29,1584688.0
2018-07-18,115.77,116.35,115.77,116.27,734025.0
2018-07-19,115.53,116.47,114.78,115.87,2570694.0
2018-07-20,115.91,116.71,115.83,116.67,1087413.0
2018-07-23,116.59,116.7,115.76,115.97,950266.0
2018-07-24,115.96,116.43,115.88,116.0,669638.0
2018-07-25,116.11,116.83,116.11,116.58,1076719.0
2018-07-26,116.23,116.51,115.77,115.82,822114.0
2018-07-27,115.86,116.23,115.5,115.85,994340.0
2018-07-30,115.74,116.02,115.64,115.7,611878.0
2018-07-31,115.39,116.34,114.97,116.0,1190650.0
2018-08-01,115.69,115.95,115.13,115.18,1217583.0
2018-08-02,115.3,115.37,114.31,114.45,1305441.0
2018-08-03,114.1,115.53,114.1,114.91,1230746.0
2018-08-06,114.75,114.84,114.24,114.35,1120218.0
2018-08-07,114.6,115.1,114.42,114.62,882988.0
2018-08-08,115.0,115.02,114.24,114.93,695265.0
2018-08-09,114.77,115.21,114.7,114.76,530071.0
2018-08-10,114.5,115.22,114.3,114.71,1226531.0
2018-08-13,114.04,114.16,112.83,113.14,1858294.0
2018-08-14,113.12,113.48,112.84,113.05,842132.0
2018-08-15,112.38,112.42,111.07,111.12,1796159.0
2018-08-16,111.6,111.9,111.1,111.11,1326108.0
2018-08-17,111.5,112.28,111.27,112.28,1383230.0
2018-08-20,112.52,112.735,112.16,112.71,894275.0
2018-08-21,113.07,113.3,112.44,113.3,759131.0
2018-08-22,113.0,113.7,113.0,113.19,971642.0
2018-08-23,112.55,112.92,112.07,112.21,964846.0
2018-08-24,112.7,114.42,112.65,114.2,1504928.0
2018-08-27,113.95,114.8,113.91,114.8,773112.0
2018-08-28,114.78,114.94,113.56,113.62,1112526.0
2018-08-29,113.92,114.28,113.8,114.25,650472.0
2018-08-30,113.75,114.23,113.24,113.56,1032924.0
2018-08-31,114.07,114.41,113.44,113.79,978423.0
2018-09-04,113.05,113.24,112.61,112.74,1104953.0
2018-09-05,112.97,113.43,112.92,113.25,562202.0
2018-09-06,113.71,114.25,113.29,113.59,937078.0
2018-09-07,113.78,113.78,112.98,113.24,625407.0
2018-09-10,113.02,113.43,112.77,113.15,397267.0
2018-09-11,113.25,113.65,112.43,113.65,589236.0
2018-09-12,113.19,114.49,113.01,114.2,964764.0
2018-09-13,114.15,114.77,113.59,113.75,942394.0
2018-09-14,114.23,114.29,112.92,112.95,1001556.0
2018-09-17,113.25,114.03,113.2,113.75,691569.0
2018-09-18,113.41,113.9,113.28,113.44,817963.0
2018-09-19,113.96,114.14,113.68,114.0,748928.0
2018-09-20,113.83,114.36,113.71,114.25,867938.0
2018-09-21,114.39,114.39,112.79,113.46,1343693.0
2018-09-24,113.37,113.96,113.37,113.46,811706.0
2018-09-25,113.55,113.88,113.43,113.66,501498.0
2018-09-26,113.56,113.6,112.67,113.06,1644420.0
2018-09-27,113.19,113.3,111.85,111.9,1231971.0
2018-09-28,112.02,112.99,111.84,112.77,1142098.0
2018-10-01,112.35,112.7,112.15,112.55,684975.0
2018-10-02,112.97,114.33,112.52,113.85,1378386.0
2018-10-03,113.8,114.04,113.26,113.26,947249.0
2018-10-04,113.5,114.19,113.25,113.53,1047573.0
2018-10-05,113.44,114.09,113.39,113.95,896087.0
2018-10-08,113.0,113.05,111.9,112.49,1379250.0
2018-10-09,112.57,112.665,111.98,112.59,973984.0
2018-10-10,112.38,113.2,112.17,113.0,1349963.0
2018-10-11,113.35,116.03,113.26,115.61,3735093.0
2018-10-12,115.25,115.77,115.08,115.26,1759104.0
2018-10-15,116.15,116.67,115.89,116.08,1397782.0
2018-10-16,116.35,116.6,115.74,115.82,1018198.0
2018-10-17,115.89,116.33,115.63,115.63,952625.0
2018-10-18,115.74,116.4,115.59,116.0,985726.0
2018-10-19,116.02,116.43,115.96,116.03,1000513.0
2018-10-22,115.92,115.93,115.44,115.65,846034.0
2018-10-23,116.56,117.28,116.33,116.39,1777515.0
2018-10-24,116.35,116.98,116.02,116.98,1208872.0
2018-10-25,116.56,116.83,116.19,116.5,1011515.0
2018-10-26,117.01,117.65,116.46,116.72,2287809.0
2018-10-29,116.39,116.75,115.84,116.75,1232462.0
2018-10-30,115.8,116.09,115.43,115.6,953793.0
2018-10-31,115.11,115.29,114.67,115.11,1406361.0
2018-11-01,115.74,117.06,115.65,116.68,2060938.0
2018-11-02,116.88,116.97,116.34,116.65,993864.0
2018-11-05,116.56,116.665,116.13,116.46,822698.0
2018-11-06,116.77,116.91,115.74,116.1,1226950.0
2018-11-07,116.66,116.91,115.9,115.96,1037873.0
2018-11-08,115.65,116.07,115.43,115.74,1195353.0
2018-11-09,115.53,115.53,114.15,114.4,1891915.0
2018-11-12,114.24,114.24,113.51,113.51,872928.0
2018-11-13,113.59,113.92,113.17,113.7,1222125.0
2018-11-14,113.61,115.06,113.32,114.54,2341047.0
2018-11-15,114.99,115.0,114.27,114.71,1407895.0
2018-11-16,115.05,115.88,114.94,115.51,1340890.0
2018-11-19,115.37,115.92,115.25,115.78,1243111.0
2018-11-20,115.73,116.19,115.37,115.53,1363538.0
2018-11-21,115.87,116.35,115.63,115.91,1033561.0
2018-11-23,115.66,115.875,115.43,115.77,666781.0
2018-11-26,115.98,116.03,115.54,115.63,645652.0
2018-11-27,115.5,115.84,114.61,114.92,1325430.0
2018-11-28,114.82,116.07,114.56,115.9,2473313.0
2018-11-29,115.94,116.24,115.56,115.77,1220922.0
2018-11-30,115.72,115.72,115.05,115.54,1157156.0
2018-12-03,116.44,116.77,116.15,116.41,1511171.0
2018-12-04,117.21,117.44,116.945,117.11,1175791.0
2018-12-06,116.89,117.68,116.88,117.09,1260953.0
2018-12-07,117.23,118.225,117.23,118.01,1658665.0
2018-12-10,117.92,117.96,117.42,117.66,1407722.0
2018-12-11,118.11,118.15,117.35,117.55,1220302.0
2018-12-12,117.62,117.94,117.58,117.79,693685.0
2018-12-13,117.76,117.76,117.27,117.47,697757.0
2018-12-14,117.1,117.3,116.58,117.12,1252257.0
2018-12-17,117.1,118.02,117.1,117.8,1297837.0
2018-12-18,118.05,118.26,117.81,118.15,1050957.0
2018-12-19,118.25,118.96,117.41,117.55,2496101.0
2018-12-20,118.23,119.735,118.23,119.12,3445221.0
2018-12-21,119.02,119.3,118.58,118.99,2347873.0
2018-12-24,119.27,120.18,119.24,120.13,1402256.0
2018-12-26,120.14,120.995,119.55,119.99,2552618.0
2018-12-27,120.33,120.89,120.14,120.57,2388001.0
2018-12-28,120.74,121.08,120.63,121.06,1195450.0
2018-12-31,121.15,121.37,120.84,121.23,1313048.0
2019-01-02,121.7,121.97,120.88,121.6,1651653.0
2019-01-03,121.77,122.46,121.45,122.21,2077559.0
2019-01-04,122.12,122.16,120.69,121.62,2066241.0
2019-01-07,122.27,122.4,121.58,121.92,1272197.0
2019-01-08,121.33,121.71,121.03,121.51,1060664.0
2019-01-09,121.25,122.33,121.04,122.28,1321630.0
2019-01-10,122.31,122.36,121.57,121.58,903766.0
2019-01-11,122.18,122.27,121.66,122.07,947935.0
2019-01-14,122.27,122.47,121.85,122.11,736774.0
2019-01-15,121.8,122.38,121.62,121.87,1020145.0
2019-01-16,121.97,122.43,121.79,122.25,887927.0
2019-01-17,122.34,122.4,121.82,122.36,1405427.0
2019-01-18,121.71,121.71,121.03,121.15,1737059.0
2019-01-22,121.47,121.5,120.91,121.46,1209090.0
2019-01-23,121.47,121.54,120.86,121.21,933732.0
2019-01-24,120.87,121.36,120.7,121.08,760517.0
2019-01-25,121.34,123.24,121.26,123.1,2074197.0
2019-01-28,122.96,123.27,122.68,123.21,1022276.0
2019-01-29,123.65,124.02,123.465,123.99,1759957.0
2019-01-30,124.27,125.07,123.7,124.74,2195886.0
2019-01-31,124.81,125.31,124.63,124.8,1367330.0
2019-02-01,124.66,125.07,124.37,124.75,1637805.0
2019-02-04,124.0,124.28,123.71,123.97,834981.0
2019-02-05,124.03,124.42,123.89,124.25,776897.0
2019-02-06,124.14,124.24,123.4,123.59,1257089.0
2019-02-07,123.4,123.96,123.4,123.84,785039.0
2019-02-08,123.7,124.32,123.7,124.25,763218.0
2019-02-11,123.71,123.82,123.2,123.62,748907.0
2019-02-12,124.0,124.19,123.62,123.94,868425.0
2019-02-13,124.01,124.55,123.315,123.53,1349064.0
2019-02-14,123.49,124.2,123.09,124.02,914603.0
2019-02-15,124.24,124.99,124.19,124.86,1758098.0
2019-02-19,125.54,126.78,125.52,126.7,2342070.0
2019-02-20,126.8,127.21,126.31,126.61,1468665.0
2019-02-21,126.15,126.23,124.88,125.2,1481463.0
2019-02-22,125.27,125.94,124.92,125.4,945994.0
2019-02-25,125.5,125.9,125.2,125.36,813851.0
2019-02-26,125.11,125.61,125.05,125.55,963766.0
2019-02-27,125.4,125.53,124.4,124.77,1057194.0
2019-02-28,125.05,125.36,123.98,124.11,1276218.0
2019-03-01,123.52,123.96,121.875,122.23,2401559.0
2019-03-04,121.68,121.85,121.19,121.32,1503275.0
2019-03-05,121.33,121.72,121.04,121.63,1186330.0
2019-03-06,121.61,121.69,121.26,121.56,711416.0
2019-03-07,121.46,121.76,121.18,121.49,760561.0
2019-03-08,122.28,122.91,122.11,122.91,1657430.0
2019-03-11,122.45,122.58,121.92,122.26,839310.0
2019-03-12,122.29,123.03,122.29,122.97,878230.0
2019-03-13,123.26,123.875,123.26,123.71,970555.0
2019-03-14,123.03,123.07,122.12,122.49,983502.0
2019-03-15,123.1,123.4,122.88,122.99,1287525.0
2019-03-18,123.15,123.4,122.89,123.12,696053.0
2019-03-19,122.13,123.82,122.13,123.44,771997.0
2019-03-20,123.07,124.41,122.65,124.23,2055044.0
2019-03-21,124.68,124.68,123.11,123.7,1265653.0
2019-03-22,123.95,124.28,123.71,124.28,1048217.0
2019-03-25,124.34,125.11,124.34,124.88,1282133.0
2019-03-26,124.4,124.57,124.02,124.35,775949.0
2019-03-27,124.58,124.58,123.56,123.65,1282054.0
2019-03-28,123.62,123.62,121.71,121.96,1969512.0
2019-03-29,121.6,122.74,121.6,122.29,1112954.0
2019-04-01,121.87,122.47,121.46,121.7,1580472.0
2019-04-02,121.5,122.08,121.47,122.08,617374.0
2019-04-03,122.02,122.23,121.68,121.8,891233.0
2019-04-04,121.97,122.24,120.96,122.09,1239101.0
2019-04-05,121.72,122.12,121.31,121.88,1005378.0
2019-04-08,122.48,123.08,122.41,122.55,707389.0
2019-04-09,122.88,123.345,122.83,123.15,730811.0
2019-04-10,123.13,123.76,122.91,123.65,877802.0
2019-04-11,123.17,123.23,121.79,122.05,2020469.0
2019-04-12,122.28,122.32,121.81,121.9,729670.0
2019-04-15,121.5,121.82,121.1,121.6,696340.0
2019-04-16,121.29,121.33,120.19,120.54,1481686.0
2019-04-17,120.75,120.75,120.2,120.33,601346.0
2019-04-18,120.39,120.55,120.16,120.37,556883.0
2019-04-22,120.71,120.83,120.28,120.38,279217.0
2019-04-23,120.26,120.26,119.56,120.05,868367.0
2019-04-24,120.15,120.71,119.96,120.43,676142.0
2019-04-25,120.59,121.1,120.41,120.7,614800.0
2019-04-26,121.03,121.67,120.47,121.45,837328.0
2019-04-29,121.0,121.23,120.67,120.88,430211.0
2019-04-30,121.17,121.41,120.86,120.91,531181.0
2019-05-01,120.94,121.55,120.18,120.48,1919258.0
2019-05-02,120.12,120.18,119.54,119.64,1021922.0
2019-05-03,119.92,121.08,119.77,120.84,1221354.0
2019-05-06,121.03,121.12,120.55,120.99,501363.0
2019-05-07,121.02,121.41,120.67,121.38,605219.0
2019-05-08,121.54,121.89,120.77,121.0,552536.0
2019-05-09,121.32,121.61,120.87,121.2,1004377.0
2019-05-10,121.26,121.72,121.25,121.4,754617.0
2019-05-13,121.15,122.85,121.09,122.71,1292423.0
2019-05-14,122.55,122.68,122.13,122.43,815724.0
2019-05-15,122.46,122.8,122.22,122.48,1728993.0
2019-05-16,122.43,122.43,121.2,121.57,1154981.0
2019-05-17,121.31,121.46,120.33,120.79,1104999.0
2019-05-20,120.41,120.74,120.24,120.63,475403.0
2019-05-21,120.45,120.46,119.84,120.34,621769.0
2019-05-22,120.31,120.54,120.19,120.19,435790.0
2019-05-23,120.41,121.51,120.38,121.23,1010731.0
2019-05-24,121.03,121.3,120.89,121.28,359610.0
2019-05-28,121.16,121.23,120.47,120.9,551154.0
2019-05-29,121.29,121.3,120.745,120.84,584002.0
2019-05-30,120.43,121.75,120.43,121.75,885754.0
2019-05-31,122.15,123.4,122.14,123.4,2625848.0
2019-06-03,124.12,125.335,123.91,125.13,1941934.0
2019-06-04,125.41,125.42,124.61,125.06,1296638.0
2019-06-05,125.8,126.83,125.24,125.85,1455192.0
2019-06-06,126.13,126.45,125.805,125.86,1024824.0
2019-06-07,126.03,127.24,125.83,126.59,1481280.0
2019-06-10,125.12,125.52,125.06,125.3,993803.0
2019-06-11,124.9,125.39,124.57,125.31,857493.0
2019-06-12,126.25,126.29,125.56,125.83,970438.0
2019-06-13,126.24,127.0,125.89,127.0,1130372.0
2019-06-14,127.67,127.97,126.26,126.99,1524597.0
2019-06-17,126.06,126.76,125.79,126.5,817315.0
2019-06-18,126.88,127.75,126.39,127.07,2216173.0
2019-06-19,126.76,128.56,126.6,128.39,2542583.0
2019-06-20,130.42,131.49,130.08,131.25,3168582.0
2019-06-21,130.53,132.2,130.53,132.2,2310014.0
2019-06-24,132.45,134.5,132.45,134.49,2728189.0
2019-06-25,135.39,135.55,132.88,133.85,4269769.0
2019-06-26,133.26,133.55,132.36,132.85,2246776.0
2019-06-27,132.4,133.21,131.95,132.97,1569542.0
2019-06-28,133.49,133.56,132.61,133.14,1445265.0
2019-07-01,131.26,131.755,130.5,130.75,2644304.0
2019-07-02,131.38,135.38,131.17,135.09,2305770.0
2019-07-03,134.38,134.58,133.23,133.65,1058530.0
2019-07-05,133.52,133.52,130.81,132.1,2126387.0
2019-07-08,132.63,132.71,131.28,131.81,1138409.0
2019-07-09,131.34,132.1,130.73,131.74,1081470.0
2019-07-10,131.73,134.11,131.31,134.11,3050097.0
2019-07-11,134.13,134.35,132.18,132.4,1469023.0
2019-07-12,132.93,133.68,132.5,133.67,1084016.0
2019-07-15,133.58,133.71,132.81,133.61,603533.0
2019-07-16,133.32,133.57,132.14,132.53,1529769.0
2019-07-17,132.42,134.78,132.1,134.5,2078638.0
2019-07-18,134.0,136.64,133.47,136.39,4547301.0
2019-07-19,135.81,136.03,133.97,134.4,2969985.0
2019-07-22,134.61,134.82,134.33,134.45,1424636.0
2019-07-23,133.9,134.93,133.565,133.65,2000020.0
2019-07-24,134.26,134.83,133.98,134.5,1286188.0
2019-07-25,134.6,135.22,133.1,133.4,2099104.0
2019-07-26,133.77,134.3,133.3,133.75,1216459.0
2019-07-29,133.8,134.72,133.44,134.4,1902969.0
2019-07-30,134.53,135.17,134.41,134.95,1628914.0
2019-07-31,134.95,135.37,133.0,133.1,4269000.0
2019-08-01,132.5,136.66,132.1,135.52,4796757.0
2019-08-02,135.67,136.59,134.99,135.89,3060204.0
2019-08-05,137.5,139.5,137.05,139.5,2780403.0
2019-08-06,137.85,139.49,137.85,139.49,1885636.0
2019-08-07,140.17,142.47,140.09,141.55,5444258.0
2019-08-08,141.24,142.37,140.5,141.8,3075757.0
2019-08-09,141.62,142.03,140.97,141.39,2271770.0
2019-08-12,140.67,143.38,140.67,142.73,2685360.0
2019-08-13,143.91,144.76,139.35,141.5,5497794.0
2019-08-14,141.33,143.75,141.33,143.1,4699265.0
2019-08-15,142.67,144.02,142.27,143.91,2959476.0
2019-08-16,142.75,143.13,141.81,142.81,1994403.0
2019-08-19,142.03,142.03,140.85,140.86,1989371.0
2019-08-20,141.55,142.45,141.55,142.29,1425308.0
2019-08-21,141.22,142.17,141.2,141.7,1601417.0
2019-08-22,141.31,141.89,140.8,141.05,1648084.0
2019-08-23,141.13,144.6,140.99,144.6,4776360.0
2019-08-26,144.26,144.97,143.85,144.15,2233350.0
2019-08-27,144.53,145.68,144.16,145.57,2386405.0
2019-08-28,145.2,145.82,144.64,145.0,2338039.0
2019-08-29,145.38,145.69,143.28,144.12,3245585.0
2019-08-30,143.57,144.535,143.03,143.5,1897518.0
2019-09-03,144.3,146.23,144.25,146.23,3373838.0
2019-09-04,144.9,146.81,144.64,146.3,2116056.0
2019-09-05,145.4,145.65,142.0,143.1,4123994.0
2019-09-06,142.23,144.06,141.71,141.83,3086156.0
2019-09-09,141.9,142.84,141.0,141.09,1989373.0
2019-09-10,141.0,141.52,139.95,140.18,2058495.0
2019-09-11,140.48,141.25,140.18,140.78,1616557.0
2019-09-12,141.76,143.7,141.0,141.06,3186886.0
2019-09-13,141.86,142.26,140.07,140.25,2851584.0
2019-09-16,141.76,142.01,141.025,141.2,1798300.0
2019-09-17,141.2,142.1,141.04,141.6,1231239.0
2019-09-18,141.54,142.53,139.81,140.55,3685848.0
2019-09-19,140.96,141.81,140.95,141.31,1877244.0
2019-09-20,141.8,143.2,141.34,143.14,2028742.0
2019-09-23,143.07,143.94,143.0,143.35,1717067.0
2019-09-24,143.55,144.77,142.88,144.47,2337136.0
2019-09-25,144.39,144.42,141.44,141.95,2174473.0
2019-09-26,142.14,142.57,141.5,141.78,1487075.0
2019-09-27,141.34,141.68,140.16,140.94,2320888.0
2019-09-30,140.31,140.42,138.03,138.97,2890294.0
2019-10-01,137.78,140.19,137.55,139.59,2508253.0
2019-10-02,139.72,141.87,139.56,141.45,2161094.0
2019-10-03,141.29,143.24,141.23,141.86,3053697.0
2019-10-04,142.18,142.53,141.02,141.79,2016586.0
2019-10-07,141.65,141.77,140.25,140.6,1295168.0
2019-10-08,141.13,142.3,141.13,142.2,1976536.0
2019-10-09,142.09,142.98,141.5,142.62,1545371.0
2019-10-10,142.15,142.28,140.58,140.7,1693501.0
2019-10-11,141.55,141.55,138.91,140.11,2160217.0
2019-10-14,140.43,141.08,140.29,140.6,628307.0
2019-10-15,140.7,141.22,139.21,139.55,1401841.0
2019-10-16,139.83,140.57,139.22,140.42,2756482.0
2019-10-17,140.26,141.12,139.8,140.63,942938.0
2019-10-18,140.18,140.72,140.02,140.41,774114.0
2019-10-21,140.24,140.9,139.61,139.84,1231421.0
2019-10-22,140.25,140.29,139.72,140.25,711722.0
2019-10-23,140.67,141.0,140.5,140.54,661947.0
2019-10-24,140.51,141.75,140.28,141.69,781309.0
2019-10-25,142.0,143.04,141.4,141.8,985583.0
2019-10-28,141.7,141.99,140.41,140.5,860531.0
2019-10-29,140.72,140.77,139.78,140.25,640215.0
2019-10-30,140.43,141.04,139.56,140.92,1301849.0
2019-10-31,141.33,142.68,141.3,142.55,1217351.0
2019-11-01,142.06,142.89,141.7,142.68,1102431.0
2019-11-04,142.29,142.7,141.75,142.2,641254.0
2019-11-05,141.76,141.84,139.38,139.7,1822877.0
2019-11-06,140.13,140.79,139.74,140.41,755897.0
2019-11-07,140.09,140.19,137.6,138.39,2070009.0
2019-11-08,138.17,138.32,137.25,137.49,1421095.0
2019-11-11,138.0,138.1,136.435,137.08,1105159.0
2019-11-12,136.85,137.59,136.19,137.3,1056502.0
2019-11-13,137.71,138.215,137.59,138.15,1038369.0
2019-11-14,138.44,138.94,138.0,138.57,946137.0
2019-11-15,137.91,138.42,137.91,138.21,1167875.0
2019-11-18,137.64,138.85,137.3,138.57,759671.0
2019-11-19,138.32,138.97,138.1,138.95,791352.0
2019-11-20,139.24,139.24,138.1,138.92,1026341.0
2019-11-21,138.39,138.55,137.78,138.01,732291.0
2019-11-22,138.25,138.65,137.67,137.7,604013.0
2019-11-25,137.37,137.61,136.98,136.98,698209.0
2019-11-26,137.21,137.79,136.59,137.68,692398.0
2019-11-27,137.47,137.57,136.84,137.04,566076.0
2019-11-29,137.2,138.13,136.91,137.83,641877.0
2019-12-02,137.69,138.07,137.08,137.75,1095779.0
2019-12-03,137.84,139.56,137.84,139.09,1385694.0
2019-12-04,139.58,139.58,138.59,138.93,711105.0
2019-12-05,138.91,139.44,138.79,139.01,584940.0
2019-12-06,138.85,139.04,137.395,137.54,766154.0
2019-12-09,137.75,138.01,137.45,137.64,438287.0
2019-12-10,137.93,138.37,137.75,137.9,482956.0
2019-12-11,138.09,139.3,138.06,138.96,1031413.0
2019-12-12,138.93,140.0,137.83,138.04,1571793.0
2019-12-13,138.57,139.21,137.98,139.0,1284048.0
2019-12-16,139.12,139.39,138.8,139.09,679152.0
2019-12-17,139.2,139.33,138.86,139.02,700388.0
2019-12-18,139.32,139.32,138.52,138.94,572979.0
2019-12-19,138.95,139.54,138.8,139.27,823685.0
2019-12-20,139.14,139.445,138.81,138.81,584030.0
2019-12-23,139.78,139.96,139.48,139.91,696141.0
2019-12-24,140.5,141.33,140.25,141.22,751292.0
2019-12-26,141.75,142.46,141.73,142.32,861422.0
2019-12-27,142.19,142.72,142.13,142.32,715606.0
2019-12-30,142.42,142.79,142.33,142.69,777370.0
2020-01-02,143.13,144.21000000000004,143.13,143.90999999999997,1094166.0
2020-01-03,145.40000000000003,146.32,145.12000000000003,146.01,1896001.0
2020-01-06,148.36,148.69000000000003,146.96,147.23,2047124.0
2020-01-07,147.38,150.50999999999996,147.24,150.02999999999997,1079869.0
2020-01-08,148.83999999999995,149.29,146.13999999999996,146.56999999999996,3780333.0
2020-01-09,145.71000000000004,146.4,145.45,146.13,1511070.0
2020-01-10,145.99000000000004,147.16999999999996,145.69999999999996,146.98,1105149.0
2020-01-13,146.0,146.46000000000004,145.65,145.68000000000004,1051142.0
2020-01-14,145.45,145.85,145.09,145.83000000000004,1101760.0
2020-01-15,146.23,146.72,145.67,146.56,1075620.0
2020-01-16,146.34000000000003,146.55000000000004,145.76,146.19,716546.0
2020-01-17,146.38000000000002,146.985,146.31000000000003,146.56999999999996,2051888.0
2020-01-21,146.48999999999998,146.87000000000003,145.57999999999998,146.6,1090734.0
2020-01-22,146.58000000000004,147.16999999999996,146.36999999999998,147.16999999999996,617848.0
2020-01-23,146.5,147.62,146.21999999999997,146.96999999999997,1062885.0
2020-01-24,146.78,148.38,146.55000000000004,148.38,1355257.0
2020-01-27,148.71999999999997,149.315,148.46,148.82,1219297.0
2020-01-28,148.94,148.94,147.44999999999996,147.75,814844.0
2020-01-29,147.79,148.55,147.61000000000004,148.47999999999996,806531.0
2020-01-30,148.87,149.3,147.99999999999997,148.13000000000002,1531420.0
2020-01-31,148.61000000000004,149.80000000000004,148.59,149.70999999999998,1936250.0
2020-02-03,148.39999999999998,148.77000000000004,147.71000000000004,148.61000000000004,1176062.0
2020-02-04,147.44999999999996,147.83999999999995,145.81,146.28999999999996,1448518.0
2020-02-05,146.28,146.80999999999997,145.71000000000004,146.5,904963.0
2020-02-06,146.96,147.63,146.96,147.42,800061.0
2020-02-07,147.39,148.18,147.0,147.84999999999997,1052734.0
2020-02-10,148.03,148.445,147.91,147.99999999999997,819993.0
2020-02-11,147.61000000000004,148.15999999999997,147.02000000000004,147.40999999999997,772221.0
2020-02-12,147.08,147.84999999999997,147.08,147.84999999999997,633777.0
2020-02-13,148.22,148.58,147.95999999999998,148.5,804550.0
2020-02-14,148.3,149.2,148.3,149.2,903335.0
2020-02-18,149.50999999999996,151.08000000000004,149.34999999999997,150.70999999999998,1680057.0
2020-02-19,151.45,151.81999999999996,150.81500000000003,151.52,1382602.0
2020-02-20,151.53999999999996,152.83000000000004,151.53999999999996,152.66000000000005,1339994.0
2020-02-21,153.58000000000004,155.22,153.55,154.95999999999998,2971530.0
2020-02-24,158.15,158.96000000000004,155.36000000000004,155.62999999999997,4239773.0
2020-02-25,155.42999999999998,156.08000000000004,152.91,154.33000000000004,5815934.0
2020-02-26,155.43999999999997,155.61000000000004,152.90000000000003,154.78,3581445.0
2020-02-27,154.91999999999996,156.26999999999998,153.9,154.78,4897705.0
2020-02-28,154.03999999999996,154.07,147.06,148.85,6549162.0
2020-03-02,150.93000000000004,151.53999999999996,149.03999999999996,149.82,2759821.0
2020-03-03,150.24000000000004,155.50999999999996,150.06999999999996,154.91,5463112.0
2020-03-04,153.9,155.22,153.715,154.1,2189177.0
2020-03-05,154.55,157.61999999999998,154.55,157.56000000000003,2617507.0
2020-03-06,157.8,159.24,154.54,157.69,5516573.0
2020-03-09,158.2,158.64999999999998,156.33,156.5,4548560.0
2020-03-10,156.73,156.86,154.39999999999998,155.46000000000004,3231578.0
2020-03-11,156.22,157.21999999999997,153.50000000000003,154.65,2939503.0
2020-03-12,154.23,154.75,146.86000000000004,148.35,6106153.0
2020-03-13,149.49,150.34999999999997,141.58000000000004,144.6,6092787.0
2020-03-16,144.18999999999997,145.08000000000004,136.11999999999998,141.58000000000004,4979984.0
2020-03-17,139.91,146.2,138.00000000000003,144.64,4266337.0
2020-03-18,141.54,143.24000000000004,138.5,140.96999999999997,3972816.0
2020-03-19,140.0,140.48999999999998,136.99999999999997,138.26999999999998,3308801.0
2020-03-20,142.1,142.54,139.15000000000003,141.94,2963683.0
2020-03-23,140.30000000000004,147.59,140.04999999999998,147.59,5489174.0
2020-03-24,149.42,155.66,149.3,154.49000000000004,3160351.0
2020-03-25,152.41999999999996,152.96999999999997,150.22,151.25,2499292.0
2020-03-26,150.74999999999997,154.81,150.58999999999995,152.80000000000004,1846845.0
2020-03-27,153.0,153.51999999999998,152.0,153.04999999999998,1840517.0
2020-03-30,152.55000000000004,153.24999999999997,151.57999999999998,152.52999999999997,2487006.0
2020-03-31,152.08,152.09999999999997,147.35,147.91,2697485.0
2020-04-01,150.06999999999996,150.2,147.87,149.93,1781587.0
2020-04-02,149.82,152.5,149.60000000000002,152.2,1740999.0
2020-04-03,151.89999999999998,153.08,151.29,152.75,1622989.0
2020-04-06,153.75,158.88999999999996,153.4,157.21000000000004,2431545.0
2020-04-07,155.05000000000004,156.3,154.38,155.78,2027879.0
2020-04-08,155.38999999999996,155.94,154.59,154.79999999999998,1496375.0
2020-04-09,156.26,159.28,155.80000000000004,159.28,3298779.0
2020-04-13,159.16,162.38,158.63,161.59999999999997,3200188.0
2020-04-14,162.0,164.42,161.5,162.30999999999997,3209048.0
2020-04-15,160.91999999999996,162.53,160.82,161.66999999999996,2146561.0
2020-04-16,162.18,163.6,160.25,161.19,1845125.0
2020-04-17,159.56999999999996,160.07,158.12000000000003,158.68999999999997,2956157.0
2020-04-20,157.73,160.19999999999996,157.73,159.11000000000004,1441672.0
2020-04-21,159.36999999999998,159.4,156.36000000000004,159.18000000000004,3017123.0
2020-04-22,159.67,161.74999999999997,159.36,161.14,2682841.0
2020-04-23,161.73,163.6,161.73,162.5,2862039.0
2020-04-24,162.6,163.31,160.87999999999997,162.73999999999998,2470028.0
2020-04-27,161.90999999999997,162.06,160.41000000000005,160.75,1400466.0
2020-04-28,160.15,161.15999999999997,159.16,160.54,1748215.0
2020-04-29,160.5,161.98999999999998,159.75,161.54999999999998,2251139.0
2020-04-30,161.81000000000003,161.82999999999998,158.13,158.80000000000004,2628356.0
2020-05-01,157.49999999999997,160.38499999999996,157.33999999999995,159.9,2149471.0
2020-05-04,159.93000000000004,160.99999999999997,159.66,160.29,1211342.0
2020-05-05,159.76,161.1,159.24999999999997,160.39999999999998,1695233.0
2020-05-06,160.47999999999996,160.63,158.11000000000004,159.04,1918896.0
2020-05-07,159.23,161.96000000000004,159.23,161.39999999999998,2445348.0
2020-05-08,161.54999999999998,161.96000000000004,159.99999999999997,160.05000000000004,1878751.0
2020-05-11,160.46,160.71,159.07,159.64999999999998,1646231.0
2020-05-12,160.09000000000003,160.95,159.71999999999997,160.11999999999998,1519105.0
2020-05-13,159.99999999999997,161.62999999999997,159.84999999999997,161.61000000000004,1699467.0
2020-05-14,161.26999999999998,163.33999999999995,160.99999999999997,162.80000000000004,2480672.0
2020-05-15,163.39,164.76999999999998,162.88,163.93999999999997,2429726.0
2020-05-18,165.64999999999998,165.98,162.41500000000002,163.08000000000004,2866192.0
2020-05-19,162.77,164.43,162.77,164.33,1393604.0
2020-05-20,164.58000000000004,165.80999999999997,163.32,164.40000000000003,1773653.0
2020-05-21,163.01,163.64,161.37,162.26999999999998,2160415.0
2020-05-22,163.24,163.51,162.50999999999996,163.11000000000004,1314146.0
2020-05-26,162.74999999999997,162.76,160.69000000000003,161.1,2220991.0
2020-05-27,160.59999999999997,161.34,159.22000000000003,160.90000000000003,2606076.0
2020-05-28,161.58,162.45,160.91,161.72,1572811.0
2020-05-29,161.82,163.39,161.82,162.7,2545426.0
2020-06-01,163.61999999999998,163.8,162.4,163.73999999999998,1279399.0
2020-06-02,163.21999999999997,164.07,161.86,162.38,1662981.0
2020-06-03,161.74999999999997,162.05000000000004,158.82000000000002,159.76,3009008.0
2020-06-04,159.99999999999997,161.86,159.83999999999995,161.06,1636740.0
2020-06-05,160.55999999999997,160.81,157.04,158.09,2100300.0
2020-06-08,159.32,159.84999999999997,158.47000000000003,159.7,1208101.0
2020-06-09,159.98,161.77000000000004,159.98,161.01,1320426.0
2020-06-10,161.53000000000003,163.63000000000002,160.51999999999998,163.45,2483545.0
2020-06-11,163.08000000000004,164.05999999999997,161.94,162.4,1889319.0
2020-06-12,162.85,163.88,162.5,162.5,1274393.0
2020-06-15,161.82999999999998,162.54999999999998,160.165,162.14999999999998,1599931.0
2020-06-16,162.80000000000004,162.80000000000004,161.34999999999997,162.1,956045.0
2020-06-17,161.82999999999998,162.80000000000004,160.99999999999997,162.80000000000004,823976.0
2020-06-18,163.29,163.32,161.43999999999997,161.98,618579.0
2020-06-19,162.73999999999998,164.35,162.52000000000004,164.35,2124206.0
2020-06-22,164.11000000000004,165.72999999999996,164.03000000000003,165.04,1466473.0
2020-06-23,165.07,166.54,165.0,166.35,1639484.0
2020-06-24,166.43000000000004,167.18000000000004,165.0,165.99999999999997,1509465.0
2020-06-25,166.07,166.07,165.02000000000004,165.84999999999997,1360491.0
2020-06-26,165.82,166.86000000000004,164.21999999999997,166.79999999999998,1485613.0
2020-06-29,166.31999999999996,166.79,165.99999999999997,166.73,1077748.0
2020-06-30,166.50000000000003,167.98999999999998,165.86000000000004,167.70999999999998,2263775.0
2020-07-01,168.0,168.13,165.34,166.45,2094186.0
2020-07-02,166.63999999999996,167.25000000000003,165.2,166.91,1368612.0
2020-07-06,166.87999999999997,167.99500000000003,166.79999999999998,167.82999999999998,1057413.0
2020-07-07,167.38999999999996,169.00000000000003,166.90000000000003,168.66,1723730.0
2020-07-08,168.82999999999998,170.855,168.82999999999998,170.01999999999998,1707550.0
2020-07-09,170.32,170.62000000000003,168.77999999999997,169.56000000000003,1939794.0
2020-07-10,169.21999999999997,170.15,168.57,169.19,1251807.0
2020-07-13,169.63000000000002,170.41999999999996,169.16,169.35000000000002,1540830.0
2020-07-14,168.6,170.23,168.6,170.05999999999997,1168633.0
2020-07-15,170.35,170.41999999999996,169.39,170.36,1012713.0
2020-07-16,169.69,169.99000000000004,168.65000000000003,168.94999999999996,1408710.0
2020-07-17,169.19,170.25999999999996,169.19,170.01,1924040.0
2020-07-20,170.05,171.07,170.05,170.94000000000003,1276468.0
2020-07-21,171.43000000000004,173.55999999999997,171.43000000000004,173.21000000000004,2035057.0
2020-07-22,174.0,175.95,173.59999999999997,175.72,2834070.0
2020-07-23,176.23,178.405,175.65,177.12,3582668.0
2020-07-24,178.23,179.17,177.39,179.14999999999998,2154093.0
2020-07-27,181.69999999999996,184.77000000000004,181.46,184.61000000000004,2707459.0
2020-07-28,179.82,184.34,179.73,183.65,3346153.0
2020-07-29,183.98,186.13,182.40999999999997,184.79,4330438.0
2020-07-30,183.83999999999995,184.33000000000004,182.13,183.74000000000004,2825554.0
2020-07-31,185.66999999999996,185.9,184.16999999999996,185.01,2555098.0
2020-08-03,185.31999999999996,185.81,184.19999999999996,185.46999999999997,1756029.0
2020-08-04,185.80000000000004,190.7,184.99,190.7,3726112.0
2020-08-05,191.36,193.13,190.59,191.39,4472675.0
2020-08-06,191.89,194.84999999999997,191.89,194.55000000000004,3300942.0
2020-08-07,194.01,194.01,189.34000000000003,190.89,4528005.0
2020-08-10,190.89,192.6,189.67,190.53000000000003,2659443.0
2020-08-11,187.45,187.53999999999996,178.67999999999998,179.19999999999996,7971364.0
2020-08-12,181.97,183.08999999999995,179.07,180.57,5245040.0
2020-08-13,181.27000000000004,184.69,180.37,183.87999999999997,3490617.0
2020-08-14,183.03,183.78,181.49,183.21,2037655.0
2020-08-17,183.52,187.0,183.12999999999997,186.32,2890299.0
2020-08-18,188.33,189.4,185.63999999999996,188.4,3098268.0
2020-08-19,186.50999999999996,187.46,180.81,181.13,5020691.0
2020-08-20,181.69999999999996,183.7,180.94999999999996,183.43,2881557.0
2020-08-21,182.24999999999997,182.77999999999997,179.59999999999997,182.03,2385863.0
2020-08-24,182.8,184.19,180.06999999999996,181.29,1631761.0
2020-08-25,181.01,181.49999999999997,179.74000000000004,181.24000000000004,1451692.0
2020-08-26,180.12000000000003,183.90000000000003,178.75,183.44,2065007.0
2020-08-27,182.65,185.69,179.36,181.06999999999996,2617148.0
2020-08-28,182.61,185.39,182.61,184.75999999999996,2401898.0
2020-08-31,184.02000000000004,185.53,183.84999999999997,184.89,1420149.0
2020-09-01,187.05,187.12,184.33000000000004,185.29,1524241.0
2020-09-02,184.35,185.03999999999996,181.49999999999997,182.65,1762128.0
2020-09-03,181.85,182.8,180.5,181.05,1785196.0
2020-09-04,181.80000000000004,182.88,180.0,181.86,2137060.0
2020-09-08,181.09999999999997,182.25999999999996,179.02,181.08000000000004,2361482.0
2020-09-09,181.25999999999996,183.22,180.45,182.96,1210388.0
2020-09-10,182.6,184.67,182.29,182.49,1548081.0
2020-09-11,182.21,183.54,182.01,182.35,1291509.0
2020-09-14,182.71000000000004,184.30000000000004,182.4,183.7,1477331.0
2020-09-15,184.24999999999997,185.03999999999996,182.92,183.52999999999997,1215582.0
2020-09-16,184.47999999999996,185.30999999999997,183.34000000000003,183.93,1907996.0
2020-09-17,182.65999999999997,183.08,181.48,182.81999999999996,1342460.0
2020-09-18,183.40999999999997,184.08,182.64,183.15,1369160.0
2020-09-21,182.96,182.96,176.74000000000004,179.98,2694712.0
2020-09-22,178.90000000000003,180.02000000000004,178.11999999999998,178.87,1226432.0
2020-09-23,176.33,177.80999999999997,174.04000000000002,174.25000000000003,2659259.0
2020-09-24,174.25000000000003,176.23,173.62999999999997,175.4,1816308.0
2020-09-25,175.84000000000003,175.84000000000003,173.89,174.46,1097215.0
2020-09-28,174.50999999999996,176.84999999999997,173.66,176.84,1064629.0
2020-09-29,176.86000000000004,178.49000000000004,176.35,178.19999999999996,1295357.0
2020-09-30,177.34,178.61000000000004,176.65999999999997,177.27,1274635.0
2020-10-01,178.08,179.5,177.82,178.75,1361604.0
2020-10-02,179.23999999999998,179.55999999999997,178.15999999999997,178.55999999999997,1190567.0
2020-10-05,177.68999999999997,180.13,177.68999999999997,179.54,1002327.0
2020-10-06,179.27999999999997,180.37,176.05999999999997,176.49999999999997,1452198.0
2020-10-07,177.67,177.67,176.44,177.22000000000003,1059811.0
2020-10-08,177.8,178.45,176.68999999999997,178.02000000000004,1033437.0
2020-10-09,179.61000000000004,181.18,179.55,181.16,1810403.0
2020-10-12,180.86,181.0,180.18999999999997,180.56,656317.0
2020-10-13,180.11,180.57,177.12999999999997,177.63,1148007.0
2020-10-14,178.04999999999998,179.58999999999995,177.96999999999997,178.27999999999997,1254883.0
2020-10-15,177.50000000000003,179.14500000000004,177.43000000000004,178.99999999999997,1185235.0
2020-10-16,179.39999999999998,179.65,178.12999999999997,178.12999999999997,1136577.0
2020-10-19,179.19,180.12000000000003,178.37000000000003,178.59999999999997,991725.0
2020-10-20,178.43999999999997,179.665,178.08999999999995,179.25000000000003,1408425.0
2020-10-21,180.24000000000004,181.31000000000003,179.83,180.58,1234960.0
2020-10-22,180.18,180.18,177.72999999999996,178.85000000000002,1454781.0
2020-10-23,179.14,179.66,177.76,178.36,1145474.0
2020-10-26,178.24999999999997,179.14,178.03,178.55000000000004,798672.0
2020-10-27,178.59,179.42999999999998,178.45,178.74,803304.0
2020-10-28,178.87,178.91999999999996,175.45,176.29999999999998,1813147.0
2020-10-29,176.39,176.39,174.53000000000003,175.17999999999998,1332198.0
2020-10-30,175.55000000000004,177.35,175.55000000000004,176.49999999999997,1235404.0
2020-11-02,177.2,177.92999999999998,177.0,177.83999999999995,1032337.0
2020-11-03,178.39999999999998,179.69000000000003,178.30000000000004,179.51999999999998,1146740.0
2020-11-04,177.68999999999997,179.5,177.14,178.71,2197865.0
2020-11-05,179.97000000000003,183.28,179.80000000000004,182.80999999999997,2468538.0
2020-11-06,182.48,183.96,182.19,183.46000000000004,1644442.0
2020-11-09,183.90000000000003,183.96,173.64,175.55000000000004,5272968.0
2020-11-10,177.06000000000003,177.06000000000003,175.65999999999997,176.2,1592704.0
2020-11-11,176.29,176.31,174.18999999999997,175.15000000000003,1261299.0
2020-11-12,175.01,176.76,175.01,176.05,1267169.0
2020-11-13,176.27000000000004,177.95,176.04,177.2,959716.0
2020-11-16,177.76,177.9,175.01,177.2,1181357.0
2020-11-17,177.4,177.71000000000004,176.09999999999997,176.56999999999996,1061590.0
2020-11-18,176.69999999999996,176.84999999999997,174.89999999999998,175.49999999999997,1291161.0
2020-11-19,174.29,175.41999999999996,173.82,174.7,1095666.0
2020-11-20,175.16,176.36999999999998,174.88,175.41,952110.0
2020-11-23,175.43000000000004,175.45999999999998,171.79,172.36,2257700.0
2020-11-24,171.24,171.44,168.86999999999998,169.8,2595122.0
2020-11-25,170.0,170.52000000000004,169.25,169.61,1564059.0
2020-11-27,169.85,169.85,166.46,167.78999999999996,1653692.0
2020-11-30,166.63,167.41,165.58000000000004,166.87999999999997,2113707.0
2020-12-01,168.25,170.47000000000003,168.1,169.89999999999998,1951117.0
2020-12-02,171.12,171.87000000000003,170.15,171.75,1425350.0
2020-12-03,172.59,172.95999999999998,171.08,172.63,1592794.0
2020-12-04,172.63,173.41000000000005,171.59000000000003,172.50000000000003,1255308.0
2020-12-07,171.52999999999997,175.29,171.39,175.02999999999997,1837771.0
2020-12-08,175.00000000000003,175.93,174.54999999999998,175.41,924551.0
2020-12-09,174.86999999999998,175.00000000000003,171.24,172.11999999999998,1643497.0
2020-12-10,172.03,173.58,171.7,172.36,1094413.0
2020-12-11,171.87999999999997,173.31999999999996,171.10000000000002,172.55000000000004,995805.0
2020-12-14,171.59000000000003,172.51999999999998,170.56,171.4,1168369.0
2020-12-15,173.03,174.02999999999997,172.87,173.85,1068957.0
2020-12-16,174.58999999999995,175.01,173.02,174.89999999999998,1521600.0
2020-12-17,176.24999999999997,177.87000000000003,175.67,176.75000000000003,1751307.0
2020-12-18,176.49999999999997,177.23,176.09999999999997,176.95,1158355.0
2020-12-21,176.31,177.9,175.00000000000003,176.29,1414675.0
2020-12-22,175.57999999999998,176.43000000000004,174.34500000000003,174.6,1158495.0
2020-12-23,175.29,176.20999999999998,174.38,175.53999999999996,768283.0
2020-12-24,176.25999999999996,176.59000000000003,175.49999999999997,175.97,778219.0
2020-12-28,176.61,177.9,175.45999999999998,175.95,1123584.0
2020-12-29,176.07,176.96999999999997,175.57,176.01999999999998,883526.0
2020-12-30,176.33,177.82,176.12000000000003,177.82,787925.0
2020-12-31,177.52,178.39999999999998,177.32999999999998,178.15999999999997,1440773.0
2021-01-04,181.21,182.4,180.87,182.01,2492556.0
2021-01-05,182.15000000000003,183.2,181.83000000000004,183.00999999999996,2045676.0
2021-01-06,183.24999999999997,183.74000000000004,178.24999999999997,180.48,3064214.0
2021-01-07,179.90000000000003,180.26,178.86000000000004,179.73,777607.0
2021-01-08,177.20999999999998,177.67,171.48999999999998,173.45,4094699.0
2021-01-11,173.43999999999997,173.69000000000003,171.58000000000004,173.17,1237627.0
2021-01-12,174.01,174.77,172.25,174.26,1468526.0
2021-01-13,174.01,174.53000000000003,172.74,173.34999999999997,951472.0
2021-01-14,172.86000000000004,174.22,172.25,173.27999999999997,1182036.0
2021-01-15,173.59999999999997,174.06999999999996,170.98,171.28,1983177.0
2021-01-19,172.82,172.97000000000003,171.91999999999996,172.53,673366.0
2021-01-20,173.94,175.57999999999998,171.83999999999995,175.37,1039122.0
2021-01-21,175.37999999999997,175.57,174.29,175.35000000000002,680617.0
2021-01-22,174.65000000000003,174.66,172.30000000000004,173.90000000000003,620057.0
2021-01-25,173.62999999999997,175.13999999999996,173.19999999999996,174.02999999999997,621465.0
2021-01-26,173.92,174.41,173.3,173.54,539834.0
2021-01-27,173.25000000000003,173.51999999999998,171.66000000000005,172.50000000000003,1185975.0
2021-01-28,172.51999999999998,174.73,172.03999999999996,172.90000000000003,1309380.0
2021-01-29,173.1,176.0,172.61000000000004,173.38,1740650.0
2021-02-01,174.58999999999995,175.25,174.06,174.18,1437729.0
2021-02-02,173.45,173.74999999999997,171.52,172.30000000000004,1080677.0
2021-02-03,172.11,172.69000000000003,171.51,171.94000000000003,519594.0
2021-02-04,170.75000000000003,170.75000000000003,167.34999999999997,168.34999999999997,1889527.0
2021-02-05,169.53,170.17999999999998,168.2,169.96,940972.0
2021-02-08,169.71000000000004,172.39999999999998,169.69,171.55,1230630.0
2021-02-09,172.87,173.23,171.75,172.23,759366.0
2021-02-10,172.95999999999998,173.90999999999997,172.00999999999996,172.65000000000003,806896.0
2021-02-11,172.77000000000004,173.19,170.71,171.26,807444.0
2021-02-12,170.25999999999996,171.64,169.75,171.10000000000002,907512.0
2021-02-16,170.91,171.04999999999998,167.5,167.59999999999997,2020411.0
2021-02-17,167.66,168.06,165.84999999999997,166.67,1495122.0
2021-02-18,167.52000000000004,167.59999999999997,165.74000000000004,165.99999999999997,1160761.0
2021-02-19,166.36,167.94,165.72999999999996,167.25000000000003,1383301.0
2021-02-22,168.14,169.89,168.1,169.69999999999996,1296003.0
2021-02-23,169.63000000000002,169.89,168.29,169.27000000000004,1147123.0
2021-02-24,169.15000000000003,169.68,167.15999999999997,169.15000000000003,1557300.0
2021-02-25,167.69,168.25,165.44999999999996,166.02000000000004,2989244.0
2021-02-26,165.71000000000004,165.87000000000003,160.95999999999998,162.58,3970770.0
2021-03-01,163.92,164.0,161.15999999999997,161.50999999999996,2198691.0
2021-03-02,161.41,162.96,161.22,162.6,2042910.0
2021-03-03,161.9,162.09000000000003,159.48999999999998,160.27999999999997,2316315.0
2021-03-04,160.53,161.45,158.43,158.72999999999996,2297663.0
2021-03-05,158.91,160.00999999999996,158.09,159.44999999999996,1364295.0
2021-03-08,158.96000000000004,158.98,157.05999999999997,157.91000000000005,1669633.0
2021-03-09,159.52999999999997,161.25000000000003,159.4,160.75,1524779.0
2021-03-10,160.67,161.82999999999998,160.18,161.82,1134559.0
2021-03-11,162.92,163.05,161.125,161.45,882980.0
2021-03-12,159.95,162.0,159.30000000000004,161.7,1617291.0
2021-03-15,161.62999999999997,162.54999999999998,161.42999999999998,162.26,1111020.0
2021-03-16,162.34999999999997,163.2,161.81000000000003,162.25,1036174.0
2021-03-17,162.53,164.135,161.5,163.81,2229568.0
2021-03-18,162.99000000000004,163.12,161.11,162.56,1311433.0
2021-03-19,163.16,163.64,162.42999999999998,163.55000000000004,1059891.0
2021-03-22,162.06999999999996,163.13,161.94,162.97999999999996,601319.0
2021-03-23,162.74999999999997,163.25999999999996,161.59999999999997,161.86999999999998,861081.0
2021-03-24,162.5,162.89,161.94,162.58,973016.0
2021-03-25,162.38,163.57,161.31999999999996,162.0,1299236.0
2021-03-26,161.74999999999997,162.73,161.29,162.46,912416.0
2021-03-29,161.70999999999998,161.94999999999996,159.83999999999995,160.36,1187699.0
2021-03-30,159.28,159.28,157.29999999999998,157.88,1182378.0
2021-03-31,157.81999999999996,160.67999999999998,157.68000000000004,159.99000000000004,1597523.0
2021-04-01,160.98,162.21,160.27000000000004,162.21,1151323.0
2021-04-05,161.86,162.4,160.99999999999997,162.02999999999997,794259.0
2021-04-06,162.42,163.53,162.05000000000004,163.32,959752.0
2021-04-07,163.01,163.29999999999998,162.22,162.76,661819.0
2021-04-08,163.48,164.76,163.27000000000004,164.48,956767.0
2021-04-09,163.69,163.8,162.2,163.57999999999998,1004477.0
2021-04-12,162.73,163.4,161.81499999999997,162.3,724317.0
2021-04-13,161.82999999999998,163.85,161.63999999999996,163.6,998738.0
2021-04-14,163.73,163.73999999999998,162.3,162.7,906815.0
2021-04-15,163.48,165.78499999999997,163.44,165.24999999999997,1310477.0
2021-04-16,165.36999999999998,167.1,165.32999999999998,166.42,1538573.0
2021-04-19,167.36,167.62,165.50000000000003,165.96999999999997,936355.0
2021-04-20,165.67,166.81,165.23,166.47999999999996,901032.0
2021-04-21,166.91999999999996,168.38999999999996,166.55999999999997,168.05000000000004,1338436.0
2021-04-22,167.84000000000003,167.84000000000003,166.50000000000003,167.03,1245758.0
2021-04-23,166.99999999999997,168.17,165.79,166.31999999999996,1089828.0
2021-04-26,166.75,166.87999999999997,165.72999999999996,166.87999999999997,783407.0
2021-04-27,166.50000000000003,167.18000000000004,166.14,166.45,940298.0
2021-04-28,165.76,166.97000000000003,165.18000000000004,166.97000000000003,1192654.0
2021-04-29,166.83,166.83,164.47000000000003,166.09000000000003,1473335.0
2021-04-30,165.61,165.99999999999997,165.24,165.72999999999996,1094942.0
2021-05-03,166.31,168.44000000000003,166.23,167.88000000000002,1296052.0
2021-05-04,167.39999999999998,168.54999999999998,165.83,166.61000000000004,1794778.0
2021-05-05,166.46,167.46000000000004,165.8,167.25000000000003,938605.0
2021-05-06,167.81000000000003,170.29,167.58,169.97999999999996,2251467.0
2021-05-07,170.40999999999997,172.61000000000004,170.24999999999997,171.50000000000003,2273405.0
2021-05-10,171.87999999999997,172.83500000000004,171.78000000000003,171.95,1395390.0
2021-05-11,171.84999999999997,172.47,170.27000000000004,171.94000000000003,1288588.0
2021-05-12,171.62,172.66,169.84000000000003,170.25999999999996,2018726.0
2021-05-13,169.99000000000004,171.4,169.53999999999996,171.03000000000003,1239218.0
2021-05-14,171.66000000000005,172.98,171.66000000000005,172.98,1617503.0
2021-05-17,173.61000000000004,175.01999999999998,172.73,175.01999999999998,1687993.0
2021-05-18,175.01999999999998,175.55000000000004,174.46999999999997,175.18999999999997,1032777.0
2021-05-19,174.89,177.0,173.42999999999998,174.77999999999997,3246749.0
2021-05-20,175.67,176.45999999999998,174.68000000000004,175.6,1383792.0
2021-05-21,175.73,176.92999999999998,175.15000000000003,176.29,1228975.0
2021-05-24,176.21999999999997,176.59000000000003,175.69999999999996,175.89999999999998,665951.0
2021-05-25,176.29,177.95999999999998,176.01999999999998,177.75,1365990.0
2021-05-26,178.74,179.11,177.04999999999998,177.58000000000004,1367437.0
2021-05-27,177.92999999999998,177.92999999999998,176.81999999999996,177.72,1189676.0
2021-05-28,177.07,178.50000000000003,176.36999999999998,178.50000000000003,1406612.0
2021-06-01,178.95999999999998,179.1,177.2,177.79,1335748.0
2021-06-02,177.87999999999997,178.79,177.47,178.66,786738.0
2021-06-03,177.23,177.64999999999998,174.66,175.29999999999998,1576539.0
2021-06-04,175.06999999999996,177.56,175.05,177.16,1179744.0
2021-06-07,176.41999999999996,177.98,176.29,177.76,947562.0
2021-06-08,177.07,178.19999999999996,176.36999999999998,177.34,831118.0
2021-06-09,177.24999999999997,177.8,176.72,176.90000000000003,846421.0
2021-06-10,175.79,177.87999999999997,175.09999999999997,177.74000000000004,1394110.0
2021-06-11,177.58000000000004,177.58000000000004,175.48,175.73999999999998,1168263.0
2021-06-14,174.0,175.05500000000004,172.67,174.80000000000004,901470.0
2021-06-15,174.70999999999998,174.90999999999997,173.34000000000003,173.97000000000003,922177.0
2021-06-16,174.12000000000003,174.45,168.81,170.28,2703796.0
2021-06-17,169.43000000000004,169.61,165.44999999999996,166.31,3982340.0
2021-06-18,167.80000000000004,168.22999999999996,164.87000000000003,165.7,1839580.0
2021-06-21,166.54,167.3,166.00999999999996,167.07,1032871.0
2021-06-22,166.36,167.15999999999997,165.9,166.43999999999997,731456.0
2021-06-23,166.91999999999996,168.02000000000004,165.98,166.31,1086171.0
2021-06-24,166.39,167.33000000000004,166.00999999999996,166.18,766113.0
2021-06-25,166.79999999999998,167.55999999999997,166.30000000000004,166.74,876517.0
2021-06-28,166.73,166.91,166.1,166.31,624221.0
2021-06-29,165.96999999999997,166.18,163.85,164.84999999999997,1178784.0
2021-06-30,164.33999999999995,166.09000000000003,164.14,165.51,833194.0
2021-07-01,166.36,166.87999999999997,165.50000000000003,166.23,820116.0
2021-07-02,166.41000000000005,168.01,166.33000000000004,167.30999999999997,890665.0
2021-07-06,169.13,169.88,167.545,168.1,1073397.0
2021-07-07,169.00000000000003,169.32,168.18999999999997,168.82999999999998,803891.0
2021-07-08,169.09999999999997,170.15,167.90999999999997,168.85,935272.0
2021-07-09,168.73999999999998,169.61500000000004,168.38,169.35000000000002,572895.0
2021-07-12,168.89,169.17,167.65,169.00000000000003,847266.0
2021-07-13,169.24000000000004,170.0,168.38999999999996,169.09999999999997,1039760.0
2021-07-14,170.01999999999998,171.23,169.96,170.87000000000003,1096811.0
2021-07-15,171.27,171.43000000000004,170.33999999999995,171.24,903489.0
2021-07-16,170.56999999999996,170.95,169.28000000000003,169.4,1266358.0
2021-07-19,168.98999999999998,169.91000000000005,168.0,169.48,948121.0
2021-07-20,169.69,170.80000000000004,168.92,169.47,784128.0
2021-07-21,169.11000000000004,169.17999999999998,167.97,168.74999999999997,548129.0
2021-07-22,168.45,169.19,167.78999999999996,169.17999999999998,548723.0
2021-07-23,169.29999999999998,169.29999999999998,167.54,168.54999999999998,749991.0
2021-07-26,169.13999999999996,169.36000000000004,168.08000000000004,168.16000000000005,741391.0
2021-07-27,168.32,168.89999999999998,167.94,168.28,752104.0
2021-07-28,168.61000000000004,169.37999999999997,167.73,169.09999999999997,1184145.0
2021-07-29,169.92,171.51,169.91000000000005,171.30000000000004,1038366.0
2021-07-30,171.14,171.24,169.37999999999997,169.89999999999998,850447.0
2021-08-02,169.28000000000003,170.24000000000004,168.98999999999998,169.61,1462514.0
2021-08-03,169.29999999999998,169.81999999999996,169.09999999999997,169.48,679850.0
2021-08-04,169.81,171.39,169.00000000000003,169.56000000000003,1603775.0
2021-08-05,169.57,169.68,168.21,168.77999999999997,1336861.0
2021-08-06,168.37000000000003,168.49,164.55000000000004,164.99,1801821.0
2021-08-09,163.64,163.73999999999998,161.26999999999998,162.1,1543668.0
2021-08-10,162.36000000000004,162.36000000000004,160.69000000000003,161.59999999999997,843275.0
2021-08-11,162.06,164.17,162.06,163.95,846810.0
2021-08-12,164.39,164.39,162.93999999999997,164.03000000000003,669176.0
2021-08-13,164.31000000000003,166.63,164.31000000000003,166.63,967847.0
2021-08-16,165.99999999999997,167.38999999999996,165.72999999999996,167.18000000000004,1252467.0
2021-08-17,167.59999999999997,167.93,166.57000000000002,167.05000000000004,1038355.0
2021-08-18,167.26,167.54999999999998,166.26,167.23,1176603.0
2021-08-19,166.66,167.63999999999996,166.17,166.51999999999998,1057677.0
2021-08-20,166.99999999999997,167.13,166.36,166.83999999999995,894672.0
2021-08-23,166.99,168.97,166.95,168.84,1128044.0
2021-08-24,168.54999999999998,169.28000000000003,168.46999999999997,168.54,591636.0
2021-08-25,167.78999999999996,168.12000000000003,166.75999999999996,167.54999999999998,589087.0
2021-08-26,167.14999999999998,168.205,166.53,167.77000000000004,561347.0
2021-08-27,168.42,170.19000000000003,166.87999999999997,170.09,1223414.0
2021-08-30,169.73,169.99000000000004,169.08499999999998,169.37,453539.0
2021-08-31,169.81,169.96,168.6,169.73,905339.0
2021-09-01,169.28000000000003,170.20999999999998,169.16,169.6,784460.0
2021-09-02,169.77,169.92,168.81999999999996,169.24000000000004,631404.0
2021-09-03,169.47,171.54,169.47,171.10000000000002,1060817.0
2021-09-07,170.01999999999998,170.01999999999998,167.63999999999996,167.92,1350272.0
2021-09-08,168.24000000000004,168.5,166.71,167.46000000000004,969955.0
2021-09-09,167.61000000000004,168.41,166.83,167.92,1016509.0
2021-09-10,168.56,168.56,167.11999999999998,167.18000000000004,940986.0
2021-09-13,167.38999999999996,168.22,166.95,167.72,785329.0
2021-09-14,167.47999999999996,169.16,166.50000000000003,168.76,1092457.0
2021-09-15,168.52000000000004,168.93999999999997,167.46000000000004,167.80000000000004,758964.0
2021-09-16,166.99999999999997,167.05000000000004,163.23,164.05,1544775.0
2021-09-17,164.76,165.26,163.4,164.09999999999997,1150653.0
2021-09-20,164.04,165.28,163.95,165.07,1019625.0
2021-09-21,164.66000000000005,166.62000000000003,164.66000000000005,165.98,985049.0
2021-09-22,165.99000000000004,167.14,165.03000000000003,165.28999999999996,1312682.0
2021-09-23,165.11000000000004,165.95,162.54,163.33,1156678.0
2021-09-24,164.24999999999997,164.35,162.73999999999998,163.72,865082.0
2021-09-27,164.04,164.36,163.17,163.57999999999998,600907.0
2021-09-28,163.04,163.05999999999997,161.61000000000004,162.14,1356137.0
2021-09-29,162.73999999999998,163.17999999999998,160.98,161.65,1181025.0
2021-09-30,161.93,164.95,161.07,163.93,1704995.0
2021-10-01,163.93999999999997,164.95,163.69,164.56999999999996,1196632.0
2021-10-04,164.04,165.54,163.41,165.26,1225022.0
2021-10-05,164.48,164.84999999999997,163.49000000000004,164.49999999999997,686959.0
2021-10-06,163.33999999999995,165.06,163.33999999999995,164.87000000000003,759545.0
2021-10-07,165.06,165.06,163.83000000000004,164.11000000000004,576000.0
2021-10-08,164.13,166.54,164.08,164.08,1240267.0
2021-10-11,164.24999999999997,164.575,163.64,163.87,414470.0
2021-10-12,164.23,165.43000000000004,164.03000000000003,164.6,726873.0
2021-10-13,165.03000000000003,167.92,164.37999999999997,167.66999999999996,1594343.0
2021-10-14,167.70999999999998,168.30999999999997,167.7,167.9,799492.0
2021-10-15,167.03999999999996,167.19999999999996,165.00999999999996,165.26,1192596.0
2021-10-18,164.96000000000004,165.59000000000003,164.6,164.90000000000003,492977.0
2021-10-19,166.54,166.87999999999997,165.20999999999998,165.38000000000002,876649.0
2021-10-20,166.1,167.19999999999996,165.92999999999998,166.67999999999998,771505.0
2021-10-21,166.59,166.93000000000004,166.19999999999996,166.90000000000003,672607.0
2021-10-22,167.63999999999996,169.53999999999996,166.67,167.70999999999998,1330351.0
2021-10-25,168.14999999999998,169.21000000000004,168.14999999999998,169.05999999999997,620623.0
2021-10-26,168.40000000000003,168.64,166.63999999999996,167.65,1042992.0
2021-10-27,166.79999999999998,168.18999999999997,166.79999999999998,168.0,856309.0
2021-10-28,168.40000000000003,169.25,167.5,168.17,945391.0
2021-10-29,167.90999999999997,167.96000000000004,165.64,166.78000000000003,913692.0
2021-11-01,166.66,167.84000000000003,166.46,167.5,770352.0
2021-11-02,167.66,167.77000000000004,166.97000000000003,167.03,377054.0
2021-11-03,166.54,166.87999999999997,164.37999999999997,166.15000000000003,1149616.0
2021-11-04,165.87999999999997,168.13499999999996,165.87999999999997,167.46000000000004,983205.0
2021-11-05,167.9,170.0,166.87999999999997,170.0,1304209.0
2021-11-08,169.44,170.7,169.44,170.53999999999996,571908.0
2021-11-09,170.44999999999996,171.30000000000004,170.15,170.98,684554.0
2021-11-10,170.68999999999997,174.64,170.35,172.78000000000003,1544359.0
2021-11-11,173.92,174.40000000000003,173.42999999999998,174.1,689110.0
2021-11-12,173.26,174.66,172.50000000000003,174.26999999999998,985367.0
2021-11-15,173.74999999999997,174.58999999999995,173.69000000000003,174.04000000000002,669220.0
2021-11-16,175.00000000000003,175.31000000000003,172.85000000000002,172.90000000000003,1187721.0
2021-11-17,173.90000000000003,174.60499999999996,173.73,174.5,707375.0
2021-11-18,174.32000000000002,174.48,173.38,173.80000000000004,661880.0
2021-11-19,173.29,174.28,172.23999999999998,172.67999999999998,1132791.0
2021-11-22,172.42,172.54,168.42999999999998,169.01999999999998,2081147.0
2021-11-23,168.37000000000003,168.37000000000003,166.54,167.39999999999998,922908.0
2021-11-24,167.46000000000004,167.62,166.19,167.26999999999998,653447.0
2021-11-26,168.38,169.65999999999997,166.37000000000003,166.99999999999997,1315240.0
2021-11-29,168.05000000000004,168.13,166.41000000000005,166.75999999999996,913807.0
2021-11-30,167.53000000000003,169.00000000000003,165.36999999999998,165.7,1785918.0
2021-12-01,166.37000000000003,167.46000000000004,166.07,166.49000000000004,934723.0
2021-12-02,165.50000000000003,166.43000000000004,164.63,165.32,1158690.0
2021-12-03,165.20999999999998,166.93000000000004,165.0,166.81,1260266.0
2021-12-06,166.43999999999997,166.79999999999998,165.94000000000003,166.18,504822.0
2021-12-07,166.35,167.07999999999998,165.6,166.71999999999997,567070.0
2021-12-08,167.19,167.5,166.29000000000002,166.67999999999998,453282.0
2021-12-09,166.81,166.81,165.66000000000005,165.95999999999998,589748.0
2021-12-10,165.52999999999997,167.21000000000004,165.38000000000002,166.87,1015530.0
2021-12-13,166.87,167.36,166.50000000000003,166.81,895330.0
2021-12-14,166.82,166.82,165.07,165.58000000000004,1391261.0
2021-12-15,165.43000000000004,166.39999999999998,163.8,166.30000000000004,2149619.0
2021-12-16,166.91999999999996,168.18,166.51999999999998,168.14999999999998,1846677.0
2021-12-17,168.88,169.47,167.70999999999998,167.70999999999998,1329128.0
2021-12-20,168.32,168.38999999999996,167.06500000000003,167.26999999999998,1080698.0
2021-12-21,167.86,168.2,166.75,167.03,507777.0
2021-12-22,166.93000000000004,168.62999999999997,166.93000000000004,168.46999999999997,642581.0
2021-12-23,168.81999999999996,169.16,168.01,168.86,674951.0
2021-12-27,168.66999999999996,169.45,168.49,169.25,717627.0
2021-12-28,169.45999999999998,170.0,168.61999999999998,168.77,620610.0
2021-12-29,168.42999999999998,168.69,167.19,168.62999999999997,977656.0
2021-12-30,168.26,169.8,168.04,169.63000000000002,717794.0
2021-12-31,169.86,171.03000000000003,169.86,171.02000000000004,1142819.0
2022-01-03,170.28,170.64999999999998,168.0,168.5,1294958.0
2022-01-04,168.33000000000004,169.705,168.05000000000004,169.41999999999996,1077941.0
2022-01-05,169.71000000000004,170.92,168.89999999999998,169.13999999999996,1049396.0
2022-01-06,167.70999999999998,168.64,166.86000000000004,167.30999999999997,1447382.0
2022-01-07,167.26999999999998,168.01,166.51,167.80000000000004,1116842.0
2022-01-10,167.80000000000004,168.34999999999997,167.30999999999997,168.3,846526.0
2022-01-11,168.96000000000004,170.31000000000003,168.38,170.11000000000004,976443.0
2022-01-12,169.72,170.75000000000003,169.57999999999998,170.48999999999998,1035058.0
2022-01-13,170.09,170.51,169.27000000000004,170.11000000000004,990746.0
2022-01-14,170.36,170.67,169.48,169.8,1277906.0
2022-01-18,169.25,170.0,168.66999999999996,169.36000000000004,1429041.0
2022-01-19,169.49999999999997,172.18499999999997,169.49000000000004,171.72999999999996,2194021.0
2022-01-20,171.84999999999997,172.59,171.15000000000003,171.66000000000005,1550994.0
2022-01-21,171.04999999999998,172.12999999999997,170.75000000000003,171.0,1874024.0
2022-01-24,171.87999999999997,172.21000000000004,170.86000000000004,172.06000000000003,2577131.0
2022-01-25,171.7,173.14500000000004,171.42,172.73,2826616.0
2022-01-26,172.30000000000004,172.50000000000003,169.475,170.12000000000003,2982923.0
2022-01-27,169.41999999999996,169.63000000000002,167.33000000000004,168.0,2433539.0
2022-01-28,167.36,167.47999999999996,166.30000000000004,167.47999999999996,1379706.0
2022-01-31,167.19,168.14,167.05000000000004,167.86,1240936.0
2022-02-01,168.54,168.85,167.88000000000002,168.2,1489959.0
2022-02-02,167.98999999999998,169.13,167.97,168.72000000000003,1098836.0
2022-02-03,168.6,170.0,167.03,168.65000000000003,1593887.0
2022-02-04,168.97999999999996,169.43000000000004,167.36,168.77999999999997,1128655.0
2022-02-07,169.25999999999996,170.29,169.09,170.12000000000003,1130776.0
2022-02-08,169.93,170.77500000000003,169.71000000000004,170.55000000000004,950475.0
2022-02-09,170.56999999999996,171.42,170.49999999999997,171.19,1066307.0
2022-02-10,171.10000000000002,171.99000000000004,170.13999999999996,170.61,1474372.0
2022-02-11,170.52999999999997,174.195,170.40000000000003,173.7,3658876.0
2022-02-14,173.38,174.98999999999998,172.82,174.70999999999998,1620736.0
2022-02-15,173.84000000000003,173.84000000000003,172.27000000000004,172.91,1563261.0
2022-02-16,173.34000000000003,174.86,172.87999999999997,174.65000000000003,1405920.0
2022-02-17,176.13999999999996,177.52999999999997,175.83000000000004,177.42,2469598.0
2022-02-18,176.88999999999996,177.52999999999997,176.17999999999998,177.48,1621434.0
2022-02-22,177.08999999999995,178.07,176.64999999999998,177.38000000000002,1800276.0
2022-02-23,176.79,178.43000000000004,176.55000000000004,178.39,1448103.0
2022-02-24,181.61,184.30000000000004,175.27000000000004,178.17,4929052.0
2022-02-25,178.43000000000004,178.65000000000003,175.79,176.51,1306118.0
2022-02-28,177.4,179.02,176.51,177.99999999999997,1743957.0
2022-03-01,178.53,182.05,178.50000000000003,181.3,2610909.0
2022-03-02,181.11,181.11,178.79,180.18,2742441.0
2022-03-03,180.27,181.32,179.50999999999996,180.9,2051239.0
2022-03-04,181.04,183.99999999999997,181.04,183.95,2528614.0
2022-03-07,186.38,186.89,183.05,186.61000000000004,4587691.0
2022-03-08,187.49999999999997,193.3,185.5,191.18,5964882.0
2022-03-09,190.65000000000003,190.68,184.47999999999996,185.71,4569819.0
2022-03-10,184.8,187.4,184.8,186.2,2243662.0
2022-03-11,185.96000000000004,187.06999999999996,182.91,185.3,2447427.0
2022-03-14,183.99999999999997,184.65000000000003,180.81999999999996,182.28,1749328.0
2022-03-15,180.04000000000002,180.5,178.02000000000004,178.95,2309758.0
2022-03-16,178.83999999999995,180.13,176.88,179.90000000000003,3284338.0
2022-03-17,180.73,182.02,180.66,181.3,1760567.0
2022-03-18,180.68000000000004,181.13999999999996,179.035,179.39999999999998,1955698.0
2022-03-21,179.58,181.24000000000004,179.01,180.76,1365377.0
2022-03-22,180.34999999999997,180.40000000000003,178.33000000000004,179.33000000000004,1390923.0
2022-03-23,179.50999999999996,181.88499999999996,179.31999999999996,181.68,2167256.0
2022-03-24,181.43000000000004,183.52,180.90999999999997,182.8,2003585.0
2022-03-25,182.52,183.12999999999997,181.34999999999997,182.55000000000004,1232674.0
2022-03-28,180.5,181.46,178.86000000000004,179.54,1804297.0
2022-03-29,179.23999999999998,179.33000000000004,176.47000000000003,178.86000000000004,1711652.0
2022-03-30,179.50999999999996,180.915,179.05000000000004,180.5,1343484.0
2022-03-31,180.26,181.96,179.43999999999997,180.72,1116980.0
2022-04-01,180.22999999999996,180.57,178.98,179.55999999999997,1773229.0
2022-04-04,180.34,180.78999999999996,179.58999999999995,180.24000000000004,1029764.0
2022-04-05,179.86999999999998,181.49,178.94,179.26,1506855.0
2022-04-06,179.37,180.34999999999997,178.74,179.5,1478628.0
2022-04-07,179.74999999999997,180.88,179.67999999999998,180.18999999999997,1783462.0
2022-04-08,180.18,181.91,180.17,181.91,1878787.0
2022-04-11,181.74,183.71,181.11,182.33,1821659.0
2022-04-12,182.35,184.63999999999996,181.97,183.40999999999997,1826784.0
2022-04-13,183.80999999999997,184.94,183.80999999999997,184.55,849024.0
2022-04-14,184.37000000000003,184.66,182.88,184.03,1242876.0
2022-04-18,185.82,186.45,184.39,184.44999999999996,1094390.0
2022-04-19,184.66,184.74000000000004,181.33999999999995,181.81,1568636.0
2022-04-20,181.01,182.71000000000004,181.01,182.65999999999997,1185933.0
2022-04-21,181.85,182.32,180.76,181.97,1140139.0
2022-04-22,182.03,182.03,179.74999999999997,179.94999999999996,1189134.0
2022-04-25,178.69000000000003,179.22,176.48,177.24999999999997,1674529.0
2022-04-26,176.99000000000004,178.28999999999996,176.92,177.83,1026673.0
2022-04-27,176.96000000000004,177.55,175.49999999999997,175.80000000000004,1194631.0
2022-04-28,175.81999999999996,176.965,175.52000000000004,176.72,948062.0
2022-04-29,178.55000000000004,179.13000000000002,176.69999999999996,176.69999999999996,1008928.0
2022-05-02,175.81,175.81,172.98500000000004,173.74000000000004,1965650.0
2022-05-03,173.21000000000004,175.2,172.85000000000002,174.44000000000003,801643.0
2022-05-04,174.57,176.59000000000003,173.66999999999996,176.59000000000003,1364989.0
2022-05-05,176.52999999999997,178.03999999999996,174.66999999999996,175.21000000000004,1368778.0
2022-05-06,174.81,176.52,174.81,175.85,1099164.0
2022-05-09,174.46,174.50999999999996,172.73,173.02,1471613.0
2022-05-10,173.58999999999995,173.96000000000004,171.2,171.56,1272964.0
2022-05-11,172.30000000000004,173.31999999999996,171.24999999999997,172.75999999999996,1155721.0
2022-05-12,172.69000000000003,172.79999999999998,169.04,169.95,1346851.0
2022-05-13,170.08,170.17,167.81000000000003,169.09999999999997,1368389.0
2022-05-16,167.49000000000004,170.43,167.33000000000004,170.41999999999996,846106.0
2022-05-17,170.25999999999996,171.2,169.155,169.37999999999997,761609.0
2022-05-18,169.35000000000002,170.2,168.76,169.41999999999996,612049.0
2022-05-19,168.89999999999998,172.51,168.89999999999998,172.03,1121333.0
2022-05-20,172.05000000000004,172.47999999999996,170.88999999999996,172.47999999999996,683345.0
2022-05-23,173.14,173.90000000000003,172.27999999999997,172.94,613088.0
2022-05-24,173.39999999999998,174.40000000000003,172.94,174.18999999999997,908496.0
2022-05-25,173.34999999999997,173.38,171.75,172.85000000000002,449784.0
2022-05-26,172.45,172.925,171.75,172.69000000000003,613672.0
2022-05-27,173.27,173.58999999999995,172.66,172.85000000000002,437519.0
2022-05-31,172.95999999999998,173.09,171.08500000000004,171.52999999999997,939203.0
2022-06-01,171.23,172.53,170.56,172.19,727869.0
2022-06-02,172.63,174.45,172.59999999999997,174.38,711893.0
2022-06-03,173.98999999999998,174.1,172.25,172.69000000000003,567546.0
2022-06-06,172.67999999999998,173.01,171.61,171.61,351976.0
2022-06-07,171.92999999999998,173.045,171.86000000000004,172.75,353174.0
2022-06-08,172.62000000000003,173.445,172.03,172.77000000000004,568296.0
2022-06-09,172.53,172.73,171.59000000000003,172.28999999999996,507622.0
2022-06-10,172.11999999999998,174.93999999999997,170.23,174.36000000000004,3143110.0
2022-06-13,173.21000000000004,173.38,169.61999999999998,169.75,1650882.0
2022-06-14,170.44,170.64,168.305,168.78999999999996,622344.0
2022-06-15,169.69999999999996,171.82,169.09999999999997,170.99,1039072.0
2022-06-16,170.61,173.23999999999998,169.53999999999996,172.71,998895.0
2022-06-17,172.37000000000003,172.61000000000004,170.96999999999997,171.24999999999997,749519.0
2022-06-21,171.47,171.9,170.47499999999997,170.92999999999998,556859.0
2022-06-22,170.17,172.28999999999996,170.05999999999997,171.38000000000002,1450450.0
2022-06-23,171.26,172.11999999999998,169.89999999999998,170.07,771874.0
2022-06-24,170.49999999999997,170.74000000000004,169.44,170.40999999999997,652174.0
2022-06-27,171.06,171.52,169.75,169.88,987116.0
2022-06-28,170.27000000000004,170.62000000000003,169.51,169.73999999999998,282328.0
2022-06-29,169.37999999999997,170.7,169.17,169.55000000000004,589199.0
2022-06-30,169.16,170.04,168.08000000000004,168.41,1127224.0
2022-07-01,167.5,168.80000000000004,166.47,168.80000000000004,2770759.0
2022-07-05,168.30999999999997,168.30999999999997,164.40999999999997,164.78,1771136.0
2022-07-06,164.76,165.03000000000003,161.46000000000004,162.1,1196046.0
2022-07-07,162.41,163.04,162.02000000000004,162.28,656022.0
2022-07-08,161.94,163.36000000000004,161.36000000000004,162.38,617242.0
2022-07-11,161.85,162.42999999999998,161.38,161.63999999999996,437345.0
2022-07-12,161.66999999999996,162.01,160.725,160.75,538828.0
2022-07-13,160.98,162.7,159.2,161.72,1300512.0
2022-07-14,160.13000000000002,160.13000000000002,158.23,159.56,840799.0
2022-07-15,158.84999999999997,159.67999999999998,158.35,159.19,703195.0
2022-07-18,160.11999999999998,160.55999999999997,159.04999999999998,159.26,466572.0
2022-07-19,159.51999999999998,160.07999999999998,159.24,159.62,286822.0
2022-07-20,159.46000000000004,159.79,157.77,157.97999999999996,449278.0
2022-07-21,157.49000000000004,160.31999999999996,156.7,160.11,532237.0
2022-07-22,160.07,162.13,160.07,161.02,616069.0
2022-07-25,161.07,161.74000000000004,159.83,160.15,428693.0
2022-07-26,160.69000000000003,160.71999999999997,159.78000000000003,160.05000000000004,217917.0
2022-07-27,160.47,162.2,159.51,161.80000000000004,640106.0
2022-07-28,162.58999999999995,163.76,162.01,163.64,634181.0
2022-07-29,164.56,164.68000000000004,163.28000000000003,164.63,835382.0
2022-08-01,164.48999999999998,165.39,164.43,165.16,360732.0
2022-08-02,165.30000000000004,166.58000000000004,163.65999999999997,163.65999999999997,530822.0
2022-08-03,164.64,165.20999999999998,163.475,164.37999999999997,442747.0
2022-08-04,165.00999999999996,167.30999999999997,165.00999999999996,166.95,592214.0
2022-08-05,166.57000000000002,166.74,164.51,165.39,399459.0
2022-08-08,165.51,166.81,165.19,166.75999999999996,252217.0
2022-08-09,166.51,167.80000000000004,166.50000000000003,167.17,290903.0
2022-08-10,166.81,168.33000000000004,166.635,166.98,357072.0
2022-08-11,166.63,167.66,166.31,166.75,416344.0
2022-08-12,166.62000000000003,167.93499999999997,166.36,167.74999999999997,545980.0
2022-08-15,166.58000000000004,166.59999999999997,165.24999999999997,165.74000000000004,514375.0
2022-08-16,165.42,165.71999999999997,165.14,165.46000000000004,437030.0
2022-08-17,165.42,165.48999999999998,163.95,164.01,567513.0
2022-08-18,164.21999999999997,164.99,163.56000000000003,163.76,410213.0
2022-08-19,163.29,163.73999999999998,162.61999999999998,162.89999999999998,734513.0
2022-08-22,161.68000000000004,162.12,161.15999999999997,161.7,345942.0
2022-08-23,161.92,163.43000000000004,161.36000000000004,162.69,369349.0
2022-08-24,163.00000000000003,163.61,162.38,163.12,228371.0
2022-08-25,164.14,164.48999999999998,163.24,163.87,262214.0
2022-08-26,163.35000000000002,163.6,161.56000000000003,161.81000000000003,546575.0
2022-08-29,160.42,162.6,160.42,161.86,400117.0
2022-08-30,161.66999999999996,161.78,160.35,160.39999999999998,480708.0
2022-08-31,160.19,160.55999999999997,159.2,159.27,673653.0
2022-09-01,158.84999999999997,159.12999999999997,157.32,158.14,676267.0
2022-09-02,158.7,160.06000000000003,158.7,159.44999999999996,467281.0
2022-09-06,159.87,159.87,158.32,158.62000000000003,411170.0
2022-09-07,158.61,160.15,158.08,159.87999999999997,471159.0
2022-09-08,159.95999999999998,160.95,158.72,159.26,510738.0
2022-09-09,160.87,161.03,159.40999999999997,160.06000000000003,394408.0
2022-09-12,160.51,161.61499999999998,160.49000000000004,160.75,466548.0
2022-09-13,160.63,161.29,158.09999999999997,158.5,768020.0
2022-09-14,158.76,159.0,157.73500000000004,158.15,807056.0
2022-09-15,157.39,157.61,154.63,155.03999999999996,1477982.0
2022-09-16,154.11,156.54,154.05000000000004,155.89,820992.0
2022-09-19,155.02,156.08000000000004,154.73,156.08000000000004,531724.0
2022-09-20,155.46999999999997,155.46999999999997,154.59,155.13,527278.0
2022-09-21,155.52000000000004,157.23,154.03,155.26,1128484.0
2022-09-22,156.18,156.64,155.23999999999998,155.78999999999996,835766.0
2022-09-23,155.3,155.3,152.68,153.32999999999998,1323426.0
2022-09-26,153.03,153.51,150.97,151.56000000000003,867919.0
2022-09-27,152.12,152.76,151.49999999999997,151.63000000000002,791042.0
2022-09-28,150.95,154.87999999999997,150.54999999999998,154.35,1135687.0
2022-09-29,153.16,155.02,153.12999999999997,154.77000000000004,602399.0
2022-09-30,155.88000000000002,156.04,154.57499999999996,154.65,643729.0
2022-10-03,154.87999999999997,158.58000000000004,154.59,158.42,1409470.0
2022-10-04,159.0,161.07,158.40000000000003,160.61000000000004,1063072.0
2022-10-05,159.58000000000004,160.07999999999998,158.37999999999997,159.80999999999997,726503.0
2022-10-06,159.80999999999997,160.11999999999998,158.96000000000004,159.38000000000002,502762.0
2022-10-07,159.47,159.58000000000004,157.49999999999997,157.81999999999996,664981.0
2022-10-10,156.96,156.96,155.11999999999998,155.30999999999997,699148.0
2022-10-11,155.29,156.81,154.71999999999997,155.15999999999997,597779.0
2022-10-12,155.5,156.29,155.18000000000004,155.89,424578.0
2022-10-13,155.80000000000004,156.61,152.92999999999998,155.02,1024300.0
2022-10-14,155.03,155.03,152.72999999999996,153.08999999999995,574297.0
2022-10-17,153.97,155.33000000000004,153.32999999999998,153.71000000000004,460355.0
2022-10-18,154.15999999999997,154.30000000000004,153.245,153.75,435734.0
2022-10-19,153.02000000000004,153.02000000000004,151.49999999999997,151.56000000000003,565837.0
2022-10-20,152.12,153.22000000000003,151.28000000000003,151.49000000000004,636655.0
2022-10-21,151.05000000000004,154.45,150.73999999999998,154.45,1155694.0
2022-10-24,153.42,154.06000000000003,153.08999999999995,153.84999999999997,605408.0
2022-10-25,153.20999999999998,154.79,152.52000000000004,153.77000000000004,424052.0
2022-10-26,155.70999999999998,155.9,154.7,154.97000000000003,591744.0
2022-10-27,154.83,155.07,154.13000000000002,154.89,370651.0
2022-10-28,153.77000000000004,153.91999999999996,152.51,153.06,468216.0
2022-10-31,152.6,152.90000000000003,151.89,151.99000000000004,530626.0
2022-11-01,153.32999999999998,154.23,152.87000000000003,153.22000000000003,490458.0
2022-11-02,154.11,155.42,151.93999999999997,151.93999999999997,767326.0
2022-11-03,152.01,152.01,150.50999999999996,151.67,619273.0
2022-11-04,153.0,157.00000000000003,153.0,156.97999999999996,1040819.0
2022-11-07,155.84,156.56499999999997,155.76,155.76,481147.0
2022-11-08,154.99999999999997,159.86000000000004,154.99999999999997,159.48999999999998,1479074.0
2022-11-09,159.20999999999998,160.35,158.46000000000004,158.7,780355.0
2022-11-10,158.86000000000004,163.6,158.75000000000003,163.29999999999998,1326772.0
2022-11-11,164.11000000000004,165.00999999999996,163.41999999999996,164.40999999999997,467927.0
2022-11-14,163.97,165.22000000000003,163.31,164.80999999999997,718010.0
2022-11-15,165.36999999999998,166.34000000000003,164.56999999999996,165.7,1122165.0
2022-11-16,165.92999999999998,166.07,164.84,165.14,406991.0
2022-11-17,164.74000000000004,164.74000000000004,163.35000000000002,164.09999999999997,520474.0
2022-11-18,164.17,164.39,162.68,163.15000000000003,404149.0
2022-11-21,162.28,162.54999999999998,161.29,161.88000000000002,461999.0
2022-11-22,162.52000000000004,162.74999999999997,161.725,162.05000000000004,299533.0
2022-11-23,161.82999999999998,163.21000000000004,160.23,162.97999999999996,651295.0
2022-11-25,163.37,163.47,162.54,163.44,116164.0
2022-11-28,163.97999999999996,164.09999999999997,161.92,162.0,419347.0
2022-11-29,163.25,163.61999999999998,162.6,162.73999999999998,325658.0
2022-11-30,163.77,164.99,162.4,164.99,622259.0
2022-12-01,165.34,167.94,165.34,167.7,877720.0
2022-12-02,167.75999999999996,167.75999999999996,165.51,167.34,553596.0
2022-12-05,167.14999999999998,167.36,164.33,164.64999999999998,569664.0
2022-12-06,164.80999999999997,165.7,164.45500000000004,164.84,337296.0
2022-12-07,165.44999999999996,166.63999999999996,164.91,166.26,544815.0
2022-12-08,166.02000000000004,167.03,165.86000000000004,166.42,281369.0
2022-12-09,166.49000000000004,168.08499999999998,166.49000000000004,167.23,452750.0
2022-12-12,166.69000000000003,167.11,165.44,165.83,360017.0
2022-12-13,166.05000000000004,169.785,165.87999999999997,168.50999999999996,1033578.0
2022-12-14,168.41,168.78999999999996,167.125,168.28,786540.0
2022-12-15,165.12999999999997,166.21000000000004,165.08999999999995,165.23,1139023.0
2022-12-16,165.35,166.98500000000004,165.15000000000003,166.77000000000004,1179635.0
2022-12-19,167.19999999999996,167.38999999999996,165.99000000000004,166.27000000000004,520703.0
2022-12-20,167.97,169.52000000000004,167.34,169.09,1090063.0
2022-12-21,168.81,169.69999999999996,168.62999999999997,168.89,432558.0
2022-12-22,168.97,169.41999999999996,166.08,166.87999999999997,630896.0
2022-12-23,167.3,167.78999999999996,166.67999999999998,167.52000000000004,379852.0
2022-12-27,168.22999999999996,170.6,167.7,168.64,921212.0
2022-12-28,167.61000000000004,168.34,167.11,167.85,410982.0
2022-12-29,168.52000000000004,169.35000000000002,167.96000000000004,168.92,502427.0
2022-12-30,169.00000000000003,169.89,168.81,169.71000000000004,305350.0
2023-01-03,170.75000000000003,172.08999999999995,170.05,170.99,1185331.0
2023-01-04,173.02,173.29,171.86000000000004,172.63999999999996,875382.0
2023-01-05,171.8,172.12999999999997,169.8,170.49999999999997,753999.0
2023-01-06,170.84,173.955,170.65999999999997,173.70999999999998,985356.0
2023-01-09,174.22999999999996,175.02999999999997,173.88000000000002,174.05000000000004,452312.0
2023-01-10,174.49,174.97,174.02000000000004,174.62,567563.0
2023-01-11,175.25,175.49000000000004,173.71999999999997,174.64,320664.0
2023-01-12,175.12,176.96999999999997,174.38,176.6,821620.0
2023-01-13,177.44,178.82,176.2,178.27000000000004,857325.0
2023-01-17,177.87000000000003,178.30000000000004,177.08999999999995,177.61,716504.0
2023-01-18,177.83,179.17,176.905,177.34,706098.0
2023-01-19,177.83999999999995,180.02999999999997,177.42,179.87999999999997,731381.0
2023-01-20,179.49000000000004,179.73,178.65000000000003,179.26,558728.0
2023-01-23,178.90000000000003,179.74999999999997,177.78000000000003,179.74999999999997,512627.0
2023-01-24,180.3,180.30999999999997,178.35,180.16,494903.0
2023-01-25,179.34000000000003,181.2,178.65000000000003,181.2,631349.0
2023-01-26,180.46,180.65,178.46,179.5,672929.0
2023-01-27,179.37,179.98999999999998,178.27999999999997,179.46000000000004,655304.0
2023-01-30,178.90000000000003,179.55,178.65000000000003,178.82,357361.0
2023-01-31,177.27,179.605,176.80000000000004,179.27,484028.0
2023-02-01,179.14999999999998,181.83000000000004,178.63999999999996,181.72,951890.0
2023-02-02,181.99000000000004,182.03,177.74000000000004,178.12999999999997,876043.0
2023-02-03,177.76999999999998,178.28999999999996,173.11999999999998,173.36,1770865.0
2023-02-06,174.54,174.54,173.29,173.73,666734.0
2023-02-07,174.36000000000004,175.28000000000003,173.46999999999997,174.08000000000004,896163.0
2023-02-08,175.33999999999995,175.37999999999997,173.85,174.49,429909.0
2023-02-09,175.21999999999997,175.80000000000004,172.87999999999997,173.1,594282.0
2023-02-10,173.7,173.86999999999998,172.63999999999996,173.53000000000003,241764.0
2023-02-13,173.01,173.21000000000004,172.08,172.37000000000003,275170.0
2023-02-14,173.15999999999997,173.90999999999997,171.42,172.43000000000004,696806.0
2023-02-15,170.44999999999996,171.0,170.16,170.76,823851.0
2023-02-16,170.88999999999996,171.6,169.96500000000003,170.65999999999997,617331.0
2023-02-17,169.24000000000004,171.46000000000004,169.24000000000004,171.36999999999998,698483.0
2023-02-21,170.49999999999997,171.50000000000003,170.24000000000004,170.62000000000003,512692.0
2023-02-22,170.52000000000004,171.50000000000003,169.56000000000003,169.73,473829.0
2023-02-23,169.86,170.13,169.04,169.49999999999997,652028.0
2023-02-24,169.67,169.67,168.2,168.41,648866.0
2023-02-27,168.33000000000004,169.22999999999996,168.14999999999998,168.97,671615.0
2023-02-28,168.45,170.24999999999997,168.11,169.73999999999998,900308.0
2023-03-01,170.65999999999997,171.50000000000003,170.25999999999996,170.79,774181.0
2023-03-02,170.40000000000003,170.96999999999997,170.13999999999996,170.76,464298.0
2023-03-03,171.71000000000004,172.77000000000004,170.99,172.37000000000003,1151031.0
2023-03-06,172.47999999999996,172.47999999999996,171.55,171.67999999999998,433647.0
2023-03-07,171.62,171.66000000000005,168.52499999999998,168.57,1414500.0
2023-03-08,168.64,169.59000000000003,168.5,168.7,622224.0
2023-03-09,169.08000000000004,170.64,168.84,170.29999999999998,731485.0
2023-03-10,170.65999999999997,173.88000000000002,170.05,173.66,1958049.0
2023-03-13,174.18999999999997,178.02000000000004,174.18999999999997,177.63,2626653.0
2023-03-14,177.62,177.74000000000004,176.20500000000004,177.08,1440611.0
2023-03-15,176.24999999999997,180.12000000000003,175.37,178.66,2151161.0
2023-03-16,178.27999999999997,179.73,177.87000000000003,178.67,1665805.0
2023-03-17,179.46999999999997,185.25,179.34999999999997,184.99999999999997,3622017.0
2023-03-20,186.06,186.40000000000003,182.75,183.91,1600114.0
2023-03-21,183.28999999999996,183.28999999999996,179.90999999999997,180.69,1704971.0
2023-03-22,180.34,183.94499999999996,180.08000000000004,183.14,1534658.0
2023-03-23,183.87999999999997,186.22999999999996,182.87,185.09,1643112.0
2023-03-24,185.15999999999997,186.2,183.62000000000003,184.15999999999997,1487771.0
2023-03-27,183.28,183.28,180.68000000000004,182.0,1260823.0
2023-03-28,181.67,183.62000000000003,181.28,183.30000000000004,928734.0
2023-03-29,182.62,183.27000000000004,182.24,182.53999999999996,812754.0
2023-03-30,182.79,184.43999999999997,182.56,184.1,949219.0
2023-03-31,183.82,184.73,182.8,183.22,1166351.0
2023-04-03,182.36000000000004,185.035,182.36000000000004,184.53000000000003,959521.0
2023-04-04,184.27,188.23,183.91,187.97999999999996,1732643.0
2023-04-05,188.35,188.86000000000004,186.77999999999997,187.73,1397656.0
2023-04-06,187.37,187.77999999999997,185.96000000000004,186.61000000000004,894086.0
2023-04-10,185.71999999999997,186.18,184.19,185.25,797490.0
2023-04-11,186.12000000000003,186.50999999999996,185.55999999999997,186.36000000000004,753068.0
2023-04-12,187.02999999999997,188.48,185.97,187.53999999999996,1317319.0
2023-04-13,188.27000000000004,190.40999999999997,188.27000000000004,189.5,1806706.0
2023-04-14,189.23,189.78,185.17,186.26,2027055.0
2023-04-17,186.77999999999997,186.89,184.11500000000004,185.33000000000004,865899.0
2023-04-18,186.34999999999997,186.98500000000004,185.03999999999996,186.42,958792.0
2023-04-19,184.85,185.58,183.05,185.34,1155783.0
2023-04-20,185.47999999999996,187.02,185.19999999999996,186.28,687616.0
2023-04-21,184.75999999999996,185.66999999999996,183.23,184.47999999999996,1398329.0
2023-04-24,184.1,185.50999999999996,183.46000000000004,185.43999999999997,1048786.0
2023-04-25,184.9,186.22,183.64,185.86,1065200.0
2023-04-26,185.62,186.65,184.30000000000004,185.06,1093475.0
2023-04-27,185.80000000000004,185.93,183.38,184.66,1097264.0
2023-04-28,184.00999999999996,185.38,183.72,184.9,881093.0
2023-05-01,184.08,186.36000000000004,183.77,184.19999999999996,965170.0
2023-05-02,183.99999999999997,187.69999999999996,183.96,187.36000000000004,2209508.0
2023-05-03,187.3,194.33999999999995,186.24000000000004,190.71999999999997,1845211.0
2023-05-04,189.16,191.355,188.74,190.4,2263063.0
2023-05-05,189.64,189.72,185.77000000000004,187.29,1822281.0
2023-05-08,187.77999999999997,188.56999999999996,187.49,187.80000000000004,840384.0
2023-05-09,188.05999999999997,189.325,187.9,189.2,897108.0
2023-05-10,188.71000000000004,190.30000000000004,187.81999999999996,188.68999999999997,1453904.0
2023-05-11,188.07,189.83999999999995,186.87,187.25,1273752.0
2023-05-12,186.66999999999996,187.92,185.92,186.84,1057801.0
2023-05-15,187.41999999999996,187.87000000000003,186.88,187.16,802060.0
2023-05-16,186.62,187.12,184.46499999999995,184.81,1234678.0
2023-05-17,184.78,184.78,183.48,184.21,1073265.0
2023-05-18,183.4,183.78,181.33999999999995,181.96,1149320.0
2023-05-19,182.67,184.31999999999996,181.81999999999996,183.88999999999996,1182435.0
2023-05-22,183.63,183.99,182.91,183.02000000000004,578361.0
2023-05-23,182.09999999999997,183.75,181.62,183.52999999999997,534638.0
2023-05-24,183.43,184.39,181.77999999999997,182.21,921492.0
2023-05-25,182.19,182.4,180.105,180.2,967490.0
2023-05-26,181.43000000000004,181.49,180.1,180.83,691527.0
2023-05-30,180.57,182.4,180.42,181.91,637700.0
2023-05-31,181.9,183.44,181.79,182.31,1196888.0
2023-06-01,181.69999999999996,184.21,181.44,183.68,759906.0
2023-06-02,183.52999999999997,183.95,180.84,180.84,1274087.0
2023-06-05,180.14,182.44,180.05000000000004,182.23,873675.0
2023-06-06,181.92,182.64500000000004,181.52000000000004,182.33999999999995,614174.0
2023-06-07,181.77999999999997,183.0,180.1,180.58,1390430.0
2023-06-08,180.9,183.04,180.72,182.44,1014325.0
2023-06-09,182.16,183.19,181.72,181.97999999999996,612247.0
2023-06-12,182.33,182.62,181.04,182.09,616299.0
2023-06-13,182.29,182.96,180.17,180.54,699291.0
2023-06-14,181.11,182.01,180.17,180.52000000000004,1027348.0
2023-06-15,179.58999999999995,182.05,178.87,181.80000000000004,612985.0
2023-06-16,182.18,182.77,181.41999999999996,182.09999999999997,715527.0
2023-06-20,181.53,181.53999999999996,179.23,179.90999999999997,872664.0
2023-06-21,179.77000000000004,179.94999999999996,178.19,179.55,901509.0
2023-06-22,179.18000000000004,179.31999999999996,177.63,177.76,1084214.0
2023-06-23,178.11999999999998,179.94999999999996,178.08999999999995,178.59999999999997,771704.0
2023-06-26,179.23999999999998,179.46000000000004,178.42,178.47,310775.0
2023-06-27,178.81,179.275,177.43000000000004,177.82,574494.0
2023-06-28,177.46000000000004,177.67999999999998,176.69999999999996,177.39,746730.0
2023-06-29,176.91,177.63,175.79,177.16,928148.0
2023-06-30,176.78000000000003,178.51999999999998,176.58000000000004,178.27999999999997,736510.0
2023-07-03,177.52999999999997,179.34000000000003,177.44999999999996,178.47,506382.0
2023-07-05,178.95999999999998,179.66999999999996,177.83,177.83999999999995,687603.0
2023-07-06,178.07,178.93000000000004,176.67,177.44,747967.0
2023-07-07,177.67,179.64,177.67,178.77000000000004,531575.0
2023-07-10,178.73,178.91,177.6,178.74,396536.0
2023-07-11,179.49000000000004,179.98,179.14,179.49000000000004,282048.0
2023-07-12,179.65,181.93999999999997,179.58,181.81,824536.0
2023-07-13,182.09,182.17,181.25999999999996,181.93999999999997,597101.0
2023-07-14,181.77,182.2,181.11,181.53999999999996,608021.0
2023-07-17,181.31000000000003,181.93999999999997,180.64,181.51,353625.0
2023-07-18,182.12,184.23,182.09999999999997,183.55000000000004,1136779.0
2023-07-19,183.68999999999997,183.83999999999995,182.88,183.58000000000004,467113.0
2023-07-20,183.66,184.03,182.47,183.06000000000003,453024.0
2023-07-21,182.31,182.65999999999997,181.68,182.13999999999996,544030.0
2023-07-24,182.3,182.61,181.33999999999995,181.48,525707.0
2023-07-25,182.11000000000004,182.49999999999997,181.12,182.47,489361.0
2023-07-26,182.93,183.64,182.31,183.16999999999996,620195.0
2023-07-27,183.87,183.87,180.33000000000004,180.65,965829.0
2023-07-28,180.9,182.27000000000004,180.87,181.69999999999996,436405.0
2023-07-31,181.47,183.08999999999995,181.13999999999996,182.35,674339.0
2023-08-01,181.49999999999997,181.73,180.18999999999997,181.22999999999996,958062.0
2023-08-02,181.0,181.45,179.41000000000005,179.67999999999998,896752.0
2023-08-03,179.73,179.94999999999996,179.17,179.71999999999997,570278.0
2023-08-04,179.45,180.74,178.91999999999996,180.26,690355.0
2023-08-07,179.73,180.18999999999997,179.27,179.66,439581.0
2023-08-08,179.30999999999997,179.55999999999997,178.46,178.71999999999997,903651.0
2023-08-09,179.14999999999998,179.14999999999998,177.67,177.86000000000004,697459.0
2023-08-10,178.27000000000004,179.14,177.4,177.52999999999997,1096254.0
2023-08-11,177.99000000000004,178.30000000000004,177.48999999999998,177.87999999999997,670938.0
2023-08-14,177.67999999999998,177.82,176.58000000000004,177.00999999999996,805862.0
2023-08-15,176.65999999999997,177.43000000000004,176.03,176.49999999999997,1064981.0
2023-08-16,176.68999999999997,177.04999999999998,175.53999999999996,175.67,830441.0
2023-08-17,175.92,176.65999999999997,174.93999999999997,175.49000000000004,945929.0
2023-08-18,175.64,176.03,175.09500000000003,175.37999999999997,910117.0
2023-08-21,175.29,176.17999999999998,174.96000000000004,175.88,505702.0
2023-08-22,176.19000000000003,176.68999999999997,175.32,176.23,751444.0
2023-08-23,176.64999999999998,178.215,176.48999999999998,177.91,1060747.0
2023-08-24,178.26,178.49000000000004,177.42,177.8,639150.0
2023-08-25,177.62,178.37000000000003,176.64,177.67999999999998,910522.0
2023-08-28,177.67999999999998,178.73,177.51,178.26,624249.0
2023-08-29,178.37000000000003,179.87999999999997,177.8,179.78,973814.0
2023-08-30,179.73,180.87,179.66,180.41,867443.0
2023-08-31,180.45,180.71,179.94,180.02000000000004,596440.0
2023-09-01,180.32,181.21999999999997,179.53000000000003,180.04000000000002,661645.0
2023-09-05,179.51999999999998,179.57,178.65000000000003,178.75,737655.0
2023-09-06,178.49000000000004,179.01499999999996,177.7,177.87000000000003,935680.0
2023-09-07,177.95999999999998,178.47,177.83,178.15000000000003,358559.0
2023-09-08,178.51999999999998,179.03999999999996,177.9,178.02000000000004,450205.0
2023-09-11,178.83999999999995,179.07,178.27000000000004,178.34000000000003,515842.0
2023-09-12,178.03999999999996,178.23999999999998,177.0,177.52999999999997,589263.0
2023-09-13,177.39,177.75,176.80999999999997,177.12999999999997,569572.0
2023-09-14,176.92999999999998,177.39,176.36000000000004,177.15000000000003,731566.0
2023-09-15,177.92999999999998,179.1,177.79,178.39999999999998,712449.0
2023-09-18,178.69000000000003,179.46999999999997,178.38,179.43999999999997,504521.0
2023-09-19,179.43999999999997,179.71999999999997,179.03999999999996,179.23,565233.0
2023-09-20,178.95999999999998,180.66,178.95999999999998,179.01,1241380.0
2023-09-21,178.75,178.75,177.6,178.18,1157084.0
2023-09-22,178.78000000000003,178.95,178.51999999999998,178.62000000000003,451500.0
2023-09-25,178.39999999999998,178.73,177.64999999999998,177.71000000000004,858437.0
2023-09-26,177.64,177.7,176.16500000000002,176.43000000000004,1031564.0
2023-09-27,175.99000000000004,176.01,173.70999999999998,174.12000000000003,1585905.0
2023-09-28,174.05000000000004,174.34,172.31999999999996,173.19999999999996,1270473.0
2023-09-29,173.69000000000003,174.32000000000002,171.26499999999996,171.40999999999997,1368195.0
2023-10-02,170.82000000000002,170.96999999999997,168.88,169.37,1637387.0
2023-10-03,169.25,170.07,168.74999999999997,169.17,1363891.0
2023-10-04,169.04,169.76,168.5,169.02999999999997,1146097.0
2023-10-05,168.93999999999997,169.19,168.21,168.98999999999998,763529.0
2023-10-06,168.88,170.23,168.0,170.01,1218735.0
2023-10-09,171.62,172.85499999999996,171.06,172.81,831390.0
2023-10-10,172.28999999999996,172.79,171.90499999999997,172.43000000000004,656436.0
2023-10-11,173.26,174.12000000000003,172.99999999999997,173.90999999999997,976341.0
2023-10-12,174.22999999999996,174.77,173.23999999999998,173.46000000000004,704210.0
2023-10-13,174.57,179.25000000000003,174.57,179.22,2362830.0
2023-10-16,177.36999999999998,178.49000000000004,177.16999999999996,177.98,968277.0
2023-10-17,178.03,179.11999999999998,177.98,178.51999999999998,989125.0
2023-10-18,179.69000000000003,182.02,179.69000000000003,180.85,1847052.0
2023-10-19,181.02,183.61,180.72,183.44,1921527.0
2023-10-20,183.66,185.23,183.08999999999995,183.43,1844712.0
2023-10-23,183.79,183.79,182.705,182.97999999999996,1274399.0
2023-10-24,183.12999999999997,183.405,181.37,182.96999999999997,925663.0
2023-10-25,182.83000000000004,184.27999999999997,182.04,183.80999999999997,1435648.0
2023-10-26,184.62,184.83,182.87,184.12,1037078.0
2023-10-27,184.15,186.36000000000004,183.33,186.29,1628791.0
2023-10-30,184.75999999999996,185.7,184.71999999999997,184.95,1016029.0
2023-10-31,185.3,186.21,183.5,184.00999999999996,1271569.0
2023-11-01,183.40999999999997,184.95,182.67,184.03999999999996,1112559.0
2023-11-02,184.12,184.63999999999996,183.5,184.11000000000004,949097.0
2023-11-03,184.35,185.83999999999995,184.21,184.74000000000004,1204691.0
2023-11-06,184.23,184.37000000000003,183.34000000000003,183.43,958404.0
2023-11-07,182.33999999999995,182.65,181.46,182.59,851569.0
2023-11-08,182.33999999999995,182.35,180.57,180.9,801140.0
2023-11-09,180.66,182.28,180.37,181.6,791210.0
2023-11-10,181.27000000000004,181.27000000000004,179.25000000000003,179.94,1028939.0
2023-11-13,179.73,180.73,179.11,180.46,747526.0
2023-11-14,180.43,182.74000000000004,179.98,182.03,969971.0
2023-11-15,182.74000000000004,183.14,181.3,181.65,622014.0
2023-11-16,182.49,184.325,181.9,183.76,1292149.0
2023-11-17,184.51,184.77000000000004,183.44999999999996,183.65,542705.0
2023-11-20,183.37,183.63,182.23,183.63,594898.0
2023-11-21,184.26,186.11,184.19999999999996,185.43,972428.0
2023-11-22,185.42,185.75999999999996,184.27,184.55999999999997,481420.0
2023-11-24,185.1,185.74999999999997,184.97,185.54,388715.0
2023-11-27,186.74,186.9,185.94,186.9,730114.0
2023-11-28,186.83,189.4,186.56,189.4,1403790.0
2023-11-29,189.23,189.99500000000003,188.68,189.55000000000004,991657.0
2023-11-30,189.14,189.56,188.29,188.76,766494.0
2023-12-01,189.44999999999996,192.395,188.55000000000004,192.18,1946341.0
2023-12-04,191.94,192.48,187.25999999999996,188.39,2625681.0
2023-12-05,188.49999999999997,188.49999999999997,186.30999999999997,187.17,971058.0
2023-12-06,187.68,188.44999999999996,187.28,187.96,910676.0
2023-12-07,188.49,189.11000000000004,187.25999999999996,187.95,753564.0
2023-12-08,188.03,188.27000000000004,184.9,185.75999999999996,1287873.0
2023-12-11,185.05000000000004,185.07,183.16,183.91999999999996,1057214.0
2023-12-12,183.96999999999997,185.05000000000004,183.285,183.77,732792.0
2023-12-13,183.62000000000003,188.39,183.38,188.37,1542738.0
2023-12-14,188.84999999999997,189.82,188.0,188.69999999999996,1304218.0
2023-12-15,189.2,189.49,186.83,187.09999999999997,1364602.0
2023-12-18,187.62,188.49,187.17,187.84,759535.0
2023-12-19,187.93,189.72,187.79,189.16999999999996,952113.0
2023-12-20,189.21,189.22,187.93,188.32,831397.0
2023-12-21,188.75,190.39,188.59,190.39,732689.0
2023-12-22,190.15,191.87,190.07,190.27,1041510.0
2023-12-26,190.96,191.74999999999997,190.405,191.46,639404.0
2023-12-27,191.02000000000004,193.18,190.96,192.71,924554.0
2023-12-28,192.72,192.88,191.33000000000004,191.54,931097.0
2023-12-29,191.87999999999997,191.87999999999997,190.74000000000004,191.29,891607.0
2024-01-02,192.27,192.58,190.5,190.79,853196.0
2024-01-03,190.91999999999996,190.91999999999996,188.17,189.28999999999996,1449777.0
2024-01-04,189.80999999999997,189.98,188.68999999999997,189.35,699018.0
2024-01-05,189.28999999999996,191.26,187.65999999999997,189.52,1122732.0
2024-01-08,187.97999999999996,188.72999999999996,187.01,187.9,922744.0
2024-01-09,188.39,189.2,187.73,188.15000000000003,674296.0
2024-01-10,188.55000000000004,188.91,187.205,187.64,730432.0
2024-01-11,188.17,189.39,186.56,188.52999999999997,1155607.0
2024-01-12,188.88999999999996,191.08,188.87,189.82,1081827.0
2024-01-16,189.34000000000003,189.48,187.55000000000004,187.87000000000003,1028726.0
2024-01-17,187.33,187.96,185.46,186.01,1292765.0
2024-01-18,186.1,187.49999999999997,186.1,187.49999999999997,656106.0
2024-01-19,188.09999999999997,188.83000000000004,187.44,188.09,1042952.0
2024-01-22,187.36000000000004,188.0,186.85,187.3,491263.0
2024-01-23,188.03,188.18,187.28,187.93,535031.0
2024-01-24,188.18,188.68999999999997,186.32,186.74,1011422.0
2024-01-25,186.61000000000004,187.64,186.0,187.21,741366.0
2024-01-26,187.24000000000004,187.67,186.76,187.02,491655.0
2024-01-29,188.02,188.74,187.18999999999997,188.35,900534.0
2024-01-30,188.88,189.82,187.97999999999996,188.72,834315.0
2024-01-31,188.91,190.46000000000004,188.13,188.95,1686124.0
2024-02-01,189.14,191.34999999999997,188.11000000000004,190.34,1690174.0
2024-02-02,190.31,190.51,187.85,188.96,1266733.0
2024-02-05,187.48,187.81999999999996,186.66999999999996,187.50999999999996,767157.0
2024-02-06,187.48,188.84999999999997,187.47,188.52,699756.0
2024-02-07,188.3,189.38,188.21,188.51,837477.0
2024-02-08,188.16,188.77999999999997,187.16,188.39,601018.0
2024-02-09,188.18,188.69999999999996,187.13999999999996,187.69999999999996,750924.0
2024-02-12,187.52000000000004,187.69999999999996,186.36000000000004,187.05999999999997,696178.0
2024-02-13,187.61,188.05999999999997,184.33000000000004,184.63999999999996,1552742.0
2024-02-14,184.24999999999997,184.87999999999997,183.78,184.44999999999996,1485949.0
2024-02-15,184.75999999999996,186.01,184.74000000000004,185.62999999999997,1024508.0
2024-02-16,185.77000000000004,186.66999999999996,184.83500000000004,186.34,1133815.0
2024-02-20,187.25999999999996,188.04,187.25999999999996,187.49,862505.0
2024-02-21,187.65999999999997,188.08000000000004,187.09999999999997,187.63,885353.0
2024-02-22,188.15000000000003,188.15000000000003,187.05999999999997,187.52000000000004,645302.0
2024-02-23,187.05,189.11000000000004,186.77,188.51,1052329.0
2024-02-26,188.33999999999995,188.4,187.53999999999996,188.21999999999997,653353.0
2024-02-27,188.69999999999996,188.77999999999997,187.88499999999996,188.02,631707.0
2024-02-28,187.87000000000003,188.69999999999996,187.52000000000004,188.4,423270.0
2024-02-29,188.58,189.91,188.03,189.21,867682.0
2024-03-01,188.96,193.4,188.90000000000003,192.93,1814522.0
2024-03-04,193.02999999999997,196.325,192.80000000000004,195.95,1752297.0
2024-03-05,196.40999999999997,198.30999999999997,196.24999999999997,197.14,1504133.0
2024-03-06,196.83,199.3,196.81000000000003,198.80000000000004,1893305.0
2024-03-07,199.64,200.36000000000004,198.92,200.16,1185622.0
2024-03-08,200.56,203.30000000000004,199.72,201.99999999999997,2330209.0
2024-03-11,202.08,202.40999999999997,201.37,202.27999999999997,949040.0
2024-03-12,201.63,201.99999999999997,199.16,200.13999999999996,1491466.0
2024-03-13,200.07,201.86000000000004,199.81,201.22,952977.0
2024-03-14,200.79,201.03,199.33999999999995,200.21999999999997,1123670.0
2024-03-15,200.71000000000004,201.19,199.56499999999997,200.2,744821.0
2024-03-18,199.29,200.31,199.18,200.2,724774.0
2024-03-19,199.62999999999997,199.91,198.93999999999997,199.85,605786.0
2024-03-20,199.75000000000003,205.57,199.09999999999997,203.86000000000004,1763147.0
2024-03-21,204.33000000000004,204.74,200.6,201.96,1183787.0
2024-03-22,200.9,201.86000000000004,199.71499999999995,200.6,1334947.0
2024-03-25,200.51,201.95,200.41999999999996,201.03,657413.0
2024-03-26,201.63,203.58999999999995,201.07,201.59,1152027.0
2024-03-27,201.86000000000004,203.39,201.64,202.94,1104723.0
2024-03-28,203.15999999999997,206.99000000000004,203.15999999999997,206.33,1626408.0
2024-04-01,209.06,209.17,206.29,208.15999999999997,2022205.0
2024-04-02,208.98,211.81,208.37,211.25999999999996,2158366.0
2024-04-03,210.27,213.02,209.8,212.68999999999997,1687250.0
2024-04-04,212.32,213.44999999999996,211.02999999999997,212.05,2102182.0
2024-04-05,211.87000000000003,215.74999999999997,211.13999999999996,215.74999999999997,2408834.0
2024-04-08,216.56000000000003,216.92,214.62000000000003,216.45,1249468.0
2024-04-09,217.81999999999996,219.0,216.45,218.12,2005161.0
2024-04-10,217.97999999999996,218.01,214.735,216.15,2560902.0
2024-04-11,215.93000000000004,220.16999999999996,215.46999999999997,219.96,1902394.0
2024-04-12,222.15,225.08999999999995,216.02999999999997,217.01,6711012.0
2024-04-15,217.88,221.35,215.15999999999997,220.52999999999997,2201787.0
2024-04-16,218.97999999999996,221.99,218.77999999999997,220.52,1684266.0
2024-04-17,220.71,221.75999999999996,218.21999999999997,218.99000000000004,2156022.0
2024-04-18,220.11000000000004,221.46000000000004,219.32,220.26,1419338.0
2024-04-19,220.72999999999996,222.36000000000004,219.64,221.43999999999997,1634895.0
2024-04-22,218.47,218.75,215.14,215.9,2329875.0
2024-04-23,214.59999999999997,215.85,212.09999999999997,215.09000000000003,1631110.0
2024-04-24,214.63,216.34999999999997,214.07,214.47999999999996,1000208.0
2024-04-25,215.58000000000004,217.02999999999997,214.00999999999996,215.74999999999997,1241028.0
2024-04-26,217.25999999999996,217.73,215.53,216.62,1388438.0
2024-04-29,216.40000000000003,217.21500000000003,215.25,215.96,1138896.0
2024-04-30,214.43,214.52,211.49,212.12,1550319.0
2024-05-01,211.55,215.5,211.33000000000004,214.8,1600126.0
2024-05-02,213.61,213.71000000000004,211.49,213.09999999999997,1262578.0
2024-05-03,212.87000000000003,214.79,210.72,212.77999999999997,1610944.0
2024-05-06,214.99999999999997,215.9,214.23,214.99999999999997,1034122.0
2024-05-07,214.52999999999997,215.06,213.83000000000004,214.15999999999997,906794.0
2024-05-08,213.30000000000004,214.8,213.28999999999996,213.55000000000004,947562.0
2024-05-09,213.84999999999997,217.21999999999997,213.80999999999997,217.09,1397385.0
2024-05-10,218.9,219.96,218.09,218.59000000000003,1319973.0
2024-05-13,217.43,217.45,215.8,216.45,724279.0
2024-05-14,216.58,218.37,216.27999999999997,217.94999999999996,977399.0
2024-05-15,218.68,221.19999999999996,217.65,220.90000000000003,1321114.0
2024-05-16,221.15,221.15,219.40999999999997,220.44999999999996,582051.0
2024-05-17,220.54,224.18,220.38,223.41,1764372.0
2024-05-20,225.80999999999997,226.34000000000003,222.78,224.56999999999996,842876.0
2024-05-21,223.77999999999997,225.21,223.33000000000004,224.05999999999997,518750.0
2024-05-22,223.68000000000004,223.72,219.75,220.43999999999997,1271806.0
2024-05-23,218.17,219.24,215.34,215.66,1045171.0
2024-05-24,216.24000000000004,217.21,215.74,216.3,350721.0
2024-05-28,216.88,218.72999999999996,216.58999999999995,218.39,441790.0
2024-05-29,217.45,217.53,215.99999999999997,216.22999999999996,532748.0
2024-05-30,215.98,217.49,215.54,216.78,448351.0
2024-05-31,216.74,218.29,214.65,215.30000000000004,850013.0
2024-06-03,215.12,217.81999999999996,215.09000000000003,217.44,723694.0
2024-06-04,216.38,216.38,214.21,215.45,701899.0
2024-06-05,215.77000000000004,218.07,215.62,217.89,874298.0
2024-06-06,218.52000000000004,219.96999999999997,217.69,219.8,683386.0
2024-06-07,219.24999999999997,219.33,211.55,212.13999999999996,1856399.0
2024-06-10,212.55000000000004,214.00999999999996,212.19,213.7,502993.0
2024-06-11,213.16,214.56999999999996,212.96,214.19999999999996,530722.0
2024-06-12,214.16999999999996,216.53,213.87999999999997,214.52,1001563.0
2024-06-13,214.24,215.21000000000004,212.25999999999996,212.96999999999997,757890.0
2024-06-14,214.12,216.08,214.12,215.4,1078254.0
2024-06-17,214.52999999999997,215.25,213.61,214.63,541562.0
2024-06-18,214.15,215.83999999999995,213.34000000000003,215.38,572751.0
2024-06-20,215.94,218.75,215.75999999999996,218.37999999999997,1098581.0
2024-06-21,218.69999999999996,219.04,214.26499999999996,214.44999999999996,1382367.0
2024-06-24,215.62999999999997,215.94,214.77000000000004,215.65000000000003,577539.0
2024-06-25,214.87999999999997,216.02,214.12,214.52,518430.0
2024-06-26,214.22,214.42,212.13999999999996,212.4,654453.0
2024-06-27,212.93999999999997,215.5,212.93999999999997,215.24,650276.0
2024-06-28,215.68,216.40000000000003,214.82,215.08,512127.0
2024-07-01,215.38,216.22,214.49,215.62,512046.0
2024-07-02,215.65000000000003,216.08,214.63,215.45,653680.0
2024-07-03,216.93,218.75,216.69,217.93,711469.0
2024-07-05,218.72,221.27,217.94999999999996,221.15,766089.0
2024-07-08,219.91,220.03999999999996,217.41,218.11000000000004,771573.0
2024-07-09,218.13,219.30000000000004,217.27,218.88,486877.0
2024-07-10,219.40999999999997,220.71,219.13999999999996,219.30000000000004,826447.0
2024-07-11,220.11000000000004,224.13999999999996,219.92,223.22999999999996,1156795.0
2024-07-12,222.43999999999997,223.61000000000004,221.18000000000004,222.99,724020.0
2024-07-15,222.62999999999997,225.59,222.62999999999997,224.0,803280.0
2024-07-16,225.25999999999996,228.4,224.72,228.19999999999996,1455287.0
2024-07-17,228.78999999999996,229.65,226.68,227.5,1305540.0
2024-07-18,228.56000000000003,228.56000000000003,225.58000000000004,225.98,962895.0
2024-07-19,223.58999999999995,223.74999999999997,221.36,221.8,1257766.0
2024-07-22,222.31999999999996,222.62999999999997,220.4,221.41,787059.0
2024-07-23,221.68,222.85,221.62999999999997,222.62999999999997,555278.0
2024-07-24,223.09999999999997,224.88,221.35,221.87,1408301.0
2024-07-25,219.53999999999996,220.12999999999997,217.52000000000004,218.53999999999996,1682222.0
2024-07-26,219.58000000000004,221.03999999999996,219.15000000000003,220.59999999999997,1115049.0
2024-07-29,221.12,221.55,219.05999999999997,220.27999999999997,881741.0
2024-07-30,221.00999999999996,223.01,220.355,222.65000000000003,895999.0
2024-07-31,223.44,226.59999999999997,223.44,226.19,1215402.0
2024-08-01,225.72999999999996,227.55999999999997,224.71000000000004,225.99999999999997,1183400.0
2024-08-02,227.58999999999995,229.05000000000004,222.86,225.99000000000004,1980838.0
2024-08-05,224.33999999999995,225.0,218.64,222.5,1568256.0
2024-08-06,222.65000000000003,223.24000000000004,220.11000000000004,220.36,1430985.0
2024-08-07,220.96999999999997,222.49000000000004,220.00999999999996,220.4,765450.0
2024-08-08,221.34,224.35,221.19,224.02,832656.0
2024-08-09,224.2,225.28,223.83000000000004,224.76,611286.0
2024-08-12,225.71000000000004,228.88,225.44999999999996,228.88,703424.0
2024-08-13,227.62999999999997,228.86,227.31999999999996,227.74000000000004,706136.0
2024-08-14,228.25,228.98,225.37,226.38,624737.0
2024-08-15,226.84999999999997,228.29,224.92,227.14,795567.0
2024-08-16,227.57,232.28999999999996,227.30999999999997,232.28999999999996,1625848.0
2024-08-19,231.49,231.78000000000003,229.74,231.40999999999997,600487.0
2024-08-20,232.52999999999997,233.99999999999997,231.13999999999996,232.44999999999996,985045.0
2024-08-21,232.05,232.86000000000004,230.47,232.27000000000004,690603.0
2024-08-22,231.90000000000003,231.90000000000003,228.27,229.77999999999997,862080.0
2024-08-23,230.56,232.71,230.51,232.18000000000004,827640.0
2024-08-26,233.06,233.55,232.06000000000003,232.8,398737.0
2024-08-27,231.88999999999996,233.68,231.44999999999996,233.68,491110.0
2024-08-28,231.90000000000003,232.05,230.52000000000004,231.65,541407.0
2024-08-29,232.71,233.59999999999997,231.37999999999997,232.84999999999997,519728.0
2024-08-30,233.30000000000004,233.46999999999997,230.56,231.28999999999996,745827.0
2024-09-03,231.12,231.56,228.52000000000004,230.45,743007.0
2024-09-04,229.49999999999997,231.04,228.5,230.52000000000004,547122.0
2024-09-05,231.65,233.03,231.33,232.47999999999996,649479.0
2024-09-06,232.63999999999996,233.74000000000004,229.62999999999997,230.71000000000004,1045146.0
2024-09-09,230.4,231.68,230.37,231.61,421583.0
2024-09-10,231.16999999999996,232.735,231.08999999999995,232.55000000000004,571862.0
2024-09-11,233.03999999999996,233.5,231.08999999999995,231.99999999999997,685048.0
2024-09-12,232.61,236.49999999999997,232.36,236.49,1674513.0
2024-09-13,237.4,238.97999999999996,236.87000000000003,238.78999999999996,995763.0
2024-09-16,238.95,239.25999999999996,238.03999999999996,238.65999999999997,455316.0
2024-09-17,238.59,238.60000000000005,236.6,237.55000000000004,803950.0
2024-09-18,237.39,240.2800000000001,235.30999999999997,236.49999999999997,1934216.0
2024-09-19,238.69999999999996,239.68,237.4,238.92,737902.0
2024-09-20,240.56999999999996,242.62,240.2800000000001,242.4,1001863.0
2024-09-23,251.12999999999997,251.12999999999997,241.74999999999997,242.71999999999997,592025.0
2024-09-24,242.96,246.18999999999997,242.46,245.61,1066581.0
2024-09-25,245.65999999999997,246.46,244.79,245.41,964098.0
2024-09-26,246.2,247.99999999999997,245.19999999999996,246.86000000000004,891166.0
2024-09-27,246.30000000000004,246.93999999999997,244.20000000000005,245.35,1178890.0
2024-09-30,245.09999999999997,245.33999999999995,242.51,243.33,948498.0
2024-10-01,244.44,246.975,244.16,245.84,1571961.0
2024-10-02,245.33999999999995,246.05,243.99,245.75999999999996,716559.0
2024-10-03,244.34999999999997,245.90999999999997,243.69000000000003,245.4,774937.0
2024-10-04,245.69,246.67,243.17,244.94999999999996,845677.0
2024-10-07,242.99999999999997,245.60000000000005,242.99999999999997,244.20000000000005,643794.0
2024-10-08,243.35,245.03,240.62999999999997,242.24999999999997,1212858.0
2024-10-09,241.33,242.21,240.64,240.75,560242.0
2024-10-10,241.52,243.24,240.99999999999997,243.24,682491.0
2024-10-11,243.93999999999997,245.9,243.65,245.4,678576.0
2024-10-14,245.78,245.97999999999996,244.25999999999996,244.87999999999997,678708.0
2024-10-15,244.94,246.53999999999996,244.42,245.84999999999997,769260.0
2024-10-16,247.21,248.08999999999995,246.36,247.15,669240.0
2024-10-17,247.65,249.06,246.89,248.95,766656.0
2024-10-18,249.38000000000005,251.44999999999996,249.38000000000005,251.30000000000007,931190.0
2024-10-21,252.15999999999997,253.13999999999996,250.74000000000007,251.18,1034503.0
2024-10-22,252.47999999999996,253.95,252.22,253.69999999999996,570863.0
2024-10-23,254.42,254.80000000000007,250.21,251.38,1017279.0
2024-10-24,252.33999999999995,253.31999999999996,251.4,252.62999999999997,716723.0
2024-10-25,251.76,257.0,251.01,255.69,583476.0
2024-10-28,253.08999999999995,253.63999999999996,251.98,253.2,410535.0
2024-10-29,254.14,256.37,253.83,256.33,1013942.0
2024-10-30,256.94,257.71,255.91999999999996,257.2699999999999,750380.0
2024-10-31,256.8999999999999,257.0,252.22,253.6800000000001,1280389.0
2024-11-01,253.89,255.09,252.43999999999997,252.87,692547.0
2024-11-04,252.46,253.78999999999996,252.21,252.73,421607.0
2024-11-05,253.27999999999997,253.97999999999996,252.41,253.37,509974.0
2024-11-06,251.63999999999996,251.77999999999997,244.96,245.88000000000005,1664121.0
2024-11-07,245.41,250.24,245.41,249.80000000000004,1057262.0
2024-11-08,248.52999999999997,249.7100000000001,247.77999999999997,247.88999999999996,933477.0
2024-11-11,246.61,247.00000000000009,241.07000000000005,242.32,1247990.0
2024-11-12,240.17,241.65999999999997,239.14,240.04,1060209.0
2024-11-13,240.82,241.81,237.39,237.4,939748.0
2024-11-14,236.02999999999997,237.98,234.24,237.0,1293383.0
2024-11-15,237.03000000000003,237.88999999999996,236.33,236.71000000000004,744569.0
2024-11-18,238.67,241.49000000000004,238.67,241.43,774363.0
2024-11-19,242.47000000000008,243.69000000000003,242.02999999999997,243.36000000000004,720262.0
2024-11-20,242.30999999999997,245.21,242.00999999999996,244.83999999999995,941108.0
2024-11-21,246.25,246.81,245.62999999999997,246.48,748920.0
2024-11-22,248.87999999999997,250.9,247.87,250.61,1098135.0
2024-11-25,246.7,248.13999999999996,240.58,241.05,1370384.0
2024-11-26,241.4000000000001,243.76,241.27,243.09999999999997,625061.0
2024-11-27,244.87,245.54,243.2,243.46999999999997,1012135.0
2024-11-29,245.3,246.05,244.57,244.87999999999997,256017.0
2024-12-02,242.7,244.74,242.7,243.91,537726.0
2024-12-03,244.21999999999997,245.15999999999997,243.3,243.99999999999997,306322.0
2024-12-04,243.74,245.33999999999995,243.37,244.68999999999997,416231.0
2024-12-05,244.02,244.94999999999996,242.15,242.99999999999997,600964.0
2024-12-06,244.08,244.15,242.27,243.18999999999997,341137.0
2024-12-09,244.44999999999996,247.11,244.44999999999996,245.45,595960.0
2024-12-10,245.78,249.02,245.78,248.93,416200.0
2024-12-11,248.37999999999997,251.25999999999996,247.74,250.97000000000008,1163020.0
2024-12-12,250.73,250.73,246.87,247.32,1009431.0
2024-12-13,247.14000000000004,247.14000000000004,244.27999999999997,244.46,766231.0
2024-12-16,245.41,245.93999999999997,244.51,244.87,349823.0
2024-12-17,244.11000000000007,244.53999999999996,243.09999999999997,244.08999999999995,588329.0
2024-12-18,244.3,244.57,238.5,238.93999999999997,1101414.0
2024-12-19,241.78999999999996,242.37,238.73,239.59999999999997,1292857.0
2024-12-20,240.47999999999996,242.94999999999996,239.91,242.19000000000003,1143804.0
2024-12-23,242.66999999999996,242.7,240.6500000000001,241.35000000000005,774296.0
2024-12-24,241.27,241.69999999999996,240.82,241.4000000000001,317564.0
2024-12-26,241.97999999999996,243.555,241.97999999999996,243.03999999999996,489216.0
2024-12-27,242.41,242.7,241.05,241.9,341689.0
2024-12-30,241.18999999999997,241.93,239.58000000000007,240.30999999999997,370616.0
2024-12-31,241.53,242.52000000000007,240.62999999999997,242.13,253536.0
2025-01-02,243.18,245.52999999999997,243.07,245.4,811016.0
2025-01-03,244.94,245.4,243.36000000000004,243.68,613423.0
2025-01-06,242.83,244.59999999999997,241.37999999999997,243.16,425782.0
2025-01-07,243.78999999999996,245.8,243.76,244.53999999999996,610749.0
2025-01-08,244.8,246.44999999999996,244.43,245.86,733482.0
2025-01-10,247.04,249.02999999999997,245.79000000000005,248.73000000000005,1683277.0
2025-01-13,248.03999999999996,248.03999999999996,245.15999999999997,246.1,838937.0
2025-01-14,246.11,247.19000000000003,245.52,246.83,597356.0
2025-01-15,247.98000000000005,248.96000000000004,247.02,248.63,636501.0
2025-01-16,248.93,251.38999999999996,248.93,250.39,1114540.0
2025-01-17,250.41000000000005,250.8,249.11,249.3,1152452.0
2025-01-21,251.31999999999996,253.35000000000005,250.71999999999997,253.2,1300026.0
2025-01-22,254.08,254.94999999999996,253.78999999999996,254.10000000000005,696928.0
2025-01-23,253.39,254.53999999999996,252.46,254.05000000000004,793993.0
2025-01-24,255.95,257.07,255.62,255.74999999999997,873917.0
2025-01-27,254.47999999999996,255.65,251.91999999999996,252.99999999999997,773639.0
2025-01-28,253.02,255.2450000000001,252.99999999999997,255.03999999999996,825557.0
2025-01-29,254.94999999999996,255.00999999999996,253.3,254.43,880854.0
2025-01-30,255.86,258.28999999999996,255.86,258.0,1490958.0
2025-01-31,257.80999999999995,259.99,257.6700000000001,258.56,1265293.0
2025-02-03,258.19,261.37,257.85999999999996,259.46,1614510.0
2025-02-04,259.88999999999993,262.53999999999996,259.59999999999997,262.44,871816.0
2025-02-05,264.55,265.9800000000001,263.7200000000001,264.69999999999993,1303625.0
2025-02-06,263.60999999999996,264.67,261.5,263.49999999999994,897457.0
2025-02-07,264.61999999999995,266.3299999999999,263.28,264.26,1086501.0
2025-02-10,267.1000000000001,269.29999999999995,267.1000000000001,269.21,1142982.0
2025-02-11,268.2799999999999,268.61,265.9,267.42,800726.0
2025-02-12,267.05,268.43000000000006,264.29,267.79999999999995,874472.0
2025-02-13,268.52,270.49999999999994,268.03,270.49999999999994,793223.0
2025-02-14,270.87,271.2,265.44999999999993,266.1000000000001,1621844.0
2025-02-18,268.56,271.00000000000006,268.38999999999993,270.87,872949.0
2025-02-19,271.21,271.91999999999996,269.24,270.8,698975.0
2025-02-20,272.44999999999993,272.58,269.72999999999996,271.4,678281.0
2025-02-21,269.9100000000001,271.5,269.50999999999993,270.59,1074804.0
2025-02-24,271.62,272.71999999999997,270.38,272.02,671983.0
2025-02-25,271.83,271.9,266.46,268.94999999999993,1168499.0
2025-02-26,269.05,269.33,266.67,269.0299999999999,1011810.0
2025-02-27,265.84999999999997,266.83,264.465,265.44999999999993,1124586.0
2025-02-28,263.62999999999994,264.21999999999997,261.26499999999993,263.51,1564625.0
2025-03-03,264.4599999999999,267.01,264.37999999999994,266.67999999999995,929986.0
2025-03-04,268.89,270.06,267.55,269.09,970318.0
2025-03-05,269.28,270.25000000000006,266.99,269.09,920955.0
2025-03-06,267.68,269.50999999999993,266.72,268.49999999999994,606206.0
2025-03-07,269.48,270.33,267.63999999999993,268.4100000000001,1484585.0
2025-03-10,268.33,268.77,265.63999999999993,266.0,932185.0
2025-03-11,267.42999999999995,269.72999999999996,267.42999999999995,269.13000000000005,1078754.0
2025-03-12,268.62000000000006,271.2300000000001,268.06000000000006,270.63000000000005,1020386.0
2025-03-13,270.76,275.7,270.76,275.57,1854073.0
2025-03-14,275.7,277.12000000000006,274.69000000000005,274.98999999999995,1046213.0
2025-03-17,275.41999999999996,276.9,275.1499999999999,276.85999999999996,828222.0
2025-03-18,278.11999999999995,280.21,278.11999999999995,279.79999999999995,1121920.0
2025-03-19,280.09,281.45,279.04,281.18999999999994,948730.0
2025-03-20,280.65,280.8999999999999,279.10999999999996,280.7099999999999,586002.0
2025-03-21,279.8500000000001,280.16,276.59,278.48,1007202.0
2025-03-24,278.96,279.63999999999993,276.87,277.46,720146.0
2025-03-25,277.55,279.9599999999999,277.55,278.58,521737.0
2025-03-26,279.26000000000005,279.68000000000006,277.79999999999995,278.59,463038.0
2025-03-27,279.86,282.07000000000005,279.5899999999999,281.8,872486.0
2025-03-28,283.99,284.63999999999993,282.8,284.3999999999999,1306302.0
2025-03-31,288.31,288.43,285.9,287.8,1366337.0
2025-04-01,288.44,289.44999999999993,285.91999999999996,287.3,1480286.0
2025-04-02,288.16999999999996,292.13,286.31999999999994,292.08,1447905.0
2025-04-03,288.72999999999996,289.07000000000005,281.4,287.17999999999995,2024445.0
2025-04-04,285.02,289.2,278.02,279.79999999999995,2344266.0
2025-04-07,278.3299999999999,280.83,272.59,274.9,2400233.0
2025-04-08,276.83,278.59,274.17,274.17,1350590.0
2025-04-09,280.49999999999994,285.83,280.01000000000005,284.3,3224922.0
2025-04-10,286.61999999999995,294.25999999999993,286.1,294.17999999999995,2333325.0
2025-04-11,296.28999999999996,299.46,295.9,298.98,2194033.0
2025-04-14,297.81,297.94999999999993,294.48,296.31000000000006,1220425.0
2025-04-15,297.53,299.62999999999994,296.09,299.62999999999994,647769.0
2025-04-16,304.1,309.38999999999993,303.2099999999999,308.7699999999999,2226534.0
2025-04-17,306.5799999999999,308.1000000000001,302.75000000000006,306.12,1748018.0
2025-04-21,312.1600000000001,317.49,312.0,316.5799999999999,1860501.0
2025-04-22,319.79,320.15,305.56,307.52,3399869.0
2025-04-23,305.9,307.88999999999993,300.6,305.58,2304650.0
2025-04-24,307.03,310.3999999999999,304.7099999999999,308.9,1178646.0
2025-04-25,304.88,305.93999999999994,301.03,305.45,1139829.0
2025-04-28,303.01,309.11,301.84999999999997,307.85,1004916.0
2025-04-29,306.68,306.94,304.1700000000001,305.42,667815.0
2025-04-30,304.51,306.06000000000006,301.44999999999993,301.5799999999999,1058557.0
2025-05-01,297.81,298.88,295.24,298.58,1410004.0
2025-05-02,300.32000000000005,301.12,297.035,298.31999999999994,893347.0
2025-05-05,301.11000000000007,307.69,300.92,307.12,1051136.0
2025-05-06,310.58,318.22,310.58,313.57,1244483.0
2025-05-07,312.29,313.25999999999993,310.1000000000001,311.06000000000006,813812.0
2025-05-08,307.99999999999994,310.45000000000005,303.04999999999995,305.58,1200693.0
2025-05-09,306.48,308.55999999999995,306.01,306.8,647800.0
2025-05-12,297.1,299.46,295.62,298.25,1443677.0
2025-05-13,300.47,300.48999999999995,297.25,300.1,1053508.0
2025-05-14,298.45000000000005,298.98999999999995,291.9599999999999,293.69000000000005,1667083.0
2025-05-15,289.75,299.77,289.12000000000006,298.3999999999999,1516353.0
2025-05-16,295.62,297.80000000000007,290.78999999999996,296.86,1889956.0
2025-05-19,298.01,299.4,296.49000000000007,297.0,1964930.0
2025-05-20,297.06999999999994,304.43999999999994,296.7300000000001,303.66999999999996,1617117.0
2025-05-21,304.8999999999999,306.46,303.31999999999994,305.95,1605214.0
2025-05-22,306.49999999999994,306.56,302.13,303.95,1050818.0
2025-05-23,306.44000000000005,310.23999999999995,306.09999999999997,309.94999999999993,1738832.0
2025-05-27,304.05,305.0,302.75999999999993,305.0,1042560.0
2025-05-28,305.88000000000005,306.44000000000005,299.49999999999994,300.28,975348.0
2025-05-29,302.74,306.89,302.00000000000006,305.50000000000006,1200921.0
2025-05-30,303.81,304.77,301.49000000000007,303.34999999999997,911829.0
2025-06-02,308.81,312.5,308.18,311.99000000000007,1914755.0
2025-06-03,309.67999999999995,310.12000000000006,307.19,309.69,1335773.0
2025-06-04,309.2799999999999,311.88,308.30000000000007,311.3,853676.0
2025-06-05,310.69999999999993,313.47999999999996,307.685,309.80000000000007,1417446.0
2025-06-06,309.75000000000006,310.29999999999995,304.72,304.72,948247.0
2025-06-09,306.36999999999995,307.61,305.05999999999995,306.52,891450.0
2025-06-10,306.7900000000001,308.6,305.7799999999999,306.46,761816.0
2025-06-11,308.06,310.71,305.85999999999996,309.38999999999993,859339.0
2025-06-12,308.52,313.09999999999997,308.36,312.0299999999999,1337429.0
2025-06-13,314.78,317.6000000000001,314.4,316.56,2035012.0
2025-06-16,314.59999999999997,315.3999999999999,311.6700000000001,313.47999999999996,1683032.0
2025-06-17,312.13999999999993,313.03,310.12000000000006,312.21,987447.0
2025-06-18,312.21,312.98,309.88,310.9599999999999,1036449.0
2025-06-20,308.55,310.89,307.96999999999997,309.99999999999994,1464561.0
2025-06-23,309.56000000000006,312.66,307.99999999999994,307.99999999999994,1103326.0
2025-06-24,306.59,306.95000000000005,303.54,306.04999999999995,1369402.0
2025-06-25,306.68,307.4200000000001,305.12,307.4200000000001,598812.0
2025-06-26,308.18,308.5,304.86,305.74999999999994,676567.0
2025-06-27,303.01,303.0799999999999,299.8999999999999,301.6,1721851.0
2025-06-30,303.47999999999996,305.18999999999994,301.76,304.96,1161496.0
2025-07-01,307.63,309.3,307.35999999999996,307.35999999999996,1113072.0
2025-07-02,307.05,309.8500000000001,306.97,308.49000000000007,933543.0
2025-07-03,308.87999999999994,309.32,305.1,306.41999999999996,622331.0
2025-07-07,304.24000000000007,308.04999999999995,303.74999999999994,307.28,904525.0
2025-07-08,306.97,306.97,302.78,303.87999999999994,1166161.0
2025-07-09,303.57,305.61999999999995,302.4,305.61999999999995,1060451.0
2025-07-10,305.93999999999994,306.64,304.85,306.06999999999994,725255.0
2025-07-11,307.75000000000006,310.28,306.81999999999994,309.32,1047571.0
2025-07-14,310.69999999999993,310.80000000000007,307.63,307.63,730341.0
2025-07-15,309.98,310.04,305.79,306.44999999999993,826823.0
2025-07-16,307.40999999999997,311.06000000000006,305.74999999999994,308.44999999999993,2375289.0
2025-07-17,306.68,307.87,304.85,307.67,670545.0
2025-07-18,308.36999999999995,309.5400000000001,308.2,308.63999999999993,627079.0
2025-07-21,309.94999999999993,313.31,309.75000000000006,312.61999999999995,1087460.0
2025-07-22,311.99000000000007,316.24000000000007,311.8,315.5899999999999,1240583.0
2025-07-23,315.12999999999994,316.24000000000007,311.43000000000006,312.18999999999994,1180945.0
2025-07-24,310.07,310.97,308.6,310.39,719639.0
2025-07-25,308.92,309.1,306.2099999999999,307.43999999999994,1190049.0
2025-07-28,307.21,307.5400000000001,304.09,305.21,886059.0
2025-07-29,305.45,307.02,304.99000000000007,306.44999999999993,543103.0
2025-07-30,306.43,307.00000000000006,300.96,302.4200000000001,1556317.0
2025-07-31,304.3,305.08000000000004,302.79,302.86,921574.0
2025-08-01,302.72999999999996,309.7099999999999,302.67999999999995,309.59999999999997,1790446.0
2025-08-04,308.98999999999995,311.73999999999995,308.87999999999994,311.0,783919.0
2025-08-05,310.7200000000001,312.24,308.5,311.44,741092.0
2025-08-06,310.68000000000006,311.22999999999996,309.24999999999994,310.2,722664.0
2025-08-07,312.26,314.43999999999994,310.3999999999999,313.54,1179132.0
2025-08-08,313.16,313.51,311.0,312.98,2341030.0
2025-08-11,309.70000000000005,309.93,307.63,308.27,1362103.0
2025-08-12,308.9800000000001,309.3,306.72,308.5,981163.0
2025-08-13,308.79999999999995,310.37999999999994,308.46,309.21,453074.0
2025-08-14,307.83,309.0899999999999,306.52,306.75,692936.0
2025-08-15,308.23,308.23,306.89,307.34,739939.0
2025-08-18,308.46,308.55,306.63,306.65999999999997,526485.0
2025-08-19,307.45,307.9100000000001,305.05999999999995,305.05999999999995,666146.0
2025-08-20,306.11000000000007,308.46,305.87,308.2,856486.0
2025-08-21,307.39,308.15,306.33,307.24,576981.0
2025-08-22,306.49,311.03,305.8,310.80000000000007,1295590.0
2025-08-25,309.93,310.84,308.95,308.95,598977.0
2025-08-26,310.81,312.3299999999999,309.99999999999994,312.24999999999994,1259652.0
2025-08-27,311.30999999999995,312.9100000000001,310.57,312.76,785066.0
2025-08-28,312.50999999999993,315.0799999999999,312.4,314.37000000000006,1749119.0
2025-08-29,314.14000000000004,318.0849999999999,313.44000000000005,317.95,2642832.0
2025-09-02,319.99,325.91499999999996,319.56000000000006,324.9100000000001,2813948.0
2025-09-03,325.41999999999996,329.45000000000005,325.27,327.5299999999999,2309511.0
2025-09-04,326.02,327.55999999999995,325.3500000000001,326.8399999999999,1806107.0
2025-09-05,326.62,331.43,326.3500000000001,330.33,3036171.0
2025-09-08,332.2,335.6700000000001,332.06,334.36000000000007,3338347.0
2025-09-09,335.53,338.31,333.15,335.0400000000001,3694444.0
2025-09-10,335.5199999999999,336.63,334.61999999999995,335.41999999999996,1868057.0
2025-09-11,334.05000000000007,335.3399999999999,332.55999999999995,334.3999999999999,1398889.0
2025-09-12,335.76000000000005,336.39,334.93,335.37,1123311.0
2025-09-15,335.3,339.28,334.79,338.6,1667727.0
2025-09-16,339.30000000000007,340.88,338.62500000000006,340.00000000000006,1777043.0
2025-09-17,337.5799999999999,341.24000000000007,335.53,337.9599999999999,2314730.0
2025-09-18,336.72999999999996,337.9599999999999,333.81,334.81,2246610.0
2025-09-19,336.39,339.79999999999995,335.4100000000001,339.18,1528811.0
2025-09-22,341.68,345.06999999999994,341.66999999999996,344.97,1929981.0
2025-09-23,345.53,348.82,345.3299999999999,346.46,2615703.0
2025-09-24,347.69,347.7099999999999,342.14,344.47999999999996,2175951.0
2025-09-25,344.9800000000001,346.0799999999999,342.47,344.60999999999996,2200445.0
2025-09-26,344.92999999999995,348.24,344.72,346.63999999999993,1643210.0
2025-09-29,350.43,353.23,350.4200000000001,352.9700000000001,2442801.0
2025-09-30,353.7200000000001,355.59,349.14,355.59,1944115.0
2025-10-01,357.06,358.50999999999993,354.7900000000001,355.36,2606042.0
2025-10-02,356.0400000000001,358.66999999999996,351.41,355.45,2688404.0
2025-10-03,355.61,358.12999999999994,354.81999999999994,357.70000000000005,2592169.0
2025-10-06,362.80999999999995,365.88,361.31000000000006,365.4800000000001,2861695.0
2025-10-07,363.16,367.4899999999999,362.69,367.4899999999999,2508238.0
2025-10-08,371.51,373.57,368.19,369.23,4577127.0
2025-10-09,371.0199999999999,373.29,362.83,366.94,6140983.0
2025-10-10,365.52,371.75999999999993,365.44,369.78,3652049.0
2025-10-13,374.7200000000001,380.29,374.4599999999999,379.79,2517557.0
2025-10-14,379.6,383.32,377.16,383.0,1860076.0
2025-10-15,386.93999999999994,388.14,383.5199999999999,387.15,2691806.0
2025-10-16,389.13,402.9200000000001,388.7300000000001,401.52,4635911.0
2025-10-17,399.5899999999999,400.2799999999999,385.23,391.24999999999994,9024301.0
2025-10-20,391.73,403.2999999999999,390.8,401.25,5855509.0
2025-10-21,397.0199999999999,397.68999999999994,375.67,376.6799999999999,7293108.0
2025-10-22,380.3,380.4100000000001,368.94,376.19999999999993,4078281.0
2025-10-23,376.98,382.25,376.8999999999999,378.89,1541008.0
2025-10-24,375.44999999999993,380.7699999999999,372.2699999999999,378.5499999999999,1889253.0
2025-10-27,374.27,374.31,365.33,367.99000000000007,3711361.0
2025-10-28,361.9200000000001,365.2699999999999,357.59999999999997,364.6799999999999,2650210.0
2025-10-29,368.06,370.82,360.6499999999999,362.9,3212944.0
2025-10-30,364.75,372.00000000000006,364.30000000000007,371.03,1683041.0
2025-10-31,369.94999999999993,371.23,365.5,368.2,1781366.0
2025-11-03,369.6799999999999,370.84,366.28,367.4,775197.0
2025-11-04,367.37999999999994,367.88999999999993,361.42,361.7,1309395.0
2025-11-05,365.6600000000001,367.0899999999999,363.8500000000001,365.58,822290.0
2025-11-06,369.27,369.6700000000001,364.7,366.89,851536.0
2025-11-07,368.85,370.4200000000001,366.43,367.83,1629022.0
2025-11-10,375.28,379.24999999999994,374.53,379.17,1947908.0
2025-11-11,380.4100000000001,381.43999999999994,376.86999999999995,381.23,1314577.0
2025-11-12,379.96,387.4299999999999,379.00999999999993,385.1,2483576.0
2025-11-13,388.38,390.38,381.23,384.88999999999993,2178110.0
2025-11-14,384.4800000000001,384.56000000000006,370.89,375.84,2188653.0
2025-11-17,375.1000000000001,376.30000000000007,368.52,371.2200000000001,1952389.0
2025-11-18,371.06,375.5299999999999,370.67,374.9,1206796.0
2025-11-19,375.74000000000007,380.16,373.0499999999999,376.8,1233370.0
2025-11-20,374.11999999999995,377.68499999999995,371.86999999999995,375.2,1490136.0
2025-11-21,372.02,377.2,370.89,373.7900000000001,1386511.0
2025-11-24,374.47,380.8999999999999,373.95,380.7699999999999,1397421.0
2025-11-25,378.62,382.52,378.1,379.99999999999994,1555742.0
2025-11-26,382.89,383.9100000000001,380.5299999999999,382.91,1243918.0
2025-11-28,383.1799999999999,390.0,382.5,389.18999999999994,911194.0
2025-12-01,390.4,392.19,388.06999999999994,388.99999999999994,1695204.0
2025-12-02,387.25,389.1000000000001,382.92,387.68999999999994,1038541.0
2025-12-03,386.71,390.12000000000006,385.84,386.69999999999993,959599.0
2025-12-04,385.0,387.9800000000001,384.88,386.88,886616.0
2025-12-05,387.9,391.71,385.7099999999999,386.36,1455987.0
2025-12-08,386.82,387.63,384.0299999999999,385.7,886776.0
2025-12-09,385.64,388.19999999999993,385.29,387.4299999999999,954695.0
2025-12-10,386.05000000000007,389.77,384.54,389.2900000000001,1440354.0
2025-12-11,387.48,394.07,386.69,393.08,1488099.0
2025-12-12,396.0799999999999,400.38,391.4899999999999,395.6,3048424.0
2025-12-15,399.61,400.0,394.0799999999999,395.99999999999994,1452994.0
2025-12-16,393.99999999999994,398.71,393.11000000000007,396.1000000000001,1102779.0
2025-12-17,397.33,399.9800000000001,396.24999999999994,399.1000000000001,1258820.0
2025-12-18,397.7300000000001,402.19,396.05999999999995,398.3500000000001,1498512.0
2025-12-19,397.86,400.62999999999994,397.1700000000001,399.09,1457024.0
2025-12-22,405.37,410.00999999999993,405.24999999999994,410.0,2205386.0
2025-12-23,412.8,414.49999999999994,407.11000000000007,414.49999999999994,1574294.0
2025-12-24,412.1,413.33,408.8299999999999,412.18,1025119.0
2025-12-26,415.5,418.44,414.11000000000007,416.9200000000001,1735821.0
2025-12-29,410.18,411.4100000000001,395.33,399.6000000000001,2449581.0
2025-12-30,401.48,404.61,398.0,398.6,1181440.0
