datetime,open,high,low,close,volume
2018-05-01,121.9,130.5,120.72,129.28,103155.0
2018-05-02,128.0,129.51,124.7,125.0,69239.0
2018-05-03,124.71,130.1,120.34,128.48,126560.0
2018-05-04,125.24,138.11,125.0,137.72,116554.0
2018-05-07,140.78,143.31,139.52,141.48,108032.0
2018-05-08,140.6,144.6,139.42,144.6,88611.0
2018-05-09,145.43,150.79,144.52,150.05,82219.0
2018-05-10,151.0,158.99,150.9,155.0,90629.0
2018-05-11,155.78,159.5,154.17,154.91,91586.0
2018-05-14,158.88,166.33,158.88,161.5,74814.0
2018-05-15,159.21,159.5,152.05,155.28,108972.0
2018-05-16,156.37,162.5,156.37,161.63,94819.0
2018-05-17,160.71,163.63,156.41,159.86,54611.0
2018-05-18,158.92,159.94,151.43,152.91,73967.0
2018-05-21,158.88,162.38,153.7,157.71,88703.0
2018-05-22,160.5,163.9,158.74,160.44,83035.0
2018-05-23,157.19,163.09,155.0,163.09,66530.0
2018-05-24,162.65,165.92,158.71,164.68,88496.0
2018-05-25,164.51,169.25,163.93,168.82,79369.0
2018-05-29,167.0,169.85,162.27,165.72,88878.0
2018-05-30,167.75,172.5,166.43,169.09,114701.0
2018-05-31,169.23,170.2,164.49,165.19,60189.0
2018-06-01,168.1,176.5,167.65,176.5,161063.0
2018-06-04,179.0,181.19,175.72,180.03,105341.0
2018-06-05,182.0,184.67,180.0,183.02,59042.0
2018-06-06,184.4,186.59,181.0,186.5,85556.0
2018-06-07,186.56,187.67,177.53,181.58,75824.0
2018-06-08,175.59,177.74,172.5,176.72,82944.0
2018-06-11,175.18,178.0,173.9,175.51,47158.0
2018-06-12,177.49,178.55,173.92,178.18,71499.0
2018-06-13,177.87,183.13,177.0,177.52,83542.0
2018-06-14,179.97,183.31,177.5,182.0,80176.0
2018-06-15,177.45,180.59,175.25,180.03,93514.0
2018-06-18,176.49,176.5,169.88,173.5,111265.0
2018-06-19,168.22,168.62,160.83,168.54,140299.0
2018-06-20,172.61,173.6,169.0,171.2,58800.0
2018-06-21,174.8,174.88,164.17,164.8,95121.0
2018-06-22,168.0,168.0,160.0,160.89,56826.0
2018-06-25,156.39,156.39,140.72,146.77,134246.0
2018-06-26,149.0,150.42,146.21,148.34,61709.0
2018-06-27,149.0,151.67,137.25,137.99,105682.0
2018-06-28,136.46,141.61,135.21,140.92,72992.0
2018-06-29,144.02,146.5,141.5,143.1,70637.0
2018-07-02,138.24,144.18,134.99,144.14,54482.0
2018-07-03,146.01,146.01,135.8,136.96,80219.0
2018-07-05,138.25,147.12,138.25,146.96,115778.0
2018-07-06,146.07,153.18,144.8,152.4,266206.0
2018-07-09,156.49,156.57,150.0,155.5,88093.0
2018-07-10,156.01,161.27,155.5,155.5,86830.0
2018-07-11,155.99,155.99,146.47,146.6,159544.0
2018-07-12,148.9,151.45,143.92,150.91,118539.0
2018-07-13,151.2,151.79,148.31,148.93,84227.0
2018-07-16,149.0,151.4,146.54,146.54,55885.0
2018-07-17,145.5,155.0,144.88,154.99,91422.0
2018-07-18,155.53,159.0,155.28,158.35,67334.0
2018-07-19,156.46,159.27,154.14,157.22,100730.0
2018-07-20,156.99,157.62,152.5,153.2,104987.0
2018-07-23,153.57,156.27,146.54,155.39,74815.0
2018-07-24,157.99,160.8,149.85,150.51,135498.0
2018-07-25,149.5,157.0,144.43,155.21,158782.0
2018-07-26,155.48,161.35,154.78,159.9,182097.0
2018-07-27,161.13,165.6,155.34,158.86,179074.0
2018-07-30,158.77,160.01,151.91,154.91,150608.0
2018-07-31,157.0,163.5,156.4,159.8,93165.0
2018-08-01,158.51,161.47,154.51,156.36,71885.0
2018-08-02,152.0,161.75,150.85,161.22,66856.0
2018-08-03,160.11,162.58,159.0,161.92,41765.0
2018-08-06,160.75,164.95,158.76,164.9,57672.0
2018-08-07,166.5,169.14,165.34,168.86,59793.0
2018-08-08,168.0,171.0,167.0,170.35,53142.0
2018-08-09,168.0,168.0,164.78,164.95,57111.0
2018-08-10,158.92,158.92,150.38,153.0,181102.0
2018-08-13,152.0,157.32,152.0,153.15,118704.0
2018-08-14,156.01,156.65,152.0,152.6,54813.0
2018-08-15,150.0,150.0,141.5,147.5,109752.0
2018-08-16,149.58,150.0,140.0,143.58,91880.0
2018-08-17,141.8,143.28,135.82,142.06,147469.0
2018-08-20,143.0,144.0,136.88,141.85,86419.0
2018-08-21,144.56,151.11,142.76,147.7,92534.0
2018-08-22,149.15,152.67,146.23,152.0,89007.0
2018-08-23,152.0,155.92,151.7,152.53,99325.0
2018-08-24,155.0,159.6,154.55,159.6,88957.0
2018-08-27,162.0,170.26,162.0,166.63,232430.0
2018-08-28,168.76,170.52,163.69,167.4,112485.0
2018-08-29,168.0,171.3,166.75,169.95,96880.0
2018-08-30,169.11,170.5,164.8,165.0,92357.0
2018-08-31,163.35,168.61,163.35,167.91,71493.0
2018-09-04,166.38,172.25,164.95,171.0,88444.0
2018-09-05,170.99,172.89,165.05,169.6,56717.0
2018-09-06,169.51,169.51,155.37,157.3,162844.0
2018-09-07,156.15,160.75,152.75,153.9,79731.0
2018-09-10,157.5,159.0,154.5,158.1,51485.0
2018-09-11,157.11,157.5,151.66,154.19,78384.0
2018-09-12,151.0,151.0,138.83,148.05,188548.0
2018-09-13,152.7,159.56,152.3,153.96,147938.0
2018-09-14,156.01,160.72,155.1,158.92,87410.0
2018-09-17,157.25,158.5,151.67,151.67,76142.0
2018-09-18,152.72,159.0,152.72,156.88,59374.0
2018-09-19,156.0,159.0,154.93,157.03,60313.0
2018-09-20,160.34,164.75,159.8,159.8,102917.0
2018-09-21,160.5,164.8,159.9,161.04,74645.0
2018-09-24,157.98,163.0,156.22,162.82,36623.0
2018-09-25,162.81,162.82,153.37,155.72,138733.0
2018-09-26,152.5,155.25,149.48,150.0,66293.0
2018-09-27,151.84,153.32,149.95,151.5,54028.0
2018-09-28,151.0,155.75,149.7,154.48,84981.0
2018-10-01,156.08,159.75,155.0,155.93,67527.0
2018-10-02,155.0,162.21,155.0,155.82,96147.0
2018-10-03,157.25,159.45,152.2,156.4,80971.0
2018-10-04,154.0,154.0,144.0,148.6,197327.0
2018-10-05,148.15,148.46,133.5,138.5,303122.0
2018-10-08,134.83,137.8,129.28,132.95,176439.0
2018-10-09,130.0,134.25,129.9,132.54,81618.0
2018-10-10,127.0,127.55,112.35,113.49,237440.0
2018-10-11,110.21,121.5,108.88,115.05,163004.0
2018-10-12,119.0,122.33,112.35,117.6,145602.0
2018-10-15,116.5,118.36,113.0,115.0,90240.0
2018-10-16,118.49,128.68,118.0,128.0,115254.0
2018-10-17,126.7,129.07,121.42,125.0,85097.0
2018-10-18,122.0,122.0,113.4,115.8,116856.0
2018-10-19,117.5,118.77,108.0,108.95,184772.0
2018-10-22,111.82,113.38,108.5,111.42,85030.0
2018-10-23,104.39,111.43,99.15,105.5,192644.0
2018-10-24,105.0,105.0,86.84,88.5,237018.0
2018-10-25,90.07,96.0,89.41,89.57,192638.0
2018-10-26,86.99,93.83,84.5,90.25,147798.0
2018-10-29,94.0,95.5,81.31,86.31,119440.0
2018-10-30,85.88,97.13,84.0,97.04,181633.0
2018-10-31,101.19,102.8,98.0,100.53,143060.0
2018-11-01,102.55,115.31,102.44,109.0,183621.0
2018-11-02,118.0,118.0,105.12,110.48,190402.0
2018-11-05,109.0,109.0,101.08,106.2,99391.0
2018-11-06,104.6,111.31,104.6,111.0,75567.0
2018-11-07,114.2,115.0,110.21,112.5,156402.0
2018-11-08,110.5,115.03,109.77,112.0,71284.0
2018-11-09,108.06,109.02,103.46,105.5,61663.0
2018-11-12,101.0,101.85,91.1,92.43,93638.0
2018-11-13,94.3,101.54,94.02,98.0,76548.0
2018-11-14,99.21,101.49,94.5,97.5,86108.0
2018-11-15,97.7,108.0,95.5,97.0,138141.0
2018-11-16,96.4,104.5,94.8,104.0,86127.0
2018-11-19,101.51,102.0,90.95,91.4,84394.0
2018-11-20,86.97,95.1,82.54,91.76,125421.0
2018-11-21,95.5,96.45,92.5,92.64,86975.0
2018-11-23,90.77,94.99,89.8,92.3,44263.0
2018-11-26,96.3,98.0,93.75,96.28,95667.0
2018-11-27,95.3,100.7,94.5,98.41,60795.0
2018-11-28,100.5,105.18,95.81,104.8,112664.0
2018-11-29,103.98,105.76,101.99,103.0,64470.0
2018-11-30,102.65,107.75,99.6,106.7,77943.0
2018-12-03,115.1,117.79,112.2,115.25,151796.0
2018-12-04,112.25,113.59,98.45,100.05,156611.0
2018-12-06,92.42,98.65,89.2,98.5,158789.0
2018-12-07,97.4,97.4,84.86,87.7,221540.0
2018-12-10,88.4,90.99,84.79,90.99,149231.0
2018-12-11,93.46,97.52,89.92,91.9,165291.0
2018-12-12,94.0,99.4,93.4,95.5,162266.0
2018-12-13,97.51,98.62,93.36,94.25,104115.0
2018-12-14,90.5,96.11,90.32,90.6,73282.0
2018-12-17,90.1,94.05,85.39,88.0,115629.0
2018-12-18,89.5,94.58,87.0,88.74,107856.0
2018-12-19,89.0,91.57,77.77,79.8,253259.0
2018-12-20,78.5,82.6,74.04,77.22,155466.0
2018-12-21,79.37,81.22,72.57,72.66,142465.0
2018-12-24,72.25,73.35,67.05,68.49,120247.0
2018-12-26,69.0,78.69,66.38,78.69,192041.0
2018-12-27,74.0,79.92,72.08,79.92,112679.0
2018-12-28,81.63,86.2,79.83,81.99,158799.0
2018-12-31,84.3,85.28,80.87,82.5,98295.0
2019-01-02,78.84,87.34,77.5,79.8,192450.0
2019-01-03,78.8,80.82,70.1,70.85,245384.0
2019-01-04,73.5,80.26,72.48,78.85,166672.0
2019-01-07,80.0,86.23,79.3,84.28,173303.0
2019-01-08,86.1,86.62,79.5,82.7,109432.0
2019-01-09,85.0,90.3,84.8,89.14,164759.0
2019-01-10,87.15,92.01,86.38,91.74,133099.0
2019-01-11,90.1,96.75,89.43,94.2,149115.0
2019-01-14,90.65,91.75,88.37,90.6,163726.0
2019-01-15,91.55,93.6,89.28,90.37,198035.0
2019-01-16,91.51,92.67,88.08,88.3,80919.0
2019-01-17,87.0,92.58,84.82,91.0,225611.0
2019-01-18,93.29,99.24,92.5,97.43,211009.0
2019-01-22,94.7,94.7,87.2,89.12,190464.0
2019-01-23,90.93,91.8,84.96,89.81,120030.0
2019-01-24,92.85,103.51,92.09,97.5,292679.0
2019-01-25,102.4,110.1,101.06,109.8,243718.0
2019-01-28,106.5,106.6,96.16,102.0,145098.0
2019-01-29,103.0,103.46,97.06,101.6,94906.0
2019-01-30,102.4,107.5,99.9,107.5,154594.0
2019-01-31,106.0,109.11,103.53,106.79,142422.0
2019-02-01,106.9,111.57,106.9,108.17,143456.0
2019-02-04,110.0,111.94,107.51,111.94,49759.0
2019-02-05,112.0,114.81,111.15,114.4,79409.0
2019-02-06,116.7,125.02,116.01,121.8,170258.0
2019-02-07,118.15,119.38,111.36,113.0,166123.0
2019-02-08,110.8,114.32,107.84,113.99,87887.0
2019-02-11,114.9,116.23,112.5,115.46,103733.0
2019-02-12,119.38,123.53,119.15,122.67,112502.0
2019-02-13,125.0,126.58,122.6,123.8,182769.0
2019-02-14,125.0,128.35,121.99,126.3,105744.0
2019-02-15,127.0,128.5,124.51,126.75,122506.0
2019-02-19,125.0,128.59,124.51,126.02,63007.0
2019-02-20,127.0,131.67,127.0,129.32,86513.0
2019-02-21,129.46,130.3,125.41,126.5,80793.0
2019-02-22,130.0,131.02,127.9,130.5,162021.0
2019-02-25,136.3,138.25,132.95,134.83,116013.0
2019-02-26,131.44,134.08,130.0,131.3,118535.0
2019-02-27,129.0,129.25,122.32,126.0,185622.0
2019-02-28,124.5,127.75,123.6,127.45,83331.0
2019-03-01,132.67,132.67,126.01,129.98,96459.0
2019-03-04,131.98,133.91,125.27,130.03,138894.0
2019-03-05,128.88,130.6,126.72,128.24,79615.0
2019-03-06,127.59,127.8,121.06,122.24,159737.0
2019-03-07,121.68,121.68,115.73,117.3,96342.0
2019-03-08,112.62,117.88,110.74,117.6,102787.0
2019-03-11,119.85,127.66,119.16,127.25,88306.0
2019-03-12,126.69,129.5,124.0,127.42,90946.0
2019-03-13,129.7,132.06,128.6,128.94,83766.0
2019-03-14,130.05,130.89,126.64,129.03,69497.0
2019-03-15,131.14,140.75,131.02,138.49,201509.0
2019-03-18,139.0,140.61,134.52,136.91,87274.0
2019-03-19,139.6,143.34,139.6,141.14,145370.0
2019-03-20,142.82,144.45,135.66,139.5,109006.0
2019-03-21,137.25,155.18,137.25,152.26,178159.0
2019-03-22,151.06,151.14,139.11,140.65,150182.0
2019-03-25,139.0,140.3,130.82,134.21,266571.0
2019-03-26,138.45,141.76,135.07,137.0,166094.0
2019-03-27,138.24,139.6,129.14,132.19,211678.0
2019-03-28,132.55,136.25,128.9,132.94,137579.0
2019-03-29,135.6,138.25,135.0,138.0,160181.0
2019-04-01,143.5,148.04,141.9,147.4,216174.0
2019-04-02,147.45,149.15,145.45,148.0,98287.0
2019-04-03,152.53,162.13,152.53,158.9,340017.0
2019-04-04,157.4,161.79,156.5,158.82,142957.0
2019-04-05,161.31,162.6,159.13,162.5,73057.0
2019-04-08,160.86,164.03,159.29,164.03,87541.0
2019-04-09,162.73,162.73,155.94,157.2,173712.0
2019-04-10,159.59,163.5,158.0,162.69,112147.0
2019-04-11,162.83,165.08,160.3,161.84,71853.0
2019-04-12,166.02,168.55,164.75,168.5,134938.0
2019-04-15,167.9,169.0,161.9,164.85,87425.0
2019-04-16,168.0,181.51,167.84,181.51,173814.0
2019-04-17,189.05,195.6,184.68,187.0,139067.0
2019-04-18,187.08,190.83,186.48,189.12,37217.0
2019-04-22,188.65,190.49,184.5,189.11,36057.0
2019-04-23,191.5,199.04,191.1,191.65,87688.0
2019-04-24,194.88,206.43,194.88,198.7,121886.0
2019-04-25,200.0,200.0,177.0,179.53,89955.0
2019-04-26,181.0,184.98,173.13,184.94,114370.0
2019-04-29,185.0,186.24,181.0,181.69,31661.0
2019-04-30,180.21,196.9,180.21,193.0,67155.0
2019-05-01,194.5,196.58,178.12,181.5,123799.0
2019-05-02,184.3,195.3,182.5,189.47,89446.0
2019-05-03,192.3,193.65,187.0,193.65,77302.0
2019-05-06,176.4,184.27,172.51,180.11,165634.0
2019-05-07,179.0,179.1,164.5,170.67,218127.0
2019-05-08,165.1,174.03,164.0,166.0,77924.0
2019-05-09,158.19,162.72,149.42,160.26,144603.0
2019-05-10,155.5,163.77,149.63,161.69,195791.0
2019-05-13,149.73,149.73,136.25,137.5,186248.0
2019-05-14,143.13,150.1,141.48,148.4,126455.0
2019-05-15,146.0,154.5,143.0,151.7,113147.0
2019-05-16,151.0,151.0,141.26,146.24,163030.0
2019-05-17,141.22,145.7,133.9,135.5,169678.0
2019-05-20,122.5,125.6,116.72,122.21,169903.0
2019-05-21,122.52,128.63,122.52,126.8,169457.0
2019-05-22,121.75,122.5,117.64,117.8,123760.0
2019-05-23,112.31,113.4,107.4,112.81,158593.0
2019-05-24,116.9,117.1,109.71,110.7,121854.0
2019-05-28,112.0,113.0,106.47,106.75,103593.0
2019-05-29,104.2,109.84,103.55,108.6,161312.0
2019-05-30,109.34,113.54,108.54,110.85,146683.0
2019-05-31,106.15,111.41,105.5,106.2,123135.0
2019-06-03,106.0,113.0,105.27,109.0,243513.0
2019-06-04,112.5,122.49,109.9,122.49,406286.0
2019-06-05,121.0,125.42,113.71,115.82,236135.0
2019-06-06,118.2,124.2,117.4,121.5,170906.0
2019-06-07,126.95,128.08,120.56,127.0,163586.0
2019-06-10,128.01,141.29,128.01,137.15,241647.0
2019-06-11,143.8,144.86,134.9,137.0,182431.0
2019-06-12,133.0,134.5,127.75,128.6,128166.0
2019-06-13,131.78,132.05,121.5,121.5,113930.0
2019-06-14,121.0,122.15,118.0,119.99,165411.0
2019-06-17,119.56,121.65,117.6,118.25,106491.0
2019-06-18,121.0,135.5,121.0,134.5,244479.0
2019-06-19,135.0,136.21,131.33,134.38,133799.0
2019-06-20,140.99,143.28,135.33,136.76,176606.0
2019-06-21,133.95,138.7,133.7,133.7,142348.0
2019-06-24,135.27,137.0,133.96,135.6,84831.0
2019-06-25,135.29,137.5,128.83,133.0,130135.0
2019-06-26,138.26,143.93,136.24,141.5,140767.0
2019-06-27,142.75,150.1,142.7,147.5,104407.0
2019-06-28,151.01,152.295,147.5,149.64,57888.0
2019-07-01,162.0,171.31,156.88,160.2,146853.0
2019-07-02,160.29,160.29,151.48,153.4,117808.0
2019-07-03,155.5,155.65,148.15,151.0,93835.0
2019-07-05,146.64,149.38,143.83,148.77,108625.0
2019-07-08,145.0,146.64,142.68,144.75,104741.0
2019-07-09,141.03,148.9,141.0,148.75,108515.0
2019-07-10,149.0,157.89,147.5,152.1,200843.0
2019-07-11,154.0,154.6,150.23,152.51,98867.0
2019-07-12,154.2,162.0,153.89,162.0,144755.0
2019-07-15,161.52,167.09,161.52,165.35,88022.0
2019-07-16,164.9,164.9,157.5,160.08,121320.0
2019-07-17,164.2,164.6,159.6,160.0,86438.0
2019-07-18,161.83,170.48,161.35,169.99,133563.0
2019-07-19,169.69,172.5,166.0,166.0,98462.0
2019-07-22,170.7,178.2,170.0,178.01,119018.0
2019-07-23,180.32,191.5,178.11,190.01,96480.0
2019-07-24,190.0,205.0,187.73,197.87,232560.0
2019-07-25,199.0,200.71,189.2,193.4,171564.0
2019-07-26,195.25,195.25,190.0,190.4,102680.0
2019-07-29,188.99,192.95,184.63,192.19,91956.0
2019-07-30,188.81,192.1,184.84,190.0,58298.0
2019-07-31,189.1,189.1,166.65,168.91,176021.0
2019-08-01,170.77,184.68,157.8,162.03,232975.0
2019-08-02,160.2,161.0,150.5,154.89,159777.0
2019-08-05,142.11,144.9,123.52,123.52,250917.0
2019-08-06,138.8,144.98,135.08,139.5,205365.0
2019-08-07,140.8,143.51,132.8,140.28,215522.0
2019-08-08,143.97,154.5,143.04,149.95,237281.0
2019-08-09,149.95,151.0,142.6,145.51,189126.0
2019-08-12,140.5,145.45,138.02,140.5,166519.0
2019-08-13,139.46,156.02,137.03,154.2,201487.0
2019-08-14,146.93,147.0,136.13,138.23,269922.0
2019-08-15,140.0,143.0,133.97,142.0,176444.0
2019-08-16,145.05,149.67,142.04,148.25,178946.0
2019-08-19,155.71,160.69,154.68,157.0,136332.0
2019-08-20,156.6,158.5,152.16,154.0,103422.0
2019-08-21,158.5,161.1,156.5,160.51,118713.0
2019-08-22,159.01,162.1,153.83,159.39,110062.0
2019-08-23,159.75,160.0,136.48,138.0,371613.0
2019-08-26,143.47,149.0,139.9,142.5,113589.0
2019-08-27,141.7,146.37,137.7,141.0,122564.0
2019-08-28,139.0,143.29,135.07,143.05,136372.0
2019-08-29,147.5,155.21,147.5,152.23,219334.0
2019-08-30,157.0,158.98,152.55,154.2,128279.0
2019-09-03,147.92,151.48,144.43,147.2,156947.0
2019-09-04,151.65,160.0,151.65,159.5,192099.0
2019-09-05,163.0,179.2,163.0,175.84,216274.0
2019-09-06,175.66,176.1,171.01,174.5,87550.0
2019-09-09,176.5,181.15,174.88,176.71,113853.0
2019-09-10,175.7,179.88,170.73,179.0,100597.0
2019-09-11,179.6,194.05,178.72,193.5,118546.0
2019-09-12,188.0,194.0,185.19,189.0,109987.0
2019-09-13,190.04,192.09,184.35,186.49,52572.0
2019-09-16,182.59,185.9,178.39,184.0,84764.0
2019-09-17,183.05,185.45,179.1,185.05,75185.0
2019-09-18,184.0,185.5,177.7,185.41,99443.0
2019-09-19,184.4,188.2,181.93,182.0,82069.0
2019-09-20,183.01,185.0,170.09,170.54,127892.0
2019-09-23,171.5,181.5,171.1,181.44,78593.0
2019-09-24,178.3,182.0,166.03,168.6,208275.0
2019-09-25,165.42,179.02,162.0,178.0,112216.0
2019-09-26,178.95,180.0,172.5,173.01,123576.0
2019-09-27,175.0,176.0,161.4,165.0,188534.0
2019-09-30,167.0,171.0,165.4,171.0,74757.0
2019-10-01,172.75,179.8,163.66,165.7,193104.0
2019-10-02,161.6,162.55,154.6,157.25,195904.0
2019-10-03,157.43,166.16,152.21,164.8,168868.0
2019-10-04,165.25,175.22,165.25,174.46,193444.0
2019-10-07,171.71,176.44,170.5,170.9,109200.0
2019-10-08,166.9,167.1,154.72,155.5,315731.0
2019-10-09,160.89,165.88,155.14,156.75,165874.0
2019-10-10,163.0,172.75,162.02,170.3,165889.0
2019-10-11,174.49,185.05,174.49,181.0,229415.0
2019-10-14,178.4,180.0,176.24,179.6,80919.0
2019-10-15,180.65,191.92,180.65,191.3,179851.0
2019-10-16,190.0,190.3,181.2,182.5,157034.0
2019-10-17,187.88,190.54,180.64,183.5,110382.0
2019-10-18,183.3,184.31,172.88,178.45,146230.0
2019-10-21,180.0,188.35,180.0,188.2,99942.0
2019-10-22,190.0,190.7,168.22,171.6,86222.0
2019-10-23,172.98,178.0,169.84,177.57,150407.0
2019-10-24,179.9,190.48,179.1,187.91,173491.0
2019-10-25,188.8,197.6,186.65,197.6,184699.0
2019-10-28,199.5,209.6,199.5,209.0,119094.0
2019-10-29,207.0,212.02,199.0,203.46,80147.0
2019-10-30,204.8,206.0,197.55,202.61,55371.0
2019-10-31,201.56,201.8,190.75,199.88,74434.0
2019-11-01,203.48,212.0,201.96,212.0,106070.0
2019-11-04,218.25,226.92,217.9,224.98,93721.0
2019-11-05,229.0,232.14,224.48,226.0,76748.0
2019-11-06,226.51,226.51,215.22,225.6,73216.0
2019-11-07,230.51,233.5,223.12,227.0,95475.0
2019-11-08,225.46,230.1,219.735,230.1,46713.0
2019-11-11,225.03,227.58,221.28,226.1,38027.0
2019-11-12,229.0,233.32,225.29,227.15,72314.0
2019-11-13,223.73,230.25,221.0,228.1,70003.0
2019-11-14,226.0,230.05,221.18,227.0,71593.0
2019-11-15,232.99,238.0,229.29,232.0,78750.0
2019-11-18,236.5,236.75,227.0,231.51,37118.0
2019-11-19,234.3,234.85,223.5,226.85,102879.0
2019-11-20,223.59,227.5,214.46,216.2,123657.0
2019-11-21,216.09,218.5,209.43,211.75,105654.0
2019-11-22,214.05,217.28,210.0,211.7,54447.0
2019-11-25,206.7,227.44,206.7,227.25,115474.0
2019-11-26,227.11,227.11,221.2,223.8,100136.0
2019-11-27,227.9,229.0,226.0,228.38,73725.0
2019-11-29,226.02,226.55,220.8,222.0,28745.0
2019-12-02,222.5,223.0,209.8,209.8,71290.0
2019-12-03,206.05,206.05,194.75,203.0,99725.0
2019-12-04,209.6,213.8,208.5,211.1,53849.0
2019-12-05,215.25,217.23,211.4,213.63,55807.0
2019-12-06,215.65,225.05,215.65,223.7,89259.0
2019-12-09,226.3,226.3,219.52,219.52,36973.0
2019-12-10,215.0,227.42,215.0,222.6,69518.0
2019-12-11,225.5,238.0,225.0,238.0,121878.0
2019-12-12,237.0,260.22,235.9,260.22,157529.0
2019-12-13,263.5,264.1,249.0,251.9,151987.0
2019-12-16,259.0,266.39,259.0,260.4,64791.0
2019-12-17,262.5,264.85,259.01,262.0,68164.0
2019-12-18,263.74,266.0,259.88,265.6,49980.0
2019-12-19,264.8,269.1,262.11,269.0,60422.0
2019-12-20,271.5,279.0,270.85,279.0,81740.0
2019-12-23,279.8,283.9,278.03,279.0,96456.0
2019-12-24,278.5,280.91,276.0,278.03,52741.0
2019-12-26,282.53,283.2,278.58,282.0,61661.0
2019-12-27,283.8,285.49,276.22,277.47,64681.0
2019-12-30,278.5,278.5,266.62,272.0,57908.0
2020-01-02,287.0,293.0,281.56,292.0,63365.0
2020-01-03,272.09,283.39,272.09,276.6,124820.0
2020-01-06,268.3,273.99999999999994,261.77,271.99999999999994,83353.0
2020-01-07,276.83,285.03,270.0,270.0,105099.0
2020-01-08,280.19,286.66,277.36,283.99999999999994,67901.0
2020-01-09,289.49999999999994,292.77,278.5,286.74999999999994,75623.0
2020-01-10,287.0400000000001,292.26,278.99999999999994,281.45,82438.0
2020-01-13,285.3,293.0,283.99999999999994,293.0,62271.0
2020-01-14,290.99999999999994,300.2699999999999,288.39,295.80999999999995,61833.0
2020-01-15,295.99999999999994,295.99999999999994,280.0,284.47999999999996,88400.0
2020-01-16,295.00999999999993,297.30999999999995,288.56999999999994,297.3,81738.0
2020-01-17,300.5,303.50000000000006,296.4200000000001,303.12999999999994,83029.0
2020-01-21,299.94,306.0,298.98999999999995,302.70000000000005,40853.0
2020-01-22,305.69999999999993,319.27,305.69999999999993,308.30000000000007,65294.0
2020-01-23,314.3299999999999,326.71,303.74999999999994,326.55,71328.0
2020-01-24,328.99000000000007,331.00000000000006,299.49999999999994,306.0,131895.0
2020-01-27,287.0,287.0,269.17,270.75,146943.0
2020-01-28,275.1499999999999,292.45,275.1499999999999,286.25,115888.0
2020-01-29,288.29999999999995,289.82000000000005,273.19,280.0,88137.0
2020-01-30,268.61,276.00000000000006,257.12,275.49999999999994,100693.0
2020-01-31,270.5299999999999,270.5299999999999,240.5,241.77000000000004,185284.0
2020-02-03,247.21,254.11,246.21999999999997,252.00000000000009,101970.0
2020-02-04,266.0899999999999,277.0,266.0899999999999,276.51000000000005,94269.0
2020-02-05,288.4,297.0,282.39000000000004,296.18,136600.0
2020-02-06,299.96,299.96,284.5,294.49999999999994,76043.0
2020-02-07,289.0,290.00000000000006,273.5,274.50000000000006,119539.0
2020-02-10,273.3,286.23999999999995,266.0,285.99999999999994,95333.0
2020-02-11,290.5,308.1000000000001,290.5,303.98999999999995,109830.0
2020-02-12,311.0,319.24999999999994,309.9700000000001,318.0,75993.0
2020-02-13,307.07,326.00000000000006,306.49,321.70000000000005,78743.0
2020-02-14,327.01,328.49999999999994,309.9700000000001,316.0,88719.0
2020-02-18,300.21,304.24000000000007,295.5,302.99999999999994,110097.0
2020-02-19,309.67999999999995,327.15,309.67999999999995,326.19999999999993,90548.0
2020-02-20,322.50000000000006,325.0,297.0,306.0,142603.0
2020-02-21,307.99999999999994,307.99999999999994,280.0,283.56000000000006,214289.0
2020-02-24,263.01,263.01,239.02000000000007,244.49999999999997,259905.0
2020-02-25,254.99999999999997,255.69999999999996,216.78,223.33000000000004,431533.0
2020-02-26,218.80000000000004,236.49999999999997,201.99999999999997,218.0,360934.0
2020-02-27,217.30999999999997,217.30999999999997,186.0,189.5,433275.0
2020-02-28,178.50000000000003,209.93000000000004,171.0,209.5,409080.0
2020-03-02,219.2,225.28999999999996,195.56999999999996,223.0,369820.0
2020-03-03,227.1,237.33999999999995,196.87,198.1,388072.0
2020-03-04,210.62,232.30000000000004,206.09999999999997,227.99999999999997,232250.0
2020-03-05,214.55000000000004,229.29,206.0,213.0,311835.0
2020-03-06,208.5,208.5,183.0,195.0,279506.0
2020-03-09,170.0,176.75000000000003,141.7,160.99999999999997,349120.0
2020-03-10,161.19999999999996,177.10000000000002,149.11,165.44999999999996,502549.0
2020-03-11,159.0,170.95,141.30000000000004,145.0,450356.0
2020-03-12,129.99999999999997,133.67,90.6,95.0,614332.0
2020-03-13,114.0,130.11,98.01000000000002,123.0,568128.0
2020-03-16,92.29999999999998,106.43,79.0,86.90000000000002,657809.0
2020-03-17,91.99,94.93999999999998,65.65000000000002,79.7,1113776.0
2020-03-18,70.99999999999999,78.96,53.50999999999999,68.49,806239.0
2020-03-19,62.15999999999999,75.98000000000002,56.989999999999995,67.99,961085.0
2020-03-20,82.5,86.39000000000001,62.5,63.24999999999999,851076.0
2020-03-23,58.42999999999999,75.70000000000002,58.42999999999999,73.68,755595.0
2020-03-24,82.99999999999999,96.75,79.75000000000001,90.07,813331.0
2020-03-25,100.0,105.07,85.66,92.98000000000002,660215.0
2020-03-26,89.65999999999998,108.78,86.90000000000002,107.29000000000002,675290.0
2020-03-27,100.0,103.6,90.5,90.5,618090.0
2020-03-30,86.09999999999998,101.91,86.09999999999998,101.5,617382.0
2020-03-31,106.5,106.5,92.0,92.09999999999998,715669.0
2020-04-01,88.29000000000002,92.31,76.68,81.44999999999999,586926.0
2020-04-02,81.48999999999998,87.50000000000001,76.20000000000002,86.01,643790.0
2020-04-03,84.0,89.41,78.16,81.48,565815.0
2020-04-06,91.0,107.57999999999998,90.2,107.29999999999998,569744.0
2020-04-07,112.11,119.95,103.3,105.09999999999998,863493.0
2020-04-08,108.8,117.03,105.98,116.97,697760.0
2020-04-09,112.95000000000002,123.5,104.79,110.7,1020790.0
2020-04-13,103.91,114.76000000000002,103.91,114.7,529110.0
2020-04-14,117.75,128.19,117.06,126.00000000000004,611271.0
2020-04-15,123.45,123.45,112.58,113.9,402223.0
2020-04-16,120.5,139.84,117.51,137.1,561906.0
2020-04-17,135.08,136.99999999999997,124.01,128.0,528646.0
2020-04-20,122.40999999999998,128.52999999999997,119.58000000000004,121.79999999999998,453613.0
2020-04-21,116.54,117.58,101.48,106.28,737730.0
2020-04-22,112.0,122.75,109.32,119.0,481089.0
2020-04-23,118.5,125.06,111.89,112.34,486237.0
2020-04-24,116.25,125.85,114.40000000000002,125.5,416913.0
2020-04-27,128.55,133.73999999999998,128.13,131.6,251773.0
2020-04-28,133.0,139.2,126.75,129.30000000000004,581468.0
2020-04-29,131.6,151.03,130.53,150.0,472651.0
2020-04-30,148.87999999999997,148.87999999999997,125.51000000000003,125.9,613696.0
2020-05-01,122.01,123.0,109.79000000000002,113.11,813450.0
2020-05-04,108.20000000000002,115.0,107.0,115.0,257950.0
2020-05-05,118.0,126.51999999999998,117.75,122.05,548205.0
2020-05-06,124.95000000000005,129.83999999999995,122.5,122.95,510578.0
2020-05-07,129.67999999999998,132.29,125.79999999999998,128.66000000000005,382193.0
2020-05-08,131.05000000000004,140.0,130.41,140.0,498478.0
2020-05-11,140.0,142.23999999999998,132.30999999999997,138.34999999999997,326538.0
2020-05-12,141.50000000000003,142.57,123.29999999999998,123.4,387191.0
2020-05-13,129.99,133.09999999999997,114.38,123.01,608802.0
2020-05-14,120.59,131.6,111.0,131.6,544047.0
2020-05-15,132.00000000000003,132.00000000000003,114.73,120.11,507750.0
2020-05-18,123.25,140.24999999999997,123.25,139.09999999999997,574608.0
2020-05-19,136.01,146.43,135.99999999999997,138.3,468600.0
2020-05-20,141.30000000000004,154.7,141.30000000000004,153.99000000000004,425561.0
2020-05-21,148.55,153.83,139.39,142.99999999999997,400363.0
2020-05-22,134.80000000000004,143.5,134.80000000000004,142.59,249457.0
2020-05-26,152.0,155.80000000000004,146.2,147.50000000000003,522427.0
2020-05-27,152.0,153.50000000000003,135.69,152.25999999999996,459447.0
2020-05-28,150.1,156.28,141.04999999999998,145.45999999999998,416590.0
2020-05-29,143.23,155.50999999999996,143.23,155.3,453866.0
2020-06-01,153.0,154.07,147.99999999999997,150.74999999999997,269909.0
2020-06-02,154.61000000000004,165.91999999999996,151.16,164.80000000000004,433584.0
2020-06-03,164.0,178.14,164.0,177.0,269608.0
2020-06-04,171.40999999999997,184.66,171.40999999999997,182.49999999999997,303627.0
2020-06-05,183.99999999999997,201.99999999999997,183.99999999999997,194.99000000000004,289383.0
2020-06-08,199.49999999999997,200.8,187.0,193.6,227729.0
2020-06-09,184.99999999999997,195.15,184.4,194.6,267158.0
2020-06-10,196.15,200.74,192.68000000000004,193.0,307438.0
2020-06-11,190.14,190.14,157.00000000000003,164.0,470453.0
2020-06-12,168.89999999999998,173.88000000000002,153.88999999999996,164.49999999999997,373799.0
2020-06-15,153.99999999999997,175.00000000000003,151.85,175.00000000000003,289459.0
2020-06-16,175.6,189.24999999999997,171.36999999999998,182.19,351332.0
2020-06-17,186.0,190.19999999999996,182.0,182.49999999999997,247345.0
2020-06-18,185.58,187.2,180.88,185.9,161336.0
2020-06-19,188.65999999999997,192.9,177.00999999999996,177.99999999999997,325586.0
2020-06-22,184.27999999999997,188.0,175.71000000000004,188.0,246827.0
2020-06-23,188.0,193.18,185.80000000000004,186.5,236115.0
2020-06-24,181.71000000000004,187.25999999999996,170.62000000000003,175.89999999999998,385257.0
2020-06-25,175.05,179.86999999999998,166.36,179.78999999999996,269391.0
2020-06-26,180.15,180.15,167.23,167.34999999999997,269235.0
2020-06-29,170.75000000000003,180.01,162.50999999999996,180.0,247413.0
2020-06-30,178.99999999999997,189.72,175.17999999999998,186.13,378627.0
2020-07-01,188.01,189.0,179.7,180.6,269291.0
2020-07-02,184.85,192.05000000000004,184.85,188.0,307262.0
2020-07-06,195.99999999999997,204.48,195.37,204.48,291941.0
2020-07-07,200.0,204.15,193.49999999999997,196.99999999999997,241658.0
2020-07-08,199.49999999999997,203.26,194.49,203.26,175919.0
2020-07-09,205.0,214.36,196.1,209.09000000000003,306909.0
2020-07-10,210.69,215.29,202.30000000000004,208.8,218070.0
2020-07-13,214.99999999999997,224.33999999999995,196.99999999999997,202.1,320528.0
2020-07-14,201.5,212.29,186.22,211.80000000000004,402490.0
2020-07-15,215.58000000000004,215.58000000000004,196.99999999999997,204.1,275690.0
2020-07-16,199.49999999999997,206.48,196.93000000000004,201.99999999999997,189055.0
2020-07-17,203.7,210.02,203.7,207.00999999999996,191893.0
2020-07-20,207.63,221.68,204.41,219.99999999999997,214859.0
2020-07-21,227.9,227.9,213.68999999999997,218.99000000000004,216697.0
2020-07-22,214.78,223.55,213.30000000000004,217.01,205830.0
2020-07-23,220.99999999999997,224.18,202.77000000000004,206.9,363318.0
2020-07-24,202.85,207.50000000000003,189.5,197.7,215520.0
2020-07-27,203.43999999999997,218.37999999999997,203.43999999999997,218.37999999999997,225057.0
2020-07-28,216.86,216.86,203.19999999999996,208.99999999999997,232418.0
2020-07-29,209.99999999999997,228.21000000000004,209.62,224.75,314846.0
2020-07-30,217.69999999999996,237.99999999999997,213.8,236.49,308606.0
2020-07-31,247.75000000000009,247.75000000000009,216.71,226.36,408431.0
2020-08-03,230.49999999999997,241.11,230.12000000000003,238.88000000000005,189841.0
2020-08-04,240.4,250.65999999999997,236.0,248.78999999999996,91615.0
2020-08-05,252.3,252.99999999999997,244.37,247.84999999999997,178454.0
2020-08-06,247.00000000000009,250.09999999999997,241.58,248.8,146133.0
2020-08-07,248.9,250.99999999999997,231.6,240.5,248152.0
2020-08-10,240.43999999999997,243.45,230.02,240.19999999999996,161118.0
2020-08-11,240.58999999999995,247.1,231.0,236.49,247070.0
2020-08-12,238.4,257.39,236.76,254.99999999999997,238789.0
2020-08-13,254.99999999999997,259.02,244.1,250.55000000000004,183303.0
2020-08-14,250.5,255.97000000000008,244.61,247.02,144260.0
2020-08-17,249.19999999999996,259.2,249.14,257.0,103316.0
2020-08-18,259.5,260.7,249.49999999999997,252.99999999999997,115367.0
2020-08-19,252.5,253.9600000000001,244.8,245.3,124321.0
2020-08-20,245.99999999999997,245.99999999999997,235.43,241.07000000000005,150120.0
2020-08-21,240.24999999999997,245.99999999999997,236.3,245.19999999999996,113687.0
2020-08-24,253.59999999999997,255.68,247.13,252.5,89638.0
2020-08-25,254.49999999999997,261.2900000000001,252.00000000000009,260.5,90655.0
2020-08-26,262.50000000000006,265.68000000000006,258.89,262.97,87994.0
2020-08-27,261.0,266.39,248.6800000000001,254.9,185609.0
2020-08-28,254.99999999999997,268.09,253.46,266.99999999999994,130824.0
2020-08-31,268.09999999999997,272.87000000000006,260.82000000000005,267.15999999999997,124107.0
2020-09-01,274.50000000000006,284.94,268.06000000000006,284.94,86994.0
2020-09-02,293.0,311.4800000000001,287.0,306.92999999999995,158417.0
2020-09-03,304.8999999999999,304.8999999999999,237.99999999999997,238.99999999999997,275033.0
2020-09-04,256.49999999999994,260.43,220.07,246.49999999999997,258090.0
2020-09-08,230.01,235.00000000000003,208.99,212.41999999999996,179632.0
2020-09-09,225.98,235.3,219.99000000000004,229.58,183121.0
2020-09-10,226.90000000000003,241.18999999999997,216.41,221.99999999999997,224049.0
2020-09-11,226.24999999999997,232.19999999999996,212.87000000000003,218.0,218768.0
2020-09-14,230.69999999999996,237.48,228.15,235.01,163953.0
2020-09-15,240.00000000000009,250.33,240.00000000000009,245.3,150225.0
2020-09-16,250.45,251.37,237.49999999999997,240.99999999999997,138784.0
2020-09-17,231.99999999999997,239.62,218.58,236.08000000000004,118287.0
2020-09-18,241.67,242.99999999999997,217.80000000000004,225.31,202090.0
2020-09-21,212.0,229.00000000000003,208.4,228.85,441226.0
2020-09-22,232.99999999999997,233.65000000000003,218.27000000000004,230.0,174967.0
2020-09-23,236.0,236.69999999999996,213.0,214.75,191988.0
2020-09-24,215.81,231.0,207.03,224.49999999999997,395262.0
2020-09-25,223.87,233.43999999999997,213.51,229.12000000000003,147324.0
2020-09-28,235.00000000000003,253.02,235.00000000000003,252.8,180320.0
2020-09-29,249.3,259.00000000000006,249.0,252.00000000000009,188456.0
2020-09-30,247.1,261.0,245.08,255.4,147709.0
2020-10-01,261.1499999999999,271.03,260.28,269.0,128735.0
2020-10-02,252.99999999999997,261.8500000000001,240.99999999999997,240.99999999999997,236063.0
2020-10-05,253.12999999999997,268.91,250.5,266.31,156406.0
2020-10-06,268.0,283.26,259.4,261.99999999999994,150597.0
2020-10-07,268.05,281.74999999999994,268.05,280.49999999999994,133560.0
2020-10-08,283.9,295.00000000000006,283.88999999999993,295.00000000000006,125462.0
2020-10-09,297.0,307.43999999999994,297.0,305.2,198362.0
2020-10-12,310.50999999999993,323.36000000000007,310.50999999999993,320.5,189474.0
2020-10-13,325.3399999999999,325.3399999999999,312.6,321.00000000000006,161275.0
2020-10-14,319.00000000000006,323.89,307.4200000000001,312.92,170823.0
2020-10-15,301.95000000000005,313.87,293.69000000000005,313.87,168189.0
2020-10-16,315.50000000000006,318.88,303.55999999999995,303.55999999999995,113061.0
2020-10-19,311.03,318.84,297.91999999999996,308.0799999999999,120192.0
2020-10-20,310.50000000000006,310.50000000000006,297.7,304.0,101771.0
2020-10-21,300.02,303.71,290.02,290.02,108686.0
2020-10-22,295.00000000000006,298.9599999999999,283.80999999999995,290.99999999999994,121662.0
2020-10-23,286.22,293.05999999999995,282.55,290.99999999999994,93485.0
2020-10-26,283.5,287.0,261.01000000000005,273.99000000000007,156853.0
2020-10-27,279.2699999999999,281.0,265.9,267.79999999999995,84081.0
2020-10-28,263.01,263.01,241.09999999999997,245.99999999999997,175805.0
2020-10-29,248.05,268.65999999999997,242.12,257.0,125530.0
2020-10-30,254.02999999999997,257.77,240.09999999999997,249.0,123448.0
2020-11-02,259.88999999999993,260.98999999999995,246.34,255.09999999999997,119199.0
2020-11-03,258.0,273.83,257.5,268.25,161272.0
2020-11-04,282.14,308.58000000000004,274.50000000000006,305.24,192415.0
2020-11-05,322.1000000000001,337.07000000000005,319.00000000000006,333.88999999999993,226096.0
2020-11-06,324.96,355.21,321.9,352.00999999999993,146542.0
2020-11-09,374.99999999999994,384.18,337.55,340.77,200092.0
2020-11-10,331.99999999999994,334.39,306.09999999999997,307.99999999999994,185946.0
2020-11-11,317.88000000000005,347.94000000000005,317.88000000000005,344.30000000000007,117234.0
2020-11-12,343.39,347.01000000000005,323.69,333.00999999999993,119714.0
2020-11-13,332.5400000000001,349.44999999999993,332.5400000000001,340.03999999999996,112913.0
2020-11-16,352.8999999999999,371.8999999999999,346.42,368.38,136874.0
2020-11-17,350.19999999999993,364.99999999999994,349.36,357.23,84068.0
2020-11-18,358.15999999999997,366.9700000000001,344.74,344.74,103914.0
2020-11-19,345.99999999999994,366.0,340.99999999999994,360.2,77180.0
2020-11-20,367.00999999999993,374.6799999999999,358.78,361.0,92937.0
2020-11-23,364.00999999999993,379.88,361.25999999999993,379.88,106576.0
2020-11-24,376.99999999999994,385.0,364.7200000000001,383.62999999999994,106523.0
2020-11-25,382.31999999999994,387.6000000000001,374.0,379.02,91539.0
2020-11-27,381.99999999999994,399.0799999999999,380.11,393.99000000000007,153181.0
2020-11-30,391.99999999999994,409.99,379.13999999999993,409.0,116392.0
2020-12-01,414.0,433.98,412.34,424.99999999999994,146296.0
2020-12-02,427.00000000000006,436.3500000000001,421.0,431.5499999999999,88270.0
2020-12-03,433.25,445.36999999999995,429.51,431.99999999999994,111426.0
2020-12-04,437.63,467.6,434.9,463.55,133551.0
2020-12-07,470.00000000000006,478.8999999999999,460.5400000000001,473.68999999999994,88748.0
2020-12-08,469.25000000000006,484.1,465.6499999999999,480.0,68081.0
2020-12-09,476.99,482.63,429.26,438.30000000000007,178890.0
2020-12-10,438.4,447.3,422.00000000000006,434.6799999999999,109962.0
2020-12-11,424.0,432.88999999999993,409.0,423.3,112796.0
2020-12-14,434.00000000000006,445.27,431.1499999999999,442.3999999999999,114096.0
2020-12-15,445.1,460.30999999999995,445.1,457.1,82531.0
2020-12-16,462.7,462.7,445.48,458.00000000000006,65799.0
2020-12-17,463.24999999999994,464.79,452.83,456.35,63117.0
2020-12-18,458.07,462.99999999999994,443.37,455.61,102043.0
2020-12-21,431.0,445.49999999999994,422.26,442.50000000000006,117522.0
2020-12-22,445.06,457.6,431.32,441.80999999999995,73038.0
2020-12-23,441.5499999999999,446.88999999999993,430.15,431.98,49530.0
2020-12-24,436.0,444.95,434.99999999999994,444.5,32313.0
2020-12-28,451.11,460.30999999999995,440.49999999999994,441.0,73824.0
2020-12-29,443.8,448.0,424.4899999999999,439.15,87049.0
2020-12-30,443.99999999999994,463.24999999999994,441.99999999999994,462.49999999999994,89038.0
2020-12-31,463.07,467.5199999999999,452.51,465.99999999999994,59992.0
2021-01-04,472.0,504.73,449.29,459.27,193844.0
2021-01-05,462.51,487.5299999999999,453.99999999999994,485.99999999999994,87335.0
2021-01-06,462.0,512.38,462.0,487.0,182982.0
2021-01-07,488.2099999999999,543.0,488.2099999999999,539.41,104397.0
2021-01-08,546.0,569.0,519.44,539.06,135575.0
2021-01-11,535.8,568.09,521.02,556.25,108577.0
2021-01-12,560.1099999999999,581.3599999999999,550.51,566.16,148496.0
2021-01-13,567.28,583.36,557.5,568.66,55237.0
2021-01-14,577.6,624.16,577.6,612.22,127095.0
2021-01-15,605.8,610.0,556.54,566.0,170054.0
2021-01-19,582.11,629.9999999999999,582.11,629.9999999999999,159650.0
2021-01-20,642.98,653.0,614.07,623.33,129558.0
2021-01-21,619.5499999999998,652.8499999999999,616.28,643.0,140336.0
2021-01-22,629.0,637.69,611.0,612.0,175837.0
2021-01-25,624.0599999999998,632.0,579.4099999999999,615.0099999999999,130503.0
2021-01-26,601.0,618.9,583.01,584.0,84771.0
2021-01-27,583.0,583.0,487.99999999999994,491.99999999999994,273730.0
2021-01-28,491.0,548.59,474.99999999999994,536.16,217322.0
2021-01-29,520.8999999999999,537.5,493.55999999999995,501.99999999999994,167643.0
2021-02-01,520.1899999999999,563.13,516.03,561.98,161219.0
2021-02-02,578.99,587.7,561.98,584.9999999999999,117156.0
2021-02-03,590.0,597.0,535.0,543.0,129381.0
2021-02-04,549.49,564.9999999999999,532.97,562.0899999999999,84483.0
2021-02-05,563.07,574.6799999999998,548.78,552.1,107009.0
2021-02-08,553.1,602.0,553.1,600.0,169115.0
2021-02-09,602.0,608.0,585.76,595.9999999999999,70492.0
2021-02-10,599.15,619.8,575.89,598.9999999999999,132827.0
2021-02-11,615.18,662.3399999999999,605.9999999999999,660.9999999999999,210375.0
2021-02-12,662.4699999999999,690.0,645.0,686.0,143889.0
2021-02-16,695.21,720.85,687.5,698.0,125812.0
2021-02-17,683.22,701.31,632.0,659.0,161811.0
2021-02-18,646.02,649.0,615.87,645.0,154851.0
2021-02-19,656.04,697.8,652.57,686.0,270008.0
2021-02-22,656.9999999999999,674.0,603.1,617.0,206610.0
2021-02-23,607.0,610.69,526.11,598.9999999999999,198951.0
2021-02-24,600.1499999999999,668.8899999999999,570.82,655.0,146487.0
2021-02-25,653.75,653.75,534.11,535.55,262215.0
2021-02-26,550.12,595.5,525.22,573.7,260478.0
2021-03-01,610.0,643.8,593.66,641.99,274645.0
2021-03-02,41.57999999999999,43.2,38.459999999999994,39.38999999999999,3064395.0
2021-03-03,40.50000000000001,40.50000000000001,34.56,34.56,3141515.0
2021-03-04,35.14,35.49999999999999,28.489999999999995,29.7,3929655.0
2021-03-05,29.4,33.31,27.729999999999997,33.15,3900746.0
2021-03-08,30.999999999999996,32.97,27.499999999999996,28.249999999999996,4401750.0
2021-03-09,29.199999999999996,33.08,29.199999999999996,32.78,2413755.0
2021-03-10,32.449999999999996,34.5,30.62,30.999999999999996,3418023.0
2021-03-11,33.4,35.03499999999999,32.709999999999994,34.92,2262807.0
2021-03-12,33.05,33.91,31.309999999999995,33.8,2086556.0
2021-03-15,32.79999999999999,35.82,32.79999999999999,35.49999999999999,1923956.0
2021-03-16,36.3,38.59,35.669999999999995,36.92999999999999,3439736.0
2021-03-17,36.4,39.15,34.51,38.99000000000001,2270348.0
2021-03-18,37.31000000000001,37.58,33.45,33.919999999999995,2866429.0
2021-03-19,35.09,35.64999999999999,32.38999999999999,34.52000000000001,1911563.0
2021-03-22,35.0,38.19,34.78,37.07999999999999,3323953.0
2021-03-23,36.99999999999999,37.87,33.51,34.95,3951245.0
2021-03-24,35.3,36.3,32.54999999999999,32.65999999999999,3678653.0
2021-03-25,32.699999999999996,33.52,30.1,33.12,4314676.0
2021-03-26,33.99999999999999,37.73,31.92,37.129999999999995,4775204.0
2021-03-29,36.45,37.50000000000001,34.51,35.89,3666583.0
2021-03-30,35.74999999999999,35.779999999999994,34.28999999999999,35.63999999999999,2499031.0
2021-03-31,35.699999999999996,38.98,35.33,38.59,3103302.0
2021-04-01,39.96999999999999,42.45,39.45,42.45,3623939.0
2021-04-05,42.41,45.35,42.1,45.15,3631802.0
2021-04-06,44.22,44.96000000000001,42.09000000000001,43.74,1857662.0
2021-04-07,43.70000000000001,44.14,42.34000000000001,43.68000000000001,1554945.0
2021-04-08,44.60999999999999,45.19,43.6,45.19,1720014.0
2021-04-09,44.61999999999999,44.68999999999999,43.129999999999995,44.28,1259230.0
2021-04-12,43.89000000000001,44.16,41.809999999999995,43.059999999999995,2161579.0
2021-04-13,43.09,44.12,41.57999999999999,42.58,1738126.0
2021-04-14,42.71,43.470000000000006,40.63000000000001,41.35,1805545.0
2021-04-15,42.45,43.66,41.61999999999999,43.29999999999999,1718908.0
2021-04-16,43.2,43.79,42.48499999999999,42.66,1260099.0
2021-04-19,42.85,42.9,38.26,39.96999999999999,2424178.0
2021-04-20,39.96999999999999,39.989999999999995,37.03999999999999,37.279999999999994,1534820.0
2021-04-21,37.6,40.76,37.35000000000001,40.349999999999994,1801229.0
2021-04-22,40.74999999999999,40.85000000000001,37.27,38.12,2405381.0
2021-04-23,38.45,40.56000000000001,38.06000000000001,39.95,1790311.0
2021-04-26,40.14999999999999,42.5,39.12,42.49000000000001,1667312.0
2021-04-27,42.8,43.01999999999999,40.95499999999999,41.25,1589843.0
2021-04-28,41.34,41.34,39.31999999999999,40.10999999999999,1558458.0
2021-04-29,40.57000000000001,41.22,38.489999999999995,39.28000000000001,1775567.0
2021-04-30,39.00000000000001,39.16,36.559999999999995,37.059999999999995,2445469.0
2021-05-03,37.99000000000001,37.99000000000001,35.08,35.57999999999999,1717539.0
2021-05-04,35.29,35.449999999999996,31.999999999999996,34.07999999999999,3123778.0
2021-05-05,34.10999999999999,35.779999999999994,33.75,34.209999999999994,1895985.0
2021-05-06,34.86,35.589999999999996,33.16,35.57999999999999,1899776.0
2021-05-07,35.85,37.55,35.50999999999999,36.8,2185763.0
2021-05-10,36.5,36.53,31.589999999999996,31.869999999999997,3143318.0
2021-05-11,30.8,32.3,28.62,31.89,3161816.0
2021-05-12,31.89,31.999999999999996,27.809999999999995,28.6,4098103.0
2021-05-13,27.84,30.489999999999995,27.21,29.55,2744453.0
2021-05-14,30.17,32.67999999999999,29.58,32.3,2453931.0
2021-05-17,31.5,31.5,29.44,31.219999999999995,2208383.0
2021-05-18,32.529999999999994,32.599999999999994,30.01,30.01,2001517.0
2021-05-19,28.999999999999996,32.16,28.229999999999997,31.699999999999996,4727188.0
2021-05-20,31.999999999999996,34.98,31.2,34.8,3962751.0
2021-05-21,34.91,35.46999999999999,33.81,34.089999999999996,3410393.0
2021-05-24,35.0,37.129999999999995,34.55,36.84,3391121.0
2021-05-25,37.2,37.74499999999999,36.24499999999999,37.31000000000001,2899392.0
2021-05-26,37.31000000000001,37.68,36.19,37.099999999999994,1986305.0
2021-05-27,36.79,38.25,36.19,38.14,2488656.0
2021-05-28,38.1,39.26,37.88,38.779999999999994,2896015.0
2021-06-01,39.05,40.53,37.75,38.04,2681915.0
2021-06-02,37.79,39.57,37.79,39.28000000000001,1577416.0
2021-06-03,38.99000000000001,39.00000000000001,36.52,36.79,2642388.0
2021-06-04,37.11999999999999,39.97999999999999,36.879999999999995,39.76,2549631.0
2021-06-07,39.05,39.8,38.16,39.26,1754029.0
2021-06-08,38.89,39.96999999999999,37.3,38.15,1999622.0
2021-06-09,38.3,38.88000000000001,37.35000000000001,37.41,1301097.0
2021-06-10,37.53,39.364999999999995,36.89,39.00000000000001,1939731.0
2021-06-11,39.24,39.58,38.56999999999999,39.52,1367587.0
2021-06-14,39.65,41.28,39.06000000000001,41.169999999999995,2847567.0
2021-06-15,41.34,41.59,39.745,40.13999999999999,2102648.0
2021-06-16,40.62,40.88,38.07,38.59,3052691.0
2021-06-17,38.59,41.169999999999995,38.17,40.48,2874263.0
2021-06-18,40.35999999999999,40.77000000000001,36.75,37.2,3579517.0
2021-06-21,37.6,38.25,36.6,38.17,1801565.0
2021-06-22,37.46999999999999,38.81999999999999,37.39999999999999,38.59,1278816.0
2021-06-23,38.7,39.62,38.489999999999995,39.01,1211833.0
2021-06-24,39.15,41.23,39.15,40.959999999999994,2138278.0
2021-06-25,41.04,41.68999999999999,40.28999999999999,40.70000000000001,1106004.0
2021-06-28,40.959999999999994,44.075,40.93,43.31999999999999,2652611.0
2021-06-29,43.540000000000006,44.7,42.879999999999995,44.64999999999999,1943387.0
2021-06-30,44.72999999999999,44.79999999999999,43.67,44.459999999999994,1588771.0
2021-07-01,44.53999999999999,44.879999999999995,42.14,42.4,1712487.0
2021-07-02,42.57,43.78,42.26,43.2,1722504.0
2021-07-06,42.99999999999999,44.13000000000001,41.37,42.85,1511044.0
2021-07-07,43.169999999999995,43.91,40.70000000000001,41.21,1540859.0
2021-07-08,39.989999999999995,40.36999999999999,37.76,39.6,2526497.0
2021-07-09,39.99999999999999,41.93,39.26,41.7,1389971.0
2021-07-12,41.77,43.45000000000001,41.14,43.24999999999999,1313569.0
2021-07-13,42.75,43.73,42.11000000000001,42.54,1460113.0
2021-07-14,42.24999999999999,44.779999999999994,41.85999999999999,42.20000000000001,2359256.0
2021-07-15,42.28000000000001,42.87,38.559999999999995,38.96999999999999,2017980.0
2021-07-16,39.46,40.45000000000001,36.59499999999999,36.959999999999994,1819733.0
2021-07-19,36.6,37.50000000000001,34.72,37.38000000000001,2569028.0
2021-07-20,37.51,39.08,35.86,38.56999999999999,1733739.0
2021-07-21,38.77,41.849999999999994,38.33,41.099999999999994,1667194.0
2021-07-22,41.60999999999999,41.629999999999995,39.91,41.0,1077910.0
2021-07-23,41.169999999999995,41.60999999999999,39.959999999999994,41.26,1509145.0
2021-07-26,41.01,41.78999999999999,40.31999999999999,41.49999999999999,1153652.0
2021-07-27,40.70000000000001,41.379999999999995,36.71,38.63999999999999,2458642.0
2021-07-28,38.96999999999999,41.49999999999999,38.74999999999999,40.92000000000001,1886961.0
2021-07-29,41.37,43.68000000000001,40.959999999999994,41.88000000000001,2295394.0
2021-07-30,41.59,44.49999999999999,41.59,44.3,2150361.0
2021-08-02,44.74999999999999,46.89000000000001,44.57999999999999,45.20000000000001,2545421.0
2021-08-03,45.84,45.96999999999999,43.61000000000001,45.62,1948019.0
2021-08-04,45.96999999999999,48.14999999999999,45.61,47.46999999999999,2201302.0
2021-08-05,47.709999999999994,48.33,46.43999999999999,47.10000000000001,1736172.0
2021-08-06,47.14,47.27,45.99999999999999,46.24999999999999,1244138.0
2021-08-09,46.59000000000001,47.26,45.54,46.14999999999999,1075203.0
2021-08-10,46.60000000000001,46.60000000000001,43.5,44.36,1602573.0
2021-08-11,44.45,45.20000000000001,42.43,43.82000000000001,1823798.0
2021-08-12,43.9,44.09,41.559999999999995,42.78,1551630.0
2021-08-13,42.62,43.59000000000001,42.28000000000001,43.22999999999999,1022536.0
2021-08-16,43.099999999999994,43.42000000000001,41.95000000000001,42.989999999999995,1075429.0
2021-08-17,42.33,42.42000000000001,39.34000000000001,40.24999999999999,2127088.0
2021-08-18,40.46,41.09,38.44,39.28000000000001,1585892.0
2021-08-19,38.0,40.24999999999999,37.14999999999999,39.61,1831501.0
2021-08-20,39.02000000000001,40.74,38.89999999999999,40.52000000000001,1036691.0
2021-08-23,40.72,43.9,40.72,43.87,1541495.0
2021-08-24,44.19,44.44,43.35999999999999,43.6,1163151.0
2021-08-25,44.0,45.65,43.76,44.79999999999999,1464031.0
2021-08-26,44.779999999999994,45.33,43.71,44.36,1526350.0
2021-08-27,44.779999999999994,47.49999999999999,44.68999999999999,47.10000000000001,2179655.0
2021-08-30,47.3,48.99999999999999,47.13,47.54999999999999,1606971.0
2021-08-31,48.21,48.58,45.38,46.5,1422240.0
2021-09-01,47.01,47.4,45.60000000000001,45.7,1185177.0
2021-09-02,45.959999999999994,46.71999999999999,45.71,46.21999999999999,1099744.0
2021-09-03,46.34,47.849999999999994,45.97999999999999,47.33,1054427.0
2021-09-07,47.739999999999995,47.779999999999994,45.91,46.60000000000001,885870.0
2021-09-08,46.21999999999999,46.40999999999999,43.77000000000001,44.7,1811313.0
2021-09-09,44.28,46.25999999999999,44.26,45.45,1328832.0
2021-09-10,46.029999999999994,48.62,45.96999999999999,46.50999999999999,2446364.0
2021-09-13,47.01,48.16,45.93,47.79999999999999,1758874.0
2021-09-14,47.37,48.959999999999994,47.03000000000001,47.81999999999999,1529364.0
2021-09-15,48.0,48.77,46.76,48.68,1474325.0
2021-09-16,48.59000000000001,49.53000000000001,47.02000000000001,48.95,1554214.0
2021-09-17,48.99999999999999,48.99999999999999,45.96999999999999,46.32999999999999,2167761.0
2021-09-20,45.52,45.52,41.16,43.24999999999999,2850929.0
2021-09-21,44.3,44.739999999999995,42.35000000000001,43.209999999999994,1312760.0
2021-09-22,44.09,46.60000000000001,43.81,46.60000000000001,1542449.0
2021-09-23,47.3,48.55,46.419999999999995,48.21999999999999,1888238.0
2021-09-24,47.599999999999994,48.23,46.69,47.959999999999994,1190517.0
2021-09-27,47.959999999999994,48.19,45.56,47.31,1423348.0
2021-09-28,45.99999999999999,45.99999999999999,41.96,42.27000000000001,4126082.0
2021-09-29,43.45000000000001,43.70000000000001,39.79,40.71000000000001,3089295.0
2021-09-30,41.0,41.93999999999999,39.99999999999999,40.39999999999999,2243748.0
2021-10-01,39.64,40.74999999999999,38.06499999999999,40.099999999999994,2470237.0
2021-10-04,39.63000000000001,39.63000000000001,36.57,37.24999999999999,3455396.0
2021-10-05,37.04999999999999,39.38,36.99999999999999,38.50999999999999,2111592.0
2021-10-06,37.35000000000001,39.74,36.38,39.70000000000001,2318729.0
2021-10-07,40.209999999999994,42.02000000000001,40.209999999999994,40.6,1706962.0
2021-10-08,40.39,41.49999999999999,39.09000000000001,39.3,1418164.0
2021-10-11,38.88000000000001,40.39,38.17,38.4,1285807.0
2021-10-12,38.22,39.4,36.48,36.82,2958745.0
2021-10-13,37.67,38.29,37.099999999999994,38.08,1569414.0
2021-10-14,38.60999999999999,41.489999999999995,38.60999999999999,41.44,1873406.0
2021-10-15,41.379999999999995,42.28000000000001,41.3,41.849999999999994,1330872.0
2021-10-18,41.25,42.96999999999999,40.45000000000001,42.84,947607.0
2021-10-19,42.989999999999995,44.50999999999999,42.63000000000001,44.39,1511658.0
2021-10-20,44.16,44.72999999999999,43.29999999999999,43.36999999999999,1192434.0
2021-10-21,43.6,45.71,43.14999999999999,44.56999999999999,1312284.0
2021-10-22,44.47999999999999,46.22999999999999,43.77000000000001,44.05,1902913.0
2021-10-25,44.12,45.66,44.02,45.4,1264258.0
2021-10-26,45.68,46.45000000000001,44.20000000000001,44.54999999999999,1686704.0
2021-10-27,44.849999999999994,45.61,43.57,44.49999999999999,2084110.0
2021-10-28,44.49999999999999,47.16,44.43,46.279999999999994,2887524.0
2021-10-29,46.57,47.65999999999999,45.63,47.53999999999999,1697244.0
2021-11-01,47.78999999999999,49.96000000000001,47.45,49.59000000000001,2250473.0
2021-11-02,49.60000000000001,51.82,49.129999999999995,51.52000000000001,1561357.0
2021-11-03,51.74000000000001,54.54,51.43000000000001,54.50000000000001,1540774.0
2021-11-04,54.19,59.81999999999999,54.19,58.98,3364714.0
2021-11-05,59.35,62.4,58.88000000000001,60.79,3027009.0
2021-11-08,60.79,64.71,60.78,63.66,2395342.0
2021-11-09,63.57,65.66000000000001,61.419999999999995,62.21999999999999,2683719.0
2021-11-10,62.68999999999999,63.06,57.06999999999999,58.24999999999999,3217631.0
2021-11-11,58.91,62.61999999999999,58.88000000000001,62.599999999999994,2119604.0
2021-11-12,62.75999999999999,64.25,60.99999999999999,63.37,1851535.0
2021-11-15,63.53999999999999,64.95,61.27,63.239999999999995,2073611.0
2021-11-16,63.099999999999994,66.48999999999998,62.00999999999999,66.48999999999998,1856762.0
2021-11-17,66.4,66.78999999999999,63.70000000000002,65.85,1936332.0
2021-11-18,66.18,68.9,66.03,67.24,2355902.0
2021-11-19,68.11999999999999,69.86,66.88,68.71,2353933.0
2021-11-22,69.11,72.48,65.01,65.62,2553435.0
2021-11-23,64.5,66.6,61.36999999999999,64.83,2416811.0
2021-11-24,64.75000000000001,67.06,61.21999999999999,67.0,2926692.0
2021-11-26,64.7,64.97999999999999,59.85,61.48,2484575.0
2021-11-29,63.5,68.97,62.930000000000014,68.92,2640235.0
2021-11-30,66.90999999999998,69.34,62.89999999999999,65.37,4147977.0
2021-12-01,66.64,70.95,63.029999999999994,64.83,4658410.0
2021-12-02,64.99,65.23,59.68999999999999,64.15000000000002,3475633.0
2021-12-03,63.24999999999999,67.95,60.70000000000002,62.82999999999999,3507827.0
2021-12-06,63.2,63.86,56.779999999999994,62.74999999999999,2421980.0
2021-12-07,64.99999999999999,72.66,64.99999999999999,72.07,4616672.0
2021-12-08,73.33000000000001,73.35,68.47999999999999,70.5,2521312.0
2021-12-09,70.33000000000001,71.59000000000002,65.66000000000001,67.32,2720907.0
2021-12-10,67.17,70.45,65.17000000000002,67.25,2089073.0
2021-12-13,67.87999999999998,68.81,61.99999999999999,62.73,3234692.0
2021-12-14,62.99,63.29,58.94,61.41,2762178.0
2021-12-15,61.52,68.64,59.24999999999999,68.56,3901960.0
2021-12-16,69.6,69.84000000000002,58.029999999999994,58.96,6257137.0
2021-12-17,59.34,61.57999999999999,56.85999999999999,59.36,3713123.0
2021-12-20,56.45,59.97999999999999,54.81,59.860000000000014,3450483.0
2021-12-21,60.099999999999994,63.67999999999999,58.77000000000001,63.099999999999994,4034845.0
2021-12-22,61.99999999999999,65.53,61.610000000000014,65.29999999999998,2375809.0
2021-12-23,65.11999999999999,68.74,65.01,67.06,2536201.0
2021-12-27,67.2,73.0,67.16,72.70999999999998,2250934.0
2021-12-28,73.19000000000001,74.98,69.58,71.09999999999998,2917898.0
2021-12-29,71.85,72.22000000000001,69.6,70.75000000000001,2244648.0
2021-12-30,71.49999999999999,71.61,67.89000000000001,68.75,2259979.0
2021-12-31,68.65,70.1,67.83,68.09999999999998,1941721.0
2022-01-03,68.99,72.2,68.39,72.08000000000001,2699289.0
2022-01-04,72.12,74.21,66.04,70.0,3902712.0
2022-01-05,69.70000000000002,71.41999999999999,63.94,64.43000000000002,3886118.0
2022-01-06,63.99999999999999,66.4,61.849999999999994,66.4,3709272.0
2022-01-07,65.39,66.50999999999999,59.14000000000001,59.90999999999999,4414249.0
2022-01-10,59.63,60.39999999999999,53.81999999999999,60.38999999999999,4672940.0
2022-01-11,60.04999999999999,63.44,57.88,63.04999999999999,4042987.0
2022-01-12,63.099999999999994,66.4,62.529999999999994,64.37,3655723.0
2022-01-13,64.83,69.18,59.57999999999999,60.24999999999999,5034570.0
2022-01-14,60.66,64.54,58.13999999999999,64.3,4498936.0
2022-01-18,60.989999999999995,62.29999999999999,55.49999999999999,56.20000000000001,5343120.0
2022-01-19,56.79999999999999,58.239999999999995,50.7,50.7,4965078.0
2022-01-20,51.99999999999999,53.19,45.0,45.66,6168164.0
2022-01-21,45.99999999999999,48.919999999999995,43.14999999999999,43.24999999999999,10169553.0
2022-01-24,45.83,45.83,36.61,45.0,11442705.0
2022-01-25,42.5,44.169999999999995,39.01,41.7,7981590.0
2022-01-26,42.22,47.09000000000001,40.10999999999999,42.5,8429318.0
2022-01-27,41.7,43.63000000000001,35.79999999999999,36.91,10256655.0
2022-01-28,37.04999999999999,38.92000000000001,33.1,38.85000000000001,8060966.0
2022-01-31,39.20000000000001,44.74999999999999,38.03,44.20000000000001,6271212.0
2022-02-01,45.28,48.55,42.3,48.25000000000001,6379196.0
2022-02-02,48.959999999999994,49.85999999999999,45.61,45.78,7350691.0
2022-02-03,45.99999999999999,47.809999999999995,42.16,44.49999999999999,5631688.0
2022-02-04,45.0,45.01,40.36999999999999,43.24999999999999,4927973.0
2022-02-07,43.49000000000001,45.52,42.86,43.81,5269246.0
2022-02-08,43.6,46.9,42.5,46.81000000000001,6888165.0
2022-02-09,47.52,51.290000000000006,46.71999999999999,51.00999999999999,6252850.0
2022-02-10,50.09000000000001,52.205,45.58,45.8,11127950.0
2022-02-11,45.20000000000001,47.64999999999999,38.419999999999995,39.52,9236624.0
2022-02-14,38.1,41.84,37.57000000000001,40.14999999999999,8303350.0
2022-02-15,41.20000000000001,46.29500000000001,41.20000000000001,45.5,6162816.0
2022-02-16,45.96999999999999,46.77000000000001,43.045,45.09000000000001,5379859.0
2022-02-17,44.33,45.43,40.65,40.98,6517340.0
2022-02-18,41.50999999999999,42.35000000000001,37.78000000000001,38.71999999999999,7832399.0
2022-02-22,36.99999999999999,41.54999999999999,35.81000000000001,39.99999999999999,8405555.0
2022-02-23,40.53999999999999,41.29,35.37,35.75999999999999,8278719.0
2022-02-24,33.6,40.04999999999999,31.16,38.29,13087481.0
2022-02-25,38.0,41.84,37.81,41.64999999999999,5653914.0
2022-02-28,39.38999999999999,42.22,38.56999999999999,41.42999999999999,7130641.0
2022-03-01,41.06000000000001,41.44,35.36,36.81,8544007.0
2022-03-02,36.8,40.87,36.19,39.62,7645197.0
2022-03-03,39.70000000000001,41.64999999999999,36.83,38.35,8342971.0
2022-03-04,37.099999999999994,37.66,33.364999999999995,34.45000000000001,8820129.0
2022-03-07,32.95000000000001,35.599999999999994,28.91,29.049999999999997,8130149.0
2022-03-08,30.0,34.34000000000001,28.479999999999997,30.92,11620329.0
2022-03-09,32.63999999999999,35.64999999999999,32.63999999999999,34.67,9025955.0
2022-03-10,34.199999999999996,34.43,30.8,32.93,6352130.0
2022-03-11,32.85,35.03,30.499999999999996,30.709999999999997,4845313.0
2022-03-14,31.12,31.97,27.3,28.399999999999995,8488946.0
2022-03-15,27.89,31.769999999999996,27.19,31.729999999999997,6353851.0
2022-03-16,32.79999999999999,36.95,32.06,36.559999999999995,8904567.0
2022-03-17,36.99999999999999,37.059999999999995,34.32,36.15,5593375.0
2022-03-18,36.32,39.67,35.599999999999994,39.35000000000001,6460343.0
2022-03-21,38.49999999999999,39.96999999999999,36.89,38.419999999999995,6052452.0
2022-03-22,38.82999999999999,41.01,38.629999999999995,39.5,5714473.0
2022-03-23,39.59,39.97999999999999,36.6,36.76,5945129.0
2022-03-24,36.959999999999994,42.23,36.959999999999994,41.88999999999999,6497944.0
2022-03-25,42.22,42.92999999999999,39.76,41.79999999999999,4507406.0
2022-03-28,41.7,42.809999999999995,39.31999999999999,42.54,5396801.0
2022-03-29,42.83,45.989999999999995,42.8,45.33,5528044.0
2022-03-30,45.55,45.55,40.67999999999999,41.559999999999995,5780959.0
2022-03-31,42.0,42.44,38.41,39.13000000000001,4850398.0
2022-04-01,39.24,39.82,34.62,36.31,8056360.0
2022-04-04,36.6,38.22,36.17,37.91,3763733.0
2022-04-05,38.04,38.39,32.53999999999999,32.94,8525372.0
2022-04-06,32.32,32.47999999999999,29.56,30.15,10786657.0
2022-04-07,30.51,31.559999999999995,28.67,30.969999999999995,7847168.0
2022-04-08,31.02,31.58,28.15,28.229999999999997,9591490.0
2022-04-11,27.98,27.98,26.35,26.44,6963917.0
2022-04-12,26.3,28.83,25.86,26.809999999999995,7529084.0
2022-04-13,27.05,28.53,26.31,28.26,5958035.0
2022-04-14,28.9,28.99,25.539999999999996,25.6,6172848.0
2022-04-18,25.08,27.8,24.999999999999996,27.749999999999996,5981741.0
2022-04-19,27.679999999999996,28.890000000000004,26.225,28.09,5346446.0
2022-04-20,28.19,30.84,28.000000000000004,28.99,7146147.0
2022-04-21,29.41,30.56,25.81,26.09999999999999,7380464.0
2022-04-22,26.209999999999997,26.59,24.13,24.26,9342552.0
2022-04-25,24.0,25.86,23.51,25.79,9920004.0
2022-04-26,25.299999999999997,25.72,21.140000000000004,22.030000000000005,6983221.0
2022-04-27,22.469999999999995,23.584999999999997,21.479999999999997,22.86,8566980.0
2022-04-28,23.549999999999997,26.3,22.409999999999997,24.24,8036773.0
2022-04-29,24.639999999999997,25.95,22.100000000000005,22.6,6722587.0
2022-05-02,22.78,24.549999999999997,21.815,24.45,8099597.0
2022-05-03,24.49,25.93,23.749999999999996,25.78,6471001.0
2022-05-04,25.76,28.140000000000004,23.31,27.699999999999996,10849425.0
2022-05-05,27.539999999999996,27.539999999999996,22.75,24.1,8712871.0
2022-05-06,23.6,24.859999999999996,21.944999999999997,23.229999999999997,8886577.0
2022-05-09,22.399999999999995,22.589999999999996,19.329999999999995,19.94,8694691.0
2022-05-10,20.64,22.14,19.72,21.1,8473994.0
2022-05-11,21.559999999999995,22.329999999999995,18.98,19.49,10439606.0
2022-05-12,19.1,19.989999999999995,17.97,19.94,10164299.0
2022-05-13,20.409999999999997,22.9,20.19,22.85,6947427.0
2022-05-16,22.08,22.67,21.2,21.39,5785122.0
2022-05-17,22.239999999999995,24.78,22.239999999999995,24.6,7473325.0
2022-05-18,24.090000000000003,24.39,20.199999999999996,20.199999999999996,5055591.0
2022-05-19,20.119999999999997,22.030000000000005,19.659999999999997,20.92,6419805.0
2022-05-20,21.499999999999996,21.87,17.67,20.28,8702189.0
2022-05-23,21.140000000000004,21.25,19.46,20.069999999999997,5194106.0
2022-05-24,19.73,19.979999999999997,18.45,19.500000000000004,5535548.0
2022-05-25,19.299999999999997,20.709999999999997,18.609999999999996,19.500000000000004,5541729.0
2022-05-26,19.77,22.82,19.289999999999996,22.77,6001276.0
2022-05-27,22.5,25.449999999999996,22.49,25.209999999999997,5279083.0
2022-05-31,24.99,25.88,23.75999999999999,25.120000000000005,5335938.0
2022-06-01,24.8,25.71,22.72,23.4,5614726.0
2022-06-02,23.929999999999996,26.33,23.229999999999997,26.28,5794399.0
2022-06-03,25.800000000000004,25.800000000000004,23.5,23.969999999999995,4269963.0
2022-06-06,24.69,25.574999999999996,23.479999999999997,23.929999999999996,3707554.0
2022-06-07,23.42,24.734999999999996,22.55,24.34,3626300.0
2022-06-08,24.36,24.589999999999996,22.42,22.95,3894019.0
2022-06-09,22.91,23.549999999999997,20.96,21.05,3943724.0
2022-06-10,21.1,21.47,18.659999999999997,18.76,6318845.0
2022-06-13,17.59,17.59,15.339999999999998,15.71,7738918.0
2022-06-14,16.15,16.349999999999998,15.22,16.02,5245062.0
2022-06-15,15.96,17.43,15.47,16.999999999999996,9721227.0
2022-06-16,15.6,15.6,12.989999999999998,13.63,9155920.0
2022-06-17,13.98,14.179999999999998,12.79,13.7,5839467.0
2022-06-21,14.44,15.42,14.179999999999998,14.7,5864525.0
2022-06-22,13.71,14.96,13.6,13.88,4720537.0
2022-06-23,14.08,14.82,13.345,13.96,4463260.0
2022-06-24,14.43,15.88,14.409999999999998,15.88,5571654.0
2022-06-27,16.279999999999998,16.61,15.38,15.9,4467224.0
2022-06-28,15.919999999999998,16.57,14.46,14.519999999999998,4954042.0
2022-06-29,14.519999999999998,14.589999999999998,13.034999999999998,13.61,6192460.0
2022-06-30,13.039999999999996,13.82,12.384999999999998,13.029999999999998,6633605.0
2022-07-01,12.64,12.82,11.134999999999998,11.579999999999998,8041181.0
2022-07-05,11.8,11.939999999999998,10.54,11.79,7716979.0
2022-07-06,11.86,12.489999999999998,11.47,12.14,8679305.0
2022-07-07,12.59,13.88,12.51,13.55,6487611.0
2022-07-08,13.57,14.164999999999996,12.97,13.759999999999998,7210714.0
2022-07-11,13.489999999999998,13.499999999999998,12.65,12.87,4626693.0
2022-07-12,12.429999999999998,13.439999999999998,12.3,12.94,4910278.0
2022-07-13,13.049999999999995,13.65,12.079999999999998,12.989999999999998,6119588.0
2022-07-14,13.049999999999995,14.419999999999998,12.545,14.419999999999998,6984273.0
2022-07-15,14.32,15.249999999999998,14.045,15.23,7151775.0
2022-07-18,15.609999999999998,16.18,14.64,15.029999999999998,7506838.0
2022-07-19,14.919999999999998,17.38,14.85,17.38,6959487.0
2022-07-20,17.14,18.44,16.5,17.92,7467340.0
2022-07-21,18.0,19.13,17.689999999999998,18.549999999999997,7703180.0
2022-07-22,18.499999999999996,18.94,17.149999999999995,17.26,5644748.0
2022-07-25,17.45,17.879999999999995,16.43,16.999999999999996,3575404.0
2022-07-26,17.019999999999996,17.24,16.254999999999995,16.969999999999995,3602733.0
2022-07-27,17.099999999999998,19.12,16.969999999999995,18.47,7823812.0
2022-07-28,18.42,19.519999999999996,17.58,19.06,6378943.0
2022-07-29,19.309999999999995,19.984999999999996,18.33,19.82,5119209.0
2022-08-01,19.74,20.6,19.03,20.079999999999995,5751734.0
2022-08-02,19.42,20.859999999999996,19.1,19.409999999999997,5375084.0
2022-08-03,19.47,21.719999999999995,19.46,21.45,5144078.0
2022-08-04,21.41,22.25999999999999,21.229999999999997,22.100000000000005,5282603.0
2022-08-05,22.15,22.339999999999996,20.58,21.42,5794055.0
2022-08-08,21.82,22.030000000000005,19.570000000000004,20.57,5210536.0
2022-08-09,20.54,20.54,16.91,17.63,5989277.0
2022-08-10,17.57,20.014999999999997,17.4,19.95,5988629.0
2022-08-11,20.22,21.589999999999996,19.69,19.83,5591084.0
2022-08-12,20.3,21.714999999999996,19.82,21.6,4987495.0
2022-08-15,21.2,21.965,20.739999999999995,21.629999999999995,4164057.0
2022-08-16,21.549999999999997,21.89,20.4,21.0,4328492.0
2022-08-17,20.7,20.78,18.714999999999996,19.2,5814673.0
2022-08-18,19.249999999999996,21.350000000000005,19.12,20.92,4482656.0
2022-08-19,20.5,20.56,18.889999999999997,18.93,4544157.0
2022-08-22,18.37,18.37,16.77,17.32,4452133.0
2022-08-23,17.119999999999997,18.05,16.82,17.34,4378982.0
2022-08-24,17.2,17.58,16.78,16.959999999999997,3930482.0
2022-08-25,17.6,19.369999999999997,17.31,19.2,5974136.0
2022-08-26,18.88,19.65,15.800000000000004,15.89,7684953.0
2022-08-29,15.48,16.04,14.96,15.33,5260560.0
2022-08-30,15.539999999999996,15.9,13.96,14.579999999999998,6426339.0
2022-08-31,14.689999999999998,14.93,13.16,13.21,8241094.0
2022-09-01,13.26,13.509999999999998,11.974999999999998,13.439999999999998,9627177.0
2022-09-02,13.36,14.134999999999998,12.629999999999995,12.82,8908066.0
2022-09-06,13.22,13.239999999999998,12.075,12.48,7174136.0
2022-09-07,12.58,13.31,12.2,12.999999999999998,7119861.0
2022-09-08,12.989999999999998,13.849999999999998,12.374999999999998,13.839999999999998,10414365.0
2022-09-09,14.03,14.84,14.01,14.679999999999998,9008765.0
2022-09-12,14.91,15.05,14.304999999999998,14.9,6331510.0
2022-09-13,15.029999999999998,15.39,11.949999999999998,12.089999999999998,7696977.0
2022-09-14,12.259999999999998,12.73,11.9,12.669999999999998,6194446.0
2022-09-15,12.58,12.669999999999998,11.599999999999998,11.679999999999998,9312733.0
2022-09-16,11.57,12.23,11.185,12.21,8681905.0
2022-09-19,11.7,12.435,11.509999999999998,12.39,6715379.0
2022-09-20,12.22,12.249999999999998,11.43,11.669999999999998,6568206.0
2022-09-21,11.579999999999998,12.909999999999998,11.06,11.1,13233078.0
2022-09-22,11.27,11.71,10.25,10.52,9465874.0
2022-09-23,10.31,10.36,9.45,10.019999999999998,10317787.0
2022-09-26,9.999999999999998,10.355,9.5,9.669999999999998,7574789.0
2022-09-27,9.94,10.28,9.395,9.92,10250168.0
2022-09-28,9.5,10.345,9.19,10.15,11426665.0
2022-09-29,9.659999999999998,9.98,8.805,9.16,10614003.0
2022-09-30,9.4,9.605,8.75,8.879999999999999,8704897.0
2022-10-03,8.7,9.994999999999996,8.61,9.85,11935690.0
2022-10-04,10.36,11.129999999999995,10.3,10.98,11507403.0
2022-10-05,10.779999999999998,11.66,10.22,11.47,8898723.0
2022-10-06,11.329999999999998,11.919999999999998,10.509999999999998,10.56,10727475.0
2022-10-07,10.579999999999998,10.769999999999998,9.0,9.09,11178018.0
2022-10-10,8.98,9.15,7.859999999999999,8.27,13647807.0
2022-10-11,7.949999999999999,8.08,7.209999999999999,7.529999999999999,13057449.0
2022-10-12,7.69,7.9,7.23,7.319999999999999,9186189.0
2022-10-13,7.319999999999999,8.36,6.215,8.01,21672270.0
2022-10-14,8.03,8.35,6.85,6.85,14830840.0
2022-10-17,7.24,7.665,7.089999999999999,7.6,8384671.0
2022-10-18,7.82,8.21,7.04,7.759999999999999,16521669.0
2022-10-19,7.59,7.8,7.205000000000001,7.379999999999999,11971224.0
2022-10-20,7.329999999999999,8.415,7.319999999999999,7.62,13093725.0
2022-10-21,7.609999999999999,8.75,7.349999999999999,8.7,15353673.0
2022-10-24,8.509999999999998,8.869999999999997,8.08,8.73,14555955.0
2022-10-25,8.73,9.47,8.57,8.64,12725308.0
2022-10-26,8.75,9.659999999999998,8.554999999999998,9.239999999999998,14978946.0
2022-10-27,9.07,9.43,8.25,8.519999999999998,14152410.0
2022-10-28,8.26,9.64,8.21,9.6,12607746.0
2022-10-31,9.51,9.53,8.76,8.919999999999998,12176396.0
2022-11-01,9.1,9.515,8.909999999999998,9.19,11364710.0
2022-11-02,9.2,9.759999999999998,8.03,8.109999999999998,18273555.0
2022-11-03,8.199999999999998,8.285,7.529999999999999,7.949999999999999,12871506.0
2022-11-04,8.08,9.09,7.879999999999999,8.949999999999998,19740731.0
2022-11-07,9.07,9.689999999999998,8.884999999999998,9.6,10597283.0
2022-11-08,9.61,10.555,9.57,10.239999999999998,14635481.0
2022-11-09,10.28,10.32,9.185,9.239999999999998,11065750.0
2022-11-10,9.3,12.269999999999998,8.889999999999999,12.17,23011032.0
2022-11-11,12.6,13.404999999999998,11.835,13.22,16749595.0
2022-11-14,13.009999999999998,13.499999999999998,12.65,12.98,10453538.0
2022-11-15,13.459999999999996,14.499999999999998,13.32,13.73,18328544.0
2022-11-16,13.999999999999998,14.169999999999998,11.879999999999995,12.39,9963879.0
2022-11-17,12.339999999999998,12.6,11.21,12.47,10283304.0
2022-11-18,12.489999999999998,13.039999999999996,12.075,12.48,10410823.0
2022-11-21,12.23,12.239999999999998,11.739999999999998,11.81,7821663.0
2022-11-22,11.81,12.935,11.679999999999998,12.93,8633433.0
2022-11-23,12.85,13.745,12.78,13.409999999999998,9481046.0
2022-11-25,13.429999999999998,13.579999999999998,12.79,12.85,3670466.0
2022-11-28,12.489999999999998,12.755,11.605,11.73,8945132.0
2022-11-29,12.17,12.31,11.504999999999995,11.669999999999998,6800256.0
2022-11-30,11.879999999999995,14.02,11.525,14.01,13034623.0
2022-12-01,13.799999999999995,14.349999999999998,12.94,13.33,11876748.0
2022-12-02,13.389999999999995,13.389999999999995,12.12,12.97,9291065.0
2022-12-05,12.95,13.15,12.205,12.669999999999998,6380762.0
2022-12-06,12.72,12.739999999999998,11.385,11.75,8848959.0
2022-12-07,11.72,11.919999999999998,11.169999999999998,11.69,10938390.0
2022-12-08,11.79,12.759999999999998,11.65,12.689999999999998,9126555.0
2022-12-09,12.86,13.14,12.1,12.239999999999998,9061702.0
2022-12-12,12.249999999999998,13.029999999999998,11.945,13.019999999999998,6071914.0
2022-12-13,13.049999999999995,15.499999999999998,13.009999999999998,13.68,23876465.0
2022-12-14,13.769999999999998,14.025,12.545,12.9,20197766.0
2022-12-15,12.56,12.56,11.3,11.3,9807952.0
2022-12-16,11.0,11.475,10.769999999999998,11.08,8412644.0
2022-12-19,11.249999999999998,11.3,10.35,10.68,6197479.0
2022-12-20,10.4,10.744999999999996,10.169999999999998,10.64,7710815.0
2022-12-21,10.66,11.27,10.53,11.159999999999998,6804224.0
2022-12-22,11.29,11.29,9.115,9.74,11124368.0
2022-12-23,9.77,10.029999999999998,9.23,9.73,7673538.0
2022-12-27,9.999999999999998,9.999999999999998,9.135,9.22,6913953.0
2022-12-28,9.259999999999998,9.42,8.745,8.949999999999998,6929608.0
2022-12-29,8.96,9.825,8.939999999999998,9.689999999999998,9384879.0
2022-12-30,9.5,9.759999999999998,9.06,9.73,5325992.0
2023-01-03,9.96,10.21,9.2,9.37,8470495.0
2023-01-04,9.659999999999998,10.27,9.53,10.06,11400854.0
2023-01-05,10.039999999999996,10.25,9.54,9.6,7076849.0
2023-01-06,9.63,11.06,9.39,10.849999999999998,9750788.0
2023-01-09,10.94,12.265,10.94,11.519999999999998,10752274.0
2023-01-10,11.45,12.089999999999998,11.189999999999998,12.05,7716982.0
2023-01-11,11.89,12.429999999999998,11.655,12.359999999999998,6814240.0
2023-01-12,12.429999999999998,13.07,11.81,12.78,12801329.0
2023-01-13,12.79,12.995,12.259999999999998,12.87,6383686.0
2023-01-17,12.699999999999998,13.429999999999998,12.65,12.94,5762918.0
2023-01-18,13.099999999999998,13.749999999999998,12.749999999999998,12.759999999999998,7082846.0
2023-01-19,12.699999999999998,12.82,11.63,11.879999999999995,9311965.0
2023-01-20,11.949999999999998,12.9,11.755,12.9,7292099.0
2023-01-23,12.93,14.9,12.9,14.79,9680713.0
2023-01-24,14.679999999999998,14.84,14.15,14.169999999999998,7540465.0
2023-01-25,14.02,14.7,13.335,14.65,8197184.0
2023-01-26,14.8,15.3,14.304999999999998,14.609999999999998,9966592.0
2023-01-27,14.56,15.35,14.33,14.96,9714708.0
2023-01-30,14.47,14.614999999999998,13.73,13.81,7911192.0
2023-01-31,13.499999999999998,14.81,13.06,14.48,9533571.0
2023-02-01,14.57,17.28,14.47,17.009999999999998,14128987.0
2023-02-02,17.2,18.395,16.71,17.2,10698463.0
2023-02-03,16.959999999999997,18.12,16.595,16.84,8853756.0
2023-02-06,16.42,16.855,15.86,16.299999999999997,7570112.0
2023-02-07,16.12,17.849999999999998,16.11,17.56,11323384.0
2023-02-08,17.63,17.859999999999996,16.359999999999996,16.49,6306286.0
2023-02-09,16.999999999999996,17.889999999999997,16.219999999999995,16.63,6994450.0
2023-02-10,16.58,16.7,15.255,15.81,7072569.0
2023-02-13,15.800000000000004,16.61,15.57,16.53,4394518.0
2023-02-14,16.47,17.525,15.68,17.049999999999997,9746269.0
2023-02-15,16.66,17.66,16.435,17.62,6373626.0
2023-02-16,17.67,17.67,15.849999999999998,15.9,7544327.0
2023-02-17,15.800000000000004,16.13,15.044999999999998,15.6,6356168.0
2023-02-21,14.98,15.3,13.894999999999998,13.929999999999998,5676494.0
2023-02-22,14.02,14.609999999999998,13.545,14.579999999999998,5787939.0
2023-02-23,14.679999999999998,15.33,14.289999999999996,14.96,8075924.0
2023-02-24,14.759999999999998,14.889999999999995,13.96,14.279999999999998,6540122.0
2023-02-27,14.499999999999998,15.0,14.46,14.579999999999998,5164510.0
2023-02-28,14.46,15.265,14.32,14.43,3869237.0
2023-03-01,14.8,15.215,14.489999999999998,14.759999999999998,4853876.0
2023-03-02,14.419999999999998,15.235,13.665,14.88,5959627.0
2023-03-03,14.96,15.759999999999998,14.654999999999998,15.7,5930968.0
2023-03-06,15.779999999999998,16.239999999999995,15.044999999999998,15.16,4749939.0
2023-03-07,15.3,15.42,14.489999999999998,14.65,5808447.0
2023-03-08,14.7,15.89,14.64,15.759999999999998,5287119.0
2023-03-09,15.539999999999996,16.53,14.77,14.82,8400199.0
2023-03-10,14.79,15.429999999999998,13.82,14.179999999999998,11352244.0
2023-03-13,14.8,14.95,13.16,14.199999999999998,14438898.0
2023-03-14,14.12,15.53,13.81,15.22,10715408.0
2023-03-15,15.26,15.409999999999998,13.759999999999998,14.78,13082532.0
2023-03-16,14.8,16.52,14.304999999999998,16.319999999999997,10563244.0
2023-03-17,16.550000000000004,16.895,15.829999999999998,16.16,6840889.0
2023-03-20,15.89,16.78,15.55,16.51,4935371.0
2023-03-21,16.690000000000005,17.525,15.939999999999998,16.7,5485887.0
2023-03-22,16.57,18.015,16.01,16.259999999999998,7727336.0
2023-03-23,16.66,18.17,16.63,17.49,8419302.0
2023-03-24,17.719999999999995,17.789999999999996,16.05,16.6,7440306.0
2023-03-27,16.57,16.939999999999998,15.814999999999998,16.07,4593374.0
2023-03-28,15.91,16.03,14.904999999999998,15.660000000000004,5166893.0
2023-03-29,16.04,17.465,15.98,17.089999999999996,7768651.0
2023-03-30,17.31,18.29,17.27,17.98,5895371.0
2023-03-31,17.92,18.33,17.435,18.3,5114219.0
2023-04-03,18.0,18.155,17.14,17.65,4465585.0
2023-04-04,17.66,18.1,16.515,16.82,5371258.0
2023-04-05,16.73,16.73,15.385,15.7,7467163.0
2023-04-06,15.81,16.005,15.095,15.79,4918093.0
2023-04-10,15.63,16.51,15.13,16.51,5002583.0
2023-04-11,16.54,16.8,16.115,16.269999999999996,4146295.0
2023-04-12,16.189999999999998,16.939999999999998,15.18,15.18,5719861.0
2023-04-13,15.409999999999998,15.945,15.04,15.64,5241059.0
2023-04-14,15.72,16.18,15.085,15.58,4091289.0
2023-04-17,15.6,15.68,14.95,15.62,5467905.0
2023-04-18,15.63,16.359999999999996,15.409999999999998,15.72,3831716.0
2023-04-19,15.44,15.49,14.98,15.04,3652144.0
2023-04-20,15.0,15.89,14.749999999999998,15.33,4302966.0
2023-04-21,15.22,15.26,14.48,14.8,4932110.0
2023-04-24,14.679999999999998,15.04,14.365,14.529999999999998,2884802.0
2023-04-25,14.419999999999998,14.489999999999998,13.079999999999998,13.67,5512583.0
2023-04-26,13.63,13.784999999999998,13.185,13.429999999999998,4497620.0
2023-04-27,13.64,13.7,12.525,13.509999999999998,6463274.0
2023-04-28,13.589999999999998,14.3,13.439999999999998,14.239999999999998,4691026.0
2023-05-01,14.339999999999998,14.78,14.22,14.519999999999998,3739841.0
2023-05-02,14.72,14.91,13.92,14.02,3918748.0
2023-05-03,14.15,14.609999999999998,13.61,13.72,6602634.0
2023-05-04,13.749999999999998,13.99,13.225,13.55,5824481.0
2023-05-05,13.54,14.67,13.35,14.46,3961361.0
2023-05-08,14.489999999999998,14.7,14.075,14.549999999999995,2512166.0
2023-05-09,14.45,14.46,13.745,13.92,4729295.0
2023-05-10,13.82,14.64,13.659999999999998,14.39,6156219.0
2023-05-11,14.419999999999998,14.539999999999996,13.65,14.04,3857792.0
2023-05-12,14.12,14.365,13.595,13.92,3294561.0
2023-05-15,14.06,15.16,13.98,15.09,4339298.0
2023-05-16,15.16,15.57,14.88,15.099999999999998,3140640.0
2023-05-17,15.119999999999996,16.334999999999997,15.119999999999996,16.189999999999998,6363711.0
2023-05-18,16.279999999999998,17.794999999999998,16.239999999999995,17.62,7682622.0
2023-05-19,17.6,17.889999999999997,17.064999999999998,17.33,3761572.0
2023-05-22,17.16,17.719999999999995,16.73,17.719999999999995,3248933.0
2023-05-23,17.52,17.56,16.8,16.93,2857067.0
2023-05-24,16.760000000000005,17.91,15.49,17.55,7488537.0
2023-05-25,17.54,19.53,17.510000000000005,19.339999999999996,12703277.0
2023-05-26,19.399999999999995,23.25,19.339999999999996,23.00999999999999,9884254.0
2023-05-30,23.3,24.840000000000003,22.519999999999996,22.79,10440088.0
2023-05-31,22.44,22.665,21.01,21.1,6637259.0
2023-06-01,21.25,22.745,20.834999999999997,22.15,6131598.0
2023-06-02,22.449999999999996,22.91,21.534999999999997,21.93,5931756.0
2023-06-05,21.93,21.93,20.65,20.67,4819189.0
2023-06-06,20.899999999999995,22.049999999999997,20.44,21.78,4276438.0
2023-06-07,21.50999999999999,23.094999999999995,21.31,21.659999999999997,5457583.0
2023-06-08,21.519999999999996,22.464999999999996,21.45,22.369999999999997,3329453.0
2023-06-09,22.2,23.49,22.09,22.369999999999997,4234369.0
2023-06-12,22.81,24.85,22.81,24.840000000000003,5137540.0
2023-06-13,25.26,26.26,24.729999999999997,25.67,8372370.0
2023-06-14,25.91,26.859999999999996,24.840000000000003,26.799999999999997,9261744.0
2023-06-15,26.61,26.749999999999996,25.26,25.84,6806565.0
2023-06-16,25.85,26.77999999999999,25.135,25.299999999999997,5534394.0
2023-06-20,25.08,25.539999999999996,23.979999999999997,24.619999999999997,4088540.0
2023-06-21,24.32,24.609999999999996,22.62,22.7,5628266.0
2023-06-22,22.5,23.38,22.22,23.289999999999996,3343581.0
2023-06-23,22.63,22.7,21.53,21.839999999999996,3813237.0
2023-06-26,21.94,23.315,21.639999999999997,22.359999999999996,4075457.0
2023-06-27,22.57,24.479999999999997,22.02,23.44,6115695.0
2023-06-28,23.51,24.435,22.81,24.15,4976051.0
2023-06-29,23.959999999999997,24.519999999999996,23.179999999999996,23.72,4172086.0
2023-06-30,23.819999999999997,25.165,23.819999999999997,24.85,5833372.0
2023-07-03,25.120000000000005,25.745,24.679999999999996,25.35,2346589.0
2023-07-05,25.01,25.17,23.799999999999997,23.94,3393685.0
2023-07-06,23.359999999999996,23.42,22.04,22.78,4245256.0
2023-07-07,22.6,24.03,22.459999999999997,23.03,3521108.0
2023-07-10,22.58,24.479999999999997,22.58,24.479999999999997,3636255.0
2023-07-11,24.549999999999997,24.94,23.289999999999996,24.43,3444042.0
2023-07-12,24.559999999999995,25.9,24.549999999999997,25.88,4422704.0
2023-07-13,26.19,27.445,26.159999999999997,27.27,3512008.0
2023-07-14,27.33,28.02,25.9,26.359999999999996,3923522.0
2023-07-17,26.53,28.519999999999996,25.77,28.09,4023923.0
2023-07-18,28.01,28.549999999999997,27.09,28.09,4075392.0
2023-07-19,28.11,28.64,26.620000000000005,26.769999999999996,4422595.0
2023-07-20,26.499999999999996,26.58,23.869999999999997,24.109999999999996,5543570.0
2023-07-21,24.559999999999995,25.58,24.499999999999996,24.89,3243266.0
2023-07-24,25.16,25.429999999999996,24.514999999999997,25.08,2496006.0
2023-07-25,25.17,26.58,25.17,25.870000000000005,3285985.0
2023-07-26,25.819999999999997,25.889999999999997,24.22,25.6,4416806.0
2023-07-27,26.129999999999995,28.05,26.004999999999995,27.180000000000003,7260299.0
2023-07-28,27.579999999999995,28.429999999999996,27.155,28.19,5270515.0
2023-07-31,27.82,28.750000000000004,27.82,28.34999999999999,3265572.0
2023-08-01,28.19,28.979999999999997,27.44,28.09,3261924.0
2023-08-02,27.31,27.9,24.795,25.539999999999996,6549460.0
2023-08-03,24.50999999999999,25.59,24.08,24.82,4113631.0
2023-08-04,25.1,25.95,24.08,24.679999999999996,4650851.0
2023-08-07,25.319999999999997,25.79,24.99,25.679999999999996,3830290.0
2023-08-08,25.369999999999997,25.369999999999997,23.43,24.31,4125992.0
2023-08-09,24.83,24.96,22.959999999999997,23.359999999999996,4285248.0
2023-08-10,23.619999999999997,24.405,22.319999999999997,22.97,5669007.0
2023-08-11,22.85,22.91,21.01,21.15,5740432.0
2023-08-14,21.479999999999997,23.37,20.665,23.340000000000003,4198935.0
2023-08-15,22.6,22.94,21.705,21.88,3825047.0
2023-08-16,22.030000000000005,22.289999999999996,20.38,20.38,4364706.0
2023-08-17,20.63,20.869999999999997,19.7,19.82,3872474.0
2023-08-18,19.84,20.42,19.11,20.35,5446185.0
2023-08-21,20.35,22.02,20.35,21.81,5319066.0
2023-08-22,22.209999999999997,22.81,21.1,21.39,4885104.0
2023-08-23,21.92,24.24,20.709999999999997,23.899999999999995,6581356.0
2023-08-24,24.2,24.499999999999996,20.1,20.28,8119677.0
2023-08-25,20.3,21.17,19.405,20.7,5780319.0
2023-08-28,20.739999999999995,21.584999999999997,20.709999999999997,21.459999999999997,5352762.0
2023-08-29,21.47,23.31,20.969999999999995,23.049999999999997,5685152.0
2023-08-30,22.88,23.69,22.374999999999996,23.32,4756443.0
2023-08-31,23.340000000000003,24.28,23.049999999999997,23.46,5398490.0
2023-09-01,23.749999999999996,24.499999999999996,23.52,23.989999999999995,4364308.0
2023-09-05,23.74,24.574999999999996,23.31,23.899999999999995,3774027.0
2023-09-06,23.72,24.28,22.67,23.289999999999996,3488308.0
2023-09-07,23.079999999999995,23.079999999999995,21.0,21.92,4802782.0
2023-09-08,22.06,22.185,21.225,21.499999999999996,2737184.0
2023-09-11,21.94,22.309999999999995,20.59,21.34,4927595.0
2023-09-12,21.31,21.979999999999997,20.859999999999996,20.909999999999997,4070540.0
2023-09-13,20.98,21.86,20.4,21.42,4708819.0
2023-09-14,21.659999999999997,21.92,21.05,21.69,4554856.0
2023-09-15,21.6,21.6,19.455,19.76,7064559.0
2023-09-18,19.82,20.17,19.13,19.959999999999997,3278799.0
2023-09-19,19.86,20.269999999999996,19.09,19.51,4029722.0
2023-09-20,19.429999999999996,19.91,18.34,18.34,4748231.0
2023-09-21,18.25,18.25,17.32,17.44,6322980.0
2023-09-22,17.709999999999997,18.365,17.62,17.849999999999998,5893455.0
2023-09-25,18.04,18.36,17.34,18.34,5369361.0
2023-09-26,17.779999999999998,18.069999999999997,16.994999999999997,17.3,6274616.0
2023-09-27,17.64,18.069999999999997,16.9,17.769999999999996,7194776.0
2023-09-28,17.64,19.209999999999997,17.28,18.84,8991847.0
2023-09-29,19.12,19.65,18.67,18.92,7142998.0
2023-10-02,19.44,19.570000000000004,18.435,19.14,6406593.0
2023-10-03,19.09,19.379999999999995,17.54,17.879999999999995,8065366.0
2023-10-04,17.689999999999998,18.8,17.58,18.629999999999995,6956751.0
2023-10-05,18.53,18.86,17.824999999999996,18.32,5567887.0
2023-10-06,18.549999999999997,19.785,17.63,19.6,9813316.0
2023-10-09,18.92,19.519999999999996,18.45,19.329999999999995,5269344.0
2023-10-10,19.429999999999996,20.61,19.299999999999997,20.1,5964266.0
2023-10-11,20.199999999999996,20.67,19.825,20.61,5216321.0
2023-10-12,20.76,21.559999999999995,20.094999999999995,20.67,6555705.0
2023-10-13,20.749999999999996,20.94,18.854999999999997,18.92,7714829.0
2023-10-16,18.95,19.989999999999995,18.76,19.709999999999997,5949875.0
2023-10-17,19.86,19.95,17.91,19.12,8409710.0
2023-10-18,18.97,19.04,17.99,18.1,7819300.0
2023-10-19,18.02,18.93,17.22,17.23,12079003.0
2023-10-20,17.24,17.779999999999998,16.53,16.56,9043131.0
2023-10-23,16.53,17.25,15.84,16.65,9092219.0
2023-10-24,16.77,17.149999999999995,16.42,16.71,7851846.0
2023-10-25,16.51,16.550000000000004,14.48,14.489999999999998,8237902.0
2023-10-26,14.38,15.68,14.38,15.32,9920656.0
2023-10-27,15.2,15.57,14.935,15.119999999999996,10419193.0
2023-10-30,15.48,15.669999999999998,14.025,14.499999999999998,12227286.0
2023-10-31,14.36,15.029999999999998,14.015,14.759999999999998,7542235.0
2023-11-01,14.889999999999995,16.299999999999997,14.589999999999998,16.299999999999997,8609356.0
2023-11-02,16.44,17.4,16.339999999999996,16.83,8382788.0
2023-11-03,16.939999999999998,18.755,16.86,18.37,8125046.0
2023-11-06,18.67,18.679999999999996,17.739999999999995,18.13,3750554.0
2023-11-07,18.18,18.87,18.04,18.559999999999995,4775936.0
2023-11-08,18.519999999999996,18.955,18.285,18.53,3959625.0
2023-11-09,18.659999999999997,19.694999999999997,18.18,18.22,5720458.0
2023-11-10,18.44,20.78,18.209999999999997,20.45,7935678.0
2023-11-13,20.36,20.61,19.585,20.17,5084467.0
2023-11-14,20.23,22.385,19.959999999999997,22.379999999999995,9233419.0
2023-11-15,22.6,23.174999999999997,22.18,22.28,7132495.0
2023-11-16,22.54,22.9,22.14,22.409999999999997,5917196.0
2023-11-17,22.48,23.289999999999996,22.369999999999997,23.069999999999997,5427658.0
2023-11-20,23.019999999999996,24.41,22.979999999999997,24.21,5168977.0
2023-11-21,24.26,24.26,21.909999999999997,22.229999999999997,5612967.0
2023-11-22,22.49,24.109999999999996,22.399999999999995,22.93,5455545.0
2023-11-24,22.88,23.139999999999997,22.72,23.019999999999996,2193859.0
2023-11-27,22.94,23.54,22.61,22.89,3164538.0
2023-11-28,22.9,22.999999999999996,21.979999999999997,22.54,4997553.0
2023-11-29,22.75,24.29,22.75,23.38,6034724.0
2023-11-30,23.45,23.67,22.2,22.63,5463036.0
2023-12-01,22.77,23.194999999999997,21.845,23.139999999999997,5070614.0
2023-12-04,22.94,22.94,21.295,22.06,5828079.0
2023-12-05,21.719999999999995,22.084999999999997,21.350000000000005,21.97,6172676.0
2023-12-06,22.2,22.885,21.41,21.499999999999996,7589576.0
2023-12-07,21.539999999999996,23.39,21.42,23.069999999999997,7552882.0
2023-12-08,23.03,24.03,22.56,23.69,8230636.0
2023-12-11,23.69,26.37,23.68,26.039999999999996,7297869.0
2023-12-12,26.32,26.799999999999997,25.609999999999996,26.74,4946600.0
2023-12-13,26.68,28.394999999999996,26.42,28.379999999999995,6853062.0
2023-12-14,28.64,30.48,28.369999999999997,29.93,7996880.0
2023-12-15,30.29,31.589999999999996,30.15,30.499999999999996,5910508.0
2023-12-18,30.649999999999995,30.859999999999996,29.46,30.1,4058035.0
2023-12-19,30.299999999999997,30.975,30.17,30.789999999999996,3588041.0
2023-12-20,30.569999999999997,30.69,28.05,28.629999999999995,6080817.0
2023-12-21,28.820000000000004,30.409999999999997,28.820000000000004,30.29,6636400.0
2023-12-22,30.0,31.069999999999997,29.839999999999996,30.52,3853319.0
2023-12-26,30.859999999999996,32.519999999999996,30.649999999999995,32.27,3977744.0
2023-12-27,32.449999999999996,32.79999999999999,31.85,32.32,4337882.0
2023-12-28,32.61999999999999,32.775,32.05,32.17,2964685.0
2023-12-29,32.559999999999995,32.599999999999994,30.889999999999997,31.24,4604536.0
2024-01-02,31.68,31.68,27.255,28.05,7507972.0
2024-01-03,27.84,27.879999999999995,25.889999999999997,26.37,6036593.0
2024-01-04,26.499999999999996,26.909999999999997,24.8,25.65,7195101.0
2024-01-05,25.289999999999996,26.620000000000005,24.709999999999997,26.09999999999999,6257030.0
2024-01-08,25.95,28.67,25.35,28.429999999999996,6459147.0
2024-01-09,27.829999999999995,29.129999999999995,27.33,28.299999999999997,5642246.0
2024-01-10,28.610000000000003,29.179999999999996,27.095,28.22,5219831.0
2024-01-11,28.79,29.03,26.789999999999996,28.479999999999997,7112966.0
2024-01-12,28.429999999999996,28.97,27.619999999999997,27.930000000000003,4440833.0
2024-01-16,27.4,29.82,27.23,29.269999999999996,7074105.0
2024-01-17,28.57,29.03,26.969999999999995,28.379999999999995,6497547.0
2024-01-18,29.01,31.67,28.97,31.67,9374197.0
2024-01-19,32.14,34.99,31.9,34.96,8330455.0
2024-01-22,35.94,36.559999999999995,34.21999999999999,35.18,6774470.0
2024-01-23,35.06,36.01,34.22999999999999,35.67999999999999,5243282.0
2024-01-24,36.629999999999995,38.915,36.26,37.57000000000001,9926282.0
2024-01-25,38.18,39.53,34.53,34.87,8239709.0
2024-01-26,34.38000000000001,35.68999999999999,33.705,33.949999999999996,6394913.0
2024-01-29,34.52000000000001,35.67999999999999,33.51,35.599999999999994,5181433.0
2024-01-30,35.4,35.4,31.549999999999997,31.979999999999997,4832952.0
2024-01-31,32.31,33.87,31.149999999999995,32.34,9671447.0
2024-02-01,32.77000000000001,33.46,31.209999999999997,33.33,5796866.0
2024-02-02,33.5,33.919999999999995,32.18,33.59,6934686.0
2024-02-05,33.83,35.589999999999996,33.43,35.2,6637412.0
2024-02-06,35.79999999999999,35.95000000000001,32.65999999999999,33.35,6190805.0
2024-02-07,33.57,36.05,33.39,35.64999999999999,6047162.0
2024-02-08,35.88000000000001,37.95,35.31,37.279999999999994,5786979.0
2024-02-09,37.72,39.535,37.17999999999999,39.19,6700845.0
2024-02-12,39.34000000000001,41.32500000000001,38.4,38.54999999999999,7178834.0
2024-02-13,38.47999999999999,38.65999999999999,35.16,36.82,10408192.0
2024-02-14,37.52000000000001,39.31,37.50000000000001,39.31,6993187.0
2024-02-15,39.84,40.31999999999999,38.50999999999999,39.97999999999999,7045921.0
2024-02-16,40.239999999999995,40.77499999999999,37.97,38.34,8489952.0
2024-02-20,37.8,37.93,34.67,35.79999999999999,8866132.0
2024-02-21,35.739999999999995,39.22,34.58,38.89999999999999,6771663.0
2024-02-22,40.25999999999999,42.05,39.86,41.79999999999999,12080346.0
2024-02-23,41.68999999999999,42.669999999999995,39.42000000000001,39.67,7577318.0
2024-02-26,39.959999999999994,41.79500000000001,39.87,40.99000000000001,5803989.0
2024-02-27,41.21,42.16,40.79,41.04,5525806.0
2024-02-28,40.64000000000001,40.71000000000001,39.15,39.45,5649688.0
2024-02-29,39.44,43.11999999999999,39.22,43.07999999999999,8127072.0
2024-03-01,43.51,48.955,43.2,48.14,11260498.0
2024-03-04,49.43999999999999,51.41,48.99999999999999,49.49999999999999,11124193.0
2024-03-05,48.59000000000001,49.059999999999995,45.26499999999999,47.459999999999994,10364763.0
2024-03-06,48.33,51.84,48.06000000000001,50.26,12035140.0
2024-03-07,50.12,56.06000000000001,49.9,54.67,12254748.0
2024-03-08,55.64000000000001,56.985,48.13000000000001,48.13000000000001,17889302.0
2024-03-11,48.20000000000001,49.50999999999999,45.10000000000001,47.89999999999999,10941241.0
2024-03-12,48.4,50.38,46.00999999999999,50.19,11909211.0
2024-03-13,50.23,50.50999999999999,45.10000000000001,46.22999999999999,9450800.0
2024-03-14,46.81000000000001,47.16,42.17999999999999,43.169999999999995,10775683.0
2024-03-15,43.09,44.13000000000001,41.559999999999995,43.099999999999994,10036365.0
2024-03-18,43.93,45.26,41.28,41.36,6836269.0
2024-03-19,41.75999999999999,42.35000000000001,38.945,41.57999999999999,9799272.0
2024-03-20,41.42999999999999,45.99999999999999,40.63000000000001,45.97999999999999,9779374.0
2024-03-21,46.70000000000001,48.75,45.95,46.75000000000001,11024729.0
2024-03-22,46.82000000000001,47.49999999999999,45.26,46.209999999999994,6870652.0
2024-03-25,45.959999999999994,47.17000000000001,44.14,46.209999999999994,6896133.0
2024-03-26,46.64,47.4,44.879999999999995,45.10000000000001,6678975.0
2024-03-27,45.51,46.64,43.92,46.29999999999999,7030648.0
2024-03-28,46.39999999999999,47.29500000000001,45.78,46.32999999999999,5624934.0
2024-04-01,47.71999999999999,49.99,46.71,48.28,8055678.0
2024-04-02,48.07999999999999,48.66,44.379999999999995,45.35,7634300.0
2024-04-03,44.92999999999999,47.18,44.06000000000001,46.77000000000001,6727157.0
2024-04-04,47.04,48.48,41.98,42.65,12090277.0
2024-04-05,42.83,44.51999999999999,41.945,43.79,10807149.0
2024-04-08,43.81,45.18000000000001,43.03999999999999,44.07,5833257.0
2024-04-09,44.26,45.85,43.169999999999995,45.33,9194406.0
2024-04-10,45.76,46.2,42.20000000000001,42.65,12394095.0
2024-04-11,43.04999999999999,46.03999999999999,41.95000000000001,45.62,8403456.0
2024-04-12,45.7,45.7,40.99000000000001,41.0,10133943.0
2024-04-15,42.24,43.39999999999999,39.1,39.62,7367205.0
2024-04-16,39.86,41.169999999999995,38.89999999999999,41.08,8826962.0
2024-04-17,40.02,40.85000000000001,36.64,37.209999999999994,11272959.0
2024-04-18,37.8,38.20000000000001,34.43,34.43,13491081.0
2024-04-19,33.7,34.71,30.199999999999996,30.7,13394386.0
2024-04-22,31.5,32.84000000000001,30.499999999999996,32.24,7519140.0
2024-04-23,32.41,35.87,32.37,35.77000000000001,7088912.0
2024-04-24,36.0,37.475,34.34000000000001,34.5,9747956.0
2024-04-25,34.82,38.27,34.4,38.20000000000001,11382219.0
2024-04-26,37.72,40.28999999999999,37.00999999999999,39.76,7296489.0
2024-04-29,40.099999999999994,41.06000000000001,38.71999999999999,40.67999999999999,6810324.0
2024-04-30,40.56000000000001,41.489999999999995,35.67999999999999,36.61,7421928.0
2024-05-01,36.52,38.06000000000001,33.65,35.32,13022845.0
2024-05-02,35.599999999999994,37.2,34.11999999999999,36.9,6677974.0
2024-05-03,36.76,39.58,36.66,39.19,7691194.0
2024-05-06,39.26,41.46999999999999,39.08,40.76,5256772.0
2024-05-07,40.84000000000001,41.89999999999999,40.029999999999994,40.25999999999999,8374196.0
2024-05-08,40.56000000000001,40.60999999999999,38.71999999999999,39.99999999999999,7976123.0
2024-05-09,39.83,40.93,39.31499999999999,40.27,3929690.0
2024-05-10,40.46999999999999,42.23499999999999,40.46999999999999,40.88999999999999,5862951.0
2024-05-13,41.29,42.065,41.075,41.23,3584627.0
2024-05-14,41.21,43.470000000000006,40.25999999999999,43.38999999999999,4761722.0
2024-05-15,43.32999999999999,47.25,43.11999999999999,47.25,6559793.0
2024-05-16,47.10000000000001,48.03000000000001,45.77,45.959999999999994,5075473.0
2024-05-17,46.07999999999999,47.38,44.34,45.75,4427999.0
2024-05-20,45.83,49.28999999999999,45.79,48.53000000000001,7013076.0
2024-05-21,48.41,48.72,46.40999999999999,48.02000000000001,3611088.0
2024-05-22,48.32000000000001,51.89,47.84,51.55,6561517.0
2024-05-23,52.029999999999994,53.55999999999999,47.54999999999999,48.65,10345476.0
2024-05-24,48.78,52.06999999999999,48.75,51.65,5671326.0
2024-05-28,52.57000000000001,54.88,51.75,54.02,7172639.0
2024-05-29,53.04,53.34,49.70000000000001,49.76,5588386.0
2024-05-30,49.76,51.34000000000001,48.65,48.68,5299284.0
2024-05-31,48.83,51.02000000000001,44.379999999999995,48.60000000000001,9138583.0
2024-06-03,49.50999999999999,50.92999999999999,46.129999999999995,48.87,6076733.0
2024-06-04,48.28999999999999,48.65,46.425,47.79999999999999,6346014.0
2024-06-05,47.99000000000001,53.989999999999995,47.99000000000001,53.81999999999999,8962261.0
2024-06-06,54.04999999999999,54.77000000000001,51.23,52.15999999999999,6284148.0
2024-06-07,52.89,53.48,50.809999999999995,51.63,8458464.0
2024-06-10,51.41,54.575,50.43,53.809999999999995,6144366.0
2024-06-11,53.89999999999999,54.48,51.7,54.20000000000001,5123853.0
2024-06-12,54.53,60.86,54.50000000000001,60.599999999999994,12087166.0
2024-06-13,61.05000000000001,61.64999999999999,58.29999999999999,60.17999999999999,6464232.0
2024-06-14,60.61999999999999,60.739999999999995,58.349999999999994,59.89999999999999,5174886.0
2024-06-17,60.490000000000016,63.15,58.95000000000001,63.01,8847673.0
2024-06-18,63.280000000000015,66.19,63.10999999999999,65.27,6804480.0
2024-06-20,67.72,67.93,58.790000000000006,60.24999999999999,8377948.0
2024-06-21,59.45,60.24999999999999,56.04,58.35999999999999,6767801.0
2024-06-24,58.29999999999999,58.84000000000001,52.82,53.23,7356062.0
2024-06-25,53.25,56.04,52.349999999999994,55.94,5528989.0
2024-06-26,56.88999999999999,57.220000000000006,52.71000000000001,53.37,5297681.0
2024-06-27,53.99999999999999,55.57999999999999,52.82,54.49000000000001,4514338.0
2024-06-28,54.81,58.57999999999999,54.09000000000001,55.529999999999994,8248951.0
2024-07-01,55.559999999999995,56.20000000000001,52.24999999999999,55.419999999999995,6174084.0
2024-07-02,54.41,57.87,53.63999999999999,57.74,6598217.0
2024-07-03,57.89,61.50999999999999,57.18,60.38999999999999,5465394.0
2024-07-05,60.989999999999995,62.38000000000001,59.79000000000001,60.45,5125143.0
2024-07-08,60.99999999999999,64.99999999999999,60.94,64.99,5604353.0
2024-07-09,65.27,66.14000000000001,62.42999999999999,64.36,5343538.0
2024-07-10,64.71,69.00000000000001,64.68,68.21999999999998,6481003.0
2024-07-11,68.35999999999999,70.64,60.96999999999999,61.64999999999999,11201582.0
2024-07-12,61.59,67.3,61.34,64.87999999999998,6490324.0
2024-07-15,65.17999999999999,66.76,63.06,64.82,7232393.0
2024-07-16,64.17,65.65000000000002,62.22999999999999,65.17000000000002,6387560.0
2024-07-17,62.39,62.39,51.23,53.17,10146130.0
2024-07-18,54.55,54.55,49.129999999999995,52.46999999999999,8368984.0
2024-07-19,50.99999999999999,52.87,46.75000000000001,47.34,7136768.0
2024-07-22,48.06000000000001,53.00000000000001,48.06000000000001,51.849999999999994,6759361.0
2024-07-23,51.03999999999999,52.27,48.86,49.099999999999994,4681254.0
2024-07-24,48.99999999999999,49.489999999999995,42.24999999999999,44.01,8171952.0
2024-07-25,42.64,43.70000000000001,37.39999999999999,40.099999999999994,13453372.0
2024-07-26,41.64999999999999,42.99999999999999,40.72,41.84,6385062.0
2024-07-29,43.099999999999994,45.0,41.099999999999994,41.099999999999994,6877887.0
2024-07-30,41.86999999999999,42.669999999999995,36.15,39.879999999999995,9599229.0
2024-07-31,41.07,46.309999999999995,40.72,46.25999999999999,9884472.0
2024-08-01,45.44,45.60000000000001,33.42,34.29999999999999,15120742.0
2024-08-02,32.559999999999995,33.19,28.140000000000004,29.85,20402115.0
2024-08-05,24.639999999999997,30.15,21.579999999999995,30.01,23976987.0
2024-08-06,30.229999999999997,30.789999999999996,26.869999999999997,27.03,12189087.0
2024-08-07,28.769999999999996,31.94,25.379999999999995,25.389999999999997,14378744.0
2024-08-08,26.119999999999997,32.09,25.819999999999997,32.01,14220085.0
2024-08-09,31.96,32.86,29.589999999999996,31.079999999999995,7994127.0
2024-08-12,31.409999999999997,32.585,30.239999999999995,31.29,7288361.0
2024-08-13,32.41,35.50999999999999,31.33,35.49999999999999,8939796.0
2024-08-14,35.42999999999999,36.629999999999995,33.28,34.8,7907570.0
2024-08-15,35.25,40.46999999999999,34.95,39.87,8241441.0
2024-08-16,40.27,40.70000000000001,38.08,39.53,5922570.0
2024-08-19,39.36,41.74999999999999,37.89,41.25,5996163.0
2024-08-20,42.1,42.17999999999999,39.1,39.46,5492745.0
2024-08-21,39.989999999999995,42.36,39.68,41.88999999999999,6060832.0
2024-08-22,41.809999999999995,42.87,37.10999999999999,38.16,8151561.0
2024-08-23,38.599999999999994,41.21,38.49999999999999,40.41,6496629.0
2024-08-26,40.52000000000001,40.69,36.919999999999995,37.45000000000001,6576884.0
2024-08-27,37.6,38.96,35.519999999999996,37.84,4888334.0
2024-08-28,38.4,39.05,32.79999999999999,33.44,7992289.0
2024-08-29,35.01,38.925,34.84,36.83,7621686.0
2024-08-30,37.56000000000001,39.215,37.059999999999995,38.71999999999999,6225060.0
2024-09-03,38.71999999999999,38.85999999999999,29.41,29.809999999999995,11899352.0
2024-09-04,29.35,31.68,28.53,30.299999999999997,8400635.0
2024-09-05,30.539999999999996,31.2,28.839999999999996,28.979999999999997,7820215.0
2024-09-06,28.389999999999997,29.67,25.499999999999996,25.819999999999997,13263767.0
2024-09-09,27.05,27.78,26.159999999999997,27.78,5556850.0
2024-09-10,27.4,28.389999999999997,26.239999999999995,28.26,5680156.0
2024-09-11,28.140000000000004,32.419999999999995,27.09,31.9,11054770.0
2024-09-12,32.17,32.74999999999999,30.35,31.96,7822270.0
2024-09-13,32.08,33.71,31.85,33.33,5701694.0
2024-09-16,33.33,33.67,30.835,32.07,6440439.0
2024-09-17,32.37,33.555,31.365,32.2,7003809.0
2024-09-18,32.24,33.995,31.03,31.96,10276538.0
2024-09-19,32.92,36.43,32.92,35.2,11032721.0
2024-09-20,34.97,34.98,32.05,33.4,8901626.0
2024-09-23,33.88999999999999,34.37,33.19,33.72,4506580.0
2024-09-24,34.39,35.695,33.59,35.36,6045517.0
2024-09-25,34.76,37.95,34.129999999999995,37.83,5509581.0
2024-09-26,39.00000000000001,40.50000000000001,36.71,38.98,11286643.0
2024-09-27,38.79999999999999,40.35999999999999,37.10999999999999,37.44,5949401.0
2024-09-30,37.35000000000001,37.44,35.06,36.44,5272286.0
2024-10-01,36.84,37.25999999999999,32.745,33.03,9349018.0
2024-10-02,33.3,36.045,32.81000000000001,35.54999999999999,5392752.0
2024-10-03,33.989999999999995,36.61,33.47,35.26,6884396.0
2024-10-04,35.449999999999996,37.68,35.12,36.54,8361072.0
2024-10-07,36.44,37.235,35.4,36.28000000000001,5338583.0
2024-10-08,36.39,37.83,35.65999999999999,37.38000000000001,4681118.0
2024-10-09,37.099999999999994,38.75999999999999,36.54,38.52,5153596.0
2024-10-10,38.16,38.59,36.36,37.70000000000001,6231641.0
2024-10-11,37.74,39.045,36.87,38.41,4745916.0
2024-10-14,38.81999999999999,41.06000000000001,38.67999999999999,41.02,6416154.0
2024-10-15,40.67,41.18,33.64,34.93,12173117.0
2024-10-16,34.67,35.85,33.96999999999999,34.54,5025303.0
2024-10-17,36.29,37.81,35.17,35.49999999999999,7950962.0
2024-10-18,35.72999999999999,36.39,34.84499999999999,35.2,5127908.0
2024-10-21,35.25,35.4,33.73,35.18,3965235.0
2024-10-22,34.86,35.12,33.845,34.88,4856951.0
2024-10-23,34.73,34.9,32.29,34.32,6680821.0
2024-10-24,34.86,35.35,33.53,34.21999999999999,6390917.0
2024-10-25,34.7,36.86,34.48,35.19,11525876.0
2024-10-28,35.28,36.54,34.21999999999999,35.49999999999999,4665840.0
2024-10-29,35.489999999999995,38.44,34.95,36.66,7339554.0
2024-10-30,36.7,36.7,33.5,33.51,8083587.0
2024-10-31,32.57999999999999,33.56,29.229999999999997,30.62,11426953.0
2024-11-01,30.639999999999997,31.82,30.379999999999995,31.02,5938970.0
2024-11-04,31.16,31.664999999999996,30.014999999999997,30.229999999999997,4695389.0
2024-11-05,30.48,31.6,30.049999999999997,31.35,5470497.0
2024-11-06,33.0,34.91,32.02,34.34000000000001,9549807.0
2024-11-07,34.72,36.37,34.63,36.16,7139256.0
2024-11-08,36.489999999999995,36.64,34.55,35.4,5406329.0
2024-11-11,35.589999999999996,35.67999999999999,31.479999999999997,32.589999999999996,9002196.0
2024-11-12,32.46999999999999,32.589999999999996,30.379999999999995,31.5,6947021.0
2024-11-13,31.549999999999997,31.549999999999997,29.47,29.78,10343508.0
2024-11-14,29.83,30.835,28.9,28.92,6453789.0
2024-11-15,28.6,28.78,26.429999999999996,27.01,12327840.0
2024-11-18,27.569999999999997,27.879999999999995,26.179999999999996,27.789999999999996,5924765.0
2024-11-19,27.97,28.309999999999995,26.68,27.91,6662545.0
2024-11-20,27.94,27.99,25.999999999999996,26.929999999999996,10298310.0
2024-11-21,26.59,28.91,25.97,28.27999999999999,10593190.0
2024-11-22,28.53,28.680000000000003,27.739999999999995,28.479999999999997,6727997.0
2024-11-25,29.019999999999996,30.089999999999996,28.745,29.119999999999997,8072694.0
2024-11-26,29.269999999999996,30.28,27.465,28.13,9137363.0
2024-11-27,27.769999999999996,27.96,25.585,26.94,8209118.0
2024-11-29,27.569999999999997,29.039999999999996,27.27,28.04,5548032.0
2024-12-02,27.98,30.8,27.43,30.22,8776142.0
2024-12-03,30.36,30.66,29.41,30.43,4948748.0
2024-12-04,30.749999999999996,31.61,30.25,30.66,6563726.0
2024-12-05,30.63,30.929999999999996,28.885,29.069999999999997,5557545.0
2024-12-06,29.269999999999996,29.85,28.905,29.519999999999996,4932219.0
2024-12-09,29.78,30.32,28.610000000000003,29.199999999999996,5058353.0
2024-12-10,28.99,29.519999999999996,26.565,27.26,7752399.0
2024-12-11,27.37,29.624999999999996,27.37,29.059999999999995,7494308.0
2024-12-12,29.159999999999997,29.92,27.749999999999996,29.83,5572559.0
2024-12-13,29.7,31.304999999999996,29.49,30.609999999999996,11344258.0
2024-12-16,30.859999999999996,32.945,30.39,32.519999999999996,10065055.0
2024-12-17,32.04,32.68999999999999,30.555,31.12,6966364.0
2024-12-18,31.4,32.475,26.039999999999996,27.21,10459936.0
2024-12-19,27.8,28.79,26.06499999999999,26.42,5994643.0
2024-12-20,25.7,28.359999999999996,24.579999999999995,27.78,11499654.0
2024-12-23,28.070000000000004,29.76,27.45,29.62,6875288.0
2024-12-24,29.85,30.63,29.659999999999997,30.35,3370193.0
2024-12-26,30.129999999999995,31.095,29.47,30.36,3973602.0
2024-12-27,30.01,30.409999999999997,28.594999999999995,29.54,4810696.0
2024-12-30,29.41,29.49,27.33,27.85,5869294.0
2024-12-31,27.92,28.73,26.94,27.23,4959412.0
2025-01-02,28.02,29.039999999999996,27.039999999999996,27.699999999999996,7932401.0
2025-01-03,28.17,30.11,28.02,29.799999999999997,7571442.0
2025-01-06,30.78,33.625,30.709999999999997,32.81000000000001,10072169.0
2025-01-07,32.699999999999996,33.72,30.609999999999996,31.36,7762984.0
2025-01-08,31.549999999999997,31.82,29.179999999999996,29.909999999999997,7170523.0
2025-01-10,29.76,30.07,27.45,28.01,7992571.0
2025-01-13,27.01,28.44,26.01,28.379999999999995,6162632.0
2025-01-14,28.71,29.039999999999996,27.19,28.34999999999999,7521458.0
2025-01-15,28.17,30.449999999999996,28.09,30.11,6534000.0
2025-01-16,31.799999999999997,31.93,29.86,29.96,6423687.0
2025-01-17,30.56,32.705,30.42,32.4,5759786.0
2025-01-21,32.95000000000001,34.53,32.50999999999999,34.28,5180914.0
2025-01-22,34.55,36.145,34.42,34.68,4324364.0
2025-01-23,33.959999999999994,35.03,33.01,34.55,3555695.0
2025-01-24,34.24999999999999,34.94,32.32,32.56999999999999,4437971.0
2025-01-27,28.59,30.339999999999996,23.844999999999995,25.9,18089227.0
2025-01-28,26.139999999999997,26.569999999999997,23.75999999999999,25.339999999999996,7574615.0
2025-01-29,26.859999999999996,26.949999999999996,24.859999999999996,26.109999999999996,7044769.0
2025-01-30,26.639999999999997,27.664999999999996,26.139999999999997,27.31,6499326.0
2025-01-31,27.569999999999997,29.249999999999996,26.709999999999997,26.859999999999996,7688768.0
2025-02-03,25.2,26.499999999999996,24.31,26.47,8503069.0
2025-02-04,25.609999999999996,27.2,25.205,25.92,4615646.0
2025-02-05,25.819999999999997,28.000000000000004,25.545,27.249999999999996,5355398.0
2025-02-06,27.29,27.92,26.729999999999997,27.649999999999995,4344402.0
2025-02-07,27.91,28.27999999999999,25.800000000000004,26.079999999999995,6742127.0
2025-02-10,26.799999999999997,27.549999999999997,26.59,27.22,4199141.0
2025-02-11,26.999999999999996,27.895000000000003,26.58,27.519999999999996,3013575.0
2025-02-12,27.519999999999996,27.89,25.95,27.539999999999996,4659754.0
2025-02-13,27.31,28.549999999999997,27.019999999999996,28.229999999999997,4875903.0
2025-02-14,28.309999999999995,28.820000000000004,28.05,28.549999999999997,3375923.0
2025-02-18,29.03,30.229999999999997,28.715000000000003,29.909999999999997,4333547.0
2025-02-19,30.129999999999995,31.885,29.68,31.309999999999995,5049873.0
2025-02-20,30.859999999999996,32.629999999999995,30.705,31.659999999999997,3919091.0
2025-02-21,31.699999999999996,32.02,28.399999999999995,28.81,3916103.0
2025-02-24,29.209999999999997,29.39,26.66,26.74,5165365.0
2025-02-25,26.269999999999996,27.05,24.82,25.499999999999996,7913705.0
2025-02-26,25.85,27.1,25.53,26.49,6389021.0
2025-02-27,26.799999999999997,27.31,21.734999999999996,22.269999999999996,11177921.0
2025-02-28,22.15,23.214999999999996,21.025,22.77,9914488.0
2025-03-03,22.82,23.879999999999995,19.709999999999997,20.739999999999995,12506344.0
2025-03-04,20.4,22.25999999999999,19.0,21.47,13171993.0
2025-03-05,21.489999999999995,22.155,20.119999999999997,21.25,10230962.0
2025-03-06,20.85,21.019999999999996,19.02,19.94,11612967.0
2025-03-07,20.03,21.085,18.749999999999996,20.739999999999995,9277022.0
2025-03-10,20.35,20.47,17.089999999999996,17.26,14406278.0
2025-03-11,17.899999999999995,18.72,16.51,17.57,12099387.0
2025-03-12,17.709999999999997,19.105,17.66,18.69,11435296.0
2025-03-13,17.7,19.264999999999997,17.575,18.41,10875346.0
2025-03-14,18.65,19.925,18.519999999999996,19.8,8245476.0
2025-03-17,19.54,21.275,19.409999999999997,20.869999999999997,7351268.0
2025-03-18,20.5,20.85,19.525,19.88,6217104.0
2025-03-19,19.94,21.36,19.47,20.68,8254722.0
2025-03-20,20.72,20.879999999999995,19.589999999999996,19.88,7228304.0
2025-03-21,19.959999999999997,19.959999999999997,18.37,19.35,6840198.0
2025-03-24,19.85,21.36,19.77,20.99,8607072.0
2025-03-25,20.76,21.05,20.36,20.57,5076878.0
2025-03-26,20.47,20.52,18.205,18.36,7608234.0
2025-03-27,18.519999999999996,18.67,17.365,17.6,9947174.0
2025-03-28,17.44,17.67,15.744999999999996,15.84,13512830.0
2025-03-31,15.3,15.97,14.4,15.609999999999998,11533613.0
2025-04-01,15.669999999999998,16.17,14.829999999999998,16.04,11286967.0
2025-04-02,15.68,17.18,14.08,14.139999999999995,14113536.0
2025-04-03,14.56,14.81,11.27,11.63,28404549.0
2025-04-04,11.3,11.65,8.179999999999998,8.66,47160564.0
2025-04-07,7.170000000000001,10.87,7.099999999999999,9.619999999999996,70551340.0
2025-04-08,9.85,10.835,7.6,7.84,48220060.0
2025-04-09,8.78,13.109999999999998,7.69,12.419999999999998,83125719.0
2025-04-10,11.7,11.96,8.35,9.3,55267943.0
2025-04-11,9.96,10.384999999999998,8.909999999999998,10.25,41436731.0
2025-04-14,11.1,11.24,9.975,10.169999999999998,26804566.0
2025-04-15,10.53,11.02,9.55,9.669999999999998,18762098.0
2025-04-16,9.2,9.95,8.33,9.3,27045751.0
2025-04-17,9.85,9.92,8.904999999999998,9.31,16930226.0
2025-04-21,8.77,8.84,8.149999999999999,8.72,17893753.0
2025-04-22,8.899999999999999,9.89,8.84,9.89,18526684.0
2025-04-23,9.94,10.895,9.89,10.46,39383724.0
2025-04-24,10.13,12.41,9.989999999999998,12.3,33463945.0
2025-04-25,12.19,12.585,11.43,12.41,29149950.0
2025-04-28,12.2,12.52,11.45,12.079999999999998,17281079.0
2025-04-29,12.3,12.3,11.62,11.669999999999998,17627275.0
2025-04-30,11.7,12.419999999999998,10.754999999999995,12.4,21727667.0
2025-05-01,12.489999999999998,12.8,11.86,11.909999999999998,19102606.0
2025-05-02,12.39,13.685,12.249999999999998,13.37,20484577.0
2025-05-05,13.07,13.404999999999998,12.829999999999998,12.989999999999998,12964018.0
2025-05-06,12.79,13.07,12.12,13.029999999999998,13453479.0
2025-05-07,12.95,13.4,12.235,13.13,18219917.0
2025-05-08,13.73,14.335,13.384999999999998,13.769999999999998,15182138.0
2025-05-09,14.03,14.465,13.749999999999998,14.05,11634508.0
2025-05-12,16.37,17.47,16.12,17.119999999999997,27835710.0
2025-05-13,16.88,18.86,16.68,18.83,17927648.0
2025-05-14,18.85,19.359999999999996,18.44,18.6,16967367.0
2025-05-15,18.26,18.9,17.779999999999998,18.31,12030787.0
2025-05-16,18.37,18.69,16.7,17.25,8656676.0
2025-05-19,17.24,18.2,16.66,18.15,10904803.0
2025-05-20,17.729999999999997,18.04,17.445,17.869999999999997,5394735.0
2025-05-21,17.68,18.58,16.655000000000005,16.9,10113431.0
2025-05-22,17.069999999999997,17.43,16.47,16.57,10262999.0
2025-05-23,16.59,16.66,14.889999999999995,15.57,12456742.0
2025-05-27,16.81,17.510000000000005,16.349999999999998,17.47,8835625.0
2025-05-28,17.32,18.31,16.87,18.31,7412393.0
2025-05-29,18.45,18.659999999999997,16.83,16.83,10615787.0
2025-05-30,17.079999999999995,17.19,15.244999999999996,16.06,11532253.0
2025-06-02,15.689999999999998,17.094999999999995,15.6,16.939999999999998,6274367.0
2025-06-03,16.73,18.38,16.5,18.209999999999997,11672760.0
2025-06-04,18.45,19.26,18.23,19.02,10873594.0
2025-06-05,19.46,19.979999999999997,18.25,18.489999999999995,12451784.0
2025-06-06,18.98,19.94,18.749999999999996,19.369999999999997,7179812.0
2025-06-09,19.35,21.054999999999996,19.319999999999997,20.78,17884296.0
2025-06-10,20.54,22.100000000000005,20.5,21.979999999999997,12999434.0
2025-06-11,21.83,22.76,20.995,21.33,15957272.0
2025-06-12,21.18,22.06,20.799999999999997,21.499999999999996,10694734.0
2025-06-13,20.59,21.054999999999996,19.84,20.119999999999997,15218363.0
2025-06-16,20.530000000000005,22.215,20.49,21.519999999999996,10540368.0
2025-06-17,21.519999999999996,22.525,21.05,21.27,10977925.0
2025-06-18,21.769999999999996,22.369999999999997,21.229999999999997,21.639999999999997,10694842.0
2025-06-20,21.559999999999995,22.329999999999995,20.38,21.19,14354130.0
2025-06-23,21.34,22.359999999999996,20.29,22.289999999999996,14850547.0
2025-06-24,22.53,24.22,22.389999999999997,24.160000000000004,14015143.0
2025-06-25,24.22,25.06,23.874999999999996,24.629999999999995,12199590.0
2025-06-26,25.09,25.44,24.6,25.319999999999997,9262749.0
2025-06-27,25.499999999999996,25.83,24.29,24.980000000000004,10842996.0
2025-06-30,25.519999999999996,25.76,24.684999999999995,24.97,7708964.0
2025-07-01,24.9,25.17,23.584999999999997,24.859999999999996,9958472.0
2025-07-02,24.89,26.39,24.020000000000003,26.17,10111238.0
2025-07-03,26.35,26.715,26.09999999999999,26.3,5301882.0
2025-07-07,25.85,26.049999999999997,24.629999999999995,25.01,8994863.0
2025-07-08,25.369999999999997,27.019999999999996,25.309999999999995,26.569999999999997,8341657.0
2025-07-09,26.59,27.405,25.895,26.63,7430680.0
2025-07-10,26.59,27.725,26.59,27.559999999999995,7412178.0
2025-07-11,27.08,27.539999999999996,26.56,27.110000000000003,6310700.0
2025-07-14,26.819999999999997,26.94,25.329999999999995,26.49,8130677.0
2025-07-15,27.41,28.454999999999995,26.94,27.110000000000003,10078504.0
2025-07-16,26.49,27.045,24.92,26.749999999999996,11651607.0
2025-07-17,27.49,27.579999999999995,26.429999999999996,27.389999999999997,8011131.0
2025-07-18,27.479999999999997,27.89,26.76,27.31,6436035.0
2025-07-21,27.589999999999996,28.489999999999995,26.989999999999995,27.19,7558460.0
2025-07-22,26.979999999999997,27.28,24.78,25.519999999999996,12430358.0
2025-07-23,25.399999999999995,26.37,24.85,26.359999999999996,11492314.0
2025-07-24,26.089999999999996,26.119999999999997,24.955,25.57,8899572.0
2025-07-25,25.429999999999996,25.65,24.83,25.609999999999996,7161556.0
2025-07-28,26.39,27.1,26.239999999999995,27.08,8636253.0
2025-07-29,27.37,28.16,26.51,27.22,10090241.0
2025-07-30,27.4,28.13,26.94,27.42,10077050.0
2025-07-31,27.589999999999996,27.609999999999996,24.21,24.499999999999996,11317447.0
2025-08-01,24.32,24.83,22.565,23.819999999999997,10314076.0
2025-08-04,24.549999999999997,25.309999999999995,24.24,25.28,9723887.0
2025-08-05,25.389999999999997,25.67,23.615,23.899999999999995,8815581.0
2025-08-06,24.32,24.499999999999996,22.959999999999997,24.47,9999945.0
2025-08-07,24.69,25.88,24.539999999999996,25.15,11817072.0
2025-08-08,25.11,25.84,24.9,25.81,7437498.0
2025-08-11,25.539999999999996,26.879999999999995,25.209999999999997,25.69,7673997.0
2025-08-12,25.76,28.08,25.679999999999996,27.98,14340869.0
2025-08-13,28.299999999999997,29.324999999999996,28.24,29.319999999999997,9053135.0
2025-08-14,29.139999999999997,29.655,27.92,28.559999999999995,9021019.0
2025-08-15,28.750000000000004,28.78,27.075000000000003,27.33,10060703.0
2025-08-18,27.4,27.649999999999995,26.929999999999996,27.59999999999999,4752107.0
2025-08-19,27.549999999999997,27.855,25.999999999999996,26.01,7877466.0
2025-08-20,25.91,26.3,23.66,25.85,12972737.0
2025-08-21,25.88,25.92,24.910000000000004,25.369999999999997,7286431.0
2025-08-22,25.13,28.319999999999997,25.08,27.669999999999995,8918917.0
2025-08-25,27.49,27.579999999999995,26.81499999999999,27.27,5838220.0
2025-08-26,27.09,28.22,27.03,28.070000000000004,5398238.0
2025-08-27,28.000000000000004,28.229999999999997,26.999999999999996,27.44,6068860.0
2025-08-28,27.97,29.104999999999997,27.879999999999995,28.16,7735631.0
2025-08-29,27.829999999999995,27.860000000000003,25.675,26.109999999999996,9313842.0
2025-09-02,25.19,25.449999999999996,23.78,25.06,8866979.0
2025-09-03,25.069999999999997,25.539999999999996,24.13,24.85,7555706.0
2025-09-04,24.85,25.979999999999997,23.979999999999997,25.91,8703350.0
2025-09-05,26.289999999999996,26.964999999999996,25.609999999999996,26.159999999999997,11121876.0
2025-09-08,26.829999999999995,27.43,26.53,27.039999999999996,7141830.0
2025-09-09,27.27,27.659999999999997,26.569999999999997,27.549999999999997,5440254.0
2025-09-10,27.9,28.825,27.709999999999997,28.489999999999995,9051371.0
2025-09-11,28.629999999999995,29.61,28.22,29.09999999999999,8097202.0
2025-09-12,29.069999999999997,29.55,28.795,29.249999999999996,5335809.0
2025-09-15,29.159999999999997,30.049999999999997,28.549999999999997,30.0,7156990.0
2025-09-16,30.29,30.719999999999995,29.789999999999996,30.579999999999995,6859371.0
2025-09-17,30.539999999999996,31.25,29.159999999999997,31.09,7339052.0
2025-09-18,31.4,34.13999999999999,31.36,33.9,13734352.0
2025-09-19,33.41,33.56,32.125,33.0,6709727.0
2025-09-22,32.63999999999999,34.74,32.47999999999999,34.49,6701147.0
2025-09-23,34.42,35.29,33.67,34.32,6036718.0
2025-09-24,34.61,34.84,32.81000000000001,34.14999999999999,6277208.0
2025-09-25,33.93999999999999,34.17999999999999,31.36,33.72,8110223.0
2025-09-26,33.76,34.45000000000001,32.84000000000001,34.00999999999999,6785119.0
2025-09-29,34.76,35.485,33.85,33.86,5995741.0
2025-09-30,33.81,34.95499999999999,33.58,34.55,6293264.0
2025-10-01,33.88999999999999,36.96999999999999,33.55,36.7,8470690.0
2025-10-02,37.45000000000001,39.31499999999999,37.45000000000001,38.91,9881777.0
2025-10-03,39.23,40.055,37.62,38.1,8654926.0
2025-10-06,38.88000000000001,43.35999999999999,38.85999999999999,41.89999999999999,15978980.0
2025-10-07,42.040000000000006,43.11999999999999,38.709999999999994,39.15,13824976.0
2025-10-08,39.19,43.5,38.50999999999999,43.48,9322441.0
2025-10-09,43.15999999999999,43.18999999999999,41.02,42.70000000000001,9393843.0
2025-10-10,41.88999999999999,42.87,31.33,34.93,36714965.0
2025-10-13,38.18,39.47,37.18999999999999,39.37,8213898.0
2025-10-14,37.129999999999995,39.00000000000001,35.559999999999995,37.239999999999995,9798596.0
2025-10-15,38.41,40.169999999999995,37.72,39.92999999999999,9642066.0
2025-10-16,41.3,41.92000000000001,39.28000000000001,40.00999999999999,9031999.0
2025-10-17,37.98,40.8,36.73,40.45000000000001,8569433.0
2025-10-20,41.27,43.029999999999994,40.79,42.52,5369916.0
2025-10-21,42.11000000000001,42.36,40.39999999999999,40.45000000000001,4092053.0
2025-10-22,40.64000000000001,40.80499999999999,35.97,38.21,8520675.0
2025-10-23,38.68999999999999,41.93999999999999,36.92999999999999,41.92000000000001,6166352.0
2025-10-24,42.0,44.15,42.0,43.42000000000001,6148247.0
2025-10-27,45.7,47.15,45.14,47.04,8022459.0
2025-10-28,46.49000000000001,47.99000000000001,45.94,47.92999999999999,5886510.0
2025-10-29,48.95,50.75999999999999,48.06000000000001,49.06999999999999,12181545.0
2025-10-30,49.54,49.99,47.28,48.65,10991604.0
2025-10-31,48.62,49.98,46.71,47.82999999999999,9392271.0
2025-11-03,48.67000000000001,50.29,48.03000000000001,48.48,5811526.0
2025-11-04,46.099999999999994,46.87,41.7,41.78999999999999,7241851.0
2025-11-05,41.88999999999999,48.42499999999999,41.07,47.10000000000001,5897530.0
2025-11-06,46.64,47.75999999999999,42.16,43.56000000000001,11222991.0
2025-11-07,43.6,43.77000000000001,37.04500000000001,42.38,14273949.0
2025-11-10,44.63999999999999,45.51499999999999,43.470000000000006,45.0,5997499.0
2025-11-11,44.39,44.57999999999999,41.64999999999999,42.63000000000001,6754817.0
2025-11-12,43.540000000000006,44.629999999999995,42.83,42.99999999999999,7011292.0
2025-11-13,43.96000000000001,44.07,38.0,38.87,10777233.0
2025-11-14,37.66,40.59000000000001,35.16,39.36,9047597.0
2025-11-17,40.239999999999995,40.239999999999995,35.53999999999999,36.86,7595255.0
2025-11-18,35.97,36.37,33.154999999999994,34.15999999999999,14606859.0
2025-11-19,34.089999999999996,39.09000000000001,33.99999999999999,38.91,10048163.0
2025-11-20,39.02000000000001,39.19,30.049999999999997,30.91,22740166.0
2025-11-21,30.969999999999995,33.04,28.12,31.999999999999996,19102061.0
2025-11-24,32.75999999999999,36.31,31.79,35.699999999999996,10049982.0
2025-11-25,35.04,36.45,32.05,36.01,7855557.0
2025-11-26,36.61,40.13999999999999,36.18,39.33,8339482.0
2025-11-28,39.81,41.53999999999999,39.24999999999999,41.13000000000001,4813844.0
2025-12-01,39.96999999999999,42.36,38.99000000000001,41.86999999999999,7140925.0
2025-12-02,41.92000000000001,44.96999999999999,41.79999999999999,44.559999999999995,9513749.0
2025-12-03,45.12,46.675,43.14999999999999,46.11999999999999,9942706.0
2025-12-04,46.11999999999999,46.25999999999999,44.44,45.25000000000001,7452450.0
2025-12-05,46.2,48.044999999999995,45.45,46.31999999999999,6916449.0
2025-12-08,47.18,48.65,46.71,48.35,6880194.0
2025-12-09,48.28,48.28,46.474999999999994,47.50999999999999,5545068.0
2025-12-10,47.75999999999999,50.09000000000001,47.02000000000001,48.76,8763139.0
2025-12-11,47.11,49.74000000000001,44.669999999999995,47.89999999999999,7655963.0
2025-12-12,48.06000000000001,48.09000000000001,41.06000000000001,41.72999999999999,11566558.0
2025-12-15,42.31,43.41,40.81,40.98,6336202.0
2025-12-16,40.21999999999999,41.85999999999999,39.24499999999999,40.14999999999999,11751687.0
2025-12-17,40.88,41.85999999999999,35.699999999999996,36.9,14001602.0
2025-12-18,37.76,40.41,37.65,38.89,9829569.0
2025-12-19,39.66,42.4,39.02000000000001,42.34000000000001,10232501.0
2025-12-22,43.2,44.54999999999999,42.73500000000001,43.38999999999999,7125782.0
2025-12-23,43.21999999999999,43.89000000000001,42.224999999999994,43.67,4946902.0
2025-12-24,43.68000000000001,44.36,43.56000000000001,44.0,3482341.0
2025-12-26,44.33,44.96000000000001,43.82000000000001,44.0,4267463.0
2025-12-29,43.29999999999999,44.32,42.36,43.71,6729588.0
2025-12-30,43.84000000000001,44.745,43.51,43.67,4850003.0
