datetime,open,high,low,close,volume
2018-05-01,118.75,118.94,118.23,118.54,2536523.0
2018-05-02,118.05,118.86,118.05,118.3,1035879.0
2018-05-03,118.74,119.3,118.69,119.0,1885924.0
2018-05-04,119.17,119.56,118.49,118.84,1501436.0
2018-05-07,118.82,119.2,118.735,118.89,1990786.0
2018-05-08,118.82,119.23,118.31,119.23,1451850.0
2018-05-09,118.29,118.41,117.98,118.11,2411001.0
2018-05-10,118.27,119.07,118.02,118.91,2736727.0
2018-05-11,119.26,119.43,118.82,119.22,1337635.0
2018-05-14,118.93,119.0,118.58,119.0,1623894.0
2018-05-15,118.22,118.22,116.7,117.3,3841156.0
2018-05-16,117.51,117.58,116.76,116.95,1821207.0
2018-05-17,116.75,116.815,116.09,116.26,2379998.0
2018-05-18,116.55,117.285,116.46,117.25,2684857.0
2018-05-21,117.14,117.37,116.95,117.27,1547147.0
2018-05-22,117.1,117.345,116.86,117.16,1306014.0
2018-05-23,117.39,118.36,117.39,118.36,3072088.0
2018-05-24,118.08,119.05,118.08,118.83,2419948.0
2018-05-25,119.27,119.83,119.27,119.75,2791976.0
2018-05-29,119.99,122.52,119.99,122.12,6116909.0
2018-05-30,121.6,121.6,120.36,121.1,3602738.0
2018-05-31,120.91,121.98,120.91,121.05,3174154.0
2018-06-01,120.59,120.7,119.85,120.01,2480739.0
2018-06-04,120.11,120.14,119.25,119.25,2146149.0
2018-06-05,119.83,120.17,119.56,119.56,1846204.0
2018-06-06,119.15,119.17,118.43,118.89,2447781.0
2018-06-07,118.26,120.49,118.26,119.84,4251901.0
2018-06-08,119.9,119.9,119.41,119.43,2214751.0
2018-06-11,119.28,119.4,118.95,119.31,2095838.0
2018-06-12,119.24,119.57,118.84,119.57,1767156.0
2018-06-13,119.5,119.64,118.64,119.4,2735305.0
2018-06-14,119.81,120.32,119.49,120.22,3441275.0
2018-06-15,120.59,121.09,120.28,120.38,2540253.0
2018-06-18,120.66,120.66,120.05,120.4,1530226.0
2018-06-19,121.11,121.25,120.71,120.74,1864514.0
2018-06-20,120.71,120.84,119.8,119.84,2451847.0
2018-06-21,120.1,120.74,119.97,120.55,2361060.0
2018-06-22,120.27,120.67,119.94,120.67,1252252.0
2018-06-25,120.92,121.11,120.6,120.85,2507833.0
2018-06-26,120.92,121.1,120.67,120.92,1825069.0
2018-06-27,121.55,122.2,121.19,122.2,2471975.0
2018-06-28,122.12,122.24,121.83,122.08,1899273.0
2018-06-29,122.11,122.5,121.52,121.56,2993616.0
2018-07-02,121.89,121.9,121.295,121.34,1912567.0
2018-07-03,121.25,122.12,121.25,122.12,1561324.0
2018-07-05,121.52,122.52,121.52,122.35,1357428.0
2018-07-06,122.83,122.91,122.49,122.61,1362519.0
2018-07-09,122.29,122.29,121.9,121.98,2018098.0
2018-07-10,121.86,122.38,121.81,122.36,1903291.0
2018-07-11,122.44,122.55,122.09,122.33,1903517.0
2018-07-12,122.23,122.5,122.05,122.5,2105006.0
2018-07-13,122.65,122.86,122.47,122.81,1427412.0
2018-07-16,122.63,122.68,121.64,122.18,2042938.0
2018-07-17,122.32,122.38,121.91,121.99,893187.0
2018-07-18,122.03,122.21,121.39,121.42,1853979.0
2018-07-19,121.43,122.44,121.33,122.19,2073057.0
2018-07-20,121.96,122.01,120.71,120.77,3151421.0
2018-07-23,120.75,120.83,119.19,119.38,4184190.0
2018-07-24,119.43,119.81,119.15,119.72,2340992.0
2018-07-25,119.98,120.26,119.23,119.4,2057356.0
2018-07-26,119.4,119.88,119.01,119.28,1668127.0
2018-07-27,119.32,119.87,119.28,119.59,1429380.0
2018-07-30,119.05,119.4,118.97,119.14,1745351.0
2018-07-31,119.8,120.1,119.56,119.68,1584621.0
2018-08-01,118.93,118.93,118.07,118.43,3470122.0
2018-08-02,118.93,118.93,118.3,118.66,1314366.0
2018-08-03,118.75,119.35,118.74,119.35,1804759.0
2018-08-06,119.2,119.84,119.2,119.3,1179703.0
2018-08-07,119.06,119.11,118.57,118.66,1267620.0
2018-08-08,118.77,119.02,118.47,118.79,1432548.0
2018-08-09,118.83,119.83,118.83,119.78,2271404.0
2018-08-10,120.29,121.04,120.11,120.63,2435351.0
2018-08-13,120.49,120.9,120.21,120.43,2908884.0
2018-08-14,120.17,120.56,120.0,120.0,1100971.0
2018-08-15,120.64,121.13,120.54,120.72,1980248.0
2018-08-16,120.42,120.925,120.29,120.85,1392615.0
2018-08-17,120.98,121.38,120.76,121.22,993427.0
2018-08-20,121.08,121.9,121.02,121.73,1418324.0
2018-08-21,121.35,121.74,121.07,121.65,1515978.0
2018-08-22,121.59,122.06,121.58,121.81,1460299.0
2018-08-23,121.82,122.13,121.79,121.86,2028415.0
2018-08-24,121.92,122.33,121.49,122.18,1812744.0
2018-08-27,122.0,122.0,121.52,121.65,1810690.0
2018-08-28,121.37,121.37,120.69,120.84,1442277.0
2018-08-29,120.97,121.145,120.615,120.96,2262621.0
2018-08-30,121.21,121.45,121.09,121.33,1836086.0
2018-08-31,121.63,121.95,120.895,121.12,2104739.0
2018-09-04,120.95,120.95,119.76,119.81,8000940.0
2018-09-05,120.01,120.2,119.55,119.76,2921755.0
2018-09-06,119.49,120.32,119.46,120.2,5417433.0
2018-09-07,120.0,120.07,118.99,119.16,5377044.0
2018-09-10,119.23,119.57,119.15,119.53,2597377.0
2018-09-11,119.29,119.29,118.61,118.7,1576012.0
2018-09-12,118.95,119.17,118.9,119.01,984282.0
2018-09-13,118.82,119.57,118.8,118.96,1742568.0
2018-09-14,118.89,118.91,118.3,118.5,1938971.0
2018-09-17,118.31,118.81,118.05,118.09,1879622.0
2018-09-18,118.36,118.37,117.12,117.29,2636411.0
2018-09-19,117.18,117.3,116.2,116.91,3156188.0
2018-09-20,116.74,117.36,116.4,117.36,1955648.0
2018-09-21,116.98,117.37,116.8,117.36,1677383.0
2018-09-24,116.82,117.27,116.68,116.69,1898721.0
2018-09-25,116.28,116.74,116.28,116.71,2320790.0
2018-09-26,116.88,117.64,116.67,117.55,2938049.0
2018-09-27,117.7,117.7,117.11,117.55,1843454.0
2018-09-28,117.95,118.04,117.09,117.09,4476897.0
2018-10-01,116.35,116.83,116.12,116.27,11544534.0
2018-10-02,116.74,117.13,116.59,116.6,2600529.0
2018-10-03,116.52,116.52,114.1,114.1,6306579.0
2018-10-04,113.5,114.39,113.32,114.03,5372527.0
2018-10-05,113.81,114.0,112.62,113.0,6685519.0
2018-10-08,113.13,113.24,112.64,112.68,1672432.0
2018-10-09,112.67,113.85,112.67,113.76,3049937.0
2018-10-10,113.4,114.1,112.79,113.9,4314040.0
2018-10-11,114.0,115.15,113.69,114.82,4523416.0
2018-10-12,114.5,115.01,114.2,114.7,1931221.0
2018-10-15,114.68,114.81,114.3,114.51,2241678.0
2018-10-16,114.15,114.715,114.15,114.51,1325669.0
2018-10-17,114.62,114.92,113.59,113.59,1788904.0
2018-10-18,113.79,114.38,113.55,114.02,1799989.0
2018-10-19,113.69,113.95,113.42,113.7,2598960.0
2018-10-22,113.8,114.08,113.5,113.5,1010263.0
2018-10-23,114.25,115.02,113.84,113.93,2731719.0
2018-10-24,114.39,114.815,114.0,114.65,3712434.0
2018-10-25,114.33,114.74,114.09,114.61,3111026.0
2018-10-26,114.92,115.32,114.77,115.01,4015743.0
2018-10-29,115.26,115.41,114.26,114.67,1901659.0
2018-10-30,114.31,114.54,113.98,114.0,2462843.0
2018-10-31,113.68,113.96,113.22,113.53,2296678.0
2018-11-01,113.11,113.57,112.62,113.41,1687284.0
2018-11-02,113.0,113.28,111.88,112.05,3142355.0
2018-11-05,112.28,112.7,112.05,112.44,1735276.0
2018-11-06,112.64,112.72,112.335,112.39,882878.0
2018-11-07,113.23,113.45,112.3,112.46,2148754.0
2018-11-08,112.64,112.97,112.41,112.46,1853505.0
2018-11-09,112.51,113.49,112.51,113.39,1720550.0
2018-11-12,113.57,114.3,113.36,114.03,1249352.0
2018-11-13,114.0,114.02,113.49,113.97,1915151.0
2018-11-14,113.95,114.52,113.3,113.93,2342008.0
2018-11-15,114.42,114.57,113.69,114.17,2578818.0
2018-11-16,113.98,114.89,113.91,114.89,2460724.0
2018-11-19,114.5,115.02,114.12,114.85,2602985.0
2018-11-20,115.14,115.52,114.93,114.96,1614394.0
2018-11-21,114.79,115.08,114.54,114.95,1482807.0
2018-11-23,115.05,115.75,115.05,115.16,1161771.0
2018-11-26,115.03,115.22,114.78,115.02,1394323.0
2018-11-27,115.14,115.25,114.765,114.94,1315700.0
2018-11-28,115.02,115.02,114.36,114.47,2153704.0
2018-11-29,115.18,115.54,114.59,115.0,2106232.0
2018-11-30,115.23,115.48,114.98,115.41,2197141.0
2018-12-03,114.82,116.11,114.49,116.01,3147503.0
2018-12-04,116.26,118.66,116.26,118.0,6461787.0
2018-12-06,118.22,119.2,117.92,117.92,4495602.0
2018-12-07,118.4,118.53,117.52,118.5,2769818.0
2018-12-10,118.6,119.28,118.44,118.9,2410414.0
2018-12-11,118.36,119.38,118.3,118.8,2087845.0
2018-12-12,118.47,118.72,118.24,118.32,1630695.0
2018-12-13,118.46,118.58,117.98,118.03,1868704.0
2018-12-14,118.74,118.77,118.22,118.46,2515609.0
2018-12-17,118.67,119.29,118.54,119.17,2419588.0
2018-12-18,119.35,119.97,118.94,119.6,2549298.0
2018-12-19,119.81,121.66,119.81,121.51,5718173.0
2018-12-20,121.68,122.15,120.17,120.33,4883280.0
2018-12-21,120.62,121.21,120.4,120.72,3104780.0
2018-12-24,120.77,121.5,120.77,121.32,2688991.0
2018-12-26,121.15,121.38,119.94,120.12,3874211.0
2018-12-27,120.48,121.375,119.91,120.05,3669884.0
2018-12-28,120.3,121.07,120.29,121.07,3705840.0
2018-12-31,120.82,121.55,120.46,121.06,4617434.0
2019-01-02,121.7,123.31,121.345,123.31,7800100.0
2019-01-03,122.5,123.855,122.12,123.7,7239492.0
2019-01-04,123.24,123.24,121.65,121.86,4235730.0
2019-01-07,122.5,122.9,121.61,121.61,2520092.0
2019-01-08,121.98,121.99,121.31,121.51,1819603.0
2019-01-09,121.07,121.43,120.8,121.43,2622985.0
2019-01-10,121.48,121.48,120.13,120.23,2400277.0
2019-01-11,120.68,121.265,120.51,120.94,1699174.0
2019-01-14,121.19,121.25,120.25,120.42,1481197.0
2019-01-15,120.7,120.7,119.95,120.07,2398573.0
2019-01-16,119.43,120.38,119.43,120.13,2005768.0
2019-01-17,120.26,120.53,119.89,120.15,2200156.0
2019-01-18,119.87,120.12,119.39,119.54,2812552.0
2019-01-22,120.1,120.72,120.07,120.45,2651104.0
2019-01-23,120.19,120.62,119.65,120.35,1839177.0
2019-01-24,120.82,121.25,120.71,121.08,2027691.0
2019-01-25,120.83,120.9,120.32,120.76,1856298.0
2019-01-28,120.4,120.93,120.37,120.5,1571105.0
2019-01-29,120.49,121.08,120.38,120.81,1711149.0
2019-01-30,120.97,121.5,120.34,121.5,3308106.0
2019-01-31,121.38,122.18,121.34,121.97,3249057.0
2019-02-01,121.81,121.81,120.85,120.99,3332938.0
2019-02-04,120.85,120.85,120.03,120.34,3621401.0
2019-02-05,120.21,121.225,120.21,120.89,2630360.0
2019-02-06,121.25,121.43,120.735,120.88,1740167.0
2019-02-07,121.44,121.91,121.23,121.81,2757786.0
2019-02-08,122.18,122.47,122.08,122.36,2350243.0
2019-02-11,122.03,122.18,121.75,122.06,1282384.0
2019-02-12,121.56,121.75,121.205,121.5,1544040.0
2019-02-13,121.35,121.38,120.92,121.19,1530291.0
2019-02-14,121.42,122.19,121.42,121.87,2266960.0
2019-02-15,122.01,122.01,121.42,121.85,1409025.0
2019-02-19,121.95,122.53,121.82,122.32,1987096.0
2019-02-20,122.45,122.45,121.595,121.94,1481538.0
2019-02-21,121.52,121.55,120.71,120.78,2532117.0
2019-02-22,121.08,121.945,121.06,121.58,1527651.0
2019-02-25,121.16,121.3,120.92,121.28,2573828.0
2019-02-26,121.31,121.82,121.31,121.75,1748489.0
2019-02-27,121.69,121.69,120.28,120.45,2990165.0
2019-02-28,120.73,120.84,119.71,120.05,2942158.0
2019-03-01,119.53,119.53,118.64,118.8,4121602.0
2019-03-04,119.05,119.76,119.05,119.68,4022987.0
2019-03-05,119.45,119.87,119.22,119.76,1924890.0
2019-03-06,119.9,120.51,119.84,120.17,2375655.0
2019-03-07,120.25,121.25,120.25,121.1,2797551.0
2019-03-08,121.28,121.72,120.85,121.7,2332071.0
2019-03-11,121.23,121.42,120.99,121.22,1605797.0
2019-03-12,120.93,122.23,120.93,122.01,1895366.0
2019-03-13,121.79,121.95,121.5,121.61,1163653.0
2019-03-14,121.35,121.75,120.93,121.0,2268229.0
2019-03-15,120.95,121.95,120.95,121.7,1340738.0
2019-03-18,121.48,121.86,121.36,121.69,792403.0
2019-03-19,121.78,121.78,120.9,121.44,1426182.0
2019-03-20,121.74,122.85,121.73,122.6,2814030.0
2019-03-21,122.94,123.09,122.68,122.86,1635627.0
2019-03-22,123.97,125.28,123.95,124.86,3526618.0
2019-03-25,124.16,125.94,124.16,125.07,2613924.0
2019-03-26,124.51,125.28,124.36,125.0,2000167.0
2019-03-27,125.72,126.33,125.15,126.25,3257638.0
2019-03-28,126.3,126.68,126.01,126.24,2246695.0
2019-03-29,126.1,126.46,125.65,126.34,3047978.0
2019-04-01,125.41,125.59,124.195,124.36,4247229.0
2019-04-02,124.64,124.9,124.25,124.55,3804226.0
2019-04-03,123.68,123.92,123.37,123.4,2440004.0
2019-04-04,123.72,123.89,123.37,123.74,2248588.0
2019-04-05,123.4,124.17,123.06,124.03,1739416.0
2019-04-08,123.82,123.95,123.525,123.66,1137108.0
2019-04-09,123.72,124.33,123.71,123.87,1669222.0
2019-04-10,123.92,124.51,123.82,124.37,1804311.0
2019-04-11,124.12,124.15,123.42,123.66,3585202.0
2019-04-12,122.95,123.05,122.635,122.72,2057619.0
2019-04-15,122.74,122.99,122.59,122.81,810599.0
2019-04-16,122.6,122.7,122.15,122.23,2250361.0
2019-04-17,122.07,122.57,121.89,122.3,1244436.0
2019-04-18,122.73,123.09,122.21,122.7,2497332.0
2019-04-22,122.93,122.94,122.24,122.35,1417856.0
2019-04-23,122.38,122.69,122.2,122.6,1523766.0
2019-04-24,122.86,123.61,122.86,123.61,2291860.0
2019-04-25,123.47,123.61,123.1,123.38,1450268.0
2019-04-26,123.46,124.01,123.21,123.84,1740425.0
2019-04-29,123.68,123.75,122.85,123.09,1973795.0
2019-04-30,123.03,123.74,122.88,123.7,2183905.0
2019-05-01,123.61,124.44,123.36,123.94,5250660.0
2019-05-02,123.66,123.94,123.04,123.42,1679506.0
2019-05-03,123.19,123.87,122.95,123.63,2244556.0
2019-05-06,124.22,124.47,123.93,124.47,1340240.0
2019-05-07,124.42,125.135,124.36,124.92,3202229.0
2019-05-08,125.27,125.38,124.23,124.24,1807412.0
2019-05-09,124.98,125.3,124.3,125.03,2475416.0
2019-05-10,124.73,125.44,124.59,124.6,1887181.0
2019-05-13,125.54,125.92,125.24,125.7,2327364.0
2019-05-14,125.56,125.69,125.2,125.38,1707398.0
2019-05-15,125.8,126.3,125.78,126.1,2363227.0
2019-05-16,126.49,126.49,125.53,125.78,1645048.0
2019-05-17,125.79,126.46,125.7,125.94,1414196.0
2019-05-20,126.22,126.38,125.66,125.72,1563761.0
2019-05-21,125.64,125.71,125.21,125.43,1238197.0
2019-05-22,125.6,126.32,125.6,126.27,1707327.0
2019-05-23,126.49,128.08,126.49,127.9,2861936.0
2019-05-24,127.5,127.8,127.37,127.8,1544928.0
2019-05-28,128.2,128.89,128.08,128.74,2256753.0
2019-05-29,129.26,129.9,128.98,129.04,4193030.0
2019-05-30,128.97,130.51,128.89,130.51,4374100.0
2019-05-31,131.21,131.93,130.82,131.76,4886536.0
2019-06-03,131.99,132.8,131.56,132.29,4090690.0
2019-06-04,131.95,131.95,130.55,130.61,4879407.0
2019-06-05,130.5,131.04,129.91,130.32,2513092.0
2019-06-06,130.54,131.58,130.32,130.77,2569339.0
2019-06-07,130.62,132.07,130.62,131.83,3633396.0
2019-06-10,130.42,130.76,130.32,130.46,3233390.0
2019-06-11,129.9,130.755,129.85,130.59,1115093.0
2019-06-12,130.96,131.16,130.31,130.67,1075440.0
2019-06-13,130.68,131.25,130.52,131.15,1768995.0
2019-06-14,131.85,131.85,131.06,131.46,1642499.0
2019-06-17,130.95,131.755,130.95,131.53,1496505.0
2019-06-18,132.19,133.18,131.945,132.32,3414275.0
2019-06-19,132.17,132.71,131.59,132.53,3608764.0
2019-06-20,133.2,133.5,132.5,132.5,2903890.0
2019-06-21,132.68,132.78,131.38,131.49,4707220.0
2019-06-24,131.96,132.52,131.96,132.45,1830977.0
2019-06-25,132.55,133.09,132.55,133.05,2929273.0
2019-06-26,132.72,132.78,131.84,131.97,6841715.0
2019-06-27,131.72,133.08,131.72,132.84,3644747.0
2019-06-28,132.69,133.08,132.45,132.81,2543602.0
2019-07-01,132.42,132.75,131.6,132.35,3353344.0
2019-07-02,132.26,133.5,132.2,133.5,3374287.0
2019-07-03,133.78,134.29,133.46,134.2,1665383.0
2019-07-05,133.9,133.94,131.68,132.19,4521422.0
2019-07-08,132.69,133.22,132.5,132.63,2881438.0
2019-07-09,132.38,132.72,132.16,132.45,2450725.0
2019-07-10,131.16,132.58,131.16,131.51,3004848.0
2019-07-11,131.51,131.53,129.54,130.0,3655807.0
2019-07-12,130.16,130.45,129.45,130.17,1678642.0
2019-07-15,129.86,131.045,129.86,130.94,1867479.0
2019-07-16,130.91,131.1,129.955,130.76,1498122.0
2019-07-17,130.94,132.3,130.94,132.13,2280829.0
2019-07-18,132.0,132.31,131.22,132.0,1743227.0
2019-07-19,131.77,131.95,131.51,131.61,2192202.0
2019-07-22,132.19,132.53,131.75,131.89,1470994.0
2019-07-23,131.89,131.95,130.81,130.86,1880949.0
2019-07-24,131.41,131.9,131.41,131.8,1923728.0
2019-07-25,131.99,132.6,130.52,131.03,2637513.0
2019-07-26,131.4,131.82,130.99,131.5,3090089.0
2019-07-29,131.59,132.0,131.4,131.5,2856751.0
2019-07-30,131.77,132.1,131.43,131.75,1520434.0
2019-07-31,131.99,133.32,131.65,132.95,4094663.0
2019-08-01,132.2,135.39,132.2,135.13,9309310.0
2019-08-02,135.49,136.57,135.12,136.42,3926200.0
2019-08-05,137.26,140.05,137.26,139.98,4768249.0
2019-08-06,138.22,140.19,138.0,140.15,3703531.0
2019-08-07,140.83,143.06,139.67,140.0,8525839.0
2019-08-08,139.96,141.2,137.98,140.75,4087046.0
2019-08-09,140.36,141.55,139.8,139.8,3224023.0
2019-08-12,141.33,143.42,141.23,143.0,3941553.0
2019-08-13,143.52,143.91,141.96,142.24,4783976.0
2019-08-14,143.58,146.01,143.58,145.6,4203401.0
2019-08-15,146.22,148.6,145.45,147.12,6606113.0
2019-08-16,146.0,146.83,144.85,145.8,5277605.0
2019-08-19,144.03,144.65,143.01,144.12,3804070.0
2019-08-20,144.43,145.62,144.43,145.48,2386192.0
2019-08-21,144.45,145.78,144.27,144.27,3182907.0
2019-08-22,144.35,144.69,143.49,143.58,3506314.0
2019-08-23,142.85,146.3,142.62,146.25,4270714.0
2019-08-26,146.53,146.75,144.75,145.4,4381590.0
2019-08-27,146.12,147.79,146.1,147.72,3859941.0
2019-08-28,148.44,148.89,147.0,147.4,3045153.0
2019-08-29,147.35,147.6,146.13,147.2,2834940.0
2019-08-30,146.71,147.48,146.37,147.15,4085561.0
2019-09-03,147.95,148.66,146.57,147.39,5308076.0
2019-09-04,146.6,147.62,146.41,147.05,2354960.0
2019-09-05,146.16,146.16,143.89,145.02,5693511.0
2019-09-06,144.01,146.02,143.99,145.3,3038821.0
2019-09-09,144.33,144.65,142.61,142.7,6215733.0
2019-09-10,143.47,143.49,140.31,140.55,4746006.0
2019-09-11,140.55,141.21,140.21,140.3,3405734.0
2019-09-12,141.11,142.6,139.06,139.65,5646407.0
2019-09-13,139.14,139.28,136.53,137.0,5221657.0
2019-09-16,137.47,139.28,137.26,138.06,3294041.0
2019-09-17,138.51,139.595,138.02,139.07,2613545.0
2019-09-18,139.26,140.66,139.26,139.62,3477183.0
2019-09-19,140.4,141.11,139.95,140.29,3523776.0
2019-09-20,140.65,142.09,139.99,141.8,3696264.0
2019-09-23,142.33,143.15,141.42,141.6,3687597.0
2019-09-24,142.05,143.84,142.05,143.52,3523011.0
2019-09-25,143.53,143.69,141.12,141.59,3864502.0
2019-09-26,142.14,142.99,141.66,142.24,2386435.0
2019-09-27,142.05,142.96,141.75,142.75,3894699.0
2019-09-30,142.04,143.18,141.85,143.18,2237078.0
2019-10-01,141.52,143.92,140.66,143.65,4029610.0
2019-10-02,143.53,144.27,143.15,143.8,3279834.0
2019-10-03,144.09,145.67,143.8,145.1,4235490.0
2019-10-04,145.4,146.02,145.0,146.01,4003136.0
2019-10-07,145.81,145.81,144.6,144.99,4594958.0
2019-10-08,144.97,145.935,144.62,145.3,4969175.0
2019-10-09,144.92,144.92,143.8,144.62,2539798.0
2019-10-10,143.93,143.93,141.73,141.82,4535049.0
2019-10-11,142.22,142.22,139.72,140.55,8361347.0
2019-10-14,141.81,141.92,141.09,141.3,1559120.0
2019-10-15,141.68,141.76,139.55,139.99,3600698.0
2019-10-16,140.0,140.39,139.34,140.01,2648575.0
2019-10-17,139.64,140.38,139.3,139.89,1982569.0
2019-10-18,139.2,140.23,139.2,139.58,1980373.0
2019-10-21,138.85,138.99,138.23,138.52,2188049.0
2019-10-22,139.0,139.63,138.64,139.55,2239555.0
2019-10-23,140.05,140.31,139.3,139.3,2532926.0
2019-10-24,139.58,140.24,139.0,139.21,2678616.0
2019-10-25,139.19,139.71,138.32,138.66,1702972.0
2019-10-28,137.7,137.9,136.99,137.4,5477293.0
2019-10-29,137.88,137.88,137.17,137.58,1703045.0
2019-10-30,137.71,139.45,137.06,139.4,3573929.0
2019-10-31,139.61,141.67,139.61,141.47,4935526.0
2019-11-01,140.94,141.3,139.8,140.74,4076018.0
2019-11-04,139.7,139.8,138.53,138.64,4023291.0
2019-11-05,138.34,138.34,136.73,137.25,4581481.0
2019-11-06,137.47,138.4,137.34,137.61,2880581.0
2019-11-07,137.17,137.17,134.45,135.44,6286359.0
2019-11-08,135.84,135.95,134.75,135.1,3193306.0
2019-11-11,135.42,135.43,134.64,135.02,1309662.0
2019-11-12,134.98,136.0,134.79,135.29,1681521.0
2019-11-13,136.7,136.95,136.15,136.27,2077914.0
2019-11-14,137.45,138.42,137.19,138.13,2767432.0
2019-11-15,137.55,138.155,137.43,137.83,1485301.0
2019-11-18,137.29,138.61,137.29,137.95,1471350.0
2019-11-19,138.01,139.37,138.01,139.12,3334976.0
2019-11-20,139.84,140.7,139.78,140.6,2474943.0
2019-11-21,140.02,140.13,139.13,139.86,2059345.0
2019-11-22,140.34,140.35,139.67,139.95,1196474.0
2019-11-25,139.79,140.53,139.7,140.4,1192674.0
2019-11-26,140.92,141.31,140.9,141.21,1407955.0
2019-11-27,140.98,141.1,140.15,141.1,1302872.0
2019-11-29,140.72,140.85,139.78,140.55,2190163.0
2019-12-02,138.9,138.9,137.9,138.2,8445377.0
2019-12-03,139.06,141.765,139.06,141.21,3705567.0
2019-12-04,140.53,140.68,139.215,139.83,1883173.0
2019-12-05,139.54,139.62,138.6,138.8,1890655.0
2019-12-06,139.31,139.45,137.8,138.22,2320778.0
2019-12-09,138.67,139.27,138.57,138.68,1628818.0
2019-12-10,139.37,139.53,138.41,138.71,1468027.0
2019-12-11,139.4,140.14,138.8,139.75,2242791.0
2019-12-12,139.49,139.95,136.31,136.42,4366884.0
2019-12-13,137.53,139.61,137.23,139.08,3174148.0
2019-12-16,138.41,138.61,137.43,138.1,1863240.0
2019-12-17,138.39,138.54,137.22,137.8,1456070.0
2019-12-18,137.55,137.59,136.29,136.65,1822771.0
2019-12-19,136.07,136.86,135.55,136.29,1472710.0
2019-12-20,136.07,136.685,135.92,136.5,1302099.0
2019-12-23,137.1,137.13,136.01,136.42,1381549.0
2019-12-24,136.44,137.05,135.85,136.85,1711226.0
2019-12-26,136.85,137.5,136.51,137.29,1446878.0
2019-12-27,137.38,137.63,137.22,137.32,2409159.0
2019-12-30,136.51,136.9,135.46,136.86,2510947.0
2020-01-02,135.89,137.53,135.89,136.77000000000004,2980846.0
2020-01-03,138.44,139.24,137.88,139.2,3705177.0
2020-01-06,139.53,139.69999999999996,138.11,138.11,3256149.0
2020-01-07,138.08000000000004,139.24,137.64,138.99000000000004,2600182.0
2020-01-08,138.36000000000004,138.4,136.1,136.43,3464398.0
2020-01-09,136.39999999999998,137.42999999999998,135.91,137.12000000000003,2125521.0
2020-01-10,137.25,138.50999999999996,136.99999999999997,138.38,2568088.0
2020-01-13,137.81,138.08000000000004,137.40000000000003,137.82,1844655.0
2020-01-14,138.24000000000004,138.77999999999997,137.74999999999997,138.75,2737916.0
2020-01-15,139.17999999999998,139.75000000000003,139.01999999999998,139.67,1670387.0
2020-01-16,139.29999999999998,139.8,138.14999999999998,138.22999999999996,2548200.0
2020-01-17,138.01,138.28000000000003,137.32,138.18,2742485.0
2020-01-21,138.76,139.65999999999997,138.42999999999998,139.31,1912943.0
2020-01-22,139.49999999999997,140.13,139.21,140.12,1511944.0
2020-01-23,140.74000000000004,141.38,140.36999999999998,141.07,2494488.0
2020-01-24,140.75,142.82,140.71,142.78,2254647.0
2020-01-27,143.48,144.38,143.14,144.04,2751596.0
2020-01-28,144.81,145.01,142.64,143.01,3268039.0
2020-01-29,143.73,144.85,143.3,144.5,3360131.0
2020-01-30,144.93999999999997,145.65,144.1,144.34999999999997,3558485.0
2020-01-31,145.0,145.99000000000004,144.89999999999998,145.49999999999997,3621662.0
2020-02-03,144.81,145.85,144.13,145.85,5247485.0
2020-02-04,144.3,144.30999999999997,143.06,143.40000000000003,3144420.0
2020-02-05,143.01,143.01,141.91,142.03999999999996,3271927.0
2020-02-06,141.88999999999996,142.87999999999997,141.88999999999996,142.79999999999998,2202719.0
2020-02-07,143.60000000000002,144.73,143.18999999999997,144.65,3460017.0
2020-02-10,144.78999999999996,145.25,144.5,144.58999999999995,2021786.0
2020-02-11,144.4,144.71000000000004,143.94999999999996,143.96000000000004,2309511.0
2020-02-12,143.25000000000003,143.88000000000002,142.98999999999998,143.85,2143458.0
2020-02-13,144.65,144.73999999999998,143.26999999999998,144.06,2429078.0
2020-02-14,144.42,145.08000000000004,144.34999999999997,144.66999999999996,3118670.0
2020-02-18,146.0,146.04999999999998,144.92,145.35,2613055.0
2020-02-19,145.64,145.92,144.85,145.25999999999996,1752897.0
2020-02-20,145.63,146.94000000000003,145.63,146.94000000000003,3862435.0
2020-02-21,147.71999999999997,148.875,147.54,148.1,3786376.0
2020-02-24,150.09000000000003,150.96,149.74000000000004,150.1,4372938.0
2020-02-25,150.08000000000004,151.75000000000003,149.98999999999998,150.93999999999997,6964265.0
2020-02-26,151.2,151.72,149.58,150.84000000000003,7360118.0
2020-02-27,151.40000000000003,153.08,150.84000000000003,152.09999999999997,7513569.0
2020-02-28,153.4,155.97,153.24999999999997,154.99999999999997,11362633.0
2020-03-02,155.42,156.5,153.23,153.6,9152805.0
2020-03-03,153.91,159.68999999999997,152.41999999999996,156.66,9308316.0
2020-03-04,157.39,158.59000000000003,153.59,154.36,6730807.0
2020-03-05,156.2,158.82000000000002,155.88000000000002,158.25999999999996,5395994.0
2020-03-06,162.81,169.28000000000003,162.7,165.26,26420721.0
2020-03-09,179.73,181.4,170.29999999999998,170.29999999999998,12740957.0
2020-03-10,170.31000000000003,172.93000000000004,162.0,165.75,13923879.0
2020-03-11,166.79999999999998,167.94,154.99999999999997,157.03,9612863.0
2020-03-12,159.99999999999997,166.36,155.66,158.09999999999997,8460579.0
2020-03-13,155.50999999999996,158.19000000000003,152.19,154.61000000000004,6735169.0
2020-03-16,158.98,165.34,157.69999999999996,162.0,9231796.0
2020-03-17,162.0,165.63,151.6,154.5,6507104.0
2020-03-18,149.44,154.11,139.05999999999997,147.9,9330262.0
2020-03-19,146.61,153.44999999999996,145.08000000000004,148.23999999999998,6221701.0
2020-03-20,151.83000000000004,159.99999999999997,151.49999999999997,159.98,7812453.0
2020-03-23,160.25,166.7,156.24000000000004,165.0,5451578.0
2020-03-24,163.05,165.44999999999996,160.41000000000005,163.45,3261858.0
2020-03-25,162.92,166.69000000000003,161.63999999999996,162.76,2875418.0
2020-03-26,165.46000000000004,165.68999999999997,161.54999999999998,161.94999999999996,2782180.0
2020-03-27,164.25999999999996,168.46,164.17,168.22999999999996,3025042.0
2020-03-30,168.97999999999996,170.11000000000004,165.44,165.96999999999997,3869231.0
2020-03-31,166.09000000000003,166.91999999999996,164.56,165.2,3648284.0
2020-04-01,166.82,169.19,166.26,168.80000000000004,4152818.0
2020-04-02,168.81,169.21000000000004,167.26999999999998,169.00000000000003,1646056.0
2020-04-03,168.38,170.33,168.1,168.5,2286699.0
2020-04-06,167.69,168.26999999999998,166.55000000000004,167.70999999999998,2699981.0
2020-04-07,165.32,167.26,163.71000000000004,166.25,3429708.0
2020-04-08,165.96999999999997,166.30000000000004,164.32,165.48,3033666.0
2020-04-09,164.44,165.99999999999997,163.77999999999997,165.44999999999996,4026926.0
2020-04-13,165.6,165.71000000000004,163.2,163.61,2575339.0
2020-04-14,163.89999999999998,164.72999999999996,163.48,163.89999999999998,2317894.0
2020-04-15,165.52,168.6,164.64999999999998,168.02000000000004,3011510.0
2020-04-16,167.61000000000004,170.31000000000003,166.59999999999997,167.5,2224679.0
2020-04-17,168.62999999999997,170.84,167.26999999999998,167.86999999999998,3170223.0
2020-04-20,167.81000000000003,169.49999999999997,167.65,168.48,1937160.0
2020-04-21,170.44999999999996,172.17,169.55000000000004,171.0,2111460.0
2020-04-22,170.47000000000003,170.47000000000003,168.70500000000004,169.69999999999996,2037775.0
2020-04-23,169.86,171.15000000000003,169.13999999999996,170.90000000000003,1907838.0
2020-04-24,170.61,170.96999999999997,169.57999999999998,170.96999999999997,1808413.0
2020-04-27,170.48999999999998,170.48999999999998,167.3,167.36,2516997.0
2020-04-28,167.7,169.84000000000003,167.49000000000004,168.65000000000003,2833439.0
2020-04-29,169.89999999999998,170.29999999999998,167.96000000000004,168.25,2585980.0
2020-04-30,167.72,169.22999999999996,166.71,167.80000000000004,3330258.0
2020-05-01,168.05000000000004,168.18999999999997,166.45,167.78999999999996,3262303.0
2020-05-04,168.7,168.85,166.47999999999996,167.15999999999997,2879537.0
2020-05-05,165.98,166.26,165.27,166.09000000000003,2384557.0
2020-05-06,165.43000000000004,165.43000000000004,162.05499999999998,163.8,3673216.0
2020-05-07,162.58,166.37000000000003,162.58,165.30000000000004,2848707.0
2020-05-08,166.14,166.50000000000003,163.68000000000004,163.71000000000004,2429521.0
2020-05-11,163.19,164.2,162.09499999999997,162.80000000000004,2482804.0
2020-05-12,163.4,165.2,162.84,164.64,2267931.0
2020-05-13,165.30000000000004,166.29000000000002,164.83000000000004,165.55,2589934.0
2020-05-14,167.02,168.14999999999998,166.99999999999997,167.41,3059118.0
2020-05-15,167.5,168.74999999999997,166.33000000000004,166.7,1989203.0
2020-05-18,166.57000000000002,166.57000000000002,162.42500000000004,162.90999999999997,2908565.0
2020-05-19,163.09,163.92,162.2,163.69999999999996,2843730.0
2020-05-20,163.89999999999998,164.7,162.89,164.15,2893575.0
2020-05-21,164.59000000000003,165.36,164.29,164.80999999999997,2766233.0
2020-05-22,165.39,166.02000000000004,164.62000000000003,165.50000000000003,1605537.0
2020-05-26,164.58000000000004,164.58000000000004,162.80000000000004,163.28000000000003,3179478.0
2020-05-27,163.32,163.89999999999998,161.9,162.65000000000003,2503138.0
2020-05-28,162.80000000000004,163.00000000000003,161.66,162.56,3065457.0
2020-05-29,163.4,164.09,162.355,163.91000000000005,4688352.0
2020-06-01,163.16,163.16,161.68000000000004,162.42,3297656.0
2020-06-02,161.92,162.09000000000003,161.06,161.34999999999997,4086417.0
2020-06-03,160.79,161.26999999999998,158.94000000000003,159.84999999999997,3390211.0
2020-06-04,160.25,160.43,156.88,157.24,4330680.0
2020-06-05,156.39,156.49,153.16999999999996,155.81000000000003,4688093.0
2020-06-08,155.73,156.88,154.59999999999997,156.70999999999998,2839327.0
2020-06-09,157.99000000000004,159.64,157.75000000000003,159.07,2957037.0
2020-06-10,159.18000000000004,161.53000000000003,158.94000000000003,161.3,3757532.0
2020-06-11,162.0,164.23,161.5,163.88,5532815.0
2020-06-12,162.77999999999997,163.65,161.98999999999998,162.42,2580724.0
2020-06-15,163.89999999999998,164.29999999999998,162.0,162.0,2266442.0
2020-06-16,161.45,161.45,158.7,159.99999999999997,3937668.0
2020-06-17,159.9,160.77000000000004,159.28999999999996,160.57,2123298.0
2020-06-18,161.43999999999997,162.46999999999997,161.43999999999997,162.08000000000004,2787484.0
2020-06-19,161.49000000000004,162.95,160.37000000000003,162.64,2386093.0
2020-06-22,162.02000000000004,163.41,162.0,162.33,2757772.0
2020-06-23,161.97,162.05499999999998,161.11999999999998,161.98,2837050.0
2020-06-24,161.31999999999996,163.47,161.05000000000004,163.21000000000004,2875681.0
2020-06-25,163.76,164.35,163.00000000000003,163.85,3195507.0
2020-06-26,163.6,165.95,163.6,165.94000000000003,2262651.0
2020-06-29,165.0,165.27,164.37999999999997,164.84999999999997,1860716.0
2020-06-30,164.72999999999996,165.50000000000003,163.16,163.81,4911087.0
2020-07-01,163.24,163.84000000000003,162.14999999999998,163.4,4147106.0
2020-07-02,163.21000000000004,163.88,161.97,163.72,2047235.0
2020-07-06,162.7,163.12,161.63999999999996,163.12,1947890.0
2020-07-07,163.09999999999997,165.32999999999998,163.09999999999997,164.90000000000003,4206869.0
2020-07-08,165.18000000000004,165.18000000000004,163.83000000000004,164.52999999999997,2123168.0
2020-07-09,164.56999999999996,167.43999999999997,164.42,166.90000000000003,3505597.0
2020-07-10,168.21,169.09,166.15999999999997,166.49000000000004,2352819.0
2020-07-13,166.22000000000003,168.0,165.24,167.54999999999998,2275315.0
2020-07-14,167.38999999999996,168.14,165.30000000000004,165.71999999999997,4648931.0
2020-07-15,167.11,167.11,165.61,166.25,2150321.0
2020-07-16,167.1,167.75999999999996,166.45,167.03999999999996,2566152.0
2020-07-17,167.13,167.70999999999998,166.47,166.63999999999996,1911711.0
2020-07-20,166.97000000000003,167.74000000000004,166.79999999999998,167.74000000000004,1592719.0
2020-07-21,167.01,167.7,166.57000000000002,167.21000000000004,3341679.0
2020-07-22,167.58999999999995,168.46,167.54,167.54999999999998,2191882.0
2020-07-23,167.77000000000004,170.05,167.77000000000004,169.84000000000003,3321247.0
2020-07-24,170.01999999999998,170.21999999999997,168.80000000000004,169.8,2166475.0
2020-07-27,170.15,170.72999999999996,168.76,169.15000000000003,2086235.0
2020-07-28,168.49,170.52000000000004,168.49,170.47000000000003,2835535.0
2020-07-29,170.09,170.385,168.97999999999996,169.89999999999998,1789041.0
2020-07-30,170.33999999999995,171.28999999999996,170.33999999999995,170.35,4488923.0
2020-07-31,171.16,171.44999999999996,169.95,170.96000000000004,2786814.0
2020-08-03,170.64999999999998,170.64999999999998,168.97,169.35000000000002,2623157.0
2020-08-04,169.75,171.86000000000004,169.75,171.86000000000004,3771650.0
2020-08-05,170.99,171.36999999999998,169.53999999999996,170.0,2039560.0
2020-08-06,171.35,172.23999999999998,170.62000000000003,170.96999999999997,3460862.0
2020-08-07,171.62,171.75,169.59000000000003,170.09999999999997,2310985.0
2020-08-10,169.89999999999998,170.33999999999995,168.6,168.6,1913761.0
2020-08-11,168.80000000000004,168.80000000000004,165.875,166.39,6287600.0
2020-08-12,165.26,166.06499999999997,164.99,165.11000000000004,3983919.0
2020-08-13,166.08,166.23999999999998,163.16499999999996,164.09999999999997,4043023.0
2020-08-14,164.29999999999998,164.29999999999998,163.13999999999996,163.69,1866951.0
2020-08-17,163.53,164.46000000000004,163.29999999999998,163.77,3417042.0
2020-08-18,164.40999999999997,164.87000000000003,163.68000000000004,164.86000000000004,2709182.0
2020-08-19,164.98,165.68999999999997,163.29999999999998,164.01999999999998,2891918.0
2020-08-20,164.43,165.64999999999998,164.43,165.32999999999998,3154731.0
2020-08-21,165.95,166.43999999999997,165.02000000000004,166.15999999999997,2134101.0
2020-08-24,166.26,166.97000000000003,165.86000000000004,165.92999999999998,1812565.0
2020-08-25,165.24999999999997,165.24999999999997,163.83499999999998,164.67,3810336.0
2020-08-26,164.01,164.325,163.28000000000003,164.24999999999997,1968755.0
2020-08-27,164.31000000000003,165.56,160.5,160.82,6013989.0
2020-08-28,160.59,162.05000000000004,159.99999999999997,161.53000000000003,2589084.0
2020-08-31,161.11999999999998,163.25,160.82,162.26,3090443.0
2020-09-01,162.08000000000004,164.07,161.14999999999998,163.89999999999998,3447699.0
2020-09-02,163.83000000000004,165.56,163.12,165.43000000000004,5360923.0
2020-09-03,165.19,167.23500000000004,164.88,166.46,4555672.0
2020-09-04,165.64999999999998,165.76999999999998,162.28,162.28,4959147.0
2020-09-08,163.53999999999996,165.26,163.49999999999997,164.64,4719705.0
2020-09-09,164.6,164.6,162.76,163.4,3324470.0
2020-09-10,163.03,164.36,161.96000000000004,163.97,2476891.0
2020-09-11,163.73,164.76,163.55000000000004,164.76,1876681.0
2020-09-14,164.15,165.07,164.15,164.52999999999997,1376574.0
2020-09-15,163.97,164.46000000000004,163.77,163.77,2719548.0
2020-09-16,164.63,164.96000000000004,163.00000000000003,163.37,2419665.0
2020-09-17,164.17999999999998,165.34,163.73999999999998,164.01,3394867.0
2020-09-18,164.40999999999997,164.68999999999997,163.33999999999995,163.39,1799579.0
2020-09-21,164.44999999999996,165.4,164.05999999999997,164.43,2328792.0
2020-09-22,164.40000000000003,164.88,163.87,164.24999999999997,2352795.0
2020-09-23,164.40999999999997,164.6,163.48,164.48,1783183.0
2020-09-24,164.68000000000004,165.16,164.63,165.0,3123805.0
2020-09-25,165.35,165.50000000000003,164.29,164.80000000000004,1916286.0
2020-09-28,164.35,164.94000000000003,164.29999999999998,164.66000000000005,1391932.0
2020-09-29,164.98,165.24,164.51,164.63,2912742.0
2020-09-30,164.58000000000004,164.80999999999997,162.54999999999998,163.37999999999997,4423445.0
2020-10-01,162.99000000000004,163.73999999999998,162.09000000000003,163.33999999999995,3052322.0
2020-10-02,163.87,164.29,162.18999999999997,162.64,2400480.0
2020-10-05,162.17,162.33,159.2,159.52999999999997,4189357.0
2020-10-06,159.44999999999996,161.39999999999998,158.48999999999998,160.75999999999996,5846924.0
2020-10-07,160.11,160.41000000000005,158.86000000000004,159.26,2956887.0
2020-10-08,159.91,160.25,159.35,159.66,2581931.0
2020-10-09,160.05000000000004,160.45,158.80999999999997,160.13000000000002,2333718.0
2020-10-12,160.02000000000004,160.67999999999998,160.02000000000004,160.67999999999998,1056804.0
2020-10-13,160.67999999999998,161.97,160.59999999999997,161.86999999999998,2586073.0
2020-10-14,162.61,162.72000000000003,161.74999999999997,162.1,1484391.0
2020-10-15,162.93999999999997,163.53,161.65,161.66,3241354.0
2020-10-16,161.9,162.32,160.71,161.01,2281578.0
2020-10-19,160.35,160.97000000000003,160.05000000000004,160.35,2785552.0
2020-10-20,160.19999999999996,160.19999999999996,158.96000000000004,159.4,3566414.0
2020-10-21,158.78,159.36999999999998,158.13,158.35,2346388.0
2020-10-22,158.90000000000003,159.08,156.73999999999998,157.00000000000003,2780306.0
2020-10-23,156.7,158.20999999999998,156.61999999999998,158.13,2704357.0
2020-10-26,159.35,160.00999999999996,158.53999999999996,159.75,2017604.0
2020-10-27,159.50000000000003,161.3,159.50000000000003,161.3,2224689.0
2020-10-28,161.43999999999997,161.61000000000004,160.03999999999996,160.31,3448599.0
2020-10-29,160.7,160.99999999999997,158.47499999999997,159.78000000000003,4087583.0
2020-10-30,159.40999999999997,159.71000000000004,157.56000000000003,157.89,4530669.0
2020-11-02,157.73999999999998,159.19,157.73999999999998,158.25999999999996,4371805.0
2020-11-03,157.93,158.5,156.0,156.32,4091552.0
2020-11-04,159.88999999999996,162.37000000000003,159.74000000000004,161.47999999999996,6276651.0
2020-11-05,163.09999999999997,163.09999999999997,160.57,162.1,5307899.0
2020-11-06,161.25000000000003,161.25000000000003,158.95,159.43000000000004,3279247.0
2020-11-09,159.79999999999998,159.79999999999998,154.63,155.7,5677726.0
2020-11-10,156.42,156.42,154.78,155.11,3796376.0
2020-11-11,154.71999999999997,155.93,154.5,155.74000000000004,1240766.0
2020-11-12,156.11,158.44,156.11,158.36999999999998,4392964.0
2020-11-13,158.40000000000003,158.76,157.87,158.13,1713063.0
2020-11-16,158.62000000000003,158.88999999999996,156.99000000000004,157.6,1663347.0
2020-11-17,158.17,159.35,158.16,159.35,2650957.0
2020-11-18,159.59,159.83999999999995,158.35,159.42,2116559.0
2020-11-19,159.99000000000004,161.23999999999998,159.7,161.19999999999996,3303135.0
2020-11-20,160.7,161.84000000000003,160.39,161.41,1931241.0
2020-11-23,160.63,160.99999999999997,160.05000000000004,160.05000000000004,3541619.0
2020-11-24,160.43,160.49000000000004,158.98,159.10000000000002,3380131.0
2020-11-25,159.64999999999998,159.9,158.44,158.82000000000002,2791898.0
2020-11-27,158.95,160.31999999999996,158.87000000000003,160.16999999999996,1698865.0
2020-11-30,160.39999999999998,160.58000000000004,159.71000000000004,160.37000000000003,4741323.0
2020-12-01,159.91999999999996,159.91999999999996,156.68,157.69999999999996,3443734.0
2020-12-02,157.28000000000003,157.51,155.48,156.48,3859006.0
2020-12-03,156.89999999999998,157.81999999999996,156.44000000000003,157.49000000000004,3255074.0
2020-12-04,157.09999999999997,157.77,154.77000000000004,155.60000000000002,3998693.0
2020-12-07,155.98,156.88,155.98,156.80000000000004,3084744.0
2020-12-08,156.56,158.07,156.50999999999996,157.11000000000004,2014177.0
2020-12-09,156.84,157.30500000000004,156.02000000000004,156.77,2103204.0
2020-12-10,157.24,158.52999999999997,156.83000000000004,158.48,3559285.0
2020-12-11,158.90000000000003,159.39,158.33,158.64999999999998,1781023.0
2020-12-14,157.77999999999997,158.68000000000004,156.97,158.40000000000003,1783137.0
2020-12-15,158.33,158.48999999999998,157.31,157.84000000000003,1974469.0
2020-12-16,157.15000000000003,157.89,156.2,157.01,2660197.0
2020-12-17,157.6,158.44999999999996,156.44000000000003,156.86,2797022.0
2020-12-18,156.80000000000004,157.37,156.18,156.21,1933522.0
2020-12-21,157.95,158.19000000000003,156.45,157.12000000000003,3315009.0
2020-12-22,156.99000000000004,157.81999999999996,156.89,157.53999999999996,2796371.0
2020-12-23,157.28000000000003,157.69,155.46000000000004,156.52000000000004,2320031.0
2020-12-24,156.72000000000003,157.49000000000004,156.72000000000003,157.35000000000002,967965.0
2020-12-28,156.22,157.49999999999997,155.85,157.32,2365521.0
2020-12-29,156.73,157.32,156.36000000000004,157.09999999999997,3319593.0
2020-12-30,156.39,157.88,156.39,157.88,2197914.0
2020-12-31,157.36000000000004,158.08,157.09,157.75000000000003,2187345.0
2021-01-04,157.49000000000004,158.17,156.54,157.61999999999998,4156253.0
2021-01-05,157.03,157.31,155.66,156.44000000000003,3329340.0
2021-01-06,154.59,154.59,152.30000000000004,153.16,7653778.0
2021-01-07,152.84999999999997,153.0,151.25999999999996,151.88,5309300.0
2021-01-08,151.81,152.40999999999997,150.67,151.23,3795873.0
2021-01-11,151.19000000000003,151.97,150.5,151.00000000000003,2196926.0
2021-01-12,150.68,151.40000000000003,149.92499999999998,151.33999999999995,3277309.0
2021-01-13,151.16,153.06499999999997,151.13,152.72999999999996,3524400.0
2021-01-14,152.58000000000004,152.74000000000004,150.78999999999996,151.07000000000002,3748303.0
2021-01-15,151.69999999999996,152.36,151.49999999999997,151.97999999999996,3505134.0
2021-01-19,151.81999999999996,152.39,151.41999999999996,152.30000000000004,3068960.0
2021-01-20,152.2,152.64,151.79,152.40999999999997,1364699.0
2021-01-21,152.17999999999998,152.94000000000003,151.04,151.2,2758226.0
2021-01-22,151.77999999999997,152.28999999999996,151.43000000000004,151.71000000000004,1939764.0
2021-01-25,152.30000000000004,153.68999999999997,152.30000000000004,153.48,2951329.0
2021-01-26,153.04999999999998,153.64,152.92,153.51999999999998,2592835.0
2021-01-27,153.2,154.5,153.16999999999996,153.67999999999998,2502755.0
2021-01-28,154.59999999999997,154.59999999999997,152.17,152.80999999999997,3161061.0
2021-01-29,152.59000000000003,152.63,151.21000000000004,152.09999999999997,4828927.0
2021-02-01,151.35000000000002,152.36,151.35000000000002,151.6,2467138.0
2021-02-02,151.2,151.2,150.42999999999998,150.67,2867770.0
2021-02-03,150.80000000000004,150.80000000000004,149.46999999999997,149.49,2491742.0
2021-02-04,149.68000000000004,149.82999999999998,148.81,149.2,2902839.0
2021-02-05,149.27999999999997,149.56,147.91999999999996,148.23999999999998,3107840.0
2021-02-08,147.79999999999998,149.265,147.51,148.87999999999997,4215451.0
2021-02-09,149.45,149.66999999999996,148.66,148.79999999999998,1373243.0
2021-02-10,148.64,149.94,148.41000000000005,149.57,2253482.0
2021-02-11,150.05,150.09000000000003,148.7,148.81,3902302.0
2021-02-12,148.99999999999997,148.99999999999997,147.03,147.19,3629966.0
2021-02-16,146.88,146.99,144.57,144.57,5757931.0
2021-02-17,145.45,146.38000000000002,144.62999999999997,145.81999999999996,2874692.0
2021-02-18,145.81,145.81,144.32,144.89999999999998,2844982.0
2021-02-19,145.21,145.21,142.86,143.38,3479131.0
2021-02-22,142.59999999999997,143.74000000000004,141.71999999999997,142.29,3573039.0
2021-02-23,141.56999999999996,142.5,141.15000000000003,142.18,3475449.0
2021-02-24,142.11,142.18,139.16,141.0,4323467.0
2021-02-25,139.23,139.92,136.61000000000004,138.52000000000004,12772160.0
2021-02-26,139.6,143.49,139.07,142.75,12235849.0
2021-03-01,141.67,141.67,140.04999999999998,141.08,5468327.0
2021-03-02,140.46000000000004,141.30000000000004,139.89999999999998,141.00999999999996,3467743.0
2021-03-03,140.20999999999998,140.28999999999996,138.765,138.91000000000005,4729609.0
2021-03-04,140.17,140.22,137.86000000000004,137.92,6402357.0
2021-03-05,138.21000000000004,139.63,137.1,139.53,4810520.0
2021-03-08,138.22,139.01,137.62,138.11,3830776.0
2021-03-09,139.49999999999997,140.2,138.97,140.03000000000003,3671685.0
2021-03-10,139.41,140.18000000000004,139.04,140.18000000000004,3244112.0
2021-03-11,140.4,140.7,138.3,138.3,3795024.0
2021-03-12,137.5,137.5,135.65000000000003,136.07999999999998,5692349.0
2021-03-15,136.19999999999996,137.1,135.95,136.83,2861851.0
2021-03-16,136.7,137.18,135.75999999999996,136.03999999999996,4716149.0
2021-03-17,136.26,136.26,134.15,134.87000000000003,6447047.0
2021-03-18,133.49999999999997,134.48999999999998,132.72,134.32,6728422.0
2021-03-19,135.45,135.59,133.81,134.68,4482051.0
2021-03-22,135.7,136.41000000000005,135.36999999999998,136.15,4410571.0
2021-03-23,136.79999999999998,137.7,136.15999999999997,137.7,4709794.0
2021-03-24,137.97,138.275,136.95,138.22,3119268.0
2021-03-25,138.18999999999997,138.655,136.78,137.24000000000004,6472653.0
2021-03-26,136.31999999999996,137.23,135.85000000000002,136.19999999999996,2298645.0
2021-03-29,136.79999999999998,137.24000000000004,134.96999999999997,135.40999999999997,3510653.0
2021-03-30,134.51,136.59999999999997,134.5,136.55999999999997,3808723.0
2021-03-31,135.95,136.58500000000004,134.99,135.59,5329786.0
2021-04-01,136.19,137.61000000000004,136.14,137.3,5071818.0
2021-04-05,136.5,137.05000000000004,135.9,136.57,2125844.0
2021-04-06,136.57,137.98,136.57,137.89,2691246.0
2021-04-07,138.16,138.16,136.71,136.98,2630658.0
2021-04-08,137.29,138.3,136.99999999999997,138.11,2584071.0
2021-04-09,137.52000000000004,138.18999999999997,136.91,137.89,2430789.0
2021-04-12,137.94999999999996,137.98999999999998,137.1,137.42,2194918.0
2021-04-13,137.1,138.54,136.99999999999997,138.5,4203024.0
2021-04-14,138.18999999999997,138.38,137.57,138.2,1832617.0
2021-04-15,138.14,140.98,138.14,139.35,8001595.0
2021-04-16,139.49999999999997,140.24999999999997,138.83000000000004,138.83000000000004,3961170.0
2021-04-19,139.49999999999997,140.01,138.55000000000004,138.80000000000004,2758556.0
2021-04-20,138.1,139.88,138.1,139.59,2751289.0
2021-04-21,139.25,139.905,139.07,139.89,3353260.0
2021-04-22,139.69999999999996,140.64,139.2,140.48999999999998,4412995.0
2021-04-23,140.0,140.72,139.49999999999997,140.11000000000004,3833086.0
2021-04-26,139.75000000000003,140.5,139.2,140.01,2506488.0
2021-04-27,139.67,140.0,138.38999999999996,138.54,5795687.0
2021-04-28,138.06999999999996,138.88,137.96000000000004,138.5,4214632.0
2021-04-29,138.12,138.54,137.13,138.33,6324196.0
2021-04-30,138.33,138.78999999999996,137.98,138.48,4644714.0
2021-05-03,138.13,139.64,137.54999999999998,138.55000000000004,5021004.0
2021-05-04,138.37,140.16,138.37,139.49999999999997,6261373.0
2021-05-05,139.08000000000004,139.97,138.56000000000003,139.89,3168228.0
2021-05-06,139.69,140.19,139.21,139.93999999999997,6094042.0
2021-05-07,139.73,141.67,138.85,139.07,5016223.0
2021-05-10,138.3,139.24499999999998,137.64,137.74999999999997,3999273.0
2021-05-11,137.52000000000004,138.00000000000003,136.77000000000004,137.1,4571843.0
2021-05-12,137.41,137.78999999999996,135.22000000000003,135.22000000000003,5935239.0
2021-05-13,135.55,136.36,135.24999999999997,135.7,4250747.0
2021-05-14,136.49000000000004,137.13,136.22,136.98999999999998,6479632.0
2021-05-17,137.19999999999996,137.32,136.39999999999998,136.41000000000005,1878865.0
2021-05-18,136.5,136.91,136.07,136.39999999999998,4789223.0
2021-05-19,136.03999999999996,137.29,135.62,135.99000000000004,4164636.0
2021-05-20,136.55,137.5,136.23,137.5,3954927.0
2021-05-21,137.23,137.74999999999997,137.06,137.70999999999998,3535512.0
2021-05-24,137.74999999999997,138.57999999999998,137.68000000000004,138.18,2113520.0
2021-05-25,138.62999999999997,139.93999999999997,138.38,139.93999999999997,2954401.0
2021-05-26,139.45999999999998,139.89999999999998,138.88,139.0,2462692.0
2021-05-27,139.0,139.09999999999997,137.98999999999998,138.55000000000004,3054793.0
2021-05-28,138.55000000000004,139.29999999999998,138.34,138.48,2857745.0
2021-06-01,137.94999999999996,138.34999999999997,137.25499999999997,138.3,3707679.0
2021-06-02,138.34999999999997,138.78999999999996,138.22,138.34999999999997,2969267.0
2021-06-03,138.53,138.71000000000004,137.85,138.4,4473890.0
2021-06-04,138.08000000000004,140.0,137.6,140.0,4576931.0
2021-06-07,139.41999999999996,139.69999999999996,139.15000000000003,139.6,2026633.0
2021-06-08,139.81,140.92999999999998,139.81,140.64999999999998,3795241.0
2021-06-09,140.68999999999997,142.15,140.68999999999997,141.67999999999998,3272882.0
2021-06-10,141.68999999999997,142.93,140.51,142.79,6158614.0
2021-06-11,142.43,142.89,141.845,142.51,2344642.0
2021-06-14,142.3,142.37,141.0,141.0,3137454.0
2021-06-15,141.22000000000003,141.32999999999998,140.48,141.04999999999998,4171733.0
2021-06-16,141.04999999999998,141.67,140.20999999999998,140.4,6538953.0
2021-06-17,141.08999999999995,144.92499999999998,140.44,143.58999999999995,11520709.0
2021-06-18,144.12,146.04,143.13,145.73,7765761.0
2021-06-21,145.61999999999998,145.61999999999998,142.87,143.29,4792042.0
2021-06-22,143.29,143.9,142.135,143.60000000000002,4347433.0
2021-06-23,143.3,143.58,142.71,143.26999999999998,3994505.0
2021-06-24,142.99999999999997,143.89500000000004,142.99999999999997,143.2,2727657.0
2021-06-25,143.57,143.93,141.36999999999998,141.99999999999997,4312652.0
2021-06-28,142.3,144.0,142.3,143.46999999999997,4180235.0
2021-06-29,143.46999999999997,143.80000000000004,142.69000000000003,143.78999999999996,4395969.0
2021-06-30,144.14,144.92,143.7,143.82,4472817.0
2021-07-01,143.34999999999997,144.6,143.3,144.58999999999995,2840821.0
2021-07-02,144.7,145.2,144.11500000000004,145.15000000000003,2860645.0
2021-07-06,144.84000000000003,146.98,144.84000000000003,146.96999999999997,6764039.0
2021-07-07,147.2,148.55999999999997,146.56999999999996,148.03999999999996,5968633.0
2021-07-08,149.38999999999996,150.3,148.06000000000003,148.18,4691822.0
2021-07-09,147.24999999999997,147.36,146.2,146.2,4216960.0
2021-07-12,147.31,147.47,146.17,146.30000000000004,3291409.0
2021-07-13,146.4,147.46,144.64,144.89999999999998,6096879.0
2021-07-14,145.51,147.26,145.48,147.0,4054272.0
2021-07-15,147.79999999999998,148.59999999999997,147.03,148.5,6409435.0
2021-07-16,147.6,148.5,147.32,148.29,4419258.0
2021-07-19,149.07,151.95,149.07,150.84000000000003,11854201.0
2021-07-20,150.58,152.71,149.60000000000002,149.72,7012845.0
2021-07-21,149.01,149.30999999999997,147.24999999999997,148.25,5515394.0
2021-07-22,148.1,149.80000000000004,147.44999999999996,149.38999999999996,5293233.0
2021-07-23,148.55,148.91,147.78000000000003,148.59999999999997,2947637.0
2021-07-26,150.0,150.0,147.79999999999998,147.81,2841867.0
2021-07-27,148.71999999999997,149.68000000000004,148.59999999999997,149.54999999999998,4233158.0
2021-07-28,148.99999999999997,149.80000000000004,148.27000000000004,149.80000000000004,3901985.0
2021-07-29,149.54,149.54,148.3,148.7,4212174.0
2021-07-30,149.17,149.77,148.63,149.77,3863319.0
2021-08-02,148.71999999999997,151.225,148.71999999999997,150.77000000000004,6682924.0
2021-08-03,150.77000000000004,151.23,150.04,150.30999999999997,3970442.0
2021-08-04,150.64,151.815,149.72,151.24,4968228.0
2021-08-05,150.73999999999998,151.40000000000003,150.0,150.18,4494040.0
2021-08-06,149.82,149.82,147.6,147.71000000000004,6890980.0
2021-08-09,147.78000000000003,148.55999999999997,147.07,147.23,3453152.0
2021-08-10,147.4,147.58000000000004,146.24000000000004,146.24000000000004,4216784.0
2021-08-11,146.05999999999997,147.22000000000003,145.71000000000004,146.28999999999996,4481136.0
2021-08-12,146.48,146.48,145.43000000000004,146.24999999999997,4344999.0
2021-08-13,146.76,148.98999999999998,146.46000000000004,148.65,6262981.0
2021-08-16,148.79999999999998,150.01499999999996,148.45,148.66,5820408.0
2021-08-17,149.66,149.85,148.66,148.98999999999998,4096490.0
2021-08-18,148.86,149.77,148.46,149.77,2872928.0
2021-08-19,150.58999999999995,150.97999999999996,149.81000000000003,150.46,4037558.0
2021-08-20,150.46999999999997,150.95,150.12,150.53,3162113.0
2021-08-23,149.90999999999997,150.49,149.70999999999998,150.42,2882754.0
2021-08-24,150.18,150.25,148.75,148.78,3532202.0
2021-08-25,149.27999999999997,149.45,147.36999999999998,147.93000000000004,4714615.0
2021-08-26,147.99999999999997,148.57,147.30000000000004,148.06000000000003,4921245.0
2021-08-27,148.43,149.48,148.25,149.07999999999998,5018978.0
2021-08-30,149.2,149.9,148.78,149.7,2719234.0
2021-08-31,149.81000000000003,150.08499999999998,148.51,148.61000000000004,4953764.0
2021-09-01,148.15999999999997,149.38,148.14,149.11,3515348.0
2021-09-02,149.45,149.58999999999995,148.75,149.40000000000003,3740752.0
2021-09-03,149.29,149.9,147.94,148.14,3818396.0
2021-09-07,147.79999999999998,147.79999999999998,146.66000000000005,146.88999999999996,5814691.0
2021-09-08,147.67,148.18,147.39,147.81,5217011.0
2021-09-09,148.35,149.9,147.77000000000004,149.68000000000004,5679226.0
2021-09-10,149.11,149.17,148.15999999999997,148.53,4511840.0
2021-09-13,148.58,149.49,148.58,149.42,4829260.0
2021-09-14,148.99999999999997,151.57,148.59,150.66,5632787.0
2021-09-15,151.11000000000004,151.75000000000003,149.93,150.74999999999997,3603515.0
2021-09-16,150.25,150.57,149.5,149.97,2964625.0
2021-09-17,149.96000000000004,150.14999999999998,148.71,149.22,4062408.0
2021-09-20,150.21,151.36499999999998,150.21,151.05000000000004,3976120.0
2021-09-21,150.05,150.97,150.02000000000004,150.97,2765728.0
2021-09-22,150.34999999999997,152.2,150.26999999999998,152.03000000000003,5559620.0
2021-09-23,151.44,151.77999999999997,147.99999999999997,148.25,6136813.0
2021-09-24,148.47999999999996,148.98999999999998,146.735,146.88999999999996,5494955.0
2021-09-27,147.00999999999996,147.00999999999996,145.33000000000004,146.36999999999998,3113155.0
2021-09-28,145.25,145.29999999999998,143.64,143.86999999999998,7370585.0
2021-09-29,144.65,145.425,143.69,144.96,6865170.0
2021-09-30,144.74999999999997,145.32,143.66,144.81,5231141.0
2021-10-01,144.77999999999997,145.8,144.2,145.49999999999997,6696320.0
2021-10-04,144.7,145.45999999999998,144.1,145.2,5988435.0
2021-10-05,144.97999999999996,145.0,143.40000000000003,143.5,5220707.0
2021-10-06,142.94,144.71000000000004,142.78,144.06999999999996,4707121.0
2021-10-07,144.44,144.44,142.59,142.99999999999997,4057283.0
2021-10-08,142.22,143.11,141.52999999999997,141.71000000000004,4194787.0
2021-10-11,141.71999999999997,141.9,141.15000000000003,141.75999999999996,2098244.0
2021-10-12,141.88999999999996,144.01,141.88999999999996,143.7,5108105.0
2021-10-13,144.01,145.53999999999996,143.80000000000004,145.53999999999996,5370212.0
2021-10-14,145.08000000000004,146.0,144.71000000000004,145.61,3481058.0
2021-10-15,145.24,145.33999999999995,144.46999999999997,145.09,2931275.0
2021-10-18,144.76,146.0,144.50999999999996,145.41,2875664.0
2021-10-19,145.33000000000004,145.33000000000004,143.64,143.80000000000004,3063878.0
2021-10-20,143.50999999999996,144.05,142.51,142.63,3467944.0
2021-10-21,142.63,143.37,141.95,142.42,3844507.0
2021-10-22,142.99999999999997,144.4,142.63,144.4,3622682.0
2021-10-25,143.42,144.3,142.94,144.06,2418052.0
2021-10-26,144.25,145.21999999999997,143.74999999999997,145.2,4056078.0
2021-10-27,145.6,148.175,145.57999999999998,147.40999999999997,5892825.0
2021-10-28,147.81,148.33000000000004,146.56999999999996,147.07,5940313.0
2021-10-29,146.35,147.995,145.29999999999998,147.31,5457342.0
2021-11-01,147.0,147.08999999999995,145.69999999999996,147.08999999999995,5295773.0
2021-11-02,146.44,147.56999999999996,146.18000000000004,147.0,2745069.0
2021-11-03,147.48999999999998,147.97,144.96,145.29999999999998,6067768.0
2021-11-04,145.49999999999997,147.35,145.28,147.0,4354311.0
2021-11-05,147.4,149.57499999999996,147.08999999999995,149.13,6385863.0
2021-11-08,148.5,149.27500000000003,148.31,149.01,3455386.0
2021-11-09,149.94,151.76499999999996,149.77,150.93999999999997,5272679.0
2021-11-10,150.01,151.05999999999997,147.04,148.41000000000005,8056793.0
2021-11-11,148.19999999999996,148.66,147.88999999999996,148.06000000000003,1513884.0
2021-11-12,147.98,148.51999999999998,146.76,147.56999999999996,3840830.0
2021-11-15,147.9,147.99999999999997,145.23,145.68000000000004,4645487.0
2021-11-16,146.12,146.48,144.81,144.89999999999998,3145609.0
2021-11-17,145.11000000000004,146.64,144.46,146.44999999999996,3581999.0
2021-11-18,146.7,146.90000000000003,145.84,146.5,3389393.0
2021-11-19,147.1,148.59,147.1,147.93000000000004,3756060.0
2021-11-22,148.36,148.36,146.13,146.72,4104190.0
2021-11-23,146.48999999999998,146.5,144.5,144.96,4117142.0
2021-11-24,145.52,146.82,144.73,146.55000000000004,4185914.0
2021-11-26,148.95,150.80000000000004,148.19,150.2,5491995.0
2021-11-29,149.49,149.86,148.17,149.53000000000003,5803279.0
2021-11-30,150.89999999999998,152.07,150.25,151.25,7686893.0
2021-12-01,150.16000000000005,153.08999999999995,149.78999999999996,153.0,7156715.0
2021-12-02,151.44,152.985,151.44,152.5,4732141.0
2021-12-03,152.2,155.11999999999998,151.35000000000002,154.59,8350946.0
2021-12-06,153.55,154.35,151.81999999999996,151.93999999999997,6372249.0
2021-12-07,151.84,152.52000000000004,150.77000000000004,151.09,6119928.0
2021-12-08,151.57999999999998,152.30000000000004,148.19999999999996,148.7,8268017.0
2021-12-09,149.34,149.84,148.47999999999996,148.71999999999997,4890648.0
2021-12-10,148.87999999999997,150.24000000000004,148.7,148.95999999999998,3462863.0
2021-12-13,149.40000000000003,151.40000000000003,149.31999999999996,150.76,4834693.0
2021-12-14,151.03,151.17999999999998,149.315,150.69,3531284.0
2021-12-15,150.7,150.78999999999996,149.13,149.48,6112454.0
2021-12-16,149.40000000000003,149.89,148.13000000000002,149.5,4353092.0
2021-12-17,149.54999999999998,151.04,149.34999999999997,150.83000000000004,4191147.0
2021-12-20,151.61,151.75000000000003,149.595,149.82,3716389.0
2021-12-21,149.62999999999997,149.64,147.62,149.11999999999998,3825332.0
2021-12-22,148.81,149.89,148.65,149.89,2555055.0
2021-12-23,149.52000000000004,149.80000000000004,148.03,148.55999999999997,2318505.0
2021-12-27,148.51999999999998,149.01,148.31999999999996,148.87999999999997,2689696.0
2021-12-28,148.87999999999997,149.78,148.01,148.36,2778476.0
2021-12-29,148.31,148.31999999999996,146.40999999999997,146.63,3025240.0
2021-12-30,147.20999999999998,148.03999999999996,146.46000000000004,148.03999999999996,3144187.0
2021-12-31,147.9,149.02,147.43000000000004,148.18,3237558.0
2022-01-03,147.79999999999998,148.07999999999998,144.29,145.09999999999997,7703552.0
2022-01-04,144.72,145.19000000000003,142.74,143.9,6017770.0
2022-01-05,143.94999999999996,144.3,142.71,142.99999999999997,5311393.0
2022-01-06,142.43999999999997,143.49,141.82,143.41,4364607.0
2022-01-07,143.17,143.37,141.56999999999996,142.37,5017801.0
2022-01-10,141.61000000000004,143.25000000000003,141.365,143.06,3348553.0
2022-01-11,143.34999999999997,143.74999999999997,142.45,143.31999999999996,4399472.0
2022-01-12,143.60000000000002,144.18,142.78,142.93,3419865.0
2022-01-13,142.85,144.73,142.7,144.34999999999997,4491529.0
2022-01-14,143.53000000000003,144.04,141.795,142.1,5730871.0
2022-01-18,141.36,142.09,139.93999999999997,140.28,5271114.0
2022-01-19,139.73999999999998,141.7,139.73999999999998,140.74000000000004,5829741.0
2022-01-20,141.28999999999996,142.49000000000004,141.04999999999998,142.47,4228789.0
2022-01-21,142.41000000000005,144.1,142.25,143.54999999999998,6858186.0
2022-01-24,143.98999999999998,144.45,142.15999999999997,142.25,5950923.0
2022-01-25,142.43,143.7,141.65000000000003,142.39999999999998,4421373.0
2022-01-26,142.11999999999998,142.565,140.40999999999997,141.26,6093635.0
2022-01-27,141.32,143.36000000000004,141.32,142.79999999999998,5257222.0
2022-01-28,141.99999999999997,143.45,141.54,143.3,3063800.0
2022-01-31,143.3,143.3,141.98,142.39,4060767.0
2022-02-01,142.90000000000003,143.50999999999996,141.055,141.95,7036493.0
2022-02-02,142.47999999999996,143.57,141.58000000000004,142.5,5491030.0
2022-02-03,142.27000000000004,142.31,140.185,141.00999999999996,5468119.0
2022-02-04,141.52999999999997,141.93000000000004,138.77999999999997,139.69999999999996,6616570.0
2022-02-07,139.45,139.69999999999996,138.56000000000003,139.29999999999998,3733608.0
2022-02-08,139.01,139.09,137.825,138.29,3917371.0
2022-02-09,139.13999999999996,139.37,138.195,138.53,3444704.0
2022-02-10,138.61,138.95,135.83999999999995,136.71999999999997,7697913.0
2022-02-11,137.62999999999997,138.52000000000004,135.36999999999998,138.00000000000003,9046471.0
2022-02-14,138.42999999999998,139.19000000000003,135.97,136.99999999999997,5544766.0
2022-02-15,135.51,136.03,134.89,135.19,4612317.0
2022-02-16,135.31,136.27000000000004,134.51,135.40999999999997,3559053.0
2022-02-17,135.95,137.56,135.83999999999995,136.7,5367513.0
2022-02-18,136.9,139.0,136.55,138.7,4377556.0
2022-02-22,138.78999999999996,139.32,137.38,138.25,3902564.0
2022-02-23,137.6,137.84,136.31999999999996,136.67999999999998,4475636.0
2022-02-24,138.22,140.15,136.25,137.3,6679037.0
2022-02-25,137.38,137.58999999999995,135.74,136.85,4065129.0
2022-02-28,138.18999999999997,140.34,137.5,140.04999999999998,6738494.0
2022-03-01,139.86,142.33000000000004,139.77999999999997,141.0,7929031.0
2022-03-02,140.96999999999997,141.03,136.41000000000005,137.22,7863518.0
2022-03-03,137.14999999999998,138.7,136.99999999999997,137.9,5929281.0
2022-03-04,139.49,140.82,138.80000000000004,139.81,5570392.0
2022-03-07,140.52000000000004,140.62,138.77000000000004,139.68000000000004,5601839.0
2022-03-08,138.38,138.5,137.25,138.01,6309703.0
2022-03-09,137.26999999999998,137.36000000000004,135.34,135.73,4980149.0
2022-03-10,136.25,136.25,133.73,134.46000000000004,6723951.0
2022-03-11,134.66000000000005,135.45,133.95,134.96,3466040.0
2022-03-14,134.34,134.34,131.68000000000004,131.90999999999997,6481345.0
2022-03-15,132.3,133.15,131.18999999999997,131.58999999999995,4833177.0
2022-03-16,130.79999999999998,133.13,130.31999999999996,132.5,6118841.0
2022-03-17,132.95,134.6,131.07,132.06999999999996,4703353.0
2022-03-18,132.6,133.61,132.28000000000003,133.39,8388995.0
2022-03-21,132.61,132.87,129.75999999999996,130.62,5784932.0
2022-03-22,129.99999999999997,129.99999999999997,128.35,128.78,5388143.0
2022-03-23,128.87000000000003,132.08000000000004,128.11000000000004,131.16000000000005,5228448.0
2022-03-24,131.25,131.25,129.44999999999996,130.63999999999996,3742764.0
2022-03-25,130.7,131.11,127.65999999999998,128.79,6330294.0
2022-03-28,128.5,130.565,128.48,130.49000000000004,3642040.0
2022-03-29,129.15,131.54999999999998,128.61,130.71,4815709.0
2022-03-30,130.86,132.02,129.99,131.38,4138987.0
2022-03-31,131.76,132.65999999999997,131.26999999999998,132.1,5485144.0
2022-04-01,130.19999999999996,132.95,129.71999999999997,132.30999999999997,4992908.0
2022-04-04,132.14999999999998,132.34999999999997,130.71,131.82999999999998,3264130.0
2022-04-05,130.65,130.77000000000004,128.30000000000004,128.51,6663339.0
2022-04-06,127.87,128.28999999999996,126.37,127.7,5505234.0
2022-04-07,128.10000000000002,128.23,125.415,126.68,6081747.0
2022-04-08,126.44,126.51999999999998,124.265,125.12,6080621.0
2022-04-11,124.28,124.67000000000004,122.52,122.87999999999998,7221405.0
2022-04-12,122.49,124.31,122.35,123.08,4957074.0
2022-04-13,122.29999999999998,124.29,121.95,123.34,3907619.0
2022-04-14,123.8,123.87999999999998,120.39,120.68999999999998,8827294.0
2022-04-18,120.75,121.14,119.69,120.54,4575062.0
2022-04-19,120.00000000000004,120.5,118.68,119.15000000000002,6893196.0
2022-04-20,119.65000000000003,121.98999999999998,119.65000000000003,121.51,8102708.0
2022-04-21,120.9,121.5,119.18,120.2,6234203.0
2022-04-22,119.81,121.44,119.81,119.95,6002511.0
2022-04-25,120.9,122.185,120.9,121.32,6270973.0
2022-04-26,121.26000000000003,123.03,121.26000000000003,122.73999999999998,6384384.0
2022-04-27,122.03,122.73,120.6,120.70000000000005,3992182.0
2022-04-28,120.89,121.40000000000003,119.62,121.16,4223701.0
2022-04-29,121.01,121.09999999999998,118.70999999999998,118.95000000000002,7393313.0
2022-05-02,118.97,119.04,116.93999999999998,117.62000000000002,7601539.0
2022-05-03,117.65,119.305,117.46,118.18999999999998,5254383.0
2022-05-04,118.3,118.96,117.35,118.20999999999998,6549360.0
2022-05-05,117.86,118.28,114.01999999999998,115.7,13009936.0
2022-05-06,115.0,115.46,113.09999999999998,113.48,9072212.0
2022-05-09,112.81000000000002,115.0,111.90000000000002,114.89,6534918.0
2022-05-10,114.46,116.95999999999998,114.46,115.84999999999998,8939658.0
2022-05-11,116.5,117.96999999999998,113.78,117.65,8169088.0
2022-05-12,117.94,119.29,117.6,117.70000000000002,7392231.0
2022-05-13,116.34,117.15,115.9,116.09000000000002,5685241.0
2022-05-16,116.11,116.92,115.82999999999998,115.94,3017847.0
2022-05-17,115.56999999999998,115.91,114.13,114.2,4025418.0
2022-05-18,114.48000000000002,117.26000000000002,113.99,117.21999999999998,4413502.0
2022-05-19,117.2,118.92,116.86,117.5,4580651.0
2022-05-20,117.37,119.01999999999998,116.59999999999998,118.4,5174094.0
2022-05-23,118.0,118.25,116.55,117.13,4237197.0
2022-05-24,117.6,119.62,117.52,118.81,5902947.0
2022-05-25,119.11,120.00000000000004,118.59,119.32,4179235.0
2022-05-26,119.65000000000003,120.00000000000004,117.81,118.82,4516692.0
2022-05-27,118.7,119.73,118.58,119.0,2474400.0
2022-05-31,118.5,118.5,115.93000000000002,116.71,7589516.0
2022-06-01,116.25,117.34000000000002,115.68999999999998,116.34,3555756.0
2022-06-02,116.59999999999998,116.95,115.465,116.23999999999998,2545276.0
2022-06-03,116.28,116.28,114.59,115.6,3810079.0
2022-06-06,115.4,115.82999999999998,113.61,113.97,4897432.0
2022-06-07,113.98,115.77500000000002,113.98,115.29,3524828.0
2022-06-08,114.90000000000002,115.12999999999998,113.98,114.27,3011318.0
2022-06-09,114.28,114.7,113.59,114.27,2959545.0
2022-06-10,114.62000000000002,116.01000000000002,112.97,113.7,5075685.0
2022-06-13,112.8,113.0,109.23,110.48,9281866.0
2022-06-14,111.3,112.04999999999998,108.59,108.94,5448668.0
2022-06-15,109.4,111.3,109.04000000000002,111.3,6272290.0
2022-06-16,109.8,113.23999999999998,107.78,112.31,6469302.0
2022-06-17,111.8,112.825,110.97,112.14,5016207.0
2022-06-21,110.85,111.09999999999998,109.815,110.45999999999998,4529384.0
2022-06-22,111.48000000000002,113.31,111.29,112.7,6644767.0
2022-06-23,114.0,115.16,113.01000000000002,114.09999999999998,5718885.0
2022-06-24,114.14,114.36,112.50499999999998,112.94,4324390.0
2022-06-27,112.0,112.46,111.14,111.65,3314470.0
2022-06-28,111.56999999999998,112.5,110.62,112.5,3214309.0
2022-06-29,112.45,113.9,111.95,113.9,3600549.0
2022-06-30,113.95,115.76999999999998,113.95,114.27,6055023.0
2022-07-01,114.48000000000002,117.58,114.12,116.01999999999998,5711495.0
2022-07-05,114.8,117.75,114.6,116.85,4154523.0
2022-07-06,116.73,117.95,114.74,114.95,5251521.0
2022-07-07,114.92,115.23,113.51999999999998,114.12,3524120.0
2022-07-08,114.28,114.46,112.04999999999998,112.52,4483464.0
2022-07-11,113.34,114.79,112.78,114.40000000000002,4026621.0
2022-07-12,115.4,116.21999999999998,114.40000000000002,114.65,3821304.0
2022-07-13,114.84999999999998,116.65000000000002,113.19,115.3,5482946.0
2022-07-14,115.16,116.35,114.46999999999998,115.62,3776723.0
2022-07-15,116.01999999999998,116.81999999999998,115.61,116.29999999999998,3690399.0
2022-07-18,116.14,116.37000000000002,114.18000000000002,115.0,4167123.0
2022-07-19,114.42,115.2,113.66500000000002,114.45,3172145.0
2022-07-20,115.12999999999998,115.75,114.05,114.36,3154500.0
2022-07-21,114.61,117.17,113.61,116.99,5230699.0
2022-07-22,117.29999999999998,119.27,117.29999999999998,118.99,5367592.0
2022-07-25,118.0,118.0,116.47,117.59,4694169.0
2022-07-26,117.87,119.23999999999998,117.39499999999998,117.54000000000002,3869498.0
2022-07-27,117.52,118.485,116.4,116.9,4346031.0
2022-07-28,116.29999999999998,118.92,116.15000000000002,117.75,5013492.0
2022-07-29,117.36,119.30000000000004,116.65999999999998,117.95,5248354.0
2022-08-01,117.43,120.2,116.98,120.18,5700428.0
2022-08-02,120.79999999999998,121.49,117.29999999999998,117.86,5413737.0
2022-08-03,117.84,119.6,116.34,118.92,5463142.0
2022-08-04,118.9,119.75,118.54,118.84999999999998,3481328.0
2022-08-05,119.0,119.12,115.89,116.47,5895668.0
2022-08-08,117.09999999999998,118.7,117.01,118.45,4954099.0
2022-08-09,118.18999999999998,118.5,117.465,117.81,2094847.0
2022-08-10,118.18000000000002,119.45,116.73,117.17,3788426.0
2022-08-11,117.36,118.0,114.09499999999998,114.39,6029417.0
2022-08-12,114.59,115.61,114.43,115.61,3700690.0
2022-08-15,115.5,116.74500000000002,115.44,115.7,2196563.0
2022-08-16,115.7,116.04,114.23999999999998,115.89,2851278.0
2022-08-17,115.2,115.26999999999998,114.31,114.54000000000002,3816297.0
2022-08-18,114.8,115.64,114.58,115.0,3218479.0
2022-08-19,114.09999999999998,114.37,112.745,113.0,4241157.0
2022-08-22,113.43000000000002,113.79000000000002,112.12999999999998,112.79000000000002,2849475.0
2022-08-23,112.66,113.48,111.74,112.4,4792885.0
2022-08-24,112.5,112.70999999999998,110.87,111.27,3587870.0
2022-08-25,111.41,113.07999999999998,110.91,112.6,5265491.0
2022-08-26,112.0,113.99,111.72,113.64,5458460.0
2022-08-29,112.6,113.00499999999998,112.14,113.0,4116707.0
2022-08-30,113.13,113.76,112.20999999999998,112.91,3851092.0
2022-08-31,112.96,113.34,111.45,111.56,4343836.0
2022-09-01,111.11,111.25,108.94,109.8,6408377.0
2022-09-02,109.8,110.555,109.02,110.35,3572807.0
2022-09-06,109.4,109.9,107.23,107.29999999999998,6998786.0
2022-09-07,107.76,109.48,107.43000000000002,108.98999999999998,4486064.0
2022-09-08,108.96999999999998,110.0,107.84,108.20000000000002,3585501.0
2022-09-09,108.3,108.98999999999998,107.64,108.34000000000002,2926182.0
2022-09-12,108.31,109.14,106.92,107.59999999999998,3919354.0
2022-09-13,107.65999999999998,108.38,106.15,107.84,5832937.0
2022-09-14,107.51999999999998,108.36,106.66,108.36,3661324.0
2022-09-15,107.51999999999998,108.45,107.35,108.23,2538510.0
2022-09-16,108.0,108.09,106.53,107.25,4171211.0
2022-09-19,106.83,107.81999999999998,106.26999999999998,107.36,2640636.0
2022-09-20,107.0,107.0,105.40000000000002,106.34999999999998,4277903.0
2022-09-21,106.92,108.06,105.96999999999998,107.56,6988858.0
2022-09-22,107.87,108.44,104.73,105.05,8403724.0
2022-09-23,105.22,106.42,103.76,105.36,5863823.0
2022-09-26,104.75,105.48000000000002,102.87,103.04999999999998,6808510.0
2022-09-27,103.8,104.23,100.7,101.5,9656863.0
2022-09-28,100.93999999999998,104.45,100.24,103.66,11284878.0
2022-09-29,102.52,104.21999999999998,102.25,103.34999999999998,5177832.0
2022-09-30,104.5,104.93999999999998,102.23,102.62,7536117.0
2022-10-03,102.53,104.68,102.3,104.15000000000002,7690515.0
2022-10-04,104.48,104.69,103.3,103.65000000000002,3594527.0
2022-10-05,103.06999999999998,103.25,101.585,102.54999999999998,7214390.0
2022-10-06,102.20000000000002,103.04999999999998,101.53,102.15,3729883.0
2022-10-07,101.98,102.22,100.46999999999998,100.95,4885639.0
2022-10-10,101.0,101.25,98.795,99.44,5172314.0
2022-10-11,99.70999999999998,100.895,99.0,99.56,6537741.0
2022-10-12,99.98999999999998,100.53,99.05,100.28,4085889.0
2022-10-13,100.0,101.0,98.07999999999998,99.39,7740792.0
2022-10-14,100.0,100.84,98.25,98.42,5819324.0
2022-10-17,98.99,99.68000000000002,97.94499999999998,98.39,4717057.0
2022-10-18,98.4,98.45999999999998,96.87,98.25,4689248.0
2022-10-19,97.8,97.8,96.325,96.33,7195084.0
2022-10-20,96.2,96.66,94.74,94.9,7330466.0
2022-10-21,94.55,94.55,92.43999999999998,93.62,12231929.0
2022-10-24,93.8,94.18,91.86,92.73,7960450.0
2022-10-25,93.25,95.29999999999998,93.04000000000002,94.75,9519244.0
2022-10-26,95.62,96.73,95.45,96.54000000000002,7151070.0
2022-10-27,96.21,98.01000000000002,95.55,97.44,5168059.0
2022-10-28,97.44,97.625,96.05,96.8,5847620.0
2022-10-31,96.75,96.75,95.03,96.01,6605269.0
2022-11-01,96.40000000000002,97.74,96.205,96.8,4012806.0
2022-11-02,96.6,97.63,95.79999999999998,95.99,5375178.0
2022-11-03,95.53,96.38,94.76,95.37999999999998,5947697.0
2022-11-04,95.5,95.91,94.14,94.40999999999998,6599267.0
2022-11-07,94.23,95.2,93.24,93.44,4033659.0
2022-11-08,93.6,94.95,93.40000000000002,94.56,5669811.0
2022-11-09,94.55,95.05,93.68999999999998,94.85,3904258.0
2022-11-10,94.6,98.5,94.46999999999998,98.45,12444580.0
2022-11-11,98.0,98.36,97.31,98.15000000000002,3230547.0
2022-11-14,97.7,98.15999999999998,97.1,97.75,3751554.0
2022-11-15,97.75,99.48999999999998,97.75,99.37,7138185.0
2022-11-16,98.89,101.45,98.55,101.41,7392381.0
2022-11-17,101.05,101.09999999999998,99.7,100.3,5315404.0
2022-11-18,100.0,100.88,99.54000000000002,99.64,3347495.0
2022-11-21,99.84,100.81,99.5,100.0,4283892.0
2022-11-22,100.56,101.71,100.16,101.71,4787657.0
2022-11-23,101.65,103.5,101.35,103.3,5688345.0
2022-11-25,103.48999999999998,103.6,102.43,103.0,2347165.0
2022-11-28,103.58,103.95,102.68999999999998,103.43,3405767.0
2022-11-29,103.8,103.8,101.83,101.93,4624254.0
2022-11-30,102.3,103.54999999999998,101.37,103.15,6171931.0
2022-12-01,103.0,106.0,103.0,105.84,11115186.0
2022-12-02,105.7,107.19,104.0,106.83,6328218.0
2022-12-05,106.6,107.0,104.9,105.90999999999998,5400574.0
2022-12-06,106.01,107.38500000000002,105.62000000000002,106.92,5017759.0
2022-12-07,107.25,109.67,106.56,109.25,8774748.0
2022-12-08,109.14,109.61,108.43,109.15,3292313.0
2022-12-09,109.18999999999998,109.5,106.26999999999998,106.62999999999998,7114244.0
2022-12-12,107.31999999999998,108.13,106.26999999999998,106.7,4560413.0
2022-12-13,107.15000000000002,109.26,106.8,107.55,7048472.0
2022-12-14,107.87999999999998,108.32,106.9,108.01999999999998,5150216.0
2022-12-15,107.69,109.12,107.01000000000002,108.25,4827863.0
2022-12-16,107.79,107.83,106.31,107.15999999999998,6426531.0
2022-12-19,106.93000000000002,106.93000000000002,104.98,105.12000000000002,7369562.0
2022-12-20,104.0,104.19,103.105,103.65000000000002,7297071.0
2022-12-21,103.62,104.4,102.96,103.9,3782075.0
2022-12-22,104.43999999999998,104.65,103.38,103.54,2884401.0
2022-12-23,103.5,103.86,102.03,102.39,4363368.0
2022-12-27,102.22,102.22,100.015,100.25,6213587.0
2022-12-28,100.6,101.03,99.35,99.8,4300646.0
2022-12-29,99.82999999999998,101.0,99.5,100.98,4397947.0
2022-12-30,100.5,100.75,99.37,99.62,5802942.0
2023-01-03,100.6,102.34000000000002,100.6,101.9,6476540.0
2023-01-04,102.40000000000002,103.59000000000002,102.21,102.98,6120605.0
2023-01-05,102.75,103.28,101.59,102.93,4725890.0
2023-01-06,103.26999999999998,105.3,102.3,105.07,6958455.0
2023-01-09,104.65,105.92,103.98,105.53,5058051.0
2023-01-10,105.35,105.59,103.5,104.01999999999998,5438796.0
2023-01-11,104.75,105.89,104.56,105.5,4674220.0
2023-01-12,105.90999999999998,107.81999999999998,104.555,107.42,8150973.0
2023-01-13,107.5,107.79,106.3,106.79000000000002,4275387.0
2023-01-17,105.86,106.66,105.14,105.75,4024873.0
2023-01-18,106.87000000000002,108.78,106.7,108.40000000000002,8055253.0
2023-01-19,108.7,108.96999999999998,107.43999999999998,107.9,4038236.0
2023-01-20,107.45,107.7,106.11,106.34999999999998,6186228.0
2023-01-23,106.15,106.54999999999998,105.3,105.95,3571221.0
2023-01-24,106.18999999999998,107.45,105.40000000000002,107.39,5405484.0
2023-01-25,107.29999999999998,108.0,106.64,107.4,3089941.0
2023-01-26,107.45999999999998,107.645,106.3,106.81,4358518.0
2023-01-27,106.45,107.06,105.90000000000002,106.7,3768545.0
2023-01-30,106.54999999999998,107.15999999999998,106.1,106.26,4122616.0
2023-01-31,106.62,107.28,105.87,106.89,3537444.0
2023-02-01,107.29999999999998,108.59,106.42,107.95,6967861.0
2023-02-02,108.18000000000002,109.34999999999998,107.79999999999998,108.36,5291057.0
2023-02-03,108.13,108.70999999999998,106.08,106.89,5975922.0
2023-02-06,106.6,106.6,105.58,105.79,4401166.0
2023-02-07,105.68999999999998,106.22,104.87,105.0,4696429.0
2023-02-08,105.20000000000002,105.8,104.4,105.62999999999998,3729956.0
2023-02-09,105.7,106.62,104.395,104.61,6879107.0
2023-02-10,104.5,104.79999999999998,103.12,103.34999999999998,4680138.0
2023-02-13,103.39,104.41,103.39,104.31,3843432.0
2023-02-14,104.55,105.40000000000002,103.14,104.33,4448739.0
2023-02-15,104.35,104.55,102.5,103.0,4557765.0
2023-02-16,103.25,103.4,101.33,101.45,5875530.0
2023-02-17,101.2,102.45,100.81,102.35,6541878.0
2023-02-21,102.12000000000002,102.23,100.28499999999998,100.5,5902054.0
2023-02-22,100.71,101.86,100.3,101.53,4500733.0
2023-02-23,101.45,102.59,100.6,102.07999999999998,4490943.0
2023-02-24,101.9,102.07999999999998,100.56,101.09,6313399.0
2023-02-27,101.05,101.695,100.39,101.15000000000002,3580756.0
2023-02-28,100.8,101.71999999999998,100.28,101.35,4261427.0
2023-03-01,100.98,101.45,99.96,100.5,4917224.0
2023-03-02,100.03,100.18,98.87999999999998,99.54999999999998,6937328.0
2023-03-03,100.25,101.95,100.25,101.92,10041336.0
2023-03-06,102.29,102.82,100.995,101.5,4221804.0
2023-03-07,102.03,102.36,100.89,101.47,7183791.0
2023-03-08,101.5,102.96999999999998,101.42,101.73999999999998,4776444.0
2023-03-09,101.75,102.51,101.05,102.38,5827181.0
2023-03-10,103.34999999999998,105.68999999999998,102.81,105.46999999999998,13645583.0
2023-03-13,105.01999999999998,109.1,104.37,105.75,12748910.0
2023-03-14,106.2,106.64,103.68,103.89,9747737.0
2023-03-15,104.09,107.71,103.9,106.62,12182897.0
2023-03-16,106.2,108.01999999999998,105.05,105.40000000000002,12190551.0
2023-03-17,105.46,107.725,105.46,106.82,10891057.0
2023-03-20,107.9,108.5,105.66,106.2,7671256.0
2023-03-21,106.18000000000002,106.39,104.54,105.0,5259873.0
2023-03-22,105.20000000000002,106.56,104.06,106.23,8436401.0
2023-03-23,106.11,106.54999999999998,104.81999999999998,105.90999999999998,7238412.0
2023-03-24,106.25,107.57,106.15,106.85,5986540.0
2023-03-27,106.85,106.85,104.23999999999998,104.55,6337928.0
2023-03-28,104.39,104.79999999999998,104.025,104.31999999999998,4988270.0
2023-03-29,104.29999999999998,104.67,103.56,104.5,4680337.0
2023-03-30,104.75,105.09999999999998,104.12,104.95,3955146.0
2023-03-31,104.77,106.56999999999998,104.4,106.25,7860305.0
2023-04-03,105.41,107.09,103.87000000000002,106.67,5016911.0
2023-04-04,106.4,107.795,105.73,107.29999999999998,4813478.0
2023-04-05,107.45999999999998,108.37,107.18,108.25,6790070.0
2023-04-06,108.44,108.87,108.06,108.27,4331112.0
2023-04-10,107.65,108.0,106.56,106.92,5047717.0
2023-04-11,107.2,107.5,106.51,107.05,3492256.0
2023-04-12,107.0,107.77,105.88,106.99,5486650.0
2023-04-13,106.88,107.38500000000002,105.885,106.25,7466208.0
2023-04-14,106.22,106.39,104.77,105.15,6228419.0
2023-04-17,105.07999999999998,105.32,103.69,103.9,4578410.0
2023-04-18,103.85,104.585,103.69,104.21999999999998,4400656.0
2023-04-19,103.88,104.35,103.37,104.2,4455275.0
2023-04-20,104.45,105.28,104.29999999999998,105.12000000000002,4569768.0
2023-04-21,105.0,105.45,104.27,104.43000000000002,3361575.0
2023-04-24,104.85,105.6,104.7,105.45,4717858.0
2023-04-25,106.0,107.12,105.98999999999998,106.68999999999998,5014625.0
2023-04-26,106.68999999999998,107.23999999999998,105.67499999999998,105.90000000000002,5453511.0
2023-04-27,105.7,105.8,104.61,104.92,5310443.0
2023-04-28,105.61,106.755,105.46999999999998,106.18000000000002,7567491.0
2023-05-01,105.68000000000002,105.79,102.845,103.75,8770706.0
2023-05-02,104.09999999999998,105.75,103.0,105.45,9194466.0
2023-05-03,105.72,106.6,105.28,106.32999999999998,5173699.0
2023-05-04,106.04999999999998,106.44,104.99,105.61,6923325.0
2023-05-05,105.46999999999998,105.46999999999998,104.04,104.95,3789200.0
2023-05-08,104.83,104.95,103.32,103.54999999999998,5629909.0
2023-05-09,103.99,104.15000000000002,103.005,103.20999999999998,5034797.0
2023-05-10,103.4,104.23999999999998,103.34,103.93000000000002,7240242.0
2023-05-11,104.05,105.61,103.93000000000002,104.92,5288083.0
2023-05-12,104.89,105.24,104.15000000000002,104.31999999999998,4308368.0
2023-05-15,104.03,104.15000000000002,103.12,103.3,5501037.0
2023-05-16,103.7,103.91,102.11,102.65,7073910.0
2023-05-17,103.06999999999998,103.29,102.345,102.93,5198228.0
2023-05-18,102.89,102.89,101.76,101.92,6159499.0
2023-05-19,102.09999999999998,102.28,100.93000000000002,101.4,10215670.0
2023-05-22,101.71,101.93,100.675,100.83,5360775.0
2023-05-23,100.85,101.25,100.20999999999998,101.04,5457958.0
2023-05-24,101.09999999999998,101.65999999999998,100.42,100.45,4978037.0
2023-05-25,100.54999999999998,100.92,100.04,100.24,5166771.0
2023-05-26,100.6,101.17,99.98,101.0,4128150.0
2023-05-30,101.51,102.23,101.25,102.06000000000002,7048226.0
2023-05-31,102.33,103.18,101.87999999999998,102.8,6114889.0
2023-06-01,102.38,103.62999999999998,102.13,103.11,5181297.0
2023-06-02,103.08,103.24,101.85,101.85,4804600.0
2023-06-05,101.45,102.435,100.92,101.93,3554732.0
2023-06-06,102.20000000000002,102.67,101.39,102.65,3430572.0
2023-06-07,102.51,102.78,100.78,101.03,7628081.0
2023-06-08,100.9,102.14,100.32999999999998,101.86,5868934.0
2023-06-09,101.64,102.26000000000002,101.34,101.97,5122795.0
2023-06-12,101.84,102.62,101.12,102.22,5116195.0
2023-06-13,102.23,103.0,100.965,101.31,6993712.0
2023-06-14,101.57999999999998,102.285,101.19,101.93,8640714.0
2023-06-15,101.93,103.625,101.62,103.09,8762974.0
2023-06-16,102.65,103.2,102.03499999999998,102.53,4377610.0
2023-06-20,102.38,103.655,102.09999999999998,103.4,4598395.0
2023-06-21,103.34,103.64499999999998,102.345,103.4,6504491.0
2023-06-22,103.2,103.54,102.20000000000002,102.40000000000002,9587380.0
2023-06-23,103.24,103.95,102.76,103.4,7053611.0
2023-06-26,103.58,104.26,103.16,103.44,3801830.0
2023-06-27,103.32999999999998,103.93999999999998,102.76,103.03,4922581.0
2023-06-28,103.06,103.83,102.82999999999998,103.42,5888747.0
2023-06-29,103.12,103.45,101.455,101.89,13176074.0
2023-06-30,101.51,103.06,101.35,102.7,9398555.0
2023-07-03,102.48000000000002,103.25,102.03,102.20000000000002,4971169.0
2023-07-05,102.32,102.37,100.74,101.21999999999998,8489003.0
2023-07-06,100.98,101.12,99.46999999999998,99.87,12708687.0
2023-07-07,99.92,100.12,98.84,99.09,8128113.0
2023-07-10,99.0,99.52,98.4,99.38,6573197.0
2023-07-11,99.75,100.04,99.29,99.72,5360689.0
2023-07-12,100.09,101.12,99.66,100.95,9809726.0
2023-07-13,100.95,101.97,100.92,101.84,9742200.0
2023-07-14,101.69,102.14,101.235,101.31,5216999.0
2023-07-17,101.21999999999998,102.0,100.92,101.39,4193068.0
2023-07-18,101.86,102.13,101.575,101.89,3758167.0
2023-07-19,102.19,103.0,101.73,102.82,6097398.0
2023-07-20,102.43,102.62999999999998,101.28499999999998,101.56,10547551.0
2023-07-21,101.7,102.34000000000002,101.51999999999998,101.87999999999998,4429658.0
2023-07-24,102.0,102.44,101.28,101.51999999999998,4486146.0
2023-07-25,101.4,101.5,100.8,101.05,4087447.0
2023-07-26,101.2,101.73,100.93000000000002,101.11,5309786.0
2023-07-27,101.15000000000002,101.29999999999998,98.91,99.56,13522817.0
2023-07-28,99.05,99.98999999999998,98.79999999999998,99.82,9785702.0
2023-07-31,99.5,100.32999999999998,99.48,99.95,8751309.0
2023-08-01,99.6,99.88,97.9,98.18,10344572.0
2023-08-02,98.13,98.27,96.415,96.96999999999998,12423674.0
2023-08-03,96.6,96.6,94.535,95.03,18094614.0
2023-08-04,95.2,96.72,94.73000000000002,96.46999999999998,13935958.0
2023-08-07,96.25,96.25,95.43,95.69,6878690.0
2023-08-08,96.86,97.42,96.44,96.7,6406556.0
2023-08-09,96.82,97.28499999999998,96.45,97.1,5636608.0
2023-08-10,97.18,97.9,95.56,95.79999999999998,13626142.0
2023-08-11,95.79999999999998,95.9,95.11,95.37999999999998,8389848.0
2023-08-14,95.41,95.93,94.905,95.2,5465739.0
2023-08-15,94.99,95.19,94.1,94.7,7142217.0
2023-08-16,94.9,95.0,93.725,94.0,6430930.0
2023-08-17,93.64,93.64,93.03,93.44,10088837.0
2023-08-18,94.23,94.29,93.31,93.79,8150383.0
2023-08-21,93.38,93.38,92.23999999999998,92.47,8403956.0
2023-08-22,92.90000000000002,93.34,92.465,93.34,5432398.0
2023-08-23,94.15,95.57999999999998,93.73,95.35,12508869.0
2023-08-24,95.5,95.68,94.83,94.83,7987048.0
2023-08-25,94.8,95.5,94.515,95.25,7645384.0
2023-08-28,95.47,95.71,94.89,95.35,3758133.0
2023-08-29,95.48,96.51,94.76,96.22,7508039.0
2023-08-30,96.05,96.44,95.57,96.23,4803536.0
2023-08-31,96.23,97.04999999999998,96.23,96.65,7971877.0
2023-09-01,96.2,96.64,94.62,94.92,10250304.0
2023-09-05,94.38,94.59000000000002,93.44,93.66,8939607.0
2023-09-06,93.70999999999998,94.12999999999998,93.46,93.98,5639873.0
2023-09-07,93.93,94.20999999999998,93.65,94.2,4557741.0
2023-09-08,94.3,94.9,93.9,94.37,4301588.0
2023-09-11,93.96,94.0,93.46999999999998,93.68000000000002,4785057.0
2023-09-12,93.93,94.24,93.585,94.01,5640047.0
2023-09-13,93.98,94.53,93.35,94.2,6013998.0
2023-09-14,94.2,94.5,93.40000000000002,93.61,7621130.0
2023-09-15,93.40000000000002,93.48999999999998,92.96,93.0,5407614.0
2023-09-18,92.93,93.64,92.76,93.51,4341662.0
2023-09-19,93.48,93.48,92.77,93.03,6140885.0
2023-09-20,93.0,93.59499999999998,92.55,92.7,9516829.0
2023-09-21,92.45,92.51,90.5,90.54999999999998,17303768.0
2023-09-22,90.9,91.6,90.62,91.3,7638170.0
2023-09-25,90.74,90.81,89.155,89.27,13485176.0
2023-09-26,89.29,90.14,88.71500000000002,89.05999999999999,7579561.0
2023-09-27,89.31000000000002,89.83,88.1,88.47000000000001,9397440.0
2023-09-28,88.38,88.73,87.11,88.73,13377608.0
2023-09-29,88.95,89.47999999999999,88.14000000000001,88.7,12699419.0
2023-10-02,88.00000000000001,88.14000000000001,86.71,87.01000000000002,11426733.0
2023-10-03,87.08000000000001,87.24,84.885,85.18999999999998,16941717.0
2023-10-04,84.84999999999998,86.31000000000002,84.84999999999998,86.21999999999998,16085660.0
2023-10-05,85.99999999999999,86.23999999999998,85.3,85.83999999999999,10350815.0
2023-10-06,85.63,85.79000000000002,83.57,84.72999999999999,15094859.0
2023-10-09,85.32999999999998,86.87000000000002,84.88999999999999,86.87000000000002,9242777.0
2023-10-10,86.53999999999999,87.17,85.52,86.61999999999999,12956682.0
2023-10-11,87.58999999999999,88.8,87.50000000000001,88.75000000000001,17931681.0
2023-10-12,88.56000000000002,88.95999999999998,85.92499999999998,86.39000000000001,22087492.0
2023-10-13,86.92,88.00999999999999,86.85999999999999,87.8,13874752.0
2023-10-16,86.61,86.69999999999999,85.9,86.13999999999999,10935819.0
2023-10-17,85.83000000000001,85.93000000000002,84.51,85.06000000000002,10888422.0
2023-10-18,85.02,85.3,83.83,83.94000000000001,18794437.0
2023-10-19,83.71999999999998,84.56999999999998,82.6,82.78,23494271.0
2023-10-20,83.41,83.55,82.26999999999998,83.25999999999999,13987606.0
2023-10-23,82.72,84.84999999999998,81.92000000000002,84.56,18508165.0
2023-10-24,84.88999999999999,85.40000000000002,84.03,85.22,12840453.0
2023-10-25,84.74999999999999,84.9,83.09999999999998,83.17000000000002,18489961.0
2023-10-26,83.21999999999998,84.80999999999999,82.97000000000001,84.65,13633007.0
2023-10-27,84.34,84.48,83.745,84.33,7796353.0
2023-10-30,84.50000000000001,84.56,83.25000000000001,83.77999999999999,11946498.0
2023-10-31,84.72000000000001,85.18999999999998,83.25000000000001,83.47999999999999,10024179.0
2023-11-01,83.25000000000001,85.57,83.18,85.57,22605585.0
2023-11-02,85.36,87.305,85.32999999999998,87.08000000000001,18865341.0
2023-11-03,86.94000000000001,89.05,86.85999999999999,87.76,19590192.0
2023-11-06,87.54,87.70999999999998,86.59999999999998,86.99,10602730.0
2023-11-07,87.50000000000001,88.495,87.05,88.18,10614920.0
2023-11-08,88.06999999999998,89.93999999999998,88.06999999999998,89.81000000000002,16842341.0
2023-11-09,89.03000000000002,89.25000000000001,86.75,87.48999999999998,27276913.0
2023-11-10,87.74,88.42000000000002,87.24,87.65,11743294.0
2023-11-13,87.66999999999999,87.94999999999999,86.90000000000002,87.76999999999998,6393677.0
2023-11-14,87.98,90.145,87.6,89.85999999999999,17596734.0
2023-11-15,89.91,89.95999999999998,88.30999999999999,88.73,17076691.0
2023-11-16,89.13999999999999,89.95999999999998,89.01,89.67999999999999,14871956.0
2023-11-17,90.5,90.6,89.63999999999999,90.24,12052636.0
2023-11-20,89.61999999999999,90.655,89.41999999999999,90.54000000000002,11730422.0
2023-11-21,90.86,91.0,89.89,90.70999999999998,7755987.0
2023-11-22,90.8,91.32,90.39,90.89,9659575.0
2023-11-24,89.93,90.31,89.75,89.95000000000002,6013913.0
2023-11-27,89.85,91.31,89.71,91.04999999999998,13938983.0
2023-11-28,91.11,91.65000000000002,90.65,91.57,10268816.0
2023-11-29,91.88,92.7,91.59,92.51999999999998,19390128.0
2023-11-30,92.51999999999998,92.59999999999998,91.155,91.85,20195264.0
2023-12-01,91.58,93.21,91.14,93.14,21428120.0
2023-12-04,92.98000000000002,93.11,92.09,92.76,11043285.0
2023-12-05,93.04000000000002,94.7,92.89,94.57,21525483.0
2023-12-06,94.61,96.05,94.20999999999998,95.9,21396741.0
2023-12-07,95.48,96.08,95.0,95.4,18155626.0
2023-12-08,95.15,95.18,93.91500000000002,94.55,14988849.0
2023-12-11,94.31,94.44,93.53,94.32999999999998,8720117.0
2023-12-12,94.9,95.55,93.90999999999998,94.58,12613656.0
2023-12-13,94.87000000000002,97.16,94.82,97.0,19785287.0
2023-12-14,97.4,99.04000000000002,97.18,98.71,30830100.0
2023-12-15,98.71999999999998,99.34,98.19,99.09999999999998,18524102.0
2023-12-18,99.2,99.45,98.01999999999998,98.57999999999998,11935086.0
2023-12-19,98.98,99.28,98.66500000000002,98.81999999999998,8897323.0
2023-12-20,99.16,99.68999999999998,98.57999999999998,99.41,17923763.0
2023-12-21,99.51,99.84,98.75,98.99,22943322.0
2023-12-22,99.01999999999998,99.54999999999998,98.24500000000002,98.65,8899762.0
2023-12-26,98.79999999999998,98.87,98.47,98.51,10820175.0
2023-12-27,99.17,100.58,99.07,100.39,17597402.0
2023-12-28,100.04999999999998,100.57,99.565,99.8,13622063.0
2023-12-29,99.22,99.81,98.795,98.91,11829848.0
2024-01-02,98.09999999999998,98.65,97.58,98.21,14129747.0
2024-01-03,97.63,98.85,97.155,98.48,20515637.0
2024-01-04,98.2,98.25,96.98999999999998,97.01,21236451.0
2024-01-05,96.79,97.68,95.84,96.26000000000002,15307154.0
2024-01-08,96.34,97.38,95.93,96.76999999999998,16842966.0
2024-01-09,96.5,97.165,96.19,96.68000000000002,12223825.0
2024-01-10,96.87,97.2,96.12000000000002,96.38,20852665.0
2024-01-11,96.90999999999998,97.28,95.65999999999998,96.81,41300628.0
2024-01-12,96.92,97.265,96.14,96.96,14885862.0
2024-01-16,95.95,96.06,94.51000000000002,94.88,21934076.0
2024-01-17,94.9,95.33,94.165,94.58,26569176.0
2024-01-18,94.81,95.0,93.51,93.76999999999998,43588853.0
2024-01-19,93.75,94.4,93.27,94.24,17005694.0
2024-01-22,94.28,95.075,94.20999999999998,94.54,12731462.0
2024-01-23,94.32,94.32999999999998,93.43,93.9,10863036.0
2024-01-24,94.44,94.57,93.1,93.23,21679577.0
2024-01-25,93.58,94.20999999999998,93.36,93.96,24516902.0
2024-01-26,94.18999999999998,94.3,93.485,93.9,11221159.0
2024-01-29,94.26999999999998,95.15999999999998,94.12,94.91,13182845.0
2024-01-30,95.4,95.95,94.745,95.84,15536595.0
2024-01-31,96.06,97.20999999999998,95.65999999999998,97.0,29377641.0
2024-02-01,96.58,98.66500000000002,96.44,97.83,31408142.0
2024-02-02,97.74,98.09999999999998,95.69,96.06,24405202.0
2024-02-05,95.43999999999998,95.49,94.02,94.3,19810621.0
2024-02-06,94.4,95.15,94.06999999999998,94.92,13485787.0
2024-02-07,94.97,95.23,94.39,94.6,15200554.0
2024-02-08,94.48999999999998,94.6,93.66,94.1,22036521.0
2024-02-09,93.96999999999998,94.51000000000002,93.665,93.89,9239575.0
2024-02-12,93.88,94.18999999999998,93.51,93.84999999999998,10630091.0
2024-02-13,93.8,94.5,92.29999999999998,92.31,17365674.0
2024-02-14,92.55,93.03499999999998,92.11,92.96,17751024.0
2024-02-15,93.46999999999998,93.84,93.005,93.35,23903593.0
2024-02-16,93.01,93.07,92.35,92.98000000000002,13280927.0
2024-02-20,92.75,93.19,92.57999999999998,92.69,6886347.0
2024-02-21,92.71,93.05,92.01999999999998,92.13,14585075.0
2024-02-22,92.31,92.75,91.98,92.67,18132640.0
2024-02-23,92.45,94.04,92.37999999999998,93.93,12827670.0
2024-02-26,94.17,94.26,93.19,93.52,8458286.0
2024-02-27,93.62999999999998,93.82,92.845,92.95,10278603.0
2024-02-28,93.16,93.59,92.90000000000002,93.40000000000002,14191693.0
2024-02-29,93.36,94.295,92.93999999999998,93.92,18663627.0
2024-03-01,93.40000000000002,94.55,93.02,94.52,14773837.0
2024-03-04,94.14,94.25,93.68000000000002,94.06,7514634.0
2024-03-05,94.38,95.67499999999998,94.26,95.04,12991411.0
2024-03-06,94.93000000000002,96.16,94.84,95.93,14837184.0
2024-03-07,95.93,96.84,95.48,95.92,18309264.0
2024-03-08,96.27,96.41,95.45,95.81,6393386.0
2024-03-11,96.07,96.3,95.37,95.77,4679343.0
2024-03-12,95.77,96.05,94.695,94.93000000000002,9717381.0
2024-03-13,95.12,95.2,94.215,94.5,14134776.0
2024-03-14,94.3,94.54,92.865,92.98000000000002,25835014.0
2024-03-15,93.21,93.53,92.785,92.99,11374660.0
2024-03-18,93.09,93.11,92.5,92.71,8506432.0
2024-03-19,92.77,93.265,92.64,93.03,7959954.0
2024-03-20,93.18000000000002,93.79,92.29,92.93999999999998,13937435.0
2024-03-21,93.14,93.62,92.725,93.19,12056371.0
2024-03-22,93.42,94.26,93.34,94.01,12455310.0
2024-03-25,93.96,94.14,93.305,93.61,10545136.0
2024-03-26,93.76999999999998,93.93,93.285,93.81,16334373.0
2024-03-27,93.92,94.74,93.74,94.55,18244430.0
2024-03-28,94.62,95.01999999999998,94.25,94.59000000000002,12911961.0
2024-04-01,94.28,94.28,92.455,92.65,17045917.0
2024-04-02,92.65999999999998,92.81999999999998,91.34,92.06,12310758.0
2024-04-03,91.66,92.07999999999998,91.05500000000002,92.01999999999998,15709659.0
2024-04-04,91.79000000000002,92.73999999999998,91.62,92.55,18968712.0
2024-04-05,92.53,92.56,91.31,91.38,12549378.0
2024-04-08,91.15,91.58499999999998,90.62999999999998,91.3,13054438.0
2024-04-09,91.73,92.37,91.6,92.23999999999998,11647220.0
2024-04-10,92.29,92.53,90.055,90.27,27895949.0
2024-04-11,90.07,90.52,89.515,89.73000000000002,25620710.0
2024-04-12,90.2,90.94,90.06,90.54999999999998,14325668.0
2024-04-15,90.0,90.0,88.53,88.8,19303083.0
2024-04-16,88.64,88.72,87.79,88.26999999999998,13836955.0
2024-04-17,88.40999999999998,89.375,88.3,89.27999999999999,24488514.0
2024-04-18,89.47999999999999,89.57,88.6,88.87,20495965.0
2024-04-19,89.35,89.63,88.88,89.03000000000002,11438376.0
2024-04-22,88.89000000000001,89.13,88.52,89.07999999999998,8444562.0
2024-04-23,89.01,89.53999999999999,88.555,89.05,8861910.0
2024-04-24,88.9,88.9,87.975,88.32,20960788.0
2024-04-25,88.30999999999999,88.64,87.34,87.74,22190763.0
2024-04-26,88.20000000000002,88.62,88.00999999999999,88.49000000000001,13231404.0
2024-04-29,88.65000000000002,89.13,88.48000000000002,89.01,13973078.0
2024-04-30,88.88,89.04,88.1,88.20999999999998,15553085.0
2024-05-01,88.1,89.21,87.80999999999999,88.5,23663165.0
2024-05-02,88.85,89.00499999999998,88.02999999999999,88.8,22543190.0
2024-05-03,88.93999999999998,90.3,88.86,89.95000000000002,17071264.0
2024-05-06,89.95000000000002,90.38,89.67000000000002,90.19,9063709.0
2024-05-07,90.6,91.235,90.43,90.67,9797526.0
2024-05-08,90.6,90.66,90.1,90.1,13891386.0
2024-05-09,90.0,90.765,89.71,90.62999999999998,15617282.0
2024-05-10,90.75,90.89,89.965,90.07,6404747.0
2024-05-13,90.28,90.68000000000002,90.17,90.36,6017246.0
2024-05-14,90.5,90.98,89.79,90.90999999999998,9270105.0
2024-05-15,91.1,92.33,91.0,92.31,27162512.0
2024-05-16,92.41,92.81,91.93999999999998,92.09999999999998,16545883.0
2024-05-17,91.9,91.95,91.34499999999998,91.48,8664614.0
2024-05-20,91.37000000000002,91.53,90.9,91.12,5913855.0
2024-05-21,91.23,91.77,91.20999999999998,91.61,6115485.0
2024-05-22,91.32999999999998,91.77,91.03,91.7,16274997.0
2024-05-23,91.6,91.93999999999998,90.82,91.08,24293046.0
2024-05-24,91.15,91.47,90.86,91.44,6385715.0
2024-05-28,91.55,91.57,89.95999999999998,90.02000000000001,18127732.0
2024-05-29,89.61,89.83,88.68,88.9,16035891.0
2024-05-30,89.19,89.90500000000002,89.17000000000002,89.79999999999998,10302044.0
2024-05-31,89.79999999999998,90.66,89.65999999999998,90.46,13285498.0
2024-06-03,90.37,91.74,90.31,91.65000000000002,15598020.0
2024-06-04,91.82,92.795,91.63,92.64,13098875.0
2024-06-05,92.4,93.35,92.35,93.22,17142644.0
2024-06-06,93.17,93.425,92.71999999999998,93.17,6829890.0
2024-06-07,93.16,93.5,91.4,91.46,13213536.0
2024-06-10,91.04999999999998,91.2,90.695,90.92,6545014.0
2024-06-11,91.12,91.87,90.93,91.72,10935007.0
2024-06-12,91.78,93.56999999999998,91.74,92.73,15212046.0
2024-06-13,92.64,93.985,92.59,93.76999999999998,11811707.0
2024-06-14,94.03,94.83,94.03,94.65000000000002,10319685.0
2024-06-17,94.23,94.25,93.285,93.74,14512922.0
2024-06-18,93.72,94.66,93.42,94.48,10538262.0
2024-06-20,94.14,94.29,93.35,93.82,10224276.0
2024-06-21,94.29,94.475,93.59,93.81,8420475.0
2024-06-24,94.1,94.51000000000002,93.62999999999998,94.39,11650577.0
2024-06-25,94.34,94.79000000000002,94.045,94.26,7354287.0
2024-06-26,93.93,93.94,92.89,92.93,15739472.0
2024-06-27,92.81999999999998,93.70999999999998,92.71999999999998,93.54999999999998,7672163.0
2024-06-28,93.37,93.79,91.43000000000002,91.75,20558340.0
2024-07-01,91.23,91.24,89.81999999999998,90.32,18288940.0
2024-07-02,90.45,90.805,90.08,90.67,13464702.0
2024-07-03,90.66,91.885,90.52,91.64,13149316.0
2024-07-05,91.7,92.71999999999998,91.18999999999998,92.54,16015449.0
2024-07-08,92.31,92.84,92.05,92.7,6108135.0
2024-07-09,92.54,92.67,91.87,92.31999999999998,11407696.0
2024-07-10,92.57,92.79999999999998,92.265,92.55,6845218.0
2024-07-11,92.59,94.13500000000002,92.45,93.5,18904287.0
2024-07-12,93.35,93.94,93.07,93.84999999999998,10317056.0
2024-07-15,93.21,93.3,92.56,92.97,13674189.0
2024-07-16,93.56,94.24,93.16,94.17,13918196.0
2024-07-17,94.09,94.39,93.68999999999998,94.03,10996094.0
2024-07-18,93.86,94.14,93.35,93.5,12183075.0
2024-07-19,93.48,93.62999999999998,92.825,92.93999999999998,10158804.0
2024-07-22,93.45,93.54999999999998,92.30500000000002,92.65,9594638.0
2024-07-23,92.81999999999998,93.07,92.4,92.48,7351549.0
2024-07-24,92.79999999999998,92.85,91.475,91.69,17777093.0
2024-07-25,92.07,92.87,91.95,92.48,16137723.0
2024-07-26,92.23999999999998,93.14,92.18,92.90000000000002,12452654.0
2024-07-29,93.43,93.81,93.225,93.46,11750015.0
2024-07-30,93.33,94.04,93.24,93.76999999999998,10261332.0
2024-07-31,94.01,95.37999999999998,93.84,94.99,17882204.0
2024-08-01,94.77,95.905,94.58,95.57999999999998,25235652.0
2024-08-02,95.89,98.36499999999998,95.87999999999998,98.09999999999998,33358252.0
2024-08-05,98.62,99.98999999999998,97.91,98.0,29772577.0
2024-08-06,97.83,98.4,96.59,97.04,25827187.0
2024-08-07,96.37,96.46,95.5,96.15,16182396.0
2024-08-08,96.40000000000002,96.48,94.84,95.45,11232779.0
2024-08-09,95.73999999999998,96.54000000000002,95.7,96.45,12539317.0
2024-08-12,96.18000000000002,96.815,95.89,96.67,7368231.0
2024-08-13,96.56999999999998,97.36,96.31,97.28,11041497.0
2024-08-14,97.3,98.155,97.15,97.81,11203079.0
2024-08-15,97.86,97.88,96.22,97.12,14537194.0
2024-08-16,97.24,97.78,97.015,97.46999999999998,9879255.0
2024-08-19,97.98,98.15000000000002,97.32999999999998,97.79000000000002,7378780.0
2024-08-20,97.79000000000002,98.95,97.56,98.95,8662519.0
2024-08-21,98.73999999999998,99.2,98.21,98.56,8150753.0
2024-08-22,98.71,98.71,97.43000000000002,97.83,13457854.0
2024-08-23,97.83,98.65999999999998,97.73000000000002,98.29999999999998,8367274.0
2024-08-26,98.43999999999998,98.81999999999998,98.09,98.26,9521749.0
2024-08-27,98.29000000000002,98.31999999999998,97.39,98.07999999999998,6044635.0
2024-08-28,98.07999999999998,98.4,97.73000000000002,97.88,5010550.0
2024-08-29,97.9,98.27,97.125,97.53,7798566.0
2024-08-30,97.69,97.98,96.3,96.89,13761015.0
2024-09-03,96.87,98.06,96.44,97.78,17375969.0
2024-09-04,98.07999999999998,99.025,97.65000000000002,98.95,15235648.0
2024-09-05,98.87999999999998,99.67,98.7,99.48,13519498.0
2024-09-06,100.0,100.775,99.15,99.56,15597147.0
2024-09-09,99.16,100.1,98.92,99.88,9368284.0
2024-09-10,99.70999999999998,100.905,99.65,100.82,10467795.0
2024-09-11,101.19,101.37999999999998,100.25,100.54,11565925.0
2024-09-12,100.34999999999998,100.79000000000002,99.7,100.48999999999998,13279888.0
2024-09-13,100.62999999999998,100.87000000000002,100.025,100.54,9329813.0
2024-09-16,100.56,101.37999999999998,100.40999999999998,101.33,11708162.0
2024-09-17,101.48,101.83,100.74,100.91,10037898.0
2024-09-18,100.77,100.77,99.51,99.67,16324482.0
2024-09-19,99.93,99.96,98.69,99.37,12029979.0
2024-09-20,99.5,99.70999999999998,98.71999999999998,98.9,10625528.0
2024-09-23,98.81,99.085,98.01999999999998,98.69,9561186.0
2024-09-24,98.31,98.885,97.7,98.75,9040695.0
2024-09-25,98.84,98.84,97.72,97.87000000000002,10607910.0
2024-09-26,98.04,98.35,97.42499999999998,98.06,11440594.0
2024-09-27,98.43000000000002,98.77,98.15000000000002,98.59999999999998,9631201.0
2024-09-30,98.26,98.71,97.885,98.25,10817717.0
2024-10-01,98.2,99.325,98.2,98.65,13633657.0
2024-10-02,98.21,98.23999999999998,97.06,97.54,11719033.0
2024-10-03,97.44,97.54,96.66,96.89,12491689.0
2024-10-04,97.04999999999998,97.06,95.36,95.69,18892641.0
2024-10-07,95.68,98.43999999999998,94.76,94.92,14294362.0
2024-10-08,95.07999999999998,95.27,94.335,95.09999999999998,9983276.0
2024-10-09,94.96,95.06,94.23,94.44,10072179.0
2024-10-10,94.39,94.61,93.41,94.20999999999998,15065131.0
2024-10-11,94.12,94.14,93.31,93.53,7626673.0
2024-10-14,93.54999999999998,93.92,92.98000000000002,93.89,11295231.0
2024-10-15,94.04,95.0,94.0,94.85,15278732.0
2024-10-16,95.17,95.62,95.11,95.23999999999998,10426186.0
2024-10-17,94.99,95.04,93.64,93.76999999999998,17296484.0
2024-10-18,93.45,94.26999999999998,93.38,93.9,8610432.0
2024-10-21,93.79,93.79,92.15999999999998,92.21999999999998,20034191.0
2024-10-22,92.09999999999998,92.75,92.01,92.26,10559720.0
2024-10-23,92.11,92.36,91.67,91.88,9488714.0
2024-10-24,92.59999999999998,92.99,91.965,92.69,11151309.0
2024-10-25,92.96,93.03499999999998,92.01999999999998,92.23,8992920.0
2024-10-28,91.75,92.39,91.415,91.95,9439255.0
2024-10-29,91.81,92.27,90.985,92.23,13187066.0
2024-10-30,92.34,93.28,91.97,92.23999999999998,11554062.0
2024-10-31,92.51,92.93,91.88,92.45,14782380.0
2024-11-01,92.5,92.93,90.68000000000002,90.88,22388082.0
2024-11-04,91.93999999999998,92.57,91.63,92.39,19297857.0
2024-11-05,92.13,93.14,91.605,93.08,16876999.0
2024-11-06,90.62999999999998,90.71500000000002,89.45999999999998,90.5,33391008.0
2024-11-07,90.40000000000002,91.62,89.92,91.32,20385645.0
2024-11-08,91.97,92.595,91.6,92.21999999999998,18669168.0
2024-11-11,91.89,92.31,91.63,92.17,8290960.0
2024-11-12,91.82,91.91,90.515,90.72,26283909.0
2024-11-13,90.98,91.64,89.71999999999998,89.89,16197305.0
2024-11-14,89.81000000000002,91.025,89.67000000000002,90.35,19049063.0
2024-11-15,90.35,90.65,89.51999999999998,90.08,18274168.0
2024-11-18,89.93999999999998,90.59,89.19999999999999,90.21,12933973.0
2024-11-19,90.81,91.37000000000002,90.5,90.5,10212424.0
2024-11-20,90.26000000000002,90.825,90.0,90.5,8643757.0
2024-11-21,90.44,90.87,90.0,90.40000000000002,10553346.0
2024-11-22,90.67,90.87,90.155,90.46,6100042.0
2024-11-25,91.65000000000002,92.775,91.18999999999998,92.37,24801702.0
2024-11-26,92.07999999999998,92.51,91.82,92.23,12359670.0
2024-11-27,92.62,93.38,92.57999999999998,92.84,14059810.0
2024-11-29,93.52,94.08,93.445,94.02,11173171.0
2024-12-02,93.58,94.14,93.01,93.70999999999998,12773004.0
2024-12-03,93.44,94.12,92.995,93.11,13093934.0
2024-12-04,92.81,94.18,92.48,93.95,12890059.0
2024-12-05,93.8,94.39,93.62999999999998,94.17,7632790.0
2024-12-06,94.34999999999998,94.85,94.02,94.3,11416802.0
2024-12-09,94.17,94.18999999999998,93.465,93.6,12114005.0
2024-12-10,93.44,93.45,92.85,93.11,9918725.0
2024-12-11,93.04000000000002,93.29,92.09999999999998,92.2,12732830.0
2024-12-12,91.91,91.95,90.98,91.12999999999998,15684233.0
2024-12-13,91.16,91.36,90.085,90.38,17645777.0
2024-12-16,90.51,90.75,90.055,90.45,8509950.0
2024-12-17,90.21,90.98,89.95000000000002,90.66,7620402.0
2024-12-18,90.37,90.38,88.74,88.81,20829920.0
2024-12-19,88.86,88.86,87.50000000000001,88.08999999999999,33685788.0
2024-12-20,87.94,88.90499999999999,87.86999999999999,88.32999999999998,14195220.0
2024-12-23,88.1,88.26,87.44000000000001,87.54999999999998,12930360.0
2024-12-24,87.48999999999998,87.9,86.98000000000002,87.8,7344569.0
2024-12-26,87.52,87.95500000000001,87.06,87.72999999999999,6763403.0
2024-12-27,87.44999999999999,87.76999999999998,86.98000000000002,87.07,9619800.0
2024-12-30,87.31,88.04999999999998,87.22000000000001,88.00000000000001,10522300.0
2024-12-31,88.39,88.55000000000001,87.26000000000002,87.44999999999999,10187956.0
2025-01-02,87.84,88.32999999999998,87.21,87.76,11246209.0
2025-01-03,87.90999999999998,88.12,87.18500000000002,87.28,6426988.0
2025-01-06,86.94000000000001,87.54,86.67499999999998,86.85,13047100.0
2025-01-07,86.79999999999998,86.85,85.79500000000002,85.91999999999999,13822835.0
2025-01-08,85.99999999999999,86.195,85.24999999999999,85.83000000000001,14172460.0
2025-01-10,83.97,85.93999999999998,83.97,85.56,15692069.0
2025-01-13,85.31,85.75000000000001,85.04,85.71,10683128.0
2025-01-14,85.55000000000001,85.67,84.88999999999999,85.34999999999998,11573745.0
2025-01-15,85.36,86.97,85.34000000000002,86.65,19367988.0
2025-01-16,86.69999999999999,87.38999999999999,86.29,86.92,11113419.0
2025-01-17,87.27,87.8,86.92,87.04000000000002,8012904.0
2025-01-21,87.70999999999998,88.16999999999999,87.56999999999998,87.7,9775575.0
2025-01-22,87.74999999999999,88.04999999999998,87.32500000000002,87.46,7816125.0
2025-01-23,87.4,87.4,86.53000000000002,86.85,10206679.0
2025-01-24,87.11,87.27499999999999,86.61,87.21,7198224.0
2025-01-27,88.08,88.64,87.86000000000001,88.14999999999999,14775566.0
2025-01-28,87.96,88.24999999999999,87.66,88.18999999999998,8985953.0
2025-01-29,88.40999999999998,88.61000000000001,87.62999999999998,88.18,8162511.0
2025-01-30,88.40000000000002,88.93000000000002,88.16999999999999,88.38,7031124.0
2025-01-31,88.34999999999998,88.65500000000002,87.43,87.98999999999998,17553593.0
2025-02-03,88.04,89.09,87.70999999999998,87.79,18582131.0
2025-02-04,87.60999999999999,88.44,87.19,88.24,10790153.0
2025-02-05,88.76,90.17,88.72,89.98000000000002,18743508.0
2025-02-06,89.69999999999999,90.24,89.545,89.97,7182488.0
2025-02-07,90.0,90.52,88.93500000000002,89.25000000000001,10207540.0
2025-02-10,89.13999999999999,89.51999999999998,88.85,89.19,10165041.0
2025-02-11,88.79000000000002,88.79000000000002,88.32999999999998,88.38,7842446.0
2025-02-12,88.40000000000002,88.65000000000002,86.87000000000002,87.29,17922180.0
2025-02-13,87.51,88.88499999999999,87.46,88.59,17335583.0
2025-02-14,88.5,89.67999999999999,88.44,89.09,8202023.0
2025-02-18,88.91999999999999,88.91999999999999,88.04,88.14000000000001,11774421.0
2025-02-19,88.00000000000001,88.45,87.76999999999998,88.20000000000002,6778525.0
2025-02-20,88.32999999999998,88.75000000000001,88.14000000000001,88.49000000000001,8929839.0
2025-02-21,88.85,89.925,88.71,89.53000000000002,16538187.0
2025-02-24,89.63999999999999,90.06,89.13999999999999,89.87999999999998,8841076.0
2025-02-25,90.32,91.5,90.32,91.39,15994192.0
2025-02-26,91.28,92.06,91.04999999999998,91.83,8970058.0
2025-02-27,91.48,91.78499999999998,91.145,91.51000000000002,13949835.0
2025-02-28,91.92,92.47,91.34,92.25,15652754.0
2025-03-03,91.67,92.71999999999998,91.20999999999998,92.69,13972737.0
2025-03-04,92.23,92.79,91.04,91.26,19401938.0
2025-03-05,91.28,91.795,90.5,90.53,12131285.0
2025-03-06,90.16,90.79,89.73999999999998,90.54000000000002,13576676.0
2025-03-07,91.06,91.34999999999998,89.99,90.24,12119618.0
2025-03-10,90.62999999999998,91.62,90.56,91.40999999999998,12657924.0
2025-03-11,91.57,91.58,90.14,90.43,12534036.0
2025-03-12,90.40999999999998,90.81,89.77,89.85,10755710.0
2025-03-13,89.85999999999999,90.70999999999998,89.375,90.36,13854625.0
2025-03-14,90.42,90.45,89.77,90.17,8436694.0
2025-03-17,90.37,91.17,90.13,90.65,10048225.0
2025-03-18,90.54000000000002,91.02,89.95999999999998,90.66,7138125.0
2025-03-19,90.84999999999998,91.37000000000002,90.39,91.34,11782368.0
2025-03-20,91.3,92.23999999999998,91.155,91.25,10045252.0
2025-03-21,91.04999999999998,91.65000000000002,90.44,90.53,12800201.0
2025-03-24,90.5,90.5,89.63999999999999,89.73000000000002,9447809.0
2025-03-25,89.49,90.08,89.15,89.67000000000002,6689557.0
2025-03-26,89.57999999999998,89.71999999999998,89.09999999999998,89.29999999999998,9074868.0
2025-03-27,88.84,89.03000000000002,88.47000000000001,88.98,7938468.0
2025-03-28,89.57,90.34,89.37,90.24,13088093.0
2025-03-31,90.73,91.335,90.365,91.04999999999998,13140108.0
2025-04-01,91.2,91.9,91.12999999999998,91.12999999999998,13388793.0
2025-04-02,91.47,93.05,90.66,92.71999999999998,13973448.0
2025-04-03,92.49,92.84,91.84,92.09,18555132.0
2025-04-04,93.34,94.26999999999998,92.79,92.81999999999998,32101904.0
2025-04-07,93.5,93.65,89.43999999999998,89.87999999999998,39970601.0
2025-04-08,90.32,90.62,87.48,87.48,24760502.0
2025-04-09,86.97,88.915,85.57,88.64,38280898.0
2025-04-10,88.43000000000002,88.85,85.8,85.8,29111991.0
2025-04-11,86.15,87.30000000000001,85.00000000000001,86.45000000000002,22899459.0
2025-04-14,86.61999999999999,87.70999999999998,86.37999999999998,87.64000000000001,12971458.0
2025-04-15,87.50000000000001,88.18,86.92,87.72999999999999,7267098.0
2025-04-16,88.08999999999999,88.495,87.47499999999998,88.28000000000002,11640664.0
2025-04-17,87.98999999999998,88.45,87.23,87.40999999999998,12017949.0
2025-04-21,87.14,87.14,85.95999999999998,86.31000000000002,14896700.0
2025-04-22,86.05999999999999,87.54999999999998,86.05999999999999,87.46,8769847.0
2025-04-23,87.6,89.05999999999999,87.17,87.46,14855072.0
2025-04-24,87.56,88.34000000000002,87.48,88.14999999999999,8772322.0
2025-04-25,88.44,89.18,88.44,89.11000000000001,7732702.0
2025-04-28,89.11000000000001,89.57,88.45,89.45999999999998,6422243.0
2025-04-29,89.19999999999999,90.21,89.03000000000002,90.17,7498276.0
2025-04-30,90.26000000000002,90.68000000000002,88.99999999999999,89.13999999999999,12728838.0
2025-05-01,89.35999999999999,89.61999999999999,88.305,88.72,11655260.0
2025-05-02,88.78,89.01999999999998,87.54,87.76,11187377.0
2025-05-05,87.56,87.80999999999999,86.83,87.12000000000002,7008839.0
2025-05-06,86.73000000000002,87.66,86.63999999999999,87.30000000000001,5691674.0
2025-05-07,87.56,88.20999999999998,87.43,87.86999999999999,7355257.0
2025-05-08,87.74,88.06000000000002,86.77999999999999,87.02000000000001,8727670.0
2025-05-09,86.85,87.305,86.55,87.12000000000002,5641767.0
2025-05-12,86.77,87.15,86.09,86.27999999999999,10384965.0
2025-05-13,86.23999999999998,86.49999999999999,85.51000000000002,86.03000000000002,11749205.0
2025-05-14,86.03000000000002,86.31000000000002,85.20499999999998,85.29000000000002,11444858.0
2025-05-15,85.5,86.43,84.94,86.31000000000002,24574991.0
2025-05-16,86.65999999999998,86.97,85.38,85.40000000000002,9453208.0
2025-05-19,85.08,86.33999999999999,84.52,86.25000000000001,14604114.0
2025-05-20,86.37999999999998,86.47999999999999,85.06000000000002,85.52,11094703.0
2025-05-21,84.88999999999999,85.04999999999998,83.71,83.76000000000002,22609605.0
2025-05-22,83.86,84.52,83.05,84.38999999999999,16794613.0
2025-05-23,84.82,85.39,84.305,84.52999999999999,10953793.0
2025-05-27,85.53,86.02500000000002,85.14999999999999,85.7,18786991.0
2025-05-28,85.55000000000001,85.89000000000001,84.975,85.20999999999998,10274604.0
2025-05-29,84.82999999999998,86.25999999999999,84.68,86.17000000000002,11988157.0
2025-05-30,86.21,86.465,85.83999999999999,86.01,13907205.0
2025-06-02,85.16,85.46499999999999,84.79,85.18999999999998,13570777.0
2025-06-03,85.48000000000002,85.75000000000001,84.88999999999999,85.16,8873558.0
2025-06-04,85.00999999999999,86.645,84.92000000000002,86.47,18873275.0
2025-06-05,86.27,87.18000000000002,86.225,86.37999999999998,10356999.0
2025-06-06,86.63,86.75999999999999,85.26999999999998,85.32999999999998,13562839.0
2025-06-09,85.39,85.68,85.00000000000001,85.65000000000002,10475995.0
2025-06-10,85.97999999999999,86.21,85.51500000000001,85.88,6649110.0
2025-06-11,85.54,86.39999999999999,85.18,86.11999999999999,10468453.0
2025-06-12,86.27,87.29,86.23,87.25,13422450.0
2025-06-13,87.13,87.37,85.78,86.15999999999998,16943019.0
2025-06-16,85.89000000000001,86.43,85.46,85.66,13253693.0
2025-06-17,85.71,86.65499999999999,85.64,86.43,13025569.0
2025-06-18,86.37999999999998,87.09,86.33999999999999,86.51,10790732.0
2025-06-20,86.59000000000002,86.79,85.82,86.53999999999999,7510783.0
2025-06-23,86.23999999999998,87.44000000000001,86.21999999999998,86.73000000000002,11583058.0
2025-06-24,86.92,87.58000000000001,86.19,87.43,10609855.0
2025-06-25,87.62999999999998,87.7,86.80500000000002,87.51,7831028.0
2025-06-26,87.65,87.98999999999998,87.21,87.93,10347340.0
2025-06-27,87.74999999999999,88.155,87.24,87.52999999999999,12381554.0
2025-06-30,87.62,88.43500000000002,87.60999999999999,88.30999999999999,18102102.0
2025-07-01,88.45,88.69000000000001,87.665,88.24,10151750.0
2025-07-02,87.74999999999999,87.76,87.105,87.72000000000001,12959739.0
2025-07-03,87.98,88.1,86.84000000000002,86.99,9155931.0
2025-07-07,86.87999999999998,86.87999999999998,85.92499999999998,86.18,12850054.0
2025-07-08,85.95,86.18,85.44499999999998,86.01999999999998,9852035.0
2025-07-09,86.15,86.93,85.79000000000002,86.81999999999998,10201831.0
2025-07-10,86.79,87.055,86.48500000000001,86.87999999999998,5987430.0
2025-07-11,86.57999999999998,86.59000000000002,85.65000000000002,85.78,15512122.0
2025-07-14,85.66,85.875,85.31,85.56,6870772.0
2025-07-15,85.77,86.09999999999998,84.80999999999999,84.86999999999999,12287065.0
2025-07-16,85.00999999999999,85.65500000000002,84.19499999999998,84.98,18263152.0
2025-07-17,84.66999999999999,85.48000000000002,84.62999999999998,85.18999999999998,9716179.0
2025-07-18,85.37000000000002,85.49,85.105,85.34000000000002,7553694.0
2025-07-21,85.76,86.505,85.76,86.09,12307634.0
2025-07-22,86.01,86.76500000000001,85.75000000000001,86.33999999999999,12078216.0
2025-07-23,85.99,86.33,85.79000000000002,86.07999999999998,11763191.0
2025-07-24,85.88,86.235,85.47000000000001,86.19999999999999,7369585.0
2025-07-25,85.99999999999999,86.43999999999998,85.65000000000002,86.39000000000001,9540533.0
2025-07-28,86.43,86.59000000000002,85.83000000000001,85.93999999999998,10090721.0
2025-07-29,85.87,87.34,85.85,87.23,17885531.0
2025-07-30,87.19,87.40999999999998,86.56500000000001,86.84000000000002,15244895.0
2025-07-31,87.13,87.4,86.69,86.77999999999999,15143536.0
2025-08-01,86.33999999999999,87.93,85.93999999999998,87.8,20196227.0
2025-08-04,87.25,88.16,87.2,88.14999999999999,11022899.0
2025-08-05,88.02999999999999,88.45,87.76999999999998,88.14000000000001,8770071.0
2025-08-06,88.00999999999999,88.045,86.92,87.72000000000001,13160964.0
2025-08-07,87.8,88.24999999999999,87.6,87.68,7740146.0
2025-08-08,87.68,87.72000000000001,87.15499999999999,87.31,6952335.0
2025-08-11,87.48999999999998,87.76,87.22000000000001,87.22000000000001,6611894.0
2025-08-12,87.33,87.70999999999998,86.55,86.85,11837208.0
2025-08-13,87.36000000000001,87.805,87.31,87.68,11037475.0
2025-08-14,87.94,88.14000000000001,86.89499999999998,87.03,11258447.0
2025-08-15,87.05,87.12000000000002,86.25000000000001,86.49999999999999,11176083.0
2025-08-18,86.81999999999998,86.89,85.98499999999999,86.23999999999998,9828671.0
2025-08-19,86.11000000000001,86.745,86.09,86.57,10439989.0
2025-08-20,86.61,86.965,86.37999999999998,86.75999999999999,7669163.0
2025-08-21,86.67000000000002,86.69999999999999,86.10500000000002,86.45000000000002,9150411.0
2025-08-22,86.49999999999999,87.30000000000001,86.33,87.04000000000002,17509327.0
2025-08-25,86.77999999999999,87.05,86.51999999999998,86.90000000000002,10319365.0
2025-08-26,86.33999999999999,86.79,86.23,86.55999999999999,9231299.0
2025-08-27,86.61999999999999,86.73000000000002,85.99999999999999,86.59000000000002,11683908.0
2025-08-28,86.85999999999999,87.26000000000002,86.57,87.14,12379665.0
2025-08-29,87.04000000000002,87.07,86.39999999999999,86.47999999999999,13095124.0
2025-09-02,85.91,85.91,85.24999999999999,85.65000000000002,15228052.0
2025-09-03,85.38,86.80500000000002,85.37000000000002,86.65,15639552.0
2025-09-04,86.75,87.38,86.585,87.35,12291100.0
2025-09-05,87.31,88.73,87.26000000000002,88.56000000000002,23892710.0
2025-09-08,88.62,89.75499999999998,88.5,89.59999999999998,15133150.0
2025-09-09,89.35,89.545,88.99500000000002,89.18,11540017.0
2025-09-10,89.17000000000002,90.065,88.91999999999999,89.71,10152745.0
2025-09-11,89.59000000000002,90.47499999999998,89.49999999999999,90.13,12989435.0
2025-09-12,90.3,90.39,89.49999999999999,89.87000000000002,10349920.0
2025-09-15,89.71999999999998,90.45,89.63999999999999,90.23,5850304.0
2025-09-16,90.42,90.48999999999998,89.83999999999999,90.37,7606663.0
2025-09-17,90.46999999999998,91.04,89.73000000000002,89.81999999999998,14720613.0
2025-09-18,90.34,90.48,88.91000000000001,89.21,18113583.0
2025-09-19,88.95,89.21999999999998,88.78499999999998,89.01999999999998,9445306.0
2025-09-22,88.93000000000002,89.09999999999998,88.54,88.8,5966914.0
2025-09-23,88.98,89.43,88.755,89.37999999999998,7755574.0
2025-09-24,89.35,89.53000000000002,88.70499999999998,88.99999999999999,7332232.0
2025-09-25,89.05999999999999,89.19,88.46499999999999,88.95999999999998,7373317.0
2025-09-26,88.86,89.47,88.69000000000001,88.95,9775158.0
2025-09-29,89.29,89.73999999999998,89.23999999999998,89.63999999999999,9860660.0
2025-09-30,89.63,90.04000000000002,89.21,89.25000000000001,9479401.0
2025-10-01,88.86,89.635,88.85,89.31999999999998,10884680.0
2025-10-02,89.23999999999998,89.685,89.05999999999999,89.55,6197313.0
2025-10-03,89.45999999999998,89.87000000000002,89.27,89.35999999999999,8728538.0
2025-10-06,88.84,89.15,88.61000000000001,88.75000000000001,8778641.0
2025-10-07,88.69000000000001,89.375,88.5,89.15,9832092.0
2025-10-08,89.45000000000002,89.75999999999999,89.13,89.49999999999999,6460326.0
2025-10-09,89.41,89.59000000000002,89.01,89.23,5323186.0
2025-10-10,89.61,90.8,89.61,90.68999999999998,18213665.0
2025-10-13,90.24,90.61,89.865,90.5,6621718.0
2025-10-14,90.89,91.24,90.43,90.72,7618916.0
2025-10-15,90.98999999999998,91.29,90.47499999999998,90.76999999999998,9493042.0
2025-10-16,90.76,91.5,90.45,91.5,12339211.0
2025-10-17,91.55,91.62,90.9,91.14,11985725.0
2025-10-20,91.01,91.68,90.90999999999998,91.66,8561838.0
2025-10-21,91.72,92.185,91.55,92.0,6632013.0
2025-10-22,91.98,92.36,91.825,92.18,7031678.0
2025-10-23,91.75,91.78,91.295,91.4,8921349.0
2025-10-24,91.40999999999998,91.9,91.165,91.45,8086717.0
2025-10-27,90.84,91.9,90.84,91.9,9008856.0
2025-10-28,91.93999999999998,92.19,91.73,92.12,5744624.0
2025-10-29,92.03,92.15,90.81,90.87,13012580.0
2025-10-30,90.84,90.96999999999998,90.31,90.44,13668485.0
2025-10-31,90.23,90.65,90.09,90.15,10148340.0
2025-11-03,90.1,90.13,89.41999999999999,89.65,10722428.0
2025-11-04,89.87999999999998,90.06,89.69,89.98000000000002,7482720.0
2025-11-05,90.1,90.13,88.88499999999999,88.93999999999998,14074061.0
2025-11-06,89.15999999999998,89.85,89.07999999999998,89.67000000000002,11725399.0
2025-11-07,89.45999999999998,89.865,89.31000000000002,89.49999999999999,7295584.0
2025-11-10,89.03000000000002,89.67000000000002,89.01,89.45000000000002,7267543.0
2025-11-11,89.37,90.065,89.29999999999998,89.92,5005211.0
2025-11-12,89.69999999999999,90.31499999999998,89.61999999999999,90.13,6350750.0
2025-11-13,90.2,90.22,89.31000000000002,89.35999999999999,10484732.0
2025-11-14,89.31999999999998,90.06,88.86,88.95,11341794.0
2025-11-17,89.15,89.37999999999998,88.9,88.99999999999999,8203755.0
2025-11-18,89.31000000000002,89.49999999999999,88.8,89.11000000000001,8727547.0
2025-11-19,89.07,89.31000000000002,88.75000000000001,88.8,7408337.0
2025-11-20,88.95999999999998,89.415,88.57,89.29999999999998,8847578.0
2025-11-21,89.39999999999999,89.89,89.18,89.25999999999999,12540886.0
2025-11-24,89.67000000000002,90.12000000000002,89.67000000000002,90.02000000000001,10485844.0
2025-11-25,90.01000000000002,90.59,89.99,90.40000000000002,11664466.0
2025-11-26,90.31,90.64,89.83999999999999,90.61,10278438.0
2025-11-28,90.45,90.64,89.95499999999998,90.21,12091625.0
2025-12-01,89.47999999999999,89.51999999999998,88.71500000000002,88.83000000000001,14730062.0
2025-12-02,88.81,89.01,88.46499999999999,88.8,7048945.0
2025-12-03,88.93999999999998,89.23999999999998,88.74499999999999,88.95,7393208.0
2025-12-04,88.84,89.01,88.48499999999999,88.64,8430737.0
2025-12-05,88.57,88.64,88.045,88.18999999999998,9892049.0
2025-12-08,88.12999999999998,88.22,87.565,87.86999999999999,10628194.0
2025-12-09,88.00999999999999,88.40999999999998,87.84999999999998,87.94,7198046.0
2025-12-10,87.9,88.51000000000002,87.70999999999998,88.34999999999998,17821816.0
2025-12-11,88.38,88.82499999999999,88.04999999999998,88.18,7796032.0
2025-12-12,87.88999999999999,87.96999999999998,87.19499999999998,87.4,16344799.0
2025-12-15,87.60999999999999,87.875,87.39499999999998,87.54,9517724.0
2025-12-16,87.56,87.98,87.15,87.86000000000001,14020008.0
2025-12-17,87.72999999999999,87.985,87.44000000000001,87.84,7492230.0
2025-12-18,87.86999999999999,88.38,87.78000000000002,88.14999999999999,11634605.0
2025-12-19,87.56999999999998,87.74999999999999,87.35,87.56999999999998,13344813.0
2025-12-22,87.35,87.46999999999998,87.2,87.34,7650098.0
2025-12-23,87.64000000000001,87.80999999999999,87.03,87.6,12379868.0
2025-12-24,87.6,88.08999999999999,87.52999999999999,87.98,8051287.0
2025-12-26,87.79,88.26,87.60500000000002,87.74999999999999,9479603.0
2025-12-29,88.04,88.20000000000002,87.795,87.96,11063214.0
2025-12-30,87.94,88.03500000000001,87.60999999999999,87.86000000000001,6719138.0
