datetime,open,high,low,close,volume
2018-05-01,143.3,151.4,141.14,150.24,1255853.0
2018-05-02,149.99,150.61,144.18,144.85,1216438.0
2018-05-03,145.5,147.0,138.47,145.65,1634072.0
2018-05-04,146.44,154.65,143.18,154.05,1923959.0
2018-05-07,155.89,158.93,155.38,156.65,1577642.0
2018-05-08,157.01,157.94,153.51,156.51,1412132.0
2018-05-09,157.55,162.5,156.1,161.94,1218137.0
2018-05-10,163.1,167.3,162.0,166.61,1228818.0
2018-05-11,166.82,167.7,164.3,166.45,1175007.0
2018-05-14,167.8,170.46,166.36,167.38,1141125.0
2018-05-15,166.43,166.77,159.15,161.16,1668769.0
2018-05-16,162.49,166.0,161.2,165.0,795334.0
2018-05-17,163.17,166.69,160.55,163.2,909163.0
2018-05-18,163.4,164.03,159.68,160.35,756484.0
2018-05-21,163.28,166.23,161.02,162.96,1099914.0
2018-05-22,164.05,166.09,161.59,162.34,997460.0
2018-05-23,159.5,166.52,157.4,165.85,1303985.0
2018-05-24,56.41,56.42,53.74,55.61,1822332.0
2018-05-25,55.79,56.16,55.08,55.56,1909613.0
2018-05-29,54.84,55.77,53.83,54.85,2608244.0
2018-05-30,55.46,56.28,55.05,55.85,2252169.0
2018-05-31,56.24,56.97,55.44,55.96,2234919.0
2018-06-01,56.31,58.57,56.28,58.4,2366750.0
2018-06-04,59.06,60.1,58.8,60.0,1798409.0
2018-06-05,60.19,60.95,59.81,60.76,1529475.0
2018-06-06,60.91,61.86,59.89,61.62,1680720.0
2018-06-07,61.97,61.97,59.24,60.22,1960068.0
2018-06-08,59.04,60.39,58.3,60.13,1449812.0
2018-06-11,60.18,61.05,59.8,60.72,1113185.0
2018-06-12,60.85,61.88,60.28,61.88,1476427.0
2018-06-13,61.55,62.93,61.14,61.53,2032769.0
2018-06-14,61.02,63.66,60.96,63.4,2364867.0
2018-06-15,62.94,63.37,61.8,62.75,2503338.0
2018-06-18,61.73,62.75,60.93,61.5,2003102.0
2018-06-19,60.15,62.21,59.62,62.21,3175784.0
2018-06-20,62.44,64.13,62.4,63.76,2321628.0
2018-06-21,63.74,63.98,61.25,61.5,3364409.0
2018-06-22,62.03,62.5,60.61,61.15,1649826.0
2018-06-25,60.1,60.5,55.49,57.08,5266839.0
2018-06-26,57.17,58.78,57.11,58.15,2725435.0
2018-06-27,56.54,59.32,55.35,55.97,4032094.0
2018-06-28,56.32,57.41,54.57,57.07,3966705.0
2018-06-29,58.16,58.56,57.06,57.18,2558723.0
2018-07-02,56.0,58.47,55.3,58.34,2641849.0
2018-07-03,58.83,59.54,56.11,56.44,1617930.0
2018-07-05,56.84,58.59,56.6,58.0,2018054.0
2018-07-06,58.3,61.29,58.12,61.11,2472324.0
2018-07-09,62.0,63.3,61.4,63.22,2192038.0
2018-07-10,63.08,63.55,61.43,61.43,1877208.0
2018-07-11,61.12,62.65,61.01,61.83,2504211.0
2018-07-12,62.46,65.39,62.19,65.31,2775704.0
2018-07-13,65.49,65.63,64.6,65.2,2068917.0
2018-07-16,65.67,65.67,63.3,63.6,1699774.0
2018-07-17,63.47,66.4,62.7,66.32,2499979.0
2018-07-18,65.99,66.18,65.01,65.72,1419762.0
2018-07-19,65.48,65.55,64.3,65.08,2059502.0
2018-07-20,65.27,65.83,64.28,64.45,1665851.0
2018-07-23,63.89,66.5,63.2,66.48,1905271.0
2018-07-24,66.26,67.85,65.17,65.77,2563457.0
2018-07-25,65.99,68.9,64.2,65.72,2676759.0
2018-07-26,65.6,66.7,64.41,66.24,3305110.0
2018-07-27,66.58,67.12,61.78,62.7,3443982.0
2018-07-30,62.3,63.01,59.33,60.44,2901190.0
2018-07-31,60.48,62.9,59.91,62.0,2748984.0
2018-08-01,61.76,62.83,61.25,62.38,2271985.0
2018-08-02,61.21,65.1,60.6,64.97,3137473.0
2018-08-03,64.89,65.64,64.3,65.15,2465573.0
2018-08-06,65.4,66.56,64.99,66.43,2204682.0
2018-08-07,67.02,67.61,66.65,67.21,2347501.0
2018-08-08,67.24,67.84,66.42,67.13,1957565.0
2018-08-09,67.15,68.1,66.94,67.06,1830597.0
2018-08-10,66.35,66.55,65.03,65.96,2523110.0
2018-08-13,64.92,67.37,64.92,65.91,2946145.0
2018-08-14,67.12,67.12,65.23,66.87,1978214.0
2018-08-15,66.66,66.76,63.08,64.48,3939774.0
2018-08-16,65.24,66.15,64.5,64.63,2180579.0
2018-08-17,65.1,65.42,63.23,65.0,2251054.0
2018-08-20,65.73,65.76,64.0,64.68,2131208.0
2018-08-21,65.11,66.62,64.05,64.24,2159188.0
2018-08-22,64.8,66.41,64.7,66.25,1977314.0
2018-08-23,66.41,67.26,65.58,66.05,2132226.0
2018-08-24,66.33,67.87,66.28,67.82,2239232.0
2018-08-27,68.46,70.12,68.38,70.11,2405775.0
2018-08-28,70.0,70.56,69.65,70.24,1966758.0
2018-08-29,70.45,72.68,70.14,72.57,2014754.0
2018-08-30,72.23,73.35,71.35,71.77,2903033.0
2018-08-31,71.9,72.94,71.56,72.67,1858972.0
2018-09-04,72.89,73.0,70.25,71.55,2187889.0
2018-09-05,70.94,71.28,67.92,68.59,3142611.0
2018-09-06,68.56,69.05,65.38,66.51,3904046.0
2018-09-07,66.45,67.68,65.01,65.88,2351946.0
2018-09-10,66.99,67.35,65.54,66.91,1847744.0
2018-09-11,67.03,68.48,65.3,68.29,2303281.0
2018-09-12,68.81,68.94,65.79,67.35,2503334.0
2018-09-13,67.69,70.02,67.56,69.75,2504506.0
2018-09-14,70.15,70.44,68.21,68.99,2311664.0
2018-09-17,68.6,68.99,64.93,64.93,2164857.0
2018-09-18,66.35,68.64,66.1,67.7,2383183.0
2018-09-19,67.75,68.18,66.19,67.81,1710715.0
2018-09-20,67.52,70.05,67.52,69.9,1739049.0
2018-09-21,70.52,70.58,68.16,68.35,1896591.0
2018-09-24,67.61,69.43,66.24,69.22,1570231.0
2018-09-25,69.12,69.76,68.31,69.72,1380774.0
2018-09-26,70.12,71.47,69.0,69.68,2093727.0
2018-09-27,69.48,71.98,69.42,71.27,1733828.0
2018-09-28,70.99,71.75,70.1,71.45,1843825.0
2018-10-01,72.64,73.17,71.08,71.76,2226046.0
2018-10-02,71.28,72.76,70.49,71.0,1872679.0
2018-10-03,71.58,72.5,70.85,70.91,1937938.0
2018-10-04,69.97,70.59,65.7,67.49,4947309.0
2018-10-05,66.67,67.83,62.82,64.9,4417789.0
2018-10-08,64.02,65.22,61.25,63.8,4286643.0
2018-10-09,63.61,65.6,62.6,64.24,3627305.0
2018-10-10,63.8,64.2,54.0,54.39,8308849.0
2018-10-11,53.91,57.24,51.8,55.58,6209615.0
2018-10-12,57.0,58.57,54.8,58.57,5097849.0
2018-10-15,56.5,57.94,55.28,56.21,6061361.0
2018-10-16,56.54,62.28,56.38,62.04,4549595.0
2018-10-17,62.03,62.12,58.95,60.53,4535108.0
2018-10-18,60.95,60.95,55.82,56.96,4653201.0
2018-10-19,57.53,59.39,55.79,56.0,4470599.0
2018-10-22,57.3,58.58,55.97,56.89,4230445.0
2018-10-23,55.87,57.47,52.23,56.83,6102623.0
2018-10-24,56.0,57.1,48.68,49.52,7243035.0
2018-10-25,51.1,54.76,49.68,50.52,4522658.0
2018-10-26,49.55,52.81,47.06,50.34,6336934.0
2018-10-29,50.98,52.7,43.84,47.0,6976045.0
2018-10-30,47.94,49.88,45.57,49.31,5431739.0
2018-10-31,49.59,53.66,49.59,52.26,5630150.0
2018-11-01,52.07,54.75,51.45,53.1,3874342.0
2018-11-02,54.65,55.68,50.82,52.07,5656600.0
2018-11-05,51.94,52.75,49.77,51.7,3122989.0
2018-11-06,51.27,53.53,50.81,52.72,3552610.0
2018-11-07,54.58,57.8,54.03,57.53,4904332.0
2018-11-08,57.45,57.45,55.66,56.18,4801680.0
2018-11-09,55.96,55.96,52.3,53.25,4622603.0
2018-11-12,54.0,54.22,48.6,48.8,4462811.0
2018-11-13,49.8,51.5,48.45,49.77,4450363.0
2018-11-14,47.74,50.82,46.89,47.49,4981570.0
2018-11-15,48.21,50.6,46.21,49.5,5292064.0
2018-11-16,49.42,50.4,48.1,50.0,4393300.0
2018-11-19,50.03,50.57,44.4,44.85,6073445.0
2018-11-20,44.29,44.29,40.7,42.03,5453602.0
2018-11-21,43.5,44.62,42.98,43.38,3959506.0
2018-11-23,43.05,43.71,41.69,42.42,1782865.0
2018-11-26,44.2,45.52,43.62,44.45,4353035.0
2018-11-27,44.95,46.2,43.89,46.13,4309778.0
2018-11-28,46.25,50.18,46.01,49.91,7030725.0
2018-11-29,49.69,50.67,48.48,49.68,4471253.0
2018-11-30,49.6,51.15,49.08,51.0,3952903.0
2018-12-03,52.6,54.79,52.26,52.96,5161667.0
2018-12-04,52.06,52.99,47.0,47.8,6312226.0
2018-12-06,45.75,48.44,43.83,48.26,5216883.0
2018-12-07,47.17,48.42,43.0,43.34,6811914.0
2018-12-10,42.77,45.355,41.82,44.62,4860832.0
2018-12-11,44.72,47.25,44.09,45.26,4566665.0
2018-12-12,46.0,48.52,46.0,46.96,5531071.0
2018-12-13,47.0,47.89,45.52,46.2,4462652.0
2018-12-14,45.07,45.33,42.7,43.0,4919215.0
2018-12-17,42.9,43.48,39.09,40.75,6925441.0
2018-12-18,40.64,42.0,39.72,40.39,4688658.0
2018-12-19,41.0,42.59,36.88,38.24,10271427.0
2018-12-20,37.53,38.77,34.75,37.0,11634576.0
2018-12-21,36.56,37.49,32.21,32.61,13727753.0
2018-12-24,32.95,33.6,29.8,30.18,6256444.0
2018-12-26,30.6,36.4,30.0,35.6,13539220.0
2018-12-27,34.63,36.85,32.12,36.18,11224284.0
2018-12-28,36.79,38.1,35.37,36.18,8947744.0
2018-12-31,37.05,37.68,36.05,37.2,8433156.0
2019-01-02,34.25,38.23,34.25,34.87,9612068.0
2019-01-03,34.8,36.41,33.64,34.0,12682905.0
2019-01-04,35.21,38.75,34.88,38.25,8669181.0
2019-01-07,38.49,40.15,37.75,39.46,7324901.0
2019-01-08,40.19,41.11,38.9,40.76,7018875.0
2019-01-09,41.0,42.17,40.6,41.25,5872776.0
2019-01-10,40.31,42.08,39.96,41.58,5848427.0
2019-01-11,41.86,41.9,40.81,41.41,3529007.0
2019-01-14,40.37,40.92,39.86,40.41,3399948.0
2019-01-15,40.95,42.95,40.6,42.95,4807802.0
2019-01-16,42.89,43.86,42.38,42.38,4576696.0
2019-01-17,42.05,44.27,41.67,43.37,5172415.0
2019-01-18,43.91,45.61,43.75,45.15,5567574.0
2019-01-22,43.92,44.07,41.33,42.19,6058071.0
2019-01-23,42.3,43.5,41.02,42.27,4565945.0
2019-01-24,42.7,43.41,42.34,42.82,3937073.0
2019-01-25,43.89,45.16,43.6,44.77,4834213.0
2019-01-28,44.0,44.25,42.01,42.71,4459211.0
2019-01-29,42.6,43.41,41.43,42.66,3414393.0
2019-01-30,42.71,46.13,42.7,46.1,4842239.0
2019-01-31,46.15,47.71,45.64,46.56,4660379.0
2019-02-01,46.61,47.41,46.04,46.25,4155113.0
2019-02-04,46.4,48.44,46.25,47.65,2993712.0
2019-02-05,47.74,49.59,47.74,49.24,3610920.0
2019-02-06,49.0,49.73,48.33,48.73,3440232.0
2019-02-07,48.43,48.53,45.89,46.5,6839240.0
2019-02-08,46.31,47.29,45.6,47.23,4028904.0
2019-02-11,47.97,48.2,46.77,47.05,3393751.0
2019-02-12,48.14,49.38,47.9,49.36,3781542.0
2019-02-13,49.81,50.28,49.07,49.2,3707697.0
2019-02-14,49.72,49.96,48.23,49.24,4651134.0
2019-02-15,48.65,50.78,48.65,50.12,3988802.0
2019-02-19,50.34,50.78,49.56,50.27,2725847.0
2019-02-20,50.35,51.02,49.5,50.19,4920348.0
2019-02-21,50.56,50.8,48.94,49.41,3506270.0
2019-02-22,49.99,50.92,49.9,50.74,3633242.0
2019-02-25,51.28,52.37,51.07,51.17,3827377.0
2019-02-26,50.84,51.99,50.59,51.2,3099039.0
2019-02-27,50.76,51.57,49.79,51.3,3527714.0
2019-02-28,50.68,51.575,50.6,51.02,2825445.0
2019-03-01,52.1,52.29,51.03,52.07,4359955.0
2019-03-04,52.95,53.32,50.36,51.7,6624306.0
2019-03-05,52.31,52.67,51.43,52.04,3280047.0
2019-03-06,52.14,52.43,50.9,50.9,3766653.0
2019-03-07,50.65,51.4,48.83,49.44,5553307.0
2019-03-08,48.55,49.41,47.47,49.2,5746712.0
2019-03-11,49.74,52.88,49.41,52.84,3881650.0
2019-03-12,52.73,53.47,52.2,53.03,4727760.0
2019-03-13,53.15,55.09,53.11,54.54,4591129.0
2019-03-14,54.74,55.02,53.82,54.02,2623850.0
2019-03-15,54.46,55.93,54.31,55.36,4033051.0
2019-03-18,55.7,56.34,55.04,55.98,4086775.0
2019-03-19,56.12,57.28,55.69,56.18,4657910.0
2019-03-20,56.41,58.04,55.59,57.14,5931958.0
2019-03-21,56.74,59.93,56.06,59.86,4507816.0
2019-03-22,59.9,59.93,55.3,55.66,8218593.0
2019-03-25,54.65,55.97,54.19,55.85,7207535.0
2019-03-26,55.78,57.68,55.31,56.16,5479196.0
2019-03-27,56.63,56.77,53.85,54.83,5909730.0
2019-03-28,54.78,56.15,54.44,56.03,3954294.0
2019-03-29,56.25,56.99,55.68,56.9,3980985.0
2019-04-01,58.57,59.1,57.7,59.08,4117278.0
2019-04-02,58.78,59.71,58.63,59.42,3222885.0
2019-04-03,60.54,61.69,60.01,60.8,5116090.0
2019-04-04,60.7,61.27,59.43,60.32,4320875.0
2019-04-05,60.81,61.58,60.6,61.5,3390979.0
2019-04-08,61.12,61.99,60.37,61.92,2991363.0
2019-04-09,61.83,61.84,60.8,61.04,2812838.0
2019-04-10,61.41,62.65,61.23,62.57,2899287.0
2019-04-11,61.97,62.6,61.36,61.71,3443727.0
2019-04-12,61.91,62.81,61.74,62.5,3082843.0
2019-04-15,62.28,62.71,61.26,62.5,2508637.0
2019-04-16,63.21,63.56,62.59,63.1,3088535.0
2019-04-17,63.56,64.55,63.21,63.58,3133563.0
2019-04-18,62.77,64.2,62.77,63.98,2916109.0
2019-04-22,63.43,64.86,62.99,64.7,2057746.0
2019-04-23,64.58,67.28,64.33,67.1,3398164.0
2019-04-24,66.77,67.73,66.27,67.67,3029625.0
2019-04-25,67.58,68.21,65.7,66.19,3848370.0
2019-04-26,66.36,67.33,65.1,67.2,3639046.0
2019-04-29,67.46,67.96,66.28,66.29,2855808.0
2019-04-30,66.15,67.6,64.67,67.3,3758176.0
2019-05-01,67.6,67.9,64.55,64.96,3979994.0
2019-05-02,65.48,66.33,63.25,64.8,3991276.0
2019-05-03,65.47,67.98,65.36,67.83,3266274.0
2019-05-06,64.1,66.62,62.83,65.28,4731272.0
2019-05-07,65.75,65.77,60.65,62.4,6797666.0
2019-05-08,63.1,63.56,61.19,62.0,5120097.0
2019-05-09,60.51,61.58,58.27,61.13,6807232.0
2019-05-10,60.66,62.03,57.24,61.3,7106031.0
2019-05-13,58.24,58.6,53.9,54.16,6796477.0
2019-05-14,55.59,57.58,55.03,56.9,4187682.0
2019-05-15,56.7,59.39,55.18,58.92,6304479.0
2019-05-16,58.44,61.82,58.26,61.05,5553113.0
2019-05-17,60.28,61.34,58.6,58.89,5936976.0
2019-05-20,59.05,59.41,55.25,56.47,5861181.0
2019-05-21,56.75,58.03,56.47,57.71,3733013.0
2019-05-22,56.92,57.78,55.93,56.5,4443009.0
2019-05-23,55.45,55.45,53.105,54.31,6111785.0
2019-05-24,54.95,55.6,53.88,54.11,5027958.0
2019-05-28,54.36,55.41,53.43,53.57,3698519.0
2019-05-29,52.34,52.99,51.26,52.07,5782817.0
2019-05-30,52.62,53.18,51.3,51.4,4186914.0
2019-05-31,50.9,51.41,50.14,50.2,4431187.0
2019-06-03,49.04,50.18,46.13,47.38,6918240.0
2019-06-04,47.8,51.65,47.69,51.5,5273435.0
2019-06-05,51.74,52.36,50.37,51.65,5479695.0
2019-06-06,52.47,53.54,51.52,53.01,3121393.0
2019-06-07,53.49,56.91,53.28,56.38,4777396.0
2019-06-10,56.99,59.81,56.67,58.2,5143847.0
2019-06-11,59.3,60.36,57.86,58.31,4083426.0
2019-06-12,57.75,58.3,57.11,57.79,3301337.0
2019-06-13,57.89,58.83,57.78,57.9,2895983.0
2019-06-14,57.68,58.1,56.85,57.65,2543836.0
2019-06-17,57.89,59.17,57.75,58.8,2309798.0
2019-06-18,58.69,62.49,58.53,61.72,4327717.0
2019-06-19,61.5,62.77,60.4,62.68,3450457.0
2019-06-20,63.98,64.94,62.23,63.65,3385463.0
2019-06-21,63.45,64.54,62.88,63.02,3096589.0
2019-06-24,63.96,64.0,63.22,63.48,1716429.0
2019-06-25,62.96,63.36,59.78,60.12,3860605.0
2019-06-26,60.44,62.36,60.44,60.81,2660744.0
2019-06-27,61.88,62.28,60.86,61.83,2347273.0
2019-06-28,61.73,62.55,61.12,62.48,2667272.0
2019-07-01,64.89,65.55,63.4,63.85,4472307.0
2019-07-02,63.8,65.45,63.58,65.2,2363206.0
2019-07-03,65.7,66.64,65.26,66.59,2054567.0
2019-07-05,66.53,66.61,64.32,65.75,2985439.0
2019-07-08,65.2,65.39,63.83,64.25,3177987.0
2019-07-09,63.08,65.82,63.0,65.5,2600278.0
2019-07-10,65.27,68.09,64.7,67.54,3882142.0
2019-07-11,68.05,68.4,66.71,67.37,3594618.0
2019-07-12,67.75,68.53,67.375,68.31,2639780.0
2019-07-15,68.8,69.34,68.37,69.25,2267982.0
2019-07-16,69.26,69.34,67.45,67.9,3006451.0
2019-07-17,68.35,68.56,65.92,66.14,2810920.0
2019-07-18,65.81,68.65,65.44,68.03,3578309.0
2019-07-19,68.5,68.86,64.78,65.19,3963921.0
2019-07-22,65.74,67.73,65.72,67.55,2784445.0
2019-07-23,67.79,68.99,67.05,68.17,3360936.0
2019-07-24,67.99,70.69,67.5,69.8,2980811.0
2019-07-25,69.88,70.23,67.28,69.13,3919290.0
2019-07-26,69.55,70.37,69.19,69.97,3307376.0
2019-07-29,69.86,70.17,68.07,69.63,3112587.0
2019-07-30,69.15,69.28,67.54,69.02,2920696.0
2019-07-31,69.11,69.35,63.71,65.2,4962561.0
2019-08-01,65.91,69.6,63.65,63.91,9114621.0
2019-08-02,63.17,64.33,60.61,61.9,6523001.0
2019-08-05,59.19,59.33,50.96,51.25,7534987.0
2019-08-06,55.2,57.98,54.92,56.87,6128159.0
2019-08-07,57.63,58.63,54.31,57.76,8909155.0
2019-08-08,58.87,62.31,58.23,61.79,6224522.0
2019-08-09,61.15,61.91,58.975,60.39,7147190.0
2019-08-12,61.21,61.21,57.52,58.55,6333372.0
2019-08-13,57.81,63.38,57.09,62.55,6807852.0
2019-08-14,61.97,62.1,55.8,56.62,8503686.0
2019-08-15,57.24,58.12,54.03,56.81,6790108.0
2019-08-16,57.86,59.48,57.55,59.0,4886696.0
2019-08-19,60.6,62.23,60.38,61.3,3529019.0
2019-08-20,61.99,62.17,59.98,60.4,3537117.0
2019-08-21,61.5,62.94,61.36,62.69,2746165.0
2019-08-22,62.4,62.8,59.93,61.27,4396131.0
2019-08-23,62.1,62.43,55.08,55.88,9020891.0
2019-08-26,57.42,59.0,56.46,57.84,4100954.0
2019-08-27,57.65,59.55,57.0,58.16,3865839.0
2019-08-28,57.75,58.56,56.26,57.96,3609464.0
2019-08-29,59.99,61.43,59.75,60.76,3657679.0
2019-08-30,61.5,62.35,59.47,60.37,3471880.0
2019-09-03,58.53,60.18,58.12,58.72,3555776.0
2019-09-04,61.32,61.39,59.92,61.23,3035111.0
2019-09-05,62.72,65.1,62.61,64.85,3559316.0
2019-09-06,64.73,65.32,63.97,64.68,3149803.0
2019-09-09,64.8,65.1,62.98,64.12,3111418.0
2019-09-10,63.07,63.6,61.68,63.35,3799292.0
2019-09-11,63.84,66.92,63.07,66.74,3295812.0
2019-09-12,66.11,67.47,65.63,66.25,3801444.0
2019-09-13,66.46,66.87,65.01,65.3,2471119.0
2019-09-16,63.72,64.8,63.49,64.54,2475791.0
2019-09-17,64.11,65.38,63.89,65.23,2878417.0
2019-09-18,65.08,65.54,62.75,65.1,3461704.0
2019-09-19,64.82,66.69,64.45,65.58,3033740.0
2019-09-20,65.83,66.18,62.74,63.1,3256836.0
2019-09-23,63.5,64.85,62.7,64.5,2363766.0
2019-09-24,64.18,64.735,60.15,61.25,4951498.0
2019-09-25,60.36,63.44,59.24,62.79,3746956.0
2019-09-26,62.93,63.35,60.86,61.92,3031508.0
2019-09-27,62.11,62.94,58.67,60.2,4335372.0
2019-09-30,60.84,62.1,60.25,61.92,2744256.0
2019-10-01,62.43,63.35,59.82,60.48,3686888.0
2019-10-02,59.18,59.32,56.02,56.85,6963015.0
2019-10-03,57.28,59.07,54.91,58.67,5862440.0
2019-10-04,58.93,61.68,58.26,61.58,4463937.0
2019-10-07,60.74,62.33,60.54,61.0,3534752.0
2019-10-08,60.85,61.0,57.77,58.0,5578183.0
2019-10-09,58.65,60.61,57.22,58.3,3612983.0
2019-10-10,59.34,62.47,59.23,61.75,4532197.0
2019-10-11,62.36,64.99,62.36,63.82,5749928.0
2019-10-14,63.28,64.11,62.4,64.1,2039817.0
2019-10-15,64.48,66.345,63.91,65.85,3543015.0
2019-10-16,65.7,65.93,64.79,65.52,2637187.0
2019-10-17,65.9,66.9,65.14,65.76,2757886.0
2019-10-18,65.55,66.02,63.0,64.08,3221578.0
2019-10-21,64.65,65.82,64.44,65.72,2031972.0
2019-10-22,65.69,66.73,63.03,63.19,2703100.0
2019-10-23,63.4,65.29,63.0,65.16,2185514.0
2019-10-24,65.26,66.56,64.965,65.03,3343380.0
2019-10-25,65.47,68.0,65.08,67.99,3027076.0
2019-10-28,68.36,70.165,68.36,69.75,3040665.0
2019-10-29,69.8,69.85,68.24,68.39,2310618.0
2019-10-30,68.37,70.47,67.47,70.08,3000764.0
2019-10-31,70.17,70.46,68.12,69.26,2780440.0
2019-11-01,69.79,71.24,69.45,71.13,3130853.0
2019-11-04,71.85,73.3,71.38,73.13,2387209.0
2019-11-05,73.11,73.39,71.9,72.45,2617176.0
2019-11-06,72.66,72.75,71.05,72.18,3007926.0
2019-11-07,73.35,74.45,72.18,73.05,3653087.0
2019-11-08,72.47,73.74,71.84,73.5,2196410.0
2019-11-11,72.68,73.55,72.25,73.26,1992081.0
2019-11-12,73.5,74.71,73.2,73.72,3093148.0
2019-11-13,73.37,74.23,72.65,73.82,3063972.0
2019-11-14,73.42,73.97,72.52,73.94,2950156.0
2019-11-15,74.45,75.34,74.4,75.2,2839020.0
2019-11-18,75.7,75.98,74.19,75.5,2252942.0
2019-11-19,76.2,76.7,75.09,75.2,2907115.0
2019-11-20,74.69,76.02,72.86,73.95,3845907.0
2019-11-21,74.08,74.96,73.35,73.99,2617434.0
2019-11-22,74.93,75.02,72.98,74.28,2196273.0
2019-11-25,74.99,76.85,74.8,76.7,2275148.0
2019-11-26,76.77,77.55,76.58,77.42,2236912.0
2019-11-27,77.88,79.03,77.53,78.1,2087132.0
2019-11-29,78.2,78.57,77.61,77.78,1364110.0
2019-12-02,78.9,78.9,74.04,74.83,3934424.0
2019-12-03,75.46,75.63,71.12,73.61,4102156.0
2019-12-04,73.3,75.17,73.3,74.5,2379805.0
2019-12-05,75.05,75.72,73.98,75.1,2513853.0
2019-12-06,75.64,77.62,75.34,77.4,2619440.0
2019-12-09,77.07,78.12,75.92,76.24,2155115.0
2019-12-10,75.33,77.28,74.53,76.27,3094659.0
2019-12-11,76.1,77.73,76.1,77.73,2677518.0
2019-12-12,77.98,80.3,76.82,80.19,4757281.0
2019-12-13,80.4,80.74,78.35,80.0,4566155.0
2019-12-16,80.82,82.56,80.33,82.1,2749907.0
2019-12-17,82.35,82.79,81.97,82.23,2067760.0
2019-12-18,82.35,83.28,82.29,82.7,1880101.0
2019-12-19,82.55,84.48,82.41,84.4,2036395.0
2019-12-20,84.17,85.7,84.08,85.35,2372145.0
2019-12-23,85.55,86.34,85.54,85.91,2022574.0
2019-12-24,85.86,86.06,85.26,85.84,1013972.0
2019-12-26,86.14,88.31,86.14,88.28,1478901.0
2019-12-27,88.97,89.35,87.16,87.46,2392743.0
2019-12-30,88.15,88.16,84.8,86.11,2577351.0
2020-01-02,88.20000000000002,91.32,88.18,91.1,3340746.0
2020-01-03,88.20999999999998,89.99,86.17000000000002,88.52,3923919.0
2020-01-06,86.04,90.26000000000002,85.81,89.51999999999998,3528551.0
2020-01-07,90.51,90.76999999999998,85.93999999999998,86.73000000000002,2730928.0
2020-01-08,89.11000000000001,93.28,88.91000000000001,92.67,3889683.0
2020-01-09,93.68999999999998,94.86,92.71999999999998,94.71,3690652.0
2020-01-10,95.09999999999998,95.9,93.14,93.56,3293934.0
2020-01-13,94.6,97.5,94.31,97.5,2908022.0
2020-01-14,96.37,97.2,95.03,95.04,3646566.0
2020-01-15,95.7,97.12,94.83,96.40000000000002,3059593.0
2020-01-16,97.34,99.01,96.54000000000002,98.71999999999998,2536202.0
2020-01-17,99.0,100.12999999999998,98.27,99.73,2902316.0
2020-01-21,99.09999999999998,100.51000000000002,97.93999999999998,99.8,2734769.0
2020-01-22,101.2,102.28,99.84999999999998,99.98999999999998,2683110.0
2020-01-23,100.3,102.8,98.97,102.75,3004651.0
2020-01-24,103.18,103.32999999999998,97.51000000000002,98.2,4767908.0
2020-01-27,95.26,95.26,90.18000000000002,93.25,4830159.0
2020-01-28,93.68999999999998,98.15999999999998,93.15,97.06,3695501.0
2020-01-29,98.15999999999998,98.95999999999998,96.2,97.78,3334088.0
2020-01-30,95.15,101.53,94.48999999999998,100.89,4704740.0
2020-01-31,99.76999999999998,100.25,92.75,94.0,5129843.0
2020-02-03,95.55,98.65999999999998,94.62,96.62999999999998,4083824.0
2020-02-04,100.68,105.56999999999998,100.5,104.62,3340620.0
2020-02-05,106.64,108.74,103.89,106.0,3909237.0
2020-02-06,107.67,109.0,105.42,108.88,3133515.0
2020-02-07,108.29,108.8,106.12,106.7,3695986.0
2020-02-10,106.56999999999998,111.09,105.90000000000002,110.91,3033029.0
2020-02-11,112.03,113.86,110.09000000000002,111.46,4647159.0
2020-02-12,112.7,114.46,112.11,112.58,2907623.0
2020-02-13,112.29,115.1,110.41,113.77,3713329.0
2020-02-14,114.52,115.2,113.09000000000002,114.58,2901864.0
2020-02-18,111.74,115.75,111.20000000000002,115.68,3205974.0
2020-02-19,115.67,118.8,115.67,118.65,2306695.0
2020-02-20,117.75,118.1,110.4,112.43,5231298.0
2020-02-21,112.76,113.62,106.74,108.09999999999998,5239161.0
2020-02-24,99.01,100.5,93.64,97.31,8996774.0
2020-02-25,98.2,98.91,86.94000000000001,90.2,9815659.0
2020-02-26,86.47999999999999,93.74,84.0,87.65,12090505.0
2020-02-27,86.83,87.96999999999998,73.10999999999999,75.26,13832102.0
2020-02-28,71.05,79.48000000000002,67.5,78.48999999999998,15170862.0
2020-03-02,80.01,87.84,73.83000000000001,87.0,10272202.0
2020-03-03,87.51,91.48999999999998,76.88,78.43,15054980.0
2020-03-04,83.11000000000001,89.15,81.30000000000001,87.19,11595333.0
2020-03-05,84.32,86.75,79.08999999999999,81.50000000000001,12353006.0
2020-03-06,77.88,78.4,70.99999999999999,75.21,12595887.0
2020-03-09,64.99999999999999,69.14000000000001,58.599999999999994,65.09999999999998,14362168.0
2020-03-10,66.82999999999998,71.09999999999998,60.99999999999999,67.0,14589206.0
2020-03-11,66.00000000000001,67.8,59.00000000000001,61.55,14744189.0
2020-03-12,55.68999999999999,57.50000000000001,40.78000000000001,41.75999999999999,20841966.0
2020-03-13,49.07999999999999,57.50000000000001,45.07,53.74999999999999,17206548.0
2020-03-16,47.0,48.59000000000001,36.99999999999999,39.17,24192497.0
2020-03-17,41.06000000000001,45.13000000000001,35.75999999999999,38.87,25338764.0
2020-03-18,36.05,42.8,32.72999999999999,41.88999999999999,30283271.0
2020-03-19,38.93000000000001,44.08,36.0,39.12,30285868.0
2020-03-20,44.86999999999999,46.42999999999999,34.51,34.7,28381870.0
2020-03-23,33.51,40.74999999999999,31.67,37.099999999999994,25759987.0
2020-03-24,39.97999999999999,45.35,39.1,42.989999999999995,31340324.0
2020-03-25,45.76,47.82999999999999,41.08,42.97999999999999,34237798.0
2020-03-26,41.72999999999999,49.99999999999999,40.2,49.71999999999999,26318924.0
2020-03-27,46.75000000000001,48.32000000000001,43.6,43.8,20118255.0
2020-03-30,42.8,49.379999999999995,42.8,49.2,13810976.0
2020-03-31,49.75000000000001,51.53000000000001,46.129999999999995,46.18999999999999,22332112.0
2020-04-01,44.46999999999999,45.71,40.62,42.35000000000001,16147924.0
2020-04-02,43.35999999999999,44.86999999999999,40.27,43.8,15158688.0
2020-04-03,43.24999999999999,44.98,40.87,42.03,16471312.0
2020-04-06,47.39,52.17999999999999,46.36999999999999,51.91,16725204.0
2020-04-07,53.99999999999999,56.29,50.05,51.21,20289973.0
2020-04-08,51.96999999999999,54.99999999999999,50.08,54.73,15805224.0
2020-04-09,55.39999999999999,56.71999999999999,52.32999999999999,55.14999999999999,17031995.0
2020-04-13,52.69,57.70000000000001,52.47999999999999,57.53999999999999,13553877.0
2020-04-14,58.91,64.57,58.64999999999999,63.75999999999999,13364928.0
2020-04-15,62.14999999999999,63.38999999999999,59.669999999999995,60.66,12124361.0
2020-04-16,63.099999999999994,70.23,61.960000000000015,69.52999999999999,15028829.0
2020-04-17,68.7,69.78000000000002,64.04,66.35,13721359.0
2020-04-20,65.96,67.5,63.96999999999999,64.89999999999999,13370225.0
2020-04-21,63.95,64.12000000000002,56.3,58.70000000000001,15034919.0
2020-04-22,59.47,63.64,59.47,61.9,8599911.0
2020-04-23,61.78999999999999,65.58000000000001,60.15,60.57,13410541.0
2020-04-24,60.93,65.39999999999999,60.39999999999999,65.31999999999998,9315242.0
2020-04-27,67.6,67.99999999999999,65.64,66.3,8424944.0
2020-04-28,67.24,69.14000000000001,62.60999999999999,65.05,11320100.0
2020-04-29,66.24,73.0,65.15999999999998,72.36000000000001,10873319.0
2020-04-30,71.99,72.52,65.57,66.38,11207008.0
2020-05-01,64.48,67.31,62.51000000000001,63.99999999999999,9045236.0
2020-05-04,62.209999999999994,65.95,61.40000000000001,65.88,5588178.0
2020-05-05,67.87999999999998,70.22,65.87000000000002,68.84,7760571.0
2020-05-06,69.25,71.125,68.29999999999998,69.07,7379488.0
2020-05-07,70.99999999999999,73.12999999999998,70.57,73.06000000000002,7083249.0
2020-05-08,70.46,75.4,70.46,75.33,6455294.0
2020-05-11,75.86,77.89,72.56999999999998,76.45,6726351.0
2020-05-12,76.34000000000002,78.12,69.84999999999998,70.02,8285145.0
2020-05-13,72.0,74.45000000000002,66.76,69.9,14050761.0
2020-05-14,69.42000000000002,72.21,66.12,72.14000000000001,11409684.0
2020-05-15,72.68,73.1,67.87,72.4,8647897.0
2020-05-18,74.59000000000002,78.18000000000002,74.25999999999999,77.77,7277647.0
2020-05-19,77.43,79.57,76.1,77.15999999999998,6559318.0
2020-05-20,77.41999999999999,81.74999999999999,77.41999999999999,81.27,6789160.0
2020-05-21,80.04,81.92000000000002,77.88,79.16999999999999,8833789.0
2020-05-22,75.66,79.61000000000001,75.50000000000001,79.35,5071436.0
2020-05-26,81.94999999999999,85.24,78.38999999999999,78.94,5841177.0
2020-05-27,80.77,81.74999999999999,73.38,80.09,9058205.0
2020-05-28,80.04,83.19999999999999,77.04,79.46,7333506.0
2020-05-29,79.28,83.79999999999998,78.32,83.33,10133400.0
2020-06-01,82.97999999999999,84.23,81.0,83.21999999999998,4588801.0
2020-06-02,84.37,86.11000000000001,81.64999999999999,86.07,5717615.0
2020-06-03,86.18,87.48999999999998,85.22,86.67999999999999,4780769.0
2020-06-04,86.49999999999999,87.86999999999999,83.35999999999999,84.56999999999998,6067616.0
2020-06-05,86.45999999999998,90.53,84.18000000000002,89.59999999999998,7181360.0
2020-06-08,89.31999999999998,92.07999999999998,87.90999999999998,91.59,5266493.0
2020-06-09,91.0,94.98,89.65999999999998,94.55,4886812.0
2020-06-10,94.96,99.22,93.70999999999998,95.9,8404244.0
2020-06-11,93.72,94.5,82.83000000000001,85.14999999999999,11542697.0
2020-06-12,86.18,89.63,80.41999999999999,84.56999999999998,12683305.0
2020-06-15,79.99999999999999,90.51,78.9,90.48999999999998,11219351.0
2020-06-16,90.37,94.12,88.30999999999999,93.64,12029661.0
2020-06-17,94.25,95.45999999999998,92.4,92.77,6757870.0
2020-06-18,93.5,94.93999999999998,92.04,94.7,5210644.0
2020-06-19,95.9,97.31,91.88,92.36,7465074.0
2020-06-22,94.02,98.59999999999998,93.51,98.45,5458427.0
2020-06-23,99.56,102.62,98.67,99.3,5459335.0
2020-06-24,99.07,100.46999999999998,91.86,93.3,11506462.0
2020-06-25,92.14,97.34999999999998,90.75,96.93,7287091.0
2020-06-26,95.75,97.34999999999998,88.91000000000001,88.91000000000001,10867865.0
2020-06-29,89.81000000000002,93.9,86.31000000000002,93.5,7156050.0
2020-06-30,92.89,98.48,92.05,97.3,6249764.0
2020-07-01,97.44,102.46,95.85,101.35,6080402.0
2020-07-02,102.65,105.86,102.35,103.67,6040390.0
2020-07-06,107.76,112.61,107.12,112.45,4831494.0
2020-07-07,110.0,114.15999999999998,108.25,109.58,5597046.0
2020-07-08,109.96,113.83,108.48000000000002,113.73999999999998,5547795.0
2020-07-09,113.5,116.65000000000002,109.86,116.01999999999998,8115614.0
2020-07-10,114.09,119.03,111.89,118.89,6079849.0
2020-07-13,120.3,125.95,109.68999999999998,112.3,11183834.0
2020-07-14,111.07,115.3,103.39,114.6,15205062.0
2020-07-15,113.92,116.21,109.4,112.42,10511068.0
2020-07-16,110.57,112.36,106.98,109.82,8217747.0
2020-07-17,110.19,113.04,109.0,111.73,5561536.0
2020-07-20,110.09999999999998,122.4,109.75,121.87,6752337.0
2020-07-21,124.8,125.37999999999998,116.4,119.28,8076095.0
2020-07-22,117.43,120.13,115.65,117.6,6171088.0
2020-07-23,120.42000000000004,120.86,107.57,109.74,10015229.0
2020-07-24,104.75,108.15999999999998,101.01999999999998,105.67,11069874.0
2020-07-27,107.65,113.4,107.49,113.17,7084829.0
2020-07-28,112.8,112.8,107.37999999999998,108.92,7178832.0
2020-07-29,109.79000000000002,113.11,109.0,112.48,5772770.0
2020-07-30,108.81,120.34,106.99,119.6,8804693.0
2020-07-31,119.18,120.5,112.89,119.09999999999998,10915579.0
2020-08-03,120.5,125.13,120.17,123.94,6348943.0
2020-08-04,123.35,125.9,122.2,125.23999999999998,5095006.0
2020-08-05,127.07,127.5,124.90999999999998,125.73,4377651.0
2020-08-06,126.15,131.93000000000004,124.5,131.34,4787989.0
2020-08-07,130.81,131.82,123.69,126.95999999999998,9227291.0
2020-08-10,126.65,127.61000000000004,120.17,125.07999999999998,6530804.0
2020-08-11,126.89,127.78,117.39,120.00000000000004,8870520.0
2020-08-12,121.35,128.36,120.25,126.63000000000002,6191653.0
2020-08-13,126.48,131.18,125.41,129.08999999999995,6029022.0
2020-08-14,127.79999999999998,129.55,125.41,127.2,5389410.0
2020-08-17,128.74000000000004,132.64,128.52999999999997,132.52,2973000.0
2020-08-18,132.04,136.59999999999997,131.29,136.42,4134776.0
2020-08-19,136.63,137.21,131.85,131.98,4633424.0
2020-08-20,132.06999999999996,139.37,130.98999999999998,139.29999999999998,4238906.0
2020-08-21,139.24,142.01,135.99999999999997,141.79,3305976.0
2020-08-24,144.73,147.54,140.44,144.73999999999998,6850487.0
2020-08-25,145.89999999999998,148.67999999999998,142.07999999999998,148.51,4465111.0
2020-08-26,148.19,158.09999999999997,148.07,156.74999999999997,6131961.0
2020-08-27,156.83000000000004,159.86000000000004,151.56000000000003,156.80000000000004,8260787.0
2020-08-28,156.0,158.72,154.99999999999997,157.89999999999998,4469330.0
2020-08-31,158.51,164.52999999999997,157.63000000000002,163.00000000000003,5068771.0
2020-09-01,166.97000000000003,172.41000000000005,162.95,172.41000000000005,4355637.0
2020-09-02,175.12,176.79,164.68000000000004,175.05,7327601.0
2020-09-03,173.36,173.90999999999997,140.48999999999998,141.1,11903158.0
2020-09-04,147.39,150.28,123.87,139.17999999999998,15717015.0
2020-09-08,138.33,138.34,117.01,120.74,13478625.0
2020-09-09,125.57,135.2,125.57,134.0,9288171.0
2020-09-10,129.0,138.38999999999996,121.73,125.64,16604645.0
2020-09-11,128.72999999999996,130.65,116.81999999999998,120.6,10293698.0
2020-09-14,127.01,130.81,125.0,128.68999999999997,7577091.0
2020-09-15,129.78,135.42,129.78,133.40000000000003,8842026.0
2020-09-16,135.63,137.29,126.5,127.93999999999998,8633000.0
2020-09-17,121.45,124.7,115.75,121.31,13965017.0
2020-09-18,121.5,124.28,110.77,116.23999999999998,13771824.0
2020-09-21,114.0,119.44000000000004,108.09999999999998,119.34999999999998,10041959.0
2020-09-22,117.76000000000002,125.12,116.47,122.8,7406488.0
2020-09-23,124.20999999999998,126.16,110.5,110.7,10809666.0
2020-09-24,112.52,118.70999999999998,107.95,116.84,10179997.0
2020-09-25,114.90000000000002,123.55,112.58,121.95999999999998,8317359.0
2020-09-28,125.73,131.97,125.4,131.88,6717458.0
2020-09-29,130.75,130.95,127.54000000000002,129.28,4965837.0
2020-09-30,125.0,135.51999999999998,124.04999999999998,132.7,8333438.0
2020-10-01,134.09999999999997,138.26,133.49999999999997,137.17,6881128.0
2020-10-02,130.55,133.61999999999998,124.0,124.34,11211846.0
2020-10-05,127.70999999999998,134.09999999999997,127.6,131.97,4753898.0
2020-10-06,132.08000000000004,135.12,123.8,125.76,9018877.0
2020-10-07,128.48999999999998,134.11000000000004,127.5,133.96000000000004,5556420.0
2020-10-08,135.7,136.79999999999998,133.53999999999996,136.67,4361031.0
2020-10-09,136.19,142.22,135.79,141.95,4858099.0
2020-10-12,144.3,158.72,144.02999999999997,155.54999999999998,7044756.0
2020-10-13,153.93000000000004,160.90000000000003,152.16,155.7,7642022.0
2020-10-14,157.21000000000004,157.65999999999997,147.64999999999998,149.94999999999996,8873979.0
2020-10-15,145.97,148.86,141.51999999999998,148.26,7341870.0
2020-10-16,147.6,152.25999999999996,143.60000000000002,143.60000000000002,5691922.0
2020-10-19,148.19,149.50999999999996,136.36,140.71,7955086.0
2020-10-20,141.28,143.40000000000003,136.59,140.30000000000004,7702372.0
2020-10-21,139.17,143.01,136.15,137.5,6674761.0
2020-10-22,137.98,141.00999999999996,133.47000000000003,138.89,7056543.0
2020-10-23,139.17999999999998,139.85,134.89,139.49,5537451.0
2020-10-26,135.99999999999997,139.97999999999996,127.5,132.65999999999997,8291416.0
2020-10-27,134.32,137.18999999999997,132.50999999999996,134.24999999999997,6521277.0
2020-10-28,133.88,133.99,119.81,121.84999999999998,10916693.0
2020-10-29,123.76999999999998,130.46,120.48,122.51,7817496.0
2020-10-30,118.6,124.73,113.55,116.65000000000002,13615918.0
2020-11-02,119.03,122.09,113.61,118.12999999999998,8882277.0
2020-11-03,120.12,126.41,118.59,125.57,8536588.0
2020-11-04,132.04,142.99999999999997,129.95,141.32,11571241.0
2020-11-05,149.05000000000004,152.66000000000005,147.59,151.13999999999996,8634828.0
2020-11-06,146.30000000000004,152.56999999999996,143.60000000000002,151.53,7828318.0
2020-11-09,160.45,162.81999999999996,141.48,142.91,10341250.0
2020-11-10,140.35,140.68,130.35,133.79,11317956.0
2020-11-11,138.92,144.83000000000004,137.46999999999997,144.22999999999996,7292586.0
2020-11-12,142.34000000000003,146.92,139.73,142.43,7286249.0
2020-11-13,144.04,146.07,140.64999999999998,145.61,5472626.0
2020-11-16,147.22000000000003,150.93999999999997,142.5,149.60000000000002,5594148.0
2020-11-17,149.06,149.80000000000004,146.12,147.0,4174304.0
2020-11-18,147.19,148.75,142.85,143.3,3684077.0
2020-11-19,141.0,147.68999999999997,140.68999999999997,145.56,3804669.0
2020-11-20,147.12999999999997,148.35,143.2,144.14999999999998,2935956.0
2020-11-23,146.0,147.72999999999996,140.76,145.89999999999998,4435870.0
2020-11-24,145.57999999999998,152.25999999999996,143.07,152.25999999999996,3745747.0
2020-11-25,151.41,154.43999999999997,150.46,154.43999999999997,3266543.0
2020-11-27,154.99999999999997,159.04999999999998,154.39999999999998,157.35000000000002,2026353.0
2020-11-30,156.86,160.7,150.58999999999995,160.7,4348208.0
2020-12-01,160.83,166.95,160.11999999999998,164.52999999999997,3133182.0
2020-12-02,164.49999999999997,165.99000000000004,159.18000000000004,165.20999999999998,3220271.0
2020-12-03,165.87999999999997,168.18999999999997,164.37999999999997,165.99999999999997,3499141.0
2020-12-04,166.90000000000003,167.97,164.505,167.58,2573317.0
2020-12-07,166.39,171.02000000000004,165.82,169.49000000000004,2702948.0
2020-12-08,170.29999999999998,173.54,166.61000000000004,172.50000000000003,2995209.0
2020-12-09,171.95999999999998,172.27999999999997,158.62000000000003,160.90000000000003,5574819.0
2020-12-10,160.30000000000004,164.25999999999996,155.29,162.56,4210082.0
2020-12-11,160.05000000000004,161.53000000000003,155.9,161.45,3815927.0
2020-12-14,162.61,168.06,162.61,165.27,3709807.0
2020-12-15,166.62000000000003,170.44999999999996,164.92,169.93,3574371.0
2020-12-16,171.7,174.24000000000004,168.98999999999998,173.41000000000005,2939433.0
2020-12-17,175.48,176.90000000000003,173.58999999999995,176.29999999999998,3001334.0
2020-12-18,176.37999999999997,177.95,170.52999999999997,175.95,3952782.0
2020-12-21,175.89999999999998,175.89999999999998,164.68000000000004,174.44000000000003,4779655.0
2020-12-22,174.25000000000003,176.92,170.16,175.29999999999998,4227453.0
2020-12-23,174.5,176.05,171.4,172.65000000000003,2859088.0
2020-12-24,172.75,175.45,172.71,174.17,2082617.0
2020-12-28,177.52999999999997,180.74999999999997,176.03,180.66999999999996,2459518.0
2020-12-29,182.29,183.4,178.81,180.40000000000003,2892504.0
2020-12-30,181.75,182.99000000000004,179.27999999999997,180.77,2404881.0
2020-12-31,180.45,182.48,178.33000000000004,181.81,2579190.0
2021-01-04,183.87999999999997,185.19999999999996,166.83,173.09,4948323.0
2021-01-05,174.05000000000004,178.82,170.72,178.19,3231843.0
2021-01-06,175.00000000000003,178.34000000000003,166.30000000000004,173.19999999999996,5909222.0
2021-01-07,173.7,184.63999999999996,172.71999999999997,183.7,3324984.0
2021-01-08,184.99999999999997,191.73,183.4,191.03999999999996,3499064.0
2021-01-11,188.55000000000004,189.0,180.81999999999996,183.0,3387276.0
2021-01-12,183.30000000000004,184.4,176.40000000000003,181.91,3477090.0
2021-01-13,182.56,186.18,178.7,184.87999999999997,2245363.0
2021-01-14,184.91,187.33999999999995,180.93999999999997,182.51,3027164.0
2021-01-15,181.49999999999997,183.12,175.08000000000004,176.33,3133527.0
2021-01-19,182.0,188.12,179.59999999999997,187.88,3134459.0
2021-01-20,188.2,199.76,188.2,199.27,2497195.0
2021-01-21,101.51999999999998,102.14,99.0,101.21999999999998,3678072.0
2021-01-22,100.36,101.5,99.36,100.79000000000002,3093026.0
2021-01-25,103.23,105.05,96.78,103.03,7553203.0
2021-01-26,102.72,106.08,102.13,105.18000000000002,4464410.0
2021-01-27,104.77,105.33,91.3,92.11,10651612.0
2021-01-28,91.26999999999998,100.99,90.56999999999998,95.42,5201476.0
2021-01-29,94.0,96.09,88.75000000000001,89.98000000000002,10337033.0
2021-02-01,92.81999999999998,98.14,91.74,97.85,5746617.0
2021-02-02,98.79999999999998,103.32999999999998,98.79999999999998,102.84999999999998,4510331.0
2021-02-03,104.29000000000002,104.35,100.65000000000002,101.79999999999998,4475966.0
2021-02-04,101.95999999999998,104.67,100.75,104.37999999999998,3500446.0
2021-02-05,105.04,106.28,103.56999999999998,105.36,3278210.0
2021-02-08,106.45,107.59,105.35,107.29999999999998,3267738.0
2021-02-09,107.09,108.56,106.2,107.51,2607997.0
2021-02-10,109.01,109.2,103.46,106.6,6183212.0
2021-02-11,107.45,108.74,105.96,108.42,4611900.0
2021-02-12,107.45,110.59999999999998,106.44,110.51,2961312.0
2021-02-16,111.28,111.98999999999998,108.07999999999998,108.46999999999998,3590024.0
2021-02-17,109.51,109.51,104.01000000000002,107.71999999999998,4740225.0
2021-02-18,106.56999999999998,106.96,102.28,105.65,4902853.0
2021-02-19,106.5,108.3,103.85,104.75,4385295.0
2021-02-22,102.0,102.33,96.40000000000002,96.67,6193205.0
2021-02-23,96.27,97.36,86.41999999999999,95.4,10723703.0
2021-02-24,95.89,99.09999999999998,90.9,99.09999999999998,7059709.0
2021-02-25,97.1,98.07,86.41,86.90000000000002,13401313.0
2021-02-26,88.99999999999999,93.16,85.67,89.15,13077482.0
2021-03-01,93.23,98.15000000000002,92.0,97.93000000000002,6660809.0
2021-03-02,97.01,97.7,92.09999999999998,93.05,7377533.0
2021-03-03,94.46,94.92,82.51000000000002,82.51000000000002,12967445.0
2021-03-04,83.86,86.63,76.88,78.90999999999998,24030671.0
2021-03-05,78.96,84.46999999999998,75.03,84.15,19636298.0
2021-03-08,81.46,84.84999999999998,76.26000000000002,78.12,13747805.0
2021-03-09,80.59999999999998,87.14,80.53999999999999,86.19,10191031.0
2021-03-10,85.83999999999999,89.75999999999999,84.01000000000002,85.32999999999998,13211721.0
2021-03-11,89.29,92.26,88.14000000000001,91.3,8017657.0
2021-03-12,87.13,88.74,85.08,88.59,8043669.0
2021-03-15,87.7,91.81,87.38999999999999,91.08,5581569.0
2021-03-16,92.7,95.99,91.6,93.07,6991329.0
2021-03-17,92.55,95.73,88.61000000000001,94.66,9850536.0
2021-03-18,91.3,91.86,84.96,85.40000000000002,10588667.0
2021-03-19,86.97,87.62,83.41,86.13,9183977.0
2021-03-22,87.56,92.85,87.26000000000002,91.38,6712765.0
2021-03-23,90.53,93.22,89.18,90.13,8887498.0
2021-03-24,90.43,92.5,85.12000000000002,85.59,9707568.0
2021-03-25,85.45,86.59999999999998,81.64999999999999,85.48000000000002,11915053.0
2021-03-26,85.89000000000001,89.23,83.01999999999998,88.34999999999998,10418099.0
2021-03-29,87.29,89.53999999999999,85.72,89.05999999999999,9477963.0
2021-03-30,87.01000000000002,87.78000000000002,84.96,87.34,6945408.0
2021-03-31,87.44999999999999,92.59,87.13,91.83,7974521.0
2021-04-01,93.86,96.61,93.40000000000002,96.61,6700618.0
2021-04-05,96.09,102.54000000000002,96.06,102.40000000000002,6209420.0
2021-04-06,100.66,103.28,100.39,101.92,5423540.0
2021-04-07,101.84,103.22,100.1,102.86,4750736.0
2021-04-08,104.4,106.6,104.0,106.6,5368815.0
2021-04-09,105.22,107.45999999999998,103.15,106.61,6500313.0
2021-04-12,107.0,107.29999999999998,104.99,106.97,5305090.0
2021-04-13,106.83,111.0,106.01,110.37999999999998,5901915.0
2021-04-14,110.51,111.86,105.76000000000002,106.65000000000002,8340376.0
2021-04-15,108.27,111.76000000000002,107.93,111.20000000000002,6291158.0
2021-04-16,110.35,112.39,109.9,111.5,5617503.0
2021-04-19,112.11,112.11,106.75,109.02,9339080.0
2021-04-20,108.96999999999998,109.42,104.39,105.01999999999998,9492323.0
2021-04-21,105.45,109.23,104.01999999999998,108.23,6680834.0
2021-04-22,108.95,109.62999999999998,103.93999999999998,105.36,10502981.0
2021-04-23,105.87,110.31,105.41,108.90999999999998,6244570.0
2021-04-26,108.74,111.75,107.75,111.51,5397971.0
2021-04-27,111.65,111.81,108.78,109.95000000000002,6292992.0
2021-04-28,109.14,110.59999999999998,107.98,110.12,6648673.0
2021-04-29,111.07,112.3,106.58,108.8,8487117.0
2021-04-30,108.68999999999998,109.8,106.61,107.7,6495540.0
2021-05-03,108.35,109.48999999999998,105.23,105.34000000000002,7352042.0
2021-05-04,104.77,105.21,96.45,99.78,12759048.0
2021-05-05,100.74,102.84999999999998,98.4,99.23,7554614.0
2021-05-06,100.08,101.86,96.79,101.71999999999998,10823823.0
2021-05-07,101.55,106.23,101.45,104.09,8948712.0
2021-05-10,102.9,103.34999999999998,94.78,95.36,11416262.0
2021-05-11,92.59,96.23,89.59999999999998,95.37999999999998,14785976.0
2021-05-12,95.09999999999998,95.25,87.32,88.49000000000001,14049340.0
2021-05-13,87.36000000000001,92.67,86.49,90.39,13077120.0
2021-05-14,91.85,96.89,91.82,96.8,8305684.0
2021-05-17,95.17,95.69,91.72,94.87000000000002,8224617.0
2021-05-18,96.5,96.67,91.48999999999998,91.5,6789409.0
2021-05-19,89.05999999999999,92.99,87.02000000000001,91.82,9846904.0
2021-05-20,92.89,98.85,91.12999999999998,98.81,8208739.0
2021-05-21,98.89,99.92,96.12000000000002,96.54000000000002,6805480.0
2021-05-24,98.0,102.34000000000002,97.5,101.75,4902540.0
2021-05-25,103.01,103.44,100.62999999999998,102.54999999999998,5838843.0
2021-05-26,102.67,103.31,101.71999999999998,102.8,4277142.0
2021-05-27,101.29000000000002,103.16,100.9,102.75,4342491.0
2021-05-28,102.40000000000002,104.09,102.3,102.48999999999998,4359728.0
2021-06-01,103.09,104.29000000000002,100.29,101.2,6368090.0
2021-06-02,101.19,102.96,100.53,102.41,4151571.0
2021-06-03,101.42,101.95999999999998,97.38,98.29999999999998,5715055.0
2021-06-04,98.79999999999998,104.38500000000002,98.27,104.01000000000002,4648316.0
2021-06-07,103.11,105.54000000000002,102.33,105.29,2928703.0
2021-06-08,104.77,107.42,103.43,105.15,4233168.0
2021-06-09,105.37,107.12,104.9,105.07999999999998,4098813.0
2021-06-10,104.73,108.84999999999998,103.08,108.52,6685575.0
2021-06-11,108.20000000000002,109.25,107.76,109.20999999999998,3384191.0
2021-06-14,109.7,112.38,108.5,111.96999999999998,4494628.0
2021-06-15,112.75,112.84999999999998,109.46999999999998,110.15000000000002,4505508.0
2021-06-16,110.31999999999998,111.67,105.53,106.83,7561012.0
2021-06-17,106.97,114.07999999999998,106.42,113.62,7769486.0
2021-06-18,113.64,113.89,109.68,109.8,6925999.0
2021-06-21,111.59,112.92,108.39,112.56999999999998,5175239.0
2021-06-22,111.23,116.05,111.23,115.9,5238946.0
2021-06-23,115.88,116.95,114.93,116.2,4981419.0
2021-06-24,116.76,119.48,116.76,117.70000000000002,4836823.0
2021-06-25,118.04000000000002,118.84999999999998,116.85,117.35,3992237.0
2021-06-28,118.34,121.88,117.90000000000002,121.18,4133850.0
2021-06-29,121.01,123.64,120.67,123.62,3692636.0
2021-06-30,123.45999999999998,123.46999999999998,121.86,122.84999999999998,3726415.0
2021-07-01,123.59999999999998,123.62,120.65,122.2,3922454.0
2021-07-02,123.26,127.14,122.79,126.5,4435849.0
2021-07-06,126.23999999999998,128.76,124.51,128.08999999999995,5179223.0
2021-07-07,129.99999999999997,131.22,127.09999999999998,129.31,5262632.0
2021-07-08,126.3,127.84999999999998,122.24,126.18,7828301.0
2021-07-09,126.79999999999998,129.79,125.62,129.4,4497316.0
2021-07-12,128.75,131.28,128.75,131.05000000000004,3927274.0
2021-07-13,130.69,134.06,128.79,130.09,5603035.0
2021-07-14,130.83,134.08,130.46,131.58999999999995,6328362.0
2021-07-15,132.02,133.16,126.45,127.70999999999998,6816114.0
2021-07-16,128.91,130.71,125.13,125.15,5907019.0
2021-07-19,124.9,125.32999999999998,119.68,123.39,10749695.0
2021-07-20,123.59999999999998,128.30000000000004,121.54999999999998,127.28,6607032.0
2021-07-21,126.89,129.9,125.39,129.71,3751573.0
2021-07-22,130.51,133.57999999999998,129.54,133.25999999999996,4614055.0
2021-07-23,133.81999999999996,137.105,132.3,136.43999999999997,5142062.0
2021-07-26,136.01,137.57,135.0,136.94,3854358.0
2021-07-27,136.02,137.5,127.84,131.80000000000004,8961376.0
2021-07-28,132.2,135.86000000000004,131.26,133.57,6587051.0
2021-07-29,134.16,136.11999999999998,130.15,130.39999999999998,3861205.0
2021-07-30,129.66,133.35,129.5,133.01999999999998,5445353.0
2021-08-02,134.52999999999997,135.19,132.02,132.83000000000004,5311989.0
2021-08-03,133.45,135.2,129.86000000000004,134.67,6805186.0
2021-08-04,135.30000000000004,136.77000000000004,133.81999999999996,136.19999999999996,4868874.0
2021-08-05,136.3,138.48,135.82,138.16,3742644.0
2021-08-06,138.00000000000003,138.11,135.16,136.11,4096252.0
2021-08-09,135.99999999999997,137.78,135.67999999999998,137.08000000000004,3474754.0
2021-08-10,137.54,138.11,133.72,134.80000000000004,5509547.0
2021-08-11,134.16,137.05000000000004,132.84000000000003,133.68000000000004,5041621.0
2021-08-12,133.81999999999996,136.19999999999996,132.25,135.61000000000004,4078240.0
2021-08-13,136.22,137.61000000000004,135.28999999999996,137.05000000000004,3275013.0
2021-08-16,136.75999999999996,137.48,131.5,137.24000000000004,6226295.0
2021-08-17,135.83999999999995,136.15999999999997,130.97,132.56000000000003,8734803.0
2021-08-18,133.39,134.72,128.6,129.63,7084196.0
2021-08-19,127.58,133.6,126.09999999999998,131.42,9945196.0
2021-08-20,130.3,136.27000000000004,129.99,135.98,6252427.0
2021-08-23,136.97,142.7,136.77000000000004,142.51,4338121.0
2021-08-24,143.98999999999998,143.98999999999998,141.98,143.28,3127686.0
2021-08-25,143.76,144.4,142.62000000000003,143.40000000000003,3501933.0
2021-08-26,142.75,143.50999999999996,140.44,141.04,5417627.0
2021-08-27,142.42,145.59,141.14,145.08000000000004,4761382.0
2021-08-30,145.61,150.52000000000004,145.49,149.98999999999998,4685344.0
2021-08-31,151.57,151.89,147.68999999999997,149.86999999999998,4755161.0
2021-09-01,150.64,152.82,149.60000000000002,150.5,4780924.0
2021-09-02,150.99000000000004,152.335,148.59999999999997,149.89,4623811.0
2021-09-03,150.61,152.11000000000004,148.62000000000003,151.25999999999996,5098984.0
2021-09-07,152.28999999999996,152.88,150.16000000000005,151.69,4951391.0
2021-09-08,150.88,152.20999999999998,147.71000000000004,149.86999999999998,6818875.0
2021-09-09,149.60000000000002,152.08999999999995,148.36,148.82,6078167.0
2021-09-10,150.06999999999996,151.85,145.11000000000004,145.29,8077521.0
2021-09-13,146.52999999999997,148.78,142.75999999999996,145.53,8928821.0
2021-09-14,144.81999999999996,147.86000000000004,142.82,144.5,6035697.0
2021-09-15,144.77000000000004,147.56,141.77000000000004,147.23,6095966.0
2021-09-16,146.96,148.11999999999998,143.24000000000004,146.66000000000005,5557925.0
2021-09-17,147.44999999999996,147.67,140.96,141.42,8289293.0
2021-09-20,138.92,138.95,128.0,133.98,14233101.0
2021-09-21,137.11,137.50999999999996,132.26999999999998,132.48,8187317.0
2021-09-22,134.48999999999998,139.23,133.61,138.4,11078779.0
2021-09-23,140.18000000000004,142.57,137.98,141.47,8403314.0
2021-09-24,139.56,142.25,137.94,141.95999999999998,5813266.0
2021-09-27,142.31,142.43,135.4,137.65000000000003,8877411.0
2021-09-28,133.12000000000003,133.89999999999998,126.06999999999998,127.56999999999998,17090459.0
2021-09-29,130.33000000000004,130.61000000000004,125.30000000000004,127.17,11993516.0
2021-09-30,129.04999999999998,129.54,124.20999999999998,125.26,15598449.0
2021-10-01,123.14,127.98999999999998,120.84999999999998,127.03,13232589.0
2021-10-04,124.29,125.9,116.47,119.34999999999998,16055991.0
2021-10-05,119.04,125.99,118.92,123.15999999999998,9867687.0
2021-10-06,121.29,127.93999999999998,117.72,127.47000000000004,17186709.0
2021-10-07,129.64,132.34,128.75,130.39999999999998,9818212.0
2021-10-08,128.88999999999996,132.30999999999997,126.98000000000005,127.3,9783542.0
2021-10-11,125.65000000000003,129.69,123.76,124.24,8542669.0
2021-10-12,123.57,126.72,121.73,122.15999999999998,12522422.0
2021-10-13,123.92,127.31,123.28,127.21,10058017.0
2021-10-14,128.98,134.2,128.88,134.09999999999997,8100447.0
2021-10-15,133.96000000000004,135.98,133.43,135.91999999999996,6259263.0
2021-10-18,133.73,140.08999999999995,133.35,139.97999999999996,5415105.0
2021-10-19,140.5,143.66999999999996,140.28999999999996,143.13,6673269.0
2021-10-20,142.31,144.22,140.68,141.14,7078923.0
2021-10-21,141.34,145.2,140.51,142.59999999999997,5540355.0
2021-10-22,143.42999999999998,144.66,139.36,140.58000000000004,8756604.0
2021-10-25,141.99999999999997,146.87000000000003,140.72,146.68,7531420.0
2021-10-26,148.41000000000005,151.19000000000003,145.65,147.24,11105905.0
2021-10-27,147.63,151.71000000000004,145.8,149.11999999999998,9491229.0
2021-10-28,149.41,153.36999999999998,148.98,150.33,8574673.0
2021-10-29,149.74999999999997,155.92,148.19999999999996,155.78999999999996,8239752.0
2021-11-01,156.14,157.40000000000003,153.18000000000004,156.32,7707803.0
2021-11-02,156.54999999999998,159.36999999999998,155.60000000000002,158.24000000000004,7286529.0
2021-11-03,158.76999999999998,165.56,158.07,165.54,8275211.0
2021-11-04,165.15000000000003,171.34,164.72999999999996,170.21999999999997,10693166.0
2021-11-05,169.63000000000002,173.66,168.73999999999998,170.17999999999998,9741966.0
2021-11-08,169.93,171.9,169.05999999999997,169.28000000000003,7459693.0
2021-11-09,170.12000000000003,171.78000000000003,164.58000000000004,165.42,14140510.0
2021-11-10,165.83,166.39,156.50999999999996,159.4,14178182.0
2021-11-11,160.51,163.04,159.9,161.59999999999997,8101073.0
2021-11-12,161.78999999999996,166.06000000000003,159.75,165.96999999999997,8758948.0
2021-11-15,166.74,167.98999999999998,162.1,165.30000000000004,9591790.0
2021-11-16,164.82000000000002,169.4,163.92,168.85,7498721.0
2021-11-17,169.24000000000004,171.67999999999998,167.78999999999996,169.49999999999997,7964425.0
2021-11-18,171.24,175.06999999999996,168.77,174.68000000000004,13068848.0
2021-11-19,176.61,178.87,175.09999999999997,177.52,8607328.0
2021-11-22,178.86000000000004,183.35,170.48999999999998,171.46000000000004,12059118.0
2021-11-23,169.00000000000003,172.17,162.78999999999996,168.0,17827067.0
2021-11-24,168.29,170.56,162.33,170.28,14224117.0
2021-11-26,165.76999999999998,168.64,158.72,160.47,14280264.0
2021-11-29,164.90000000000003,172.33000000000004,164.08,172.02000000000004,11342259.0
2021-11-30,168.78999999999996,172.79,160.71,165.38000000000002,24517100.0
2021-12-01,168.78999999999996,171.62,153.56999999999996,157.08000000000004,23336097.0
2021-12-02,157.13999999999996,160.51,151.65,156.77999999999997,33157868.0
2021-12-03,157.32,162.18,144.93,149.40000000000003,39741034.0
2021-12-06,151.29,155.27999999999997,145.52,153.71999999999997,21634489.0
2021-12-07,160.47999999999996,169.25,160.47999999999996,168.25,19529441.0
2021-12-08,170.28,171.12,165.48,169.45,13937377.0
2021-12-09,169.37999999999997,170.51,161.45,163.05,15053415.0
2021-12-10,163.84000000000003,167.84000000000003,161.77000000000004,167.09,14373059.0
2021-12-13,168.57,170.09999999999997,159.50000000000003,160.30000000000004,13635598.0
2021-12-14,160.79999999999998,161.19999999999996,149.82,155.14,19241487.0
2021-12-15,155.70999999999998,167.47999999999996,150.04,167.05000000000004,21460152.0
2021-12-16,169.57,171.12,150.95,152.12,23779742.0
2021-12-17,151.27000000000004,155.78999999999996,147.0,152.19,23655975.0
2021-12-20,144.09000000000003,149.02,142.51,148.83999999999995,19258158.0
2021-12-21,150.09000000000003,156.44000000000003,145.72,155.66,16930155.0
2021-12-22,154.22,162.45,153.99999999999997,162.2,13456346.0
2021-12-23,161.85,167.29,161.70999999999998,165.28,9555932.0
2021-12-27,166.23999999999998,174.06999999999996,166.23999999999998,173.27,7921736.0
2021-12-28,174.96000000000004,176.48,170.03,172.62000000000003,10136542.0
2021-12-29,172.87,173.29,167.97,170.29999999999998,8103900.0
2021-12-30,172.06000000000003,173.65,168.77,169.57999999999998,7976613.0
2021-12-31,169.01999999999998,170.40000000000003,165.71000000000004,166.35,8665528.0
2022-01-03,168.01,171.80999999999997,165.11000000000004,171.04,11841535.0
2022-01-04,171.19,173.5,160.39,163.25,15741890.0
2022-01-05,162.97999999999996,164.05,147.79999999999998,149.77,20894460.0
2022-01-06,149.01,152.80999999999997,144.41,150.64,24425626.0
2022-01-07,146.92999999999998,150.93999999999997,141.99999999999997,143.74000000000004,21886960.0
2022-01-10,143.70999999999998,145.61,132.1,145.25,27583399.0
2022-01-11,144.77999999999997,151.09,141.03,150.5,25203878.0
2022-01-12,149.25000000000003,155.93,149.21,152.54,19808088.0
2022-01-13,76.31,77.55,70.02,70.58,21697092.0
2022-01-14,70.58,72.23,68.09,72.07,21471283.0
2022-01-18,68.65,69.70999999999998,66.07,66.38999999999999,19478622.0
2022-01-19,66.29,68.71,63.809999999999995,63.93,23761368.0
2022-01-20,65.21999999999998,68.17000000000002,59.4,60.57,21110083.0
2022-01-21,60.84000000000001,62.02,56.01,56.17,42558863.0
2022-01-24,57.38000000000001,57.77000000000001,48.18000000000001,57.24000000000001,64289803.0
2022-01-25,54.16,56.3,50.419999999999995,53.809999999999995,45791169.0
2022-01-26,55.04999999999999,58.84000000000001,51.38000000000001,54.63000000000001,51339645.0
2022-01-27,52.99,56.24,51.03999999999999,52.70000000000001,39094859.0
2022-01-28,52.50999999999999,56.919999999999995,49.78999999999999,56.78999999999999,39266646.0
2022-01-31,57.50000000000001,62.05,56.00000000000001,61.49999999999999,24976378.0
2022-02-01,62.5,64.85,59.739999999999995,64.65,20435796.0
2022-02-02,65.25999999999999,66.36999999999999,59.99,60.03999999999999,20360098.0
2022-02-03,60.94,61.14999999999999,56.12,59.7,23231708.0
2022-02-04,59.37,60.40999999999999,55.04999999999999,58.63000000000001,20909883.0
2022-02-07,58.49999999999999,60.27,56.72999999999999,57.91,15464799.0
2022-02-08,57.62,59.97999999999999,56.23,59.860000000000014,16467069.0
2022-02-09,60.669999999999995,63.37,60.60999999999999,63.08,15506300.0
2022-02-10,62.26,63.2,57.8,58.29999999999999,27261492.0
2022-02-11,57.53999999999999,59.53999999999999,52.56000000000001,53.36,30643446.0
2022-02-14,51.52000000000001,54.97,51.02000000000001,53.86999999999999,22444617.0
2022-02-15,55.82,57.43000000000001,55.349999999999994,56.849999999999994,16264092.0
2022-02-16,57.99999999999999,58.06999999999999,54.71000000000001,56.92999999999999,20318414.0
2022-02-17,56.26,56.86999999999999,51.84,52.27,16939116.0
2022-02-18,53.14000000000001,53.41,49.31999999999999,49.49999999999999,24983340.0
2022-02-22,47.54999999999999,51.49,47.11,49.98,31846766.0
2022-02-23,50.529999999999994,50.99999999999999,44.60999999999999,44.98,28337702.0
2022-02-24,42.040000000000006,49.85,40.29999999999999,48.55,49378599.0
2022-02-25,47.879999999999995,52.14999999999999,47.54999999999999,51.95,24003173.0
2022-02-28,49.45,53.184999999999995,49.35999999999999,52.8,24001082.0
2022-03-01,52.209999999999994,52.96,48.85,50.48,26883042.0
2022-03-02,49.78,53.06,49.42999999999999,52.11999999999999,25739200.0
2022-03-03,51.989999999999995,54.17000000000001,49.379999999999995,50.71999999999999,25745601.0
2022-03-04,49.27,49.95000000000001,47.0,47.669999999999995,29174399.0
2022-03-07,45.7,48.54,42.1,42.24,29535190.0
2022-03-08,42.68,45.99999999999999,40.77000000000001,42.09000000000001,41750215.0
2022-03-09,44.0,47.489999999999995,43.86,46.71999999999999,23848371.0
2022-03-10,45.79,46.309999999999995,43.2,45.20000000000001,25540721.0
2022-03-11,45.10000000000001,47.85999999999999,42.09000000000001,42.27000000000001,20026595.0
2022-03-14,42.83,43.61000000000001,39.56000000000001,40.41,23939227.0
2022-03-15,39.54,43.89000000000001,38.92000000000001,43.58,18066554.0
2022-03-16,45.09000000000001,49.17999999999999,43.69,48.71,32281105.0
2022-03-17,48.64,50.279999999999994,47.04,49.13999999999999,16213887.0
2022-03-18,49.379999999999995,53.599999999999994,48.69,53.50999999999999,17025420.0
2022-03-21,52.59000000000001,53.919999999999995,50.77,52.49999999999999,19171374.0
2022-03-22,52.93000000000001,56.34,52.77000000000001,56.09000000000001,14376176.0
2022-03-23,55.92000000000001,56.26,53.49999999999999,53.849999999999994,18842070.0
2022-03-24,54.25,57.13000000000001,53.41,56.86999999999999,13971092.0
2022-03-25,57.25,57.91,54.85,56.78999999999999,15961847.0
2022-03-28,56.44,59.7,56.1,59.41,14081304.0
2022-03-29,59.79000000000001,62.959999999999994,59.79000000000001,62.38000000000001,18970120.0
2022-03-30,61.919999999999995,62.53999999999999,59.809999999999995,60.89999999999999,12376465.0
2022-03-31,61.49999999999999,61.57999999999999,57.90500000000001,58.53999999999999,13322488.0
2022-04-01,58.790000000000006,59.11000000000001,56.4,57.91,13143044.0
2022-04-04,57.87,61.6,57.74,61.349999999999994,10486944.0
2022-04-05,61.77,61.83,56.849999999999994,57.46,14122781.0
2022-04-06,56.34,56.49,52.39999999999999,53.05,23936897.0
2022-04-07,53.78999999999999,55.07999999999999,51.58,54.33,18320192.0
2022-04-08,54.93,55.18999999999999,51.43000000000001,51.47,18370244.0
2022-04-11,50.99999999999999,51.04999999999999,47.849999999999994,47.879999999999995,16646631.0
2022-04-12,47.74999999999999,51.03000000000001,46.9,48.07999999999999,21096507.0
2022-04-13,48.55,50.82999999999999,47.31,50.3,15707990.0
2022-04-14,50.67999999999999,50.81999999999999,46.68000000000001,46.70000000000001,13445746.0
2022-04-18,45.86,48.16,45.75,48.14999999999999,14232418.0
2022-04-19,47.48,50.41,46.27,48.7,12762040.0
2022-04-20,48.95,51.02000000000001,47.44,48.72,20281500.0
2022-04-21,49.38999999999999,50.75999999999999,44.49999999999999,44.629999999999995,29486129.0
2022-04-22,45.09000000000001,45.58,40.92000000000001,41.099999999999994,26255138.0
2022-04-25,40.62,43.209999999999994,39.85,42.989999999999995,33174595.0
2022-04-26,42.29,43.029999999999994,36.27,37.96,26932816.0
2022-04-27,39.19,40.21999999999999,37.38000000000001,39.51,26727992.0
2022-04-28,40.50000000000001,42.73,38.29,40.00999999999999,33425485.0
2022-04-29,41.06000000000001,41.75999999999999,36.2,36.84,30944646.0
2022-05-02,36.78,38.3,35.14,38.02,25923784.0
2022-05-03,38.36,39.16,37.31000000000001,38.56999999999999,24184303.0
2022-05-04,38.599999999999994,42.44,36.535,42.07,44463011.0
2022-05-05,41.489999999999995,41.529999999999994,34.53,36.14000000000001,40697506.0
2022-05-06,35.599999999999994,36.53,33.1,34.24999999999999,43281092.0
2022-05-09,33.29,33.42,30.01,30.77,40525817.0
2022-05-10,31.589999999999996,33.08,30.28,31.53,43181547.0
2022-05-11,32.13,33.16,28.475,28.96,51694443.0
2022-05-12,28.469999999999995,29.879999999999995,26.695,29.109999999999996,56349960.0
2022-05-13,29.92,31.999999999999996,29.385,31.869999999999997,33993616.0
2022-05-16,30.92,31.89,30.18,30.73,25836377.0
2022-05-17,31.999999999999996,33.2,31.24,32.98,24791397.0
2022-05-18,32.419999999999995,32.669999999999995,27.23,27.24,21028450.0
2022-05-19,27.2,29.01,26.429999999999996,28.01,31296098.0
2022-05-20,28.839999999999996,29.139999999999997,24.94,27.37,40352139.0
2022-05-23,28.359999999999996,28.979999999999997,26.959999999999997,27.659999999999997,24124089.0
2022-05-24,27.019999999999996,27.569999999999997,25.429999999999996,27.37,26461418.0
2022-05-25,27.13,28.6,26.149999999999995,27.619999999999997,25522815.0
2022-05-26,28.18,30.78,27.47,30.4,25215646.0
2022-05-27,30.199999999999996,33.8,30.07,33.76,25371164.0
2022-05-31,33.1,33.99999999999999,31.739999999999995,33.48,27127314.0
2022-06-01,33.02000000000001,34.43,31.559999999999995,31.96,29098298.0
2022-06-02,32.71999999999999,35.35,31.449999999999996,35.16,24916948.0
2022-06-03,34.39,34.55,31.769999999999996,32.04,23436422.0
2022-06-06,33.39,34.129999999999995,32.01,32.54999999999999,20445099.0
2022-06-07,31.999999999999996,33.59,31.06,33.04,20016077.0
2022-06-08,33.0,33.93999999999999,32.34,32.669999999999995,14535033.0
2022-06-09,32.599999999999994,33.46,29.839999999999996,30.07,21538051.0
2022-06-10,29.89,30.379999999999995,26.674999999999997,26.76,25530540.0
2022-06-13,24.83,24.97,22.82,23.35,33676806.0
2022-06-14,24.01,24.1,22.53,23.69,26234785.0
2022-06-15,23.65,25.92,23.340000000000003,25.519999999999996,45911715.0
2022-06-16,24.719999999999995,24.719999999999995,21.33,22.08,29315128.0
2022-06-17,22.49,23.289999999999996,21.659999999999997,22.72,28166408.0
2022-06-21,24.0,24.97,23.56,24.38,24372713.0
2022-06-22,22.959999999999997,25.449999999999996,22.77,23.789999999999996,27833274.0
2022-06-23,24.01,25.57,23.94,25.120000000000005,27518654.0
2022-06-24,26.09999999999999,28.04,25.88,27.949999999999996,22246875.0
2022-06-27,28.680000000000003,28.86,26.999999999999996,27.499999999999996,21800137.0
2022-06-28,27.539999999999996,28.209999999999997,24.729999999999997,24.89,24128541.0
2022-06-29,24.77,25.28,24.105,24.82,26954607.0
2022-06-30,23.949999999999996,24.885,22.755,23.979999999999997,38359252.0
2022-07-01,23.32,24.499999999999996,23.109999999999996,24.45,30617837.0
2022-07-05,24.549999999999997,25.819999999999997,23.004999999999995,25.489999999999995,33164131.0
2022-07-06,25.800000000000004,26.72,25.13,26.219999999999995,31659038.0
2022-07-07,26.41,28.000000000000004,26.19,27.559999999999995,20161112.0
2022-07-08,27.519999999999996,28.309999999999995,26.54,27.9,18738558.0
2022-07-11,27.15,27.42,25.870000000000005,26.179999999999996,17265304.0
2022-07-12,25.53,26.979999999999997,24.9,25.289999999999996,22779142.0
2022-07-13,25.44,26.6,23.44,24.679999999999996,24487333.0
2022-07-14,24.659999999999997,25.870000000000005,23.625,25.870000000000005,22593221.0
2022-07-15,25.479999999999997,26.94,25.09,26.899999999999995,21662063.0
2022-07-18,27.729999999999997,28.000000000000004,25.819999999999997,26.35,20988852.0
2022-07-19,26.17,29.089999999999996,26.17,28.87,20043154.0
2022-07-20,28.62,30.239999999999995,28.289999999999996,29.67,23452492.0
2022-07-21,29.7,31.24,29.219999999999995,30.449999999999996,20484305.0
2022-07-22,30.489999999999995,31.53,28.95,29.239999999999995,19233672.0
2022-07-25,29.49,30.059999999999995,28.414999999999996,28.629999999999995,15464763.0
2022-07-26,28.839999999999996,28.88,27.05,28.459999999999997,15610526.0
2022-07-27,28.539999999999996,31.24,28.329999999999995,30.43,23257174.0
2022-07-28,30.159999999999997,33.2,29.519999999999996,32.79999999999999,21277434.0
2022-07-29,32.84000000000001,33.65,31.68,33.25,19469417.0
2022-08-01,33.22,34.42,32.43999999999999,33.21,17332122.0
2022-08-02,32.65999999999999,34.34000000000001,32.17,32.85,21517018.0
2022-08-03,32.9,35.945,32.77000000000001,35.35,20867839.0
2022-08-04,35.559999999999995,36.35000000000001,34.97,36.16,16117366.0
2022-08-05,36.32,36.39,34.155,35.06,17814346.0
2022-08-08,35.78999999999999,36.82500000000001,34.44,35.22,19150052.0
2022-08-09,34.98,35.1,33.19499999999999,33.879999999999995,14412774.0
2022-08-10,33.69,36.64,33.67,36.57,20282811.0
2022-08-11,36.92999999999999,38.02,35.669999999999995,36.06,17966677.0
2022-08-12,36.48,38.05,36.13,38.05,15398987.0
2022-08-15,37.43000000000001,39.08,37.32999999999999,38.88000000000001,11811107.0
2022-08-16,38.65999999999999,39.38,37.53,38.61999999999999,13648525.0
2022-08-17,38.19,38.32,36.55499999999999,36.92999999999999,19771318.0
2022-08-18,36.919999999999995,37.95,36.69,37.52000000000001,11604551.0
2022-08-19,36.84,36.919999999999995,34.89,34.92,15707241.0
2022-08-22,34.089999999999996,34.17999999999999,32.265,32.85,14967720.0
2022-08-23,32.669999999999995,33.35,32.205,32.41,15221942.0
2022-08-24,32.16,33.3,32.11,32.699999999999996,10399213.0
2022-08-25,33.76,34.46,32.94,34.33,17066742.0
2022-08-26,33.99999999999999,34.91,29.76,29.799999999999997,28555205.0
2022-08-29,29.360000000000003,30.119999999999997,28.91,29.570000000000004,16953705.0
2022-08-30,30.019999999999996,30.44,27.56499999999999,28.399999999999995,21561733.0
2022-08-31,28.6,29.395000000000003,26.949999999999996,27.12,24082781.0
2022-09-01,26.999999999999996,28.05,26.024999999999995,27.92,25019369.0
2022-09-02,27.76,29.03,26.179999999999996,26.639999999999997,27849245.0
2022-09-06,27.23,27.459999999999997,25.469999999999995,25.97,22060916.0
2022-09-07,26.199999999999996,27.895000000000003,25.78,27.589999999999996,19684044.0
2022-09-08,27.499999999999996,28.409999999999997,26.639999999999997,28.24,24599044.0
2022-09-09,28.67,30.01,28.6,29.869999999999997,17327106.0
2022-09-12,30.239999999999995,31.16,30.019999999999996,31.09,15481777.0
2022-09-13,31.36,31.89,25.565,25.93,27315845.0
2022-09-14,26.069999999999997,26.749999999999996,25.57,26.639999999999997,19229542.0
2022-09-15,26.6,26.66,24.38,24.53,24220391.0
2022-09-16,24.39,24.92,23.67,24.910000000000004,24528916.0
2022-09-19,23.979999999999997,25.51,23.769999999999996,25.51,16891076.0
2022-09-20,25.08,25.19,23.984999999999996,24.569999999999997,17801864.0
2022-09-21,24.53,25.91,22.67,22.7,44175586.0
2022-09-22,23.289999999999996,23.78,22.08,22.54,26373619.0
2022-09-23,22.13,22.22,20.455,21.36,33226372.0
2022-09-26,21.19,22.2,20.76,21.140000000000004,26189067.0
2022-09-27,21.9,22.35,20.5,21.12,30718770.0
2022-09-28,20.62,22.585,19.999999999999996,22.15,32668279.0
2022-09-29,21.34,21.78,19.63,20.57,34327111.0
2022-09-30,20.949999999999996,21.085,19.28,19.359999999999996,29107340.0
2022-10-03,19.11,21.01,18.86,20.94,25572452.0
2022-10-04,21.76,22.76,21.629999999999995,22.469999999999995,28286835.0
2022-10-05,22.16,22.994999999999997,21.01,22.92,24923628.0
2022-10-06,22.51,23.059999999999995,21.649999999999995,21.769999999999996,26195549.0
2022-10-07,21.679999999999996,22.07,19.17,19.369999999999997,31918056.0
2022-10-10,19.19,19.65,18.3,19.01,22061419.0
2022-10-11,18.47,19.135,17.744999999999997,18.23,30223164.0
2022-10-12,18.42,18.78,17.935,18.25,21943004.0
2022-10-13,18.11,19.615,16.324999999999996,19.229999999999997,54003338.0
2022-10-14,19.449999999999996,20.21,17.41,17.41,41259419.0
2022-10-17,18.209999999999997,19.88,18.02,19.85,29874260.0
2022-10-18,20.479999999999997,21.0,19.175,20.56,45501309.0
2022-10-19,20.039999999999996,20.269999999999996,19.01,19.2,31256491.0
2022-10-20,18.959999999999997,20.465,18.73,18.85,27383962.0
2022-10-21,18.84,20.78,18.43,20.729999999999997,40001569.0
2022-10-24,20.530000000000005,21.47,19.8,21.229999999999997,33603047.0
2022-10-25,21.34,22.67,21.04,21.15,27424363.0
2022-10-26,21.53,22.495,20.85,21.299999999999997,31784074.0
2022-10-27,21.01,21.140000000000004,18.22,19.309999999999995,29329322.0
2022-10-28,19.04,21.909999999999997,18.98,21.839999999999996,30221664.0
2022-10-31,21.559999999999995,21.579999999999995,20.495000000000005,21.03,21705900.0
2022-11-01,21.32,21.86,20.069999999999997,20.29,23419851.0
2022-11-02,20.409999999999997,20.975,18.04,18.1,46502334.0
2022-11-03,18.22,18.32,17.009999999999998,17.049999999999997,22881857.0
2022-11-04,17.28,18.35,16.73,17.869999999999997,49384054.0
2022-11-07,18.13,18.639999999999997,17.709999999999997,18.559999999999995,20124984.0
2022-11-08,18.459999999999997,19.615,18.095,19.08,30538864.0
2022-11-09,19.0,19.01,17.535,17.65,24464351.0
2022-11-10,17.739999999999995,21.8,17.54,21.719999999999995,40043558.0
2022-11-11,22.249999999999996,22.83,21.13,22.62,33555521.0
2022-11-14,22.35,22.959999999999997,21.825,22.19,23426848.0
2022-11-15,22.659999999999997,24.179999999999996,22.19,22.92,36869891.0
2022-11-16,23.089999999999996,23.25,21.83,22.229999999999997,23119203.0
2022-11-17,22.249999999999996,22.249999999999996,20.78,21.89,30793136.0
2022-11-18,21.87,22.58,21.285,21.79,18622318.0
2022-11-21,21.50999999999999,21.79,20.975,21.19,13257880.0
2022-11-22,20.99,22.100000000000005,20.839999999999996,22.02,14667140.0
2022-11-23,22.04,22.865,22.0,22.83,17118864.0
2022-11-25,22.799999999999997,22.86,22.16,22.229999999999997,6936169.0
2022-11-28,21.79,22.269999999999996,21.07,21.31,13795314.0
2022-11-29,21.71,21.75,20.475,20.68,14381467.0
2022-11-30,21.01,23.829999999999995,20.66,23.78,32240896.0
2022-12-01,23.52,24.17,23.00999999999999,23.58,21737962.0
2022-12-02,23.63,23.749999999999996,21.82,23.289999999999996,23314465.0
2022-12-05,23.33,23.35,21.87,22.289999999999996,15470933.0
2022-12-06,22.389999999999997,22.429999999999996,20.505,20.929999999999996,16657133.0
2022-12-07,20.859999999999996,21.025,20.1,20.56,16388473.0
2022-12-08,20.72,21.494999999999997,20.4,21.26,20519423.0
2022-12-09,21.519999999999996,21.87,20.6,20.829999999999995,19873755.0
2022-12-12,20.879999999999995,21.659999999999997,20.68,21.639999999999997,13080933.0
2022-12-13,21.699999999999996,25.09,21.67,22.35,47385626.0
2022-12-14,22.42,22.984999999999996,21.08,21.94,46817090.0
2022-12-15,21.11,21.159999999999997,19.35,19.61,26341150.0
2022-12-16,18.97,19.8,18.714999999999996,19.01,19497821.0
2022-12-19,19.289999999999996,19.379999999999995,17.985,18.38,17271766.0
2022-12-20,18.139999999999997,18.554999999999996,17.675,18.43,17156832.0
2022-12-21,18.519999999999996,19.249999999999996,18.235,19.07,16377840.0
2022-12-22,19.04,19.05,16.585000000000004,17.45,25191500.0
2022-12-23,17.46,17.899999999999995,16.835,17.55,14501529.0
2022-12-27,17.94,17.94,16.725000000000005,16.8,14896870.0
2022-12-28,16.89,17.19,16.1,16.239999999999995,16649436.0
2022-12-29,16.379999999999995,17.49,16.379999999999995,17.28,15562494.0
2022-12-30,16.939999999999998,17.43,16.505,17.34,14853591.0
2023-01-03,17.799999999999997,18.03,16.475,16.93,19662588.0
2023-01-04,17.27,17.485,16.550000000000004,17.16,22948773.0
2023-01-05,17.009999999999998,17.39,16.279999999999998,16.43,19763119.0
2023-01-06,16.39,17.894999999999996,16.04,17.6,26472929.0
2023-01-09,17.729999999999997,18.955,17.719999999999995,17.94,21398342.0
2023-01-10,17.94,18.489999999999995,17.58,18.479999999999997,16166576.0
2023-01-11,18.4,19.48,18.37,19.409999999999997,16647292.0
2023-01-12,19.379999999999995,19.94,18.499999999999996,19.67,30713841.0
2023-01-13,19.68,20.159999999999997,19.0,20.019999999999996,15430106.0
2023-01-17,19.92,20.51,19.75,20.03,14405770.0
2023-01-18,20.24,20.899999999999995,19.359999999999996,19.429999999999996,21030341.0
2023-01-19,19.239999999999995,19.359999999999996,18.589999999999996,18.959999999999997,15809777.0
2023-01-20,19.02,20.460000000000004,18.87,20.43,16118131.0
2023-01-23,20.339999999999996,22.0,20.28,21.679999999999996,18942253.0
2023-01-24,21.71,22.16,21.140000000000004,21.24,14523995.0
2023-01-25,21.19,21.659999999999997,19.979999999999997,21.619999999999997,22662987.0
2023-01-26,21.75,22.729999999999997,21.604999999999997,22.299999999999997,22442765.0
2023-01-27,22.25999999999999,23.815,22.209999999999997,23.26,18026882.0
2023-01-30,22.589999999999996,22.9,21.845,22.06,18330810.0
2023-01-31,21.649999999999995,22.92,21.369999999999997,22.63,16770785.0
2023-02-01,22.75,25.229999999999997,22.359999999999996,25.16,33728348.0
2023-02-02,25.489999999999995,27.549999999999997,25.209999999999997,25.77,34659435.0
2023-02-03,25.42,27.135,25.08,25.409999999999997,32308165.0
2023-02-06,24.980000000000004,25.44,24.53,24.999999999999996,18714128.0
2023-02-07,24.9,26.685,24.549999999999997,26.28,30580150.0
2023-02-08,26.289999999999996,26.47,24.815,25.1,20434230.0
2023-02-09,25.66,26.089999999999996,23.929999999999996,24.32,22395236.0
2023-02-10,24.24,24.300000000000004,23.225,23.789999999999996,18510938.0
2023-02-13,23.85,25.09,23.85,24.94,13586309.0
2023-02-14,24.88,25.800000000000004,24.06,25.339999999999996,31150364.0
2023-02-15,25.139999999999997,26.229999999999997,24.855,26.179999999999996,16127119.0
2023-02-16,26.17,26.269999999999996,24.22,24.249999999999996,24719582.0
2023-02-17,23.94,24.230000000000004,23.3,24.07,20224161.0
2023-02-21,23.129999999999995,23.619999999999997,22.294999999999995,22.42,16678595.0
2023-02-22,22.319999999999997,22.84,21.99,22.71,18071476.0
2023-02-23,22.92,23.229999999999997,21.955,22.75,15594061.0
2023-02-24,22.55,22.61,21.355,21.719999999999995,17154483.0
2023-02-27,22.09,22.799999999999997,22.049999999999997,22.289999999999996,13166506.0
2023-02-28,22.09,22.715,21.86,21.9,11433411.0
2023-03-01,22.369999999999997,22.55,21.369999999999997,21.629999999999995,15106882.0
2023-03-02,21.159999999999997,22.289999999999996,20.909999999999997,21.979999999999997,14063751.0
2023-03-03,22.13,23.56,22.119999999999997,23.549999999999997,14361321.0
2023-03-06,23.64,24.479999999999997,23.4,23.59,13742577.0
2023-03-07,23.75999999999999,23.879999999999995,22.53,22.71,18030594.0
2023-03-08,22.77,23.139999999999997,22.339999999999996,22.979999999999997,14582369.0
2023-03-09,22.71,23.7,21.499999999999996,21.629999999999995,19254636.0
2023-03-10,21.579999999999995,22.299999999999997,20.62,20.949999999999996,37212296.0
2023-03-13,21.87,22.14,20.059999999999995,21.43,43337992.0
2023-03-14,21.549999999999997,22.905,21.2,22.76,24719409.0
2023-03-15,22.85,23.35,21.519999999999996,23.199999999999996,33532996.0
2023-03-16,23.43,25.03,22.725,24.980000000000004,29051257.0
2023-03-17,25.08,25.51,24.1,24.589999999999996,23717743.0
2023-03-20,24.249999999999996,24.910000000000004,23.859999999999996,24.81,20970115.0
2023-03-21,25.01,25.999999999999996,24.85,25.819999999999997,14182848.0
2023-03-22,25.469999999999995,26.959999999999997,24.549999999999997,24.789999999999996,29549799.0
2023-03-23,25.339999999999996,26.6,24.88,25.65,24044763.0
2023-03-24,25.91,25.999999999999996,24.85,25.93,20319780.0
2023-03-27,25.67,26.254999999999995,25.065,25.409999999999997,14433841.0
2023-03-28,25.03,25.26,24.295,25.01,12001695.0
2023-03-29,25.499999999999996,26.359999999999996,25.409999999999997,26.069999999999997,12889020.0
2023-03-30,26.39,27.09,26.35,27.01,14465512.0
2023-03-31,27.01,28.379999999999995,26.77999999999999,28.34999999999999,12551826.0
2023-04-03,27.879999999999995,28.115,27.33,27.91,12485665.0
2023-04-04,27.87,28.579999999999995,27.43,27.879999999999995,10603356.0
2023-04-05,27.639999999999997,27.860000000000003,26.415,26.74,11986990.0
2023-04-06,26.789999999999996,27.549999999999997,26.114999999999995,27.36,10790773.0
2023-04-10,27.2,27.44,26.174999999999997,27.44,10761023.0
2023-04-11,27.41,27.669999999999995,26.705,26.899999999999995,9124162.0
2023-04-12,26.749999999999996,27.85,25.92,25.94,18014044.0
2023-04-13,26.3,27.734999999999996,26.129999999999995,27.51,13901054.0
2023-04-14,27.609999999999996,27.92,26.7,27.499999999999996,13872086.0
2023-04-17,27.619999999999997,27.649999999999995,26.809999999999995,27.42,10694957.0
2023-04-18,27.52999999999999,28.18,27.2,27.42,10142886.0
2023-04-19,27.14,27.739999999999995,26.749999999999996,27.13,9502326.0
2023-04-20,26.77999999999999,27.579999999999995,26.475,26.84999999999999,13275216.0
2023-04-21,26.729999999999997,27.08,26.249999999999996,26.799999999999997,10351508.0
2023-04-24,26.58,27.16,26.144999999999996,26.65,8239631.0
2023-04-25,26.28,26.46,25.15,26.079999999999995,13015152.0
2023-04-26,26.109999999999996,26.38,25.515,26.059999999999995,12968139.0
2023-04-27,26.34,28.319999999999997,26.159999999999997,27.569999999999997,15080136.0
2023-04-28,27.49,28.34999999999999,27.319999999999997,28.27999999999999,14159202.0
2023-05-01,28.339999999999996,28.53,27.875,28.03,8708160.0
2023-05-02,28.19,28.27999999999999,26.959999999999997,27.38,13339009.0
2023-05-03,27.459999999999997,28.18,26.569999999999997,26.859999999999996,20780499.0
2023-05-04,27.19,27.2,26.289999999999996,26.84999999999999,12807298.0
2023-05-05,26.869999999999997,28.449999999999996,26.799999999999997,28.15,9869063.0
2023-05-08,28.2,28.53,27.825000000000003,28.339999999999996,6810862.0
2023-05-09,28.22,28.26,27.809999999999995,27.94,6214542.0
2023-05-10,27.639999999999997,29.01,27.499999999999996,28.87,16704315.0
2023-05-11,28.999999999999996,29.184999999999995,28.494999999999997,29.069999999999997,10618652.0
2023-05-12,29.159999999999997,29.329999999999995,28.174999999999997,28.499999999999996,11453581.0
2023-05-15,28.979999999999997,29.239999999999995,28.434999999999995,29.09999999999999,8068208.0
2023-05-16,29.289999999999996,29.729999999999997,28.92,29.39,7853370.0
2023-05-17,29.299999999999997,30.475,29.234999999999996,30.309999999999995,10053407.0
2023-05-18,30.409999999999997,32.43999999999999,30.26,32.25,15676251.0
2023-05-19,32.12,32.26,31.454999999999995,31.69,10970551.0
2023-05-22,31.839999999999996,32.35,31.53,32.31,8042379.0
2023-05-23,32.07,32.14,30.735,30.959999999999997,10792570.0
2023-05-24,30.67,31.85,29.774999999999995,31.629999999999995,12717125.0
2023-05-25,31.619999999999997,32.86,31.619999999999997,32.42999999999999,15232891.0
2023-05-26,32.4,35.29,32.38999999999999,35.28,13199683.0
2023-05-30,35.67999999999999,36.74,35.04,35.63999999999999,16427855.0
2023-05-31,35.19,35.585,34.41,34.8,10971674.0
2023-06-01,34.74,36.42499999999999,34.42,36.09000000000001,12116043.0
2023-06-02,36.31,37.17999999999999,36.02000000000001,36.85,10823151.0
2023-06-05,36.62,37.69,36.45,36.71,10432837.0
2023-06-06,36.95,37.16,36.26,36.95,7913341.0
2023-06-07,36.6,37.555,34.77499999999999,34.95,11979762.0
2023-06-08,34.69,36.4,34.66,36.23,9483117.0
2023-06-09,36.06,37.61,36.03,36.559999999999995,10636114.0
2023-06-12,37.13999999999999,38.77,36.845,38.63999999999999,7666759.0
2023-06-13,39.09000000000001,39.8,38.33,39.41,14149794.0
2023-06-14,39.71,40.51,38.42999999999999,40.279999999999994,19058215.0
2023-06-15,40.09,42.085,39.14000000000001,41.44,13962551.0
2023-06-16,41.46999999999999,42.43,40.65,40.9,13632821.0
2023-06-20,40.56000000000001,41.07,39.605,40.67,9438054.0
2023-06-21,40.29999999999999,40.53999999999999,38.505,38.809999999999995,12267290.0
2023-06-22,38.529999999999994,40.34000000000001,38.24,40.239999999999995,12594524.0
2023-06-23,39.59,39.70000000000001,38.379999999999995,38.779999999999994,13075315.0
2023-06-26,38.87,39.66,37.345,37.63000000000001,11870625.0
2023-06-27,37.76,39.49499999999999,37.61,38.88000000000001,11760583.0
2023-06-28,38.92000000000001,40.129999999999995,38.599999999999994,39.76,11550909.0
2023-06-29,39.46,39.99999999999999,38.669999999999995,39.34000000000001,11754709.0
2023-06-30,39.55,41.34,39.53,40.93,11051356.0
2023-07-03,41.27,41.52,40.85000000000001,41.19,5070016.0
2023-07-05,40.79,41.82999999999999,40.43000000000001,41.21,8196664.0
2023-07-06,40.6,40.84000000000001,39.3,40.2,9901899.0
2023-07-07,39.97999999999999,41.25500000000001,39.79,39.85,10777561.0
2023-07-10,39.31999999999999,40.11999999999999,38.93000000000001,39.92999999999999,10686612.0
2023-07-11,39.989999999999995,40.62,39.30499999999999,40.52000000000001,9747652.0
2023-07-12,40.71000000000001,42.434999999999995,40.67999999999999,42.15,14214776.0
2023-07-13,42.59,44.355,42.56000000000001,44.13000000000001,8983123.0
2023-07-14,44.18,45.35499999999999,43.73,43.97,9833529.0
2023-07-17,44.16,45.56,43.86,45.040000000000006,8427913.0
2023-07-18,45.15,46.84000000000001,44.32,46.279999999999994,10616314.0
2023-07-19,46.36999999999999,47.14,45.23,45.34000000000001,10449399.0
2023-07-20,45.28,45.7,42.69,42.96999999999999,14473401.0
2023-07-21,43.39999999999999,44.13000000000001,42.52,42.72,12047655.0
2023-07-24,43.04999999999999,43.309999999999995,42.21,42.9,6654138.0
2023-07-25,43.07999999999999,44.33,43.029999999999994,43.43999999999999,7777048.0
2023-07-26,43.69,44.05,42.44499999999999,43.58,12374158.0
2023-07-27,44.51999999999999,45.68,42.45,43.06999999999999,17447370.0
2023-07-28,43.78,45.58,43.61000000000001,45.38,13685429.0
2023-07-31,45.0,45.7,44.81999999999999,45.32000000000001,9699953.0
2023-08-01,45.040000000000006,45.22,43.87,44.41,9580534.0
2023-08-02,43.31999999999999,44.13000000000001,41.535,42.17999999999999,15896906.0
2023-08-03,41.04,42.68,41.029999999999994,42.14,12583166.0
2023-08-04,42.52,43.15999999999999,40.97,41.05,16412384.0
2023-08-07,41.970000000000006,42.24,40.95,42.16,9820411.0
2023-08-08,41.779999999999994,41.84,39.99999999999999,41.07,11484826.0
2023-08-09,41.459999999999994,41.669999999999995,39.46,40.00999999999999,10948597.0
2023-08-10,40.48,41.74999999999999,39.37499999999999,40.18999999999999,17264130.0
2023-08-11,39.99999999999999,40.02,38.605,39.09000000000001,12642249.0
2023-08-14,39.85,40.76,38.599999999999994,40.66,8180813.0
2023-08-15,39.9,40.32999999999999,38.885,39.24,10129377.0
2023-08-16,39.4,39.59,37.70000000000001,37.74,10988029.0
2023-08-17,37.94,38.419999999999995,36.29,36.45,12951509.0
2023-08-18,36.38,36.8,35.37,36.54,16066038.0
2023-08-21,36.9,38.37,36.71,37.92000000000001,11089576.0
2023-08-22,38.599999999999994,39.17,37.77499999999999,37.98,11233106.0
2023-08-23,38.65999999999999,41.05,37.97,40.88,12093664.0
2023-08-24,41.24,41.489999999999995,36.82,37.09,14858615.0
2023-08-25,37.03999999999999,38.555,36.35499999999999,37.96,17986833.0
2023-08-28,38.17,39.165,38.085,38.94,11694065.0
2023-08-29,38.87,41.599999999999994,38.599999999999994,41.559999999999995,13091354.0
2023-08-30,41.37,42.27499999999999,40.99000000000001,42.09000000000001,11245955.0
2023-08-31,42.20000000000001,42.96999999999999,41.78999999999999,42.4,9866443.0
2023-09-01,42.62,43.42999999999999,41.74999999999999,42.17999999999999,10378685.0
2023-09-05,41.79999999999999,42.82,41.46999999999999,42.29,7935410.0
2023-09-06,41.86999999999999,42.23499999999999,40.59000000000001,41.22,8949354.0
2023-09-07,40.85000000000001,40.86,39.38,40.38000000000001,9757489.0
2023-09-08,40.67999999999999,41.23500000000001,39.92999999999999,40.65,8385858.0
2023-09-11,41.21,42.08,40.85000000000001,41.78999999999999,8934598.0
2023-09-12,41.629999999999995,41.79999999999999,40.41,40.58,9590726.0
2023-09-13,40.53999999999999,41.485,39.82,41.15,10683955.0
2023-09-14,41.32,42.23499999999999,40.80499999999999,41.970000000000006,9857625.0
2023-09-15,41.970000000000006,42.01,39.434999999999995,39.63000000000001,11082008.0
2023-09-18,39.9,40.209999999999994,39.24,39.94,7228455.0
2023-09-19,39.95,40.09,38.599999999999994,39.64,9096852.0
2023-09-20,39.48,39.91,37.42000000000001,37.44,13911413.0
2023-09-21,37.35000000000001,37.42000000000001,35.449999999999996,35.50999999999999,13773434.0
2023-09-22,35.92,36.775,35.525,35.699999999999996,10793976.0
2023-09-25,36.04,36.28000000000001,35.02,36.1,9942372.0
2023-09-26,35.489999999999995,35.79999999999999,34.175,34.68,12626429.0
2023-09-27,35.07,35.26,33.63,34.95,14649668.0
2023-09-28,34.72,36.16,34.13999999999999,35.61999999999999,18896108.0
2023-09-29,36.17,36.995,35.24,35.739999999999995,18662307.0
2023-10-02,36.5,36.9,35.34,36.51,17212017.0
2023-10-03,36.43,36.79,34.04999999999999,34.5,19071441.0
2023-10-04,34.04999999999999,36.18,33.92999999999999,35.88000000000001,16981449.0
2023-10-05,35.74999999999999,36.23,34.51,35.459999999999994,13424036.0
2023-10-06,35.739999999999995,37.69,34.10999999999999,37.6,20550553.0
2023-10-09,36.489999999999995,38.08,36.15,37.98,13698620.0
2023-10-10,38.11,39.37,37.81,38.63999999999999,14491223.0
2023-10-11,38.709999999999994,39.62,38.4,39.61,12808084.0
2023-10-12,39.69,40.045,38.13000000000001,38.96999999999999,14873142.0
2023-10-13,38.96999999999999,39.27000000000001,36.97999999999999,37.2,17786225.0
2023-10-16,37.39999999999999,39.00000000000001,37.129999999999995,38.67999999999999,11000645.0
2023-10-17,38.65999999999999,38.815,36.855,38.07,13659083.0
2023-10-18,38.01,38.17,36.34,36.76,17197985.0
2023-10-19,36.36,37.51,35.23,35.37,25758539.0
2023-10-20,35.32,35.699999999999996,33.93999999999999,33.93999999999999,18604312.0
2023-10-23,33.949999999999996,35.405,33.065,34.78,18604005.0
2023-10-24,34.98,36.08,34.4,35.15,16392080.0
2023-10-25,34.65,34.97,31.76,31.86,21166014.0
2023-10-26,31.6,32.629999999999995,30.48,31.64,26338536.0
2023-10-27,31.61,32.225,30.95,31.28,18900444.0
2023-10-30,32.02,32.68999999999999,31.58,32.18,17509677.0
2023-10-31,31.93,32.885,31.6,32.54999999999999,14646369.0
2023-11-01,32.61999999999999,34.86,32.28,34.85,23541548.0
2023-11-02,35.06,36.42000000000001,34.98,35.89,16073322.0
2023-11-03,35.94,37.98,35.84000000000001,37.66,15235303.0
2023-11-06,37.8,38.20000000000001,37.32500000000001,37.87,11691467.0
2023-11-07,37.95,39.37,37.61,39.03999999999999,14350582.0
2023-11-08,38.95000000000001,39.42000000000001,38.435,38.96,12061935.0
2023-11-09,39.08,39.70000000000001,37.97,38.02,18506547.0
2023-11-10,38.16,40.88999999999999,37.86,40.63000000000001,15979745.0
2023-11-13,40.36999999999999,40.72,39.75500000000001,40.48,10856061.0
2023-11-14,40.78000000000001,43.279999999999994,40.39999999999999,43.18999999999999,16206454.0
2023-11-15,43.63000000000001,44.34,42.58,42.85,15528751.0
2023-11-16,42.84,43.209999999999994,42.334999999999994,43.04999999999999,12007182.0
2023-11-17,43.17999999999999,43.5,42.57,43.00999999999999,10412820.0
2023-11-20,43.07999999999999,44.93999999999999,43.07999999999999,44.809999999999995,11677079.0
2023-11-21,44.709999999999994,44.77,43.27,43.6,8875592.0
2023-11-22,43.70000000000001,45.41499999999999,43.63000000000001,44.36,11370726.0
2023-11-24,44.36,44.58999999999999,43.85,44.08,4688618.0
2023-11-27,44.0,44.72999999999999,43.76499999999999,44.07,7136838.0
2023-11-28,43.79,44.595,43.57,44.44,9845387.0
2023-11-29,44.68999999999999,45.72,44.14,44.4,12605965.0
2023-11-30,44.379999999999995,44.84,42.85,43.72,13943075.0
2023-12-01,43.89000000000001,44.45,42.925,44.41,12716902.0
2023-12-04,43.95,43.98,41.735,42.79,11486842.0
2023-12-05,42.4,43.69,42.1,43.42000000000001,11807157.0
2023-12-06,43.70000000000001,44.309999999999995,42.41,42.48,12247799.0
2023-12-07,42.57,44.535,42.45,44.19,10791150.0
2023-12-08,44.029999999999994,44.99000000000001,43.10999999999999,44.81999999999999,12706880.0
2023-12-11,44.57999999999999,46.08999999999999,44.41,46.04999999999999,9911840.0
2023-12-12,46.18999999999999,47.36,45.58,47.34,9711085.0
2023-12-13,47.36,49.17999999999999,47.11,49.169999999999995,13884733.0
2023-12-14,49.47999999999999,49.71999999999999,47.559999999999995,48.68,13493224.0
2023-12-15,49.02,49.78499999999999,48.69,49.35999999999999,10363224.0
2023-12-18,49.38999999999999,50.595,49.2,50.15,7061825.0
2023-12-19,50.29,51.10000000000001,50.279999999999994,51.07,7476489.0
2023-12-20,50.54999999999999,51.26,48.44,48.89,11572864.0
2023-12-21,49.47999999999999,50.279999999999994,48.95,50.08,11044385.0
2023-12-22,49.76,50.93999999999999,49.650000000000006,50.209999999999994,8597576.0
2023-12-26,50.75999999999999,51.504999999999995,50.459999999999994,51.290000000000006,5056736.0
2023-12-27,51.34000000000001,51.67000000000001,51.02000000000001,51.58,6889593.0
2023-12-28,51.919999999999995,52.09,51.27000000000001,51.46000000000001,5329098.0
2023-12-29,51.65,51.69,49.99999999999999,50.50999999999999,8337213.0
2024-01-02,50.81999999999999,50.81999999999999,47.27,48.16,10506601.0
2024-01-03,47.72999999999999,47.82999999999999,46.43500000000001,46.64999999999999,12300223.0
2024-01-04,46.73,46.97,45.735,45.91,9469743.0
2024-01-05,45.54,46.91499999999999,44.89999999999999,46.03999999999999,11643348.0
2024-01-08,45.68,48.89500000000001,45.27000000000001,48.67000000000001,9664538.0
2024-01-09,48.35999999999999,49.40500000000001,47.59,49.11999999999999,9954627.0
2024-01-10,49.28999999999999,50.41,48.85,50.22,8953753.0
2024-01-11,50.96999999999999,51.07,48.41,50.19,14011482.0
2024-01-12,50.25,50.97500000000001,49.419999999999995,50.19,9108241.0
2024-01-16,49.21999999999999,50.90999999999999,49.06999999999999,50.4,9507261.0
2024-01-17,49.17999999999999,49.78999999999999,47.86999999999999,49.29999999999999,11138224.0
2024-01-18,49.67000000000001,51.959999999999994,49.650000000000006,51.94,13392891.0
2024-01-19,52.46999999999999,54.83,52.105,54.72,12689614.0
2024-01-22,55.47999999999999,55.91499999999999,54.52000000000001,54.8,10150452.0
2024-01-23,54.54,55.82999999999999,54.28000000000001,55.82,7581459.0
2024-01-24,56.529999999999994,57.89500000000001,55.790000000000006,56.20000000000001,13231283.0
2024-01-25,56.43,57.52000000000001,55.419999999999995,55.529999999999994,10566240.0
2024-01-26,54.99,56.38499999999999,54.84,55.25999999999999,8464908.0
2024-01-29,55.92000000000001,57.34000000000001,55.349999999999994,57.260000000000005,7439337.0
2024-01-30,57.25,57.27000000000001,53.99999999999999,54.63000000000001,8635524.0
2024-01-31,54.65,54.98,52.49999999999999,53.05,16623934.0
2024-02-01,53.69999999999999,56.459999999999994,52.92,55.98,14135842.0
2024-02-02,56.20000000000001,57.67,54.8,57.03999999999999,15408012.0
2024-02-05,57.15999999999999,57.41,55.57999999999999,56.92999999999999,9372170.0
2024-02-06,57.39999999999999,57.63499999999999,55.650000000000006,56.50999999999999,9680838.0
2024-02-07,56.57999999999999,58.64999999999999,56.50999999999999,58.34,8610288.0
2024-02-08,58.35999999999999,58.88499999999999,57.91,58.599999999999994,6175038.0
2024-02-09,59.1,60.605,58.720000000000006,60.22,7482123.0
2024-02-12,60.36,61.129999999999995,59.040000000000006,59.29,7769092.0
2024-02-13,58.88000000000001,58.99000000000001,55.435,56.849999999999994,13419509.0
2024-02-14,57.45000000000001,58.745,56.86999999999999,58.68,11811695.0
2024-02-15,59.12,59.54999999999999,57.74,59.4,10048077.0
2024-02-16,59.959999999999994,60.140000000000015,57.099999999999994,57.220000000000006,11730765.0
2024-02-20,56.77,57.17000000000001,54.56000000000001,55.67000000000001,13258489.0
2024-02-21,55.2,57.17000000000001,53.82500000000001,56.92999999999999,13296455.0
2024-02-22,58.68999999999999,60.59,58.43999999999999,60.15,16421438.0
2024-02-23,60.000000000000014,61.2,59.224999999999994,59.31,10868678.0
2024-02-26,59.43,60.365,59.21000000000001,59.41,8777356.0
2024-02-27,59.42,60.16,58.88000000000001,59.81999999999999,7822217.0
2024-02-28,59.24999999999999,59.52,58.239999999999995,58.46999999999999,9129672.0
2024-02-29,58.459999999999994,60.84000000000001,58.28999999999999,60.36,11670497.0
2024-03-01,60.99999999999999,63.51,60.09,62.96999999999999,12177282.0
2024-03-04,63.44,63.59,61.960000000000015,61.99999999999999,9884705.0
2024-03-05,61.26000000000001,61.6,58.029999999999994,59.31,16415741.0
2024-03-06,59.92,61.419999999999995,59.36,59.879999999999995,14823410.0
2024-03-07,59.53999999999999,63.31500000000001,59.459999999999994,62.35999999999999,13428539.0
2024-03-08,62.959999999999994,64.12000000000002,59.77,59.860000000000014,26738866.0
2024-03-11,59.930000000000014,60.169999999999995,58.559999999999995,60.11999999999999,12414605.0
2024-03-12,60.45,62.030000000000015,58.96,61.95,14990713.0
2024-03-13,62.12,62.2,59.96999999999999,60.82999999999999,13637482.0
2024-03-14,61.12000000000001,61.41,58.790000000000006,59.49999999999999,14881307.0
2024-03-15,59.27000000000001,60.379999999999995,57.290000000000006,57.76,12139806.0
2024-03-18,58.63999999999999,60.8,58.599999999999994,59.00000000000001,10835684.0
2024-03-19,58.91,59.96999999999999,57.69,59.78,9638313.0
2024-03-20,59.56,62.73,59.24999999999999,62.64,13552384.0
2024-03-21,63.40999999999999,63.945000000000014,62.419999999999995,62.78,10451451.0
2024-03-22,62.59,63.169999999999995,61.83,62.32,7491483.0
2024-03-25,62.39,62.63,61.059999999999995,62.29999999999999,6916336.0
2024-03-26,62.61999999999999,63.099999999999994,61.279999999999994,61.77,7984082.0
2024-03-27,61.74,62.61999999999999,60.71,61.680000000000014,10230556.0
2024-03-28,61.97,62.22999999999999,61.38,61.489999999999995,7171368.0
2024-04-01,62.860000000000014,62.99,61.12000000000001,61.67,9326164.0
2024-04-02,61.67,62.07999999999999,59.01,60.24999999999999,9660651.0
2024-04-03,59.73,61.750000000000014,59.33,61.35999999999999,9358784.0
2024-04-04,61.38,62.60999999999999,57.62,57.97,15500945.0
2024-04-05,58.379999999999995,60.92,57.52000000000001,59.97999999999999,12924320.0
2024-04-08,60.17999999999999,60.655,59.31999999999999,59.92,7337460.0
2024-04-09,59.66,60.96999999999999,58.575,60.59,10110532.0
2024-04-10,60.81999999999999,61.559999999999995,57.53,58.54999999999999,18082065.0
2024-04-11,58.99000000000001,62.05,57.92,61.76,12723725.0
2024-04-12,61.6,61.709999999999994,58.125,58.379999999999995,16198735.0
2024-04-15,59.68999999999999,60.31999999999999,55.43999999999999,55.720000000000006,15882739.0
2024-04-16,55.720000000000006,56.79999999999999,54.99,56.36,13810779.0
2024-04-17,55.81000000000001,56.61999999999999,53.35,53.99999999999999,14475220.0
2024-04-18,54.6,54.67,52.099999999999994,52.21999999999999,14058395.0
2024-04-19,51.74000000000001,52.8,48.86,49.25999999999999,24676910.0
2024-04-22,50.13,51.76,49.17999999999999,50.67999999999999,11346875.0
2024-04-23,51.07,54.19,51.03000000000001,54.04999999999999,12263030.0
2024-04-24,54.3,54.91,51.50000000000001,51.87,11942620.0
2024-04-25,51.8,55.17999999999999,50.48,54.59000000000001,15114786.0
2024-04-26,54.58,55.86000000000001,53.779999999999994,55.35999999999999,9885273.0
2024-04-29,55.94,56.33,54.88,55.96,7724251.0
2024-04-30,55.89,55.93000000000001,51.8,52.239999999999995,9973327.0
2024-05-01,51.89,54.8,51.27000000000001,52.45,20291063.0
2024-05-02,52.81000000000001,54.93,51.21,54.48,10585288.0
2024-05-03,54.4,57.099999999999994,54.37,56.919999999999995,15928087.0
2024-05-06,56.72999999999999,58.60999999999999,56.72999999999999,58.46999999999999,6577172.0
2024-05-07,58.28999999999999,59.23,58.14999999999999,58.63000000000001,6682400.0
2024-05-08,58.61999999999999,59.01499999999999,57.39999999999999,58.239999999999995,6022527.0
2024-05-09,57.93,59.03,57.71000000000001,58.94,5570643.0
2024-05-10,59.06000000000001,60.065,58.53999999999999,58.89,7171227.0
2024-05-13,59.50999999999999,59.96999999999999,58.99000000000001,59.459999999999994,5735685.0
2024-05-14,59.52,60.895,58.349999999999994,60.75999999999999,8456146.0
2024-05-15,60.64,63.79,60.53999999999999,63.74999999999999,11008960.0
2024-05-16,63.82999999999999,64.195,62.89999999999999,63.06,6846683.0
2024-05-17,63.06,63.44,62.02,62.87,5768140.0
2024-05-20,63.18999999999999,64.53,62.95,64.09,5847740.0
2024-05-21,64.14,64.73,63.350000000000016,64.72,4252744.0
2024-05-22,64.6,65.49999999999999,63.420000000000016,65.33999999999999,7157301.0
2024-05-23,66.00000000000001,66.9,62.809999999999995,63.58,11304537.0
2024-05-24,63.66,65.89,63.66,65.39999999999999,6850333.0
2024-05-28,65.85,66.46999999999998,64.81,65.9,6397547.0
2024-05-29,65.19999999999999,65.43999999999998,63.65,63.81999999999999,6241294.0
2024-05-30,63.59,64.48,61.99999999999999,62.100000000000016,7247697.0
2024-05-31,61.820000000000014,63.25999999999999,58.96,62.46,12188162.0
2024-06-03,62.96999999999999,64.14,60.96999999999999,63.099999999999994,9691763.0
2024-06-04,62.79000000000001,64.12499999999999,61.709999999999994,63.97999999999999,8161168.0
2024-06-05,63.93,67.75999999999999,63.93,67.6,9255117.0
2024-06-06,67.62,67.95999999999998,66.84999999999998,67.47000000000001,6391680.0
2024-06-07,67.55,68.31999999999998,66.08000000000001,66.86,7008049.0
2024-06-10,66.94999999999999,68.05,66.44999999999999,67.59,5401934.0
2024-06-11,67.74,69.52999999999999,66.66,69.38999999999999,5221877.0
2024-06-12,69.38,73.26000000000002,69.32,73.12999999999998,10508005.0
2024-06-13,73.77,74.11999999999999,72.07,73.36,7528418.0
2024-06-14,73.65,74.29999999999998,72.11,74.17999999999999,5600996.0
2024-06-17,74.53999999999999,77.71999999999998,73.68,76.99,7237212.0
2024-06-18,77.04,77.71,76.06999999999998,77.13,5128774.0
2024-06-20,78.50000000000001,78.52,74.23,75.44,8343790.0
2024-06-21,75.05,75.52,73.73,74.59999999999998,6593575.0
2024-06-24,74.86,74.98,71.68000000000002,72.13,8031736.0
2024-06-25,71.84,74.49999999999999,71.65999999999998,74.29,5778348.0
2024-06-26,75.1,75.17,73.3,73.49,5549623.0
2024-06-27,73.8,75.68999999999998,73.68,75.50999999999999,5330977.0
2024-06-28,75.68999999999998,77.53000000000002,73.46,73.97,8761092.0
2024-07-01,73.89999999999999,75.285,72.42000000000002,74.71,8240194.0
2024-07-02,74.11999999999999,77.37,73.52,77.13,6633863.0
2024-07-03,77.63999999999999,79.43000000000002,76.83000000000001,79.04999999999998,5091830.0
2024-07-05,79.61000000000001,81.84000000000002,78.8,81.37,6619530.0
2024-07-08,81.46999999999998,83.07,81.285,83.05999999999999,5620728.0
2024-07-09,83.01,83.48500000000001,81.62,82.58,5553939.0
2024-07-10,82.79000000000002,85.20000000000002,82.68,84.76,6863549.0
2024-07-11,84.90999999999998,86.27,78.70000000000002,79.08,14210527.0
2024-07-12,79.1,82.93999999999998,78.3,80.85,9899780.0
2024-07-15,81.6,83.61999999999999,80.235,81.72,9953401.0
2024-07-16,81.15,82.34000000000002,79.74,80.93,8022738.0
2024-07-17,78.58,78.70000000000002,73.85,74.88,12926572.0
2024-07-18,75.33,76.06999999999998,71.55,73.66,11402683.0
2024-07-19,72.1,73.97,70.45,70.95,11962341.0
2024-07-22,72.22000000000001,74.62000000000002,72.1,73.71,9790666.0
2024-07-23,73.04,75.12,71.80000000000001,71.86,8166723.0
2024-07-24,71.09,71.45999999999998,65.05,66.1,14621962.0
2024-07-25,65.31999999999998,67.335,62.129999999999995,63.60999999999999,17469644.0
2024-07-26,64.87999999999998,66.33499999999998,63.79,65.13,11360556.0
2024-07-29,65.82,67.18,64.52,64.7,10539216.0
2024-07-30,65.78,66.58999999999999,60.61999999999999,63.94,13450815.0
2024-07-31,65.53,70.27,65.09999999999998,70.15000000000002,16126372.0
2024-08-01,69.50000000000001,70.22,61.52,62.209999999999994,21956753.0
2024-08-02,60.58,60.73,56.99999999999999,58.309999999999995,17839003.0
2024-08-05,52.00999999999999,56.18,47.45,55.99000000000001,36199191.0
2024-08-06,55.650000000000006,57.75,53.15,53.89999999999999,22178392.0
2024-08-07,55.75999999999999,58.50500000000001,51.220000000000006,52.02,18127619.0
2024-08-08,52.67000000000001,58.96,52.59000000000001,58.85000000000001,15293510.0
2024-08-09,58.38999999999999,59.529999999999994,56.79999999999999,58.89,12316530.0
2024-08-12,59.52,60.39999999999999,58.11999999999999,59.35,9461214.0
2024-08-13,60.490000000000016,63.809999999999995,59.3,63.75999999999999,10065153.0
2024-08-14,63.54999999999999,64.63,61.86999999999999,63.66,9515689.0
2024-08-15,64.55,68.98,63.669999999999995,68.72,9428725.0
2024-08-16,68.98,69.25499999999998,67.04999999999998,68.35,7988168.0
2024-08-19,68.47,71.49999999999999,67.85,71.31999999999998,7281365.0
2024-08-20,71.88,72.05,70.09,70.56,7901391.0
2024-08-21,70.89000000000001,72.655,70.42,72.16,7550962.0
2024-08-22,71.97,73.15000000000002,67.91999999999999,68.92,9702014.0
2024-08-23,69.38,71.71,68.49999999999999,70.65,11362912.0
2024-08-26,70.93999999999998,71.13999999999999,67.53,68.19999999999999,6888806.0
2024-08-27,68.68000000000002,69.48999999999998,66.86,68.35999999999999,5575837.0
2024-08-28,69.02,69.46999999999998,63.78,64.3,10722986.0
2024-08-29,66.03,69.43,65.80000000000001,66.74,10536984.0
2024-08-30,67.75999999999999,68.87000000000002,66.19,68.59000000000002,7766451.0
2024-09-03,68.80000000000001,68.87000000000002,61.29999999999999,61.76,14860254.0
2024-09-04,61.29999999999999,63.37,60.65,61.55,9354393.0
2024-09-05,62.18,63.715,60.57,61.39,10554348.0
2024-09-06,60.15,62.030000000000015,55.89999999999999,56.23,15963008.0
2024-09-09,58.459999999999994,59.57999999999999,57.34000000000001,59.36,9910033.0
2024-09-10,59.11000000000001,60.91499999999999,58.13999999999999,60.54999999999999,8217523.0
2024-09-11,60.379999999999995,64.945,57.77000000000001,64.46,14658910.0
2024-09-12,64.87,66.88,63.88999999999999,66.56999999999998,10201097.0
2024-09-13,66.46999999999998,67.85999999999999,66.05,67.12000000000002,7501923.0
2024-09-16,67.27,67.54,65.03000000000002,66.44999999999999,6608872.0
2024-09-17,67.09,68.25,65.48,66.76,9784739.0
2024-09-18,66.70000000000002,68.75,65.39,67.37,17691256.0
2024-09-19,69.21,71.80000000000001,68.77,70.27,10623946.0
2024-09-20,70.44,70.68,68.31000000000002,70.1,8127490.0
2024-09-23,70.45,71.15,70.02,70.59,5548924.0
2024-09-24,71.37,72.09,69.38999999999999,71.76000000000002,7158458.0
2024-09-25,70.8,72.58,70.48,72.54,4548912.0
2024-09-26,74.79,75.27,71.57999999999998,73.18,9727200.0
2024-09-27,72.21,73.82,71.39,71.51,5956840.0
2024-09-30,71.94000000000001,72.62,70.19000000000001,72.23,6980475.0
2024-10-01,72.66,73.02,67.7,68.87000000000002,11918163.0
2024-10-02,69.07,70.53,67.87999999999998,70.17,5952832.0
2024-10-03,68.41,70.81,68.39,69.48999999999998,8992967.0
2024-10-04,70.04,72.36000000000001,69.64999999999999,71.74,9575115.0
2024-10-07,71.15,71.57,68.59999999999998,69.43,6677877.0
2024-10-08,69.64000000000001,72.96999999999998,69.46999999999998,72.44,6231556.0
2024-10-09,71.94000000000001,74.62000000000002,71.75,74.27999999999999,6424338.0
2024-10-10,74.01,74.95,72.72,74.35,7019418.0
2024-10-11,73.93,74.80000000000001,72.90999999999998,73.95999999999998,5430366.0
2024-10-14,74.45000000000002,76.82,74.41,76.3,5385344.0
2024-10-15,76.00999999999999,76.65,72.15,73.20999999999998,8838985.0
2024-10-16,73.63,73.65,71.665,72.80999999999999,5423017.0
2024-10-17,74.23999999999998,75.78000000000002,73.25,73.79,8553409.0
2024-10-18,74.39999999999999,75.145,73.99,74.63999999999999,5281021.0
2024-10-21,74.21999999999998,75.42000000000002,73.18,75.05,6156340.0
2024-10-22,74.49999999999999,75.94,73.36,75.18000000000002,6362605.0
2024-10-23,74.93,75.08000000000001,70.28,72.56000000000002,9081133.0
2024-10-24,73.53,73.97,72.24,73.48000000000002,6709254.0
2024-10-25,73.97,76.99,73.72,74.29999999999998,10560343.0
2024-10-28,76.25,76.74,74.65999999999998,74.88,5534678.0
2024-10-29,75.17,77.63999999999999,74.07999999999998,77.53000000000002,6567152.0
2024-10-30,77.51,77.7,73.91,73.95,6198133.0
2024-10-31,72.78000000000002,73.85999999999999,69.43,70.09,13194845.0
2024-11-01,70.3,72.36000000000001,69.98000000000002,71.23,8088350.0
2024-11-04,71.11,71.75,69.52,70.28,6395194.0
2024-11-05,70.87999999999998,73.40000000000002,70.52,72.94999999999999,6137974.0
2024-11-06,76.79,79.3,75.52999999999999,78.8,11401086.0
2024-11-07,79.31,82.93000000000002,79.12999999999998,82.6,9061125.0
2024-11-08,82.77,83.115,81.46,82.64,5451939.0
2024-11-11,83.41999999999999,83.98,81.18000000000002,82.56,5709182.0
2024-11-12,82.73,82.95999999999998,80.65,81.84999999999998,5868231.0
2024-11-13,82.00999999999999,83.09,80.69,81.86999999999999,6394267.0
2024-11-14,81.92000000000002,82.18,79.25,79.36,6959830.0
2024-11-15,78.12,78.50000000000001,73.29000000000002,74.45000000000002,10408987.0
2024-11-18,75.74999999999999,76.735,74.13999999999999,75.68,6993834.0
2024-11-19,75.74999999999999,77.53999999999999,73.06000000000002,77.43999999999998,7317953.0
2024-11-20,77.61,78.01000000000002,74.11999999999999,77.17000000000002,9575203.0
2024-11-21,76.26000000000002,78.86999999999999,74.55999999999999,77.45000000000002,10390628.0
2024-11-22,77.7,78.60999999999999,76.55000000000001,78.46999999999998,6132053.0
2024-11-25,79.49,80.87000000000002,77.55,78.11,8204423.0
2024-11-26,78.54999999999998,80.23999999999998,78.43,79.8,5850032.0
2024-11-27,79.29000000000002,79.67,76.34000000000002,77.99,6874681.0
2024-11-29,78.86999999999999,80.16500000000002,77.85,79.93,3884293.0
2024-12-02,79.61000000000001,82.94499999999998,79.31,82.5,6775046.0
2024-12-03,82.48000000000002,83.87999999999998,81.52999999999999,83.86,5025022.0
2024-12-04,84.48999999999998,86.37,84.38,85.93999999999998,7175055.0
2024-12-05,85.83000000000001,86.635,84.94999999999999,85.26999999999998,4749919.0
2024-12-06,85.73,87.865,85.20000000000002,87.38999999999999,6083285.0
2024-12-09,88.26999999999998,88.3,85.08,85.45,6716933.0
2024-12-10,85.37000000000002,87.11,84.06,84.94,7217417.0
2024-12-11,85.02,89.61999999999999,85.02,88.89000000000001,7675244.0
2024-12-12,88.86,88.95999999999998,87.06,88.76,6228865.0
2024-12-13,89.01999999999998,90.76999999999998,87.84999999999998,88.99999999999999,8465579.0
2024-12-16,89.63,93.78,89.59000000000002,93.16,8051988.0
2024-12-17,92.45999999999998,93.45,90.70999999999998,91.55,6593001.0
2024-12-18,92.31999999999998,92.95,80.01999999999998,81.92999999999999,14774124.0
2024-12-19,87.0,87.0,80.57999999999998,80.83,10979010.0
2024-12-20,78.80999999999999,85.85999999999999,76.68,83.87000000000002,14544718.0
2024-12-23,84.07,85.24,81.82999999999998,84.86000000000001,8305385.0
2024-12-24,85.18999999999998,88.64,85.04,88.44,4720678.0
2024-12-26,87.88,89.07999999999998,86.59999999999998,88.20000000000002,5474591.0
2024-12-27,87.06,87.66999999999999,82.28,84.54999999999998,10222593.0
2024-12-30,84.02000000000001,84.21,79.42,81.01000000000002,11525987.0
2024-12-31,80.97,82.55000000000001,78.68,79.08999999999999,10343621.0
2025-01-02,80.84,82.10999999999999,76.535,78.52999999999999,16577616.0
2025-01-03,79.33000000000001,82.91,79.06000000000002,82.6,10315418.0
2025-01-06,83.67000000000002,86.84000000000002,83.59999999999998,85.45,10195831.0
2025-01-07,85.28,85.88,79.71,80.99,13200004.0
2025-01-08,81.19,81.6,78.44,80.07999999999998,11715035.0
2025-01-10,79.8,80.78,75.23,76.54,15700682.0
2025-01-13,74.45000000000002,77.57,73.28,77.13,12607200.0
2025-01-14,77.93,78.14,74.19,76.02,12925812.0
2025-01-15,75.86999999999999,81.46999999999998,75.84999999999998,81.05,12125868.0
2025-01-16,82.52,82.6,78.40999999999998,79.08,8800378.0
2025-01-17,80.05,84.0,79.93,83.18,9654670.0
2025-01-21,83.79,85.99999999999999,82.34000000000002,85.65000000000002,8219520.0
2025-01-22,86.57999999999998,88.90499999999999,86.33,87.42,8135184.0
2025-01-23,86.43,88.45,86.11000000000001,88.02,5696170.0
2025-01-24,87.66999999999999,88.83000000000001,86.01999999999998,86.55,6685954.0
2025-01-27,85.5,85.5,73.3,79.82,16410068.0
2025-01-28,80.59000000000002,83.16500000000002,78.0,82.32,10238100.0
2025-01-29,83.65999999999998,83.95000000000002,80.25999999999999,82.20000000000002,15042813.0
2025-01-30,84.04000000000002,84.58000000000001,80.86,83.97,12906851.0
2025-01-31,84.79,87.09,82.18,82.20999999999998,11401072.0
2025-02-03,84.0,84.0,77.35,82.6,13922486.0
2025-02-04,80.25999999999999,83.93,80.17000000000002,82.45,7501909.0
2025-02-05,81.37,85.10999999999999,80.94000000000001,84.86000000000001,7184360.0
2025-02-06,85.20999999999998,86.13,84.15,85.8,7344355.0
2025-02-07,85.72,87.19,82.33000000000001,82.37000000000002,12158488.0
2025-02-10,83.96,86.19999999999999,83.81999999999998,85.14999999999999,6248681.0
2025-02-11,84.72999999999999,85.97999999999999,83.65999999999998,85.26999999999998,5539268.0
2025-02-12,85.04,86.21,81.82,86.11000000000001,10033015.0
2025-02-13,84.86999999999999,88.95,84.62,88.45,8757277.0
2025-02-14,88.91999999999999,90.17,88.04999999999998,89.81000000000002,6924116.0
2025-02-18,91.02,91.34999999999998,88.76,90.48,7547351.0
2025-02-19,90.62,91.12,88.93000000000002,90.09,6299661.0
2025-02-20,89.69999999999999,90.24,86.89,89.41999999999999,7001958.0
2025-02-21,89.31000000000002,90.46,83.35999999999999,83.75,11782241.0
2025-02-24,84.74999999999999,85.18999999999998,80.05,80.29,11276111.0
2025-02-25,79.54,81.0,75.78000000000002,78.4,16140821.0
2025-02-26,79.12999999999998,80.43999999999998,76.69000000000001,78.29,14175366.0
2025-02-27,79.53,80.21999999999998,71.35999999999999,72.32,23669364.0
2025-02-28,72.21,75.16,70.08,74.88,21173164.0
2025-03-03,75.24,77.05,68.43999999999998,70.51,19406275.0
2025-03-04,70.49,72.76999999999998,66.01,71.15,33863788.0
2025-03-05,70.89000000000001,72.685,67.49,71.47999999999999,26901690.0
2025-03-06,69.72999999999999,70.49,65.17999999999999,66.96,31190138.0
2025-03-07,66.8,67.99999999999999,62.88999999999999,67.02,35771820.0
2025-03-10,66.13,66.30999999999999,57.67,58.27,39943615.0
2025-03-11,59.95,61.84,57.38000000000001,59.89999999999999,37578927.0
2025-03-12,59.88999999999999,62.78,59.16499999999999,61.849999999999994,36207597.0
2025-03-13,60.03999999999999,61.33000000000001,57.03999999999999,58.73,29495703.0
2025-03-14,59.03,62.224999999999994,58.94,61.83,23605481.0
2025-03-17,60.8,64.275,60.72,62.99,18998526.0
2025-03-18,62.53999999999999,63.070000000000014,59.01499999999999,59.930000000000014,22909534.0
2025-03-19,59.63,63.90999999999999,59.61999999999999,62.930000000000014,23127033.0
2025-03-20,63.03999999999999,63.63000000000002,60.17999999999999,61.59,19823472.0
2025-03-21,61.19000000000001,62.42999999999999,59.08,62.349999999999994,18197827.0
2025-03-24,64.21,66.52,64.13,66.03,12972159.0
2025-03-25,65.91,67.73,65.39,67.65,11750450.0
2025-03-26,67.02,67.17,62.36999999999999,62.879999999999995,17250484.0
2025-03-27,63.06,64.23,61.750000000000014,61.989999999999995,15257183.0
2025-03-28,61.02,62.09,56.49999999999999,56.529999999999994,20553920.0
2025-03-31,55.54999999999999,57.62499999999999,53.05,56.45,21532952.0
2025-04-01,56.74999999999999,59.35,55.63000000000001,58.99000000000001,19836710.0
2025-04-02,57.99999999999999,62.599999999999994,51.60000000000001,52.07999999999999,26208017.0
2025-04-03,54.02,54.74,49.580000000000005,50.04,28442313.0
2025-04-04,49.52000000000001,50.06999999999999,40.04999999999999,40.63000000000001,67552152.0
2025-04-07,35.2,46.825,35.0,42.71,119596954.0
2025-04-08,43.49000000000001,46.81000000000001,36.53,37.28999999999999,64078925.0
2025-04-09,39.69,53.76999999999999,36.48,52.86000000000001,94763018.0
2025-04-10,50.53999999999999,50.54999999999999,41.56999999999999,45.18000000000001,62822915.0
2025-04-11,46.8,49.059999999999995,44.629999999999995,48.47,38283730.0
2025-04-14,51.3,52.05999999999999,48.075,48.88,30202574.0
2025-04-15,50.15,51.20000000000001,47.7,47.93999999999999,18929308.0
2025-04-16,46.34,48.98,43.15999999999999,45.39000000000001,26000151.0
2025-04-17,47.02000000000001,47.02000000000001,44.35,45.60000000000001,19626976.0
2025-04-21,43.55,44.0,40.245,42.38,17774941.0
2025-04-22,43.01999999999999,48.17000000000001,42.71,47.89999999999999,23412212.0
2025-04-23,48.00999999999999,50.82500000000001,47.629999999999995,48.47,31325118.0
2025-04-24,47.25,53.12,46.57,53.00000000000001,17896718.0
2025-04-25,52.96,54.32,51.35,53.92999999999999,16703368.0
2025-04-28,53.36,54.64000000000001,51.63999999999999,53.82999999999999,13780951.0
2025-04-29,54.54,55.15999999999999,52.64000000000001,54.14000000000001,12522805.0
2025-04-30,54.3,57.27000000000001,50.32,57.09000000000001,22621732.0
2025-05-01,57.42000000000001,58.88499999999999,55.71000000000001,56.00000000000001,15526141.0
2025-05-02,57.03999999999999,60.184999999999995,56.709999999999994,59.49999999999999,18032932.0
2025-05-05,58.309999999999995,59.49499999999999,57.53,57.87,9918187.0
2025-05-06,56.959999999999994,58.87,55.57999999999999,58.40999999999999,13877792.0
2025-05-07,57.959999999999994,58.25999999999999,55.09,57.38000000000001,17639907.0
2025-05-08,59.34,60.71,57.66499999999999,59.040000000000006,15881701.0
2025-05-09,59.459999999999994,60.309999999999995,58.32999999999999,58.96,10416108.0
2025-05-12,64.85,66.54999999999998,63.85499999999999,65.74,17383249.0
2025-05-13,65.19,69.84999999999998,64.97,69.36999999999999,13451856.0
2025-05-14,69.50999999999999,70.6,68.88,70.14,14016112.0
2025-05-15,69.13,71.685,68.37,70.54,13433353.0
2025-05-16,70.85999999999999,71.51999999999998,68.49999999999999,68.93000000000002,11514963.0
2025-05-19,68.37999999999998,71.98,67.57,71.79,10883279.0
2025-05-20,70.89999999999999,71.27999999999999,69.40999999999998,70.7,11370201.0
2025-05-21,69.88999999999999,71.98,67.19000000000001,67.89999999999999,19261628.0
2025-05-22,68.39999999999999,69.74999999999999,66.88999999999999,68.23999999999998,14403670.0
2025-05-23,68.54000000000002,68.77,63.95,65.91,21585289.0
2025-05-27,69.70000000000002,71.15,68.39,71.01999999999998,11566613.0
2025-05-28,70.64,73.91999999999999,69.58999999999999,73.85,11299780.0
2025-05-29,74.49,74.78,69.34,69.40999999999998,16972175.0
2025-05-30,69.94999999999999,70.6,67.04,69.66999999999999,17175276.0
2025-06-02,68.45000000000002,72.03,68.37999999999998,71.25,11874000.0
2025-06-03,70.71,73.87,70.33000000000001,73.33000000000001,11134058.0
2025-06-04,73.31,74.31999999999998,72.72,73.71,10882496.0
2025-06-05,74.45000000000002,75.64999999999999,71.05999999999999,71.73000000000002,20488227.0
2025-06-06,72.86999999999999,75.01000000000002,72.68,74.55,12638620.0
2025-06-09,74.27999999999999,75.23,73.83999999999999,74.67,7742627.0
2025-06-10,74.29,76.35,73.76,75.88999999999999,10611891.0
2025-06-11,75.66999999999999,77.37,74.23,74.69,15633392.0
2025-06-12,74.03000000000002,76.12000000000002,73.5,74.19,11269039.0
2025-06-13,72.6,74.88,72.05,72.78999999999999,18366351.0
2025-06-16,74.09,76.24499999999999,72.78999999999999,74.19999999999999,9889540.0
2025-06-17,74.39999999999999,75.37499999999999,72.64999999999999,73.0,12543313.0
2025-06-18,74.13,74.95,72.84000000000002,73.45,11214758.0
2025-06-20,73.26000000000002,75.32,71.71499999999999,72.66999999999999,13956639.0
2025-06-23,73.0,76.59,71.43,76.42,15908627.0
2025-06-24,76.88,78.505,76.58,78.30999999999999,9294499.0
2025-06-25,78.08000000000001,79.42,77.73000000000002,78.46999999999998,9149183.0
2025-06-26,79.18,81.01000000000002,78.62999999999998,80.73999999999998,8689786.0
2025-06-27,81.37,82.24,79.85999999999999,81.2,13300643.0
2025-06-30,82.77,83.49,81.835,82.9,11748555.0
2025-07-01,82.53,82.69000000000001,79.81,81.05,13178219.0
2025-07-02,81.16000000000001,82.63,79.75000000000001,82.54,10821733.0
2025-07-03,82.93999999999998,85.29000000000002,82.44,84.66,7881856.0
2025-07-07,83.59999999999998,84.23,81.8,82.79000000000002,14515325.0
2025-07-08,83.77999999999999,83.77999999999999,82.48000000000002,83.09,11375981.0
2025-07-09,83.01999999999998,85.38,82.9,84.56999999999998,12049743.0
2025-07-10,84.42,85.22,83.14500000000001,84.66,10569900.0
2025-07-11,83.15,84.44999999999999,82.66,83.41999999999999,12383295.0
2025-07-14,82.91999999999999,84.935,82.55000000000001,84.35,10696844.0
2025-07-15,85.99,86.67000000000002,83.99,84.38,14289702.0
2025-07-16,84.12,85.34499999999998,82.45,84.70999999999998,23396266.0
2025-07-17,85.47000000000001,87.4,85.00000000000001,87.38999999999999,11780952.0
2025-07-18,87.23,87.82999999999998,86.19999999999999,86.81000000000002,10687236.0
2025-07-21,87.54,88.975,86.79,88.12999999999998,10573377.0
2025-07-22,87.66999999999999,88.16,85.47000000000001,87.18000000000002,11571649.0
2025-07-23,87.18000000000002,88.95999999999998,85.91,88.7,14187112.0
2025-07-24,88.36,88.95999999999998,87.60999999999999,88.77000000000001,9164217.0
2025-07-25,88.36,89.57,87.98,89.19,8203903.0
2025-07-28,90.40000000000002,90.44,89.18,90.16,11359284.0
2025-07-29,90.88,91.62,88.99,89.55,12115308.0
2025-07-30,89.89,92.59,88.26,92.47,18219360.0
2025-07-31,93.62,93.62999999999998,86.95000000000002,87.52,22419227.0
2025-08-01,86.39999999999999,86.39999999999999,81.88,82.43000000000002,26633448.0
2025-08-04,84.33,88.12,84.30000000000001,87.88999999999999,12466014.0
2025-08-05,87.86000000000001,88.67,84.66999999999999,84.74,18589931.0
2025-08-06,86.59000000000002,89.47999999999999,85.34999999999998,89.19,13190578.0
2025-08-07,89.85999999999999,91.67,87.82,90.18000000000002,21683405.0
2025-08-08,90.08,92.85,89.98000000000002,92.84,12040899.0
2025-08-11,92.07999999999998,93.235,90.72,91.26999999999998,11104387.0
2025-08-12,91.67,95.09999999999998,90.98999999999998,95.03,15447595.0
2025-08-13,95.37,96.31,94.18,94.92,11630785.0
2025-08-14,94.78,95.57999999999998,93.07,94.23,12514885.0
2025-08-15,94.86,95.0,92.42,93.13,11784804.0
2025-08-18,93.25,93.58,92.23,93.3,9398792.0
2025-08-19,92.85,93.25,88.68,88.78,13817507.0
2025-08-20,88.42000000000002,89.13,84.38,87.65,20654648.0
2025-08-21,87.90999999999998,88.20000000000002,85.40000000000002,86.79,13955505.0
2025-08-22,86.27,91.32,86.21,90.76,14006910.0
2025-08-25,89.95999999999998,90.975,89.03000000000002,89.59000000000002,9561061.0
2025-08-26,88.99,91.01,88.835,90.95,9738776.0
2025-08-27,90.70999999999998,91.66,88.91000000000001,89.71999999999998,9702230.0
2025-08-28,91.18,93.11,90.51,92.48,10255962.0
2025-08-29,91.78,91.95999999999998,88.49000000000001,89.04,13202497.0
2025-09-02,87.09,88.49000000000001,84.25,87.72000000000001,16023210.0
2025-09-03,88.18,89.87000000000002,87.58999999999999,88.9,10682309.0
2025-09-04,89.47999999999999,92.07,88.62,91.97,9203011.0
2025-09-05,92.56,94.24,89.69,91.31,15618283.0
2025-09-08,92.56,94.09,92.42,93.18000000000002,9650401.0
2025-09-09,93.73,94.5,92.25,94.1,8833101.0
2025-09-10,94.72,95.98000000000002,92.95,94.24,11633536.0
2025-09-11,94.64,95.98000000000002,93.74,95.67,8787924.0
2025-09-12,95.65,97.36,95.15,96.75,10752547.0
2025-09-15,97.16,99.27,96.43,99.15,8145504.0
2025-09-16,99.76,100.37,98.62,99.2,8363852.0
2025-09-17,99.22,99.62,95.51999999999998,99.58,21162857.0
2025-09-18,100.45,102.37,99.79,101.5,14560621.0
2025-09-19,100.83,103.28,100.81,102.98999999999998,10801251.0
2025-09-22,102.06000000000002,105.07,101.73999999999998,104.78,9669416.0
2025-09-23,104.77,105.09999999999998,101.985,102.70999999999998,13337287.0
2025-09-24,103.32,103.52,99.98999999999998,101.57,13685254.0
2025-09-25,101.37,101.68,97.5,99.87,13246281.0
2025-09-26,100.29,101.51999999999998,98.73999999999998,101.31,14605864.0
2025-09-29,102.84999999999998,104.26,101.93999999999998,102.41,10968218.0
2025-09-30,102.43,103.56999999999998,101.21999999999998,102.58,9683660.0
2025-10-01,100.59000000000002,105.14,100.4,105.0,10387209.0
2025-10-02,105.70999999999998,106.97,104.67,106.29,9777081.0
2025-10-03,107.03,107.23999999999998,103.76,104.47,12167855.0
2025-10-06,105.78,107.87999999999998,105.72,106.54,9941868.0
2025-10-07,106.77,108.15999999999998,104.51999999999998,105.15,10308517.0
2025-10-08,105.75,109.67,105.29,109.46999999999998,10739867.0
2025-10-09,109.08,109.08,106.76,108.93,8817466.0
2025-10-10,108.79,109.65000000000002,93.46,97.32,30428921.0
2025-10-13,102.96,103.67,100.86,103.1,11073733.0
2025-10-14,99.79,103.53,97.06999999999998,101.36,14444008.0
2025-10-15,102.9,105.5,100.04,103.42,12590859.0
2025-10-16,104.53,106.32999999999998,99.76,101.13,16906054.0
2025-10-17,97.85,104.77,96.93,104.47,13664263.0
2025-10-20,105.24,108.52,104.65999999999998,108.15999999999998,7684673.0
2025-10-21,107.57999999999998,108.48000000000002,106.675,107.17,7025461.0
2025-10-22,107.87,107.93999999999998,101.59,104.0,12163471.0
2025-10-23,105.20000000000002,107.87,103.31,107.81,8922487.0
2025-10-24,108.28,111.25499999999998,108.18000000000002,110.87,7644824.0
2025-10-27,114.23,117.18,113.93,116.92,8533784.0
2025-10-28,116.41,120.075,116.21,119.44000000000004,11171884.0
2025-10-29,120.74,122.03,117.54000000000002,120.02,17130236.0
2025-10-30,120.59,120.87,114.84999999999998,119.06,16822599.0
2025-10-31,119.71,120.45,115.39,116.73999999999998,16339475.0
2025-11-03,118.04000000000002,120.41,117.09,117.74,8511500.0
2025-11-04,115.2,115.4,110.09000000000002,110.09000000000002,12981356.0
2025-11-05,110.29999999999998,115.0,108.88,113.65000000000002,12242490.0
2025-11-06,112.36,114.33,106.12,107.59999999999998,18441200.0
2025-11-07,107.54,107.79999999999998,99.96,106.9,23947498.0
2025-11-10,110.25,113.25,109.40999999999998,113.06,12273732.0
2025-11-11,111.62999999999998,112.42,109.61,111.82999999999998,14334904.0
2025-11-12,113.71999999999998,114.18000000000002,109.74,110.41,16148984.0
2025-11-13,112.20999999999998,112.26999999999998,103.4,104.69,24733300.0
2025-11-14,103.25,107.09,98.77,105.65,29518681.0
2025-11-17,107.87999999999998,107.95999999999998,100.11,102.39,21989756.0
2025-11-18,101.0,101.68,95.79999999999998,98.34,47715343.0
2025-11-19,98.37,104.63,97.43000000000002,104.63,24201020.0
2025-11-20,52.40999999999999,53.53999999999999,45.77,46.419999999999995,48630186.0
2025-11-21,46.92,49.09,45.13000000000001,47.7,52554375.0
2025-11-24,48.84,51.48,47.77,51.28,21618131.0
2025-11-25,50.709999999999994,52.355,49.09,52.06999999999999,23341552.0
2025-11-26,52.61,53.849999999999994,52.28999999999999,53.55999999999999,12797444.0
2025-11-28,53.90999999999999,54.66,53.62999999999999,54.55,7127157.0
2025-12-01,53.48,54.64000000000001,52.82,54.03999999999999,10427535.0
2025-12-02,54.02,55.75999999999999,54.02,55.50999999999999,17055985.0
2025-12-03,55.720000000000006,55.87,54.17000000000001,55.61999999999999,17540498.0
2025-12-04,55.56999999999999,56.17,54.62,55.42999999999999,15732245.0
2025-12-05,56.15,57.06999999999999,55.21999999999999,56.13000000000001,16757033.0
2025-12-08,56.49999999999999,57.035,55.11999999999999,56.15,17525530.0
2025-12-09,55.96,56.22,55.09,55.81000000000001,13674328.0
2025-12-10,56.14000000000001,57.09000000000001,54.89,56.22,31955167.0
2025-12-11,54.92,57.04999999999999,53.97999999999999,55.81000000000001,24933316.0
2025-12-12,55.78000000000001,55.82,52.239999999999995,52.61,38136319.0
2025-12-15,53.29,54.06000000000001,51.72,51.82,31269835.0
2025-12-16,51.24000000000001,52.76,51.00999999999999,51.99999999999999,36122705.0
2025-12-17,52.57999999999999,53.17,49.36999999999999,49.650000000000006,39582166.0
2025-12-18,50.34,52.459999999999994,50.25,51.55,35112331.0
2025-12-19,52.25999999999999,53.79999999999999,51.7,53.78999999999999,20813712.0
2025-12-22,54.220000000000006,54.88499999999999,53.88999999999999,54.38000000000001,23748091.0
2025-12-23,54.26,55.07999999999999,53.74999999999999,55.00999999999999,11735679.0
2025-12-24,54.82,55.43999999999999,54.78000000000001,55.09,6093174.0
2025-12-26,55.22999999999999,55.74000000000001,55.06999999999999,55.13999999999999,7771369.0
2025-12-29,54.49000000000001,54.99,53.92999999999999,54.28000000000001,12052244.0
2025-12-30,54.49000000000001,54.81,53.89999999999999,53.96999999999999,6832728.0
