datetime,open,high,low,close,volume
2019-01-02,144.1642273096665,148.7090375958502,144.05919947724058,147.8783721923828,58576700
2019-01-03,145.70142743498377,146.33157978497172,142.73202042234897,143.04710388183594,74820200
2019-01-04,145.453183156539,149.9025226764872,144.8803160150912,149.16732788085938,74709300
2019-01-07,149.53969028568113,151.6784320691638,149.0527510507349,150.9432373046875,52059300
2019-01-08,152.32767912162282,152.8719181615784,150.09346684693196,152.30859375,49388700
2019-01-09,152.9005531190291,154.21817214421458,152.26084354608716,153.54981994628906,46491700
2019-01-10,152.3849835269423,154.0749568125092,151.52566100153157,153.98902893066406,38943400
2019-01-11,153.08197885867077,153.58801803412675,152.56638242810163,153.4257049560547,30176600
2019-01-14,152.1271857674301,152.7287100801181,151.4206336313995,152.0699005126953,30710200
2019-01-15,152.7668643537107,155.2493317270519,152.6809364890678,155.03927612304688,40874200
2019-01-16,155.29709216888463,156.3760130359159,154.95336606950215,155.0106658935547,33812200
2019-01-17,154.5141426280303,156.92976759132435,154.26590170942924,156.23277282714844,39329000
2019-01-18,157.33078714646118,158.51473569452943,156.41419403807296,157.779541015625,57183200
2019-01-22,156.6433275147163,156.71971269824772,153.49250789671987,154.61917114257812,56711700
2019-01-23,155.41165316912387,156.1181906307849,153.072413346114,154.81967163085938,38106100
2019-01-24,155.32570818269798,156.05136013983042,154.73374122312916,155.82220458984375,32417800
2019-01-25,157.07298460204183,158.1614479936636,156.53830287548863,157.68405151367188,36515900
2019-01-28,155.65038497839228,155.74585555297276,154.43779358621956,155.73631286621094,33491200
2019-01-29,155.8222638676583,155.86046375834675,153.7121788302936,154.26596069335938,30784200
2019-01-30,156.01315211561615,158.76296029590648,155.52621298743276,158.19007873535156,41346500
2019-01-31,159.16396417709035,161.35044794842688,158.94436590229088,160.55796813964844,37258400
2019-02-01,159.76549543367247,160.97808647874677,159.44086934884416,159.88006591796875,32143700
2019-02-04,159.9087297589055,161.86605834960938,159.7655166345308,161.86605834960938,26718800
2019-02-05,162.0856722273822,163.48921925696897,162.01884428591865,163.2982635498047,28156400
2019-02-06,163.33644888913645,163.62287513988616,162.07611510989648,162.81130981445312,27970000
2019-02-07,161.38868484527399,161.78969621966328,159.40271334664087,160.62484741210938,42036200
2019-02-08,159.22131071167922,160.96858403707716,159.0399122394366,160.93994140625,29020700
2019-02-11,161.52231927400283,161.9137878744139,160.38611334884993,160.78712463378906,21434100
2019-02-12,161.9615170260332,163.40324899554577,161.6750762550817,163.16455078125,29722100
2019-02-13,163.89018058732862,164.37713424629575,163.097715372936,163.27911376953125,26094100
2019-02-14,162.69673796003218,164.0620996651088,162.15251347041834,163.47967529296875,30326800
2019-02-15,164.72086533739756,164.75905064076144,163.40324655211333,164.16708374023438,32521700
2019-02-19,163.6610645244502,164.98822615409836,163.63242190121196,164.49172973632812,19487700
2019-02-20,164.6063479233117,165.2556148991313,163.5751840499904,164.463134765625,32593000
2019-02-21,164.0238547817858,164.47260857993902,162.99269134026608,163.86154174804688,25207400
2019-02-22,164.21488021922983,165.1887587491175,164.12893776272074,165.07418823242188,27735400
2019-02-25,166.33446857630366,166.76412244440644,165.56107413093946,165.6756591796875,32608800
2019-02-26,165.2746823513627,166.37268852840353,164.9977842089532,165.84754943847656,21939700
2019-02-27,165.08369845515168,165.94302086834384,163.99523505362922,165.7425079345703,25162000
2019-02-28,165.2269710103389,165.95260861874414,164.8927875529614,165.3606414794922,25085500
2019-03-01,166.5540902191779,166.75458858689657,165.35104173692716,166.50634765625,31431200
2019-03-04,167.60435186972703,167.84305011269169,164.6731450219927,166.5349884033203,38063500
2019-03-05,166.65908813476562,167.17466984254196,165.83796573424618,166.65908813476562,22319900
2019-03-06,166.82150734411573,166.8501499811683,165.44660248962714,165.7139434814453,27194600
2019-03-07,165.29377846746885,165.35106372300547,163.06910877388177,163.68017578125,39407400
2019-03-08,161.8469554141968,163.5178431562374,161.68464235324817,163.43191528320312,39303200
2019-03-11,164.10984206903333,166.94557873082096,164.08119944166066,166.83099365234375,30518400
2019-03-12,167.2701621674801,168.17721246359633,166.86915091769131,167.74755859375,33953500
2019-03-13,168.61643477086477,169.88629652827095,168.37773654189635,169.0078887939453,42426100
2019-03-14,169.12250793924832,169.32300633336354,168.6737540128178,168.72149658203125,23751500
2019-03-15,169.38025806945404,170.79336207979668,169.26568758120388,170.28732299804688,38192000
2019-03-18,170.2146514742382,171.2094516711474,169.87029980538523,170.6929168701172,32935100
2019-03-19,171.39113897479314,172.1755010409298,170.53982735902179,171.2667999267578,36893300
2019-03-20,171.27636959890333,172.99812762512659,170.4920220842065,171.94593811035156,50105000
2019-03-21,171.42942086898657,174.88249703098901,171.41028616962532,174.63380432128906,42428500
2019-03-22,173.87815636431912,174.34686168026096,170.61638304522566,170.79812622070312,70794500
2019-03-25,170.17636298036396,171.0659294347799,169.23895248122832,170.47288513183594,46336500
2019-03-26,171.7928946545936,172.83550946353304,170.39635361302024,171.2667999267578,33248100
2019-03-27,171.5250647859604,171.90767116676668,168.92330052908386,170.16677856445312,37096700
2019-03-28,170.6067741444482,171.1998183615748,169.53546469531713,170.55894470214844,30368200
2019-03-29,171.8789755103528,172.01288920247762,170.82678607544503,171.85028076171875,35205500
2019-04-01,173.61991662688584,174.33731479454022,172.91209310925547,174.1268768310547,30969500
2019-04-02,174.31817449358627,174.95904836432905,173.87816391303824,174.786865234375,22645200
2019-04-03,175.7720945453073,176.88167377617523,175.24601428173355,175.79122924804688,31633500
2019-04-04,175.83903743439978,176.47991124137732,174.7103236373424,175.72425842285156,28530800
2019-04-05,176.23125438778,176.73821458597078,176.02081642677598,176.63299560546875,25674700
2019-04-08,176.34598686220198,177.22599328700653,175.64772359168842,177.08251953125,22697500
2019-04-09,176.4799196134418,177.06340394232524,176.08773851138068,176.46078491210938,25631900
2019-04-10,176.69033215839082,177.46511960279116,176.499028959051,177.40773010253906,24563000
2019-04-11,177.7042295174117,177.7042295174117,176.661614808216,176.98683166503906,20654100
2019-04-12,177.77120989319587,177.86685419161674,177.01554257953163,177.7520751953125,24989100
2019-04-15,177.76165753604545,177.98167010054664,176.59468894229946,177.78079223632812,21073000
2019-04-16,178.431214397285,178.78514064957034,177.8477301386512,178.39295959472656,27195700
2019-04-17,179.58861840649482,179.76078690698398,178.48861406537347,179.0146942138672,29651600
2019-04-18,179.31122684096454,179.62686908461552,178.19207323148194,179.2442626953125,28580900
2019-04-22,178.4599132071581,179.81818484802227,178.32598491736357,179.751220703125,17936000
2019-04-23,180.2103612867787,182.25733621064163,179.95210853054982,182.03733825683594,33665600
2019-04-24,182.19042863651592,182.420001290448,181.4060663488747,181.46347045898438,24977100
2019-04-25,182.82167421987754,182.90775845964362,181.21469543342724,182.19992065429688,29517500
2019-04-26,181.913008731242,182.40084874870024,180.39212836087393,182.36257934570312,26359500
2019-04-29,182.36255019902723,183.00343853504035,182.06602805294563,182.7164764404297,21716200
2019-04-30,181.2434222642415,181.59734852731626,180.02863885561794,181.30081176757812,31495300
2019-05-01,182.4869339033953,183.00346867787357,180.59300711981032,180.71734619140625,34797100
2019-05-02,180.65994144712027,181.597352004566,178.74688012327127,179.9329833984375,44110100
2019-05-03,181.4251601065977,182.9364802306823,181.09994320021843,182.8025665283203,30386200
2019-05-06,178.91903800515576,181.93210332718704,178.64163597883052,181.68341064453125,38371800
2019-05-07,179.7033914782843,180.46861884470957,176.4894482156965,178.14425659179688,58818100
2019-05-08,177.5607884418519,179.03383921429318,176.91991466065676,177.6947021484375,37165300
2019-05-09,175.71467962467898,177.35035347810796,174.1746646756141,176.73817443847656,55351700
2019-05-10,176.10686393847715,177.80948737988223,173.16074769496163,176.9581756591797,58526400
2019-05-13,172.45285850916147,173.3806941600406,170.31979981484454,170.81719970703125,67185800
2019-05-14,171.71641148104138,173.73469203144998,171.08509765681842,172.6920623779297,43360600
2019-05-15,171.55379468752477,175.57122089118548,171.51552528430372,175.13121032714844,40944500
2019-05-16,175.20770104283034,177.98164842601463,174.99726315184745,176.8911895751953,39281200
2019-05-17,175.1407628622321,177.51295471989218,174.930324957589,175.08335876464844,44702300
2019-05-20,172.64420496076946,173.30419878286827,171.54418606627556,172.12767028808594,38608300
2019-05-21,173.6103531927524,174.40427556762864,173.05556353577254,173.92601013183594,31613800
2019-05-22,172.95989611114788,174.15555954097664,172.89293195323705,173.1511993408203,24332600
2019-05-23,171.16159539223554,171.23811959504536,169.43983731776225,170.5015869140625,45351300
2019-05-24,171.41984153614376,172.03202048735562,170.20504368457586,170.4154815673828,25903300
2019-05-28,170.8937821365755,171.85031285768633,169.75550824317358,169.77464294433594,24763800
2019-05-29,168.72243387914747,169.30591813563825,167.47894116583115,168.37808227539062,42178800
2019-05-30,168.8276548863731,169.5641875525038,168.12939161862525,169.08592224121094,30354800
2019-05-31,167.09634196531633,167.67025159932712,166.31197982468566,166.3885040283203,45446200
2019-06-03,165.938934438959,166.38850501579356,161.91194854284458,162.72499084472656,75842300
2019-06-04,164.55193502181737,167.36413692924705,163.92062141086444,167.30674743652344,47797800
2019-06-05,168.90420468217627,168.93289943756213,166.79983991270717,168.55029296875,34412700
2019-06-06,168.83722993913486,170.30072075407983,168.0911371548688,169.88941955566406,29913200
2019-06-07,170.7980813077346,173.8685505909432,170.5780833826128,173.17027282714844,45888300
2019-06-10,174.3277116239568,176.814697161593,174.28945681983137,175.18858337402344,41385300
2019-06-11,177.0155327382214,177.34074960666806,174.83464435670098,175.4276885986328,41260300
2019-06-12,174.9494273422117,175.31291361259898,174.08855570713368,174.4137725830078,27758100
2019-06-13,175.14077141313354,175.87728951984454,174.79641978831424,175.4468536376953,23715800
2019-06-14,174.5477267239581,175.15034576546722,174.0312065423081,174.70077514648438,22844100
2019-06-17,175.08336182227706,176.24077031802707,174.89205861348762,175.75294494628906,20379500
2019-06-18,177.82861943312486,179.55993760149545,177.36947420516495,178.306884765625,48177300
2019-06-19,178.54601980261103,179.37819682165104,177.50340486683677,178.97645568847656,31672900
2019-06-20,181.47301570796876,181.51127051608543,179.02429931447367,180.64083862304688,40922000
2019-06-21,180.43039060535082,181.5208350194933,179.99038006134586,180.3730010986328,39980400
2019-06-24,180.73344784153338,180.91559283997395,180.28288325416048,180.37875366210938,19375200
2019-06-25,180.25412523127173,180.3595768290091,177.01389852604305,177.28231811523438,33921100
2019-06-26,178.46147457822113,179.58308821367626,177.81918375934194,178.1067657470703,22595700
2019-06-27,178.74904464978982,179.20919038959585,178.2984800988948,178.78738403320312,19709200
2019-06-28,179.21874813107718,179.41047427859846,178.37515015643007,179.01744079589844,21179200
2019-07-01,182.44945000778995,182.68911142407103,180.58967507700524,181.4332733154297,31025600
2019-07-02,181.37575157183758,182.17142920577922,180.85808936414273,182.15225219726562,18035800
2019-07-03,182.6123762995804,183.52308654785156,182.42063550813918,183.52308654785156,15792100
2019-07-05,182.2672788270511,183.48474811499906,181.55787587069386,183.14923095703125,21415600
2019-07-08,181.96051031978268,182.018026712597,181.11689755111894,181.86465454101562,17598800
2019-07-09,181.00184491656844,183.00541039466066,180.84845813403743,182.7753448486328,19193500
2019-07-10,183.88739814714253,185.1048674750675,183.55186635038723,184.59678649902344,28374500
2019-07-11,184.87479537267646,185.34452231821808,183.8777958349888,184.4625701904297,23736100
2019-07-12,184.66388203043448,185.53623829321938,184.49131823896153,185.5266571044922,20211900
2019-07-15,185.958034231412,186.15935620556544,185.44037214151044,186.12100219726562,15606100
2019-07-16,185.89093338280017,186.06348253380398,184.59675623919964,185.162353515625,20190900
2019-07-17,185.1623581783531,185.48830874029272,184.23247094492385,184.25164794921875,16765100
2019-07-18,183.37929606614497,184.81726435384192,182.80411752772812,184.4625701904297,28877000
2019-07-19,185.72801404309706,185.8142886411855,182.91917467389686,183.11090087890625,29387900
2019-07-22,183.52310355916498,184.96107186165185,183.52310355916498,184.56802368164062,18954900
2019-07-23,185.5745563288311,185.7950406489668,184.33789571761153,185.77586364746094,23786700
2019-07-24,185.06653443028273,187.08927721417612,185.04735742267007,187.07968139648438,20422900
2019-07-25,186.4470040816855,186.47576228194276,184.95150452944614,185.30621337890625,23434700
2019-07-26,186.4853170965318,187.4631396502938,186.38944669071915,187.21388244628906,20431200
2019-07-29,187.04135112596603,187.1084487142245,185.39247945740863,186.5716094970703,20451700
2019-07-30,185.14325879287838,186.49493818629676,185.00904897268884,185.76637268066406,18705000
2019-07-31,186.26483696726467,186.38945094434067,181.4907861298046,183.19717407226562,41627500
2019-08-01,183.51348771011567,186.9166819134034,181.40447068890458,182.2864227294922,63251600
2019-08-02,180.915588864479,181.17442725803681,178.50939380664948,179.6022491455078,55214000
2019-08-05,175.8443056488537,175.92099903049336,171.78924000361076,173.25596618652344,75040000
2019-08-06,174.85697582776896,176.1990886304768,173.5819898754674,175.68141174316406,41897200
2019-08-07,173.7736576428369,176.8796594108302,172.45072229556976,176.6304168701172,49990600
2019-08-08,177.42610848888714,180.532125132757,176.93720455651518,180.47459411621094,38418100
2019-08-09,179.61184906351534,180.22538169267742,177.3782029499703,178.77783203125,33608900
2019-08-12,177.6753834616484,178.2122226918561,175.9114789544597,176.72633361816406,24642900
2019-08-13,176.57293458822846,181.83588954612682,176.4099665923143,180.5992431640625,40241900
2019-08-14,177.69455666212252,178.2601540798423,174.87613613616753,175.2020721435547,51000500
2019-08-15,175.43215054803335,175.9977479599001,173.66824609690406,175.00076293945312,36685000
2019-08-16,176.59211616540878,178.2601501830868,176.48666456205672,177.80958557128906,32781400
2019-08-19,180.3787190028665,181.0210096549524,179.74600953862628,180.63754272460938,22494100
2019-08-20,180.1870251820782,180.83889713897352,179.19002561206494,179.2379608154297,19902900
2019-08-21,180.81012292155705,181.40447843285907,180.18700921633845,180.8292999267578,20418500
2019-08-22,181.16484421107228,181.6250046382273,178.82574657023355,180.2445526123047,24243700
2019-08-23,179.01747663492193,180.65675234634185,174.05168504170277,174.5406036376953,55372400
2019-08-26,176.52497809122357,177.22478519580514,175.5088162229292,177.17686462402344,27598900
2019-08-27,178.41349512758862,178.71067285972737,176.11275202967664,176.80296325683594,28012800
2019-08-28,176.22784165848898,177.7329078084959,175.34588936545688,177.43572998046875,21792400
2019-08-29,179.64057020500985,180.66632785735132,178.9599254996151,180.14865112304688,25358900
2019-08-30,181.11686873369533,181.1552227413159,178.7010928532463,179.71725463867188,26319800
2019-09-03,178.51898445073076,179.439276033367,177.37819384853353,177.97254943847656,27964200
2019-09-04,179.6885083913351,180.6950890556503,179.17083164842148,180.5417022705078,21592100
2019-09-05,182.53570506011067,184.37630278471593,182.46859284940817,183.8490447998047,33932600
2019-09-06,184.1558039362049,184.2229015138667,183.26425602669806,183.66688537597656,19487800
2019-09-09,184.24209282724004,184.3187862275017,182.35355990063675,183.283447265625,24407600
2019-09-10,182.29601883924823,182.85203494507783,181.09771204938323,182.75616455078125,23744700
2019-09-11,183.1012966204671,184.56802311427336,182.67949024592443,184.47215270996094,25063600
2019-09-12,185.60337998409477,186.65789602237794,184.9898473693949,185.2390899658203,28689900
2019-09-13,184.97065438401563,185.40204195231652,184.33794481569691,184.57760620117188,27669800
2019-09-16,183.38888323385015,184.1366255379646,183.2067382522227,183.75315856933594,20319000
2019-09-17,183.77235728421536,184.63514709472656,183.3793090803526,184.63514709472656,20953400
2019-09-18,184.25168280521945,184.63514982481817,182.24811699654364,184.55845642089844,29781300
2019-09-19,184.8843808641463,186.01557558879432,184.510509685756,184.86520385742188,26039400
2019-09-20,185.12401443989904,185.3157405950298,182.29601342535824,182.9095458984375,29086100
2019-09-23,182.85576919672687,183.53778655007187,182.24099939054713,182.99024963378906,22485900
2019-09-24,183.82594406913967,184.22938537072093,179.77230071771646,180.5599822998047,40820700
2019-09-25,180.377473234549,183.06709661727524,178.86937224615068,182.58680725097656,34704900
2019-09-26,182.34667097028182,182.50996760347581,180.5695943701825,181.91441345214844,26826000
2019-09-27,182.2506496024634,182.34671336539157,178.427549285734,179.65708923339844,40773500
2019-09-30,180.3870726600398,181.65504361492887,180.0124475428713,181.3668670654297,26307700
2019-10-01,182.0296595913917,183.07668683330246,179.5897961969897,179.8875732421875,32367600
2019-10-02,178.66768165316563,178.6964978485925,175.80516053501646,176.7945556640625,48544300
2019-10-03,176.77533513744686,178.8694047771371,174.65246396039026,178.73492431640625,39392500
2019-10-04,179.70506997206886,181.62622742570576,179.5129571581588,181.3668670654297,31887600
2019-10-07,180.84816738652944,182.26021933738292,180.50235844637618,180.81935119628906,21216000
2019-10-08,179.68583726802677,180.454303108122,177.9664079591379,178.11048889160156,32379300
2019-10-09,179.6186373358853,180.66566472324038,179.08070088904879,179.8491668701172,20147400
2019-10-10,179.89713932959054,181.9623772304591,179.74344325268243,181.241943359375,25177700
2019-10-11,183.30724151971057,185.03628617190788,183.20157727270774,183.57620239257812,40976700
2019-10-14,183.3168621261755,184.1429605140476,183.1343498015932,183.5570068359375,14975000
2019-10-15,184.1237590120807,186.32349293096706,184.00849423284512,185.8912353515625,23234200
2019-10-16,185.25723285180132,185.90081890594303,184.84417633510162,185.4301300048828,20457100
2019-10-17,186.5443837302758,186.83256027655185,185.20917990122254,185.92001342773438,19045200
2019-10-18,185.58379984306856,186.03527299962525,183.1919682873401,184.13333129882812,27700800
2019-10-21,185.11314037913849,185.8912068341584,184.56560344722445,185.76632690429688,15801200
2019-10-22,186.49638329211362,186.75574369319727,184.2294165538483,184.2870635986328,22392300
2019-10-23,183.91240625296584,184.68085749509788,183.61461454078156,184.64244079589844,14828400
2019-10-24,185.95844656143063,186.5540153849732,185.14196337497037,186.43873596191406,18998500
2019-10-25,185.4781337400711,188.02367603556166,185.4397170420819,187.9276123046875,21507100
2019-10-28,188.8017910835228,190.03133093782816,188.8017910835228,189.78158569335938,18818700
2019-10-29,189.46453469777128,189.7526965616271,188.28301242689565,188.31182861328125,18569700
2019-10-30,188.67687409420128,189.5414037533814,187.5914154291581,189.2244110107422,21764300
2019-10-31,189.7719410189323,189.85838959119974,188.21580808904255,189.3108673095703,26801800
2019-11-01,190.1273119652078,191.0398733451946,189.83915011601826,191.03025817871094,22131900
2019-11-04,192.29825581781458,192.624849064048,191.03028487511827,192.21180725097656,19015900
2019-11-05,192.45193953195232,192.64405233163845,191.6834736759407,192.3174591064453,15048900
2019-11-06,192.09656718119248,192.1157828635147,190.9534759279912,191.88523864746094,19725500
2019-11-07,192.84577079990376,193.76793278323902,191.97165533935913,192.52877807617188,17832400
2019-11-08,192.18299626667957,193.31647214863364,191.6738760478869,193.29725646972656,15258800
2019-11-11,192.31748400577246,193.1147514948287,192.05812363111994,193.0379180908203,10147600
2019-11-12,193.20119036883776,194.23861707939673,192.90341332972,193.5950164794922,14778300
2019-11-13,192.92264754684328,193.8255939868118,192.7977822666327,193.64308166503906,15774600
2019-11-14,192.9130109727781,193.61422927937,192.32705741322403,193.48934936523438,16945400
2019-11-15,194.66129663876333,194.9110565185547,194.03692625382484,194.9110565185547,18427900
2019-11-18,194.6036242214666,195.37209006911212,193.81595735414842,195.06471252441406,18365900
2019-11-19,195.80434789254411,195.80434789254411,194.6036245837585,195.35287475585938,16923300
2019-11-20,194.84378616624207,195.4297397781058,192.711300212067,194.1809844970703,36629000
2019-11-21,193.96964725572263,194.10414234289703,193.14356365577174,193.74871826171875,17883600
2019-11-22,194.22900561166898,194.3442850198827,192.82656895093083,193.87359619140625,17189600
2019-11-25,194.70933434606178,196.2078350406268,194.68051815249478,196.16941833496094,17752800
2019-11-26,196.29429164367195,196.79378208679682,196.0061150604723,196.54403686523438,14780600
2019-11-27,197.05310287924823,197.92723296496362,196.81295821771764,197.91761779785156,16963100
2019-11-29,197.41819666295513,197.7159738024805,196.91869148782786,197.01475524902344,9854600
2019-12-02,197.02430400753673,197.09153689689512,193.82557507596331,194.9974822998047,28007000
2019-12-03,192.31753817325315,193.5470781854612,191.37616015041172,193.47023010253906,31104100
2019-12-04,194.45953582103093,194.9110089395402,194.17135930707045,194.44992065429688,15300100
2019-12-05,195.14154502375882,195.14154502375882,193.88318934942097,194.83416748046875,14962300
2019-12-06,196.2557928439275,197.06267527380686,196.10209676473195,196.91859436035156,16555300
2019-12-09,196.5632360907847,197.48538349110228,195.93885110324413,196.0253143310547,13984100
2019-12-10,196.12134459694136,196.80336189941136,195.42012627437214,195.8619842529297,21799800
2019-12-11,196.30385997019678,197.10114203484613,195.9964677565774,196.8994140625,18780800
2019-12-12,196.69771248227136,199.1471911980904,196.4287516079421,198.36911010742188,32612000
2019-12-13,198.26341254768153,199.7138955804634,197.84077028565378,199.02227783203125,32519400
2019-12-16,200.32869160892483,201.27005463461376,200.2614440641703,201.0203094482422,21296600
2019-12-17,201.27962474414335,201.4429359975188,200.79933546478537,201.1355438232422,15996100
2019-12-18,201.30847654146683,201.84639824518203,201.07793238676012,201.2892608642578,15443300
2019-12-19,201.37570033855,202.6148403031719,201.35648466220812,202.547607421875,17865900
2019-12-20,203.50824723248897,204.1422328270134,202.94150919674934,203.36416625976562,27672600
2019-12-23,204.08421416623082,204.2286074987485,203.72803415332257,203.90130615234375,23774700
2019-12-24,204.08417102948368,204.17080701068227,203.54508311663398,204.0071563720703,7089000
2019-12-26,204.33447198938006,205.82659986726267,204.30559332695384,205.80734252929688,17067500
2019-12-27,206.52936225469475,206.5486195948785,205.08537021089492,205.63409423828125,18134100
2019-12-30,205.52821901585452,205.6533697045094,203.2755947543544,204.28639221191406,21815500
2019-12-31,203.63174128155072,204.81581055405601,203.31406129350384,204.67141723632812,18170900
2020-01-02,206.39460419159556,208.08889770507812,205.9902881547093,208.08889770507812,30969400
2020-01-03,205.3356379037904,207.4246109553394,205.31638056676368,206.18276977539062,27518900
2020-01-06,204.56551985072494,207.5401396493011,204.31523320861092,207.51126098632812,21655300
2020-01-07,207.5882541561284,208.06958474123246,206.82775829484316,207.48236083984375,22139300
2020-01-08,207.45350018290873,209.99492530524427,207.12619888200487,209.04188537597656,26397300
2020-01-09,210.7650506465186,211.21750259673692,209.58098145441585,210.8131866455078,23547000
2020-01-10,211.64111627023362,211.6603589222655,209.89868678422323,210.2741241455078,21898500
2020-01-13,211.14049044794262,212.72887561017035,210.80355314005448,212.6999969482422,22756900
2020-01-14,212.59415098290106,212.95034570776983,211.5352322018764,211.86253356933594,24418100
2020-01-15,211.978021120721,212.940682447054,211.25602512597123,211.9491424560547,25742100
2020-01-16,213.0080640815941,214.0188613564895,212.55561210796517,213.9803466796875,18805000
2020-01-17,214.94297361788767,215.21251755626315,213.82628319373603,215.03924560546875,24325200
2020-01-21,214.44243566990113,215.48211168395406,214.34617834894308,214.94302368164062,21146300
2020-01-22,216.0308622611665,216.7432223422152,215.24147281140662,215.51101684570312,20736400
2020-01-23,215.38581785476504,216.30034303860805,214.3846420009869,216.20407104492188,26496100
2020-01-24,217.21486979666307,217.44591376975796,213.3931037065184,214.3846435546875,37436500
2020-01-27,209.5424841584409,211.09236944455108,209.07077483169581,209.95643615722656,42264400
2020-01-28,211.43893603364953,213.67231739217365,210.8805906940185,213.1813507080078,26731900
2020-01-29,214.36543430462797,214.6060996555299,212.58451952138205,213.52792358398438,28924500
2020-01-30,212.15129715965054,214.38466368644922,211.48705852754097,214.2884063720703,39568100
2020-01-31,215.1836740824446,215.21255274563228,210.13932370267952,210.8902130126953,52015800
2020-02-03,211.9202780928953,214.56759691896625,211.77588475981935,214.07664489746094,25408600
2020-02-04,217.00305857470005,219.35195395672403,216.26180543124832,218.9765167236328,30691200
2020-02-05,221.6142331096167,221.65273309301173,218.37969100981817,219.6985321044922,38534800
2020-02-06,220.24728178839402,221.65277380971636,219.467528452275,221.5950164794922,22467100
2020-02-07,220.60346778448653,221.8356730775583,220.00660778790325,220.6419677734375,25884900
2020-02-10,219.91036970968705,223.3181845582399,219.85261237668485,223.30856323242188,21478900
2020-02-11,224.54076655472767,225.2820199291705,222.75983712872844,223.34706115722656,30198000
2020-02-12,224.66589136104858,225.62855262876883,224.1075460630854,225.5226593017578,24471300
2020-02-13,223.95354530665193,226.15803342779785,223.6840012924257,225.23388671875,22773200
2020-02-14,225.59005912839783,226.09064714753535,224.82956311869074,225.8788604736328,23438500
2020-02-18,224.7813849660654,226.38902736994686,224.54071967166917,225.9654541015625,24394500
2020-02-19,227.3132316427599,228.6031943398197,227.04368763707714,228.13148498535156,22230500
2020-02-20,227.63088940490908,228.1025840242257,223.2218990442658,226.01361083984375,42604000
2020-02-21,224.88731289044486,225.27237154511687,220.75750226626002,221.67202758789062,66017200
2020-02-24,213.4027462416078,215.87679279055124,212.03576898194058,213.1235809326172,84522600
2020-02-25,214.91419268980923,215.62656753034395,206.7219481243832,207.3284149169922,97743000
2020-02-26,208.61836484356425,212.05505850846635,206.875935317424,208.39694213867188,79537700
2020-02-27,203.0252787407927,208.33917366018667,197.82691317530848,197.96168518066406,121822600
2020-02-28,191.22306338168502,199.43456409770943,190.7706113403432,198.11572265625,148173700
2020-03-02,201.0806973544826,208.48356511314225,198.25047077787218,208.3391571044922,112933900
2020-03-03,209.00342126389165,211.41007481135986,199.8677591096452,201.65830993652344,131953500
2020-03-04,205.3549555539038,210.17788431797848,203.47775390213445,210.07199096679688,73086200
2020-03-05,204.74843219637864,208.2813973693051,202.2551429797237,203.6894989013672,78705500
2020-03-06,197.02791641464526,201.34063558032835,195.33363755753174,200.25283813476562,89828400
2020-03-09,186.25571076647086,193.64895744898524,184.9368694395479,186.3423614501953,116424000
2020-03-10,193.60083116102874,196.67172332048196,186.44824945300695,196.4888153076172,100599200
2020-03-11,191.9065206484735,193.2542404848296,185.53369336473233,187.93072509765625,89168800
2020-03-12,175.29099584868476,183.65652505137072,170.33329593718474,170.69911193847656,137820700
2020-03-13,180.08503502968375,187.21834325086076,171.47884168071033,185.1582489013672,134882000
2020-03-16,167.64742851181632,177.7842489508168,162.8437589142779,162.97853088378906,92054400
2020-03-17,168.91816285210587,177.50509903983192,163.44061824425333,175.339111328125,121257100
2020-03-18,165.20232620838118,172.52818017263695,160.57192714707853,170.00601196289062,114156300
2020-03-19,169.12990863744122,176.6386671620222,165.2215074386752,171.02635192871094,120896500
2020-03-20,174.9540675165637,176.04186478188208,163.74869072798472,164.32627868652344,118983900
2020-03-23,164.88870592266807,168.06261919939575,159.11007109457017,164.4449462890625,124639800
2020-03-24,173.561465555149,177.3431375763082,171.6706221843956,177.17913818359375,94881800
2020-03-25,177.91232809492413,182.82271258391634,173.6290010211754,175.8671417236328,88754900
2020-03-26,177.38174455107878,185.91945904293365,177.13092451289438,185.12838745117188,79887600
2020-03-27,180.33376341717982,183.78743713744916,178.14387587751088,178.76129150390625,58845000
2020-03-30,180.45917728377884,185.69757553731253,179.76458287756057,185.26344299316406,49356900
2020-03-31,184.95473284972996,188.36016773929651,182.5236525554176,183.68130493164062,62659300
2020-04-01,178.24998520367816,181.0380045603474,174.477954685729,175.8767852783203,53715400
2020-04-02,174.84455843155314,183.39191468551573,174.5840818460189,179.44622802734375,56465300
2020-04-03,179.00246512870046,180.46883272396678,174.89277913043884,176.89938354492188,47487600
2020-04-06,183.75847655393267,190.67546505651794,182.5140036100985,189.5467529296875,64763500
2020-04-07,195.2289258635497,195.50870082071944,189.08370999909098,189.46958923339844,69904500
2020-04-08,191.15781397279812,194.07125042343827,189.2476869649236,193.492431640625,45940400
2020-04-09,195.20967493590064,196.04897050743185,192.0068208168155,193.77224731445312,68252600
2020-04-13,192.9425526091154,196.24186849228946,191.73666165530844,195.86563110351562,42853900
2020-04-14,199.9174086917818,205.00144874228786,199.1359937600668,204.384033203125,63959600
2020-04-15,201.12329032551108,204.35508361003392,199.81128052503084,202.03976440429688,47036000
2020-04-16,204.220041332607,206.80546439797175,202.29061586161308,205.72499084472656,64657400
2020-04-17,208.5419603817808,208.86995919487663,204.5962886350872,207.69300842285156,62863200
2020-04-20,205.83113422414328,208.26221472736088,205.06901754974783,205.23301696777344,38249100
2020-04-21,203.168520189689,203.70875699876774,196.44447084168215,197.66000366210938,72932800
2020-04-22,201.72147376092897,204.85679069343286,200.97864070445294,203.52548217773438,40089100
2020-04-23,204.3165137465589,206.8730114526164,202.6861615090846,203.09133911132812,43278500
2020-04-24,203.52542316050253,206.73791796009087,202.10729442770193,206.2941436767578,34231900
2020-04-27,208.56123438568818,208.98571031554658,206.93086761888986,207.95346069335938,36451700
2020-04-28,209.6514096969461,209.6514096969461,203.7570134239958,204.03677368164062,46862800
2020-04-29,208.5612692855443,212.20788260903336,207.5483178689419,211.27210998535156,48716400
2020-04-30,212.188582333886,212.27540295501447,209.68033782796115,211.18528747558594,43359500
2020-05-01,206.93090628411198,209.02433140175634,204.21040898188159,205.23301696777344,48795000
2020-05-04,203.99817348249172,207.8473681017223,203.67015994573165,207.62548828125,32841000
2020-05-05,209.7671473886203,212.37186892758075,209.1979703863233,209.97938537597656,37783100
2020-05-06,211.65798922960508,213.24011768360376,210.41351615459038,211.27210998535156,36455200
2020-05-07,213.99256896972656,214.87044630147935,212.64196241564684,213.99256896972656,38624800
2020-05-08,215.66153688802146,217.06036742289936,214.6292871860654,216.92530822753906,31852300
2020-05-11,215.60369081585847,219.88700371674187,215.372154421074,218.86441040039062,35714100
2020-05-12,219.46257782254224,220.05105337394446,214.25311850184588,214.2820587158203,41054100
2020-05-13,214.8029511519797,216.68413812912272,209.0629130544002,211.60009765625,65521200
2020-05-14,210.2784360370854,214.04080981565204,208.36830894337834,214.00222778320312,51549300
2020-05-15,211.05986788943042,215.44931412930026,210.6257500679816,215.3914337158203,55747200
2020-05-18,218.29518833515635,220.6104929244377,217.5137734042826,219.40460205078125,42398100
2020-05-19,219.66509150995978,221.73923276674577,218.7100353029218,218.854736328125,36237300
2020-05-20,221.40157751308575,223.58182304242948,221.38227913626724,223.22488403320312,37417000
2020-05-21,223.27315773982804,223.94845383122797,220.282541837463,220.79383850097656,43642900
2020-05-22,220.3886297897862,221.7585201594007,219.4721556005788,221.55593872070312,28762400
2020-05-26,225.1254068317668,225.32800302122988,220.71666173664335,220.9578399658203,33055300
2020-05-27,220.6201798492537,222.27948709749987,216.03779389841856,222.16371154785156,55665600
2020-05-28,221.0253309363811,225.2314789666659,220.96745052868073,221.87428283691406,42784300
2020-05-29,222.25054142350731,225.3569178429785,220.68769666466795,225.12538146972656,50691800
2020-06-01,224.2571124897475,226.17688127127835,223.81333818707904,225.80064392089844,25776000
2020-06-02,226.22516213312986,227.37317277383752,223.8230218499596,227.31529235839844,33383400
2020-06-03,227.9230107448058,229.09031955568474,227.04513340014336,228.3378448486328,37228700
2020-06-04,227.9905644471948,229.39903680936783,225.43406684460547,226.73643493652344,38716100
2020-06-05,227.88441023106967,231.820439382737,227.31523333324603,231.23196411132812,47365600
2020-06-08,231.0873002751125,233.15178510188434,229.51482840298513,233.02638244628906,32937300
2020-06-09,232.16775870539644,235.56353676380294,231.98446093967473,234.714599609375,35046300
2020-06-10,236.40290386159305,239.07516277023902,235.88195064167962,237.5316162109375,58084400
2020-06-11,233.6148620539446,234.9943943327635,225.70421980527954,225.76210021972656,72919400
2020-06-12,230.65317733072695,231.91694872983695,223.56254715943328,227.55645751953125,72034800
2020-06-15,224.23784466597658,231.00047606686667,223.30207207619324,230.32518005371094,45307400
2020-06-16,235.177678130575,235.76615350968348,230.66282942818094,234.28050231933594,48890100
2020-06-17,235.77582081229858,236.83701086316572,234.16475207714595,235.02334594726562,34749300
2020-06-18,234.70494804151127,235.90119709768177,233.9331896520828,235.66001892089844,30578600
2020-06-19,238.02357000153597,238.28404656279602,233.89460065572752,235.62144470214844,49422100
2020-06-22,235.4899769043614,238.57276426413907,235.20007161643818,238.4471435546875,24068700
2020-06-23,240.04173550092696,242.70896797011602,239.490900584289,240.4766082763672,32767400
2020-06-24,239.72277080949863,240.95009059556097,234.02107404845484,235.51898193359375,46032400
2020-06-25,235.60597049212052,238.06059549512244,233.03536861977014,237.76101684570312,36940800
2020-06-26,237.51946071648175,237.6934186778951,231.62447264881834,232.14633178710938,52824600
2020-06-29,231.9046720676223,234.687880737474,229.37273430298757,234.67820739746094,34377800
2020-06-30,234.6105771031589,239.81942022684188,234.42696058693025,239.2782440185547,38909200
2020-07-01,239.31693302288755,243.06653272793153,238.77575672441694,242.07115173339844,34689200
2020-07-02,244.51609503274156,245.72408299270458,243.2501260100518,243.7139892578125,31956500
2020-07-06,246.86448292549113,250.22751818141214,246.84515098406868,249.7056884765625,34589000
2020-07-07,249.45436014795675,252.11193376369474,247.6858491900228,247.9854278564453,36578200
2020-07-08,249.30937612046645,251.28079106595806,247.87910788285308,251.25180053710938,30426300
2020-07-09,253.16533711340938,254.03508272222632,248.97120560662137,253.36827087402344,40312900
2020-07-10,253.22325340550458,255.34932389816413,250.54636284638087,255.09805297851562,32885300
2020-07-13,257.9392374798514,260.72244625141667,249.02911776983066,249.85055541992188,64108100
2020-07-14,247.32824358968344,252.02491542624807,244.26478834119683,251.6190185546875,72230500
2020-07-15,253.03002274749608,253.8611339497716,248.8358913323863,252.13128662109375,54523900
2020-07-16,249.34805164975458,251.04890826795977,247.0287204834085,250.4110870361328,47594100
2020-07-17,250.86527387658973,251.56107612618052,248.5266256848358,250.7010040283203,35137900
2020-07-20,251.33886119054432,258.4418381944587,250.09223851639513,257.8136901855469,40610100
2020-07-21,259.37918721685526,259.3888605586253,254.2863202343949,255.1270751953125,43243800
2020-07-22,255.619980861951,256.95360457640516,253.7258340975872,256.0258483886719,29865500
2020-07-23,255.61993170517167,256.3253778156358,247.92744296032234,249.33839416503906,51363500
2020-07-24,245.50181607372636,248.29468380070477,242.87324769475924,246.97073364257812,54054500
2020-07-27,248.61359438120672,251.7640069121067,247.8308205460294,251.37745666503906,36445700
2020-07-28,250.59468688564115,251.11654594816994,247.88880562048064,248.1787109375,31302400
2020-07-29,249.71521946848944,251.8992707376627,249.24169771228,251.03916931152344,27556900
2020-07-30,249.07751350131974,252.91408551232487,247.9275062832065,252.3535919189453,41774500
2020-07-31,256.9728652011358,257.01152907342157,252.0829323192016,256.8569030761719,53686300
2020-08-03,258.9926095304385,261.0703428503079,258.8669740683068,260.32623291015625,32081600
2020-08-04,259.82367047286675,261.38924746318963,259.07956059167935,261.2926025390625,24911300
2020-08-05,261.77582414920806,262.3942986407845,260.88673204594375,261.9400939941406,21612100
2020-08-06,261.7467966414092,265.7379929634665,261.10897555802075,265.409423828125,28048200
2020-08-07,264.86827313898436,265.64140316954297,260.2006203903107,262.34600830078125,44969400
2020-08-10,262.635897252369,262.83886046192526,257.70733001490817,261.2249755859375,35088400
2020-08-11,260.0653648307991,261.35068086710135,255.7359537406894,256.2771301269531,43104300
2020-08-12,258.4320937756136,263.6699124180775,258.38375656795273,262.72283935546875,38773400
2020-08-13,263.4959951861173,265.59304572073495,262.38465218698923,263.3220520019531,31895700
2020-08-14,263.9404826677358,264.21107073992107,261.6211521215929,263.01275634765625,30799500
2020-08-17,264.72329265771594,266.5691017036072,263.05145628285396,266.06658935546875,24803000
2020-08-18,267.12970037354484,269.1011159467353,265.67044114245454,268.6275939941406,23529500
2020-08-19,268.5888241263631,269.642185916782,266.3081573856884,266.8203430175781,31999400
2020-08-20,266.0279578546199,271.0048626981277,265.6220608953523,270.52166748046875,27723400
2020-08-21,270.7149440202601,272.8506585193085,270.06744948407925,272.3964538574219,34748900
2020-08-24,275.66280694035754,276.3875995966425,271.81656329392575,274.0972595214844,36418500
2020-08-25,273.3242484641861,276.4457008111197,272.87971703283785,276.2524108886719,34866600
2020-08-26,277.49897328985776,282.39857926912845,276.2233309949189,282.1473083496094,42216700
2020-08-27,283.12342707967974,283.97385544173255,279.00659409605953,281.2679443359375,49482700
2020-08-28,282.50492177324173,283.32635959628595,281.15198097217353,282.6982116699219,28021000
2020-08-31,283.219952496628,286.77626097165285,282.78506515669875,284.9691162109375,36321000
2020-09-01,287.6171279661076,289.9558058881011,285.8486463762724,289.83984375,36216200
2020-09-02,293.08683237877307,293.29943941238844,286.91161404785015,292.5843200683594,50836800
2020-09-03,288.0809906262113,288.58350302844633,274.8511033929113,277.7502746582031,110083300
2020-09-04,275.96238288898604,279.2191131411723,262.6648443122866,274.0489196777344,123959000
2020-09-08,263.0708013495206,268.86914387034597,260.5968442333201,260.8771057128906,99568600
2020-09-09,266.3758528930931,270.63760842633246,263.82456818747903,268.5405578613281,64837900
2020-09-10,271.4977312190594,272.71539260479386,261.4665937831789,263.186767578125,69667500
2020-09-11,264.93591724449493,265.9699620309678,257.9295869771747,261.36029052734375,71809000
2020-09-14,265.1388572857662,267.9027491790809,263.7859166175224,265.9119873046875,38525200
2020-09-15,269.6519786988004,271.0242663819979,265.88306110678167,269.68096923828125,41849900
2020-09-16,270.47332799990096,270.9371764795811,265.0325457691461,265.38043212890625,42321000
2020-09-17,258.5577596862858,265.1775403357728,257.71700469207485,261.23468017578125,81570800
2020-09-18,262.65522696609054,262.94513225830894,253.80308831036103,257.90057373046875,86251100
2020-09-21,253.64839832753506,258.65429172277857,251.36770246724234,258.5190124511719,57168600
2020-09-22,260.91571998677773,263.9018626158336,257.5816909893936,263.3220520019531,41128900
2020-09-23,263.0031581110731,263.18677465804853,254.4022889049728,255.28170776367188,48837300
2020-09-24,252.60480575598547,259.6691173588937,252.4405064083363,256.4703674316406,70631700
2020-09-25,256.9729431203814,263.2448090463775,255.41703882695245,262.43304443359375,55242400
2020-09-28,267.28426649719216,267.8834533691406,262.53931518411497,267.8834533691406,58438300
2020-09-29,267.3229106161718,268.3762726245199,266.1149226031265,266.6754455566406,27050000
2020-09-30,266.86865970226773,271.6426298619708,266.59807161390717,268.5018615722656,49380800
2020-10-01,272.3191710467639,273.37253309004967,270.43469788715163,272.7637023925781,50020200
2020-10-02,266.74306496429404,272.75401437277986,264.2497907332789,265.0905456542969,75497400
2020-10-05,267.0523689488354,271.06288395160846,266.94608014130233,270.7439880371094,28184600
2020-10-06,270.0578103987121,271.73932026553695,265.0325684973553,265.9119873046875,49704200
2020-10-07,268.5502525196212,271.3044416697659,267.96073901764834,270.51202392578125,27539700
2020-10-08,272.90865190404514,272.97630631229185,270.88889944163117,271.9519348144531,25443300
2020-10-09,273.5947401934564,276.1846885783184,273.2081899767563,276.10736083984375,30201100
2020-10-12,280.7846765810854,287.4624367771106,279.7409880829066,284.63092041015625,79370700
2020-10-13,286.4285130159509,287.06630483441944,283.25872365827956,284.621337890625,64240000
2020-10-14,285.42335910272357,286.389749328572,280.50443639218156,282.2439270019531,36949100
2020-10-15,277.54738775322204,280.9393986514012,276.9095664282217,280.34991455078125,42514200
2020-10-16,281.9927582527519,283.41335357901045,278.4654385490732,278.8133544921875,40570700
2020-10-19,280.7267511204607,281.6834977161468,273.28556238406674,274.2615966796875,36756800
2020-10-20,274.99605740192214,277.95320974762217,273.4401829713871,274.8511047363281,32195400
2020-10-21,275.1024584836778,277.66338798626714,274.155384963592,274.6385803222656,29306100
2020-10-22,275.4695390091383,276.36830438824296,271.38172697740964,274.6287841796875,32196200
2020-10-23,275.198942920618,275.33425171273075,272.30944548904887,275.1699523925781,24658500
2020-10-26,272.8892965535558,275.71113970293754,267.4581878077359,271.0434875488281,38421100
2020-10-27,272.0388349294439,273.9812886233602,270.78253949561895,273.15985107421875,30559100
2020-10-28,268.66621736451685,269.27504806427874,262.25904398800714,262.51031494140625,53413500
2020-10-29,263.82456948123104,270.09643350878184,263.3606914892373,267.10064697265625,43246300
2020-10-30,265.1195207094076,265.989266111691,258.09387359780874,260.32623291015625,65838300
2020-11-02,262.7132427871416,264.3270982805242,257.9972527970859,260.9060974121094,39987400
2020-11-03,262.8195962126676,267.51627016636445,261.73724338979656,265.419189453125,43604100
2020-11-04,274.05854578737166,279.0644390778473,272.39635375173737,277.2669677734375,75728200
2020-11-05,283.66458590369433,285.4620874656753,282.186009703758,284.4956970214844,52054200
2020-11-06,283.8385065209368,285.4330447285974,280.08890717712325,284.708251953125,40959800
2020-11-09,287.64602595986383,289.08596735642266,278.43632889123074,278.8905334472656,86537100
2020-11-10,275.585592558968,277.02550497020536,271.18849807770005,273.8944091796875,69024900
2020-11-11,276.41665433779593,280.4948231442373,273.8557255890356,280.02130126953125,36102900
2020-11-12,280.98769753717005,282.25366667118294,277.5956576099085,278.7070007324219,34414600
2020-11-13,280.41751038496193,281.77045102265487,278.1947948091362,281.1519470214844,24806900
2020-11-16,280.85236889928893,283.6452512673449,280.24353823818916,283.3456726074219,30168400
2020-11-17,283.53895587325457,283.8675250915629,281.80910868719633,282.4469299316406,21843500
2020-11-18,281.89605303204337,283.5099082644864,280.27249496762283,280.3594665527344,28069600
2020-11-19,279.808677529354,282.8624746544085,279.1418658110282,282.55322265625,22718400
2020-11-20,282.4759673973097,283.22010705207674,280.5335422989457,280.6205139160156,25907300
2020-11-23,281.6158039352227,282.91076341232724,278.38806383702627,280.6300964355469,26875600
2020-11-24,281.6931740868517,285.06589718604346,279.8957018065329,284.5730285644531,24516800
2020-11-25,285.6359841911062,286.9599341655216,284.6889110928169,286.3221130371094,23326800
2020-11-27,288.28390314138545,290.0814045293684,287.8876795585941,288.96038818359375,17163100
2020-11-30,289.27939956638613,289.88823044917325,284.87266016666626,289.54998779296875,27836200
2020-12-01,291.82092142657996,294.88439208815726,290.7192221723429,293.2608337402344,27521300
2020-12-02,292.09149530806684,293.97596836487656,290.2553594658821,293.6377258300781,23620000
2020-12-03,293.94699489846994,295.59951430318665,293.3284908569994,294.05328369140625,22828700
2020-12-04,294.1015495701713,295.39653853625344,293.4250940494465,295.2515563964844,19332100
2020-12-07,295.43515165338704,297.290633888362,295.2515351486592,296.92340087890625,20851000
2020-12-08,296.44995158477576,298.2281065199663,294.7007871841629,297.92852783203125,18341500
2020-12-09,297.71588317593665,297.9961151441899,290.1200396643177,291.1830749511719,48839300
2020-12-10,289.15363690227525,293.47340277519385,288.07128447188796,292.3523864746094,27519500
2020-12-11,290.6999017536818,291.83059152880014,288.43855169534044,291.7049560546875,26760400
2020-12-14,292.8935636436746,295.7637440584094,292.82593873547404,293.8213195800781,28804800
2020-12-15,296.07303550095884,296.9621276855469,293.8889836609134,296.9621276855469,25709000
2020-12-16,297.35832790563893,299.3780802348846,296.31460979317626,298.5953063964844,25461900
2020-12-17,300.18983409404035,300.7793180415245,298.9915195175857,300.5473937988281,23730500
2020-12-18,301.18529946977486,301.49455154140685,297.2713998246905,299.6390686035156,41173400
2020-12-21,296.6968099330535,299.6109270127023,293.92793779990836,299.0784606933594,37095500
2020-12-22,299.9788528813914,300.8114409536031,297.0744264140137,299.8917236328125,26176300
2020-12-23,299.94013397627043,300.2983418646353,298.22653291084043,298.3814392089844,21201300
2020-12-24,298.6428485834726,300.1434572907375,298.56541020147336,299.6981201171875,16785000
2020-12-28,302.3023949194107,303.19309872265205,300.47259202219556,302.71868896484375,22497700
2020-12-29,304.04498682302057,304.66461189200476,302.08935059656926,302.9897155761719,25871900
2020-12-30,304.1514809415962,304.47095478764754,302.3797646138136,302.9993896484375,18138100
2020-12-31,302.90265506836647,304.22900519750357,301.828031373789,303.74493408203125,21611400
2021-01-04,305.0712675012697,305.24555554776396,295.4576227654511,299.4560546875,45305900
2021-01-05,298.4685595752302,302.1959128601963,298.4685595752302,301.9248046875,29323400
2021-01-06,297.21965709452303,301.9441957847156,296.2321626812209,297.7424621582031,52809600
2021-01-07,300.39512444280655,305.7779920626543,300.36608136211987,304.9454040527344,30394800
2021-01-08,307.2302010628528,309.21491003430316,305.042190529325,308.8663635253906,33955800
2021-01-11,305.9135279564242,307.08497153497416,303.7545606025091,304.4032287597656,32746400
2021-01-12,304.44190378881314,305.52621802584207,301.2857811800355,303.91912841796875,29266800
2021-01-13,304.18048929105964,306.765411477314,303.58024607313826,305.9715576171875,22898400
2021-01-14,306.4169793743503,307.4141645709109,303.86107000917417,304.3354797363281,23500100
2021-01-15,304.1225063350417,305.08095763432993,300.68558388460093,301.9248046875,35118700
2021-01-19,304.2387041994004,306.83331835673874,303.1446987219593,306.32989501953125,24537000
2021-01-20,309.9410218264804,314.3944517891422,306.42666132440587,313.4553527832031,30728100
2021-01-21,314.7913859659749,316.70831788759295,313.41664078151587,315.96282958984375,25130600
2021-01-22,314.9269322177987,316.0596418583159,314.36539328964204,315.05279541015625,21609400
2021-01-25,318.4315747501509,319.7966584555106,311.1705100697358,317.65704345703125,39080600
2021-01-26,318.37358312762797,319.25459611588326,316.79550654126723,318.1218566894531,25498100
2021-01-27,315.8660588444002,315.8757201748006,307.2495703041456,309.2536315917969,55264000
2021-01-28,310.45405721814706,316.02087280505765,309.8344322580126,311.0833435058594,42836300
2021-01-29,309.3987577128749,310.5024535975397,302.7960527868326,304.5386962890625,55259000
2021-02-01,307.97565699810855,313.2326908464539,305.9522436350412,312.14837646484375,35646000
2021-02-02,315.11097982091366,318.39296699369066,314.9463826229667,317.2408752441406,33930800
2021-02-03,319.31258844148124,319.68048711365606,315.924091580384,315.982177734375,24824500
2021-02-04,317.3763509400177,319.8063675249799,316.0596623178328,319.71923828125,22350900
2021-02-05,320.66800331185556,321.81040381264313,319.0318409228675,320.80352783203125,22732000
2021-02-08,322.48816101170837,323.1077566336111,320.85199838952866,322.9528503417969,20462800
2021-02-09,322.02334930555594,324.14358239894085,322.013658432188,322.885009765625,17597500
2021-02-10,324.3178287279463,324.77285657905094,319.0027394283991,322.1492004394531,28068700
2021-02-11,323.6789239561336,324.32759214036884,321.5393382627716,323.92095947265625,22046100
2021-02-12,323.07874594166447,325.89604346919896,322.03316529878344,325.7314758300781,20346800
2021-02-16,326.5251777019855,327.4158811673537,323.6885292888763,324.8503112792969,27080800
2021-02-17,321.87817742268214,324.96655281909017,319.6514626027675,323.2916564941406,31360300
2021-02-18,319.70966643766656,323.23368931141937,317.8992153822488,321.8782958984375,32236200
2021-02-19,323.22388506357134,323.3497482551594,319.45782791752555,320.474365234375,39157700
2021-02-22,316.09831716058187,317.3568897599286,311.96436205639856,312.16766357421875,47256900
2021-02-23,306.90102481836163,312.90351724809113,301.0921726135977,311.2383117675781,97241900
2021-02-24,308.5855640910335,314.11367604871,305.89413057856177,313.8038635253906,58206300
2021-02-25,311.15121547282814,313.70709534994387,301.32454914976546,302.8638916015625,110182600
2021-02-26,305.7876863391182,308.9438094751332,300.97601894949236,304.1321716308594,104739800
2021-03-01,309.0986863548367,313.6199225043149,307.8110704920777,313.28106689453125,49164500
2021-03-02,313.92004533355646,313.9974836940551,308.0047118607735,308.25640869140625,48370000
2021-03-03,307.16240863093043,308.10150757392336,299.25270485794294,299.310791015625,86301100
2021-03-04,298.9428847614246,302.0990371273131,290.5490806444042,294.4119873046875,139131600
2021-03-05,297.02598795684276,299.7464649262253,287.9738828516121,298.8460998535156,121523700
2021-03-08,298.3039161618704,300.18211405491843,289.96822750430505,290.384521484375,88409800
2021-03-09,297.6746473469426,303.7352262391033,297.14218101960296,301.837646484375,80391100
2021-03-10,306.0878642326224,306.387985973286,300.2887014783937,300.97607421875,76798100
2021-03-11,305.7101966431199,309.66989398051334,304.8195225253842,307.90789794921875,53484800
2021-03-12,303.8611226884961,308.09192928230254,301.469839613597,305.41015625,69315600
2021-03-15,305.7295988118373,308.837326647409,304.0934363164408,308.6727294921875,42955700
2021-03-16,310.8607663565972,313.8717038740802,308.93417288948405,310.36700439453125,54925900
2021-03-17,307.3367435684353,313.53284754502164,305.62311301915645,311.64495849609375,78258700
2021-03-18,306.7752042507634,307.75303729560653,301.6440625750953,302.0990905761719,82718100
2021-03-19,301.9345029977423,304.7034050515938,299.7949170097811,303.1640625,78446200
2021-03-22,305.55343960948335,310.9140252313107,305.55343960948335,308.8492736816406,56194800
2021-03-23,309.9350378767081,311.25335988892084,306.68765967352556,307.5019226074219,53455400
2021-03-24,308.86877378090526,308.90755666394017,302.17045810055293,302.31585693359375,64803700
2021-03-25,300.4740059625284,303.30456417345346,297.9730578138518,301.7923278808594,78729000
2021-03-26,301.5790668600298,306.63915226798906,300.1832087727299,306.31927490234375,63519600
2021-03-29,305.78615611278667,307.2789566937248,302.8974381878525,306.2320556640625,54608000
2021-03-30,304.27397607290493,305.2627176647272,301.9959625409575,304.6907958984375,44635700
2021-03-31,306.4744393806723,310.91411802707773,306.1351557169822,309.35345458984375,55032500
2021-04-01,313.17275305842713,314.76249625213046,312.92070869566726,314.6268005371094,55685600
2021-04-05,317.10830969994527,321.67400959517823,316.8659685015175,320.908203125,42172500
2021-04-06,320.5980024249018,322.63364465762453,319.90973217862893,320.68524169921875,33537200
2021-04-07,320.2102655032343,322.29442351628467,319.2796835663621,321.46075439453125,32046400
2021-04-08,324.31069923260867,324.99893998740856,323.5158129621822,324.81475830078125,29940800
2021-04-09,323.45764800289913,326.9861501688162,322.72095085143667,326.7825622558594,36664900
2021-04-12,325.74537450902636,326.7728988898223,324.4755089142188,326.3560791015625,25833000
2021-04-13,327.8779634603512,330.6309561353368,327.6647020061011,330.1656799316406,30374000
2021-04-14,330.40796702206137,330.53398916747386,325.38666492862893,326.200927734375,42564300
2021-04-15,329.07028894600836,331.5324839641165,325.91985316308563,331.14471435546875,36342800
2021-04-16,331.66819692465873,331.7457626834928,329.6616044678657,331.5325012207031,40860100
2021-04-19,329.9621636897054,331.11568081364885,326.5790597528117,328.4984130859375,34533100
2021-04-20,327.8391751174834,329.1187141235269,324.13619461803864,326.10400390625,38081800
2021-04-21,324.824498866238,329.08002521372185,323.7388148510512,328.8958435058594,36598100
2021-04-22,328.5081731849719,329.48721188009193,323.777666472198,324.93121337890625,45936100
2021-04-23,325.5611805627224,330.33043890861984,325.5611805627224,329.0218200683594,36381900
2021-04-26,329.2642070255575,331.4452781726139,328.5177770778778,331.1641540527344,30812000
2021-04-27,331.45492999213883,331.6681914514092,328.77950300990113,329.7294616699219,33187200
2021-04-28,329.3998682226513,330.4080159525857,327.9651975909243,328.61468505859375,33615700
2021-04-29,331.8813999947828,332.29821973150337,326.57897370453867,329.7972717285156,37708900
2021-04-30,327.35455609823015,329.8361280085452,326.7244452133422,327.6356506347656,38263400
2021-05-03,328.83768586553776,329.58408623460167,325.44490850724037,325.89080810546875,29729700
2021-05-04,323.34136507299735,323.66127206756664,316.21652689036085,320.0261535644531,65147000
2021-05-05,322.07136719733654,322.9341158343506,318.17453241102635,318.95001220703125,46219300
2021-05-06,318.6883728457284,321.50922789045813,316.449142582441,321.3541259765625,46814300
2021-05-07,324.12650640824586,326.33665698916013,321.52861582031727,323.96173095703125,53324500
2021-05-10,322.58523457284645,322.7597131465326,315.5767160364433,315.7803039550781,60700500
2021-05-11,309.90593294309514,316.1389413976423,309.2467424078614,315.34405517578125,71963600
2021-05-12,310.4197123587213,312.7364789358394,306.31928844902643,307.1820373535156,91164900
2021-05-13,310.11916336738483,312.5231688558065,307.1916630827052,309.5569152832031,69877800
2021-05-14,312.71706017328535,317.302136301244,312.21297159309785,316.3909606933594,44370000
2021-05-17,314.6849106165879,316.3715959603401,311.60233754605224,314.4716491699219,39395000
2021-05-18,315.4217162247337,316.64309610406366,312.07739488004273,312.34881591796875,36528500
2021-05-19,306.9591010662555,313.0079287390102,306.61011430985127,312.7074279785156,66319100
2021-05-20,314.190525497534,319.6092713737214,313.96759051845436,318.7562255859375,46466100
2021-05-21,320.3071847296511,320.7240044690414,316.63331365549334,316.9919738769531,50330400
2021-05-24,319.27963654780194,323.44792237739557,316.88530463017196,322.3234558105469,32475800
2021-05-25,323.8357776478353,324.5530982924511,321.59654682988935,322.76947021484375,31280300
2021-05-26,323.43831818100426,324.3591971493166,322.75007733813146,323.8939208984375,25444900
2021-05-27,323.4480576691449,324.29140055136907,322.47869259391257,322.6822509765625,27931700
2021-05-28,323.8841633687067,325.2897541666594,323.38010432071417,323.6999816894531,29927400
2021-06-01,325.02802938445956,325.5030382874219,321.27659206724854,322.6240234375,31145400
2021-06-02,323.04082791067566,324.09743201993837,321.5383242650881,323.25408935546875,22047900
2021-06-03,320.42351966107435,321.69338516999375,318.2230722364377,319.890380859375,37057800
2021-06-04,321.6837596667815,325.7647777608782,321.6158970214758,325.3188781738281,38736500
2021-06-07,324.78567477026974,326.346367531055,324.09743402345566,326.2882080078125,32611900
2021-06-08,328.03310255552793,328.89585158541155,324.7663473137233,326.443359375,27282800
2021-06-09,327.81011528704465,328.5855953125596,326.3366618228329,326.5208435058594,21485300
2021-06-10,326.8601735349406,330.0299863073459,326.41427393607114,329.9233703613281,33702100
2021-06-11,329.93302592497895,330.795774892879,329.28356800283944,330.78607177734375,21222800
2021-06-14,331.2125224070112,333.9655145952076,330.0298962939506,333.9558410644531,27827700
2021-06-15,333.60692559305636,333.91712946198913,331.05749116385306,331.77484130859375,35963800
2021-06-16,332.2400925756048,333.3063998058053,327.1121739212168,330.5631103515625,55399500
2021-06-17,329.554982803743,335.7686152979436,329.5065263923153,334.7604675292969,59722700
2021-06-18,333.1028181318173,334.24666145193623,331.38702356897403,332.1334533691406,55414900
2021-06-21,332.32462521783617,334.51794039002993,330.1119109228464,334.1976623535156,32992600
2021-06-22,333.9939319117783,337.75943564454093,333.6930825573863,337.3130187988281,28941600
2021-06-23,337.2548032042632,338.6231969029158,336.643390103058,337.4779968261719,27188500
2021-06-24,339.4092323186821,341.0881598467166,338.8657606820142,339.56451416015625,32581600
2021-06-25,340.1273287491369,340.3699510331872,338.54542671841233,339.1471252441406,28682800
2021-06-28,340.42817198737436,343.4075806908598,340.369945009591,343.2716979980469,39130300
2021-06-29,343.09707100698824,344.5430905442502,342.26246444955655,344.51397705078125,29426000
2021-06-30,344.3586792692265,344.7468986534807,343.3881900425526,343.9704895019531,32724000
2021-07-01,343.6210482233592,344.6109363437989,342.2720542937363,344.1062927246094,29290000
2021-07-02,345.998873026298,348.37658392233686,345.7659650458484,348.05633544921875,32727200
2021-07-06,348.65799892493936,349.84199706760444,345.9697245818565,349.560546875,38842400
2021-07-07,351.7538601770984,352.05470949206136,348.34743324169887,350.2981262207031,35265200
2021-07-08,345.2418224398353,349.0364388088404,343.9607991902347,348.1824035644531,50890000
2021-07-09,347.600137407865,350.83185348316795,347.01783795171673,350.3563232421875,35184500
2021-07-12,351.753875458604,352.1808931403898,350.18165783912826,351.7247619628906,25717700
2021-07-13,351.3462569016323,354.68474262269365,350.8707265993189,351.7247619628906,39723000
2021-07-14,354.06360134594,354.7041278435109,351.5306384672121,352.3555603027344,35336400
2021-07-15,352.2682541126906,352.47204859453535,347.8816230568866,349.8808288574219,53391600
2021-07-16,350.7348447491291,351.7150484688974,346.6976055038964,347.0469970703125,47262000
2021-07-19,343.60167150729745,344.69832898486476,341.65100845649755,344.2033996582031,64404600
2021-07-20,345.1350634556446,349.64783210985405,343.3590517137888,348.2018127441406,42183700
2021-07-21,347.77490435850655,350.8901672363281,347.55168112030583,350.8901672363281,30259900
2021-07-22,351.09387519602745,353.21924896165797,351.09387519602745,353.2095642089844,30252200
2021-07-23,354.5294392236291,357.6155880495975,353.180474514925,357.33416748046875,31960800
2021-07-26,356.64508082972117,358.0037894573996,355.78136080816336,357.6155700683594,28438100
2021-07-27,357.35360868187286,357.35360868187286,349.53146647345926,353.6754455566406,57933100
2021-07-28,354.81089455029075,356.6063056814547,352.52052439792925,355.0340881347656,42066200
2021-07-29,354.47120453246976,356.82948634161215,354.47120453246976,355.6649169921875,25672500
2021-07-30,351.74416275803367,354.3936093484703,351.71504926218205,353.8113098144531,36484600
2021-08-02,355.47083858690587,356.0531381213734,353.13195569506735,353.8404235839844,27334100
2021-08-03,354.50032105152934,356.1016224312695,351.31711741542796,355.98516845703125,35558500
2021-08-04,355.9463866876559,357.45066302831987,354.84004417214123,356.49957275390625,29602200
2021-08-05,357.3147235885684,358.9936806467521,356.6062853936496,358.7607727050781,21443900
2021-08-06,357.4990707050841,358.4695598204947,356.0821648893383,357.1885070800781,33332100
2021-08-09,357.6447781766592,358.37264529819697,356.5481499251465,357.8486022949219,25960200
2021-08-10,358.3629100233557,358.6540449841331,354.83031454200466,356.0143127441406,35130800
2021-08-11,357.27592932393196,357.77085870550394,354.073297005322,355.4028625488281,34249800
2021-08-12,354.89826305920906,357.04303629212944,353.5492686074497,356.6839599609375,25969200
2021-08-13,357.0333650382217,358.2658759329415,356.53840595922236,357.9359130859375,19336200
2021-08-16,356.8198173800413,358.12995425400317,352.96697363746,358.0911560058594,34856900
2021-08-17,355.34463113371896,356.31512037872,352.5108191238256,354.9370422363281,44793900
2021-08-18,354.4032588112428,355.80076570692756,351.19094174855974,351.5209045410156,38541900
2021-08-19,349.5897087899509,354.88857286276215,349.33737205701175,353.2193298339844,48499400
2021-08-20,354.2868322168747,357.2759559368995,353.97626852339454,356.8780517578125,39486000
2021-08-23,357.91637838081397,362.90470671239143,357.9066936290837,362.2156677246094,34034700
2021-08-24,362.8077243638605,363.9237811600913,362.341878827467,363.32208251953125,21732900
2021-08-25,363.5743827826378,364.3119640704269,362.8270871251734,363.7393493652344,20441900
2021-08-26,362.8853603678298,363.56468508570066,360.9928944471551,361.42962646484375,29133300
2021-08-27,362.0604556103134,365.4474538399385,361.5752109531415,364.94281005859375,27104700
2021-08-30,365.7288969907494,369.52351369079594,365.7094682499672,369.03826904296875,27295700
2021-08-31,369.28089840437747,369.3488101474605,367.19432268536974,368.7374267578125,29628200
2021-09-01,369.79526233368057,371.4159629281201,369.1450214515688,369.34881591796875,28138300
2021-09-02,370.6977780055514,371.0277407947319,367.96099122725343,369.1741027832031,25453400
2021-09-03,368.0290057631559,370.70756608874484,368.0096066365166,370.3096618652344,24605400
2021-09-07,370.41631491144716,371.4838589668425,369.26143038110774,370.8336181640625,23970200
2021-09-08,370.65896446604796,370.65896446604796,367.28168071864684,369.54290771484375,32949200
2021-09-09,369.76613774278206,370.87248014416735,368.0289536026869,368.2715759277344,29399000
2021-09-10,369.9796161815492,370.69776872726254,365.14656920150003,365.4765319824219,40249400
2021-09-13,367.8057176495254,368.2327352961627,363.17649451023095,365.2242126464844,48741800
2021-09-14,366.7091007301896,367.4369677608617,363.2347618019217,364.18585205078125,41826600
2021-09-15,364.6420111582431,367.2429157722262,362.35164065887915,366.8935241699219,34097900
2021-09-16,365.56384988273425,367.718337003804,363.64230029973885,367.145751953125,35193100
2021-09-17,366.6702766200241,366.71878923852006,361.7596031021072,362.7980041503906,60912300
2021-09-20,357.01147944703916,358.75059013583785,350.6671574005691,355.3015441894531,76203200
2021-09-21,357.12791752385976,358.32295337490024,354.6115672536215,355.73858642578125,41927500
2021-09-22,356.65193901956206,360.5187799843224,355.55406537392423,359.0614318847656,46972900
2021-09-23,360.2175441098625,363.40427696626887,359.5763074823771,362.3744201660156,44652000
2021-09-24,360.11062893099836,363.1322120662038,359.74142941771123,362.71441650390625,36056800
2021-09-27,359.6734544973048,360.6935861132538,357.2736872299661,359.8191833496094,43338100
2021-09-28,355.2722726687899,359.77059480277074,349.1319732652067,349.6371765136719,97701600
2021-09-29,350.90020673587804,353.03763232754807,348.44214803307705,349.0639343261719,58076600
2021-09-30,350.7059150777573,352.36728337983305,346.945962244198,347.781494140625,61384600
2021-10-01,348.40332487128245,350.97796700376824,344.3033180915017,349.9383850097656,56375500
2021-10-04,348.3255826438038,348.6559112896858,340.3587649288273,342.5933532714844,76766000
2021-10-05,343.652299412036,349.4622696577363,343.4288584043883,347.21795654296875,47232900
2021-10-06,344.01182553733474,349.71493870708895,343.10827693175275,349.4429016113281,56806500
2021-10-07,352.48386870945467,355.29170657655396,351.94951966995245,352.6490478515625,39411200
2021-10-08,353.72751833333194,353.9607141915723,350.3561852041232,350.89056396484375,41822300
2021-10-11,349.35541514023294,352.8725062066949,348.11181282191984,348.19927978515625,34847200
2021-10-12,349.64691210021607,350.0840986793097,346.3435961311823,346.9848327636719,43905100
2021-10-13,349.28740081060675,350.4338405855879,347.2665286701431,349.7634582519531,40120800
2021-10-14,353.34852170552784,356.4186710500105,352.6878645383114,356.2049255371094,43433900
2021-10-15,357.41939257925725,358.5658323417555,356.3895358909364,358.4492492675781,40419900
2021-10-18,357.1571351895697,362.2675785774531,356.5547693978069,362.0538330078125,34513500
2021-10-19,363.12254656253174,364.8422065438889,362.10241481338824,364.79364013671875,29091000
2021-10-20,365.25026030158716,365.8623511829623,362.84076768993475,364.31756591796875,31390300
2021-10-21,363.52086567008075,366.7367443478896,363.21968280779555,366.54241943359375,25469300
2021-10-22,365.28913296115627,366.2509731223025,361.8012170845607,363.46258544921875,36275800
2021-10-25,364.8810498429271,368.0969285094743,362.9379193060493,367.18365478515625,32597800
2021-10-26,369.41826607898804,371.8277289256972,367.16422758060594,368.3398132324219,47191300
2021-10-27,368.78672325168736,372.2552182979416,368.5244113090448,369.1947937011719,45760500
2021-10-28,371.0894180459381,373.5474773329144,370.32187307456246,373.29486083984375,38007000
2021-10-29,370.2246197351638,375.2961910870078,369.87487050736155,375.1310119628906,37310100
2021-11-01,375.5682561701875,376.53982140855203,373.48912197799297,376.41351318359375,30765300
2021-11-02,375.80146575410737,378.4635749766438,375.7528993465057,377.98748779296875,25135300
2021-11-03,378.4732740352497,382.41782702389656,377.4337216341692,382.00006103515625,33748900
2021-11-04,383.26305361105216,387.84884257503916,382.7189794670043,386.8966979980469,40265300
2021-11-05,388.664986564109,389.5879557988873,385.8668737874535,387.26593017578125,43383800
2021-11-08,387.2367491954232,388.2568807963275,386.1000048645777,386.7412414550781,29256300
2021-11-09,387.80996941367835,388.20831470429704,382.7189772454321,384.07916259765625,50490700
2021-11-10,381.31021202374023,384.11802015749754,376.51067735237274,378.43438720703125,54937400
2021-11-11,381.40741366559087,381.5822883113041,379.1436498134024,379.48370361328125,32243000
2021-11-12,380.6301585760676,384.01121677531194,379.0368067694047,383.47686767578125,34730600
2021-11-15,384.6523958574728,384.97299933919516,380.9507346830435,383.38934326171875,33716900
2021-11-16,382.66073722445026,386.61501554953645,382.4664419328145,386.1195373535156,27872900
2021-11-17,386.44009993829405,388.35408477451546,385.3616766820078,386.3235168457031,28703300
2021-11-18,388.36380376999676,390.83155825697514,386.1486360963617,390.32635498046875,45721500
2021-11-19,391.9586113099856,393.7754338135081,391.1327748129784,392.502685546875,45191700
2021-11-22,394.03774784218194,397.08844748180036,387.83915645266666,387.9460144042969,61715400
2021-11-23,386.78982609208884,388.8495693207287,381.74742974006676,386.1777648925781,70098700
2021-11-24,383.70021458418785,387.70305822703176,381.37818931168243,387.42132568359375,46954400
2021-11-26,384.84671448351963,386.23607538819647,378.6869940757919,380.07635498046875,51533300
2021-11-29,384.63298453085525,389.33535682537865,383.90431058676927,388.3249206542969,54447100
2021-11-30,387.44078141295927,389.7822571763225,380.6106790288867,382.621826171875,81332700
2021-12-01,386.9551011557376,389.0925570880587,375.6460942997247,376.1124267578125,77766500
2021-12-02,374.8298193835273,380.6009186906761,373.41134258019963,378.8229675292969,84416600
2021-12-03,380.1831750070444,381.1838859743327,368.12604734982597,372.23577880859375,105349100
2021-12-06,372.7216064023511,376.57872188749616,368.5147119860262,375.2185363769531,67588800
2021-12-07,381.8543506899871,387.1299437335252,381.8154797717604,386.5178527832031,56005300
2021-12-08,386.8481656391627,388.4512424421491,384.9536014584753,388.2471923828125,39204000
2021-12-09,387.02301998348895,388.8204216107013,382.3400684022684,382.5343933105469,49973700
2021-12-10,385.34210684910596,386.95490831249526,382.17479545053806,386.6925964355469,52545800
2021-12-13,386.6829763172521,387.0035798094843,380.73700162639506,381.106201171875,50166400
2021-12-14,376.28724959080563,378.9979252293101,372.72162134697993,377.16168212890625,75199200
2021-12-15,376.9090040378662,386.1194527583862,372.9644517190141,385.75994873046875,73858000
2021-12-16,386.72181288136824,387.1493039329208,374.2566150073627,375.84027099609375,82591400
2021-12-17,372.4300289782877,378.1234157635812,370.91438982584793,373.9651184082031,80492500
2021-12-20,369.24804728232675,371.1255560766206,367.20514837555993,370.33758544921875,65336800
2021-12-21,373.6062015583831,378.9371901124146,369.8609215154893,378.6258850097656,48899500
2021-12-22,378.3340782683433,383.44131102709355,377.6725771503509,383.2370300292969,37042200
2021-12-23,383.5871812759535,387.5951377661711,383.42182085959166,386.126220703125,29595500
2021-12-27,387.4200861977094,392.50787353515625,387.3909031979328,392.50787353515625,32820700
2021-12-28,393.40276638176255,393.57786434825493,389.81310963024373,390.6886291503906,33113700
2021-12-29,390.8248526370669,392.0894886983413,388.2566302700842,390.6302795410156,32248500
2021-12-30,390.4163132880544,392.59541944240806,388.8792924991095,389.4629821777344,23850100
2021-12-31,388.7917216357938,390.15364435086724,386.53480417213575,387.03094482421875,34752900
2022-01-03,388.19835056295585,391.0097750810497,386.08737747126014,390.7568359375,40575900
2022-01-04,391.30158862899646,391.34050919275626,382.59499023423507,385.6885070800781,58027200
2022-01-05,384.00549782002093,385.12424866501397,373.5867520579978,373.8396911621094,75739800
2022-01-06,372.020529806364,376.81645685721696,369.7927954770154,373.5769958496094,70814300
2022-01-07,373.58679716364645,375.26976272752074,367.75969700528685,369.5301818847656,72652300
2022-01-10,364.6272526796805,370.288992287326,359.267080640251,369.77337646484375,91770500
2022-01-11,369.0437750740555,375.4934854420192,366.96198507841575,375.328125,68295700
2022-01-12,377.89626785911645,379.5889707439038,374.54010446184316,376.81646728515625,54576400
2022-01-13,378.19790933093844,378.87888564260544,366.456159394104,367.3900451660156,77994000
2022-01-14,364.8703612738156,370.00677587510904,364.66605063435605,369.676025390625,80121200
2022-01-18,363.868379872128,365.9890899163701,359.71447907712337,360.4732666015625,75450900
2022-01-19,362.029832788458,364.5007689267913,356.25136140354783,356.5140380859375,81791500
2022-01-20,359.73406878042016,363.70310562915995,351.34848278642613,351.8835144042969,88610700
2022-01-21,349.6946206883517,352.33091698772046,341.84406809533505,342.1261901855469,143388900
2022-01-24,336.5033910595923,344.35394409860754,325.06318082244553,343.6924133300781,198685800
2022-01-25,337.2427637902628,341.4841848912907,332.38844029940157,335.72515869140625,124398400
2022-01-26,343.3130289963466,347.17507067851926,331.51288540493397,335.1998291015625,146559500
2022-01-27,339.89849877273497,341.71764171534386,330.80275437199975,331.82421875,95255700
2022-01-28,333.7016857380433,342.44720335065784,328.7598436579798,342.2331848144531,108167900
2022-01-31,343.5951296676344,353.76093569684656,341.9607928414267,353.17724609375,94326400
2022-02-01,354.5198143088772,356.2319630008931,349.373690044565,355.5801696777344,74433000
2022-02-02,359.704782025708,360.0355325270616,354.3835316340809,358.46929931640625,78777100
2022-02-03,348.78019330152955,352.08772832642944,342.875252752368,343.93560791015625,95384800
2022-02-04,344.4511115963661,351.57205814894985,342.3985053284052,348.2742614746094,86318300
2022-02-07,348.8677710648343,351.23168311671714,344.21775839813677,345.4726867675781,58198100
2022-02-08,344.33444287920713,350.44366407130263,343.20598422745877,349.3541259765625,64720900
2022-02-09,353.8679667596408,356.8350135761256,352.2725504590075,356.7572021484375,55766400
2022-02-10,349.7432469581747,356.52370682890097,346.84430370922803,348.6828918457031,112468500
2022-02-11,348.6829650660236,350.2783816942469,336.3964163917307,337.6221618652344,101569100
2022-02-14,337.0675991070054,341.43551898191356,334.53832682443243,338.0404052734375,80254400
2022-02-15,343.31299780023323,346.6788985298237,342.2526427338725,346.4454345703125,55128800
2022-02-16,344.19830964180295,347.37937534683465,341.17286680940686,346.3579406738281,58947100
2022-02-17,343.14761274914025,343.84803432565775,335.63754850169113,336.0558776855469,61801400
2022-02-18,336.98979739395264,337.3789139342087,329.9175070476172,332.2230529785156,80001500
2022-02-22,329.2851150350076,334.6842065016989,325.2577133684791,328.8862609863281,85967100
2022-02-23,332.03817840867356,332.8747773875307,320.15048692148855,320.4617919921875,86215400
2022-02-24,310.1695541857817,331.76586571589667,309.60533959972105,331.2308044433594,130614100
2022-02-25,332.02848018101594,336.5714981761726,328.21509652010724,336.3671875,78842100
2022-02-28,333.19579372792606,339.0618127409794,332.03815220885383,337.3691101074219,77515500
2022-03-01,336.34780851003364,338.6144343305379,329.6840788174875,332.2036437988281,67407000
2022-03-02,333.75030891184065,339.1104801061964,330.9875431074301,337.7777404785156,70609000
2022-03-03,340.4141055397929,340.52112967168375,331.0946341359725,332.95269775390625,71089400
2022-03-04,330.5984998691438,332.028526362809,325.8123093471127,328.1275634765625,76936300
2022-03-07,328.1178218819508,329.2754636715576,315.8215368751897,316.02581787109375,89933800
2022-03-08,315.23783128014855,324.14873946634606,311.23961212376486,314.556884765625,116153900
2022-03-09,322.7284579772235,327.2325554489857,320.1407899136627,325.8803405761719,64723400
2022-03-10,321.82376014149736,323.4678050248186,317.8255111481958,322.2615051269531,69362700
2022-03-11,325.2285266941595,325.53983175609693,315.0918745614951,315.5782775878906,66228400
2022-03-14,314.34280967569686,317.70871014612084,308.81727868302414,309.5177001953125,79802600
2022-03-15,312.15408832569585,320.00464224223913,310.54896387835566,319.22637939453125,76471000
2022-03-16,323.13700512453204,331.1821006306383,319.4695072428963,331.06536865234375,105243000
2022-03-17,329.1684535780236,335.131760776708,327.8746342985671,335.0733947753906,67810000
2022-03-18,333.41961616057836,342.2235308402903,332.2619743080111,341.9316711425781,85446300
2022-03-21,341.0979546293715,343.31869390140747,336.5980082004085,340.9810485839844,73799100
2022-03-22,341.4777583376518,348.5490720835401,341.0979103437439,347.68218994140625,63345900
2022-03-23,344.8089089212396,348.3640355512725,342.6271087174735,342.685546875,70615500
2022-03-24,344.604348920767,350.351025410237,342.4517974996988,350.30230712890625,53555300
2022-03-25,350.243853940656,351.29580018977583,345.71471853730384,350.0101013183594,57584200
2022-03-28,350.0003012291695,355.52294392941155,348.76332081543086,355.425537109375,56833900
2022-03-29,359.31183941200896,362.1656780545059,356.54565799435034,361.5423278808594,68073000
2022-03-30,359.6819401243969,361.3377668436382,356.0683760840521,357.5488586425781,68757700
2022-03-31,357.6949804858477,358.0456391088496,352.279493961754,353.1171569824219,67011400
2022-04-01,353.3801696236196,354.1593648604611,349.269850841836,352.44512939453125,54527800
2022-04-04,353.2827619279761,359.71122665164575,353.0197902241706,359.70147705078125,45950200
2022-04-05,358.2501595469128,358.9611966423126,350.5749657641546,351.7145690917969,62738700
2022-04-06,346.4062040659175,347.5068387031979,341.44850312291874,344.0783386230469,90077100
2022-04-07,343.08493417718637,347.08812678173155,339.6272139805952,344.8966064453125,63777400
2022-04-08,343.1627549588362,343.91273096282885,339.44203456234874,340.07513427734375,61956100
2022-04-11,335.8480363263463,336.7636071517967,331.6890286539163,332.0299377441406,66107400
2022-04-12,336.77334394794974,338.6531740869484,329.2539936675608,330.6273498535156,72790200
2022-04-13,330.9682157478457,338.39990848748874,330.2474586662088,337.3479919433594,61367800
2022-04-14,337.43564025513336,337.9518637748371,329.41953643655626,329.6338195800781,73519400
2022-04-18,328.58188617241785,332.1759811486784,327.0624347689701,329.8870544433594,58560600
2022-04-19,329.2442113806773,337.83497659773195,328.2215139748147,337.26031494140625,56515700
2022-04-20,338.0687916384827,338.52657707288927,331.12410247849215,332.34161376953125,65500000
2022-04-21,336.2180920752476,338.82842846347995,324.5397363520494,325.46502685546875,75801000
2022-04-22,325.6208967999029,326.83840786440084,316.51390809257975,316.9424743652344,82562100
2022-04-25,315.31589645643817,321.32551442948113,314.0496671138111,321.0138244628906,101755900
2022-04-26,318.95865328282736,319.14371732718405,308.62440477055,308.89715576171875,105819600
2022-04-27,308.9945743408159,314.4879988119312,306.81280391367983,308.5270690917969,111204200
2022-04-28,313.48478157123293,321.3158217288803,309.2673062384134,319.48468017578125,99450000
2022-04-29,315.2866493407325,318.72489909461126,304.47514609679433,305.1082458496094,91977900
2022-05-02,304.69915807506743,310.43608414182137,301.6018172427122,310.20233154296875,115511800
2022-05-03,310.221787848372,312.8224042977626,307.76729649145034,310.5334777832031,78185500
2022-05-04,311.0107952993053,321.705424266024,305.7316834384654,321.0333557128906,116083400
2022-05-05,316.7185410579917,316.7964487045337,301.5726822476251,304.8648376464844,154607400
2022-05-06,302.86807676149334,306.9004581164156,297.1798386765447,301.2122497558594,139572800
2022-05-09,295.5921576994829,301.3095837557679,288.03384101518077,289.4266662597656,113387300
2022-05-10,296.5954346788012,297.8129457012923,288.8618022859869,292.9429016113281,124124600
2022-05-11,290.68319437612166,296.18633825965026,283.38787783221585,284.2547302246094,140326100
2022-05-12,279.9788571911552,288.0631187959251,277.53408545389686,283.5826721191406,120910900
2022-05-13,288.0339179888043,295.12470171225505,286.43652909796657,294.0922546386719,83684900
2022-05-16,292.3487744870589,294.40394878669343,289.4072782183106,290.6832275390625,59190400
2022-05-17,296.53707502676514,298.5922199090593,292.7384158515025,298.2123718261719,62715300
2022-05-18,293.70262261227504,294.3941605391823,282.3164573337348,283.57293701171875,79477100
2022-05-19,281.7709646608108,286.7384146145498,280.10538850334143,282.05340576171875,79920700
2022-05-20,285.51123134311183,286.1638006552641,272.9270233764225,281.1768798828125,91764200
2022-05-23,282.21907844050895,286.23199034784994,279.8230248721788,285.8521423339844,63648400
2022-05-24,280.6411741346291,281.3521815700702,274.913997352395,279.7742919921875,73491100
2022-05-25,278.2841124050644,285.7645243666123,278.079578831032,283.68988037109375,67144500
2022-05-26,282.8911258210658,293.0987490190363,282.60865493867686,291.550048828125,59462200
2022-05-27,294.6766062536952,301.2121964372333,294.5597299632836,301.06610107421875,66985600
2022-05-31,301.03690079620924,303.23814042662764,296.42007896599904,300.2674255371094,60968300
2022-06-01,302.40054336965414,304.523875630762,295.8357329172192,298.0467224121094,65341700
2022-06-02,296.92659010109287,306.3842072732837,295.5142654443154,306.2088928222656,59291300
2022-06-03,300.99794802786283,302.40052312325975,296.9947859978607,298.24151611328125,60914700
2022-06-06,302.67335870670314,304.23177937058824,297.6766867579899,299.235107421875,51785000
2022-06-07,295.9136400649913,302.59535654257195,294.8227548582987,301.8161315917969,44900300
2022-06-08,301.01743035758443,303.61804712763023,298.7966913157756,299.64410400390625,38342100
2022-06-09,297.95909417977526,301.01746695663655,291.4527212499062,291.6182861328125,55900500
2022-06-10,286.017744711797,287.2060369132065,280.88472784247693,281.332763671875,85963500
2022-06-13,272.47896468943065,275.001643941255,267.39463751053967,268.25177001953125,94442000
2022-06-14,270.44331562942807,271.417324532628,266.23559003375,268.7388000488281,64697500
2022-06-15,272.1575215881491,279.37489983286076,269.4205298192977,275.44964599609375,86051400
2022-06-16,268.4271234740811,268.8849088704275,262.28112936584387,264.3363037109375,81910300
2022-06-17,265.1057045070877,269.9854980416754,263.47912647848466,267.55047607421875,82703400
2022-06-21,272.0268086861101,276.61346096042206,271.9194760791584,274.30059814453125,51633700
2022-06-22,271.8024660137112,278.3018394534136,271.2071926784864,273.900634765625,67472900
2022-06-23,276.37927703453715,278.8287481171388,273.54922781064863,277.979736328125,57457800
2022-06-24,280.7999750976957,287.9239239035068,280.56577319972075,287.5042724609375,58422300
2022-06-27,288.8607891347618,289.42678703662733,284.2643977545866,285.39642333984375,54151500
2022-06-28,285.9331824998259,288.5192616412146,276.5159351758475,276.70135498046875,61609800
2022-06-29,276.56467064445394,278.4578821751956,274.06641765612926,276.95501708984375,57302700
2022-06-30,273.9785321064457,277.09159421263433,269.12840338332734,273.5198669433594,79313600
2022-07-01,272.2220832289671,275.71572495682835,270.34837814829655,275.32537841796875,56675100
2022-07-05,271.5974236177196,280.15588879023824,270.0750517249355,280.0387878417969,61829300
2022-07-06,280.4194628152482,283.9326410168725,278.7019024096697,281.83447265625,63194700
2022-07-07,282.64444764131935,288.56805306343966,282.64444764131935,287.86541748046875,56620100
2022-07-08,285.0353812475997,289.5927597706103,284.09854359020363,288.2265319824219,59895500
2022-07-11,285.8160750990645,286.0405087026964,281.1904079923632,282.0686950683594,55273900
2022-07-12,283.3178858517059,285.2306049937938,277.7455817987747,279.3362731933594,55797100
2022-07-13,273.83221927188373,281.1025149781684,273.2661916044825,278.7604064941406,73939400
2022-07-14,276.16465439918056,280.6244393274366,273.05159050234846,279.75592041015625,63741800
2022-07-15,282.74204373662945,284.9377762264799,281.13181608551673,284.8304138183594,63818100
2022-07-18,287.61173963979365,289.0170111026838,281.2490042472601,282.4200439453125,59519600
2022-07-19,286.04049094114333,291.3980983569474,284.4400614458328,291.1053161621094,55172600
2022-07-20,291.52497556868116,296.90206024914977,290.7442528094692,295.72125244140625,67769400
2022-07-21,296.1799156552056,300.0248895951628,293.525517855766,299.9663391113281,55049400
2022-07-22,299.0393058254194,301.1081694593646,292.8814970769838,294.7063903808594,57127700
2022-07-25,294.7355934056734,295.2040270459721,291.0272572099381,293.0278015136719,40582400
2022-07-26,291.32981093233593,291.5835495722376,286.4601733164211,287.2701416015625,50074100
2022-07-27,291.82753909562643,301.09841102643696,291.2615112895609,299.4101257324219,69304400
2022-07-28,299.19542972933493,302.9135349200694,295.44804929227706,302.3377685546875,55139900
2022-07-29,303.879687273535,308.7590936927906,302.4548791564084,307.85150146484375,57501000
2022-08-01,306.08512341017763,311.1206738276758,304.9921412634084,307.6660461425781,46358800
2022-08-02,305.3727520054132,310.86693803333435,304.3187836531633,306.74871826171875,48676500
2022-08-03,308.42718156480026,315.92197036204516,308.3686310866716,315.10223388671875,53735700
2022-08-04,315.1803636806415,316.8881558420076,313.0334130508828,316.57586669921875,38973700
2022-08-05,311.4915231177822,316.0195964067601,310.7108300691232,313.9897766113281,53894000
2022-08-08,314.90704761459637,318.59587666591256,311.51097095563654,312.97479248046875,43878500
2022-08-09,311.0816145255079,311.3353531473063,307.81243659216807,309.432373046875,39764200
2022-08-10,316.7612012446482,318.3616603344505,314.29222357583757,318.0688781738281,51459600
2022-08-11,320.39156870404844,322.3921133408172,315.56094463561175,316.2635803222656,45897700
2022-08-12,318.31287551508046,322.61651454334356,317.25893707907943,322.4213562011719,40928400
2022-08-15,321.474815778675,325.5247170262433,321.45527909341536,325.0270080566406,38266600
2022-08-16,324.0510520527076,326.35414676715345,321.22100302538877,324.2657470703125,41186900
2022-08-17,321.1332886127543,323.4363543439271,318.48862866526025,320.5672607421875,47842200
2022-08-18,320.5183981966612,322.5189425848019,318.90820030114213,321.338134765625,41937200
2022-08-19,318.3031614705781,318.9569851504218,314.31178143869266,315.0729675292969,51770600
2022-08-22,310.8181159636958,311.0523178867668,305.9679859299243,306.7779541015625,51098900
2022-08-23,306.5438294144277,309.354372325522,305.77287484803617,306.5243225097656,39497100
2022-08-24,306.04609597851845,309.22747829484655,305.4410543854446,307.412353515625,38057100
2022-08-25,309.18843732695433,312.86752862816047,308.1442670437042,312.8479919433594,38098300
2022-08-26,312.5552127027734,313.7555572354442,299.9370766142662,300.02490234375,69047700
2022-08-29,297.2728893341187,299.81018609423813,295.9652122628593,297.0679626464844,48321900
2022-08-30,298.71725909436464,299.3320690520821,291.24200508269274,293.759765625,51184500
2022-08-31,296.658070136426,297.5558938041094,291.94457778028476,292.0519104003906,50044000
2022-09-01,289.56350871500655,292.54970319492196,285.88444683132894,292.1788635253906,57990700
2022-09-02,295.0478932133879,296.42388916155085,286.4406146175746,288.05084228515625,64666800
2022-09-06,288.5290602332811,289.44639101078417,283.85458060513645,285.98199462890625,57005400
2022-09-07,286.46015834522314,292.7545738330587,286.19665137708756,291.7591857910156,49260400
2022-09-08,289.69032244366866,294.58923504644343,288.32409480360485,293.27178955078125,55649800
2022-09-09,295.52605613582205,300.1810279756889,293.27177320994116,299.6833190917969,56125200
2022-09-12,301.0593663354785,303.57712686254604,300.7470771871738,303.2453308105469,45905700
2022-09-13,294.520884533157,295.7114605874526,285.7282166567736,286.61627197265625,79562200
2022-09-14,287.75808045201677,289.7683933119644,285.9917378884854,288.8901062011719,54907200
2022-09-15,286.9773782296725,289.37803753073274,282.4785506213726,284.0790100097656,65299400
2022-09-16,280.7805336223577,282.73229597764134,278.731177193004,282.3419494628906,79920400
2022-09-19,279.70131415985463,284.69701352258903,279.6426584603543,284.54058837890625,52613800
2022-09-20,282.0378693199994,284.5601839494864,279.9750741000764,282.27252197265625,51271100
2022-09-21,283.1132455183981,287.3757485704161,277.0812557791903,277.2181091308594,82931000
2022-09-22,275.69307230182534,276.7000351668306,272.58420013628125,273.8062438964844,62757100
2022-09-23,271.3425593161207,271.63586769229045,265.93623941777963,269.34820556640625,74815200
2022-09-26,268.8789156867109,273.2391588301352,267.4417912419773,268.2336730957031,71176700
2022-09-27,271.59678965082986,273.94310779342754,266.02425795648827,268.3412780761719,69780100
2022-09-28,268.3215980019203,274.9597456370678,266.84538996650616,273.6790466308594,79652100
2022-09-29,269.69036575980726,270.0716577150531,262.8273790808432,265.78961181640625,81216000
2022-09-30,264.9683567551903,269.0353210743035,261.12625917908525,261.2826843261719,78482400
2022-10-03,263.052202223666,269.00599456249716,261.54663628113104,267.4124450683594,61267400
2022-10-04,272.75037177377175,276.5240582865972,272.75037177377175,275.8201599121094,66696900
2022-10-05,272.05626158200477,277.46258183875364,269.26023985446955,275.67352294921875,55766300
2022-10-06,274.6762872643789,277.82427276832533,273.1805070928327,273.5031433105469,53489400
2022-10-07,268.8691557371326,268.9962530554361,261.75197442759656,263.0815734863281,71354700
2022-10-10,263.277039731882,263.66811751995755,257.7436530181784,260.4516906738281,60393000
2022-10-11,258.77996563092654,261.6444286795512,255.19203248058224,256.8735656738281,66522500
2022-10-12,257.50902376665675,259.4251797950677,256.0914710787955,256.78558349609375,50580200
2022-10-13,249.45333399672413,264.12764394193346,248.5734536032913,262.8078308105469,112894100
2022-10-14,265.13463820896214,265.7309812702443,254.32199691360998,254.90855407714844,77244300
2022-10-17,260.8720851805675,264.1960377721946,260.7743157265391,263.3259582519531,64576500
2022-10-18,270.34536935380896,271.0101539048648,262.7295853642135,265.4083251953125,69781000
2022-10-19,263.8930174905795,267.5591488670149,262.0746306486932,264.44049072265625,53115400
2022-10-20,263.55067589786825,268.6930425348969,261.9278290026806,263.0911865234375,60605500
2022-10-21,261.9865874878013,269.7978800833209,260.85252752642265,269.26019287109375,77897700
2022-10-24,269.5241608272236,273.1511778563182,265.88735790217254,272.2224426269531,63963600
2022-10-25,273.16103158591875,278.23496022929834,271.68479301222135,277.8536682128906,59014500
2022-10-26,272.2321955769183,277.6287591147078,271.2252328615051,271.71405029296875,63492400
2022-10-27,270.59958454005965,272.05625105959984,266.2490971046528,266.7672424316406,57760300
2022-10-28,266.14155297108766,275.3997564380177,265.97534191478553,274.93048095703125,62651300
2022-10-31,272.68191903600575,273.5031287103649,269.8174263186617,271.7336120605469,47742000
2022-11-01,275.204224129554,275.7614831825195,268.59540266363206,268.9571228027344,45895900
2022-11-02,268.9278309425427,271.98783336025116,259.66962601443583,259.7380676269531,79803100
2022-11-03,257.1277981579473,258.5844648018636,254.2828766474066,254.6641387939453,70038900
2022-11-04,259.59140215287795,260.6472347514151,253.2856449110451,258.7604064941406,78313200
2022-11-07,259.8064715479662,262.1430332516671,257.6752346520297,261.6053161621094,47333800
2022-11-08,263.1206707578258,266.7476878754442,259.5816073657685,263.51171875,63213800
2022-11-09,261.77151778448103,262.55361373285587,257.14729418920933,257.4308166503906,64862100
2022-11-10,269.8370496054912,276.71957861883755,267.7253543962646,276.4263000488281,99256700
2022-11-11,276.24055218615365,282.18458988685967,274.9011969662566,281.519775390625,66961800
2022-11-14,279.4666812340499,282.741763917315,278.07845646792043,279.05609130859375,55290700
2022-11-15,285.67466264711777,286.70119711003974,279.5742309122213,282.9177551269531,73985400
2022-11-16,280.96249118192577,283.00574441872726,278.2348816226339,279.05609130859375,48859800
2022-11-17,274.5980876597836,279.9164237510192,274.4416625000356,278.440185546875,55462100
2022-11-18,281.45135886429506,281.54909849777874,276.00592466887895,278.45001220703125,53588600
2022-11-21,277.0616572706846,278.21525901154644,274.7544537889609,275.58544921875,40083500
2022-11-22,276.31880913961606,279.7111744196331,274.18754186864925,279.5547790527344,41873400
2022-11-23,279.5742086482621,282.9861443541074,279.3982415549333,282.3604736328125,46390000
2022-11-25,280.7669719250677,281.47087025300624,280.0142037856951,280.5030212402344,15498800
2022-11-28,278.52816875015134,280.5420941973852,275.45841076977536,276.38714599609375,38714200
2022-11-29,276.61197244287877,277.01280626173184,272.9263002573923,274.29498291015625,35618900
2022-11-30,274.5589431887968,286.9064750158597,273.70840571881683,286.7989196777344,74718100
2022-12-01,287.121581571721,289.13550697653733,284.3744300291789,287.1509094238281,51547300
2022-12-02,282.08675429003557,286.8869447509054,281.910757350936,286.0070495605469,53583200
2022-12-05,283.8855883761072,285.15650163901466,279.7501825716484,281.2068786621094,41482100
2022-12-06,281.05045709162715,281.1873104465043,273.9919327917334,275.3801574707031,53937600
2022-12-07,274.1972036801933,276.25024250355824,272.54499866136973,274.255859375,45614300
2022-12-08,275.60515525907175,278.46961936402244,273.5325733150793,277.50177001953125,42594900
2022-12-09,276.48491532642936,279.25163871744275,275.2921995910729,275.7321472167969,47860500
2022-12-12,275.908093532643,279.2516176649539,274.87180303489004,279.19293212890625,35732500
2022-12-13,290.0153845506873,290.2402513163145,279.5155953648504,282.1943054199219,80667700
2022-12-14,281.6077090523937,284.8925776911261,276.856417960983,280.1021728515625,64984400
2022-12-15,276.0156016536726,276.68041594822324,269.5045805722666,270.6972961425781,60554100
2022-12-16,270.0227634589525,271.55762753266515,266.5130280152086,268.1163635253906,68300400
2022-12-19,268.38591389305566,268.4741081086413,263.11364035829007,264.3484191894531,44167900
2022-12-20,263.1821610584661,265.8869024245036,261.60441519925917,264.1425476074219,51064200
2022-12-21,265.1813681287866,269.27765841529884,264.33857367332774,267.97430419921875,46394700
2022-12-22,264.9657495187062,265.09315110385836,257.2043313066332,261.4182434082031,60278400
2022-12-23,260.1540875111518,262.6726316300907,258.2529327193007,262.0062255859375,39373600
2022-12-27,261.39863634460903,261.50644919316005,257.7629358770659,258.3019104003906,38009000
2022-12-28,257.90016402550407,260.15409570007984,254.52904593217914,254.89163208007812,47139000
2022-12-29,257.6943196587652,262.0454127740725,256.9985455070873,261.1046447753906,45893600
2022-12-30,258.34110733474483,261.07524704462577,257.03775322586284,260.9478454589844,37858300
2023-01-03,263.2703795073479,264.7403425754029,256.8809508045334,259.18389892578125,42335300
2023-01-04,261.30064187756807,262.094419519153,257.2729276346424,260.41864013671875,47754900
2023-01-05,258.75271045594553,258.9192895246878,256.0283800668829,256.3419494628906,45396700
2023-01-06,258.0765107602251,264.5345446367725,255.1267754282982,263.4173583984375,54659700
2023-01-09,265.40676048327515,269.77747289377504,264.51500906581396,265.1225891113281,45568700
2023-01-10,264.09361482175257,267.47454260367743,263.58403827618673,267.3667297363281,35247800
2023-01-11,268.4348413268979,272.0999392967966,267.65084316056124,271.99212646484375,44077000
2023-01-12,272.55078814271513,274.4911504479409,268.25849055952096,273.462158203125,60600000
2023-01-13,270.96319773646184,275.58868281451504,270.63000968968595,275.34368896484375,44802900
2023-01-17,275.14771295019546,277.1860787569483,273.98153970173576,275.9023132324219,36269700
2023-01-18,277.44086582023687,278.9892439492268,272.1098262996405,272.31561279296875,47754500
2023-01-19,270.6887785022272,271.8255534387518,268.4054492125816,269.64019775390625,44150400
2023-01-20,271.24737024419835,277.3525971911707,270.18898017810113,277.0194091796875,60613600
2023-01-23,277.8622257606587,284.39864475391676,277.06844810068554,283.1736755371094,52799900
2023-01-24,281.5567180138864,283.751853248069,281.03733226985304,282.5954895019531,44875100
2023-01-25,278.08756867530457,282.5856515284954,275.54943634148947,281.9682922363281,50872000
2023-01-26,285.38849048457257,287.6424223629357,282.7425444478146,287.4660339355469,51596300
2023-01-27,286.15284005270786,292.2874961252807,286.03524778018846,290.3275451660156,56441900
2023-01-30,287.0641967396339,288.48517308170074,284.0850929525682,284.45745849609375,49405800
2023-01-31,284.4966454883634,288.81834043174297,284.38886255344715,288.7203369140625,46705100
2023-02-01,288.5145763137995,297.35394412149606,286.4468125594158,294.89422607421875,67562200
2023-02-02,301.41101371232133,307.39864851001664,300.5878380395017,305.4779052734375,83070600
2023-02-03,298.83375951333676,306.1345896386831,298.44177525770675,300.0489196777344,76170800
2023-02-06,297.4322962915616,299.7842308991494,296.16811985122564,297.51068115234375,40802300
2023-02-07,297.383319099846,304.8017398705444,296.26616272305125,303.6747741699219,67584000
2023-02-08,302.36165759241106,303.30242572488396,297.58918155909504,298.275146484375,56720900
2023-02-09,302.65563587730645,302.8026262239471,294.18866293953266,295.6390075683594,49137800
2023-02-10,293.48307362724574,295.53121883431214,291.297717495013,293.69866943359375,50050100
2023-02-13,295.0999539885517,298.99045695593253,293.92397171731164,298.4024658203125,39636700
2023-02-14,296.82479185684485,301.55806033599276,294.8844296115814,300.60748291015625,64079100
2023-02-15,298.794551977369,303.077040528768,298.10858700695474,302.91046142578125,43100600
2023-02-16,298.28489155405015,302.25377962239094,297.07951114869655,297.22650146484375,59498600
2023-02-17,295.0412308426414,295.88399541718906,292.1307024125652,295.1294250488281,58230700
2023-02-21,291.30745117197637,292.74801597973624,288.00493937826445,288.1421203613281,46526700
2023-02-22,288.72034367644244,290.4254912794168,286.70159677213525,288.3577575683594,51389200
2023-02-23,292.00324737529,292.1600470153091,286.6917679806115,290.87628173828125,69294400
2023-02-24,285.9176346594632,287.1033965295427,284.24185517881966,286.0058288574219,74332000
2023-02-27,289.1613320021509,290.55288024334476,287.4659638902868,288.053955078125,48995000
2023-02-28,287.4267764126198,290.1903142523565,287.0935883612757,287.68157958984375,48243100
2023-03-01,287.387613022248,288.0441798329406,284.3888905066176,285.3688659667969,58287000
2023-03-02,282.8796700562959,288.5341166983965,282.59546884913095,287.73052978515625,53565900
2023-03-03,289.4749432455241,293.9142305420157,288.9653369053291,293.67901611328125,60511500
2023-03-06,294.9138893863359,297.91261263414765,293.8163213879845,294.0122985839844,56736300
2023-03-07,294.0612952172994,294.9824747043538,289.7983952346935,290.4059753417969,65955800
2023-03-08,290.8272701587182,292.45403280782995,288.975132322113,291.85626220703125,50876300
2023-03-09,292.356034581254,294.9529931979204,285.98619477194666,286.7995910644531,71456700
2023-03-10,286.96614352139824,288.4557250634592,281.6252962741897,282.7718505859375,98593600
2023-03-13,280.9883548940412,288.573354857497,279.47918441665786,284.8690490722656,97123600
2023-03-14,288.4165608377867,291.9640670408029,287.57379633938,291.415283203125,73602500
2023-03-15,288.8085936693205,293.2772799039836,287.36802837614084,292.944091796875,83631500
2023-03-16,292.0326786060645,301.0288458902674,291.23890089901585,300.666259765625,98198100
2023-03-17,300.5780825063804,302.9594157617402,297.2951586443175,299.24530029296875,89923700
2023-03-20,298.6289679407681,300.63119141205766,296.42060944375663,300.30731201171875,56359500
2023-03-21,302.24082881743965,305.04788323131515,300.72932185078076,304.5964050292969,49757000
2023-03-22,304.5276555015175,309.4154987468772,300.28763082839566,300.4544677734375,75791900
2023-03-23,304.1841703718912,308.33586449885354,301.32802358760387,304.0173034667969,74576000
2023-03-24,303.5953103540764,305.23438628802813,301.26917759155515,305.1362609863281,57195200
2023-03-27,305.83312038857395,306.91276831057337,302.19179098839237,303.0456848144531,50287400
2023-03-28,302.4666204694985,302.49606405257526,299.1295213059667,301.43603515625,48585900
2023-03-29,305.1264302220419,307.5507181893601,304.31177457462326,306.932373046875,53274300
2023-03-30,309.40566534682836,310.4656939492293,307.0206459205841,309.8375244140625,58354800
2023-03-31,310.0632752598357,315.225934994957,309.75901500461777,314.9903564453125,62138100
2023-04-03,312.8703585335609,314.48984514713516,311.54536759921757,314.2248229980469,47126800
2023-04-04,314.6665077964357,315.6774438935838,311.94775434717684,313.1648254394531,45875400
2023-04-05,312.2127972814154,313.15502177624506,308.25738336194655,310.0731506347656,62795700
2023-04-06,308.424151732928,312.6543814372658,307.0304493457381,312.16363525390625,46916500
2023-04-10,309.23889313719735,312.03615315052036,307.4525693445177,311.987060546875,45134700
2023-04-11,311.9477567831826,312.0066738913755,309.47440639730115,309.9847717285156,40113600
2023-04-12,311.93793154691537,312.52683299595236,306.7850962851923,307.24639892578125,62813300
2023-04-13,309.00329632515286,313.7340977577321,307.8255231987492,313.26300048828125,54613800
2023-04-14,311.71216841092246,314.43089158193646,309.7688026716277,312.6740417480469,56278300
2023-04-17,312.26182419411003,313.292409262093,310.1908894540763,312.9390563964844,43007000
2023-04-18,315.04929370487713,315.4713582784349,311.76131752372714,312.9587097167969,46746900
2023-04-19,310.55404166149606,313.8714910627291,310.42644284563727,312.81146240234375,38960100
2023-04-20,309.8473756449807,313.3611056829367,309.14069983335924,310.42645263671875,62462100
2023-04-21,310.06327844359055,311.5256925854782,308.286779534133,310.75030517578125,59002300
2023-04-24,310.5246652876612,311.8594809826243,307.93351018174917,310.1026306152344,44043100
2023-04-25,308.473366507749,309.1407743928103,304.1548043741771,304.2529296875,57121600
2023-04-26,307.63903402208973,309.11127287941105,305.5778936312846,306.09808349609375,55400500
2023-04-27,309.85726838658866,314.9217445401851,309.21927414668374,314.42120361328125,65430400
2023-04-28,314.18554141895567,316.678540689249,313.056831064611,316.5902099609375,59712600
2023-05-01,316.1289870712789,317.64049424915646,315.14749434978614,316.2271423339844,41013400
2023-05-02,316.1583348327076,316.4822441061862,311.73179441549286,313.46905517578125,56519400
2023-05-03,313.83221822361713,316.5018789481338,311.3097753794873,311.4177551269531,59882100
2023-05-04,311.1920247548366,312.34038421478306,309.28792681621553,310.3185119628906,50224500
2023-05-05,312.57600386245673,317.7681090058985,310.3578206159297,316.9142150878906,51806100
2023-05-08,316.45282560845146,318.04283866891797,315.3731778659205,317.6993103027344,36465800
2023-05-09,316.0406093268182,316.9043275857456,315.37320156411107,315.6872863769531,31768800
2023-05-10,318.1213864238547,319.9764218717756,315.64803577940484,319.1225280761719,60446600
2023-05-11,319.67218699558043,320.7027423579291,318.12141174329184,320.1629333496094,44278500
2023-05-12,320.6928089058947,321.11487339109647,316.96314986336023,319.01446533203125,48432800
2023-05-15,319.4856645520145,320.97752251513634,317.96433305634275,320.7419738769531,33375600
2023-05-16,320.0254851709617,322.8129206513103,319.98621707890663,321.1051330566406,40019200
2023-05-17,322.16511784019536,325.5708983222604,320.9873447050186,324.9918212890625,47486100
2023-05-18,325.3843424098208,331.24385310528055,325.3647233452558,331.0279235839844,64213500
2023-05-19,331.2438869159886,331.95056269847424,329.22201480691604,330.28204345703125,61554900
2023-05-22,330.02685483940945,332.40207988096876,330.0170303294707,331.3911437988281,43015900
2023-05-23,329.6735122617162,330.82184165067144,326.83698471374663,327.1903076171875,48216700
2023-05-24,325.2371462045606,326.7486529543009,323.46064727807794,325.511962890625,62891200
2023-05-25,332.86339520970245,334.69878147156203,330.4391074318428,333.4326477050781,66862800
2023-05-26,334.4533785512602,342.7862399093372,334.3552233152055,341.95196533203125,63007000
2023-05-30,346.18220186431466,347.37962387982896,342.0795705146639,343.50274658203125,72652200
2023-05-31,341.9225630348241,344.11130225670985,340.0970012254624,341.5495910644531,65105400
2023-06-01,341.2944217437348,346.8201997459397,340.2442175064159,345.4952087402344,50488600
2023-06-02,347.25202910838146,349.2444576542266,345.49517912675213,348.0863037109375,53372100
2023-06-05,347.8703319115938,350.8835206623097,347.30107951882894,348.3316345214844,47266200
2023-06-06,347.72313275525806,349.23463946620757,346.39811200000617,348.27276611328125,41390400
2023-06-07,348.5574116172454,350.5105719689488,341.73602724452684,342.36419677734375,69225900
2023-06-08,342.6586610808147,347.0753773858951,342.4329369727751,346.61407470703125,47153900
2023-06-09,348.06671625868603,351.04063755935596,346.49632214996257,347.9391174316406,53196900
2023-06-12,349.5978615036992,353.91642307560437,348.6261933870345,353.8182678222656,44606500
2023-06-13,356.5664308825815,357.3712319959438,353.3667556384782,356.5369873046875,57097800
2023-06-14,356.54681293006774,359.41278455684176,353.7495829280698,359.1281433105469,69525600
2023-06-15,357.86195327861964,364.8894429222012,357.2436381860123,363.40740966796875,71138800
2023-06-16,365.8218711900571,365.94947000240563,360.67886028031626,361.1205139160156,80932000
2023-06-20,359.66986728815994,361.999190422026,357.6452217797614,360.6035461425781,49204700
2023-06-21,359.4634281856961,359.89587962721504,354.7654602472478,355.6893310546875,53378300
2023-06-22,354.44117286954963,360.0433362169983,354.0382053490681,359.8861083984375,47603000
2023-06-23,355.9940362893382,358.61822910430584,354.6279059428646,356.3183898925781,48922900
2023-06-26,355.78771119695153,358.5789703043157,351.45338769056457,351.5418395996094,52685500
2023-06-27,353.08485397686843,358.31356381466287,352.35756283184793,357.58624267578125,49428100
2023-06-28,355.76805334391855,360.23012057412603,355.6894094314815,358.28411865234375,46498000
2023-06-29,357.9892028503114,358.6280720795625,355.92526531964336,357.56658935546875,46151000
2023-06-30,361.2423581538513,364.1319063790845,360.9278725599883,363.0802917480469,58712500
2023-07-03,363.7192295463051,364.5644566744181,362.6381006665026,363.9354553222656,19432900
2023-07-05,362.37263466888555,365.62582831234465,362.33331272325876,363.9255065917969,34460900
2023-07-06,360.220251816887,361.5962201137862,358.26438224364455,361.1539306640625,49374700
2023-07-07,360.92792588819304,364.12215218790664,359.7288612774692,359.95489501953125,47133700
2023-07-10,359.67971589726346,360.7510067003448,357.1734886966623,360.0728454589844,48498800
2023-07-11,360.4954233696064,362.3038430194703,358.3626501448062,361.85174560546875,38214100
2023-07-12,365.95022361188575,367.7684815318609,363.9452239058997,366.4219970703125,61975400
2023-07-13,369.59656492256886,373.46895267792223,369.01669355737863,372.64337158203125,46960000
2023-07-14,373.0758237437194,376.28969622897483,371.6900172609404,372.56475830078125,55148500
2023-07-17,373.2821706367002,376.9186862565369,372.80058921448597,376.0439453125,40868900
2023-07-18,375.4051399126897,380.48643025096686,373.4787840563649,379.1202697753906,55262000
2023-07-19,380.1817951970678,381.3218920543802,377.70502168178456,379.0318603515625,54093000
2023-07-20,376.0439558023817,377.50840607614344,369.27221176229006,370.29437255859375,71941700
2023-07-21,372.6728429155879,373.4001640896318,368.7513253445873,369.18377685546875,60499600
2023-07-24,370.15669847041056,371.10021520393116,367.9158274821389,369.7734069824219,40380100
2023-07-25,370.48114209864303,373.94072429184797,370.4614661242125,372.27972412109375,38894400
2023-07-26,371.23793110681225,372.73183551991457,368.7415117640106,371.0413513183594,47075700
2023-07-27,376.49612252032574,378.10796279614465,368.86928269570615,370.15679931640625,63940200
2023-07-28,374.2060793430186,377.92120924637163,373.6950139044031,376.8990783691406,56902900
2023-07-31,377.20373944509765,378.27503021734213,375.77861108178536,377.0956115722656,44019900
2023-08-01,375.74917375026934,376.97772249392557,374.15697937750934,376.220947265625,41060600
2023-08-02,372.75153967968384,372.75153967968384,366.7267316338147,367.9651184082031,72687100
2023-08-03,365.55704748745563,369.49824047744244,365.3899517024692,367.37530517578125,47666400
2023-08-04,369.30168863408903,371.6113658724889,365.1541075912585,365.6553649902344,61702800
2023-08-07,367.46379575584587,368.8496021400914,365.13447246946816,368.7513122558594,37230400
2023-08-08,366.24508962124304,366.2647356007834,362.490637952567,365.6160583496094,44726500
2023-08-09,365.90112237406527,366.05838020587925,360.83950776262765,361.5962829589844,51150900
2023-08-10,364.6037487888542,367.9355570708687,360.74119910131196,362.26458740234375,72035300
2023-08-11,359.70918530416867,361.6847010137196,358.4315067818279,359.95489501953125,48707200
2023-08-14,359.15883439674536,364.1123511595301,358.4413811511349,363.9944152832031,42130800
2023-08-15,363.02135465299926,363.8174817408834,359.4634827031511,360.1318359375,45539900
2023-08-16,359.59122992630523,361.12445606745706,356.2201000129945,356.3183898925781,53190500
2023-08-17,357.71403918779725,358.0580388030528,352.0135855407682,352.4263610839844,62604300
2023-08-18,349.1633272225095,353.2421023084122,348.6227478776219,351.98406982421875,61191400
2023-08-21,353.44851063860824,358.33322103619656,352.9865751686361,357.6550598144531,50696500
2023-08-22,360.2595950388818,360.269433026143,356.4560132078878,357.1440124511719,44530200
2023-08-23,358.3233759596713,363.86660148965944,358.1071502121783,362.775634765625,51770600
2023-08-24,366.24509019972004,366.3433500914388,354.81466936489005,355.02105712890625,66842500
2023-08-25,355.85649237018794,359.4634943837441,352.42636416855237,357.77301025390625,69960500
2023-08-28,360.6920066314646,361.3996517770629,357.99903788003854,360.4659729003906,40910000
2023-08-29,360.2693726558129,368.69230800859503,359.9450490630402,368.3384704589844,58492400
2023-08-30,368.44663740934226,370.97254048337203,367.44412257396607,370.39263916015625,41731500
2023-08-31,370.4712356701043,373.2035261573354,370.40242976003566,371.5032043457031,35730700
2023-09-01,373.87188211383943,374.2944956090259,369.6260112017312,371.110107421875,39801200
2023-09-05,370.30413979132544,372.8005585792236,369.38026897991097,371.58184814453125,32344200
2023-09-06,370.805440073003,371.149439669224,366.3040513379726,368.30902099609375,42998700
2023-09-07,363.85676044832894,366.45146939646156,362.8149536720257,365.6750183105469,52060700
2023-09-08,365.6259922386157,368.41725175243766,365.2230245983776,366.1861877441406,35800100
2023-09-11,369.21327685540757,371.0118589039647,367.24759899108267,370.50079345703125,39936600
2023-09-12,368.8299383335772,370.4811304591035,366.10748541432696,366.39251708984375,41391000
2023-09-13,366.6284042357523,369.3901792248548,365.49814546694387,367.78814697265625,46300700
2023-09-14,369.5375911776395,371.77846268664996,367.4736534672886,370.7956237792969,48039400
2023-09-15,369.45892537267173,369.8618928673542,363.5127328219973,364.4464416503906,69811200
2023-09-18,363.5074786408104,365.9386058426175,363.2220343841815,364.8263854980469,36903500
2023-09-19,363.50752673963694,364.8461081913443,361.0271681103356,364.0488586425781,37621700
2023-09-20,365.11185487592627,365.46617463630355,358.7239766256181,358.802734375,45514200
2023-09-21,355.1215757656396,355.9090030735523,352.0605365859801,352.22784423828125,69734800
2023-09-22,353.970000227177,356.10583105545084,351.9620981742192,352.2770690917969,51589700
2023-09-25,351.31241250048333,354.03883578842726,350.3281511055055,353.9502258300781,39168000
2023-09-26,351.37153040361153,351.91289229277817,347.6510228478301,348.6352844238281,53657700
2023-09-27,349.7869158699708,351.3617405439319,345.8301647465173,349.4522705078125,56066000
2023-09-28,348.536874378989,354.50152754238655,347.68057155948935,352.3755187988281,56453300
2023-09-29,355.84993269784667,357.23774510147166,351.4010512242257,352.6313781738281,64829600
2023-10-02,352.89711788749423,356.9719447772727,352.2868805785598,355.5743103027344,51625100
2023-10-03,353.1333414353524,355.3282554041325,347.71990315980014,349.3341064453125,60478500
2023-10-04,350.1707625168533,354.9345853814986,349.7081583317905,354.088134765625,54786700
2023-10-05,354.078201267947,354.4817520633378,349.5506226679585,353.04473876953125,45897400
2023-10-06,350.0526198848716,360.1511531623578,349.2652226471083,358.960205078125,75049100
2023-10-09,356.5979299467426,361.3322253655533,355.10186327801586,360.7908935546875,45304800
2023-10-10,361.1255968573327,365.43666773183907,360.6236438363475,362.78900146484375,46968800
2023-10-11,364.11774034197475,365.5646061019628,362.39528253424044,365.3775939941406,38215100
2023-10-12,365.8795991738275,367.8579446931247,361.7161615216667,364.10791015625,49587900
2023-10-13,364.73784999596586,365.31856077000174,358.13343264064804,359.5310974121094,52469900
2023-10-16,360.85000143865125,364.6492670283182,360.70236819855785,363.5960998535156,44201100
2023-10-17,360.05269096797355,364.0980212855741,357.9365347853642,362.40509033203125,50999100
2023-10-18,359.91497339834217,362.11970989850084,356.3223943198003,357.6511535644531,54280500
2023-10-19,359.0685105524273,360.2594588062133,353.5074379211459,354.3046875,72274200
2023-10-20,353.8027238095211,354.373612451153,348.79283505601506,349.01922607421875,72559700
2023-10-23,347.70028297707074,353.6058529260909,345.59394861069154,350.0723571777344,60665200
2023-10-24,351.88337576286887,354.245597605717,350.190444601993,353.4778747558594,47082100
2023-10-25,351.08612173446545,351.26328161200416,344.2454916580146,344.8262023925781,71190500
2023-10-26,343.62543366509755,344.56049427805004,336.96199289038606,338.2513732910156,78621400
2023-10-27,340.97776499899555,343.34983924117734,338.664744054355,339.8753967285156,63476700
2023-10-30,342.3556685770316,345.0230389019717,340.99741292148934,343.7041320800781,55298500
2023-10-31,343.7336964353076,345.72189409468723,341.1647579872037,345.3478698730469,47671900
2023-11-01,346.18445928320784,351.90301624976615,346.0860271248136,351.34197998046875,58992700
2023-11-02,355.8499407400772,357.95624490601404,354.62943595313834,357.72003173828125,58162400
2023-11-03,359.009384875461,363.21217069923983,358.7829939153068,361.92279052734375,53280500
2023-11-06,362.6905309181117,363.96023673494824,361.1354108770652,363.3992004394531,38848700
2023-11-07,364.4425414885638,367.7004450680254,363.241741103211,366.8343200683594,50777400
2023-11-08,367.20830712864307,367.90715449646547,364.7870319858255,367.0705261230469,35663400
2023-11-09,367.759487325637,368.90120425160836,363.7535357458132,364.24566650390625,53859400
2023-11-10,365.96811764516906,372.58235611773597,365.43660802544855,372.4347229003906,58309800
2023-11-13,370.8599423722135,372.3264825668153,369.3343188464061,371.2733154296875,40733500
2023-11-14,377.67103435891903,380.1809196223346,377.14937687893797,379.2655334472656,67792600
2023-11-15,381.15534626237616,381.6474771161688,378.19270891061393,379.5509948730469,54141400
2023-11-16,378.7832778427842,380.1120371761785,377.52342403894215,379.8758239746094,45343500
2023-11-17,379.14740152203535,380.9781437125755,378.241897673309,379.96435546875,46571900
2023-11-20,379.9741733069402,385.2498310279321,379.9741733069402,384.5903625488281,44429600
2023-11-21,382.88755818006416,383.10409690163175,380.61391662224213,382.3560485839844,43337000
2023-11-22,384.4230645764553,386.8837186036944,382.9171455132762,383.92108154296875,44121000
2023-11-24,383.5174806952141,384.10804359224113,382.3855859976571,383.37969970703125,15718800
2023-11-27,382.8876500230149,384.9939544223412,382.16912817517203,383.0451354980469,34139700
2023-11-28,382.2970876541649,384.6297830598259,381.94273782541677,384.049072265625,35491100
2023-11-29,386.50966582887696,387.93685707414187,383.3304902471519,383.67498779296875,38811700
2023-11-30,383.94077629753497,384.4033804806494,379.74784203838783,382.71044921875,52834400
2023-12-01,381.6474431647872,384.3935414950963,379.99389085209225,383.802978515625,40490100
2023-12-04,380.01353822930184,380.5155212317235,376.6375283217996,380.23992919921875,51186900
2023-12-05,378.3403493760643,382.3856503323413,378.16315945105106,381.1947021484375,42933000
2023-12-06,384.12771425461796,384.2261464093733,378.6454006783333,378.9898681640625,41994100
2023-12-07,381.96240485355264,385.1120239390845,380.86985886236414,384.2852478027344,49593500
2023-12-08,382.5529483580109,386.440763442931,382.36593626126034,385.99786376953125,46687500
2023-12-11,385.5745976420608,389.56087481431933,385.3679111336152,389.29510498046875,41198000
2023-12-12,389.3344997805244,392.51367542874294,388.20260499540507,392.39556884765625,39221200
2023-12-13,393.33061967890825,397.9960100971529,392.56289682480116,397.3857727050781,55408100
2023-12-14,398.6062319416691,399.905434289617,394.0392441768575,397.041259765625,55447800
2023-12-15,397.8188547219358,400.1417277666197,397.2184695510884,398.9606018066406,62896600
2023-12-18,399.3531274608477,402.3709814532671,399.0276856016672,401.4735107421875,46610000
2023-12-19,401.9272183922163,403.64324484426675,401.7398327339718,403.52490234375,35711900
2023-12-20,402.7260644342573,404.81686222390726,397.3511117357138,397.52862548828125,54042400
2023-12-21,401.45380904002565,402.5189517146843,398.89948313848276,402.1540222167969,45568900
2023-12-22,403.3671020691094,404.3237440774188,400.8818192679094,402.7556457519531,34314000
2023-12-26,403.6136052446442,405.8917883667709,403.5149764749767,405.2211608886719,22722500
2023-12-27,405.5034136279449,406.33227692599,404.64491903161536,406.0461120605469,31980500
2023-12-28,407.20056141612145,407.4472479623729,405.493479675344,405.84869384765625,27029200
2023-12-29,405.82902936827423,406.1842737058646,402.1780559022972,404.09234619140625,42662100
2024-01-02,400.461137079369,400.7078236681065,394.9353514690267,397.25421142578125,58026900
2024-01-03,394.62945935762554,395.68528517613936,392.61651849103555,393.0506591796875,47002800
2024-01-04,391.1857150566472,394.29395995431605,390.8107466354673,391.02783203125,39432800
2024-01-05,391.19556531681906,394.2643317193187,390.10026131361894,391.4915771484375,44922800
2024-01-08,392.7152004878176,399.8691120770512,392.5671945465246,399.5829772949219,42473800
2024-01-09,396.5832122441471,401.2998583916522,396.38585093731285,400.372314453125,39132900
2024-01-10,400.68805977012255,404.0923162885945,399.7999941615258,403.0858459472656,33962800
2024-01-11,404.35876183167534,405.7500776839411,398.8823019732114,403.9245910644531,54536200
2024-01-12,404.96072984474205,405.79947033492584,402.740550371785,404.1318664550781,39595000
2024-01-16,402.89839156386364,405.67114634191273,401.4379961548512,404.09234619140625,43903000
2024-01-17,400.78679371902757,402.18795672683933,397.5798679575851,401.81298828125,54386000
2024-01-18,405.0790927808669,408.0985341433326,403.73713222559695,407.516357421875,59562500
2024-01-19,409.71677910237185,415.75566133387474,409.1346024284831,415.5977783203125,70325100
2024-01-22,417.79822938691245,419.10074165177724,415.53857206404774,416.1405029296875,44880600
2024-01-23,416.8312688317537,418.0844560150282,414.9959350071137,417.86737060546875,33003800
2024-01-24,421.77483440398146,424.1528965640352,419.6927840841391,420.1861572265625,46948000
2024-01-25,422.6826806411416,423.35369109052186,418.360756630622,420.6993408203125,44367200
2024-01-26,418.81461765684946,420.56114783250166,417.5417064505357,418.1929626464844,37137000
2024-01-29,418.64679230554054,422.6727335963346,417.9955362110561,422.4753723144531,38694700
2024-01-30,421.43936949466547,422.0116691243493,418.7554182347818,419.6632080078125,36739000
2024-01-31,415.2721839553905,417.2654006290457,411.2659964098067,411.443603515625,64010600
2024-02-01,413.2395011756799,416.7819168628328,412.2724789381055,416.2885437011719,51008600
2024-02-02,418.1830356435856,424.53768370415844,417.1864424391243,423.3240051269531,59602400
2024-02-05,423.3832622919812,423.9160836378695,419.3671974329479,422.771484375,39889200
2024-02-06,423.9160682702638,424.5179991788691,419.58426762321915,421.9228515625,35846100
2024-02-07,424.7054804561285,427.09338964924376,423.4029681072797,426.2645263671875,37712700
2024-02-08,426.38291421422974,427.8137083440557,425.7020869952788,427.0539245605469,29889900
2024-02-09,428.1886798363185,432.0468613748132,427.39929486367424,431.2574462890625,36943900
2024-02-12,431.14892949261775,433.31978339162515,428.88927204043836,429.57012939453125,33203300
2024-02-13,421.6169602202019,425.55406834305234,419.69279287918516,422.8701171875,64491700
2024-02-14,425.5442266157376,427.90253465627023,423.1957655614689,427.4782409667969,45092700
2024-02-15,428.1689524677369,429.2149010993665,425.6132531423956,428.7511291503906,38796100
2024-02-16,429.12612415809764,429.2247747002088,424.15291424350715,424.8633728027344,53716500
2024-02-20,422.87011177333653,424.37983239693597,417.8870550394781,421.65643310546875,53999500
2024-02-21,418.9231370059664,420.05791936146005,416.04185462250535,419.9690856933594,49779000
2024-02-22,428.73137801666724,433.3000180733952,427.96171712915435,432.2639465332031,53887800
2024-02-23,433.8229540462202,434.7504978688127,430.014128227871,430.9909973144531,39853900
2024-02-26,431.80017024641353,432.7869165083509,430.576584404699,430.7640686035156,33043200
2024-02-27,431.86928088648324,432.185016827134,429.2642561126333,431.8002014160156,33713200
2024-02-28,429.6589206142435,430.8825064645186,428.5438925123563,429.50103759765625,32938800
2024-02-29,432.4218567885407,434.25719051548447,429.25437937497003,433.181640625,42495200
2024-03-01,434.06966686859715,440.6611245537349,434.01046450298435,439.7039794921875,43853000
2024-03-04,439.70396313980547,440.12828689505744,437.8883537312889,438.1350402832031,34325700
2024-03-05,435.09589454205684,435.1057716407656,427.9025059370084,430.27069091796875,57917100
2024-03-06,434.48414693490355,436.13199642628683,431.09961428378455,432.97442626953125,46234500
2024-03-07,436.55630255352224,440.7992995133113,435.0169506522898,439.546142578125,44526700
2024-03-08,439.901370869489,442.6938797953184,432.53037471556775,433.20135498046875,72096000
2024-03-11,431.7113612748173,432.8461134391734,429.66878931111285,431.59295654296875,45860000
2024-03-12,433.9020011390106,438.1351214728527,430.6753211696575,437.7799072265625,55300900
2024-03-13,436.78325473745014,436.8030089363392,433.30004141473387,434.4150695800781,37928700
2024-03-14,435.64850056359603,436.17147490901215,430.60624131940546,433.3197937011719,52195200
2024-03-15,430.29044372372584,433.0533211737261,427.0045618535446,428.1689453125,73069800
2024-03-18,433.4876884393745,435.77008416544805,432.01547173361786,432.25262451171875,47323800
2024-03-19,430.24684485265067,433.7346638779125,428.15215128325195,433.3295593261719,43004100
2024-03-20,434.5250931534227,438.80334096798737,432.8256441272629,438.4674072265625,43653500
2024-03-21,443.51637126483735,443.97086631640985,440.34473575766197,440.5423278808594,39345700
2024-03-22,440.02851230460703,442.142925733488,439.17877277778564,441.04620361328125,28253900
2024-03-25,438.2500236979711,440.9276637079466,437.2521126584658,439.4455871582031,27789200
2024-03-26,440.967169447926,441.8860798362607,437.79553403539165,438.0227966308594,34142000
2024-03-27,441.1055485052493,441.2043596487488,436.64942826389364,439.5147705078125,41359200
2024-03-28,439.4653172142628,440.31505674341986,438.3488147734117,438.70452880859375,36839600
2024-04-01,439.65308146497904,442.18248976686664,437.7263698364116,439.6333312988281,38729000
2024-04-02,434.8214810155187,436.15535592740196,432.7959884791613,435.83917236328125,44259700
2024-04-03,433.71488798828096,438.694673809478,433.70502798159896,436.8173828125,39949800
2024-04-04,440.9967622085378,441.6093791189941,429.9108294700598,430.1380920410156,57267700
2024-04-05,431.5609373498813,437.8745980464935,430.7507282504202,435.20684814453125,54744600
2024-04-08,436.13561556539395,437.2125875865216,433.9520311978938,435.3352966308594,28144900
2024-04-09,437.66708927505294,437.94374236584986,432.21305827665964,436.9458312988281,39443600
2024-04-10,431.7782719742298,433.9914964882746,431.0668740728693,433.13189697265625,61502200
2024-04-11,434.9993827274123,440.99682993017785,432.7268471276374,440.0483093261719,45474600
2024-04-12,435.82934357135736,436.95570613893716,431.6597667487768,433.03314208984375,53665000
2024-04-15,436.7778637813603,436.8667847613836,425.0694522981349,425.9093017578125,63453600
2024-04-16,425.75126075328535,428.5771028960298,424.5656173919437,425.9488830566406,47619000
2024-04-17,427.9249391300538,427.9446892970782,419.82290801689595,420.7516784667969,56880500
2024-04-18,421.39386130267076,423.1229505525132,417.7775910246494,418.3506774902344,46549400
2024-04-19,417.17492743365193,417.69859329896826,408.13426609892537,409.69537353515625,75231000
2024-04-22,412.3236154173701,416.147368473136,408.993887927526,413.8155822753906,47807700
2024-04-23,415.74220734573504,421.1863779906692,413.8649164811478,419.9908447265625,44384700
2024-04-24,423.0834744692618,424.59519137964264,419.1312702431236,421.4136657714844,48440300
2024-04-25,414.230497882568,420.23786493944755,413.1436658883996,419.3782653808594,57392200
2024-04-26,422.5103887021801,427.381473182625,421.81877105316397,425.8500061035156,41874900
2024-04-29,427.9545352500877,428.5770122057127,424.84218062488617,427.5790710449219,30022200
2024-04-30,425.9981832015452,427.39133873179975,419.4375402321003,419.5165710449219,43665900
2024-05-01,418.0938044365129,425.00030192305,415.6335669199923,416.4832763671875,52251700
2024-05-02,420.2180930266731,422.6981107728826,415.6039115799332,421.7989807128906,36559000
2024-05-03,429.2488468165281,431.26447914891605,427.45058689403425,430.27642822265625,48515300
2024-05-06,432.07470879916997,435.0783924110158,431.3040301921814,434.9894714355469,30227200
2024-05-07,435.4341190165748,436.6889330215927,434.32747648868434,435.05865478515625,30996100
2024-05-08,432.44033140017706,436.20480361971187,432.3217399415846,434.8017578125,24896700
2024-05-09,435.0684865337355,436.32333061017573,433.22083597558594,435.750244140625,24580100
2024-05-10,437.25210737649155,439.0009468290101,435.23647485037026,436.77783203125,27116600
2024-05-13,438.6848051824084,438.78361632455744,436.3727691901708,437.7856750488281,22994200
2024-05-14,437.36078681259016,441.1351490219814,437.1730547027617,440.6015930175781,34478300
2024-05-15,443.0717223950717,447.7353245285619,441.5600055039681,447.4883117675781,41464700
2024-05-16,447.3006342729702,449.2569864338876,446.4113942554364,446.5793762207031,34780400
2024-05-17,446.70770167002837,447.3104284305846,444.16843363827496,446.3619079589844,35803700
2024-05-20,446.57935219702347,450.13631207581267,446.3916200736185,449.4743347167969,24474200
2024-05-21,447.62663741534305,450.54136979919565,447.42901515243744,450.3536376953125,23167700
2024-05-22,450.6105944327446,451.36152293797704,447.66619122011053,450.2647705078125,25120000
2024-05-23,455.04691409303155,455.0765544193966,446.4508877649814,448.2392578125,40899200
2024-05-24,449.8498077178615,453.74273158486886,448.1503585670211,452.47802734375,29669500
2024-05-28,453.6932913505319,454.24659754757704,451.23305379035156,454.18731689453125,26216800
2024-05-29,450.0375023855627,452.7645027751896,449.899160765381,450.98602294921875,29739200
2024-05-30,450.05723247359657,450.19557408760653,444.8304342178574,446.1544189453125,30536800
2024-05-31,446.3817152995183,447.07336311604297,437.76590868384545,445.3244934082031,55941300
2024-06-03,449.1384333222446,450.1363445127034,442.5481186668515,447.71563720703125,32997500
2024-06-04,447.45871917443645,450.1363293463118,445.73951982353225,448.9407958984375,23767400
2024-06-05,452.5076010658575,458.0703027841876,448.9802518119225,457.99127197265625,33817400
2024-06-06,458.67307087921665,458.9892544596683,456.6673284046728,457.8332214355469,21966800
2024-06-07,457.46763107031757,460.17488126832046,456.32148824669326,457.4281005859375,25829700
2024-06-10,456.3017739959468,459.6315014350847,456.015230729256,459.2757873535156,20660800
2024-06-11,458.00116317865417,462.54620375164046,456.50919653862604,462.4276123046875,22053300
2024-06-12,466.3502419815798,470.80636221517653,465.658624284143,468.48443603515625,34532600
2024-06-13,472.01176323840133,472.6737707294216,468.7512067349177,471.0237121582031,25859000
2024-06-14,470.8260932107854,473.5333736936647,470.36170799369097,473.4642028808594,23372600
2024-06-17,473.7309461963046,481.0425179080329,472.42674173146634,479.2640380859375,37054500
2024-06-18,479.21463933122305,480.09398906770866,477.65350181941676,479.4122314453125,24438600
2024-06-20,480.60784514761326,481.02280973763214,473.8890793547214,475.71697998046875,33918700
2024-06-21,475.440293517699,476.77416848361605,472.9504156934659,474.4423522949219,37456800
2024-06-24,473.2172197227776,474.9490574140219,468.9024843141438,469.041015625,37751000
2024-06-25,471.129079616459,474.7015984686123,470.1889271812349,474.40472412109375,29014700
2024-06-26,473.583311724655,475.928739825408,473.1676876466421,475.3844299316406,22737100
2024-06-27,475.1371068150206,478.0861899873957,474.3256098735084,476.61163330078125,26222100
2024-06-28,477.4033117975724,482.1436072423702,473.49429478929665,474.1375427246094,34881600
2024-07-01,475.05793318372764,477.4824878396145,471.3171649653183,476.9184265136719,24898300
2024-07-02,475.4240826231297,481.98527819601577,475.2954269921551,481.9259033203125,26723600
2024-07-03,481.17377316359585,486.0724117323164,481.17377316359585,485.9437561035156,18064900
2024-07-05,486.7849470721582,491.4460560048313,486.4880424937544,491.0106201171875,28495900
2024-07-08,491.376753741408,492.73253034096933,490.35744482196145,492.1783447265625,22109400
2024-07-09,493.6925021081496,494.8107793015075,491.08979257688713,492.6039123535156,25614500
2024-07-10,494.5237508797434,498.29420637540426,493.2174734535237,497.7400207519531,28046900
2024-07-11,497.84886011902,498.05667216311593,485.636935294942,486.824462890625,49966600
2024-07-12,487.3984860685638,494.43468031357077,486.9333627636992,489.68450927734375,37109400
2024-07-15,491.4558887928539,495.8102472892754,488.9620536365076,491.00067138671875,31151400
2024-07-16,492.4554349867678,493.2669318468274,488.03182577264374,491.188720703125,25950600
2024-07-17,483.21237345638946,483.72696575198995,476.70067742779014,476.7699279785156,56268800
2024-07-18,480.4909023481686,480.6690269613123,471.32699803901284,474.5135803222656,49347400
2024-07-19,474.17716317121153,476.69081038315727,469.0212433135794,470.3077392578125,42042900
2024-07-22,476.1662445168207,478.3335178356134,472.75203854862707,477.314208984375,40300000
2024-07-23,476.413675873234,479.4023218426893,475.15686747764715,475.6318664550781,23282500
2024-07-24,468.9024513256549,469.2686064367645,457.70983493602466,458.57080078125,58818600
2024-07-25,458.9073044861217,463.08350861797516,450.9012698036603,453.51385498046875,59256800
2024-07-26,457.848383450134,461.0943407799324,454.9982686823399,458.1650695800781,39992100
2024-07-29,460.8766312425985,463.05381067459047,456.8290828356766,459.0854187011719,28218500
2024-07-30,461.01515173154047,461.7177744944523,449.4365688567625,452.781494140625,41317200
2024-07-31,463.0141989264488,467.8831499165186,461.5693600159238,466.1809997558594,44552100
2024-08-01,466.86389265459763,470.61453674967504,451.2476651158383,454.88946533203125,56653900
2024-08-02,446.2104252259462,448.86260343484975,439.85704229778526,444.0926208496094,66323200
2024-08-05,420.30213280152026,437.6996954353394,419.0552302659208,430.85150146484375,87483500
2024-08-06,432.6922358150409,442.4301081222253,430.04993302092026,434.9683532714844,63164400
2024-08-07,441.85608592677744,444.3400455113918,429.8618783945526,430.2577209472656,54929200
2024-08-08,436.48245194310226,444.33014311023425,432.61302829327946,443.4197082519531,47890100
2024-08-09,442.1034582237035,447.36825136339667,440.98518120033026,445.7353820800781,33574000
2024-08-12,446.7052488965294,449.6543015423584,443.8946973509151,446.6953430175781,27795000
2024-08-13,451.08926269593627,458.0463003756158,450.9507011946519,457.7790832519531,40084500
2024-08-14,458.69948537304487,460.2828556615313,453.6425036465701,457.9275817871094,34733700
2024-08-15,463.89498501162524,469.8920888985799,463.5189240086724,469.4962463378906,38280600
2024-08-16,467.71492303753774,471.46559709537195,466.7549889446626,470.09991455078125,38383600
2024-08-19,470.23844913548015,476.314709281999,468.4571123615935,476.2751159667969,23737700
2024-08-20,475.36469707718084,477.92781315701507,473.5833602435094,475.275634765625,29209300
2024-08-21,476.0574073595781,479.34295796614543,474.3453815043976,477.49237060546875,25658800
2024-08-22,479.8080927390778,480.50083988140653,468.89256861321644,469.9217834472656,37739600
2024-08-23,474.2661885575702,477.72986373864114,470.3472959517967,475.018310546875,36061500
2024-08-26,474.47406807156517,475.39440887231615,468.3284964516656,470.4067077636719,27452600
2024-08-27,468.77380546465093,472.8807286031664,466.8143440444415,471.81195068359375,27510000
2024-08-28,471.346801146548,472.0692054646564,463.0339871430499,466.45806884765625,37372400
2024-08-29,468.3680414193151,472.96977514887374,464.4986179028176,465.7752380371094,41081500
2024-08-30,470.10978079793205,471.95046219356595,465.6267968495416,471.3269958496094,33466500
2024-09-03,468.2888929130331,468.41751833575614,454.64200434968836,457.01708984375,44985200
2024-09-04,453.9096909499647,459.62970181353774,452.9794443561613,455.82952880859375,32505100
2024-09-05,454.20660310052904,460.53026908790207,453.18729411410754,456.255126953125,34452400
2024-09-06,455.5524424798757,456.4332200932518,443.53845342028677,444.03326416015625,50624400
2024-09-09,448.35791362802206,450.73299918390046,445.15154963762876,449.7433776855469,32981200
2024-09-10,451.5049437765593,454.4045579828943,447.5365817441025,453.89984130859375,29680300
2024-09-11,455.1368141392579,464.49862479430976,446.5963760163785,463.75640869140625,57843000
2024-09-12,463.7861380430132,469.12021274769836,462.004831315396,468.3087158203125,40067800
2024-09-13,467.57640460415297,471.5843598337803,467.3487807735019,470.4067077636719,29111800
2024-09-16,468.2789916995769,468.94202118034616,465.0132528878114,468.3284606933594,22585600
2024-09-17,471.3468556724097,472.64325748454945,466.082061787513,468.5758972167969,30084400
2024-09-18,469.7733867817461,473.86049863130677,465.94352581139685,466.5472106933594,39909200
2024-09-19,477.60122868202563,481.18368396372693,475.50323588556273,478.34344482421875,52782500
2024-09-20,477.48242187075306,478.66997963668604,473.33590576915435,477.4329528808594,34577700
2024-09-23,478.60935989339436,479.7886668451641,477.271487358506,478.69854736328125,24843000
2024-09-24,480.10571320215763,481.9589009890899,475.85429307094455,481.0075378417969,25952600
2024-09-25,480.3832116885974,483.40581684032236,480.2048367630411,481.4535217285156,26549900
2024-09-26,488.93568125355074,489.2627322137733,481.4337116875212,485.07073974609375,32020200
2024-09-27,486.0914480623736,486.23020427686686,481.1958457378582,482.3751525878906,22851100
2024-09-30,481.4139231192811,484.0202901406472,478.5796426391889,483.683349609375,30281100
2024-10-01,483.31662795419345,483.6139194959118,473.1091848680393,476.94439697265625,42735400
2024-10-02,476.0426111384499,479.53099347672526,473.42635462803594,477.61834716796875,23744000
2024-10-03,475.4281267258818,480.1948924226941,474.6848676640925,477.2615051269531,25337200
2024-10-04,483.0688998990654,483.4950278786583,478.0543806808698,482.9400634765625,30686600
2024-10-07,481.0274062437878,482.19679333270193,476.5480119306122,477.7669677734375,24975100
2024-10-08,480.30397136476074,485.5860530274448,479.50125391077506,484.9022521972656,28272000
2024-10-09,484.6049568617026,489.29245536882917,483.5644061682119,488.7176513671875,24995000
2024-10-10,486.4383376827158,490.0257969581118,485.13019433844016,488.1626892089844,25750400
2024-10-11,486.32930368033,489.9465223032904,485.7644497271091,488.9257507324219,20644500
2024-10-14,491.3140720656338,494.34656675942244,490.8086764455291,493.0285339355469,26060100
2024-10-15,493.355600435728,494.019591930527,484.28784466660454,486.4383544921875,34784500
2024-10-16,486.76530407206735,487.27072990851434,483.18776499565604,486.49774169921875,22996800
2024-10-17,491.978041414871,492.02757992175697,486.7752279737182,486.8346862792969,27210700
2024-10-18,489.61949922818457,491.11593737118017,488.86632025661703,490.02581787109375,25335000
2024-10-21,488.81674495745733,491.7699720639436,486.894178959246,490.9672546386719,30336500
2024-10-22,488.30143046324906,492.9790090488197,487.54825154691343,491.50238037109375,26685800
2024-10-23,489.1536769704334,489.80774860991164,480.69042485410046,483.9706726074219,39346600
2024-10-24,487.68697675640317,488.56899209054706,485.0409912405532,487.8951110839844,22024900
2024-10-25,490.68981963359516,495.783606868468,489.98617916142297,490.8681945800781,38762100
2024-10-28,493.97994371032735,494.03940202418397,490.65015716118575,490.94744873046875,20477800
2024-10-29,491.2645459528903,496.84394921613693,489.4113580647336,495.6646423339844,28014100
2024-10-30,494.9015965333086,495.8529597761459,491.43305383710356,491.91864013671875,29756000
2024-10-31,487.954583939498,488.00412245137545,479.40214395365643,479.5012512207031,41245200
2024-11-01,481.13639556987664,486.33920932217706,480.83910402420423,483.0490417480469,33655800
2024-11-04,482.4445325917277,484.98152122615164,479.89762415814664,481.6418151855469,23291600
2024-11-05,483.2274703978778,488.45012432937443,483.13828292426075,487.7861328125,24353600
2024-11-06,496.06101877316587,501.85844565844053,495.1096556168165,501.035888671875,43082200
2024-11-07,503.83053009542596,509.70725465257993,503.77107179071777,508.92431640625,32853100
2024-11-08,508.4288627704024,510.2919704920393,507.80452026333353,509.5190124511719,22924500
2024-11-11,510.7379579512957,510.94609229061626,506.3279717617133,509.22174072265625,24167500
2024-11-12,509.1523347344934,510.0342895835151,505.24771417717085,508.3000183105469,25835300
2024-11-13,507.7946415908849,510.35140934593795,505.36664976558126,507.6459655761719,24567400
2024-11-14,507.30910276162007,508.1811681685992,503.20629738236613,504.1180419921875,28679500
2024-11-15,498.41964553643646,498.80612454252906,490.04558089937717,492.1069030761719,51461100
2024-11-18,493.652881689858,497.62685004551037,492.2654707437731,495.52587890625,27080800
2024-11-19,492.94930559999926,499.42061410574536,492.6123348353257,498.93499755859375,24523000
2024-11-20,498.6376632087343,498.95479434633813,492.096977151282,498.6475830078125,29565500
2024-11-21,501.6900000053646,502.4035299899302,493.088021478257,500.44134521484375,34526700
2024-11-22,499.8863672514566,501.9773883931018,498.2610927916357,501.2440490722656,23826600
2024-11-25,505.3171131868859,506.8532002381663,499.727820122481,502.036865234375,26375200
2024-11-26,503.5134355358176,505.55494837109245,502.6710994101925,504.7323913574219,26557100
2024-11-27,503.6026837920866,503.6720316612962,497.41874708868886,500.7584533691406,24957400
2024-11-29,501.3827848330466,505.75315217485644,500.7683621205399,505.1585388183594,15334000
2024-12-02,506.417129810714,511.6199436122003,506.03062055439545,510.65863037109375,25147200
2024-12-03,509.33074852467934,512.5019997630951,508.755944494111,512.2244873046875,18597900
2024-12-04,515.6434288103802,518.8146796626284,514.9298686374995,518.5570068359375,26086200
2024-12-05,518.6066356126173,519.330055223799,516.7336078801881,517.1201171875,18169600
2024-12-06,517.7840589262187,521.9859411713386,517.6552224953138,521.7481079101562,23762600
2024-12-09,520.8264895371643,521.6192872606202,516.5353894459821,517.6849975585938,20674400
2024-12-10,518.9137744707876,520.6579655236552,514.4938385293885,515.9208984375,24350000
2024-12-11,520.2814024633593,525.8409663614733,519.8751140774373,525.1571655273438,32168600
2024-12-12,522.9372091767965,524.2057335807217,521.2921558574394,521.767822265625,23577500
2024-12-13,525.6924016663945,528.3780062636245,522.5607689543002,525.7617797851562,28780400
2024-12-16,528.2887292324265,534.3041797331767,528.2094313308821,533.3329467773438,31979900
2024-12-17,531.5392172672515,532.6491459423796,529.3292797155087,530.9842529296875,28579100
2024-12-18,530.3401626443599,532.0545942641155,510.38116393926435,511.8280029296875,54703200
2024-12-19,516.5056307829288,517.0705149732767,509.21179579232137,509.5487060546875,46441800
2024-12-20,505.852321010616,520.1030827285903,504.7126629138714,513.9984130859375,60530000
2024-12-23,515.7106909460335,519.3833613273813,512.3159805407604,519.0061645507812,29672800
2024-12-24,520.9516666586724,526.1330632045123,520.3163815436208,526.0437622070312,17558200
2024-12-26,524.4158307733787,527.3142356084127,522.4206745678785,525.6863403320312,19090500
2024-12-27,522.1228199982326,522.559570841844,514.0330238895601,518.6983032226562,33839600
2024-12-30,511.70047635181544,515.522001257147,508.0476479190875,511.7997131347656,34584000
2024-12-31,513.0802310210817,513.8345638741997,506.48928482473434,507.4521179199219,29117000
2025-01-02,510.49940358547883,512.8221380642742,501.9728857721829,506.4595031738281,36389800
2025-01-03,509.55634989003045,515.8098417331423,508.7424629551306,514.7477416992188,29059500
2025-01-06,520.1476411928097,524.018784806924,518.1723564940825,520.6637573242188,36109700
2025-01-07,521.7059688320093,522.1029765213256,509.4869409310254,511.37286376953125,36690300
2025-01-08,511.2736208982677,513.0999895323981,506.7969397096138,511.46221923828125,30777800
2025-01-10,507.700292461824,507.799529251394,500.1961615298894,503.4419860839844,40532500
2025-01-13,497.4962392396563,502.28059733248006,496.00732395497107,501.8240051269531,31694200
2025-01-14,504.98052179626774,506.39004165996994,497.8833646668992,501.3475646972656,33737200
2025-01-15,509.23879071405617,514.0231181011155,507.6803552886918,512.8816528320312,34957600
2025-01-16,515.1448467748171,515.224272558158,509.1594384871324,509.2884826660156,28229000
2025-01-17,518.9862432829292,520.1972592877152,509.31822917298143,517.8844604492188,51837900
2025-01-21,520.6041714349437,522.0831509199561,516.2168513724278,520.9218139648438,23628000
2025-01-22,525.6565483001042,529.8751413083515,525.3488415863966,527.5822143554688,33593000
2025-01-23,525.130545961952,528.8230878847827,524.5449397957133,528.7039794921875,23096600
2025-01-24,529.0812113327657,529.8454801385557,524.2472035631287,525.7162475585938,19878300
2025-01-27,507.2237341179043,514.1620686543571,506.3800095193755,510.4100341796875,60771700
2025-01-28,511.4126509421013,519.1351881754546,507.9980993704096,517.9539794921875,33194200
2025-01-29,518.5991606876129,518.7282048637726,513.0802502522747,516.981201171875,26649000
2025-01-30,519.8399100776113,522.2122024136221,514.3805539731445,519.1847534179688,27431300
2025-01-31,523.0261489535886,527.5921922182381,517.3385119017584,518.4303588867188,38755200
2025-02-03,509.6755846757201,517.0010535797855,507.27348469906485,514.2813110351562,40580800
2025-02-04,514.7974286874838,521.2295233442737,514.4003603770645,520.59423828125,26046800
2025-02-05,517.9638671852232,523.11551659981,516.7727228160936,522.9566650390625,21134100
2025-02-06,523.4629031663001,525.8948102853632,521.8548794809367,525.6863403320312,19434500
2025-02-07,526.2224643480172,528.1679418559564,518.3311999658048,519.0557861328125,29605500
2025-02-10,523.3239005134812,526.4407109622551,522.8574028177311,525.3389282226562,20852800
2025-02-11,522.0732896066455,526.0039872775455,521.9442454321847,524.0882568359375,19325500
2025-02-12,518.4403344445669,525.2794337785684,518.0929450820138,524.39599609375,25009400
2025-02-13,526.0635234537466,532.2574012792994,525.2793832223591,531.9398193359375,28714800
2025-02-14,532.0489565555039,534.8580601398642,531.7114424599516,534.1731567382812,17862600
2025-02-18,535.7414804029439,536.0095045421328,532.078746365208,535.3841552734375,20565000
2025-02-19,534.5901501639886,536.8135875991883,532.4957569178074,535.5331420898438,19666900
2025-02-20,534.7488640035847,535.1161249242239,528.52523935916,533.2599487304688,26550800
2025-02-21,534.4014135025412,534.4212850908257,521.8250608987436,522.1923217773438,47093800
2025-02-24,523.9790766643296,525.1602852244356,515.6908057368098,516.0282592773438,39268400
2025-02-25,515.402907751773,515.4823335308943,505.67533996149535,509.52667236328125,48940000
2025-02-26,511.72043188204816,515.8198568025589,507.5911389871664,510.757568359375,34457600
2025-02-27,514.3011233717788,515.2341793751592,496.35471414579564,496.5730895996094,52448000
2025-02-28,496.43413947250224,505.0202115627976,493.2577747457523,504.41473388671875,47654000
2025-03-03,507.7399002086125,509.24865663396366,489.9324728451074,493.3768310546875,44587200
2025-03-04,490.5280988504062,500.0174498903787,484.1356867718227,491.8879699707031,67875400
2025-03-05,492.5331693757525,499.9082555325708,487.6296728031353,498.30023193359375,46323700
2025-03-06,490.04170516165766,494.8955530213461,482.60706486522406,484.59228515625,57574300
2025-03-07,483.5599718062666,489.6347411717219,476.9789615630039,488.15576171875,54714700
2025-03-10,479.87744712390025,480.39359355913183,465.19673274957023,469.2366638183594,76668000
2025-03-11,468.8594173402994,475.27167052229146,463.5588826960084,468.1149597167969,68760800
2025-03-12,475.6191588320805,477.50511235893043,468.3036257086082,473.3957214355469,46971100
2025-03-13,472.73057814566323,472.76035523811606,462.98313932199375,464.8790283203125,46563300
2025-03-14,470.2292160585815,477.0087300371878,469.6237081167645,476.1153869628906,43563000
2025-03-17,476.06574086012523,482.2497130174167,474.2691189068619,479.202392578125,41744400
2025-03-18,475.86727110411596,476.0657749736721,468.91899953639006,471.03326416015625,39072300
2025-03-19,473.2864979024419,481.7435264527976,471.36083156550126,477.33636474609375,40430300
2025-03-20,473.3559058863872,480.9692083343736,472.6610667046265,475.71832275390625,36780500
2025-03-21,470.57656734579047,478.05091994038025,469.41523053067766,477.28662109375,42234900
2025-03-24,484.8576794709337,488.60541998448804,481.53742091872255,487.76043701171875,34567200
2025-03-25,488.4861096315565,490.70291186860106,487.5218407035887,490.5438537597656,26035200
2025-03-26,489.3907271556028,490.2456607367531,479.96676889831855,481.5175476074219,34627100
2025-03-27,479.55920474042404,483.70454516246133,477.41196560654595,478.77386474609375,33469800
2025-03-28,476.9745201773356,477.6803158784236,465.2840071747282,466.16876220703125,46363800
2025-03-31,459.19026229129486,467.08331235256605,454.6273605455005,466.1488952636719,53000300
2025-04-01,464.538472789733,470.8310825660288,461.6755176682955,469.9065856933594,41156200
2025-04-02,463.3654253458386,476.7260031222664,463.1069521266998,473.3361511230469,49894500
2025-04-03,453.7426062022167,457.35115906183495,447.47984907108474,447.99676513671875,70456300
2025-04-04,435.5508223213529,437.76762470061965,420.1722412109375,420.1722412109375,117088400
2025-04-07,406.24500940343484,440.52125924890055,400.01207316550386,421.1861877441406,161557000
2025-04-08,435.5706616527368,440.52124286102435,407.3683213181599,413.60125732421875,101248100
2025-04-09,413.1141801222823,465.0653269802432,412.97499289588256,463.24615478515625,142876900
2025-04-10,450.8796663706337,452.89766878987024,430.07336033484415,443.54327392578125,108384100
2025-04-11,442.0222794815872,453.0964608286063,438.72189215337244,451.71466064453125,52483800
2025-04-14,461.7152518499013,462.30176158755654,449.955174921676,454.7765197753906,43941200
2025-04-15,455.83024573579985,459.64754944257936,453.4543549864483,455.2834777832031,35404200
2025-04-16,446.3764597793453,449.94524106408096,435.1730706709317,441.55511474609375,48980600
2025-04-17,444.5274509761507,445.10401010316673,438.7517574071589,441.4755859375,44837000
2025-04-21,435.640213497503,436.48516600290554,425.4010649605608,430.5504455566406,44149300
2025-04-22,436.2267468236976,444.93495790304166,435.0338262355641,441.8533020019531,52304400
2025-04-23,455.46243104941027,460.641633756553,450.20368411807647,451.8737487792969,55801100
2025-04-24,453.78243704630535,464.896361425193,453.1362539590864,464.58819580078125,45956100
2025-04-25,464.210432874224,470.2942617606861,462.639783263479,469.76739501953125,38697100
2025-04-28,470.2346173749268,472.0040972114499,463.2759840321813,469.6182861328125,33550800
2025-04-29,467.3915080044207,473.6045731544733,466.8149185696458,472.7198181152344,30613100
2025-04-30,464.36947606745446,474.37997416490805,459.697238824554,472.6601867675781,46810600
2025-05-01,480.5532222946606,484.300932012728,477.898987697636,478.83343505859375,43316500
2025-05-02,483.66477784831574,488.00894827712347,481.9648613296433,485.94122314453125,39218100
2025-05-05,481.73622270162116,486.14003597307794,481.2391774925475,483.058349609375,28309500
2025-05-06,476.7259901676863,482.1835367600156,475.36409117258444,478.5650634765625,32786300
2025-05-07,479.2310866723673,482.9291041737698,473.9624196873836,480.4438781738281,38006300
2025-05-08,485.642990937839,489.78836133137906,481.30877127503675,485.4044189453125,39577600
2025-05-09,487.31305654497106,488.63521379310254,483.326774588034,485.0863037109375,27767400
2025-05-12,503.99391286415016,504.88861854839246,498.51649505607935,504.8488464355469,45090600
2025-05-13,506.15112683099704,514.3325026354601,505.4155095627927,512.5431518554688,53269600
2025-05-14,513.7161211405411,516.1615447200978,512.7021295054291,515.6148071289062,47014500
2025-05-15,513.4676100523011,518.8456125999866,512.125551562593,516.1814575195312,50153300
2025-05-16,517.5831482665423,518.6170412486316,514.0441884093638,518.4281616210938,48394600
2025-05-19,511.2010686059385,519.442117353632,511.2010686059385,518.9251708984375,52536200
2025-05-20,516.4000527652197,517.8514464284522,513.6066614830175,517.1953735351562,42517600
2025-05-21,513.2191016405527,519.909311026266,508.2187974987168,510.0081481933594,71292800
2025-05-22,510.62447644500173,514.6505913275334,509.27252798800356,510.9624938964844,55607200
2025-05-23,503.1886765918508,508.8152319544728,502.59221627823973,506.2305908203125,58368100
2025-05-27,513.099785560271,518.6269257716245,511.5490069592283,518.1397705078125,47226300
2025-05-28,519.0941399870436,520.5852756508032,515.326559052752,515.8434448242188,46637200
2025-05-29,523.2195630104458,523.3686401503222,514.2627997265355,516.8573608398438,58513300
2025-05-30,516.3703642123456,517.6030267064441,508.9047349583655,516.0422973632812,67662800
2025-06-02,514.18335129797,520.3566750351536,512.9208369697641,520.1181030273438,44762800
2025-06-03,520.4659496294596,525.6153304447355,519.6010958649408,524.183837890625,44070300
2025-06-04,524.8896842213366,526.708886650537,522.8617009643712,525.6452026367188,41359300
2025-06-05,527.0468212855055,529.8998557728775,519.5712423411791,521.6886596679688,61031200
2025-06-06,526.8678742932818,528.6572247503295,525.088474447436,526.788330078125,42467000
2025-06-09,527.0070935472497,529.2039944759547,525.8837665533798,527.5637817382812,33688700
2025-06-10,528.0310266756026,531.7390254485366,525.7645319173196,531.0531005859375,40664800
2025-06-11,532.4547240748923,533.607902979141,526.9772759658763,529.263671875,53701000
2025-06-12,527.9514667987352,531.4804753804111,527.7029442130614,530.5062255859375,34104900
2025-06-13,524.5616021772432,528.7268432784747,522.6231138097035,523.8458862304688,55814400
2025-06-16,527.3649267684334,532.2061418831144,527.3152343861935,531.1325073242188,37622100
2025-06-17,528.5678931016404,530.1783148927323,524.790300579849,525.9534301757812,42180900
2025-06-18,526.9673174269449,529.4028511373086,524.2833217813045,525.8638916015625,43983500
2025-06-20,529.1145785233912,530.4068839390565,521.7781863439574,523.7166748046875,61643500
2025-06-23,524.2849177292203,529.6192118620138,521.1400908129034,529.1017456054688,50666100
2025-06-24,534.3166475371182,538.1083833993794,533.6996241180443,537.1928100585938,45442000
2025-06-25,539.4618115177252,540.7058200544818,536.7946645040316,538.5661010742188,44804200
2025-06-26,540.745568102249,544.0496618306095,538.9243834682991,543.601806640625,43811400
2025-06-27,544.6369129629151,547.3538082383178,541.9299187322695,545.4629516601562,57577100
2025-06-30,548.6177271894713,550.150323841353,546.3785118204822,548.9959106445312,45548700
2025-07-01,547.0950823478822,548.0704264374054,542.0493759591154,544.3682250976562,56166700
2025-07-02,543.5421378206258,548.3589656247289,543.5023514145969,548.159912109375,36538300
2025-07-03,550.528547956803,554.5292991491806,550.528547956803,553.553955078125,26443500
2025-07-07,550.8668816007689,551.682958457329,546.9457644201566,549.384033203125,45349300
2025-07-08,550.7276203014773,551.3546055319305,548.4585193260065,549.692626953125,36153300
2025-07-09,551.8222657361728,554.957191559505,550.448875446199,553.5838012695312,43045500
2025-07-10,554.2207589895446,554.6287670725607,550.1005880395711,552.7876586914062,34710900
2025-07-11,550.6479296881262,553.1259849885996,549.4039211443059,551.5436401367188,39618600
2025-07-14,551.3346156245823,554.2804496744797,548.9859421113066,553.5440063476562,36453300
2025-07-15,557.5646229155932,558.1119745200461,553.9918036921638,554.051513671875,43277700
2025-07-16,554.608995438005,557.5249447079008,548.9163797161671,554.618896484375,52314700
2025-07-17,555.3453275516479,559.6147429299454,554.5392124594489,559.107177734375,40423800
2025-07-18,560.4208944407413,562.0231629422733,557.2959302535468,558.56982421875,50484700
2025-07-21,559.3958946507648,563.3468370391857,559.3660092861638,561.4658813476562,39595200
2025-07-22,561.5952444003194,561.6449925970527,555.9325146805868,558.5598754882812,43270600
2025-07-23,559.6446191045442,561.1473303500087,556.8978386154415,561.1075439453125,40215300
2025-07-24,562.4212388074466,563.5259038068097,560.590031519654,562.3018188476562,42275500
2025-07-25,562.2222340881906,564.9789766749151,561.5654242523398,563.6553344726562,30630800
2025-07-28,565.0187630549528,566.3125198933016,564.1529379000713,565.4168701171875,31498700
2025-07-29,568.0243008153843,569.3678058353573,563.8145950597007,564.5410766601562,45463300
2025-07-30,565.4566306884598,567.88493787487,562.3416283337683,565.2974243164062,43433800
2025-07-31,571.7861083195327,571.8757036606775,561.1672684870435,562.3018188476562,64613600
2025-08-01,556.1514446022372,556.3405363278684,549.0356915374143,551.2251586914062,69400800
2025-08-04,556.3703965814645,561.6151562999452,556.2709001900665,561.3961791992188,47669800
2025-08-05,562.6800492447384,563.8444243211386,557.047144120063,557.5845947265625,48666600
2025-08-06,558.4205728770752,565.0387235781728,557.9428929652461,564.600830078125,41823700
2025-08-07,568.9298809926769,570.5719965866228,562.4013265086303,566.5115356445312,44463000
2025-08-08,567.7158183687225,572.0151196938974,567.4172684314073,571.796142578125,35255500
2025-08-11,571.9353942373868,574.0352659921666,568.8303539029688,570.1041870117188,33112900
2025-08-12,572.4031383383943,577.568264258411,569.7459530883017,577.2697143554688,42143300
2025-08-13,579.9667943828545,580.5241078283162,576.1650966595718,577.5584106445312,41209300
2025-08-14,575.5082052969016,579.0909254041386,575.139922905491,577.1104736328125,45425000
2025-08-15,577.0209851959504,577.060832349756,572.8112791786587,574.5728149414062,49480200
2025-08-18,573.6771004174088,575.0007426774456,572.4828399211221,574.3438720703125,29831000
2025-08-19,573.6272360152775,573.7964041556768,565.5262384524466,566.5513305664062,53752600
2025-08-20,565.6059063070504,565.7253262654696,556.1614033493433,563.1875610351562,76781100
2025-08-21,561.6450181787756,563.774775630925,558.2911756152315,560.5802001953125,46436900
2025-08-22,561.9634564557491,571.238791941298,560.5702032580724,569.2284545898438,51502100
2025-08-25,567.6661203876056,570.5422225712209,566.4320126331755,567.5864868164062,34044700
2025-08-26,567.0987131018536,570.1738681264644,566.0736209319145,569.8653564453125,34103000
2025-08-27,568.8503542214644,571.6567843025553,567.6361701841732,570.7412109375,36927100
2025-08-28,571.3581690220095,575.2295381040836,569.716114225579,574.31396484375,46787900
2025-08-29,571.9055458127416,572.273828233091,565.8148847062891,567.666015625,56030400
2025-09-02,558.6195961337324,563.257233673264,556.8580604404501,562.908935546875,65876800
2025-09-03,566.5015849549442,568.9597775003773,564.0135677896833,567.3375854492188,54230200
2025-09-04,568.0043701424134,572.8410610450118,566.3026052373926,572.4728393554688,47526300
2025-09-05,577.7076484747704,578.3346336864022,568.7906334517568,573.2988891601562,68342500
2025-09-08,575.5977945125156,578.0559870759845,575.0006946855148,576.0953979492188,46371400
2025-09-09,576.8915385805233,578.1554707195171,574.274139701763,577.7275390625,44007600
2025-09-10,580.942094267134,580.9719796320359,575.7769677758832,577.9166870117188,49308000
2025-09-11,580.4444560297375,582.0766099053841,578.8322257294989,581.2804565429688,44745800
2025-09-12,582.2358530939185,585.0423439865303,581.3003561297145,583.8480834960938,50745900
2025-09-15,585.6195335974215,588.9534523182087,585.4702282697297,588.843994140625,44360300
2025-09-16,589.7695130089575,590.018314719858,587.6596793599289,588.3463745117188,36942100
2025-09-17,588.2668225233333,588.913731358415,581.5690989748401,587.172119140625,69384800
2025-09-18,592.0585449007204,595.2731046813599,590.1179399259114,592.4666137695312,61069300
2025-09-19,594.4669572446983,597.1738908683575,592.9940097211341,596.4772338867188,58196100
2025-09-22,595.56457167487,600.6759063866804,595.5446250028239,600.0083618164062,57154800
2025-09-23,600.1777560752951,600.3770403666388,594.8073576106723,596.02294921875,64635500
2025-09-24,597.3979183069385,597.7167610032964,591.2005236200914,593.9305419921875,49850300
2025-09-25,590.0447574609248,592.9541133753095,586.358211090951,591.3699340820312,70920200
2025-09-26,592.1869260081028,594.1298414316656,588.9089213733314,593.801025390625,54337400
2025-09-29,596.929586249639,599.858888854889,595.2357610619866,596.5509643554688,48332900
2025-09-30,596.2521164355429,598.5238479838199,593.9305790157047,598.18505859375,46533800
2025-10-01,594.9966151966095,601.592517201177,594.1696797218984,601.0545043945312,46899600
2025-10-02,604.8506282086944,604.9502399376884,600.7356543050928,603.5254516601562,43765400
2025-10-03,604.3027001978111,605.1197232184186,599.2013385970163,600.9848022460938,46482100
2025-10-06,606.2355880916678,607.1422494333636,603.7645725777412,605.498291015625,41962100
2025-10-07,606.8035324139453,607.4910236381941,600.835342343377,602.3099365234375,58209500
2025-10-08,603.2066381307736,609.523591030116,603.0572205300643,609.2147216796875,50629800
2025-10-09,609.2545466200572,609.3840783602061,605.2691043090726,608.4774169921875,45551000
2025-10-10,609.174937229752,610.9484275974415,586.9062397942465,587.3546142578125,97614800
2025-10-13,597.497493628088,600.7556121211176,595.056398092238,599.8190307617188,65872600
2025-10-14,593.1434568492728,600.4966033203683,587.9823159734815,595.8236694335938,69203200
2025-10-15,601.8117836952674,604.4919961772353,593.7611729131481,600.0282592773438,62805500
2025-10-16,602.9077579751356,606.0961241101174,593.3327470469682,597.806396484375,70982000
2025-10-17,595.7738386787643,603.306322454893,594.1995718879336,601.7320556640625,72024900
2025-10-20,604.9303809627713,610.5697551235123,604.8606284241672,609.3143310546875,45761700
2025-10-21,609.41403175621,610.4900574537519,607.1024677916307,609.1549682617188,44538200
2025-10-22,608.5969960402966,609.1848147458128,597.5573034367524,603.286376953125,61478800
2025-10-23,602.7084409478078,609.1449520725764,602.3199065464308,608.3578491210938,42844300
2025-10-24,613.7481193370727,616.1692681518385,612.8912638677524,614.8540649414062,47632500
2025-10-27,622.2471236453642,626.262425126202,621.7589166953564,625.8041381835938,54098600
2025-10-28,628.0658962701283,632.3701816547181,626.9599505234498,630.6165771484375,61195700
2025-10-29,633.2769001713006,634.6917152842577,627.9563074763624,633.4562377929688,67422800
2025-10-30,629.869267455657,631.1944440896802,623.6619603385896,623.7715454101562,61628600
2025-10-31,631.8620549483691,631.8919749599486,624.409296291661,626.7806396484375,66305100
2025-11-03,632.7985429356352,633.5059808284601,627.5576766411583,629.7796020507812,37154300
2025-11-04,621.0116391030107,624.6682653310116,616.2091739056606,616.9962768554688,63830800
2025-11-05,616.2391121345779,624.3195827183903,614.9638020768305,621.01171875,48688500
2025-11-06,619.5270737190788,619.7761638844125,608.078899450419,609.4439086914062,72115100
2025-11-07,606.0961466218313,607.7301926884926,596.4912153281726,607.5209350585938,81835400
2025-11-10,616.6675408883244,622.037939599601,614.6449603115116,620.9618530273438,55919900
2025-11-11,618.3115007347396,620.4536395227035,615.2726130875191,619.307861328125,44868800
2025-11-12,622.5659665942537,622.5858524528388,615.5615225825271,618.8196411132812,47444400
2025-11-13,615.2925422980531,615.8704485105809,603.8742880136988,606.1858520507812,71333600
2025-11-14,597.3679891941105,611.1177533949825,594.9966460866717,606.6441040039062,80087300
2025-11-17,604.0934805750228,610.2509824067986,597.686888568112,601.4630737304688,63850400
2025-11-18,597.4376601960547,600.1178722930534,589.1878271266753,594.1397094726562,83327300
2025-11-19,594.897031094223,603.9539148983285,592.4260762649179,597.6868286132812,73111500
2025-11-20,609.3940199569162,611.7952828795123,582.6218174922989,583.5384521484375,117743200
2025-11-21,585.3319113971087,594.807310091711,578.6264242609341,587.9224853515625,103344200
2025-11-24,593.1135933516537,604.4720682054578,592.9939741263881,602.9575805664062,60168100
2025-11-25,601.3136469136847,608.0390815394395,595.1461718391749,606.674072265625,57560900
2025-11-26,610.2808195033393,613.9474190856081,608.1685399702174,612.034423828125,42393600
2025-11-28,613.8676901015607,617.06602939224,613.1801988825557,616.9962768554688,23034400
2025-12-01,611.3967336448243,617.1855860502521,610.2907880213397,614.923828125,40957600
2025-12-02,617.2055331651553,621.4798980663827,615.3423437866954,619.7362670898438,54541800
2025-12-03,617.3649020590889,621.9481361371779,615.7807228836753,621.250732421875,47841600
2025-12-04,622.6556605829674,622.665633919662,617.285262025035,620.6729125976562,47067800
2025-12-05,622.1076409382764,626.6310962033638,621.440096358939,623.20361328125,53614200
2025-12-08,624.9273247300189,626.5513972974647,619.4273950138578,622.0079956054688,43462400
2025-12-09,620.7425928652799,623.5921694288306,618.7398984397635,622.775146484375,37156000
2025-12-10,621.5795410824109,626.920080160108,618.7299643381673,625.3258666992188,55031400
2025-12-11,621.5496792982444,623.5025679748155,615.4718431258982,623.3032836914062,58272800
2025-12-12,619.8160122611713,621.2706598008424,609.1349951238292,611.3867797851562,75158700
2025-12-15,616.1195138735233,616.1693197420918,607.102462393675,608.3179931640625,49538200
2025-12-16,606.0462710202155,611.2771638485672,604.7011478051123,609.5235595703125,55152800
2025-12-17,610.8288396926666,611.4167192166101,598.0953825829183,598.224853515625,70654300
2025-12-18,607.5806797208244,610.6992932536183,604.7111563372118,606.8931884765625,78875800
2025-12-19,609.722906345813,615.3722541519244,609.6431804668954,614.8043212890625,60369800
2025-12-22,619.8862552767364,620.1855972768566,616.3147325600856,617.7513427734375,43703100
2025-12-23,616.7437078609482,620.9437513214359,616.3247143117193,620.6444702148438,41120400
2025-12-24,620.524833532521,622.8094781897531,620.2554500580117,622.4602661132812,18468700
2025-12-26,623.1884327551913,624.0464530908596,621.672054895625,622.4202880859375,28959800
2025-12-29,618.6392040742111,621.312944373981,617.2724362589381,619.4074096679688,32458300
2025-12-30,618.3798323976478,620.7142858196408,617.7612369489017,617.9707641601562,31226800
2025-12-31,618.1903012408169,618.4995685313527,612.6034567489972,612.8628540039062,40746500
2026-01-02,618.5993746796253,621.3827805917631,608.7127456204436,611.6757202148438,61859200
2026-01-05,617.8610636312775,619.3475438678657,615.2671519649484,616.5341796875,46828400
2026-01-06,617.7712838046286,622.550039153126,617.0829067758982,621.951416015625,43137500
2026-01-07,621.5723159557587,626.4607976434537,621.0934661514185,622.550048828125,44880300
2026-01-08,621.5623898130801,621.9514248328863,616.3446684463296,619.0083618164062,50435900
2026-01-09,619.946120817708,626.4108973206594,617.6016810573577,625.173828125,49688700
2026-01-12,620.8440291770474,627.368601054656,620.7941591397378,625.6925659179688,37388700
2026-01-13,625.7923733874012,627.9871421828441,622.2307758506613,624.7647705078125,44481400
2026-01-14,620.7741807448011,621.9813522711377,613.1122798122711,618.0905151367188,72598700
2026-01-15,625.1238996016858,628.5159146085045,619.2877047511574,620.3153076171875,53934900
2026-01-16,624.0265108868263,624.6051616315584,617.4221104790464,619.7965087890625,61058100
2026-01-20,609.0918377338978,613.611135001854,605.6199939698072,606.6276245117188,81988900
2026-01-21,608.0342310571399,618.958448118544,606.4280383777512,614.8282470703125,79837900
2026-01-22,620.8838887514372,620.9936758988773,616.3247080096578,619.2976684570312,42254800
2026-01-23,618.2701049354484,623.9267921630139,617.1926928942361,621.2530517578125,43645800
2026-01-26,621.7419335987944,626.1315320367429,620.654474506515,623.9866333007812,35983000
2026-01-27,627.428447510711,630.5510790290263,625.8621995501378,629.6432495117188,38997200
2026-01-28,633.9631070350727,635.1003753282191,630.3216807638972,631.7283325195312,50691700
2026-01-29,631.159712042883,632.1772678570734,616.8135816536253,627.947265625,79944000
2026-01-30,624.2360714484229,626.780052376051,617.8411370320566,620.4050903320312,65650700
2026-02-02,617.2425627681274,627.0094788951942,617.2026180242116,624.6650390625,49020300
2026-02-03,626.8199062679399,628.4959413976924,609.5207880738473,615.0676879882812,81234000
2026-02-04,613.5712416010163,613.6510093064408,599.0554677378625,604.3230590820312,81850700
2026-02-05,598.7961590682759,603.3852988890579,593.3589849842447,595.6236572265625,89354500
2026-02-06,598.7761302609774,609.9696699932801,597.3594924154261,608.2138671875,78019300
2026-02-09,606.1088060763491,615.0078372205985,603.6446538426547,612.8728637695312,56797600
2026-02-10,613.8605219833995,615.566515685603,609.5706636004911,610.029541015625,53938900
2026-02-11,614.9280269463444,616.0653561148772,606.2584951427149,611.6657104492188,58575100
2026-02-12,613.2619605146361,614.3593449076634,598.1576109292407,599.22509765625,81378900
2026-02-13,599.0155948438262,605.0513310342399,595.0150312237765,600.5020751953125,69237500
2026-02-17,596.9703796848319,602.527265543405,591.9422745141455,599.8834838867188,69013800
2026-02-18,600.691591343514,608.3335807359596,599.3048511606997,604.3629150390625,64250700
2026-02-19,601.3899824064425,604.3929016136949,599.3348375008546,602.0484008789062,60960800
2026-02-20,598.7063226521155,608.912204870808,597.818404566386,607.3758544921875,74127300
2026-02-23,605.1809875790976,606.5777139403463,597.6387991893799,599.9932250976562,63859100
2026-02-24,600.9809641013653,607.5554060860559,598.3172099190714,606.4380493164062,55023700
2026-02-25,609.6305248735758,615.3769659271486,609.5606824638733,615.227294921875,55710700
2026-02-26,614.1398874724765,614.1398874724765,602.5571907580546,607.8048095703125,96178900
2026-02-27,601.5595305738112,606.8869778398549,600.7714135107487,605.859375,68125200
2026-03-02,597.449233707877,608.4831769130049,596.5812880631398,606.6575317382812,75264600
2026-03-03,594.925270014521,602.5373012472795,590.4757543096065,600.1629028320312,97015500
2026-03-04,602.7367763187228,611.4362666076488,602.0085154373871,609.311279296875,70943900
2026-03-05,605.9691332548557,611.316491745462,600.8412272682934,607.4755249023438,89602400
2026-03-06,598.8958365654587,604.5724349663923,596.9205203720956,598.337158203125,86302300
2026-03-09,592.83015152989,607.8347607375977,589.9370196014203,606.3283081054688,93068200
2026-03-10,606.3483040570791,611.8452732023572,603.9938171455258,606.3383178710938,64078900
2026-03-11,607.5155254821397,610.9873082570145,603.6047767674571,606.2584838867188,60114800
2026-03-12,601.3401324342583,602.7168865412752,595.6435611395323,595.8530883789062,71836600
2026-03-13,598.3172021392496,602.1780807449821,591.1740956767717,592.3213500976562,63145500
2026-03-16,598.6264723831473,602.4374809704295,597.6986704778886,598.9656982421875,49077200
2026-03-17,601.7192114600242,604.4727195335382,600.4521836848432,601.8887939453125,47106600
2026-03-18,600.0730994941966,601.7391485345295,593.1594313501803,593.4986572265625,56128000
2026-03-19,588.1213056121308,594.3964663870662,585.6970372512312,591.623046875,75597600
2026-03-20,589.6676415345306,589.777367794347,577.177115328303,580.6888427734375,91964700
2026-03-23,589.8718065319924,594.426798587646,585.316814476339,587.3545532226562,89936100
2026-03-24,584.168034177979,587.2846043834495,581.291190762444,583.3389282226562,57750900
2026-03-25,588.4933019738706,590.7208345412774,585.0470769253521,587.1747436523438,60475500
2026-03-26,581.9604215239336,583.9882223389391,572.8005050402526,573.1600952148438,81492100
2026-03-27,570.1834096572744,570.3932010852176,560.953562318283,561.9624633789062,82702200
2026-03-30,566.7571613464482,567.4264087803426,554.990063621082,557.6671752929688,70602600
2026-03-31,563.6705222317372,578.0048059355398,563.5906539497258,576.54638671875,95878000
2026-04-01,580.8416686249938,587.0948065489223,579.7828346644924,583.6685791015625,79435100
2026-04-02,573.3399058573888,585.4066623334502,571.2921684003409,584.3378295898438,50941700
2026-04-06,585.5864761740653,589.9616731281693,584.04818857967,587.85400390625,35108500
2026-04-07,584.9971348275072,588.33343423744,577.7650922119919,587.9439086914062,49948200
2026-04-08,608.0418015962135,609.2304976949432,601.4590090396181,605.4246826171875,63086000
2026-04-09,605.2648690435934,609.8298599139192,602.3680889271087,609.5202026367188,37837500
2026-04-10,611.1684052317679,612.9963525292593,608.9108762966896,610.3992309570312,34038500
2026-04-13,608.8109292631304,626.0519920071752,607.4424380458482,616.7122802734375,32972100
2026-04-14,619.5391066149297,627.909912109375,619.4192432257902,627.909912109375,49921100
2026-04-15,628.389443361703,637.1298380333551,627.5104045058445,636.7003173828125,50102400
2026-04-16,638.508341093032,641.4750515662109,634.5626649382287,639.7669067382812,42320600
2026-04-17,644.8813252169399,649.2864572780229,643.3629742993419,648.1376953125,53488900
2026-04-20,647.3285838511964,648.0478251654257,641.8146849601577,646.0799560546875,37138500
2026-04-21,647.6981578004061,649.4862317832127,641.5050128476822,643.6226806640625,39580500
2026-04-22,649.4363527672372,654.6106593494021,647.8081371457112,654.390869140625,37368400
2026-04-23,652.8325617169355,656.1988574654163,644.8114082493845,650.7048950195312,40099800
2026-04-24,657.7871447947734,663.7805584259092,655.8093378063087,663.1512451171875,45563100
2026-04-27,662.6718094811696,663.7006471456002,659.9647623025988,663.5008544921875,32717000
2026-04-28,656.6883250827437,658.9159186391063,653.0923012400261,656.8281860351562,34147900
2026-04-29,657.906975030037,660.9935487523345,655.8692364466933,660.84375,31724900
2026-04-30,664.6195670718752,668.165718724101,656.8381407338443,667.0069580078125,40622200
2026-05-01,668.425399726581,675.2279215792395,668.0658095505829,673.4099731445312,39172600
2026-05-04,673.9193717407993,675.9871067346722,668.165745937857,672.141357421875,34542000
2026-05-05,677.2157986999623,682.0205161358222,676.7662804889583,680.8617553710938,37101100
2026-05-06,687.0250065058129,695.1660231170968,685.7263848294704,695.0062255859375,38778500
2026-05-07,695.8153383268437,700.4701959320079,691.0106209986512,694.1771240234375,43779100
2026-05-08,699.1516368844667,710.44921875,698.7321150158692,710.44921875,44320400
2026-05-11,709.5801817559162,713.805579696499,708.1317613118729,712.5069580078125,36019100
2026-05-12,707.4425277497028,709.4003981235137,695.8752835015275,706.463623046875,45873000
2026-05-13,709.1806902070881,715.8633489513101,704.0563165931343,713.9254760742188,40012500
2026-05-14,713.8355094170396,721.2374091114184,713.4359241362712,718.9998168945312,33327500
2026-05-15,709.3604881552494,714.3450008365951,704.7754998097428,708.1517944335938,51792700
2026-05-18,710.7588622671137,711.2883097073819,698.0827906816122,705.1051025390625,49834500
2026-05-19,699.0418050981273,705.714465040699,694.4868131207006,700.7599487304688,46827500
2026-05-20,704.5157692199168,712.3671875,703.0174157954351,712.3671875,36779200
2026-05-21,708.2116871156971,716.3327671783537,705.9941534147096,713.7256469726562,36415400
2026-05-22,717.2817668085307,721.3273088449104,715.1640988544713,716.7523193359375,33118600
2026-05-26,725.1631283460116,730.3673702569255,723.3650554496121,729.4783935546875,34254700
2026-05-27,732.155448805963,732.515039000156,724.6436840304248,728.6492919921875,35148700
2026-05-28,728.9289290608506,735.7913827320126,725.6125662306399,734.79248046875,32840000
2026-05-29,737.0300569298091,740.815874477768,734.4428732975097,737.49951171875,37541700
2026-06-01,736.2309273283665,744.8315224447946,735.1820921097265,741.9246826171875,33890600
2026-06-02,741.5850600741305,745.6206032443648,738.4184960219842,745.3408813476562,30085200
2026-06-03,746.4896389980919,747.828194840854,740.1965670083828,743.39306640625,40270200
2026-06-04,734.6726235372454,742.6838392688934,731.815777671541,739.7969970703125,40782600
2026-06-05,729.2585667367451,730.8867822650427,703.5468328396532,704.2860107421875,99606600
2026-06-08,717.0220156925686,722.2363170978037,712.2872288217055,715.283935546875,47401500
2026-06-09,722.1863106332692,724.863361278284,685.6165148330579,707.052978515625,91932200
2026-06-10,700.8897497708573,710.4992458337158,692.1693523412803,692.9285278320312,65334300
2026-06-11,698.5223198057862,717.5813914617661,694.2370511794155,716.332763671875,71798900
2026-06-12,716.8222099862159,723.2152086039907,710.4992028084189,720.5481567382812,51168400
2026-06-15,737.2897407963812,743.9424640540115,736.5705604269921,743.1832885742188,46710200
2026-06-16,741.4351902855873,743.4029984406948,728.8390476265988,729.0587768554688,45348700
2026-06-17,734.38293083454,734.8723831709506,720.058646070882,721.7168579101562,51669300
2026-06-18,736.390778085872,741.005701773832,731.7059239216511,739.8070068359375,50154600
2026-06-22,742.02001953125,745.4500122070312,734.3900146484375,737.9500122070312,43518600
2026-06-23,715.739990234375,723.6099853515625,712.1099853515625,713.6500244140625,53354200
2026-06-24,715.3699951171875,719.9299926757812,704.4500122070312,710.6199951171875,52480400
2026-06-25,725.9000244140625,726.8300170898438,705.2999877929688,716.3800048828125,49668000
2026-06-26,707.1300048828125,715.5599975585938,702.8099975585938,706.52001953125,47081800
2026-06-29,713.989990234375,724.5800170898438,705.1699829101562,724.0800170898438,44939100
2026-06-30,724.1799926757812,737.6199951171875,723.9099731445312,736.4000244140625,42121800
2026-07-01,729.1900024414062,731.9199829101562,724.5999755859375,725.1699829101562,40803800
2026-07-02,725.5800170898438,730.8300170898438,707.5599975585938,712.5999755859375,50959800
2026-07-06,719.9299926757812,726.0800170898438,718.4500122070312,722.8200073242188,30220400
2026-07-07,714.1699829101562,716.3499755859375,704.9000244140625,709.4299926757812,42483100
2026-07-08,704.9500122070312,712.260009765625,700.9099731445312,711.4400024414062,35603200
2026-07-09,718.3300170898438,724.22998046875,715.1300048828125,723.280029296875,33654700
2026-07-10,720.7000122070312,726.3900146484375,717.0,725.510009765625,26415900
2026-07-13,717.719970703125,718.739990234375,710.0800170898438,711.739990234375,36552400
2026-07-14,720.219970703125,722.2899780273438,714.3400268554688,719.6900024414062,29448100
2026-07-15,723.8499755859375,724.3599853515625,710.22998046875,717.739990234375,32627600
2026-07-16,712.010009765625,713.5999755859375,702.6099853515625,705.9400024414062,39402000
2026-07-17,691.6500244140625,702.2999877929688,686.760009765625,695.3300170898438,54109300
2026-07-20,702.1599731445312,705.7999877929688,695.510009765625,696.0599975585938,29687600
2026-07-21,706.5700073242188,710.0499877929688,702.7999877929688,708.969970703125,33728300
2026-07-22,703.6199951171875,709.6500244140625,703.6199951171875,705.3499755859375,23692200
2026-07-23,694.6699829101562,698.6599731445312,687.7899780273438,691.9600219726562,44028600
2026-07-24,690.4099731445312,692.6300048828125,682.47998046875,684.22998046875,42876700
2026-07-27,691.6799926757812,692.2999877929688,675.9500122070312,682.1199951171875,42681500
2026-07-28,676.22998046875,679.4000244140625,667.8800048828125,675.489990234375,51398700
2026-07-29,675.510009765625,680.0499877929688,661.1400146484375,661.72998046875,57233300
2026-07-30,674.760009765625,685.1199951171875,673.2999877929688,683.5499877929688,66753700
2026-07-31,692.1099853515625,695.77001953125,680.0499877929688,687.989990234375,50540500
2026-08-03,688.2999877929688,701.5900268554688,685.8200073242188,700.0700073242188,44965100
2026-08-04,708.1599731445312,725.6599731445312,707.530029296875,723.8499755859375,59778600
2026-08-05,726.25,728.5399780273438,716.9199829101562,717.2999877929688,33540200
2026-08-06,710.8200073242188,719.3200073242188,708.5,714.6500244140625,33035900
2026-08-07,720.1500244140625,723.6300048828125,716.510009765625,723.030029296875,31070400
2026-08-10,722.3900146484375,724.6699829101562,720.3300170898438,720.8699951171875,26243200
2026-08-11,723.2899780273438,723.3499755859375,715.5,718.4500122070312,29286100
2026-08-12,727.0800170898438,727.25,722.9199829101562,723.7000122070312,29066000
2026-08-13,725.1500244140625,733.9600219726562,724.030029296875,732.0700073242188,31599700
2026-08-14,733.4099731445312,734.3900146484375,728.3200073242188,731.0700073242188,23790600
2026-08-17,732.9500122070312,734.5800170898438,729.27001953125,729.8699951171875,26452600
2026-08-18,720.2100219726562,722.1300048828125,715.9199829101562,717.510009765625,48997200
2026-08-19,720.3900146484375,721.5,712.6099853515625,716.0800170898438,35801700
2026-08-20,712.0900268554688,714.9400024414062,708.52001953125,710.9299926757812,33396400
2026-08-21,715.22998046875,715.6699829101562,709.2000122070312,713.4400024414062,33399400
2026-08-24,709.6599731445312,709.7899780273438,702.7000122070312,706.3200073242188,37443100
2026-08-25,711.219970703125,714.0399780273438,707.4500122070312,710.719970703125,23869600
2026-08-26,708.4099731445312,713.02001953125,707.969970703125,711.3699951171875,20392400
2026-08-27,716.9299926757812,721.3499755859375,714.530029296875,721.1099853515625,28723500
2026-08-28,719.739990234375,724.1300048828125,715.0900268554688,716.4299926757812,34105400
2026-08-31,715.1699829101562,717.5800170898438,713.1599731445312,716.760009765625,32237200
2026-09-01,707.3900146484375,712.2999877929688,704.6599731445312,707.6400146484375,35236100
2026-09-02,707.0999755859375,709.7999877929688,705.0999755859375,709.239990234375,23476200
2026-09-03,710.8499755859375,718.9199829101562,709.6900024414062,717.6699829101562,29449800
2026-09-04,719.3499755859375,721.8599853515625,716.5599975585938,718.9600219726562,32871100
2026-09-08,720.9099731445312,721.8900146484375,715.5700073242188,718.3599853515625,28341400
2026-09-09,716.4000244140625,719.7000122070312,714.02001953125,716.3099975585938,26659200
