datetime,open,high,low,close,volume
2019-01-02,220.0487067791242,224.72736835312008,220.02187048062882,223.80593872070312,126925200
2019-01-03,222.06151737501295,222.36568485027112,217.9822360854176,218.46531677246094,144140700
2019-01-04,221.48898887122783,226.42707273146465,221.11326702808634,225.78297424316406,142628800
2019-01-07,226.05132962307513,228.96765431227632,225.15674999016903,227.56317138671875,103139100
2019-01-08,229.7460393250109,230.18437478348426,227.22331720395408,229.7012939453125,102512600
2019-01-09,230.40795353099523,231.61564162896792,229.18238366653358,230.7747344970703,95006600
2019-01-10,229.2450116148356,231.83928738611394,228.56512228014213,231.58880615234375,96823900
2019-01-11,230.51532876711232,231.70513525362898,229.93385732577602,231.6782989501953,73858100
2019-01-14,229.78173558745547,231.0699325784489,229.37919109052422,230.2648162841797,70908200
2019-01-15,230.64055347725395,233.2169474781809,230.6315989437874,232.90383911132812,85208300
2019-01-16,233.3331831885252,234.35301702855713,233.12744735442945,233.46739196777344,77636700
2019-01-17,232.5997294200896,236.09754011844694,232.55498404467215,235.2387237548828,96118400
2019-01-18,237.04565363899866,238.83481239672267,235.27437664070928,238.36961364746094,127900300
2019-01-22,236.9026423777357,237.1173328055578,233.53901340633362,235.1492462158203,115531200
2019-01-23,236.1779733228326,236.87574433178852,233.1811261470387,235.64122009277344,86030300
2019-01-24,235.46229517851125,236.3479475705065,234.4514158353714,235.76644897460938,59204100
2019-01-25,237.60932299896712,238.58443898655247,235.86490880279874,237.76141357421875,96883400
2019-01-28,235.62340130094339,236.01699132108016,234.19206807171742,235.9543914794922,85613700
2019-01-29,236.09746443338423,236.66102665952286,234.80926760140358,235.64122009277344,66136300
2019-01-30,237.15304223753876,240.21248898544735,236.3926441661389,239.37158203125,92473700
2019-01-31,239.30903974505677,241.95698818402894,239.0943220389077,241.47390747070312,104012100
2019-02-01,241.67073412788216,242.6100593238502,240.80299060610332,241.59022521972656,85782500
2019-02-04,241.63490857696522,243.35251360542537,240.9639738049802,243.28988647460938,60744800
2019-02-05,243.7193731285952,244.61395311297548,243.21841052137543,244.30979919433594,79552800
2019-02-06,244.0324162659288,244.52442420548215,243.25413625589732,243.9876708984375,58347800
2019-02-07,242.37745713067275,242.9231377133348,240.00682608227083,241.66180419921875,95482000
2019-02-08,240.41833753894525,242.05540667168086,239.59531205500326,241.95701599121094,75788900
2019-02-11,242.61004281578042,242.86945129093857,241.56337248015748,242.09117126464844,68021400
2019-02-12,243.7014429213756,245.58003867487145,243.62986124861985,245.20433044433594,72270200
2019-02-13,246.03626385603758,246.84138015886657,245.61581028783473,246.00047302246094,65277200
2019-02-14,244.91808059160886,246.58201337914272,244.1040096176557,245.454833984375,83234400
2019-02-15,247.22607377138476,248.1653989923437,247.02033787853892,248.12960815429688,97088700
2019-02-19,247.33337503112114,249.21197033101268,247.32442049908653,248.55894470214844,59120800
2019-02-20,248.5231223419569,249.5161197577168,248.02216001882726,249.05987548828125,76610800
2019-02-21,248.42472126334278,248.78254757905458,247.21703355996718,248.1742401123047,64214700
2019-02-22,248.79156931425143,249.90979403836442,248.1564253150696,249.7130126953125,78114600
2019-02-25,251.13533264063574,251.65417677932,249.97236281880927,250.05287170410156,69030700
2019-02-26,249.7040511002087,250.7506941241526,249.49828792864352,249.8740234375,56844100
2019-02-27,249.1584037628406,250.1156108841715,248.22806024904463,249.76673889160156,56921600
2019-02-28,249.5520102196407,249.99037295065955,248.97949325929966,249.30152893066406,69268300
2019-03-01,250.87599029042724,251.26960763195135,249.4267752150031,250.8581085205078,78880500
2019-03-04,251.91368898973167,252.1552157189455,247.6554802053009,249.9456024169922,106494600
2019-03-05,250.07089669638566,250.26770538513796,249.06001694508592,249.60569763183594,59114600
2019-03-06,249.72189143423049,249.73084596641513,247.77171444618895,248.09375,75039800
2019-03-07,247.6465319640461,247.7896680184655,245.1775101014412,246.01841735839844,94885100
2019-03-08,244.16664605202442,245.6963700742614,243.7014743208143,245.52639770507812,85795800
2019-03-11,246.2419896375439,249.24776399185794,246.21515334153762,249.0867462158203,65098900
2019-03-12,249.6413993075936,250.54493350601277,249.45354522192397,250.02606201171875,79667500
2019-03-13,250.91175053091055,252.61144667998187,250.7507054196275,251.6810760498047,80639200
2019-03-14,251.7078583448414,252.1283118499615,251.08166900343892,251.52000427246094,67518400
2019-03-15,252.07084468455997,253.57135794452324,251.88213571458323,252.7626953125,81309000
2019-03-18,252.9782784675199,253.97564986095543,252.753648482228,253.6791229248047,62199800
2019-03-19,254.73943697849396,255.5031571109372,252.85253932396947,253.7420654296875,90268100
2019-03-20,253.52636760024743,254.73038092507667,251.8730943443334,252.97825622558594,84609200
2019-03-21,252.1607035260337,256.239965190846,252.11576106694608,255.8356475830078,79550400
2019-03-22,254.47879175378065,254.99992119911443,250.84876389997274,250.9116668701172,122659300
2019-03-25,250.5703229974843,251.75637623870716,249.46516070418787,250.72308349609375,85575200
2019-03-26,252.47515272202335,253.54439382873687,251.19027556711794,252.5919647216797,68125900
2019-03-27,252.58291903886354,253.16697891758005,249.72563230261858,251.27108764648438,72224700
2019-03-28,251.9001024612373,252.67281654526613,250.74999788968225,252.2235565185547,56238500
2019-03-29,253.7331470879282,254.1374647488732,252.60999677308874,253.8140106201172,82186800
2019-04-01,255.80863958619787,257.1204710295328,255.539067150015,256.8239440917969,77617900
2019-04-02,257.01270157304134,257.1834225886773,256.1590964948618,256.9497985839844,40070400
2019-04-03,258.16284976811403,258.55820087935837,256.7521663675677,257.35418701171875,68243200
2019-04-04,257.67758476056383,258.2885718276397,256.9857341776094,258.0369873046875,48997500
2019-04-05,258.7020084774776,259.339950290705,258.4144753653563,259.2860412597656,58621700
2019-04-08,258.86363103444137,259.59143007888594,258.20770152867095,259.4836120605469,53566300
2019-04-09,258.52223568757904,258.84568980097356,257.60575494563386,258.1538391113281,66142300
2019-04-10,258.5671452624204,259.1242508136989,258.1538336527132,259.0343933105469,52601500
2019-04-11,259.5195108553922,259.52850482970075,258.39636089295544,258.9624328613281,55093100
2019-04-12,260.57083310063365,260.9931386511058,259.0074168766403,260.714599609375,69727800
2019-04-15,260.78647484201645,260.8853263154702,259.74418819639936,260.54388427734375,49596700
2019-04-16,261.4244381773299,261.47834719052565,260.12157304356356,260.714599609375,52153200
2019-04-17,261.82872721774316,261.855681721401,259.6632906883781,260.0766296386719,58268300
2019-04-18,260.66070312049783,260.858378651933,259.36683190031505,260.58880615234375,68708500
2019-04-22,259.8250957710666,260.96620654252615,259.73523826780877,260.8134460449219,40160100
2019-04-23,261.1817838739017,263.39216279015545,260.94818732275957,263.1585388183594,52246600
2019-04-24,263.0777235358863,263.410171605521,262.43078792825753,262.5745544433594,50392900
2019-04-25,262.47565322395,263.06867970360906,261.2267247054764,262.4127502441406,57770900
2019-04-26,262.45770657786915,263.7066351624023,261.6849650923547,263.634765625,50916400
2019-04-29,263.72461115092415,264.56922213553327,263.6347536677554,264.0480651855469,57197700
2019-04-30,263.70673817515996,264.4704859840991,262.29608201493033,264.1829528808594,81111700
2019-05-01,264.8119327556899,265.01860231863884,262.18824112882993,262.1972351074219,71671900
2019-05-02,262.08027190269394,262.99677972910905,260.1394656722656,261.6310119628906,65030200
2019-05-03,263.1047231539981,264.4704641506386,261.7389547366939,264.1919250488281,56543700
2019-05-06,259.896981941665,263.54497195780687,259.5824943704813,263.1047058105469,107198100
2019-05-07,260.70562286447625,261.29864946948265,256.806048601852,258.7109069824219,144729900
2019-05-08,258.3514709472656,260.0586535717971,257.7584444190409,258.3514709472656,91568300
2019-05-09,256.28494681196247,258.17181744485043,254.55078184893665,257.56982421875,103471100
2019-05-10,256.6353379863347,259.6184316644171,253.65224430825242,258.8636779785156,112429300
2019-05-13,253.76000792849115,254.7214034034117,251.52267468114528,252.35829162597656,127290500
2019-05-14,253.3737233815152,256.16813569340195,253.24794480185466,254.64064025878906,77003200
2019-05-15,253.01433551780383,256.7701439026409,252.8076659712132,256.1322021484375,73956400
2019-05-16,256.83291966966533,259.86092728339565,256.7610501442226,258.5041809082031,76749600
2019-05-17,256.20396880337756,259.3128398746993,256.1859808567677,256.8329162597656,100353000
2019-05-20,255.2336049280397,256.94078755040437,254.3889938816998,255.13478088378906,62877600
2019-05-21,256.82398306292055,257.8123606375981,256.57239853669876,257.43499755859375,46847100
2019-05-22,256.48259057914987,257.59674680267347,256.16810303909295,256.6443176269531,49482500
2019-05-23,254.42502580819826,254.46994085746962,252.0978613902415,253.508544921875,98733800
2019-05-24,254.9460676553149,255.35940661704134,253.46351507181586,254.08349609375,55268100
2019-05-28,254.3621108854613,255.314540218978,251.70249844964093,251.720458984375,70029400
2019-05-29,250.60630089681214,251.01061858059722,248.62954526276232,250.03123474121094,104972900
2019-05-30,250.78588930608086,251.6215336966896,249.61782434295864,250.71401977539062,62523800
2019-05-31,248.17135345683715,248.9979768959393,247.3087541021209,247.33570861816406,86862800
2019-06-03,247.37156112390167,248.48571724890928,245.37684544872747,246.7066650390625,96428000
2019-06-04,248.99791717121533,252.1966469375377,248.54865706447725,252.06187438964844,77231900
2019-06-05,253.67916720875505,254.2721937639268,251.87316045778283,254.2452392578125,71169700
2019-06-06,254.54178226538465,256.5724191686605,253.89484665726926,255.89852905273438,69430400
2019-06-07,256.9138642871934,259.53755523499956,256.74314326213107,258.4593200683594,74272200
2019-06-10,260.0047272218072,261.3075921861058,259.5554672231737,259.64532470703125,60799100
2019-06-11,261.46036226590786,261.8287588074491,258.93552290959707,259.58245849609375,58641300
2019-06-12,259.3488365521413,259.9059145875843,258.6120435410981,259.12420654296875,47096300
2019-06-13,260.0317238829631,260.55288092143763,259.3308792682955,260.1934509277344,48945200
2019-06-14,259.90594482421875,260.50793796326803,259.1421972200491,259.90594482421875,52324700
2019-06-17,260.13953327502185,260.7685083224592,259.83403972704474,260.0047607421875,39205700
2019-06-18,261.81980818690425,263.778575596661,261.4603781786856,262.727294921875,85434800
2019-06-19,262.8619975207617,263.8503749390502,261.8916080504937,263.32025146484375,78674400
2019-06-20,265.9979361214567,266.2405267117123,263.38323896605675,265.836181640625,116570000
2019-06-21,265.5671176917623,266.82212083031214,265.2330527028107,265.4497375488281,83309500
2019-06-24,265.6574579000981,265.9734475035229,264.9712523643733,265.124755859375,47582700
2019-06-25,265.17891396740316,265.2059995764725,262.41607162622273,262.5244140625,82028700
2019-06-26,263.4182718416797,263.92388825683076,262.154230803802,262.2625732421875,51584900
2019-06-27,263.0208620398815,263.698029484127,262.6416637013518,263.1924133300781,40355200
2019-06-28,264.1676793995476,265.04348425035056,263.65305277697564,264.5469055175781,59350900
2019-07-01,267.8695161656501,268.08622859750477,265.74771822350516,266.9485778808594,78705600
2019-07-02,266.9033003429931,267.697847953627,266.0636192538525,267.6436767578125,61504500
2019-07-03,268.3208916824014,269.80164477374774,268.1764259500246,269.7835693359375,40898900
2019-07-05,268.5556853748782,269.63916472557844,267.2645588956779,269.47662353515625,51677300
2019-07-08,268.1673398607197,269.2959522434822,267.45404911969007,267.99578857421875,45841800
2019-07-09,266.8401319541879,268.6278366109929,266.7859607557403,268.32989501953125,41101300
2019-07-10,269.39537569112645,270.56011189882554,268.8626737180611,269.612060546875,58448500
2019-07-11,270.2530867910683,270.48781949375126,269.2418542299152,270.2440490722656,50826100
2019-07-12,270.7316782304043,271.526226150782,270.42469881644513,271.4539794921875,40326000
2019-07-15,271.8873226456437,271.8873226456437,271.03860367732375,271.5442199707031,33900000
2019-07-16,271.45396719521267,271.66164188673037,270.3614776311971,270.66845703125,36650100
2019-07-17,270.64132560824015,270.8038392241641,268.8265075683594,268.8265075683594,36036300
2019-07-18,268.32997368121545,270.1899255172124,267.88756624619475,269.8106994628906,51392600
2019-07-19,270.90314927048956,270.93023487092404,268.14030781010166,268.3118591308594,58678600
2019-07-22,268.70916240503885,269.51274797837686,268.1945358876464,268.97100830078125,43638100
2019-07-23,270.090607031503,270.8941650390625,269.259935864137,270.8941650390625,44564500
2019-07-24,270.1356727072155,272.16717529296875,270.0453781926008,272.16717529296875,47213200
2019-07-25,271.7157538258222,271.76992502848304,270.0634494826073,270.8670349121094,55394100
2019-07-26,271.55327198811625,272.88052171662747,271.4268541311043,272.681884765625,45084100
2019-07-29,272.5645287849981,272.68190893290586,271.6345528760698,272.185302734375,38126500
2019-07-30,270.7857815620586,271.92343194048675,270.40655558457587,271.5171203613281,45849000
2019-07-31,271.7609178303265,271.9505446149553,266.5332033083149,268.546630859375,104245200
2019-08-01,268.70017713336995,271.6526186964665,265.4136429910856,266.20819091796875,142646600
2019-08-02,265.31426961081803,265.55804002591907,262.6507327117384,264.2037048339844,116749700
2019-08-05,260.1136939331715,260.22203637331984,254.36228645172406,256.25836181640625,178745400
2019-08-06,258.1453886890081,260.0685495834864,256.67367297899784,259.8518371582031,120711700
2019-08-07,256.7819852077057,260.7727722927134,254.6511774136103,260.00531005859375,140572300
2019-08-08,261.49509755220527,265.1066589355469,260.9443476671785,265.1066589355469,87713900
2019-08-09,264.1675785656176,264.76348934990085,261.5221171331934,263.3008117675781,93730000
2019-08-12,261.8019984508938,263.29176156394834,259.14749942587946,260.0955505371094,65527600
2019-08-13,259.79766353479624,265.5851940525705,259.4545607891331,264.14056396484375,94299800
2019-08-14,260.09556938065884,260.70049034452813,256.20411507951735,256.33050537109375,135622100
2019-08-15,257.215365095548,257.9015704661981,254.96717731036955,257.0076904296875,99556600
2019-08-16,258.6600201444486,261.23323542718947,257.06188669690755,260.79986572265625,83018300
2019-08-19,263.81556523033254,264.6191234101706,263.1383973865682,263.94195556640625,53571800
2019-08-20,263.43628262555785,263.9689845752752,261.7930432847781,261.91943359375,51596400
2019-08-21,264.07737857699556,264.4204537634302,263.3911730960728,264.05029296875,49524700
2019-08-22,264.7544706280108,265.38647715768724,262.1992762467483,263.96893310546875,51666400
2019-08-23,262.66878155669343,264.33009591746213,255.9422397627942,257.188232421875,149161500
2019-08-26,259.37328982123614,260.03240966796875,257.84740299073746,260.03240966796875,72423800
2019-08-27,261.42284451272855,261.7930328129497,258.253690992949,259.0121154785156,66668900
2019-08-28,258.3530803749549,260.99854271685837,257.54949466784865,260.8360290527344,59696700
2019-08-29,263.39109976527214,264.6912637071327,262.3888774311626,264.1675720214844,57899400
2019-08-30,265.6483989632906,265.6664468507787,263.12031701361735,264.05029296875,62901200
2019-09-03,262.35281071811187,263.26471107882736,261.1790369315544,262.50628662109375,69101400
2019-09-04,264.6732441815311,265.50388772814705,263.9238298917129,265.48583984375,46887300
2019-09-05,267.9688277765969,269.81070420416734,265.44975604997495,268.8988037109375,83258100
2019-09-06,269.21484582472306,269.7475478604389,268.5376780168426,269.1064758300781,49584300
2019-09-09,270.0906013596085,270.18086834097136,268.3028687534425,269.24188232421875,51260300
2019-09-10,268.48337640040836,269.24182830225595,267.22837353862485,269.1786193847656,57947100
2019-09-11,269.48563003768334,271.17403024628595,268.8355480133743,271.0927734375,68821100
2019-09-12,271.99558445227234,273.0880735244922,271.2371602369617,272.0317077636719,72908700
2019-09-13,272.47419270681183,272.82633309685326,271.4810080151809,271.8511962890625,62104800
2019-09-16,270.72260415700487,271.89637799232213,270.3704912942259,271.01153564453125,58191200
2019-09-17,270.8128810983628,271.78799036288956,270.6413297609149,271.6977233886719,41475500
2019-09-18,271.30948262871954,271.9686024312111,269.27797956454594,271.8602600097656,73375800
2019-09-19,272.24853581465317,273.2417207457767,271.5081590883585,271.84222412109375,76560500
2019-09-20,272.44444179650503,272.7256557739762,269.7686322549902,270.5577697753906,89565000
2019-09-23,269.89556952748023,271.2108170035137,269.64159394991134,270.4942321777344,43476800
2019-09-24,271.58288794927756,271.9729171776179,267.41040564442136,268.37188720703125,94869400
2019-09-25,268.4533536576858,270.40352627736024,266.97484206860895,269.9590759277344,71854000
2019-09-26,269.9682111328825,270.17681716965757,267.99082742388725,269.3967590332031,56179700
2019-09-27,270.1496138053091,270.2584842358922,266.394400547626,267.9454650878906,84746600
2019-09-30,268.4624431933133,269.89558524708093,268.4171012837451,269.1880798339844,51662400
2019-10-01,270.06794415591315,270.72102824217234,265.76849006877796,265.9861755371094,88242400
2019-10-02,264.4079159140389,264.4169953695027,259.9996188362365,261.2876281738281,122539500
2019-10-03,261.0609342690708,263.455585936669,258.3488337490657,263.4283752441406,85278800
2019-10-04,264.081418140647,267.2470481606347,264.02696908285304,266.9930725097656,65091200
2019-10-07,266.19483104942367,267.81847578384463,265.55987813972894,265.841064453125,59610500
2019-10-08,263.9905953101192,264.7253112646781,261.6775770580287,261.7138671875,95708100
2019-10-09,263.72764914999317,265.13358083305707,263.1017756443016,264.1993103027344,62359400
2019-10-10,264.1176347838915,266.86602454663546,263.954370682643,265.9861755371094,55296300
2019-10-11,268.73454237201105,270.97498072998906,268.6166478742334,268.7436218261719,98720400
2019-10-14,268.42617702704035,269.09742004492904,268.0996488139588,268.4443359375,40394800
2019-10-15,269.4874550292948,271.8458158960156,269.36953283376874,271.1020202636719,46754500
2019-10-16,270.63941529110076,271.3560002499491,270.23125500917473,270.6666259765625,48928200
2019-10-17,271.82757044249564,272.33552152206926,270.77537815444816,271.4647521972656,45736600
2019-10-18,270.92960372131955,271.57360821426397,269.42388163261506,270.2765197753906,64304000
2019-10-21,271.59188362078226,272.3084410011963,271.15648490964367,272.10888671875,39048600
2019-10-22,272.64394157592534,272.93420726927076,271.12916766106264,271.2198791503906,48594700
2019-10-23,270.9659810160959,272.0635156111766,270.7573472991516,272.00909423828125,34352200
2019-10-24,272.9433722970273,273.08850518920275,271.62812449255955,272.45355224609375,35453100
2019-10-25,271.8820987429654,274.1134858073228,271.82767736883653,273.5692443847656,45205400
2019-10-28,274.7847388004007,275.6101666626339,274.75752810961376,275.11126708984375,42147000
2019-10-29,274.8390967416614,275.9547901689378,274.7120950931229,275.0295715332031,44284900
2019-10-30,275.22913658461215,276.24503908773704,273.9229683145181,275.8731689453125,49643900
2019-10-31,275.8640309626855,275.8640309626855,273.6870935348078,275.13836669921875,69053800
2019-11-01,276.5806723698209,277.73262829214644,276.41738057633785,277.6872863769531,71141500
2019-11-04,279.2383466387265,279.37440006354313,278.4310501827038,278.8029479980469,60606900
2019-11-05,279.0023968490515,279.3017419518305,278.2041801499822,278.49444580078125,42933200
2019-11-06,278.4945741205653,278.8301818233875,277.6147249920431,278.5580749511719,46487100
2019-11-07,279.89148638265715,280.8710989172841,279.06605853304166,279.5377197265625,54272300
2019-11-08,279.19295893958304,280.28144163006976,278.49453294996727,280.2270202636719,49032100
2019-11-11,278.84827471069235,279.86417703477946,278.7121936255367,279.69183349609375,35797300
2019-11-12,280.05475967061557,281.17950515104246,279.5105181641509,280.2815246582031,46484600
2019-11-13,279.29278899604503,280.77130091310977,279.0660240438884,280.3721923828125,53917700
2019-11-14,280.090987886083,280.8619942096514,279.45603498872856,280.78033447265625,51219900
2019-11-15,282.1137105902836,282.8575062211695,281.4243640106054,282.8121643066406,62023600
2019-11-18,282.57633203669667,283.2566268714091,282.1228021468884,283.0207824707031,49228000
2019-11-19,283.61953455087144,283.62861400953216,282.29523460640115,282.9392395019531,67804700
2019-11-20,282.3495416770167,282.86657234836355,280.3358680402715,281.8869323730469,79406200
2019-11-21,281.9958415043259,282.10468425402297,280.6352517705745,281.4334411621094,54664700
2019-11-22,282.1772178522817,282.31327128023827,281.05247260615073,282.0592956542969,44850200
2019-11-25,282.984501675249,284.24530029296875,282.984501675249,284.24530029296875,48647200
2019-11-26,284.2815982160428,285.07073576578375,283.9641217688007,284.8893127441406,37569000
2019-11-27,285.37013629728915,286.1593017578125,285.1524507530205,286.1593017578125,44444600
2019-11-29,285.59683323960326,285.84175709981287,284.87119647744976,285.09796142578125,36592700
2019-12-02,285.3518958206147,285.4153966404745,282.24976727728045,282.67608642578125,75767800
2019-12-03,279.9639862341054,280.8619942096514,278.5852653796921,280.78033447265625,73941700
2019-12-04,281.82344036418806,283.11144954756696,281.47875327303325,282.5127868652344,49080000
2019-12-05,283.2112849549353,283.2294161852713,281.71461417355385,283.0207824707031,40709000
2019-12-06,284.92572297042517,286.00512673721744,284.9166435111364,285.60601806640625,48927000
2019-12-09,285.21586750080536,285.88708285190785,284.63533597889335,284.7079162597656,34838500
2019-12-10,284.6535275182076,285.31566348978197,283.73738821573176,284.3904724121094,52649800
2019-12-11,284.84398729797243,285.4517295424743,284.30882533883084,285.19775390625,53429100
2019-12-12,285.20687172961357,288.43600314424464,284.97105495075266,287.65594482421875,96389600
2019-12-13,287.4200895270887,289.05281408902283,286.64908301294815,287.8282775878906,81503900
2019-12-16,289.55159690245364,290.3951557751756,287.76468819631657,289.8055725097656,82749700
2019-12-17,290.18661712815833,290.4859347171941,289.787508555263,289.869140625,61097700
2019-12-18,290.25913538779594,290.4859003373177,289.8328161754444,289.8872375488281,48133000
2019-12-19,290.07769870351285,291.1480502526444,289.8237230792523,291.0754699707031,85310500
2019-12-20,292.1054650052227,293.48186803995895,291.13016050237536,292.3515930175781,147142100
2019-12-23,293.13553655427705,293.1902254958816,292.6524323585263,292.79827880859375,52990000
2019-12-24,293.0261593313642,293.0717241770153,292.5065865675843,292.8074035644531,20270000
2019-12-26,293.1901906102919,294.3751824445798,293.1810943326841,294.3660583496094,30911200
2019-12-27,295.0952628094436,295.149951744562,293.7644523592922,294.2931213378906,42528800
2019-12-30,294.3752190438764,294.5119413986182,292.1875500985432,292.670654296875,49729100
2019-12-31,292.1692833540794,293.6277198137139,291.82290156546304,293.381591796875,57077300
2020-01-02,294.91293581934144,296.1434923281095,293.99229250686125,296.125244140625,59151200
2020-01-03,292.74356586892327,295.0041439336054,292.688876931802,293.8829650878906,77709700
2020-01-06,292.1328420420894,295.0861837981025,292.01434006994486,295.004150390625,55653900
2020-01-07,294.43897268463854,294.9129805533922,293.7279886988713,294.1746520996094,40496400
2020-01-08,294.36599829671496,296.95470936020075,294.1198981389834,295.7424011230469,68296000
2020-01-09,297.3011671355,297.8207398631898,296.7177813744384,297.747802734375,48473300
2020-01-10,298.33120751452185,298.48615024274386,296.4261352089056,296.8909912109375,53029300
2020-01-13,297.5108322451486,298.9418965712198,297.0824170116794,298.93280029296875,47086800
2020-01-14,298.4952101168568,299.5434516916106,297.9209485381816,298.47698974609375,62832800
2020-01-15,298.3859077842946,299.9081297404282,298.30387436905687,299.1515808105469,72056600
2020-01-16,300.5278990481638,301.63995361328125,300.30001924233943,301.63995361328125,54050300
2020-01-17,302.3510385750234,302.78855014536276,301.5762414127228,302.57891845703125,95846000
2020-01-21,301.6217259743135,302.78846954692693,301.5488166711206,301.986328125,77742400
2020-01-22,302.8432196250379,303.4904184768439,301.8679149339362,302.0228576660156,48914900
2020-01-23,301.37567931823935,302.77942705597485,300.2636244798141,302.3692321777344,51963000
2020-01-24,303.02546369041266,303.1074970853696,298.3949302922052,299.68017578125,87578400
2020-01-27,294.44811064824233,296.35318285602233,294.1108529210448,294.87652587890625,84062500
2020-01-28,296.298487210109,298.84163406721996,294.9676767051918,297.9665832519531,63834000
2020-01-29,299.32471133178075,299.55259115613137,297.5198931086739,297.7204284667969,53888900
2020-01-30,295.66048530013137,298.8963965836487,294.9130603663084,298.6867370605469,75491800
2020-01-31,298.0667573540076,298.2217278467031,292.35154238779836,293.2630615234375,113845600
2020-02-03,294.7398209430448,297.3011883827756,294.62131896327486,295.4416809082031,69083000
2020-02-04,299.0422151737549,300.8105652654087,298.72317777873883,299.9446105957031,62573200
2020-02-05,302.87059303020703,303.618045742721,301.4121839936726,303.40838623046875,65951100
2020-02-06,304.3655082418857,304.62073261322274,303.35370703658424,304.4293212890625,50359700
2020-02-07,303.37183913632214,304.4383010658972,302.2597845544811,302.80670166015625,64139400
2020-02-10,301.9225963763189,305.1311348147873,301.88612780958465,305.06732177734375,42070000
2020-02-11,306.41633961218275,307.2002328793031,305.0672809970112,305.5959777832031,54864500
2020-02-12,307.02702899526753,307.77448148627434,306.6624268441835,307.5648498535156,43992700
2020-02-13,306.1428600443528,308.20290257264736,305.8694153801374,307.2366943359375,54501900
2020-02-14,307.64687895696886,307.84741430987003,306.4527909338537,307.7289123535156,64582200
2020-02-18,306.7353777212436,307.79274347896046,305.550385905375,306.9359130859375,57226200
2020-02-19,307.9021788213364,309.07801894449966,307.61961000252654,308.40350341796875,48814700
2020-02-20,307.85655491074664,308.67694462905206,304.1557883522253,307.136474609375,74163400
2020-02-21,305.78739481387316,306.09730805211063,303.1530905628107,303.9734802246094,113788200
2020-02-24,294.5483543223174,304.0463696689848,292.8164454315438,293.8920593261719,161088400
2020-02-25,295.27757219253857,295.8882745622072,284.1114604678439,284.98651123046875,218913200
2020-02-26,286.38112799579915,289.9633921811157,283.2090586238566,283.9382629394531,194773800
2020-02-27,278.43272007694435,283.99299421889395,271.1861572265625,271.1861572265625,284353500
2020-02-28,263.15566832306206,271.5325340386913,260.27526361074985,270.0467529296875,384975800
2020-03-02,271.82421045255126,281.80535966924487,268.40601247661044,281.7415466308594,238703600
2020-03-03,282.1152386233994,286.0712292614889,271.2408194618374,273.674560546875,300139100
2020-03-04,279.03437582366234,285.39679265326794,276.4912283478598,285.1780090332031,176613400
2020-03-05,277.99525887539363,281.1764533921752,273.46500533027745,275.6982116699219,186366800
2020-03-06,267.2118271902237,272.34368433894815,264.5502069103932,271.1404724121094,228667200
2020-03-09,250.94124687205388,259.04466663052983,249.2549584564978,249.9659423828125,309417300
2020-03-10,259.4548189035631,262.99148976667317,249.3004824278456,262.9003601074219,276444100
2020-03-11,255.8634682272535,256.9937432117131,246.9123423892593,250.08441162109375,255316300
2020-03-12,233.3489770719644,243.06577765843556,225.76512864095778,226.15708923339844,392220700
2020-03-13,239.8116265596918,247.45928738947632,226.53079663529957,245.4904022216797,329566100
2020-03-16,219.84022288446778,234.16930770515287,216.3582263151674,218.62791442871094,297240000
2020-03-17,223.35872879137676,233.50395903282416,216.09393128193696,230.43212890625,262070500
2020-03-18,215.34645080566406,226.39406110097966,207.8446502974257,218.7646484375,327597100
2020-03-19,218.08099810602204,225.49165465544974,211.6730183757266,219.22950744628906,289322000
2020-03-20,222.37076338943308,224.149511692918,209.50694631687315,209.78201293945312,347158800
2020-03-23,209.22271174158334,210.58885308857097,200.1180920586079,204.4182586669922,326025200
2020-03-24,214.9348708645978,223.81027088011052,214.36641010403872,222.93922424316406,235494500
2020-03-25,224.5162352253458,235.04201992086357,219.82181757105965,226.27664184570312,299430300
2020-03-26,228.77974835482536,240.9558914934752,228.34881392408727,239.48890686035156,257632800
2020-03-27,232.21806449765097,239.13132946268587,230.1825909794387,232.3555908203125,224341200
2020-03-30,234.44602980585432,240.61662346155654,232.45640344110245,239.90145874023438,171369500
2020-03-31,238.90208181788717,241.4418275508448,234.92282878626662,236.32565307617188,194881100
2020-04-01,227.3677561407306,236.2431562593995,223.62688640381754,225.6898651123047,189554600
2020-04-02,224.80964222485147,231.67705936295383,224.25950903784965,230.89772033691406,177660400
2020-04-03,229.91666012342145,232.26388300481995,224.83715469449982,227.56028747558594,135561200
2020-04-06,236.40818218401068,244.80680088287363,227.54196002564834,242.84466552734375,188061200
2020-04-07,251.4174604431951,252.16930817093797,242.8721667882083,243.0922088623047,201427200
2020-04-08,245.68700700539043,253.05872554058368,243.202271556666,251.25247192382812,153774500
2020-04-09,254.50739317768844,257.8265203918572,252.5727909100661,255.0758819580078,189999200
2020-04-13,254.1039089820408,254.44314980116567,248.85018121565156,252.74691772460938,114839100
2020-04-14,257.6248038351175,261.2189556921162,252.60947200950213,260.20123291015625,134143400
2020-04-15,254.49821499657006,260.3387321420968,252.5635849639978,254.67242431640625,121775000
2020-04-16,255.9468642691427,256.7537225719264,252.83865783107498,255.90103149414062,131798300
2020-04-17,261.659114795478,263.4195080259015,258.92680340917883,262.81439208984375,146684800
2020-04-20,259.1192277447229,262.95180422099605,257.9639789331066,258.18402099609375,100109300
2020-04-21,253.72798241574282,254.92909188820968,249.4094613850949,250.34469604492188,126385700
2020-04-22,255.21337198348687,257.6430966582761,253.89306348455668,255.90103149414062,92951600
2020-04-23,257.17549374033564,260.33873886010645,255.58013253954968,255.8826904296875,104709700
2020-04-24,257.39560066112443,260.11873398584896,255.3509492350438,259.44940185546875,85063200
2020-04-27,261.4206455682229,264.3088100325091,260.9622058760842,263.1902160644531,77896600
2020-04-28,266.8302216256885,267.1786402598977,261.67736409264813,261.9799499511719,105270000
2020-04-29,267.29778446877594,270.369335297768,266.27088427087654,268.838134765625,118745600
2020-04-30,267.462857175173,268.9390474225819,264.60219818898923,266.3351135253906,122901700
2020-05-01,261.5947967015309,266.5001059124838,258.1198167734185,259.2842712402344,125180000
2020-05-04,257.4046063601868,260.3019474125354,255.92844457319435,259.9993896484375,80873200
2020-05-05,262.81430977989436,265.20735144767355,260.1278320243504,262.4017028808594,79569900
2020-05-06,264.09790497007816,264.48297858278846,260.19199044127004,260.6229248046875,73632600
2020-05-07,263.8319800050877,265.6932435927499,263.26351939914133,263.7677917480469,75250400
2020-05-08,266.89443979354115,268.5998501465137,265.76666797978606,268.1322326660156,76452400
2020-05-11,266.20676247386785,269.56254444611375,265.7850057832069,268.1872253417969,79514200
2020-05-12,269.36994163003214,269.78252047171196,262.70421209592996,262.8417663574219,95870800
2020-05-13,262.2825114779081,263.31858964743844,255.7726623265701,258.1932373046875,144721100
2020-05-14,255.76347804149395,261.41142959963264,250.29885756390482,261.2830810546875,121977900
2020-05-15,258.899311054319,262.53014675651616,257.9549261021003,262.48431396484375,111146300
2020-05-18,268.6914747602291,272.08393945209053,268.3705893815132,270.4794006347656,119703800
2020-05-19,269.88340997902395,271.58879193513707,267.6829053984864,267.70123291015625,95189300
2020-05-20,271.2312094120459,273.1108005640989,271.0019896139452,272.2489318847656,85861700
2020-05-21,272.1206276660374,272.92748596370774,269.278296110494,270.369384765625,78293900
2020-05-22,270.08513201578137,271.05702179895974,268.8473394108852,270.8828125,63958200
2020-05-26,276.833326122004,277.07172366444183,270.90111666487996,274.22021484375,88951400
2020-05-27,277.007581296367,278.3370675296901,272.19396476879547,278.3003845214844,104817400
2020-05-28,279.3272461114309,281.33521382254526,277.11756385460404,277.7868957519531,90405200
2020-05-29,277.3193091660714,279.61150744849493,274.5778489741923,279.02471923828125,119090800
2020-06-01,278.3828651183529,280.75757894742645,277.8694149921172,280.1524353027344,55758300
2020-06-02,281.06928299945145,282.51796767814466,279.7398250642185,282.47210693359375,74267200
2020-06-03,284.45254514398107,287.1848547633105,284.17749262364794,286.2312927246094,92567600
2020-06-04,285.2502723891811,286.98318749531984,283.3890087460685,285.4794921875,75794400
2020-06-05,290.86163222663976,294.56580447547407,290.79744395981476,292.7962341308594,150524700
2020-06-08,293.60304767799335,296.5278944562294,293.06209232772414,296.3353576660156,73641200
2020-06-09,293.67650345846687,296.4088145420949,292.81463445829365,294.12579345703125,77479200
2020-06-10,294.7033265416414,295.59270049020836,291.769301891686,292.4844665527344,95000800
2020-06-11,285.57125517345406,286.2039042091924,275.07300264511355,275.62310791015625,209243600
2020-06-12,282.61891221793167,283.3890875968667,273.78020888553783,278.92388916015625,194678900
2020-06-15,273.24847071892265,282.65566513999767,272.07486585395196,281.52789306640625,135782700
2020-06-16,289.25717919909346,289.403883289215,282.0963519368916,286.9466247558594,137627500
2020-06-17,287.96429064170104,288.25769873534205,285.0210879201945,285.7546081542969,83398900
2020-06-18,284.2417880969982,286.3414217497539,283.7833484028866,285.8646545410156,80828700
2020-06-19,289.323611161699,289.5169952642536,282.2878135586834,284.23095703125,135549600
2020-06-22,283.6322522922705,286.4502464708875,282.49032809295295,286.05426025390625,74649400
2020-06-23,288.69733429029844,289.6274664668477,286.96601139314646,287.3712158203125,68471200
2020-06-24,285.3359343924869,285.952959017189,278.2080704245772,280.0406799316406,132813500
2020-06-25,279.46981736237365,283.3100417218154,277.45301313177083,283.04296875,89468000
2020-06-26,281.94711324330086,282.15893364058905,275.7401601235611,276.3203125,127961000
2020-06-29,277.5726630447487,280.5195706737061,275.2887864464556,280.3814392089844,79773300
2020-06-30,279.9486629348006,285.667559621828,279.7921232790596,283.9730529785156,113394800
2020-07-01,285.08742860608777,287.22395639224413,284.62697148514405,285.9622802734375,72396500
2020-07-02,289.38803604130976,290.7325908541107,286.8739585501112,287.5370178222656,69344200
2020-07-06,291.3495847273951,292.5559799310515,290.6036465664798,291.9757995605469,61713800
2020-07-07,290.43791531370204,292.408657022588,288.5868688394488,288.9644470214844,82910000
2020-07-08,289.728779659392,291.2851267804882,287.9698584105039,291.17462158203125,54638600
2020-07-09,291.78247001320926,292.0219167134949,286.10963481375455,289.51702880859375,83354200
2020-07-10,289.45251680342045,292.74018697945144,288.02511114921197,292.4731140136719,57550400
2020-07-13,294.8122566026346,297.18820278628755,289.2867716039281,289.94061279296875,102997500
2020-07-14,288.5223761645233,294.47150148289853,287.3251990766644,293.69793701171875,93657000
2020-07-15,296.9118887955538,297.49206911744704,294.0202053194717,296.39617919921875,87196500
2020-07-16,294.49906899438264,295.8712217355854,293.8544180117162,295.41998291015625,54622500
2020-07-17,296.4238694209868,297.0593024720893,294.45309952821765,296.2765197753906,62774900
2020-07-20,296.0094126786261,299.4168060932532,295.2634745052949,298.6708679199219,56308800
2020-07-21,300.6323928502155,301.07441359288947,298.3208896684092,299.3062744140625,57292200
2020-07-22,298.94714058873586,301.32311478404205,298.83663538971115,301.0099792480469,57792900
2020-07-23,300.6507824803938,301.35068608523807,296.055430800531,297.4183654785156,75738000
2020-07-24,295.5674919941012,296.5252227483617,294.00192625089926,295.5030212402344,73766600
2020-07-27,296.19361733148213,297.83284336537673,295.4016165623497,297.6578674316406,48293000
2020-07-28,296.930229737978,298.0445556707088,295.47519830001403,295.7698974609375,57495000
2020-07-29,296.64488066256155,299.9693955729184,296.60803622504216,299.4076232910156,48454200
2020-07-30,296.4422138237154,298.7537169791964,294.3609672745089,298.33929443359375,61861700
2020-07-31,300.12590663768805,300.7981840639859,295.9173223565921,300.6968688964844,84986800
2020-08-03,302.35455324026356,303.551730444188,301.8112172413089,302.7873840332031,53077900
2020-08-04,301.9308868941844,303.9569091796875,301.9308868941844,303.9569091796875,41917900
2020-08-05,305.2554171505095,306.10267054186585,304.98834417548517,305.84478759765625,42697700
2020-08-06,305.26457778295924,308.008883470918,304.94225226748324,307.88916015625,43679400
2020-08-07,306.92221206378724,308.3956800618827,306.0197062402385,308.1101989746094,57308300
2020-08-10,308.5614527808773,309.21529387333,306.62752769620295,309.0311279296875,44282100
2020-08-11,310.2099438612299,310.84537688701096,305.7527226498275,306.480224609375,69601100
2020-08-12,308.911406789461,311.5267992817978,308.88378049251634,310.75323486328125,53774400
2020-08-13,309.9889565628064,311.4992695414481,309.2706445155212,310.1915588378906,41816100
2020-08-14,309.80478873517694,310.7349211885929,309.0772585556513,310.2007751464844,47260400
2020-08-17,311.2136919707807,311.5820519648369,310.2098990427494,311.1860656738281,35481000
2020-08-18,311.5821378053685,312.2820416597443,309.98894596467176,311.8584289550781,38733900
2020-08-19,312.23585644513565,312.7515659971486,309.9980423422156,310.559814453125,68054200
2020-08-20,308.83780388433297,312.005751301336,308.70889049740055,311.5268859863281,42207800
2020-08-21,311.1953645031958,312.8529989583211,310.85460261366353,312.6319885253906,55106600
2020-08-24,315.0631480494956,315.87355700727335,312.604322979584,315.7998962402344,48588700
2020-08-25,316.36163229349035,316.9878471615432,315.2012714878101,316.90496826171875,38463400
2020-08-26,317.49438668215004,320.3491982017806,316.95105067989545,320.0821533203125,50790200
2020-08-27,320.94785991195465,322.227916207643,319.1244394337551,320.7820739746094,58034100
2020-08-28,321.804237442081,322.983006410203,320.61625033931085,322.85406494140625,48588900
2020-08-31,322.64226783208227,323.51711938437126,321.4542807471516,321.68450927734375,66099200
2020-09-01,322.5134176423937,324.8157035959039,321.6201295682686,324.71441650390625,54908700
2020-09-02,326.62058140555735,330.3778981673585,325.47862893248646,329.41094970703125,69540000
2020-09-03,327.7256539431089,328.19532906675,315.495917398797,318.0744934082031,148011100
2020-09-04,318.7560834008521,320.3216209085487,308.3865789911979,315.4776306152344,139156300
2020-09-08,310.0809258509965,315.54196689159204,306.5538378154059,306.85772705078125,114465300
2020-09-09,310.8545829924272,315.37627517454166,309.98892137932586,312.9174499511719,91462300
2020-09-10,314.78685053527204,315.4406916483202,306.52625029812896,307.4840087890625,90569500
2020-09-11,309.26141246287096,310.32045816888535,304.8225992871863,307.6405944824219,84680200
2020-09-14,310.79930858274395,313.46076397555305,307.78792941912315,311.6925964355469,65605700
2020-09-15,314.14224664496544,314.97106380213984,311.70182964170226,313.26739501953125,52920900
2020-09-16,314.50143147881846,315.92883731092843,311.74787878709503,312.024169921875,82096000
2020-09-17,307.18007184112935,310.99266929417666,306.65514411572747,309.2797546386719,91523300
2020-09-18,310.0833240814501,310.1942716478776,303.2412847248806,305.7192077636719,105877900
2020-09-21,301.14247861932574,302.4646509332724,297.471812475892,302.31671142578125,99450800
2020-09-22,303.79605821576513,305.9503654275353,301.2903700074111,305.3955993652344,63612100
2020-09-23,305.9503223752341,306.22771947563723,297.8138486616711,298.3131408691406,93112200
2020-09-24,297.0002185553226,302.1594777085532,295.68727323191223,299.1083068847656,76681300
2020-09-25,298.25762343564503,304.7298270780176,297.38852490576954,303.9439392089844,71069400
2020-09-28,308.09544576444915,309.7042419499173,307.1061162454565,308.9923095703125,64584600
2020-09-29,308.78887594020625,309.5285451633514,306.6160587994306,307.30950927734375,51304000
2020-09-30,307.9753193217337,312.7832554277247,307.78116102774845,309.6396179199219,104081100
2020-10-01,312.22833451482296,313.1991537202758,309.75041203082435,311.6273498535156,88698700
2020-10-02,306.68997933659404,311.59960544931795,306.21842407966096,308.6686096191406,89431100
2020-10-05,310.7212700191764,314.3272066536649,310.675051276602,314.1423034667969,45713100
2020-10-06,314.28097349200937,316.37057974539914,309.16793362544905,309.67645263671875,90128900
2020-10-07,312.6259658002967,315.87132309591203,312.5982289095894,315.0669250488281,56999600
2020-10-08,316.9993505468978,317.92395123204756,316.0839766813295,317.8592224121094,45242500
2020-10-09,319.5049199072346,321.15996256500506,318.88545342511554,320.6976623535156,59528600
2020-10-12,323.2311019429976,327.32707559553944,322.7410647815939,325.8569641113281,80388500
2020-10-13,325.71829333157706,325.89396970025575,322.76881520469266,323.73040771484375,73255500
2020-10-14,324.30360807019053,325.39462982999737,320.96581398724754,321.69622802734375,57727900
2020-10-15,317.79443172197927,321.7794576418191,317.2581758442864,321.2986755371094,60357700
2020-10-16,322.648589773227,324.30363260576735,320.92884634883575,321.1045227050781,89501900
2020-10-19,322.36198948401005,322.9907111121093,315.3257925506402,316.22265625,68425600
2020-10-20,317.5633355204922,320.72548220032826,316.8051844221268,317.4893798828125,60051900
2020-10-21,317.443073902537,319.6066638803036,316.5832022185799,316.8883361816406,63575000
2020-10-22,317.1010016263074,319.20908978421284,314.96517658013624,318.6265869140625,55399300
2020-10-23,319.8470279304944,319.9025017003484,317.25815794875194,319.7083435058594,49143900
2020-10-26,316.333567187947,317.1194832403807,310.31440902526583,313.8001708984375,91473000
2020-10-27,314.14230712329396,314.475149793473,312.5057460118679,312.7184143066406,65994100
2020-10-28,307.059827691063,312.7461150486337,301.5399616493468,302.0299987792969,127094300
2020-10-29,302.26117045534187,308.2618190207296,300.57839067530114,305.0997009277344,90597700
2020-10-30,303.5278632885841,304.8315534323046,298.27613900813606,301.9190673828125,120287300
2020-11-02,305.3030700683594,307.300182145621,302.56623250835605,305.3030700683594,86068300
2020-11-03,308.5299804346644,312.7461569674992,305.3863439975958,310.69354248046875,93294200
2020-11-04,315.15928696801785,321.70547377095147,313.9850545875487,317.6372375488281,126959700
2020-11-05,322.90752215223176,325.63510535784354,322.5561693903892,323.8321228027344,82039700
2020-11-06,323.5454494007083,325.0063340064699,321.4373613684711,323.75811767578125,74973000
2020-11-09,336.52688050400957,336.90597013486416,327.3640851994297,327.8263854980469,172304200
2020-11-10,326.83706430106344,328.39964160698554,324.08177251066513,327.3456115722656,85552000
2020-11-11,329.5276530081711,330.6001931058199,328.28869157206935,329.7773132324219,58649000
2020-11-12,328.76945432758134,329.8235125087104,324.7752013576145,326.5781555175781,67546200
2020-11-13,328.48279119885393,331.83909534174575,327.9650172049905,331.09942626953125,62892200
2020-11-16,333.762310414162,335.42658008620566,332.4771021299016,335.232421875,74541100
2020-11-17,332.8284586496354,334.63144099542336,331.3213552496351,333.429443359375,66111000
2020-11-18,333.69759212727365,334.2431030727179,329.3796950886092,329.41668701171875,70591300
2020-11-19,328.7879664083773,331.173423449706,327.44728430310664,330.8035888671875,59940900
2020-11-20,330.54466445649757,330.74807768636424,328.46431342145667,328.53826904296875,70417300
2020-11-23,330.341330114274,331.7652230633756,328.11303908751194,330.50775146484375,63230600
2020-11-24,333.05037819016013,336.3789460330993,332.19976142931375,335.83343505859375,62415900
2020-11-25,335.7502372606201,335.7779741513508,334.2246518372895,335.315673828125,45330900
2020-11-27,336.4066780190502,336.7210388362217,335.24167223686067,336.24951171875,28514100
2020-11-30,335.47279650501997,335.7409385582566,332.08878340971694,334.7608642578125,83872700
2020-12-01,338.0062793851227,339.9571732876584,337.41452140242126,338.4223327636719,74231400
2020-12-02,337.31281295054083,339.2914436515928,336.7395650672134,339.13427734375,45927000
2020-12-03,339.03255404637883,340.42871003443537,337.94153206913154,339.04180908203125,62882000
2020-12-04,339.6242931462519,341.9635314941406,339.53182744457604,341.9635314941406,50749900
2020-12-07,341.19604390236077,341.75080980917244,339.9940746180739,341.2607727050781,48944300
2020-12-08,339.9940864550397,342.82336164005824,339.9478677180988,342.2593688964844,42458900
2020-12-09,342.91592869063794,343.0730950159463,338.357653791489,339.1897888183594,74098300
2020-12-10,337.82132486772645,340.12357138803657,336.95219802540623,339.07879638671875,57735400
2020-12-11,337.3868084880486,339.08807048436074,335.8704779286169,338.6812438964844,57698600
2020-12-14,340.8448073293693,341.9173192847848,336.9892100885421,337.1648864746094,69216200
2020-12-15,339.6982062143582,341.72308349609375,338.32981558066564,341.72308349609375,63865300
2020-12-16,341.935753088197,343.1747143338236,341.0573713537836,342.2593688964844,58420500
2020-12-17,343.89581846810796,344.37660043906385,343.0729107035116,344.1731872558594,64119500
2020-12-18,344.46113944048307,344.6282701572163,340.79338813671035,342.7990417480469,136542300
2020-12-21,338.8898629814059,351.41588135786776,336.15994813580005,341.5733337402344,96386700
2020-12-22,341.8983673411588,342.0097878229692,339.87415302334546,340.9976806640625,47949000
2020-12-23,341.9633643931626,343.20760697353194,340.979112376798,341.3041076660156,46201400
2020-12-24,341.77762611632846,342.6597520909689,341.1926686317637,342.63189697265625,26457900
2020-12-28,345.17620587854617,345.96547227304984,344.55409858579725,345.57550048828125,39000400
2020-12-29,347.09821664709926,347.27464186044676,344.3311518128284,344.9161376953125,53680500
2020-12-30,345.7332289197448,346.4389297116673,345.0182619794542,345.4082336425781,49455300
2020-12-31,345.2132949330659,347.8875000497571,344.7026082398412,347.1632385253906,78520700
2021-01-04,348.49100217915696,348.62101162593734,338.75060828235917,342.4369201660156,110210800
2021-01-05,341.7962383123607,345.88181651795514,341.74979422078724,344.79541015625,66426200
2021-01-06,343.29118386394964,350.04170094295614,342.743347597711,346.8567810058594,107997700
2021-01-07,349.22459781978796,352.75304553896814,349.0481726001441,352.0102233886719,68766800
2021-01-08,353.3937336428552,354.22941562712896,350.1531317059406,354.015869140625,71677200
2021-01-11,350.84951439553026,353.3844152987946,350.7287994312137,351.6294860839844,51034700
2021-01-12,351.8152452148604,352.7159036317569,349.4660070637659,351.70379638671875,52547700
2021-01-13,351.6295686022009,353.64448885267797,350.8495967307079,352.6509704589844,45303600
2021-01-14,353.39378403221525,353.89520462901476,351.0817236007902,351.4159851074219,49989100
2021-01-15,349.800282405299,350.59881478443,346.9960962553196,348.8531799316406,107160000
2021-01-19,351.3045309935299,352.1309468672761,349.82815280679114,351.5923767089844,51233300
2021-01-20,353.87654291716206,357.29359819142803,353.48657123958117,356.4579162597656,61836100
2021-01-21,357.01500286554875,357.4421524664681,355.86362018115483,356.7828674316406,47840100
2021-01-22,354.93512517961597,356.6807884063507,354.554419617458,355.5201110839844,52860500
2021-01-25,356.25365943655754,357.27503278883,351.4159360582794,356.9222106933594,70402000
2021-01-26,357.869315038569,358.2778757163541,356.1329463264064,356.3650817871094,42665300
2021-01-27,353.0500980152295,353.14295784515673,345.4267792034528,347.6552734375,123351100
2021-01-28,349.46593655582046,354.6379205656578,349.02954916525357,350.64520263671875,94198100
2021-01-29,348.7881786860428,349.75387014169314,341.95409595375736,343.62548828125,126765100
2021-02-01,347.01462699809997,350.375943628793,343.9133009262217,349.34527587890625,75817600
2021-02-02,352.52084118245415,355.83574176244537,349.42880987347587,354.2850646972656,64450700
2021-02-03,355.1114653148641,356.2814368432758,353.2915316437675,354.5636291503906,52427100
2021-02-04,355.59433635934124,358.63995212915546,354.67508910571235,358.5935363769531,47142600
2021-02-05,360.45994861198795,360.7106447040377,358.54715471512554,360.00494384765625,48669800
2021-02-08,361.45350816726585,362.6513351955174,360.5992654572833,362.60491943359375,38365200
2021-02-09,361.769153490128,362.95771418565323,361.3606211720995,362.3634338378906,35551100
2021-02-10,364.09983025590975,364.24840035419544,359.8099713889872,362.2055969238281,59154400
2021-02-11,363.28265332168206,363.700508430255,360.3670470571915,362.79052734375,42913300
2021-02-12,361.9920022182859,364.82404318438233,361.9177030106144,364.5826416015625,50593300
2021-02-16,365.8083200461877,366.0033342269587,363.55197027023985,364.2669372558594,50972400
2021-02-17,362.5212660866274,364.60119044464864,361.5091306885375,364.3504943847656,52290600
2021-02-18,361.7505480599932,363.542626693373,360.0327402924635,362.7998046875,59712800
2021-02-19,364.05338233465426,364.34122801938736,361.71343891444184,362.1591491699219,83241000
2021-02-22,359.401420796986,361.77848576262124,359.1042805920692,359.3735656738281,67414200
2021-02-23,357.1727904105643,361.15624153178067,353.0315030969583,359.8098449707031,107284100
2021-02-24,358.7235110381606,364.2019298681405,357.7392590796617,363.7747802734375,72433900
2021-02-25,362.51200240283123,363.8769599629682,353.5701404616122,355.0093688964844,146670500
2021-02-26,356.8850463128118,358.0271345906392,351.20237503364604,353.1801452636719,152701600
2021-03-01,358.03645997578053,362.98560406297776,353.3751899411778,361.7413330078125,105348800
2021-03-02,361.9642568270762,362.19639233194147,358.4172195118909,358.91864013671875,79595300
2021-03-03,358.22215187611573,359.18781495345684,354.06227437694446,354.1644287109375,119940200
2021-03-04,353.9787373865895,356.5600826850542,345.3061596092031,349.78173828125,183433000
2021-03-05,353.2730320198999,357.265779064072,346.01185613057277,356.2165222167969,152039600
2021-03-08,357.17290844727864,359.977094609663,354.16444194612137,354.4429931640625,123149200
2021-03-09,358.2777972390248,362.04767402813786,357.7763768194202,359.50347900390625,113633600
2021-03-10,361.8434873497362,363.4312860296286,360.43211389392627,361.7413330078125,109899400
2021-03-11,364.201964598063,367.3775617218999,363.7469598417814,365.4090576171875,86245000
2021-03-12,364.05345567131616,366.0405207448169,363.2456286942137,365.9012451171875,64653600
2021-03-15,366.15186917399524,368.343242519141,364.0162344057818,368.083251953125,73427200
2021-03-16,368.6960693202915,369.401741761804,366.84825201962127,367.61895751953125,73722500
2021-03-17,366.3375684287189,369.67102984650717,365.19545189698175,368.87249755859375,97959300
2021-03-18,366.2912103516865,368.371135091279,362.82773894437463,363.5055847167969,115349100
2021-03-19,363.20560482975657,364.7799824618673,360.6623728633488,362.8329772949219,113624500
2021-03-22,363.3452527508921,367.10885537239466,363.2893600550484,365.7301025390625,73778600
2021-03-23,365.0967729617704,366.5407155405644,362.06912758135604,362.8516540527344,90686600
2021-03-24,364.2489071923662,365.8791772373448,360.9604207531097,361.0069885253906,97588600
2021-03-25,359.57244319585334,363.8297562145069,357.6347344917859,363.0379333496094,116128600
2021-03-26,364.18373344592686,369.28881849367565,363.5875351124933,368.88824462890625,114409100
2021-03-29,367.4162544356728,369.60547972425456,365.935041179905,368.70184326171875,108107600
2021-03-30,367.4349664373488,368.39449575639236,366.1307275395253,367.7237548828125,76262200
2021-03-31,368.29203631973724,370.7700506223906,368.2640899656706,369.21429443359375,112734200
2021-04-01,371.14265609357545,373.25736766767085,370.93770669938243,373.2014465332031,99682900
2021-04-05,375.8565200890422,379.0984396024881,375.7820059480064,378.55810546875,91684800
2021-04-06,377.9991774130732,379.37790224132345,377.6637927050794,378.33453369140625,62021000
2021-04-07,378.16681558663885,379.1170200378233,377.7103490017058,378.7723388671875,55836300
2021-04-08,380.02062094317336,380.62614416673193,379.08903800549706,380.57025146484375,57863100
2021-04-09,380.44924276681104,383.5048342531352,380.3281324128653,383.3371276855469,61104600
2021-04-12,382.7407872558756,383.7468841397846,382.1352641404901,383.47674560546875,56704900
2021-04-13,383.37434940887186,385.2375154018544,382.9923969687516,384.61334228515625,56551000
2021-04-14,384.585426479011,385.6381198974038,382.7595316211662,383.29986572265625,61659900
2021-04-15,385.43320380831716,387.687647542853,385.38663602263046,387.41748046875,60229800
2021-04-16,388.70298586402646,389.31783402254797,387.28699001478793,388.7123107910156,82037300
2021-04-19,387.7807610260529,388.2279026853113,385.4797498055928,386.8025817871094,78498500
2021-04-20,385.59152639170094,386.6907875184191,382.4986639809094,383.9705810546875,81851800
2021-04-21,383.3556830388797,387.80864810285476,383.21592286206607,387.60369873046875,66793000
2021-04-22,387.43607511013636,388.2651692129653,383.00173084573123,384.063720703125,97582800
2021-04-23,384.62268347334305,389.6346047551007,384.54816933952253,388.2279052734375,73209200
2021-04-26,388.8800379124394,389.60667156779255,388.2931360312582,389.03839111328125,52182400
2021-04-27,389.3365118024942,389.5321647196547,387.81802682554365,388.9545593261719,51303100
2021-04-28,389.2247259133634,390.34263698563,388.3769818956655,388.8427734375,51238900
2021-04-29,391.5629909520302,391.93561848281814,387.9484442011052,391.3207702636719,78544300
2021-04-30,389.05704160482367,389.9047856090629,387.85529148566474,388.7496032714844,85527000
2021-05-03,390.73390277771705,391.1158552700201,389.0943358120596,389.58807373046875,68128300
2021-05-04,387.60376353614816,388.09750141176715,383.5048038327527,387.1845397949219,101591200
2021-05-05,388.82417966319684,389.05707545067736,386.7467390041926,387.3056945800781,60162200
2021-05-06,387.3801199711882,390.528874845266,385.3772223436678,390.3984680175781,74321400
2021-05-07,391.1624256128691,393.89195716185367,390.48235974282153,393.2398376464844,67733800
2021-05-10,393.5937799606252,393.8173507618117,389.2246538329622,389.34576416015625,81852400
2021-05-11,384.8369282355566,386.8584473474661,382.0049080638009,385.8709716796875,116888000
2021-05-12,383.0949159919616,384.3618553205323,376.3595601632733,377.673095703125,134811000
2021-05-13,379.21955649395835,384.13831434726995,379.17296027905456,382.2099304199219,106394000
2021-05-14,384.9394270681594,388.9266014154042,384.9114807136324,388.078857421875,82201600
2021-05-17,386.97028771615726,387.90187074432333,385.0791468765085,387.09136962890625,65129200
2021-05-18,387.3521831986254,387.59440386559174,383.597905008926,383.75628662109375,59810200
2021-05-19,379.0798024141684,382.92721668401646,377.5985602871788,382.7502136230469,106467100
2021-05-20,383.6259089486558,388.12547123922195,383.5048270266521,386.8678283691406,78022200
2021-05-21,388.3489736323711,389.58799485674376,386.09455884988506,386.551025390625,76578700
2021-05-24,388.7868254622032,391.56295289159766,388.544604797389,390.49163818359375,51376700
2021-05-25,391.5722490957163,391.9262551656702,389.0476672600288,389.625244140625,57451400
2021-05-26,390.2121400584183,390.9015023339306,389.1780966451499,390.3984680175781,43088600
2021-05-27,391.4231910374945,391.93555024942225,390.3239016330106,390.6033935546875,56707700
2021-05-28,392.16858112969004,392.42942328869543,391.0693197760005,391.3022155761719,58520200
2021-06-01,393.65898211112926,393.7987138563774,390.51955237272466,390.9573974609375,54216600
2021-06-02,391.6095674253817,392.410743642536,390.60347022695476,391.5722961425781,49097100
2021-06-03,389.26197808041053,391.2555509981351,387.7993858877597,390.1190185546875,58138800
2021-06-04,391.963486198523,393.98503350269976,390.18415953410863,393.6869201660156,55938800
2021-06-07,393.6776507018846,393.85465374362394,392.3734402072181,393.3050231933594,51555000
2021-06-08,394.16214806830806,394.2553120728137,391.56305144947635,393.3889465332031,47134300
2021-06-09,394.22732293544,394.30186550282065,392.5784311103021,392.802001953125,48436300
2021-06-10,394.0223149057569,395.5780709347275,392.7087795402519,394.6278381347656,51020100
2021-06-11,395.17753829078254,395.3917841957337,393.8919491424424,395.2799987792969,45570800
2021-06-14,395.39174825118516,396.26743850654356,394.1527554254345,396.16497802734375,42358500
2021-06-15,396.31410594008616,396.35134879576736,394.56272511460134,395.43841552734375,51508500
2021-06-16,395.5781066988787,395.8016775286566,391.19035858653814,393.2304992675781,80386100
2021-06-17,392.82060361942723,394.0782178856841,390.63137795315737,393.1000671386719,90949700
2021-06-18,389.8251604695109,390.5167781405025,387.5914076691271,387.7970275878906,118676300
2021-06-21,389.55403474074245,393.53557034735695,388.7409106571749,393.3486328125,72822000
2021-06-22,393.339353041914,396.28343417143736,392.61966911686017,395.45159912109375,57700300
2021-06-23,395.5263432061953,396.33011186649463,394.89080121581947,394.97491455078125,49445400
2021-06-24,397.11522847080494,397.73205959660106,396.8628599421337,397.3114929199219,45110300
2021-06-25,398.05925946140326,399.17147241602134,397.73213297075046,398.72283935546875,58129500
2021-06-28,399.2462335097463,399.69483801915226,398.04990728021846,399.526611328125,53159600
2021-06-29,399.9097427746152,400.5452847325405,399.2087698297282,399.74151611328125,35970500
2021-06-30,399.283500240483,400.7508770162043,399.25546246552415,400.07794189453125,64827900
2021-07-01,400.835038783346,402.4519600618117,400.76960779298105,402.2930603027344,53441000
2021-07-02,403.4521515217577,405.7232978667196,402.3773031196837,405.3681335449219,57697700
2021-07-06,405.4241415803903,405.6391169295271,401.9005937821132,404.62969970703125,68710400
2021-07-07,405.3119686849688,406.34006819983387,403.3025183056718,406.0596618652344,63549500
2021-07-08,400.7509143885333,403.50808611480505,399.57327068511836,402.75103759765625,97595200
2021-07-09,404.2557567096167,407.3493815946714,402.5547222376829,407.05029296875,76238600
2021-07-12,406.9662573135737,408.76076088893643,406.5363351584208,408.5083923339844,52889600
2021-07-13,407.72328794262097,409.2187027689948,406.85408823599073,407.11578369140625,52911300
2021-07-14,408.8074721795963,409.29349840963926,406.4802508086064,407.7232971191406,64130400
2021-07-15,406.38679455738685,407.05972983900836,404.43341971053184,406.3307189941406,55126400
2021-07-16,407.50838463044124,407.55510476141916,402.75111727654803,403.1436462402344,75874700
2021-07-19,398.3302836206056,403.20905730096297,394.38614069493224,397.1900329589844,147987000
2021-07-20,397.85360950811923,404.1530401378472,397.0591676686946,402.8819274902344,99608200
2021-07-21,404.0782727663207,406.28401626491234,402.83522636423976,406.143798828125,64724400
2021-07-22,406.3213579405747,407.23730633204167,405.3400070746696,406.9942932128906,47878500
2021-07-23,408.9196992370157,411.51797198627247,408.2374369376335,411.1815185546875,63766600
2021-07-26,410.5926462837905,412.20021236866125,410.5459261537889,412.19085693359375,43719200
2021-07-27,411.15341783224966,411.1814556139232,407.48965273178777,410.312255859375,67397100
2021-07-28,410.93845431834467,411.51792083805464,408.7233839343774,410.1440124511719,52472400
2021-07-29,411.06927031045103,412.91982079238494,411.05991487644866,411.8450012207031,47435300
2021-07-30,409.28415602981516,411.29360644207577,409.1532940336554,409.8449401855469,68951200
2021-08-02,411.55528082300833,412.1067095157106,408.62988215553224,408.98504638671875,58783300
2021-08-03,409.7795060797524,412.43385397257424,407.5924735593852,412.3123474121094,58053900
2021-08-04,411.03193395699765,412.28433581198715,410.050583021591,410.28424072265625,46732200
2021-08-05,411.4431679198543,412.96662067268136,411.1253968736616,412.88250732421875,38969700
2021-08-06,413.2002671340216,413.9853535543252,412.9198607907698,413.56475830078125,46930000
2021-08-09,413.5366565217107,413.8544275100853,412.4618370122482,413.2282409667969,41222600
2021-08-10,413.6769396016709,414.4526991663154,412.9946773475972,413.74237060546875,43339300
2021-08-11,414.80771791360644,414.86379346213954,413.6861498976259,414.77032470703125,44034300
2021-08-12,414.6208676326382,416.1536756754447,413.7236301446858,416.0134582519531,38909400
2021-08-13,416.46212471839107,416.7892511950456,415.9761269822574,416.77056884765625,39470300
2021-08-16,415.47148191493113,417.8828171396479,413.91999116430753,417.7519836425781,73740000
2021-08-17,415.2003367624512,415.87327201338974,412.0319534928369,415.013427734375,92673900
2021-08-18,414.004033503329,415.5648794226537,410.2281457688839,410.47113037109375,89351900
2021-08-19,407.7513683082851,412.30304425730367,407.6111793930043,411.106689453125,92812200
2021-08-20,411.4524984131377,414.7049951138694,410.96647217681397,414.37786865234375,72008700
2021-08-23,416.06015823361497,418.9294809997778,414.4525924726287,418.02288818359375,54973000
2021-08-24,418.6865539550781,419.2193003480419,418.17251843232447,418.6865539550781,38744700
2021-08-25,418.87350683269574,420.0791600532625,418.49963168684314,419.56512451171875,40529700
2021-08-26,419.2846465858296,419.5183042507706,416.9948185830064,417.0882873535156,57829600
2021-08-27,417.8921060042868,421.19135148689224,417.83603043980827,420.8175048828125,77235100
2021-08-30,421.49038603704406,423.45311610967644,421.2473729404078,422.66802978515625,48357400
2021-08-31,422.57455539172196,422.91100873089704,421.4436603048322,422.04180908203125,59300200
2021-09-01,422.9765334042328,423.4905689604895,422.03254712247315,422.2662048339844,48721400
2021-09-02,423.68684470342555,424.369106938718,422.36901184150173,423.5653381347656,42501000
2021-09-03,422.4344228744772,423.9765579301553,422.0325099688313,423.4624938964844,47170500
2021-09-07,423.1167444291313,423.2102132231523,421.2755204253354,421.9484558105469,51671500
2021-09-08,421.4157048587594,422.14471575872943,419.51837690907405,421.43438720703125,56181900
2021-09-09,421.23805907529504,422.98581388405796,419.38748005990004,419.6304931640625,57970400
2021-09-10,421.5558370150139,421.9764037145198,416.2003928599835,416.3218994140625,89948200
2021-09-13,419.31278639177305,419.57448188147487,415.07888137909265,417.3874206542969,83738600
2021-09-14,418.8266922544094,419.03231214319595,414.2470076652523,415.1349182128906,78197100
2021-09-15,415.555451086405,419.09770903207215,414.45259382841397,418.60235595703125,78792200
2021-09-16,418.0790622084627,419.05105771787464,414.99476341128366,417.9388732910156,77786700
2021-09-17,417.1681956679975,417.5901098184233,413.5114346800141,413.86773681640625,118425000
2021-09-20,407.75436793021106,409.3295710757895,402.10984707082173,406.9667663574219,166445500
2021-09-21,409.30144322368784,410.59537031179264,406.05726871090457,406.58233642578125,92526100
2021-09-22,408.85136298150707,412.5831207202877,406.69483696311266,410.5484619140625,102350100
2021-09-23,412.41431229246786,417.1399497351395,412.179906070705,415.5365905761719,76396000
2021-09-24,413.9051347076099,416.9336734105124,413.68947068134617,416.2210693359375,62094800
2021-09-27,415.18971469523467,416.3523605127942,414.33647253059087,415.03033447265625,61371100
2021-09-28,412.2644018182025,412.5925763413833,405.9354320967594,406.6667785644531,130436300
2021-09-29,408.0449990691309,409.77961092728947,406.78858508585967,407.3511657714844,82329200
2021-09-30,408.82324196639286,409.5264607159928,402.03484612674845,402.3724060058594,140506000
2021-10-01,404.0975980601775,408.83259245748525,400.5815046124614,407.15423583984375,129240100
2021-10-04,405.9915954205408,406.8917073430287,399.7657521393978,401.903564453125,128570000
2021-10-05,403.40370520546276,408.3262356545151,402.60674697637165,406.0853271484375,90682500
2021-10-06,402.4942986652522,407.9794109817039,400.8722256266175,407.77313232421875,113032200
2021-10-07,411.0453745390407,414.1301397145414,410.86722352719846,411.29852294921875,72437500
2021-10-08,412.06743842451107,412.45186810178103,409.92026919841044,410.5484619140625,74557400
2021-10-11,409.8921372238028,412.7987803671197,407.5105617770027,407.5762023925781,65233300
2021-10-12,408.4951467022772,408.89831863461245,405.78539638345933,406.572998046875,71181200
2021-10-13,407.59495963247764,408.8513737107969,404.62270437794365,408.03564453125,72974000
2021-10-14,411.6923881563111,415.04910180856405,411.2235756383798,414.8990783691406,70236800
2021-10-15,417.0086416279291,418.4244642725793,416.389805808692,418.05877685546875,66260200
2021-10-18,416.27735526871015,419.6340400404351,415.621006350095,419.2965087890625,62213200
2021-10-19,420.91859501540216,422.59692303340495,420.30911592133424,422.53131103515625,46996800
2021-10-20,422.9907287152216,424.4909342886698,422.87821830467027,424.1908874511719,49571600
2021-10-21,423.5909091366126,425.52241468121287,423.15960957402535,425.2973937988281,41305400
2021-10-22,424.86601382430814,426.30996431243693,422.91573783259383,424.85662841796875,58845100
2021-10-25,425.9442973142117,427.46324528395957,424.1722008875209,427.13507080078125,45214500
2021-10-26,428.68217522735085,429.89169091412384,427.1444564431734,427.5195007324219,56075100
2021-10-27,427.97890546543795,428.6446111455954,425.5504317463337,425.6254577636719,72438000
2021-10-28,427.05070773419686,429.80732773792477,427.0413509410185,429.7323303222656,51437900
2021-10-29,427.435131798945,430.89497056169455,427.14447031928165,430.60430908203125,70162400
2021-11-01,431.5887337216653,431.96380657611127,429.61974430603044,431.344970703125,48433600
2021-11-02,431.5137556913935,433.3983909976397,431.3824744636354,433.0889587402344,48908400
2021-11-03,432.5264637419388,436.1363262379375,432.085778783507,435.733154296875,52509800
2021-11-04,436.33310224976924,437.87082079414984,435.98618562096254,437.78643798828125,52847100
2021-11-05,440.00869977242445,441.2932415636286,437.7959183013962,439.30548095703125,66390600
2021-11-08,440.4024093790137,440.89934941159646,438.99597208520896,439.680419921875,50405200
2021-11-09,440.0461982673925,440.2806045314554,436.8207657847632,438.2272033691406,51149100
2021-11-10,436.5394889244419,438.22723130169896,433.22031661586044,434.7017517089844,69429700
2021-11-11,436.1924978999976,436.2675239203641,434.8235734757579,434.8423156738281,34848500
2021-11-12,436.1081354103615,438.6772187538003,435.1611250038921,438.1240234375,53466700
2021-11-15,439.40862530276064,439.56800554034606,437.14894545673525,438.2740783691406,46980500
2021-11-16,438.0114907479462,441.14315465497026,437.9364933419403,440.0086364746094,48857500
2021-11-17,439.7460103029906,439.9241612956478,438.32083097576975,438.9396667480469,47858300
2021-11-18,439.97114731825366,440.69313688366196,437.25204053194824,440.43060302734375,50625600
2021-11-19,440.31797621657034,441.5650332460222,439.2772264052899,439.6429138183594,57315600
2021-11-22,441.5181949166131,444.0028951339013,438.1989948186662,438.4052734375,72762000
2021-11-23,438.0771968516729,439.83993660377723,435.47998564656854,438.9866943359375,73206500
2021-11-24,436.9894233688114,440.2804956589333,436.1736943498332,440.1585998535156,61858800
2021-11-26,433.50149668510204,434.96418925297854,429.2165439866492,430.3417053222656,112669600
2021-11-29,435.12357388678817,437.4582506222478,432.92953515695143,435.6205139160156,86268800
2021-11-30,433.1827469437874,435.08612453579684,426.90064804249147,427.1444396972656,148559600
2021-12-01,432.84521097923056,435.6862135337651,422.2031616971008,422.4000549316406,131939200
2021-12-02,422.6157769864965,430.4355669860337,422.22196184931875,428.8697204589844,127637800
2021-12-03,430.5292213858788,431.58871344638754,420.9185665300391,425.13787841796875,137331600
2021-12-06,427.6789180869,432.0482542479885,425.2692148441158,430.1730041503906,98977500
2021-12-07,435.4424103932935,439.633595102183,430.0416814760553,439.0710144042969,95484700
2021-12-08,439.46481188962696,440.68371284123066,437.71142925167635,440.233642578125,72238800
2021-12-09,438.94912708653544,440.3368223530035,437.06452034105865,437.26141357421875,61272600
2021-12-10,439.9617996675269,441.52761743144606,437.41145846142433,441.3775939941406,77159800
2021-12-13,440.86187964178026,441.20879629669554,437.1863772299923,437.4676818847656,87724700
2021-12-14,434.2047373052017,436.6894377150197,431.5418858646757,434.4578857421875,97264100
2021-12-15,434.5141971486355,441.49010093703475,432.00134036114184,441.246337890625,116899300
2021-12-16,443.093547285808,443.3748233999685,435.8081811744976,437.35528564453125,116568600
2021-12-17,434.28117656754216,437.2827106378424,430.99737826772844,432.700439453125,135511600
2021-12-20,427.62896667138153,428.4945962518149,424.4863000014907,428.09942626953125,107134800
2021-12-21,431.5148641473523,435.8430974441347,429.3507618562461,435.70196533203125,69806300
2021-12-22,435.44797367017134,440.1713773813337,435.2503599777173,440.0584716796875,58890200
2021-12-23,441.0558636062711,444.29262786782226,440.95237627994055,442.79656982421875,56439700
2021-12-27,444.17025861450196,449.11008378457836,444.12322414632985,449.06304931640625,56808600
2021-12-28,449.4958623974338,450.52146074512336,447.9339332846144,448.6960754394531,47274600
2021-12-29,448.7996209971791,450.28626060152465,447.8022490075834,449.27008056640625,54503000
2021-12-30,449.6934008752194,450.7001910745442,447.5669435079559,448.0279846191406,55329000
2021-12-31,447.5387114670403,448.68660504135966,446.62601892001857,446.89886474609375,65237400
2022-01-03,448.15978126090016,449.6182231773568,445.8545465639054,449.4864807128906,72668200
2022-01-04,450.9071932731494,451.6223008842784,447.48223441413006,449.3358459472656,71178700
2022-01-05,448.96894028365364,449.74050080120287,440.61357447061033,440.7076721191406,104538900
2022-01-06,440.2466667010779,443.0035528678846,437.9319849605687,440.293701171875,86858900
2022-01-07,440.30313360714865,441.4792825603523,437.1980831419466,438.5530090332031,85111600
2022-01-10,435.3631917870125,438.2235646031571,429.6235806846066,438.0071716308594,119362000
2022-01-11,437.74373029781276,442.09077122122125,434.75158623525874,441.9966735839844,74303100
2022-01-12,443.7280116585806,445.2429062617321,441.2345819172256,443.1916809082031,67605400
2022-01-13,444.29258772329274,444.9418241930247,436.05954567988096,437.08514404296875,91173100
2022-01-14,433.9425030975037,437.6120820227763,432.7287093594842,437.2639465332031,95890900
2022-01-18,432.5780978764357,432.7851012078921,428.40983354006795,429.5201110839844,109709100
2022-01-19,431.06331069209193,432.45585270815616,424.78736709556773,425.06024169921875,109357600
2022-01-20,426.94202425230395,431.6372011815895,418.2385229314581,420.3555908203125,122379700
2022-01-21,419.2358518525332,421.58814926561837,412.0754723100945,412.10369873046875,202271200
2022-01-24,406.50524550753806,414.3619251147175,395.901098425589,413.85382080078125,251783900
2022-01-25,407.47441758472695,413.7409421509055,401.9135823339121,408.8011169433594,167997300
2022-01-26,414.6819173184066,417.80577600170864,403.52260050405795,407.77557373046875,186391100
2022-01-27,412.36723366568094,415.50048178403745,404.07773829561154,405.761962890625,149878300
2022-01-28,407.1168944257264,415.88626787051186,402.54404110046244,415.8392333984375,164457400
2022-01-31,415.17113717300543,423.677053931945,413.82562974282484,423.32891845703125,152251400
2022-02-01,424.05336552481776,426.82908804425705,420.53433767425685,426.18927001953125,123155400
2022-02-02,428.58867006151223,431.05387362428513,426.28340667304684,430.3293762207031,117361000
2022-02-03,424.30754301354284,426.20818954221386,419.3771066671292,420.21453857421875,118024400
2022-02-04,419.97932468063993,426.0294287351917,417.60818972725326,422.19049072265625,118454400
2022-02-07,422.95248633834746,424.3450280068108,419.50871953612705,420.8354187011719,84472900
2022-02-08,420.33677354523064,425.2201456654425,418.91597660458353,424.29803466796875,81012000
2022-02-09,428.325239275932,430.82808779311625,428.12765428405766,430.5081787109375,92589900
2022-02-10,424.67435811188443,430.668007266661,420.77896856601785,422.7737121582031,140103700
2022-02-11,422.85846290665194,424.92846773085336,413.00703862428105,414.4372253417969,153214600
2022-02-14,413.9291560964369,415.50989334254666,409.61973040303707,413.0823059082031,123006300
2022-02-15,417.51401451434305,419.91334657222757,416.99649181538837,419.7439880371094,88482700
2022-02-16,417.7022715675266,421.5882726253458,415.8298514674891,420.21453857421875,84863600
2022-02-17,417.0341632264874,420.186247943638,410.63592485416507,411.23809814453125,102259100
2022-02-18,411.49214366579196,412.74358216810356,406.3076988713617,408.5753173828125,132642900
2022-02-22,406.373613297068,409.77031787811296,400.69984286814764,404.190673828125,124391800
2022-02-23,407.0979856014093,407.662542699413,396.4561948551213,397.020751953125,132578000
2022-02-24,386.73658449661104,403.42850999389174,386.3790593344902,402.99566650390625,213942900
2022-02-25,404.22820402320997,411.97197784953823,402.5815957478885,411.8872985839844,121804500
2022-02-28,406.50532304240727,412.3108071724536,405.2539131340016,410.83355712890625,145615000
2022-03-01,409.3374027412006,411.3415647709706,401.8758933767992,404.57635498046875,137785900
2022-03-02,406.82521187285215,413.7409734291532,406.07248803205465,412.01910400390625,117726500
2022-03-03,414.446680076633,415.04885343146157,408.17073639481583,409.9678955078125,105501700
2022-03-04,406.2417947777143,407.76607902539786,402.600442693899,406.6369934082031,113978200
2022-03-07,406.0536235461076,406.7593128666358,394.5838174926232,394.6496887207031,137896600
2022-03-08,394.82845492231417,401.9700272063481,390.5943191141427,391.6575622558594,164772700
2022-03-09,400.02235763522094,404.134169484024,397.8394184443937,402.1582336425781,116990800
2022-03-10,397.55708322285636,401.2360799371363,395.5999843486872,400.34222412109375,93972700
2022-03-11,402.8263104395944,403.4379021571393,394.7438182155745,395.2519226074219,95636300
2022-03-14,396.02340888185535,399.4671471285895,391.2247162730047,392.36322021484375,95729200
2022-03-15,394.9696708605175,401.621976977945,393.6994528201561,400.9915771484375,106219100
2022-03-16,404.4917305799787,409.9396315604553,399.7024270341616,409.8831787109375,144954800
2022-03-17,407.9731146505722,415.0111999511719,407.5967527483876,415.0111999511719,102676900
2022-03-18,413.40286121868064,419.8776045343294,412.6666654946888,419.55670166015625,106345500
2022-03-21,419.3868421211315,421.3877829881189,415.9323761926658,419.4340515136719,88349800
2022-03-22,420.8214989932451,425.2764356419781,420.8214989932451,424.342041015625,74650400
2022-03-23,421.8125310374547,423.3037890750717,418.79222440449075,418.8771667480469,79426100
2022-03-24,420.89699675804104,425.2009149244502,419.78326986493045,425.19146728515625,64736900
2022-03-25,425.823897280711,427.5416971867033,423.2471974217225,427.2679748535156,77101300
2022-03-28,426.6733001787727,430.3070983886719,424.7856157896072,430.3070983886719,68529800
2022-03-29,434.18626321308204,436.12115693733773,431.5057549157547,435.6303405761719,86581500
2022-03-30,434.4883159212036,435.30003519309184,430.83565120715195,432.9404296875,79666900
2022-03-31,432.1758375929519,432.996975544084,425.823770410925,426.2768249511719,121699900
2022-04-01,427.853038256275,427.99460880330986,423.91723302983837,427.4849548339844,89048800
2022-04-04,427.6831192515497,431.2508407691633,426.86198134092166,431.1470031738281,59601000
2022-04-05,429.6558116325977,432.119225743506,424.5590699380688,425.70111083984375,74214500
2022-04-06,421.7936733149173,423.7190907497015,418.5657201739074,421.4444274902344,106898000
2022-04-07,420.5665823101026,425.380182602623,418.62226996039726,423.5679931640625,78097200
2022-04-08,422.8129558921499,425.32357938924946,420.89695753959705,422.4354248046875,79272700
2022-04-11,419.1698527728571,420.00988637141694,414.71494410163024,415.2151794433594,89770500
2022-04-12,418.19758861647455,420.71765996000386,412.12869019333453,413.6766052246094,84363600
2022-04-13,413.4311873130841,419.16973507105604,413.25185499529334,418.4146728515625,74070400
2022-04-14,418.64110007980645,419.75485551072364,413.10075224764853,413.20458984375,97869500
2022-04-18,412.2797123367979,415.05461073103595,411.1470901663332,413.37457275390625,66002500
2022-04-19,413.27067735850744,420.7647857423862,413.10079269782085,420.0474853515625,77821000
2022-04-20,421.8219654514646,422.4354571159878,418.5751460041488,419.7360534667969,65224400
2022-04-21,423.3510108398269,424.73846009934624,412.55345319655066,413.45953369140625,85417300
2022-04-22,412.374029818299,413.478308876768,401.54816044987837,402.1144714355469,132471800
2022-04-25,399.87760832355883,404.6156854519276,395.31883470061024,404.44580078125,119647700
2022-04-26,401.9162927984164,402.1145203899857,392.70441293823944,392.73272705078125,103996300
2022-04-27,393.8087830488901,399.16982962596876,391.7040329885521,393.83709716796875,122030000
2022-04-28,398.57518745115215,405.5124343696149,394.1485645985989,403.7851867675781,105449100
2022-04-29,399.8020406731504,401.9539993420894,388.117271772839,388.8629150390625,145491100
2022-05-02,388.92910247552595,392.5629010819542,382.27499699533837,391.2037658691406,158312500
2022-05-03,391.70388927238196,395.4037338921699,390.1465268831045,392.9969482421875,100028200
2022-05-04,393.65769528593023,405.53124638806986,390.4769516548114,404.9649353027344,144247900
2022-05-05,400.7082377196595,401.1329782769947,386.44679436485006,390.5713806152344,172929100
2022-05-06,388.0135688560758,391.50576802589364,382.9451403977338,388.2400817871094,151770800
2022-05-09,382.35045035687074,383.5868812355381,374.23340232623997,375.80963134765625,155586100
2022-05-10,381.7747206128694,383.2754262479383,372.6477827083813,376.677978515625,132497200
2022-05-11,375.7152782695393,381.35001745771194,369.94838734516037,370.69403076171875,142361000
2022-05-12,367.5037643543331,373.57266165703663,363.5207498600562,370.3069763183594,125090800
2022-05-13,374.4315896864937,380.5382491972758,373.39335762056186,379.1602478027344,104174400
2022-05-16,377.51804786382434,381.2839693671578,375.27169861489534,377.6218566894531,78622400
2022-05-17,383.70013247510735,385.62557844782094,379.9719446127917,385.3896179199219,83029700
2022-05-18,380.840309909265,381.12345103452697,368.61754246873323,369.8539733886719,117674500
2022-05-19,366.7959211904098,372.0059481432004,365.3707103676318,367.5887451171875,98510700
2022-05-20,371.16591037827914,374.7336324078952,359.1696852051724,367.74920654296875,131432200
2022-05-23,370.7694822124612,375.39433157969796,368.457086332618,374.62982177734375,76414900
2022-05-24,370.5146628553773,372.9592105064328,365.2291411864955,371.7699890136719,91448800
2022-05-25,370.278726265349,377.01777330975807,369.8823286767236,375.0545654296875,91472900
2022-05-26,376.28151834129653,384.18147159869255,376.0738719405769,382.5486145019531,82168300
2022-05-27,385.0026051853853,392.0531062882977,384.8044064245167,391.9398498535156,84768700
2022-05-31,390.3259001664865,393.07248421298215,387.00358624823434,389.74072265625,95937000
2022-06-01,391.8549424707136,392.86483164009155,384.0776638781302,386.5882873535156,86585800
2022-06-02,386.42789374965014,393.9974979722233,384.18154466114504,393.9503173828125,79609600
2022-06-03,389.2405180200075,390.78843305581245,386.5128290364629,387.4849853515625,71874300
2022-06-06,391.48687393580764,393.21409252066996,387.49441098526677,388.664794921875,57508900
2022-06-07,385.18200495505744,392.84599895820924,384.7195026936411,392.3929443359375,59272400
2022-06-08,390.6845741806073,392.4684496696644,387.333946070098,388.12677001953125,64350000
2022-06-09,386.352312221375,388.6175274447086,378.8959655761719,378.8959655761719,86289800
2022-06-10,372.70440234363315,373.55385453962793,367.86248738155257,367.90966796875,132893900
2022-06-13,358.5184050405398,360.3683273758739,352.3362223896235,353.9407653808594,170004900
2022-06-14,355.6868660931428,356.715650424304,349.77840591220803,352.87420654296875,104011800
2022-06-15,356.1683036625761,362.3410401471121,351.2225794060758,357.9049987792969,125666800
2022-06-16,349.7029069455722,350.10875209070366,343.63398102406296,346.0596618652344,134473300
2022-06-17,346.47397650063243,350.142419392661,343.30792965713135,346.80572509765625,111113900
2022-06-21,352.52169557516805,356.9200257502837,352.44584583713896,355.53607177734375,76811900
2022-06-22,351.3178056312109,358.99595685720385,350.90071887328156,354.8914794921875,90059400
2022-06-23,357.0243929538025,359.1003099203532,353.4696950419875,358.37042236328125,79292100
2022-06-24,361.53644062032527,369.7738622299875,361.5080041964566,369.7643737792969,98050300
2022-06-27,370.68377119718616,370.97762381876527,367.26179695896616,368.3518981933594,66009600
2022-06-28,369.9065216331798,372.68391795995,360.7116937770823,360.825439453125,86548900
2022-06-29,361.3753394353569,362.3611548271313,358.7116881165058,360.53167724609375,65676000
2022-06-30,356.64510092174794,360.8349164010324,353.1567653026987,357.6025085449219,112508300
2022-07-01,356.94850998659183,361.8208293565842,354.33224330989844,361.384765625,74839700
2022-07-05,356.3039239194396,362.08623764291843,353.4791138897527,362.0672607421875,81438000
2022-07-06,362.2094276989218,365.7736135029027,359.8301699411462,363.2900695800781,70426200
2022-07-07,365.0626968664323,369.52738892243804,363.3090402764563,368.73114013671875,64525900
2022-07-08,367.10071569720793,370.2952282014979,365.5745794315864,368.4278259277344,72397800
2022-07-11,365.7546798643806,366.72154716840924,363.52706364959664,364.21905517578125,58366900
2022-07-12,363.66926385832295,366.0485507559225,359.25195608212715,360.9961242675781,62219200
2022-07-13,355.56452982281553,362.02934629353234,355.14744302288534,359.1002502441406,84224600
2022-07-14,354.1522001663063,359.30888470117276,351.7160689703167,358.228271484375,89704800
2022-07-15,362.62649570213034,365.1858892356065,360.7211976903377,365.0721435546875,79060400
2022-07-18,368.1529456840062,368.82596036630525,360.83500666975766,362.0578308105469,63203600
2022-07-19,365.97267860433266,372.40905889172745,365.31864088700104,371.8403015136719,78506000
2022-07-20,372.02991057920354,375.62253303614597,370.6649043931411,374.2101135253906,71843800
2022-07-21,373.6318507302927,378.068105826219,371.2336162126565,378.0207214355469,64903900
2022-07-22,378.143943990978,379.3383025244326,372.29526973672574,374.5133972167969,72197300
2022-07-25,375.1390938870878,375.8215969964553,372.73137056679104,374.9684753417969,53631500
2022-07-26,373.3285099278068,373.53705331768873,369.6411191276845,370.53216552734375,52946400
2022-07-27,373.82144153900765,381.8977324950311,373.5275888700464,380.153564453125,82342100
2022-07-28,380.9592441702565,385.61350177770953,377.4140068493156,384.9215393066406,73966600
2022-07-29,386.35290637404563,391.5190777399874,385.5850941133151,390.5332336425781,87003700
2022-08-01,387.8411758992656,391.8793213752261,387.1302364241008,389.3768005371094,69997500
2022-08-02,387.8126838455422,391.4906148313067,385.632481339068,386.8078918457031,63435400
2022-08-03,388.9313152353376,394.0311261963377,388.64695098882254,392.8652038574219,67820600
2022-08-04,392.78932847212786,393.4718315474268,390.95985110646615,392.5997619628906,45656600
2022-08-05,388.3246175842232,392.5807659148732,388.26774474140564,391.9361877441406,56814900
2022-08-08,393.6235081493515,395.87007236927724,390.3816112599049,391.481201171875,53886100
2022-08-09,390.7512903773344,391.25368644325886,388.8554517997777,389.9266052246094,44931800
2022-08-10,396.96966387104465,398.2588492285253,395.01695232609546,398.11663818359375,68665700
2022-08-11,400.9603962309802,402.81833898357877,397.37726224840134,398.11663818359375,59489700
2022-08-12,400.0503354779772,404.96054995020353,399.10241628589347,404.8562927246094,61694500
2022-08-15,402.64764150057266,407.04600061972724,402.5907686609456,406.5246276855469,54048300
2022-08-16,405.45349035046,409.2451671553258,404.6477532437864,407.3208923339844,59289000
2022-08-17,403.7282975362389,407.1313242254354,402.42965277199465,404.42974853515625,63563400
2022-08-18,404.628809463559,406.28766820146114,403.33965312992564,405.6051940917969,49023200
2022-08-19,402.84675039895933,403.11216664311075,399.28256461046794,400.1546630859375,68016900
2022-08-22,395.3297327861423,395.5003802457015,390.9219138235221,391.82244873046875,77695600
2022-08-23,391.39585573923233,393.7846307828097,390.3247023494631,390.87451171875,49105200
2022-08-24,390.64698231789686,393.49074002484474,389.9645082393007,392.1257629394531,49177800
2022-08-25,393.6139873082117,397.70900548583626,392.5238859364247,397.66162109375,50942300
2022-08-26,397.5478603350803,398.088152311537,384.14426851779484,384.2011413574219,103087000
2022-08-29,381.2531987151374,384.70361032886984,380.3052793040388,381.6607971191406,65370800
2022-08-30,382.81725710753153,383.05423695854176,375.3760840001701,377.4709777832031,85652400
2022-08-31,379.1012790591029,380.3430507669573,374.465969698621,374.5986633300781,76029700
2022-09-01,372.428046300128,376.1154375189932,369.7264703742915,375.7742004394531,78740100
2022-09-02,379.4331384469464,380.64647400085363,370.0013297859772,371.8118591308594,99632100
2022-09-06,372.6555302445026,373.5939611226999,368.1908383071308,370.4089660644531,76637400
2022-09-07,370.0961415467539,377.83116684452074,369.87813861226584,377.0633544921875,70964200
2022-09-08,374.79781566335777,379.98290632149366,373.59393967123003,379.5279235839844,80821700
2022-09-09,381.7649670625823,386.2865601335256,381.49955084530114,385.4239501953125,76706900
2022-09-12,387.49043025851944,390.2868036201907,387.1870891554379,389.5663757324219,69256300
2022-09-13,380.9024232007864,382.1062993004574,371.5085678123265,372.6271057128906,122947100
2022-09-14,373.9256550464987,375.56556553221003,370.75012022055387,374.04888916015625,85023700
2022-09-15,372.4943332407687,375.3380909362644,368.53203779447915,369.80224609375,87633800
2022-09-16,365.6295206827052,367.63783250475103,363.6973120856197,366.9810791015625,103084800
2022-09-19,363.84011191988435,369.8269958496094,363.7639505998914,369.8269958496094,73278500
2022-09-20,366.5051996914192,367.5141193905518,362.83121456949,365.5819396972656,77274900
2022-09-21,367.504555601014,370.55036925173334,359.1952455228189,359.20477294921875,106746600
2022-09-22,358.4337956869669,360.07091552367,355.44511739669144,356.1875305175781,89472600
2022-09-23,352.7228790149844,352.76095967141856,345.7841825636604,350.2196350097656,122346900
2022-09-26,348.75391014864755,352.3707890222306,345.5367765894628,346.7550964355469,92581200
2022-09-27,350.2862710344236,352.5515910179344,343.4808127042095,345.869873046875,108294100
2022-09-28,346.821678453464,354.3600222961964,345.1274522170946,352.6753234863281,110802200
2022-09-29,349.1345668445761,349.4200991606359,342.367189530678,345.30828857421875,112952300
2022-09-30,344.3660311283521,348.27799879138144,339.83541969328155,339.9686584472656,153711200
2022-10-03,343.6807182327434,350.7907644280534,341.90083208876825,348.9442443847656,89756500
2022-10-04,354.45525951637643,359.78541969158493,348.90620087696135,359.7568664550781,103602800
2022-10-05,355.39758915348943,361.17507392455065,353.07516233117366,358.9192810058594,88065700
2022-10-06,357.5200770483229,360.47070383972516,354.72174385776447,355.2167053222656,82333500
2022-10-07,351.19048666130027,355.3023262947486,343.5474284997668,345.30828857421875,107789500
2022-10-10,346.4219606923115,346.6599140174196,340.4350759464563,342.67181396484375,76042800
2022-10-11,340.9775239932869,345.5367169870272,338.5694379532379,340.5016174316406,92482800
2022-10-12,340.9109745209168,342.4814606200205,339.1310592917608,339.3785400390625,76991800
2022-10-13,332.3826842498608,349.8008834901985,331.3356839052994,348.3350830078125,147254500
2022-10-14,350.7907569397952,352.41837848921915,339.7592450066515,340.39697265625,123737000
2022-10-17,346.4695719640728,350.2482719633379,340.0638579364615,349.1441650390625,93168200
2022-10-18,357.0536821558411,357.35826934412756,349.81036876588746,353.2464294433594,97162900
2022-10-19,351.2095432352664,353.93174409065676,347.93530350478727,350.7431640625,79746900
2022-10-20,350.2958089110657,354.7122360773966,347.0405950042413,347.80206298828125,88283100
2022-10-21,347.5260408349085,356.7395859020458,346.02218871676973,356.2541809082031,131038400
2022-10-24,357.77704931693273,361.7460937798273,355.1309809456278,360.6134338378906,85436900
2022-10-25,360.53729867069814,366.68600327248134,360.4230857441992,366.3719177246094,78846300
2022-10-26,363.230974837986,368.90377378445976,362.9739957124518,363.6116943359375,104087300
2022-10-27,364.6111129190357,366.44810554176166,361.0513115703601,361.6700134277344,81971800
2022-10-28,361.5652980348159,370.75029017440346,361.3844511918501,370.2743835449219,100302000
2022-10-31,367.81868945232327,369.68423516133385,366.69555686556424,367.5997619628906,96631300
2022-11-01,371.3404256632253,371.57837896955164,364.8204992604764,365.9912109375,85407600
2022-11-02,365.4010855031739,369.90317244332704,356.7015278683844,356.80621337890625,126990400
2022-11-03,353.56999750398336,356.1684576069525,351.0191454820897,353.1321716308594,87100100
2022-11-04,358.8335775577456,360.61346359996287,352.170885136249,358.21490478515625,103505200
2022-11-07,359.50936758378657,362.23156853069116,357.43442171013305,361.6414489746094,68286900
2022-11-08,362.745493209243,366.5622732100706,359.5188617569453,363.5926208496094,84641100
2022-11-09,361.622403460563,362.77411841444257,355.6069367100275,356.1018981933594,78495500
2022-11-10,369.3510591794325,376.00425245255667,367.0572151863192,375.6711120605469,141455800
2022-11-11,376.5278212790889,380.106648595616,374.64322048105964,379.30712890625,93839900
2022-11-14,377.54615295535484,380.89652430181656,375.8043188764604,376.0803527832031,71903500
2022-11-15,381.8198207261606,382.9239274120566,375.4807419701021,379.2879943847656,93194500
2022-11-16,377.6604299906343,378.61224316456577,375.76633106956126,376.39453125,68508500
2022-11-17,371.64500584373235,375.9186672305997,371.3404476693323,375.24285888671875,74496300
2022-11-18,378.57415608736795,378.64078997970154,374.10065167393867,376.9465637207031,92922500
2022-11-21,375.6235663390515,376.7466989172969,373.73896579052973,375.5759582519531,51243200
2022-11-22,377.51761716325757,380.7918564006526,376.10892338301994,380.6300354003906,60429000
2022-11-23,380.29695819857307,383.51409151080327,380.06853232216565,383.0286865234375,68261600
2022-11-25,382.4670560829331,383.4950305265415,382.191051189936,382.9429626464844,30545400
2022-11-28,379.8591259436192,381.4962458070925,376.0708989562592,376.8323669433594,67881600
2022-11-29,376.96561491269216,378.15538144006086,374.34812855248094,376.1851501464844,52310000
2022-11-30,376.4325818837763,388.0351867675781,374.51945716113363,388.0351867675781,144566700
2022-12-01,389.0726695441886,390.24341023181614,385.2463909544575,387.7496643066406,76398200
2022-12-02,382.86688436312187,388.2065428165103,382.76219884695456,387.3023376464844,85342700
2022-12-05,384.48494250767516,385.4177008262784,378.98346353454565,380.33502197265625,77289800
2022-12-06,380.17319983401165,380.7157112233438,372.76809510416285,374.8525390625,77972200
2022-12-07,374.0054437050733,376.5753507067164,373.0821838315825,374.21484375,65927900
2022-12-08,376.0994521400108,378.212449392276,374.3195371968257,377.14642333984375,60737900
2022-12-09,375.909145637889,378.45999830118234,374.2053917040091,374.3291320800781,81447700
2022-12-12,375.119119770537,379.7259216308594,374.4528678993267,379.7259216308594,75405800
2022-12-13,390.45276931962,390.70974839855415,379.84005911089247,382.6003112792969,123782500
2022-12-14,382.2577044665144,385.9602719426471,377.2131058725146,380.1542053222656,108111300
2022-12-15,375.2999318308924,376.20416598654884,369.1988348015829,370.85498046875,117705900
2022-12-16,368.302907769073,369.6415593936089,364.34432159505855,366.4765930175781,119858000
2022-12-19,366.6678340994925,367.00250429400353,361.70523742151596,363.3689880371094,79878100
2022-12-20,362.61367325179793,365.48222528681765,361.2941346468216,363.86627197265625,74427200
2022-12-21,366.45747677877307,370.43520527298585,365.9220161334383,369.3069152832031,78167400
2022-12-22,366.2662256920997,369.28777027212345,358.34902428686854,364.038330078125,100120900
2022-12-23,363.0151558474651,366.2757459455611,361.4661428370809,366.13232421875,59857300
2022-12-27,366.01764723973866,366.3618594408892,363.0152157544233,364.68853759765625,51638200
2022-12-28,364.62164360006597,366.59140954936333,359.92680568793685,360.1562805175781,70911500
2022-12-29,362.9961320141737,367.5093216045126,362.4702133125497,366.6391906738281,66970900
2022-12-30,363.9618223377231,365.8167920978852,361.8486350909296,365.6733703613281,84022200
2023-01-03,367.52841345608357,369.49815002254616,361.274962367188,364.13397216796875,74850700
2023-01-04,366.3905568832152,368.9722652057651,363.34989894273167,366.9451599121094,85934100
2023-01-05,364.9945163658359,365.1092537639918,362.16422021646383,362.7570495605469,76970500
2023-01-06,365.845539153224,372.1946147969525,362.7857679206914,371.07586669921875,104189600
2023-01-09,373.2655401902277,376.44964922378716,370.6838609207569,370.8655090332031,73978100
2023-01-10,370.28225918611713,373.53327899556643,369.34518834804146,373.4663391113281,65358100
2023-01-11,375.0439955334967,378.26633038365287,374.2312334389066,378.1898193359375,68881100
2023-01-12,379.2894696301709,381.0297021014003,375.2256881711222,379.5667419433594,90157700
2023-01-13,376.37315440820146,381.6130534140989,376.10542404617286,381.0393371582031,63903900
2023-01-17,381.0202202604648,382.6935423019026,379.6624261074559,380.34130859375,62677300
2023-01-18,381.52697849057256,382.58832869980466,374.1356658339176,374.3364562988281,99632300
2023-01-19,372.2998136739957,373.94445143359656,370.2918504811202,371.61138916015625,86958900
2023-01-20,373.00743655945655,378.68717265061133,371.36279868153923,378.5341796875,91806400
2023-01-23,379.3373059432333,385.0074698849866,378.3811219727352,383.07598876953125,84178800
2023-01-24,381.40259479828296,383.5731214964874,380.2169362364954,382.6647644042969,59524900
2023-01-25,378.6010242444025,383.1428977378186,376.31573073269413,382.8082275390625,84800300
2023-01-26,385.46642861189923,387.17800600043023,382.5022526217131,387.01544189453125,72287400
2023-01-27,385.97321255052447,390.2760402786123,385.7628509166012,387.9046936035156,68346200
2023-01-30,385.1508780562935,387.37880296998725,382.7413050405992,383.0377197265625,74202000
2023-01-31,383.5540574493801,388.7174447402499,383.20981606709955,388.6696472167969,86811800
2023-02-01,387.45528923844535,395.54462644508357,384.7206171548962,392.80035400390625,101459200
2023-02-02,396.6824246845757,399.98127069479483,394.78919930515946,398.518310546875,101654500
2023-02-03,393.55573107794413,398.7000051703591,393.0776391240828,394.2824401855469,94736800
2023-02-06,391.8346069060138,393.26888274999055,390.21865378736663,391.8728332519531,60295300
2023-02-07,390.9548967397829,398.241013206568,389.7118693730586,396.99798583984375,90990700
2023-02-08,395.02829871801737,396.36695047559357,391.9684982603406,392.6569519042969,76227500
2023-02-09,396.25217230001425,396.40516522520073,388.028984948847,389.2528991699219,78694900
2023-02-10,388.0768430374244,390.54381421799513,387.26410994237983,390.1613464355469,70769700
2023-02-13,390.81149214644563,394.875273798094,390.3525133608386,394.74139404296875,64913500
2023-02-14,393.2210725630297,396.86413102531327,390.61070909281807,394.55975341796875,88389300
2023-02-15,392.3700815999979,395.91751581058026,391.5286350725414,395.8410339355469,61555700
2023-02-16,390.87841017898984,394.8178830322616,390.25689650308516,390.3907470703125,76431500
2023-02-17,388.26800352329917,389.65448174842203,386.34606468801917,389.4154357910156,89257800
2023-02-21,385.39947527197734,386.4512833840668,381.3452649276504,381.6034240722656,82655900
2023-02-22,382.01461731866567,383.5540887169433,379.62415734279705,381.07757568359375,83742300
2023-02-23,383.9651432768238,384.57711488176614,378.88780991249257,383.1045837402344,96242400
2023-02-24,378.0942481460913,379.84405183245593,376.3922419822525,379.0121765136719,108194400
2023-02-27,382.3492579579314,383.7070519585176,379.365968807818,380.30303955078125,80444700
2023-02-28,379.82499112745273,381.785156708453,378.79229603840645,378.8974914550781,96438600
2023-03-01,378.0846868266854,379.30860107550785,376.1436346387775,377.44403076171875,99706800
2023-03-02,375.4743186281051,381.2209936912257,375.1396483986959,380.3795471191406,85127800
2023-03-03,382.1962358283126,386.7285670881584,381.54603781817946,386.4799499511719,90120000
2023-03-06,387.3022850157021,389.59714976739536,386.3078747490803,386.7477111816406,72795900
2023-03-07,386.6998590400402,386.93890498621045,380.20736297154104,380.8193054199219,108310600
2023-03-08,380.9341721144572,382.1963128648765,379.21302334137835,381.4409484863281,74746600
2023-03-09,382.22492782127654,383.8887075845493,373.4184826190144,374.4033508300781,111945300
2023-03-10,373.8583166785041,375.9332484862883,367.48058669730784,369.00091552734375,189253000
2023-03-13,365.08050452774603,373.284577202758,363.9713279086819,368.4749450683594,157790000
2023-03-14,373.38977088173,376.2105247410941,370.09092512623045,374.5658874511719,149752400
2023-03-15,368.98178810972763,372.4240265155613,366.8972852061237,372.2232360839844,172996900
2023-03-16,369.8709808076883,379.0981475511325,369.364204620796,378.75390625,143254200
2023-03-17,377.42565051475987,378.5582467760813,372.943216125859,374.32537841796875,140553400
2023-03-20,375.1028011958168,378.33746367070916,374.40214170963634,377.9247131347656,93055800
2023-03-21,381.28408976671983,383.3669404738883,379.6907633119906,382.88702392578125,91524200
2023-03-22,382.7142575848104,386.32321007597335,376.3217657060295,376.3601379394531,111746600
2023-03-23,379.2204571484992,383.25176789780386,374.6708576136584,377.3775939941406,119351300
2023-03-24,376.1010222149094,379.9403548581303,373.75902695920195,379.8539733886719,107682400
2023-03-27,382.1288028794633,382.8966870426311,379.6716321408978,380.56427001953125,74010400
2023-03-28,379.87320774489075,380.5642888800985,377.8767674052834,379.7100524902344,62871700
2023-03-29,383.86611930354206,385.4690537806492,382.6663276952182,385.2290954589844,77497900
2023-03-30,387.8590304445402,388.10859647318574,385.62263176835995,387.4847106933594,69840000
2023-03-31,388.4060846284512,393.2436518891425,388.3004877505952,392.94610595703125,112062600
2023-04-03,392.42785614585927,394.846625551224,392.0343209722465,394.4435119628906,67391100
2023-04-04,395.08658715925804,395.3745547308176,390.8825125238686,392.2550964355469,66601500
2023-04-05,391.52554275858984,392.2838191469049,389.577082640603,391.2279968261719,65200200
2023-04-06,390.4313714897771,393.0325407601975,389.3851567329968,392.7541809082031,63743300
2023-04-10,390.27775752337686,393.23406013832266,389.66347951634174,393.1572570800781,63681000
2023-04-11,393.78116601430696,394.6641961280183,392.4949930804865,393.2628479003906,59297900
2023-04-12,395.3264818376402,395.61444936283374,391.0744279375137,391.659912109375,86420400
2023-04-13,392.7445207254535,397.2173467130726,391.6023169352439,396.8622131347656,85814800
2023-04-14,396.22873922494233,398.4171577397506,393.58919793642514,395.8927917480469,78161500
2023-04-17,395.8064093482449,397.3325406110166,394.577824032139,397.3133544921875,66436400
2023-04-18,398.887415353016,399.0218060432113,396.199894466918,397.57244873046875,63560000
2023-04-19,395.6624479202901,398.4075568472331,395.60486027089866,397.5053405761719,55227300
2023-04-20,394.6929889766768,397.0829934844094,393.7907434550367,395.3360900878906,75840400
2023-04-21,395.63361128968654,396.10392013942635,393.6947589557848,395.6432189941406,73457400
2023-04-24,395.4416314735753,396.4782676301581,394.10747868962846,396.0559387207031,64332100
2023-04-25,394.08826140218645,394.6449810037149,389.71142480850085,389.7690124511719,97766700
2023-04-26,390.3833857943013,391.4583943618871,387.56147365849546,388.1181640625,80447000
2023-04-27,390.65217716252755,396.1136313192731,390.40261111578326,395.8448791503906,92968400
2023-04-28,394.9617272106124,399.2329963765921,394.904139565875,399.223388671875,89433100
2023-05-01,398.7819109693187,400.8455465437123,398.58993260769745,398.8203125,62122300
2023-05-02,398.1099974743272,398.1580067083917,391.43917444922255,394.3378601074219,103998500
2023-05-03,394.83694265774216,397.2461331896153,391.3911452329056,391.631103515625,91531800
2023-05-04,390.5849268562114,390.91126663739385,387.52305652796423,388.85723876953125,94901900
2023-05-05,392.4853583991723,397.10215328992234,392.2262140059175,396.0559387207031,87891800
2023-05-08,396.3823627822816,396.64150723066325,394.76024214675766,396.1615905761719,50046800
2023-05-09,394.61623373049684,395.53766541370464,394.1939047732381,394.42425537109375,49220100
2023-05-10,397.25577792419296,397.88927136463667,392.44700411687967,396.26715087890625,96142900
2023-05-11,395.4033173680311,395.8640185793233,393.5028369960926,395.5760803222656,70157100
2023-05-12,396.8142503993596,397.0254148728848,392.63897016343816,395.0577392578125,70481500
2023-05-15,395.6624389099318,396.8238288685914,393.75238023444746,396.42071533203125,54289400
2023-05-16,395.3168627044219,396.23832360826236,393.7619377053924,393.77154541015625,57705500
2023-05-17,395.78721992832476,399.1562144912637,394.14591338269895,398.5515441894531,87287000
2023-05-18,398.23477512417634,402.8131980774416,398.01403224251106,402.390869140625,97177200
2023-05-19,403.29314851307697,403.8210450825171,400.5864117249465,401.8053894042969,103793300
2023-05-22,401.8246282749285,403.5043365562108,400.5864351115969,401.9685974121094,60745400
2023-05-23,400.3271976557855,401.90133808318683,397.06377080135275,397.4573059082031,86383500
2023-05-24,395.85447559408595,396.2384030684528,393.41649072958387,394.577880859375,89213700
2023-05-25,398.0812240048889,399.4442000783956,395.84482546980115,397.9948425292969,90961600
2023-05-26,398.6475192492727,403.86901432087706,398.5707454798897,403.1491394042969,93830000
2023-05-30,405.07840112218025,405.6062976614237,401.9205417166639,403.3027038574219,72216000
2023-05-31,401.4790054006544,402.38125089733444,399.5017514717894,401.0662841796875,110811800
2023-06-01,401.29664281865877,405.93265339027886,400.04887142591303,404.8768310546875,88865000
2023-06-02,407.4491692853337,411.51885243910056,406.92127277329087,410.7318115234375,91426200
2023-06-05,411.0773593229492,412.36353228842165,409.2440744066445,409.94476318359375,65460200
2023-06-06,409.5320736758542,411.3653294424387,408.87936479133043,410.8374328613281,64022200
2023-06-07,411.2309384070294,412.3635345526036,408.9945106484148,409.4168395996094,85373300
2023-06-08,409.48399798951436,412.34431121135276,408.71614321581194,411.8931884765625,61952800
2023-06-09,412.689850828952,414.63831094166113,411.6436362158996,412.63226318359375,85742800
2023-06-12,413.61131547404943,416.45241340725585,412.8914406087862,416.3756103515625,76104300
2023-06-13,417.8345851160925,419.76382988102273,417.1722978814529,419.1207580566406,95899700
2023-06-14,419.45677881703784,421.42442545450064,416.17413589387496,419.61993408203125,100612100
2023-06-15,418.8040012480244,426.0699454976172,418.7080413628314,424.8221740722656,110303100
2023-06-16,426.8047878199797,427.3731894001626,422.90303570152577,423.3750915527344,114165800
2023-06-20,421.4386947666536,422.3250049416328,419.107257409602,421.1785583496094,76160400
2023-06-21,420.1958856547502,420.9954934589653,418.43284996744785,419.0205383300781,76982300
2023-06-22,418.06681362984074,420.6390713007603,417.72961825633774,420.5331115722656,70637200
2023-06-23,417.084192410939,419.1362363473925,416.6410372408123,417.35394287109375,92074500
2023-06-26,416.78554609984883,418.7027001286234,415.40789299777055,415.64874267578125,72823600
2023-06-27,416.52546757068427,420.82221788862665,416.0726689689762,420.2056579589844,72813700
2023-06-28,419.1265310456325,421.4290677123489,418.509971256602,420.4175109863281,75636000
2023-06-29,420.00328366247703,422.2383756741101,419.5986726779713,422.0745849609375,67882300
2023-06-30,425.28267848094407,428.0379843526411,424.96474047999936,427.0553283691406,104964000
2023-07-03,426.7084788639364,427.8259952574617,426.4290850652605,427.546630859375,32793400
2023-07-05,425.7354801650757,427.6430199831629,425.7258367708566,426.91082763671875,58418400
2023-07-06,423.3366038147622,423.9917077726785,421.06296794825374,423.56781005859375,80658300
2023-07-07,422.57559300201825,426.4388313482084,422.25765495425793,422.4985046386719,86134200
2023-07-10,422.1419696202549,423.7412147414674,421.5735680037754,423.56781005859375,62443500
2023-07-11,424.32893908451956,426.7566930521444,423.3558970583311,426.2653503417969,64463800
2023-07-12,430.0514894814251,431.1015903646367,428.62564905437046,429.69500732421875,91924500
2023-07-13,431.506253963796,433.89549322497544,431.0727422071223,433.1054992675781,72425200
2023-07-14,433.9917527644729,434.8395187204355,432.07456981935877,432.8356628417969,69815800
2023-07-17,432.6912196663996,435.3887239970372,432.6430320958501,434.338623046875,52680200
2023-07-18,434.0110058202374,438.21140898958953,433.5774647534116,437.5659484863281,80668200
2023-07-19,438.35604491544507,439.72405458332963,437.48896257877516,438.5390930175781,65891700
2023-07-20,437.54673021651973,438.44268380742795,434.9166416038705,435.6295471191406,70591600
2023-07-21,437.34439535359957,437.54673021651973,435.6199331260899,435.6295471191406,71275600
2023-07-24,436.77598531715506,438.38487379289774,435.7451418375123,437.57562255859375,54023400
2023-07-25,437.30587795856155,440.02263949533193,437.2576903912355,438.7702331542969,55191200
2023-07-26,437.8356733954943,440.2634267868881,436.7855726642753,438.8376159667969,71052900
2023-07-27,442.2191833737535,442.62382369326946,435.0225951669556,435.9281921386719,92194400
2023-07-28,439.1941936182639,441.024645224626,435.9282579906258,440.1961364746094,80011800
2023-07-31,440.6681140687776,441.39066294813205,439.3578768125751,441.0342102050781,62040400
2023-08-01,439.5698514127993,440.51399258801536,438.8184017102693,439.7721862792969,55291500
2023-08-02,436.66043160748643,436.9205386548979,432.9031828085776,433.6546325683594,93933400
2023-08-03,431.64112757810364,434.2904737931767,430.9956375639887,432.4118347167969,64276100
2023-08-04,434.2230384704291,436.3232404604835,429.9359027397443,430.4561462402344,100128900
2023-08-07,432.28658168791264,434.36752621178806,431.59293351328745,434.21337890625,58357500
2023-08-08,431.6796137883657,434.2037427118271,428.9724661870649,432.3251037597656,71361300
2023-08-09,432.59488283321724,432.7586735355105,428.6738433785323,429.4349365234375,78789600
2023-08-10,431.7855978075418,435.1671361209915,428.4233462814403,429.58905029296875,93005500
2023-08-11,427.7200290859293,430.35011754971424,427.1227267257981,429.3385314941406,68690900
2023-08-14,428.4233330175674,431.70849609375,428.11503843544807,431.70849609375,47867400
2023-08-15,429.9358890851779,430.2923712690211,426.1111954097984,426.67962646484375,75707500
2023-08-16,426.26537646534126,427.9224233894094,423.4426253576642,423.5486145019531,80107200
2023-08-17,425.01291328665195,425.273020314269,419.8009235363625,420.3211669921875,95711300
2023-08-18,417.5079955464786,421.5542809321435,417.1611862051528,420.5234375,98852000
2023-08-21,421.53502982303786,424.0013277942752,419.38666984217986,423.259521484375,68719000
2023-08-22,425.0321947779214,425.0321947779214,421.55433988295033,422.11309814453125,64994200
2023-08-23,423.1728380844883,427.43107286328376,423.0283341735705,426.8144836425781,68441000
2023-08-24,428.41369725884107,428.92429730681755,420.87027025881116,420.8992004394531,88517300
2023-08-25,422.62372359066535,425.14782341445994,419.07842352366526,423.86651611328125,102325100
2023-08-28,426.05336574379237,427.1709115909124,423.8664616174519,426.5543518066406,61595400
2023-08-29,426.4483889303442,432.999517120143,426.26534084235647,432.7201232910156,83081900
2023-08-30,433.05731299234867,435.1382574911251,432.35402143192493,434.5024108886719,69053900
2023-08-31,435.11898360214246,436.2557869248091,433.6835290574293,433.8665771484375,66084600
2023-09-01,436.5832902552028,437.0649894821143,433.2210096589612,434.6757507324219,58944100
2023-09-05,434.23263347174435,434.5505420529184,432.72973410501413,432.7971496582031,55166200
2023-09-06,431.987958395261,432.0939475374288,427.5659620214055,429.88775634765625,70758500
2023-09-07,426.8915375451562,429.24223247025344,426.5447281630559,428.56787109375,70355400
2023-09-08,428.61607641541775,430.7451793135571,428.25962359995947,429.21337890625,61659700
2023-09-11,431.8337979292306,432.3443980335229,430.1285929169173,432.0361328125,60180100
2023-09-12,430.5909909482861,432.1131477113599,429.08809157187744,429.6661071777344,67565400
2023-09-13,429.8877509320253,431.3232055262028,428.7894623481302,430.1671447753906,60199300
2023-09-14,432.6334271290332,434.5698383708397,431.332833106535,433.8761901855469,83430800
2023-09-15,432.2935551441486,432.6222625307114,428.2136712808251,428.6487121582031,111848900
2023-09-18,428.3393572391215,430.1956202798295,427.8656361967372,428.9001159667969,55752200
2023-09-19,427.9815868766938,428.5713482483716,425.332573169419,428.0105895996094,66514600
2023-09-20,429.26743850526196,429.6831540306982,423.87269606637597,424.07574462890625,82562600
2023-09-21,421.2334205936458,421.4944451347644,416.9118372759941,417.0665283203125,104095800
2023-09-22,418.09131961695476,419.6865285568745,415.71297806578804,416.12872314453125,100829700
2023-09-25,414.920205158679,417.9172517040119,414.485134786977,417.87860107421875,70874500
2023-09-26,414.84285049792544,415.54862280920696,410.90798029741677,411.73944091796875,96168400
2023-09-27,412.90925504168933,413.4700137261174,408.2686420542666,411.9037780761719,104705800
2023-09-28,411.3527373620953,415.964347748709,410.76297593705533,414.2917785644531,92258300
2023-09-29,417.3372277775056,417.5112441372113,411.76846823252566,413.2863464355469,115111300
2023-10-02,412.4548865420046,414.36915501527096,410.3666017087048,413.1219787597656,83798600
2023-10-03,410.94667474306095,413.1799731499237,406.2287013020404,407.5918884277344,103760600
2023-10-04,408.0559363281981,411.30435944495287,406.59606370497346,410.5599365234375,87453000
2023-10-05,410.269877205424,411.2463514179395,407.1858225474584,410.4052429199219,70142700
2023-10-06,407.9592644123595,416.81512702154566,406.6347574601129,415.2779235839844,113273300
2023-10-09,413.3829806224,418.5070215863633,412.8319288458573,417.9366149902344,80374400
2023-10-10,418.5649967058061,422.70288570856627,418.1686064888882,420.11187744140625,78607300
2023-10-11,421.17540990507433,422.08417183466213,418.797068320578,421.83282470703125,62451700
2023-10-12,422.44187816631086,422.8189135801861,416.91179922986146,419.2611083984375,81154200
2023-10-13,420.7596289275812,421.9584770278049,415.60661494268294,417.1728210449219,95143100
2023-10-16,419.4158131019472,422.6255856986061,419.1741138914331,421.5621032714844,75433200
2023-10-17,418.43931518310666,423.59235858221746,418.09128250171426,421.542724609375,75324700
2023-10-18,419.77349041439385,420.7306097718711,414.8428210042976,415.9256286621094,93559800
2023-10-19,416.64108906158174,418.44899434083845,411.5944086302288,412.2711486816406,121323000
2023-10-20,411.8361657385735,412.37756965755136,407.0988371910665,407.2052001953125,123919900
2023-10-23,405.67760643648245,410.35692908932583,403.92770652261123,406.4993896484375,92035100
2023-10-24,408.61667642933105,410.7146385432617,406.7700909338865,409.56414794921875,78564200
2023-10-25,407.8819596802007,407.9109624071266,403.17363397769196,403.68603515625,94223200
2023-10-26,402.6225823087564,403.47333880031834,397.93361142540357,398.85205078125,115156800
2023-10-27,400.43756406837696,400.83395429205797,395.6229054415524,397.0440979003906,107367700
2023-10-30,399.82854108268697,402.84494282186495,398.5330367205683,401.7911376953125,86562700
2023-10-31,402.36153498192397,404.63351364420447,400.4569438698378,404.3144836425781,79665200
2023-11-01,405.2812643437381,409.43847913059346,404.7495083565733,408.6263732910156,98068100
2023-11-02,412.41622487157895,416.61214954670544,412.3968995543654,416.45745849609375,94938900
2023-11-03,418.7584345746445,421.80383898984763,418.63274625361095,420.2569580078125,100167800
2023-11-06,421.01096687249964,421.6683815579989,419.2803924905788,421.2236633300781,67831700
2023-11-07,421.2237277176419,423.0606358569916,420.0829145000172,422.42254638671875,64256100
2023-11-08,423.0219303160148,423.544008852029,420.4309219590949,422.7319030761719,61746000
2023-11-09,423.8727133946502,423.9113935278032,419.0097266771128,419.43511962890625,83174400
2023-11-10,421.5040718428815,426.2896982135309,419.4254351571336,425.9803161621094,89462200
2023-11-13,424.64619358239656,426.6764433760795,423.86309048956497,425.5743103027344,52236100
2023-11-14,431.50082633241226,435.1166375219735,431.2784524100305,433.830810546875,97176900
2023-11-15,435.16486101976614,436.3927117469104,433.8983596665992,434.7491455078125,77327600
2023-11-16,434.30444014118734,435.59994425440004,433.24095780816333,435.2809143066406,66665800
2023-11-17,435.2906316917746,436.43147446982493,434.37219232906403,435.8223876953125,83133200
2023-11-20,435.5709613361329,440.01823251915994,435.56128392675316,439.1771240234375,69936200
2023-11-21,438.13299304399567,439.0514618608499,436.9534996970191,438.2200012207031,49244600
2023-11-22,439.8732451207241,441.22675482120695,438.8194400859089,439.9118957519531,59394900
2023-11-24,439.9602117787139,440.3759273074353,439.631504418495,440.18255615234375,29737400
2023-11-27,439.55420100976517,440.3663068584605,439.0031197003399,439.3898620605469,50506000
2023-11-28,439.00313736224456,441.12042500107185,438.4424081242647,439.8249206542969,62115000
2023-11-29,441.97117519611106,443.10234049536746,439.1191421839662,439.5155029296875,63146000
2023-11-30,440.35665713551293,441.59415597189025,438.2876976332808,441.24609375,79752700
2023-12-01,440.6369649429203,444.38814123082403,440.0472330596215,443.8564147949219,89183400
2023-12-04,440.47265370720123,443.8757680204174,439.25448022667734,441.5264587402344,72430900
2023-12-05,440.14391844231596,442.3965419933345,439.7668535301099,441.4394226074219,69793500
2023-12-06,443.57609928018036,443.60510200805135,439.2255130737281,439.66058349609375,69124700
2023-12-07,441.7391409339485,443.66305717468333,441.13973162302386,443.01531982421875,66995400
2023-12-08,442.27087844484373,445.451648340426,442.02917923250493,444.919921875,83194400
2023-12-11,444.4268611503367,446.8245280398024,444.21416465607524,446.6504821777344,65002200
2023-12-12,446.3023795471641,448.78705422627996,445.30658009464025,448.69036865234375,68327600
2023-12-13,449.0674107718607,455.12924524748996,448.70970069679584,454.87786865234375,93278000
2023-12-14,456.8114895469167,458.0006602364905,453.6693999362765,456.3377685546875,119026000
2023-12-15,455.7417439978948,456.91633245678577,453.74207009746453,455.58642578125,141553700
2023-12-18,457.1881698520897,459.1296032853033,456.13009218585904,458.149169921875,70375300
2023-12-19,458.69273602664884,461.0127630324847,458.61509172941334,460.9350891113281,55761800
2023-12-20,460.0808576886502,461.96405036999886,454.1206728290634,454.54779052734375,102921000
2023-12-21,457.5278509164755,459.1295570366737,455.1107760152546,458.8577575683594,86667500
2023-12-22,459.98374941589714,461.45925759296136,457.8870276491879,459.7799072265625,67160400
2023-12-26,460.1876248035588,462.62410332069675,460.1099508863103,461.7213439941406,55387000
2023-12-27,461.5175089754055,462.7017844285322,460.98362668768385,462.5561828613281,68000300
2023-12-28,462.9153345190397,463.5656980482324,462.31349497002446,462.73089599609375,77158100
2023-12-29,462.5367654374911,463.06096072132885,459.4401769650659,461.3913269042969,122283100
2024-01-02,458.333531951908,459.7993234289346,456.71242227128295,458.8091735839844,123623700
2024-01-03,456.6542463475319,457.39200051317124,454.4604467676884,455.0622863769531,103585900
2024-01-04,454.5865557790852,457.1686653982138,453.3731600721968,453.596435546875,84232200
2024-01-05,453.8003122508208,456.66393818647634,452.7713549830218,454.2177429199219,86118900
2024-01-08,454.71275316529835,460.8476889622242,454.5865552720958,460.70208740234375,74879100
2024-01-09,458.05205442710235,461.02244496424106,457.54729244084217,460.0032043457031,65931400
2024-01-10,460.27499186871785,463.4686578138975,459.9934757568045,462.6047058105469,67310600
2024-01-11,463.60455806414546,464.119036700077,458.4306513904914,462.40087890625,77940700
2024-01-12,463.8472262405501,464.58498035155515,461.3136700813151,462.72119140625,58026400
2024-01-16,461.3428140279713,462.6532578332319,459.2072255045687,461.0224609375,85014900
2024-01-17,458.0035093314712,458.9451056102245,456.11060012839494,458.4597473144531,68843900
2024-01-18,460.12938495584103,463.09005873569527,458.58594911701266,462.5367431640625,91856200
2024-01-19,463.66277131466796,468.5843115147551,462.5852901238366,468.30279541015625,110834500
2024-01-22,469.83656769535,471.0111265282756,468.6425755704272,469.29296875,75844900
2024-01-23,469.8365052457373,470.90426970251536,468.7493074995451,470.6615905761719,49945300
2024-01-24,473.52526505734005,474.45714470411593,470.6810725123754,471.1761474609375,81765000
2024-01-25,473.3020267275593,474.01066056996024,471.17618444820096,473.7388610839844,72525000
2024-01-26,473.3116847619897,474.7968799164263,472.2924442217773,473.136962890625,76641600
2024-01-29,473.4476261562877,477.0295728420406,472.9040272208165,476.8839416503906,61322800
2024-01-30,476.1947226231299,477.2236798269538,475.7578883130134,476.51507568359375,58618400
2024-01-31,474.31152767890586,474.7580490082776,468.7201907326481,468.7396240234375,126011100
2024-02-01,470.43836054795435,474.90366254751126,469.63264923202524,474.8745422363281,91891600
2024-02-02,475.31136898916844,481.523949196212,474.97161226030033,479.8737487792969,99228200
2024-02-05,479.24275149109314,479.9028316062999,475.8743640258932,478.12640380859375,75757100
2024-02-06,479.06809742412736,479.8446885622171,477.64114268330553,479.5146484375,55918600
2024-02-07,481.7570430693595,483.9314391950858,480.8542539422272,483.5140380859375,70556500
2024-02-08,483.5140107138251,484.10613370157176,482.69861221283804,483.7275695800781,52343600
2024-02-09,484.2322563033971,486.95996752942966,483.89249957484776,486.5231628417969,63979400
2024-02-12,486.49406987855394,488.75582660767503,485.59128089218916,486.30963134765625,56502300
2024-02-13,480.0485287007201,482.53356108402113,476.35010044182593,479.6116943359375,113099200
2024-02-14,482.2423403647749,484.4555731763151,479.92231331563113,483.97021484375,68387800
2024-02-15,484.66912826614583,487.49391729462275,484.1934569596569,487.3094787597656,61683000
2024-02-16,487.0085316428908,488.14425347916483,484.1449058140717,484.8826599121094,75532900
2024-02-20,483.1450448811934,483.814841673976,479.9708124113375,482.2131652832031,71736700
2024-02-21,480.9124629140013,482.8053426352379,479.1069145137689,482.6500244140625,59293400
2024-02-22,489.25091074641995,493.59970240133447,488.2898811137423,492.6387023925781,76402500
2024-02-23,494.3568862406584,495.191718012327,492.250447577862,492.9784851074219,61321800
2024-02-26,493.41526570907337,493.8521000550051,491.0467146922128,491.17291259765625,50386700
2024-02-27,491.86214231163,492.30866367947897,489.9692329795254,492.08538818359375,48854500
2024-02-28,490.5322390639573,492.01743437576624,490.17307863790023,491.4350280761719,56506600
2024-02-29,493.19203416880555,494.8131144463538,490.5516835957709,493.20172119140625,83924800
2024-03-01,494.075392019808,498.2591489639279,493.6676779750869,497.83203125,76844800
2024-03-04,497.03610351614157,499.14254217920546,497.0069535759895,497.29815673828125,49799300
2024-03-05,495.29842384541166,495.7449748064334,490.1245174506037,492.3280334472656,72855600
2024-03-06,495.5993458504527,497.0748540345267,493.53174438668293,494.8227844238281,68382400
2024-03-07,498.1135389799133,500.7830096761973,494.8810360564722,499.734619140625,58652100
2024-03-08,500.36560770630734,503.04473579557066,496.1623881738849,496.735107421875,86532500
2024-03-11,495.5314219659159,496.89041928478855,493.6093924281333,496.3079833984375,62557200
2024-03-12,498.41446966211043,502.22937893995004,495.90028750048145,501.64697265625,73114400
2024-03-13,501.9672573875113,502.14197926945354,499.4239845817287,500.8606262207031,55104100
2024-03-14,501.8312904786425,501.98663830049765,496.8321359535948,499.8704833984375,110171800
2024-03-15,496.80813351794416,498.2590153922283,494.7730358188075,496.4381103515625,107646300
2024-03-18,500.498619372016,501.93972478311895,498.9795987021718,499.3885498046875,88893300
2024-03-19,498.69724067048253,502.4460879024091,497.6942674328087,502.1637268066406,60755300
2024-03-20,502.22213711517423,506.94471696954355,501.5502591703246,506.8083801269531,69594600
2024-03-21,509.6419901809582,510.34304922248214,508.20082532016534,508.4832458496094,60256100
2024-03-22,508.3955498176283,508.88241615238655,507.2854803107173,507.51922607421875,79070800
2024-03-25,506.1462159868013,507.2660322991133,505.96120440733904,506.1170349121094,48512100
2024-03-26,507.53866742888704,507.87950952715136,504.78304672651166,505.1822509765625,65463700
2024-03-27,508.00609219695343,509.4666912006187,505.8443747669276,509.4277038574219,82999800
2024-03-28,509.46662856862366,510.82981847863687,509.04793070421056,509.3302917480469,96294900
2024-04-01,510.07039018205234,510.60593125263364,507.2854696375655,508.4442138671875,62477500
2024-04-02,504.62721155274875,505.3477642225264,502.9134325371014,505.21148681640625,74230300
2024-04-03,504.12083842082313,507.2660352902269,504.0721636747669,505.7664489746094,59155800
2024-04-04,509.76853565111946,510.1093183056524,499.2911628340767,499.593017578125,96858100
2024-04-05,500.94653513579135,506.7694375345306,500.5083435441168,504.8122253417969,74546500
2024-04-08,505.5133313161047,506.51624504555883,504.28641866242464,505.0945739746094,48401800
2024-04-09,506.82779978442835,507.0712329255352,500.8393207404325,505.6788024902344,68049200
2024-04-10,499.9922143304957,502.60181066009386,498.6387711363,500.61541748046875,82652800
2024-04-11,502.13451800051297,505.83469071601695,498.6291037293899,504.3935852050781,70099000
2024-04-12,500.85889444352966,502.27081877394835,495.70784003413945,497.4313659667969,92561100
2024-04-15,501.5989207934361,501.7644387082916,490.3522904966187,491.199462890625,92101400
2024-04-16,491.6766166443132,493.19563735543574,489.0183155418661,490.30364990234375,73484000
2024-04-17,492.7574157801548,492.9229634124424,486.00945537176443,487.4018859863281,75910300
2024-04-18,488.7943295112607,490.88784877913054,485.46415075166374,486.39892578125,74548100
2024-04-19,486.32104754330464,487.3142441699,480.8876025986124,482.1534729003906,102212600
2024-04-22,484.7533503648902,489.18385210193054,482.41639776348796,486.5937194824219,67961000
2024-04-23,488.5995489497242,492.79633413093177,486.4086505723251,492.3678894042969,64633600
2024-04-24,493.2539723124738,494.04269332334195,489.9140767019127,492.1341857910156,55928100
2024-04-25,486.0678630419317,491.02415872515365,484.42225246602163,490.2646484375,69122400
2024-04-26,493.0495298783495,496.4868049205615,492.4166096033967,494.90936279296875,64306100
2024-04-29,496.6913201679961,497.33398732987405,493.9259228058318,496.662109375,46415400
2024-04-30,495.20149000874,496.1752226900087,488.7943420410156,488.7943420410156,77483600
2024-05-01,488.2101273744075,494.84124497607075,486.7397814235659,487.2071838378906,80242800
2024-05-02,490.90730120185356,492.60161619088024,486.4281251448712,491.7641906738281,62550200
2024-05-03,497.73318173027803,499.08665465274976,495.20147091341136,497.8597717285156,72756700
2024-05-06,500.25513498697876,503.039996024656,499.81694342031363,503.0010681152344,47264700
2024-05-07,503.96513398697067,504.9486136014355,502.8843048675207,503.5561828613281,52561300
2024-05-08,501.72553086291623,504.14036899052337,501.6086876910597,503.6048278808594,42047200
2024-05-09,503.7898378767789,506.5455181068331,503.1374535973279,506.50653076171875,43643700
2024-05-10,508.1034888313709,508.91170366265516,505.9418306327187,507.15899658203125,52233200
2024-05-13,508.8337028193061,508.9407991411694,506.08776976766853,507.2270202636719,36716400
2024-05-14,507.4217834719146,510.07036706182174,506.88624242560803,509.55426025390625,57535900
2024-05-15,512.01781913004,516.1561825946173,511.3848691803367,515.8640747070312,59504900
2024-05-16,515.9614786446474,517.558414507879,514.6566506998298,514.802734375,50244800
2024-05-17,514.9195214966393,515.6108930215729,513.4686694664939,515.542724609375,59187600
2024-05-20,515.6595992673854,517.5973177042522,515.2700824401487,516.13671875,37764200
2024-05-21,515.3772666864285,517.5584184029028,515.1727614260365,517.402587890625,33437000
2024-05-22,516.7113097871478,517.4221156794935,513.7413773413039,515.912841796875,48390000
2024-05-23,518.9606609347318,519.0677572803991,510.9370526401655,512.14453125,57211200
2024-05-24,513.9848197975488,516.3412958961842,513.0403275362747,515.5330810546875,41291100
2024-05-28,516.3413100648252,516.5749964273494,513.2642811397658,515.8933715820312,36269600
2024-05-29,511.871810616093,513.4589997088932,511.56995584928654,512.28076171875,45190300
2024-05-30,510.7422171925198,511.40434819604866,507.63600797436754,508.8823547363281,46377600
2024-05-31,509.8367164200918,513.6439850215788,504.7440541264526,513.5173950195312,90785800
2024-06-03,515.1241421408643,515.4065032558699,508.87273480704334,513.9361572265625,46835700
2024-06-04,512.631323194632,515.2506664560023,511.17072418863216,514.5106201171875,34632700
2024-06-05,516.8280887412405,520.645104022442,514.8416361330836,520.6256103515625,47610400
2024-06-06,520.927446289771,521.3558910101924,518.6878732006264,520.6158447265625,30808500
2024-06-07,519.6421291117942,522.787325920015,518.5515533208824,519.9829711914062,43224500
2024-06-10,519.1747009286601,521.9108869486413,518.5807383516342,521.5895385742188,35686100
2024-06-11,520.0413486344055,522.9041247005574,518.0743898707741,522.845703125,36383400
2024-06-12,527.4028804771598,529.8274655446977,526.1077992631506,527.1399536132812,63251300
2024-06-13,528.8828575806059,529.0581223075357,525.4163720846324,528.2012329101562,44760900
2024-06-14,526.6725282080745,528.5518251182958,525.6695550365463,528.5226440429688,40089900
2024-06-17,527.8409678567655,534.1215548157255,527.3832826445532,532.7290649414062,55839500
2024-06-18,532.7875604635906,534.2092316077063,532.3688625324717,534.0826416015625,41376400
2024-06-20,535.0076850141029,535.669816103357,530.8595742964317,532.6317749023438,70328200
2024-06-21,531.8102827682807,533.0313753907063,530.4621917432297,531.917724609375,64338600
2024-06-24,531.7418545665156,534.3012597413704,530.0713785197397,530.1885986328125,45528700
2024-06-25,531.4097461795637,532.5917853363576,529.8956032092343,532.2303466796875,37936200
2024-06-26,531.1166134619692,533.6076301716555,530.4719028733521,532.89453125,38550600
2024-06-27,532.7578061070262,534.3110621107577,532.0153722749866,533.7346801757812,35041500
2024-06-28,534.5064116818106,537.5543137581463,530.3938098387125,531.6343994140625,76144500
2024-07-01,533.0117265646933,533.2559450469041,529.9736629556671,532.7284545898438,40297800
2024-07-02,531.1265210220305,536.313720703125,531.0776892361615,536.313720703125,40434800
2024-07-03,536.0010100914286,539.068408833479,535.9619565950238,538.7069702148438,32789900
2024-07-05,539.0097918869257,542.2139076372644,538.3747999305978,541.8134155273438,41488400
2024-07-08,542.5949332840256,543.3861988920726,541.3738407022457,542.4386596679688,36110500
2024-07-09,543.3958913589794,544.2945986626197,542.6730142045088,542.966064453125,27289700
2024-07-10,544.1872742397521,548.6808713510104,543.8942239279161,548.3389892578125,38701200
2024-07-11,548.4561564855596,549.3255886798729,542.9759074999535,543.61083984375,53054200
2024-07-12,544.7342644743289,550.6345620898736,544.2653840243584,547.0396728515625,53084400
2024-07-15,549.0324432768749,551.7774564341378,546.6879221671659,548.5440063476562,40584300
2024-07-16,549.8530274778409,552.090047326324,549.1008154677004,551.7969970703125,36475300
2024-07-17,545.8772131422685,547.5476892504238,543.7378565645935,544.0602416992188,57119000
2024-07-18,545.593898977862,546.580551242634,537.7007404833427,539.879150390625,56270400
2024-07-19,539.6448610038084,541.2665056616279,535.2391485596726,536.294189453125,65509100
2024-07-22,540.2113760766848,542.4288993582354,538.277184442637,541.8232421875,43346700
2024-07-23,541.7157018138391,543.8648365993427,540.484890622907,540.9733276367188,34439600
2024-07-24,536.1670544374522,536.4698829953903,527.7952370228695,528.7135009765625,74515300
2024-07-25,528.8307523766035,534.7994982405838,525.0209792890996,525.958740234375,61158300
2024-07-26,529.7392217162956,534.5356464631268,528.9674531548811,531.8492431640625,53763800
2024-07-29,533.3928583100442,534.3990077101311,530.1691258203317,532.1619873046875,39515800
2024-07-30,533.6272524601584,534.6822931769603,526.0662565076813,529.4657592773438,46853600
2024-07-31,536.2842643515584,540.6997538692295,534.9166765387299,538.0719604492188,65663400
2024-08-01,539.7913062018092,542.0381046138815,526.9551667505608,530.452392578125,76428700
2024-08-02,523.3603002519518,524.5716145988897,516.3756265717791,520.5762329101562,82789100
2024-08-05,499.8078827767836,511.47176200774925,498.4695402072865,505.4151306152344,146267400
2024-08-06,507.2125052074326,517.4990173620844,505.89374911647377,510.0747985839844,84826300
2024-08-07,516.248505027595,519.2964063532022,506.0694960053338,506.6653747558594,70698300
2024-08-08,511.79405372836936,519.0033889369354,509.77197692780607,518.3782348632812,63276600
2024-08-09,517.5576103421191,522.1489300560904,516.3365178449808,520.6640625,45619600
2024-08-12,521.8559471668351,523.3407552909962,518.6713279832952,520.9376831054688,42542100
2024-08-13,524.1223559231595,529.7393827100993,523.8781373672056,529.5048828125,52333100
2024-08-14,530.2960824274743,532.3573320967027,527.6292352085552,531.17529296875,42446900
2024-08-15,536.7922766972661,540.5629961238054,536.1866195717042,540.2797241210938,60846800
2024-08-16,538.6678476452682,542.1846298407453,538.5115740387317,541.4910278320312,44430700
2024-08-19,541.9013070349608,546.66845703125,541.0514314058853,546.66845703125,39121800
2024-08-20,546.2192073450451,547.8701270511177,544.4412892289927,545.7796020507812,33732300
2024-08-21,546.8247712917706,549.1106230342316,541.9012882335657,547.6550903320312,41514600
2024-08-22,549.5502187339081,550.155875826028,542.1454973391976,543.3568115234375,56121500
2024-08-23,546.5904001832064,550.0680696349215,544.4021520897437,549.1302490234375,50639400
2024-08-26,550.1559102385648,550.8690092024209,546.1214157161334,547.8211669921875,35788600
2024-08-27,546.5512887213379,549.0618623501647,545.4083627021253,548.5734252929688,32693900
2024-08-28,548.2315309438809,548.661357929549,542.204174863817,545.3887939453125,41066000
2024-08-29,547.352316743397,550.644377643334,544.2946960843145,545.4376220703125,38715200
2024-08-30,547.8016709409602,551.1523417216108,544.2556134288437,550.6443481445312,62700100
2024-09-03,547.508549729637,547.8407131286382,536.8020487007664,539.3126220703125,60600100
2024-09-04,537.4761456891545,541.6083040829072,536.7532683896355,538.2088012695312,47224900
2024-09-05,538.1502077884983,540.9928852935313,534.4478166491117,536.8997802734375,44264300
2024-09-06,537.2221175565589,538.8437022454943,526.9649400293706,527.8636474609375,68493800
2024-09-09,532.0543726925215,535.0436043247605,530.1299001804285,533.7736206054688,40445800
2024-09-10,535.6786451567546,536.4504138231891,530.8138314182086,536.0986938476562,36394600
2024-09-11,536.0108196239122,542.5167747623394,527.4729497044474,541.5985107421875,75248600
2024-09-12,542.1747991721596,546.4632899534062,539.957276313442,546.1604614257812,51819600
2024-09-13,546.7662020730168,550.0094311099382,546.5122052774053,549.0130004882812,39310500
2024-09-16,548.7492552395013,550.0875680057417,546.9518402590558,549.8238525390625,36656100
2024-09-17,552.0315464267048,553.4773606816602,547.8212213158272,550.0485229492188,49321000
2024-09-18,550.7030274298603,555.5385664291312,547.8603498689396,548.4171752929688,59044900
2024-09-19,557.8048475354702,559.6315971955383,554.9426137920285,557.7755126953125,75315500
2024-09-20,556.4096807844697,557.8500616857909,553.793383536953,556.8114013671875,77503100
2024-09-23,557.8794446150124,558.8495067502496,556.6643550711399,558.2027587890625,44116900
2024-09-24,558.996303987783,559.858594504234,556.1742731714936,559.7998046875,46805700
2024-09-25,559.6431398003925,560.3780425284191,557.4579883539482,558.5652465820312,38428600
2024-09-26,562.8179934718497,563.1413674659622,558.428192996937,560.7798461914062,48336000
2024-09-27,561.8478858705382,562.6611352170194,558.9376397719122,559.9664916992188,42100900
2024-09-30,558.9376557740085,562.8179640810873,556.6447925339722,562.21044921875,63557400
2024-10-01,561.8576982708267,562.5043864049716,554.6066335561335,557.1738891601562,72668800
2024-10-02,556.2823034605133,558.4282222492225,553.8914170466389,557.4091186523438,38097800
2024-10-03,555.9391917508498,558.3300776437013,554.1068390984451,556.3899536132812,40846500
2024-10-04,560.8287828388663,561.8184614824812,556.6643337627131,561.4461059570312,42939100
2024-10-07,559.7999074826037,560.446655391967,555.2239297880301,556.370361328125,49964700
2024-10-08,558.9376197622599,562.230029540932,558.0655806170524,561.6322631835938,37398700
2024-10-09,561.6225357741174,566.0809942856702,561.0248291372598,565.5224609375,37912200
2024-10-10,564.1800978620382,565.9536612034724,562.9258348238808,564.5328369140625,44138100
2024-10-11,564.4542980317323,568.6481717987969,564.3171018304082,567.9132690429688,42268000
2024-10-14,569.5202272995722,573.4887501402064,569.0401003876937,572.557861328125,36217200
2024-10-15,572.8224268603595,573.1261842726946,566.8941634738084,568.1092529296875,54203600
2024-10-16,568.1092586044506,571.0978512020905,567.305757742965,570.5784912109375,30725400
2024-10-17,574.1157772582931,574.3215715502484,570.4412636582532,570.62744140625,34393700
2024-10-18,572.3128360166068,573.6062719503354,570.8528388827377,572.8223876953125,37416800
2024-10-21,572.0972566282711,573.0771269383695,568.9126781204517,571.8817138671875,36439000
2024-10-22,569.3536780068462,572.7342428128154,568.697181591541,571.5780029296875,34183800
2024-10-23,569.5595423864669,570.0004960774122,562.8572017811279,566.3553466796875,49314600
2024-10-24,568.3051725972728,568.3835789691921,564.9638411001258,567.580078125,34979900
2024-10-25,569.8044050522926,572.6950344865168,566.443456997856,567.3840942382812,47268200
2024-10-28,570.8529569215461,570.9803448675634,568.8344261393737,569.13818359375,30174700
2024-10-29,568.1778099310847,571.1762108700161,566.7864107519835,570.0592041015625,42899700
2024-10-30,569.5888588084969,571.5780244818477,567.6291179550885,568.3346557617188,41435800
2024-10-31,563.9741674152153,564.0427655154251,556.9974954170759,557.1934814453125,60182500
2024-11-01,559.8195584319851,563.9643910438907,559.1336371976272,559.545166015625,45667500
2024-11-04,559.6823223393656,560.9757583388703,556.4585705161212,558.3399047851562,38217000
2024-11-05,559.251198693126,565.1304208425688,559.0356559214524,565.0912475585938,39478300
2024-11-06,577.3396500855225,580.0146771322202,573.6063462638446,579.142578125,68182000
2024-11-07,581.1415644099445,584.639708979933,581.063158030651,583.62060546875,47233200
2024-11-08,584.1693242787533,587.5695056932594,584.1693242787533,586.148681640625,46444900
2024-11-11,587.7360663213191,588.0888053142032,584.9826328704219,586.7072143554688,37586800
2024-11-12,586.6288429184635,587.2265495486535,582.4056036057904,584.8847045898438,43006100
2024-11-13,585.3451927424278,587.1677373847895,582.9837313260188,585.1688232421875,47388600
2024-11-14,585.2962448517161,585.7763718199695,580.7202664359244,581.4061279296875,38904100
2024-11-15,577.8491633593196,578.3195418358689,572.1071369723535,573.9591064453125,75988800
2024-11-18,574.4195885423085,577.6237838402152,573.5573576252949,576.310791015625,37001700
2024-11-19,572.9400384688264,579.142574989824,572.2737337790142,578.41748046875,49412000
2024-11-20,578.4958236706298,578.8975441726233,572.8615695316089,578.6134033203125,50032600
2024-11-21,581.4550191630284,583.140367253691,575.6247793256173,581.7195434570312,46750300
2024-11-22,581.7098478799927,584.1497754660484,581.2101642027249,583.5226440429688,38226400
2024-11-25,587.451946771504,588.7649396726674,583.2188992835091,585.5020141601562,42441400
2024-11-26,586.7462862080961,589.2253866159143,586.0310000728672,588.55908203125,45621300
2024-11-27,588.3729502321648,588.7550542016285,585.256969810655,586.7757568359375,34000200
2024-11-29,587.5890586237147,591.2047827973582,587.3147260107087,590.4208984375,30177400
2024-12-02,590.8324390421951,592.1552999944694,590.3425038316959,591.4791870117188,31746000
2024-12-03,591.2439870884159,591.9984465923378,590.2151351783115,591.7534790039062,26906600
2024-12-04,593.4389336760423,595.6730071584342,592.7726289600115,595.4280395507812,42787600
2024-12-05,595.4280516027892,596.2315525489399,594.0954421437544,594.4481811523438,28762200
2024-12-06,595.212464951605,596.8096584526629,594.800936138575,595.5750122070312,31241500
2024-12-09,595.4574149257465,595.6239761392873,591.9200973185369,592.5079956054688,34742700
2024-12-10,593.184106485161,593.6054435570935,590.0093361336401,590.6658325195312,37234500
2024-12-11,593.5858806768452,596.1825011825678,593.3114882757061,595.2320556640625,28677700
2024-12-12,594.369747252086,594.9380289691392,592.1650390625,592.1650390625,31543800
2024-12-13,594.1934650654297,594.9087513561514,590.6757038334936,592.0475463867188,35904700
2024-12-16,593.8015463634949,595.5457446292651,593.027470168396,594.5756225585938,43695200
2024-12-17,592.0278303510687,592.9880840930309,590.7540109408761,592.1257934570312,55773500
2024-12-18,591.822113059209,594.2031909866316,574.0962907751041,574.4784545898438,108248700
2024-12-19,579.456129686489,581.0631314525076,574.057034359764,574.302001953125,85919500
2024-12-20,571.9778879961826,585.722562754752,571.1323175828937,581.2000122070312,125716700
2024-12-23,580.9442707021165,585.2800160502417,577.7685966184363,584.6802978515625,57635800
2024-12-24,586.0272244384283,591.2183812455869,585.4471288073329,591.1790161132812,33160100
2024-12-26,589.409327922106,592.3391499159457,588.0132458991934,591.2183837890625,41219100
2024-12-27,587.4823797773107,587.7183905820746,580.8165297326684,584.9949951171875,64969300
2024-12-30,577.9948115421023,581.7799853973963,574.5733451400716,578.3192138671875,56578800
2024-12-31,579.9807622286955,580.6985158642835,574.583178079053,576.2152709960938,57052700
2025-01-02,579.4695486945864,581.180251846637,570.7291685588775,574.7994995117188,50204000
2025-01-03,577.6408633877121,582.6254735449975,576.5593423217554,581.9864501953125,37888500
2025-01-06,586.2337058999022,589.6059655334043,583.6086036715416,585.3389892578125,47679400
2025-01-07,587.3644406233403,587.6889029930588,576.9035745975999,578.722412109375,60393100
2025-01-08,578.7911287868388,580.6394897953063,575.3500401020275,579.5678100585938,47304700
2025-01-10,576.0186519228087,576.0874809051687,568.8120114375996,570.7193603515625,73105000
2025-01-13,566.0788468496604,571.9581742427216,565.6658729466735,571.604248046875,47910100
2025-01-14,574.5242054496483,575.1534475548353,568.6153544470202,572.3907470703125,48420600
2025-01-15,580.3937160773642,583.9429389739179,579.2827311805529,582.802490234375,56900200
2025-01-16,584.1690862304802,584.34604932179,580.9836305712422,581.6817016601562,43319700
2025-01-17,586.9121689712896,589.2717368825727,585.5848557638515,587.521728515625,58070600
2025-01-21,590.5596519481012,592.9094384516549,588.5933154613438,592.8995971679688,42532900
2025-01-22,595.7213992287225,597.5894432517595,595.1708273073808,596.232666015625,48196000
2025-01-23,595.6033506126263,599.4868774414062,595.3280946897063,599.4868774414062,41152100
2025-01-24,599.5459337435196,600.4996383180872,596.5865871884719,597.7368774414062,34604700
2025-01-27,584.798310310645,589.5961762199101,584.6311885086425,589.2815551757812,70361100
2025-01-28,590.5105293609671,595.1805787054238,587.1972570477369,594.3449096679688,44433300
2025-01-29,593.5583059073574,593.9614384934404,589.1340487911447,591.6804809570312,37177400
2025-01-30,593.7943615542468,596.3898803192325,590.6088457833347,594.8561401367188,39281300
2025-01-31,597.2746959271392,599.6933113603776,590.9332488823969,591.6903076171875,66566900
2025-02-03,582.6943020815504,590.1860392450765,580.5510025263411,587.70849609375,65857200
2025-02-04,587.767535135661,592.1622687341741,587.2268045597665,591.6510620117188,33457800
2025-02-05,590.5302274178379,594.1974260072697,588.5049031019603,594.0499267578125,30653100
2025-02-06,595.7901616750784,596.242440705887,592.4867305159943,596.1146240234375,35771500
2025-02-07,596.6750050236558,597.8941240756534,589.9501076619601,590.6580200195312,50788500
2025-02-10,593.8631663388722,595.3083949100401,592.5948408497425,594.6693115234375,26048700
2025-02-11,592.4080280097315,595.662312577201,592.2900526181724,595.12158203125,30056700
2025-02-12,589.1143318150268,594.3742570959485,588.4359434322854,593.2042846679688,45076100
2025-02-13,594.3055297285264,599.6736500230521,593.0471055616473,599.4671630859375,40921300
2025-02-14,599.6736338799176,600.7059485220444,598.8182823186273,599.4376831054688,26910400
2025-02-18,600.5977915687461,601.197509765625,598.1398710820379,601.197509765625,26749000
2025-02-19,599.8112758662747,602.9082197102092,599.3000091966954,602.61328125,31011100
2025-02-20,601.2466498622931,601.3843078099816,596.8027704742943,600.106201171875,36554000
2025-02-21,599.8899309928074,600.0275889538111,589.3798596850504,589.8419799804688,76519800
2025-02-24,591.8871191358853,592.8801289214076,586.4501685311313,587.1580810546875,50737200
2025-02-25,587.098968367302,587.8265033006376,579.6366946428752,584.2379150390625,58266500
2025-02-26,585.8994552001853,589.488043359785,581.8979531727184,584.5328369140625,43321600
2025-02-27,586.8039490929929,587.9542991571739,574.809344386224,575.2025756835938,74196700
2025-02-28,575.7039886670112,584.70978328648,572.636508577737,584.1788940429688,88744100
2025-03-03,586.1451821704109,587.2856908321073,570.1392358459373,573.944091796875,74249200
2025-03-04,569.9525173224438,575.5369060706639,562.6180601948478,567.1504516601562,109648200
2025-03-05,566.9833166199888,575.035467216836,563.434093538414,573.24609375,71230500
2025-03-06,565.7936477589768,570.4047092717689,560.5238803180225,563.0703125,80094900
2025-03-07,561.2907933786839,567.6715458955733,556.1094773560538,566.2262573242188,81158800
2025-03-10,558.0365509948175,559.9536812738498,546.2385307775894,551.14453125,99326600
2025-03-11,549.984271043128,554.5265029627828,542.7284855075093,546.5628051757812,88102100
2025-03-12,552.7077615834074,553.6319422779778,544.3705127696392,549.4633178710938,69588200
2025-03-13,549.0896792735167,549.6992388466521,540.4279685563406,542.138671875,74079400
2025-03-14,546.7497954782853,554.3398871601003,542.2075620137377,553.3370361328125,62660300
2025-03-17,553.3172227764923,560.1207900872192,552.8846263579363,557.6038818359375,49008700
2025-03-18,555.2934322950165,555.5097605205915,549.6500559715837,551.5770874023438,66041400
2025-03-19,553.3566169353411,561.3399385264869,552.1768030039566,557.584228515625,66556000
2025-03-20,553.8481847501696,560.9663132490421,553.1304311253591,555.9718017578125,62958200
2025-03-21,551.5204692681951,557.0526205906217,550.2878120115934,556.1552124023438,83763000
2025-03-24,562.880651498493,567.1703352751009,562.2890000340255,566.1151733398438,58766800
2025-03-25,567.3181993393742,568.4127846067184,565.73055113845,567.4760131835938,38355700
2025-03-26,567.2097001365158,568.3338979913931,559.3206937528307,560.7012939453125,51848300
2025-03-27,559.3108687859911,562.9792883535321,557.101956447335,559.2122802734375,42164200
2025-03-28,557.6838635858104,558.413587192946,547.3689639965595,547.9507446289062,71662700
2025-03-31,542.201606334121,552.93066066187,539.2826520783074,551.6289672851562,95328200
2025-04-01,549.7159501655996,555.1297722698289,545.998235889195,553.1870727539062,54609600
2025-04-02,547.3491617248258,559.5475341360295,547.1125011420022,556.6878051757812,76014500
2025-04-03,537.5471385326381,540.3674444952709,529.2538452148438,529.2538452148438,125986000
2025-04-04,516.404523136506,518.5740121118964,498.05273494035157,498.2696838378906,217965100
2025-04-07,482.40291724281104,515.9114550791749,475.115432610906,497.3821716308594,256611400
2025-04-08,514.6196789750944,517.6963871548359,482.37337814369187,489.5918273925781,165816600
2025-04-09,486.59399925019795,541.0084228515625,486.20939567811143,541.0084228515625,241867300
2025-04-10,524.7866027854379,526.0981670837639,502.25365007002944,517.3019409179688,162331200
2025-04-11,515.7536950429114,528.9874872153164,512.8544826104954,526.5320434570312,97866300
2025-04-14,536.5017912856171,536.7286411738348,526.453165817952,531.6401977539062,68034000
2025-04-15,532.1825399641931,535.6931457102869,529.3622343758641,530.151123046875,56892900
2025-04-16,524.3033174043071,530.4271798145347,513.0713309693746,518.3668212890625,83484800
2025-04-17,520.3194821276195,523.800475242003,516.6411916080497,519.1065063476562,79868100
2025-04-21,513.9293312369678,514.4618777265953,501.4055507612705,506.7503662109375,69368100
2025-04-22,512.9235348557764,521.9564215250564,511.9867032226325,519.9348754882812,75948100
2025-04-23,532.9319549297188,537.8625838932508,526.4728430251603,527.991455078125,90590700
2025-04-24,529.2734571828396,539.8348871004667,528.0211182344198,539.1051635742188,64150400
2025-04-25,539.0657336001437,543.4046513367819,536.1467793425768,543.0003662109375,61119600
2025-04-28,543.7399439376,545.8699492792146,537.4583271221219,543.2073974609375,47613800
2025-04-29,541.294298062473,547.7435994540236,540.9393072120234,546.6292724609375,47775100
2025-04-30,539.9729835885655,548.7988227140515,534.0069337400583,546.8462524414062,93101500
2025-05-01,552.595342895286,556.2440206119321,550.1201573586014,550.7216796875,63186100
2025-05-02,556.8948640346016,560.4942476694231,554.5774922291787,558.896728515625,60717300
2025-05-05,554.7648727126054,558.788283367358,553.9069479669498,555.6918334960938,38659200
2025-05-06,550.1891944565425,555.533979770925,549.2326812616892,551.047119140625,48264700
2025-05-07,552.3784371058738,555.9975022415719,548.3254139860352,553.3645629882812,55588000
2025-05-08,557.3977713110521,562.3974366423718,553.9069074354913,557.2202758789062,65130800
2025-05-09,558.6205173502777,559.6263849147109,554.9521583078488,556.51025390625,37603400
2025-05-12,573.402558732667,574.9113601462691,569.0340285188223,574.9014892578125,78993600
2025-05-13,575.3156554869938,580.9070323903663,574.7536167184122,578.6981201171875,67947200
2025-05-14,579.6546018902411,580.8083522191259,577.4160770724685,579.4376831054688,66283500
2025-05-15,577.4359031534708,582.77081800724,576.9822635531588,582.2679443359375,71268100
2025-05-16,583.0468496173695,586.251758304484,581.104210780506,585.9559326171875,76052100
2025-05-19,579.9405744991373,587.2773530559552,579.9405744991373,586.596923828125,68168500
2025-05-20,584.8614155899625,585.8080578995526,581.419785763877,584.6246948242188,60614500
2025-05-21,580.2759146876367,584.3584902721909,573.7477661832594,574.7733154296875,95197700
2025-05-22,574.5760959985981,578.4811762683786,573.3434386116112,575.0001831054688,70860400
2025-05-23,567.9886780015129,573.7378078530255,567.61394540951,571.0752563476562,76029000
2025-05-27,577.9387066880435,583.105995819489,570.4046917584021,582.9482421875,72588500
2025-05-28,583.3526850377893,584.5459191469531,578.8460820656009,579.5758056640625,68445500
2025-05-29,584.8317737253767,584.9698457847473,577.9387639052553,581.863525390625,69973300
2025-05-30,580.7591289651484,582.9286180198035,575.1480700909575,581.2127685546875,90601200
2025-06-02,579.6052986473595,584.5654800276525,576.9427470010985,584.4866333007812,61630500
2025-06-03,584.121791379625,588.7960181097066,583.6385391723649,587.8197631835938,63606200
2025-06-04,588.6777258495218,589.6539808386906,587.2280895107962,587.6619873046875,57314200
2025-06-05,589.3383724752952,590.6893600195378,582.8496477946317,584.8218994140625,92278700
2025-06-06,590.3541332655441,592.4940699072976,588.5791185976601,590.8275146484375,66588700
2025-06-09,591.3993476813894,592.9081490758875,590.1864321834666,591.3599243164062,53016400
2025-06-10,591.8925244948556,595.0974340255312,590.7782574774766,594.712890625,66247000
2025-06-11,595.8073544523882,596.6652790904382,590.9556323288738,593.0166015625,73658200
2025-06-12,591.6854337777163,595.37353515625,591.2022416981604,595.37353515625,64129000
2025-06-13,590.1964131264232,593.4999111629836,587.2182933354198,588.7172241210938,89506000
2025-06-16,592.0699627819344,596.0637602908375,591.892407169678,594.3182983398438,79984100
2025-06-17,591.8826171802143,593.4012293190596,588.4804709653109,589.2398071289062,82209400
2025-06-18,590.1371267775953,592.8785252065284,588.1944276516227,589.1510009765625,76605000
2025-06-20,591.8224395288368,592.8906208578056,586.3629131433069,587.7673950195312,94051400
2025-06-23,588.5189525073708,593.9586781700418,585.403509483969,593.572998046875,87426000
2025-06-24,597.7072691809916,601.1886530620405,596.7973078378046,600.1304321289062,67735300
2025-06-25,601.2479344884113,601.9402753154866,598.9039119654944,600.4666137695312,62114800
2025-06-26,602.3161684365299,605.5997923429508,601.7029677445283,605.1646118164062,78548400
2025-06-27,606.1636033457827,609.6351477759472,604.1360808658505,608.1713256835938,86258400
2025-06-30,610.6142201701539,612.4340220516922,608.2998373553096,611.0790405273438,92502500
2025-07-01,609.6053849111585,612.0483479268365,608.7746241554748,610.8812866210938,70030100
2025-07-02,610.4757300098587,613.6901136433279,609.8526292762224,613.6505737304688,66510400
2025-07-03,615.628656191773,619.4167005776212,615.6088560521965,618.4869995117188,51065800
2025-07-07,616.5286747873084,617.1913758193931,611.0988485499288,613.8780517578125,74814500
2025-07-08,614.5406899285775,615.2923708557059,612.7307881009865,613.5418090820312,59024600
2025-07-09,615.945166968477,617.8737488887257,614.1055045789822,617.2210083007812,66113300
2025-07-10,617.3594891460615,620.0002120765442,616.1825277796053,618.9617309570312,57529000
2025-07-11,615.9154666088177,618.0122289852302,614.7187654701638,616.7858276367188,63670200
2025-07-14,616.3308265898004,618.3089087938923,614.9857451789246,617.9627685546875,51898500
2025-07-15,620.6431287961128,620.9793689858044,615.242942324076,615.3220825195312,74317300
2025-07-16,616.9044910111767,617.8836320494379,611.276844692317,617.3792114257812,88987500
2025-07-17,617.5573456006476,621.5135103761386,617.3397251475282,621.1574096679688,68885700
2025-07-18,622.4035753929759,622.5716954836944,619.5947323692288,620.7024536132812,65621600
2025-07-21,621.87939453125,624.6189973413707,621.4541141003111,621.87939453125,63375000
2025-07-22,622.2056829406386,622.8287836139476,619.3276001270991,621.9683227539062,60046300
2025-07-23,624.6289433239532,627.2598266601562,622.8288811376781,627.2598266601562,70511000
2025-07-24,627.6454884244192,629.1785504969665,627.0421878119985,627.4674682617188,71307100
2025-07-25,628.1301809903662,630.5928838363332,627.8829206987424,630.1181030273438,56865400
2025-07-28,630.4938993278172,631.0477599275997,628.5751571845921,629.9598388671875,54917100
2025-07-29,631.3543820995848,631.6708825055948,627.3883778702398,628.2982788085938,60556300
2025-07-30,628.9510415464463,630.6917636576716,624.6190364089183,627.507080078125,80418900
2025-07-31,632.4522656090571,632.8379457731452,623.8574957354674,625.1531372070312,103385200
2025-08-01,619.4364414435403,619.476041722763,612.5032535330552,614.9066162109375,140103600
2025-08-04,618.813325728958,624.3024917393647,618.7243458354196,624.2530517578125,73218000
2025-08-05,624.8662177521945,625.6772386500149,620.168272806011,621.0880737304688,68051400
2025-08-06,622.1563552914652,626.4982606508958,621.2464542892866,625.8455200195312,64357500
2025-08-07,629.2675537310744,629.9994345491891,622.2156852544556,625.3212890625,74205800
2025-08-08,627.1114619051468,630.6621463802445,626.794961476664,630.197265625,64051600
2025-08-11,630.474150672182,631.9478122276477,627.7047873460086,628.9509887695312,58742300
2025-08-12,631.2950454377703,635.8050706066525,629.8114837326607,635.6468505859375,64730800
2025-08-13,637.8424936799373,639.10849531226,635.6369512596368,637.82275390625,60092800
2025-08-14,635.7457782923831,638.5447818220973,635.300758040457,637.8821411132812,59327500
2025-08-15,638.9107148606824,639.0096552004113,635.4787708739423,636.388671875,68592500
2025-08-18,635.814941575414,636.942462907598,635.1424008771667,636.2501220703125,43804900
2025-08-19,636.0721245937336,637.0512656505922,631.4829592777961,632.7984008789062,69750700
2025-08-20,632.3929672116759,632.6500672159099,626.0136394005863,631.1170654296875,88890300
2025-08-21,629.3071240874224,630.9785456585483,626.864161086776,628.5850830078125,54805800
2025-08-22,630.7708500494616,639.4150594466402,630.2664294390896,638.2380981445312,84083200
2025-08-25,636.9820009718095,638.2183023325629,635.3105191174199,635.42919921875,51274300
2025-08-26,635.1622594491828,638.4359833484747,634.5391586749303,638.0897827148438,51581600
2025-08-27,637.5062179210042,640.2755208793137,637.3578376120881,639.5436401367188,48341100
2025-08-28,640.1470117905141,642.362454403162,638.2678697444891,641.80859375,61519500
2025-08-29,640.374419619015,640.7404203673219,636.0919150690585,637.98095703125,74522200
2025-09-02,630.5136938017484,633.4709169972102,627.9619508913343,633.2533569335938,81983500
2025-09-03,635.6270215222661,637.1501834379544,633.4412793439511,636.685302734375,70820900
2025-09-04,637.3579030521721,642.0361089027498,636.4579021356687,642.0064086914062,65219200
2025-09-05,644.3404359625918,645.062476969223,636.2797877246134,640.1469116210938,85178900
2025-09-08,641.5118841129237,642.7185457406785,640.1371023874503,641.7196044921875,63133100
2025-09-09,641.8579832056892,643.7272854003053,640.1271612550325,643.203125,66133900
2025-09-10,646.4570825189741,647.3768835600082,643.4998590892842,645.0625610351562,78034500
2025-09-11,647.0108918753651,651.115436538164,646.4273914384058,650.423095703125,69934400
2025-09-12,650.393364548417,651.8868261792371,649.7010841125947,650.2054443359375,72780100
2025-09-15,652.4110731340584,653.7956944276398,652.114372883025,653.6671142578125,63772400
2025-09-16,654.2210123755038,654.5276730798186,651.9858301119879,652.7671508789062,61169000
2025-09-17,652.7770978636573,654.4683196962441,647.1296508296768,651.9561767578125,101952200
2025-09-18,654.6364399867887,657.603563340362,653.0341982051615,655.0023803710938,90459200
2025-09-19,656.8877828567474,659.0895125014193,654.9438659954435,658.2465209960938,97945600
2025-09-22,656.7588899327194,661.8070328507519,656.7291073786307,661.3607788085938,69452200
2025-09-23,661.2417286303936,661.8566899635472,656.540685502851,657.7606201171875,81708900
2025-09-24,659.0498612769777,659.1490153831234,654.2496039734066,655.6678466796875,68082200
2025-09-25,652.5338627083877,653.9917550046746,649.0328388399253,652.6429443359375,89622100
2025-09-26,654.0910020825955,656.9274877414105,652.4743904900326,656.3820190429688,69179200
2025-09-29,658.9010899003678,659.8135740530697,656.4216318338509,658.2266845703125,73499000
2025-09-30,657.4828203674869,661.1722852976668,656.173659297658,660.7061157226562,86288000
2025-10-01,657.7208144097488,663.8698820443607,657.6117327913598,662.9574584960938,72545400
2025-10-02,664.9410037342527,665.0600128657511,661.3011766397112,663.7210693359375,56896000
2025-10-03,664.4848020775174,667.1527012490268,662.6698219114437,663.7112426757812,70494400
2025-10-06,666.1014192164715,666.9841207809839,663.9591941673339,666.0914916992188,54623300
2025-10-07,667.0138297258598,667.4601442579947,662.1838505424819,663.6219482421875,72020100
2025-10-08,664.7426772273783,667.6783772359653,663.919480237528,667.5791625976562,60702200
2025-10-09,667.9957845708525,668.4023890582872,663.7112737749407,665.6452026367188,66501900
2025-10-10,666.6071968358344,668.4122493878771,647.4757221413303,647.6542358398438,159422600
2025-10-13,655.2216030747315,659.664772492732,654.3488290056752,657.5919189453125,79560500
2025-10-14,651.7701536094826,660.3590300864076,647.8030207789583,656.78857421875,88779600
2025-10-15,661.3408732132422,664.7228272522149,653.5156893256119,659.7044067382812,81702600
2025-10-16,661.340821247798,663.2153058553965,651.7105854492366,655.2116088867188,110563300
2025-10-17,654.0810128478913,660.2895852935891,652.7322022395391,658.9308471679688,96500900
2025-10-20,661.8367798071084,666.6866142382812,661.7872027532737,665.7840576171875,60493400
2025-10-21,665.9229005771253,667.4601523988813,664.4748753427003,665.7741088867188,56249000
2025-10-22,666.4783066993808,666.4783066993808,657.8497808005621,662.3128051757812,80564000
2025-10-23,662.6301900162397,667.1825015615415,662.3128121266341,666.2402954101562,65604500
2025-10-24,670.9016937183009,672.8951271271609,670.0983517375236,671.6851806640625,74356500
2025-10-27,677.1201116013259,679.9070199177999,676.5151383891614,679.6094970703125,63339800
2025-10-28,681.4046232640447,683.2493254549719,679.2028936555786,681.41455078125,61738100
2025-10-29,683.0609104229828,684.0328991417463,677.2590027977353,681.7418823242188,85657100
2025-10-30,678.2805836148408,680.3037996369978,674.2440185546875,674.2440185546875,76335800
2025-10-31,679.4110606194914,679.4507706842933,673.65873085131,676.45556640625,87164100
2025-11-03,680.0359699637585,680.1649066224819,674.3530715971103,677.7251586914062,57315000
2025-11-04,670.5545580097922,674.3729598389511,669.0371611161902,669.6917114257812,78427000
2025-11-05,669.4337786331213,675.2654684624238,668.6304366940664,672.012451171875,74402400
2025-11-06,670.9115428502156,671.8140994484131,663.2252231578799,664.8021850585938,85035300
2025-11-07,662.4218719882706,665.5658682287408,655.7769731606511,665.4567260742188,100592400
2025-11-10,671.6751969912248,676.5746080726943,669.4833950163819,675.8406982421875,75842900
2025-11-11,674.3629519753922,677.9532020666294,673.1529450781785,677.3878784179688,58953400
2025-11-12,679.1632192686196,679.3318660026857,675.3548055474994,677.7648315429688,62312500
2025-11-13,674.9085136071693,675.265541055433,665.0105359672095,666.5180053710938,103457800
2025-11-14,659.9127066954921,670.1082064558575,657.8200586834998,666.4088745117188,96846700
2025-11-17,664.1972328051172,668.1742931923078,656.7290761218832,660.2003173828125,90456100
2025-11-18,656.6596108350068,659.6548153709225,650.4708935566339,654.65625,114467500
2025-11-19,655.3505280387882,661.856623370592,653.3371790986623,657.185302734375,94703000
2025-11-20,667.3808213360044,670.0090710879778,646.5335791707308,647.1683349609375,165293500
2025-11-21,649.667590792559,659.0895314498267,645.5020891320908,653.6149291992188,123956200
2025-11-24,657.2447591605586,664.5541959227929,656.1538219404428,663.235107421875,80437900
2025-11-25,663.1360016067486,670.6537351639657,659.0200771396823,669.4735107421875,81077100
2025-11-26,672.0620713400136,676.0986363282427,671.1595147067713,674.09521484375,71879600
2025-11-28,675.2654787466182,678.0523870500939,674.9084513312986,677.7747192382812,49212000
2025-12-01,673.232272756968,677.3779187836101,673.1628406770591,674.6802978515625,61201200
2025-12-02,676.316803165018,678.2012155152329,673.7481184984898,675.9300537109375,62953800
2025-12-03,674.9779023816353,679.2822075879724,674.105128319461,678.2706298828125,57238500
2025-12-04,679.6689755171525,679.7384076011712,675.7415530139849,678.7664794921875,61970300
2025-12-05,679.8375623637357,682.7336127271673,678.9549213715281,680.0557861328125,79241000
2025-12-08,680.9484564225444,680.9980334759979,675.9696853695019,678.0127563476562,55231500
2025-12-09,677.5366934232544,679.7582780276033,676.9812972721672,677.4275512695312,58310100
2025-12-10,676.9515664343469,683.3088703732143,675.711837383319,681.92041015625,85671300
2025-12-11,679.51034738166,683.5865617528303,676.5647198382891,683.5072021484375,86173700
2025-12-12,682.5154459360199,683.2196338188487,673.5893968987631,676.1581420898438,113160300
2025-12-15,680.1053789946951,680.1252340287925,673.6687159286942,675.1365356445312,90811000
2025-12-16,673.6488975485244,675.4837328267965,669.4338188610296,673.2918701171875,122030600
2025-12-17,674.3034691132465,674.8489377460819,665.6848710067972,665.8832397460938,110625200
2025-12-18,672.0322187932205,675.1464323222394,669.3544527925658,670.9114990234375,108650100
2025-12-19,673.0134542661981,677.4896664833268,672.8940327515619,676.9923095703125,103599500
2025-12-22,680.3245900087294,681.7370666700199,676.9923229108747,681.2098999023438,69556700
2025-12-23,680.3046207584179,684.562024812114,680.2548972126992,684.3233032226562,64840000
2025-12-24,684.313382495532,687.1781631452748,684.164151137988,686.7305297851562,39445600
2025-12-26,686.989161229118,688.0037280321676,685.6264081645946,686.660888671875,41613300
2025-12-29,683.9055083361335,685.5567672531378,682.4433081832867,684.2138671875,62559500
2025-12-30,683.8160334465714,684.9201512250444,682.9506372729019,683.3783569335938,47160700
2025-12-31,683.5076844111845,683.726492314561,678.1063955310838,678.3152465820312,74144800
2026-01-02,682.0852055985325,683.2390468658663,676.2263268834449,679.55859375,89377200
2026-01-05,682.910778712987,685.7855161168121,682.7516512212146,684.0845336914062,71927200
2026-01-06,684.2934596862484,688.6602678554459,684.1442890432024,688.1529541015625,69273800
2026-01-07,688.5309418430683,690.2916046822218,685.6761181181482,685.9347534179688,75588300
2026-01-08,685.1787573638412,686.9692300361542,683.8557710289468,685.8651123046875,64019200
2026-01-09,686.9791831428475,691.6344363504869,685.5368360184962,690.4010009765625,80125500
2026-01-12,687.0289310253164,692.410366767912,686.979207477028,691.4852294921875,63976000
2026-01-13,691.813478661017,692.4103433578374,687.6953490317495,690.1026000976562,78309700
2026-01-14,687.3472637531122,688.0634285762314,682.4134612479594,686.7106323242188,94676700
2026-01-15,690.8983886882239,691.7737417111902,687.5959315038539,688.5806884765625,77862000
2026-01-16,689.9931507530615,690.5800586110835,686.4519720383781,688.0037231445312,79289200
2026-01-20,677.8874730475171,681.1501633341576,672.9934983300664,673.9981689453125,111623300
2026-01-21,676.0572511802958,685.0991655259935,674.5452667925615,681.77685546875,127844500
2026-01-22,686.2033478813381,687.476610793547,683.2888434897402,685.3379516601562,77112200
2026-01-23,684.5123006998919,687.3074439470811,683.5274830754288,685.5865478515625,63059600
2026-01-26,686.8399050563427,690.4606777697717,686.272910918868,689.0680541992188,60473800
2026-01-27,690.5104039402848,692.8480177488461,689.9036431059924,691.8134765625,55506100
2026-01-28,693.3652237572153,694.1510864943795,690.271678492269,691.7438354492188,61172200
2026-01-29,692.7087686795362,693.375209936545,681.2098793986574,690.3711547851562,97486200
2026-01-30,688.1330315570439,690.5402826440542,683.487735152998,688.3120727539062,101835100
2026-02-02,685.9348095869553,693.2459322689688,685.7756213682558,691.7339477539062,79286500
2026-02-03,692.529690413304,693.2757257351432,680.4140840721383,685.885009765625,107904600
2026-02-04,686.7006659106327,687.7948875474046,678.1561081391175,682.5626831054688,105204600
2026-02-05,677.3404209861714,680.0758839506523,672.2176206040476,674.0379638671875,113610800
2026-02-06,677.8576866055596,688.6503070282812,677.2508650473027,686.96923828125,89127600
2026-02-09,685.7755944360715,692.1915108078678,684.7013472083629,690.2816772460938,73885200
2026-02-10,691.276360737094,692.8579216647231,688.0037135108784,688.4613037109375,65185700
2026-02-11,692.7087599208829,693.4547952732178,685.5368515439336,688.3021850585938,76353900
2026-02-12,690.5701102294341,691.6742279947084,676.7734344520502,677.668701171875,118829000
2026-02-13,678.0864377658819,682.6522007204912,673.9384983110481,678.1461181640625,96267500
2026-02-17,676.5446598627462,681.31927396984,672.2077222570326,679.2402954101562,81354700
2026-02-18,680.4041503420104,685.507036973797,679.2204384959671,682.662109375,73570300
2026-02-19,680.225062656192,682.5526587813481,677.9471293624403,680.8616333007812,58649400
2026-02-20,678.7131823752115,686.4122580979458,678.126274472082,685.7855834960938,100034000
2026-02-23,684.1940214696967,686.3525334522094,676.7734345413753,678.7827758789062,90558100
2026-02-24,678.295350173768,684.7112054782021,676.4053697086953,683.7164916992188,73798700
2026-02-25,686.53156929616,690.0130676270821,686.4519751919497,689.4859008789062,56369500
2026-02-26,689.615191050754,689.6350440416309,680.7323436648176,685.6561889648438,71671000
2026-02-27,679.4790749097389,683.2291046432514,678.0367277603054,682.3637084960938,83308900
2026-03-02,675.1123137702438,684.9798583327654,674.4359156260907,682.751708984375,87477200
2026-03-03,671.4915420947397,679.0016196644848,666.1200629162043,676.7337036132812,105003100
2026-03-04,678.026741603972,683.4579005621853,676.0273572426378,681.5082397460938,79182200
2026-03-05,678.474445192334,681.9062201445739,672.0386149612469,677.70849609375,106606500
2026-03-06,669.8502072585248,672.5359467168151,666.2195382406165,668.82568359375,100687000
2026-03-09,662.8673651303956,676.3258117079225,658.888509802078,674.6845703125,102667700
2026-03-10,674.1374043547928,679.7476047325034,671.1930903760745,673.6002807617188,81505300
2026-03-11,673.9982140650914,676.4849986405864,669.7806371390539,672.7548217773438,68441700
2026-03-12,667.6120785283837,668.0995392824933,662.3500644519811,662.5390625,108882200
2026-03-13,665.7321452917186,668.7859240392634,657.863924887251,658.7890014648438,97200200
2026-03-16,664.8468199428278,668.5173163233716,663.5934708305671,665.493408203125,82023100
2026-03-17,668.8355969918504,670.8747480492216,666.1598145596139,667.2440185546875,87128000
2026-03-18,664.8268919718373,666.1796881508768,657.6948111200146,657.9335327148438,82062600
2026-03-19,653.4971375917409,659.4753776238247,651.7066647804095,656.3121948242188,111272500
2026-03-20,654.8230422006715,655.0025723674255,643.063298812559,646.9034423828125,163617500
2026-03-23,656.3790129905765,660.9173090129275,652.2596206790361,653.6959228515625,134802700
2026-03-24,649.6463809650626,655.3417305137531,648.2100787416998,651.5015869140625,96457500
2026-03-25,656.9774239230809,659.1917509309695,652.5588148295345,655.1322021484375,90653800
2026-03-26,650.3844333840033,653.1672421520028,643.1630473705688,643.432373046875,96494400
2026-03-27,640.8489947137006,641.0085567819559,631.4831091918358,632.4606323242188,103649400
2026-03-30,638.4651675144013,638.7245091624994,627.6630399662237,630.3460693359375,99275900
2026-03-31,637.2981538716512,649.865752001465,636.3405988140365,648.6688842773438,152534100
2026-04-01,652.219751792706,656.8278752918841,651.3220400966815,653.5562744140625,97841500
2026-04-02,644.7589215344626,656.5086804928782,643.4522901873171,654.144775390625,68358700
2026-04-06,654.1746977251443,658.0247645183308,653.8356054757206,657.23681640625,39105800
2026-04-07,654.9626585699763,657.9150134208243,649.386996170508,657.5260009765625,69980400
2026-04-08,674.6519776493207,675.3402070755335,669.734652974974,674.27294921875,93606100
2026-04-09,673.1059235004034,679.4096297331154,672.0386657215836,678.162841796875,57134400
2026-04-10,679.5692561407437,680.2774536083281,676.7066358948267,677.7140502929688,42253500
2026-04-13,675.669302461078,684.536473353906,674.8414790590384,684.3369750976562,54185800
2026-04-14,685.9229138241225,692.7952238870419,685.8929616905456,692.675537109375,63480500
2026-04-15,693.4734516118131,698.480571570673,692.4161778504387,698.1414184570312,58240400
2026-04-16,699.2585607342904,700.9741726960574,696.7350934539525,699.8569946289062,49972400
2026-04-17,704.3255249385737,710.5594650064761,703.9464965121796,708.3152465820312,70661900
2026-04-20,706.9587079747221,708.0857482546458,704.3254772575062,706.8988037109375,43546800
2026-04-21,708.4548936431559,709.4523240430285,700.8345107773317,702.2708129882812,58941400
2026-04-22,707.3278031045794,709.6218808832724,706.4001392457644,709.3825073242188,42518500
2026-04-23,707.6768673789517,710.5295037064266,700.4754491270062,706.6295776367188,56174000
2026-04-24,708.9236633096505,712.6340752101273,707.1881441382454,712.10546875,45182000
2026-04-27,711.3374146094498,713.7911152864904,710.4696550399041,713.332275390625,33135900
2026-04-28,709.9908768700561,711.0481506026886,707.4274735730012,709.8612060546875,43117400
2026-04-29,709.1729992133655,710.3699278433978,706.5497524472755,709.7515258789062,41859200
2026-04-30,712.7936806635566,717.9403946619685,708.6244289610544,716.8132934570312,67240900
2026-05-01,719.3966516418469,723.0073446973263,718.6186267345964,718.7982177734375,43049800
2026-05-04,718.2196821209096,720.2644021704073,713.152718877996,716.1649780273438,51950600
2026-05-05,719.9153564929043,723.1769124909786,719.6360467603954,721.9102172851562,36933200
2026-05-06,726.288861980811,732.7023927493656,725.9497697512824,731.9443359375,53288900
2026-05-07,733.161188473549,734.238430329629,727.8748196364371,729.7001342773438,51724600
2026-05-08,733.0415191543954,736.1834492768152,732.6824588199246,735.724609375,47227100
2026-05-11,734.5576163199453,738.8864300819614,734.5576163199453,737.4002685546875,44024000
2026-05-12,734.9964788307154,736.9414802248905,729.9494836014034,736.2831420898438,54185300
2026-05-13,736.5723674930287,741.9983910774667,733.5800764180441,740.4025268554688,44200200
2026-05-14,741.7391534739264,747.6040491923611,741.649357949993,746.2474975585938,45307600
2026-05-15,739.8838927249178,741.5496453663399,736.0637780312098,737.2706298828125,60410800
2026-05-18,737.9289136337939,739.5147938000424,731.5054597381557,736.751953125,47843900
2026-05-19,732.8919551385734,735.7545755811656,729.650306265128,731.8446044921875,54255900
2026-05-20,733.8195334397973,739.9636778498481,732.0042028263388,739.3452758789062,45768000
2026-05-21,736.7419902854853,742.9559620700644,735.1361419849363,740.8114624023438,43332200
2026-05-22,744.3224328967863,747.015507083493,742.566945697205,743.7239990234375,41762000
2026-05-26,748.0827892360243,750.1973368284331,746.4469887578754,748.6613159179688,41123600
2026-05-27,748.9505199197505,749.4492351039673,746.2973210478585,748.5316162109375,42106300
2026-05-28,748.3221518516883,753.2095851254732,747.3047533704411,752.6609497070312,41562600
2026-05-29,753.9576670103595,756.1320579864754,752.7507543048832,754.5361328125,55075700
2026-06-01,753.4189990020213,758.3264003155792,752.7507376917755,756.5908203125,43634900
2026-06-02,755.0847737682097,758.4461093852723,754.805464031348,757.6182250976562,31581900
2026-06-03,756.2018667594974,756.8501599793441,751.6336185743088,752.3018798828125,51402500
2026-06-04,750.1673635570705,756.3614281257201,749.5389775481502,755.1445922851562,49923000
2026-06-05,750.3768677170906,750.8855669656407,733.6400171295905,735.65478515625,93989400
2026-06-08,741.4498108327123,743.4247643242134,736.2931129658897,737.3204345703125,49319100
2026-06-09,741.7191759970133,744.9807928982774,720.7332622187009,735.1560668945312,87683500
2026-06-10,731.5054857614351,736.4826536495077,723.4661992814284,723.56591796875,60341300
2026-06-11,726.8873842592473,738.0984921563339,722.5485255148498,735.8642578125,86330500
2026-06-12,738.8066884479139,742.5270843334097,733.1412911200548,739.843994140625,57079500
2026-06-15,749.9179969688896,754.7356026867302,749.8282623277308,752.890380859375,60176400
2026-06-16,752.6111046530555,753.4988323298886,747.9531216783239,748.4019775390625,67093100
2026-06-17,749.3594421826946,750.217278570044,737.3204502885575,739.0560302734375,85945200
2026-06-18,747.760009765625,748.22998046875,743.8599853515625,746.739990234375,80875700
2026-06-22,747.7000122070312,750.1799926757812,743.1300048828125,744.3900146484375,46628100
2026-06-23,733.8099975585938,739.6300048828125,732.2999877929688,733.5800170898438,66846800
2026-06-24,735.1699829101562,739.9500122070312,730.8400268554688,733.239990234375,57439500
2026-06-25,738.9099731445312,739.3699951171875,729.5999755859375,734.2999877929688,53934400
2026-06-26,728.9500122070312,736.530029296875,716.5800170898438,728.989990234375,71034000
2026-06-29,736.530029296875,741.5599975585938,732.0900268554688,741.0,58035200
2026-06-30,741.2899780273438,748.02001953125,740.8900146484375,746.77001953125,55626000
2026-07-01,745.0,749.4400024414062,742.3800048828125,745.760009765625,47100900
2026-07-02,747.4000244140625,751.3099975585938,740.030029296875,744.780029296875,57447800
2026-07-06,748.739990234375,752.4099731445312,747.4099731445312,751.280029296875,50673300
2026-07-07,750.219970703125,750.9600219726562,745.2100219726562,747.7100219726562,43721500
2026-07-08,743.1599731445312,746.1500244140625,739.510009765625,745.4000244140625,43767400
2026-07-09,747.3499755859375,751.969970703125,745.5900268554688,751.7100219726562,41441700
2026-07-10,752.0499877929688,755.4199829101562,748.0999755859375,754.9500122070312,42191300
2026-07-13,752.469970703125,753.9099731445312,748.0,749.1699829101562,44013600
2026-07-14,750.9099731445312,753.3400268554688,748.6599731445312,751.8300170898438,35143100
2026-07-15,754.239990234375,755.5800170898438,750.2000122070312,754.8099975585938,43844800
2026-07-16,752.760009765625,754.5700073242188,747.8800048828125,750.719970703125,46409800
2026-07-17,742.0800170898438,747.2899780273438,740.7999877929688,743.2899780273438,62651000
2026-07-20,747.0599975585938,748.72998046875,741.510009765625,742.0900268554688,50422300
2026-07-21,746.2899780273438,749.0399780273438,744.1799926757812,748.280029296875,34324300
2026-07-22,746.6199951171875,750.02001953125,746.3699951171875,747.4099731445312,32836200
2026-07-23,739.3699951171875,742.5599975585938,735.2100219726562,738.1799926757812,55437300
2026-07-24,738.510009765625,743.719970703125,737.2899780273438,738.9299926757812,44782000
2026-07-27,744.9099731445312,745.530029296875,735.8699951171875,739.0900268554688,41461200
2026-07-28,739.1900024414062,742.7899780273438,735.97998046875,740.8599853515625,47322200
2026-07-29,739.969970703125,742.6799926757812,729.0999755859375,729.4600219726562,70697200
2026-07-30,736.0499877929688,742.4500122070312,734.5900268554688,741.6900024414062,66811300
2026-07-31,744.6799926757812,748.9000244140625,737.6799926757812,747.030029296875,62445900
2026-08-03,749.4400024414062,758.5800170898438,748.7999877929688,757.6699829101562,59927500
2026-08-04,760.6300048828125,773.4099731445312,760.52001953125,771.3300170898438,69154800
2026-08-05,775.8499755859375,776.8499755859375,769.510009765625,769.7899780273438,44689100
2026-08-06,770.2100219726562,771.8200073242188,767.4600219726562,768.5599975585938,38416900
2026-08-07,771.02001953125,773.9199829101562,769.6099853515625,773.260009765625,43586300
2026-08-10,772.5999755859375,775.0499877929688,771.6199951171875,773.030029296875,39249500
2026-08-11,774.530029296875,774.6099853515625,769.2000122070312,770.5599975585938,36740600
2026-08-12,774.7100219726562,774.9000244140625,771.280029296875,772.489990234375,33179100
2026-08-13,774.8699951171875,779.3699951171875,774.1099853515625,777.8800048828125,35634500
2026-08-14,778.5399780273438,778.7999877929688,775.4299926757812,776.3400268554688,31367900
2026-08-17,776.1799926757812,776.780029296875,772.510009765625,772.6699829101562,34356600
2026-08-18,768.7000122070312,769.5,766.9199829101562,767.4500122070312,43920900
2026-08-19,770.3599853515625,772.469970703125,768.0999755859375,769.0599975585938,40306000
2026-08-20,765.9600219726562,768.1500244140625,762.0399780273438,762.5999755859375,45520300
2026-08-21,766.0499877929688,767.8499755859375,764.1699829101562,765.719970703125,39188700
2026-08-24,764.780029296875,765.219970703125,762.0800170898438,763.469970703125,32430900
2026-08-25,766.1599731445312,766.780029296875,763.0499877929688,765.9099731445312,27422300
2026-08-26,764.72998046875,767.3499755859375,763.9299926757812,766.0800170898438,28751600
2026-08-27,768.5,772.3599853515625,767.1599731445312,771.0999755859375,34557100
2026-08-28,771.760009765625,775.2999877929688,768.3099975585938,769.3499755859375,36744300
2026-08-31,767.3300170898438,768.0,764.719970703125,767.0499877929688,38810800
2026-09-01,762.010009765625,764.6699829101562,759.47998046875,761.780029296875,41126300
2026-09-02,762.4500122070312,766.4299926757812,761.72998046875,765.1599731445312,29566200
2026-09-03,767.9000244140625,774.030029296875,767.4500122070312,773.1699829101562,43531600
2026-09-04,772.010009765625,772.8699951171875,769.0,770.1900024414062,34054200
2026-09-08,769.0700073242188,769.7000122070312,765.1400146484375,765.9600219726562,44746100
2026-09-09,764.0800170898438,764.469970703125,760.9400024414062,762.4000244140625,32772300
