datetime,open,high,low,close,volume
2019-01-02,97.16910463944146,97.56845159700572,96.91351673679138,97.56046295166016,19841500
2019-01-03,97.6722641725992,98.92621317738902,97.62434449520278,98.6706314086914,21187000
2019-01-04,97.71222251654852,97.88793617418085,97.16112779180827,97.52852630615234,12970200
2019-01-07,97.93584025650499,97.95980009659063,97.13714642138163,97.24097442626953,8498100
2019-01-08,97.19303651505744,97.39270993638442,96.95342597204537,96.9853744506836,7737100
2019-01-09,96.8496183416978,96.98539483428473,96.48221990046525,96.8336410522461,9349200
2019-01-10,96.86558389007637,96.96941798480711,96.1148097619317,96.21065521240234,8222900
2019-01-11,96.50616090171879,96.85758198489725,96.38635562842074,96.58602905273438,5786900
2019-01-14,96.56205812824143,96.6499149123345,96.03491742368308,96.22660827636719,6730500
2019-01-15,96.29053941992127,96.29852806551257,95.80333562922208,95.8752212524414,8997400
2019-01-16,95.51575477566763,96.1547120267038,95.45186392540238,95.97101593017578,6048400
2019-01-17,96.0189778464581,96.26657099575797,95.75540740739979,95.9950180053711,8153400
2019-01-18,95.71545456055591,95.93909392559895,95.35604481616288,95.4918212890625,14106400
2019-01-22,96.09085291302159,96.41832030882438,95.89916809966529,96.13877868652344,8881100
2019-01-23,95.7474039789411,96.3384417377328,95.70747294781172,96.09883117675781,5776800
2019-01-24,96.57005343916795,96.84959500170032,96.41031105090012,96.72978973388672,7121900
2019-01-25,96.31446019435116,96.44225409776917,96.09881559926912,96.26654052734375,6460800
2019-01-28,96.2745509612927,96.59402969860258,96.17072296142578,96.17072296142578,6435800
2019-01-29,96.26654738522606,96.67388286445309,96.154730758544,96.65790557861328,5750100
2019-01-30,96.51414345133583,96.62596617501684,96.10681405309151,96.58602905273438,10571300
2019-01-31,97.08120665448475,97.58438141396857,97.04126953824306,97.41665649414062,11843400
2019-02-01,97.2445401409812,97.3165820594098,96.73221558933488,96.82827758789062,12024600
2019-02-04,96.41204000121192,96.50009532361638,96.07582599415905,96.39602661132812,8966200
2019-02-05,96.6442010111127,97.04445032082815,96.58816635204532,96.83631896972656,6983300
2019-02-06,97.14852731634352,97.18855469616524,96.64421531012162,96.88436126708984,5184000
2019-02-07,97.22856306352531,97.58879111214564,97.04445179835214,97.52474975585938,8781000
2019-02-08,97.86899044517246,98.03709446965014,97.7168937103644,97.94103240966797,5885400
2019-02-11,97.5487483708135,97.80490764828599,97.46069304662119,97.55675506591797,4352800
2019-02-12,97.38864084857505,97.46068277496575,97.02040620040614,97.30858612060547,7939600
2019-02-13,96.98042655107955,97.17254454453038,96.78830855762871,96.94039916992188,4757700
2019-02-14,97.7729330922075,97.82096107085002,97.32465567201925,97.49275970458984,5868900
2019-02-15,97.30857670350666,97.67680520872175,97.29256942385283,97.64479064941406,5527200
2019-02-19,97.99704511073254,98.09310714917484,97.62080976098372,97.89298248291016,5872800
2019-02-20,97.62080118682191,97.72486991282395,97.33262120412638,97.61280059814453,4455800
2019-02-21,96.91637558050725,96.98842363798748,96.6201888683246,96.74026489257812,7382500
2019-02-22,97.23658647637643,97.62082246551041,97.19655909498621,97.31663513183594,6374600
2019-02-25,96.99640644960338,97.10047516829836,96.79628181496741,97.02842712402344,6293500
2019-02-26,97.44468515946738,97.51672709300404,97.14849851562819,97.50872039794922,6028900
2019-02-27,96.95641410383595,96.96441469433772,96.28399195510657,96.40406799316406,7737300
2019-02-28,96.5081291357206,96.55616321458969,95.82770640706406,96.07585906982422,9533400
2019-03-01,95.72526297781904,95.88569841041334,95.17175033099562,95.18779754638672,13541100
2019-03-04,95.69321515748516,96.0782628067227,95.50870882373489,95.93386840820312,9808500
2019-03-05,95.68517519331934,96.15847024322031,95.67715158360008,96.1343994140625,5595200
2019-03-06,96.19856175908897,96.6798742269793,96.17449705372748,96.48735046386719,7766700
2019-03-07,96.77612666679248,97.27348628748666,96.75206196453973,97.11304473876953,8187200
2019-03-08,97.16124142480722,97.61848941609695,96.9446467277513,97.52222442626953,7517600
2019-03-11,97.38586226457683,97.40190337086136,97.04894395058848,97.23344421386719,5157800
2019-03-12,97.30560820927538,98.05164483790867,97.27351988844777,97.91526794433594,6422300
2019-03-13,97.5944107625609,97.8350640224303,97.56232243720052,97.73078155517578,4386300
2019-03-14,97.61845073820271,97.67460376329758,97.00076134193841,97.02482604980469,8188400
2019-03-15,97.65856421959694,97.82702330812081,97.38582268205005,97.66658782958984,4302000
2019-03-18,97.52219413596151,97.76285347566991,97.48208220593636,97.61043548583984,3893300
2019-03-19,97.1371532695073,97.56231897527887,96.97671776862062,97.39385986328125,5220200
2019-03-20,97.65856036064785,98.54899130781838,97.65054287119295,98.4126205444336,10123700
2019-03-21,98.63722740563568,98.74150984498971,98.46074472348225,98.62920379638672,7182600
2019-03-22,99.63996775689526,100.49831036922927,99.51963809493387,100.16139221191406,13077000
2019-03-25,100.12127573270598,101.02775384074585,99.88062253994485,100.32182312011719,9736300
2019-03-26,100.03303917298429,100.50633421240717,99.96886865731376,100.2496337890625,7502000
2019-03-27,100.61058294505459,101.34859564986493,100.52234163032523,101.172119140625,14207200
2019-03-28,101.27643914400313,101.62940453394604,101.0839153495893,101.52511596679688,9143200
2019-03-29,100.81919766437922,101.45292823618215,100.78710934325004,101.42886352539062,10841400
2019-04-01,100.7278367608098,100.78411354093619,99.84348473009096,99.98819732666016,16501500
2019-04-02,100.07657138165939,100.28559578815461,99.89165857038492,100.17304229736328,9725000
2019-04-03,99.37719182649121,99.58622250394362,99.18424373468629,99.3048324584961,10407000
2019-04-04,99.36917827430022,99.60232676160203,99.24054822175738,99.58625030517578,7503400
2019-04-05,99.38517875268208,99.82735147675803,99.35301973268832,99.71479797363281,6321800
2019-04-08,99.55404580505282,99.65051676698631,99.30481484140562,99.36109161376953,4446400
2019-04-09,99.86755431438539,99.96402524310396,99.50576993057258,99.67460632324219,7020300
2019-04-10,99.90777596990186,100.10876530495604,99.77110469415487,99.91581726074219,7519900
2019-04-11,99.6344429556056,99.70679617897119,99.21638779750728,99.32894134521484,8679300
2019-04-12,98.79828572473446,98.93495695715009,98.58925516511266,98.62141418457031,7005500
2019-04-15,98.70988660570374,98.87871692026384,98.66165112546031,98.87068176269531,3070000
2019-04-16,98.49280706661689,98.58927801364162,98.1953406679738,98.25161743164062,8927300
2019-04-17,98.18726785651502,98.54101090526194,98.17119141507436,98.29178619384766,6118500
2019-04-18,98.73398373964174,98.96713206833948,98.7098660045535,98.80634307861328,27589400
2019-04-22,98.4606597435388,98.54105425351815,98.27574685024912,98.33202362060547,6241200
2019-04-23,98.57318990689565,98.6455431086056,98.39631834666268,98.54103088378906,6239700
2019-04-24,98.97516640455962,99.36106240627453,98.95908382649277,99.34498596191406,7302000
2019-04-25,99.28068900091705,99.38520737942854,98.96714613279791,99.2002944946289,5380900
2019-04-26,99.67461836738065,99.706771258368,99.40126972433394,99.5379409790039,5950700
2019-04-29,99.07166847503,99.16813943295237,98.76616075172136,98.90283203125,10246000
2019-04-30,98.8465204924228,99.48164732140987,98.83044404965985,99.40929412841797,7957400
2019-05-01,99.65018182787836,100.2624672939593,99.57767061817533,99.81936645507812,14371900
2019-05-02,99.64213065053856,99.74686224236684,99.12651856578547,99.34403991699219,6612800
2019-05-03,99.62606811523438,99.80330486004729,99.39243031717356,99.62606811523438,6191700
2019-05-06,100.14971896891497,100.20611386797569,99.84357610924005,99.89997100830078,4482500
2019-05-07,100.32695198894557,100.81839583820177,100.21416220189487,100.66532135009766,8984900
2019-05-08,100.82647650311273,100.94732448665297,100.14167945849638,100.23030090332031,6907600
2019-05-09,100.79422591395421,100.94730039968577,100.14970758658352,100.64115142822266,9411900
2019-05-10,100.61698595553315,101.06814510969703,100.37529003918395,100.50419616699219,6037800
2019-05-13,101.02785218979899,101.45484292093171,100.90700424880745,101.29371643066406,10501600
2019-05-14,101.11646102410208,101.22925078257423,100.8667070047016,100.99561309814453,5690400
2019-05-15,101.68041221572278,101.72874892861402,101.32592659697107,101.61595916748047,9566300
2019-05-16,101.35815876151514,101.37427509776306,101.1325792266949,101.27759552001953,7666400
2019-05-17,101.73680388128989,101.75292021613166,101.26147649533097,101.50316619873047,4747100
2019-05-20,101.6079173892931,101.81738059732473,101.22926337592436,101.29371643066406,6043100
2019-05-21,101.18897850431796,101.28565808625959,100.94728876933625,101.13258361816406,4021800
2019-05-22,101.32596471360746,101.77713007444127,101.28568615323984,101.71267700195312,5675300
2019-05-23,102.22827220902414,103.19504354849117,102.2202140396636,102.85667419433594,9743700
2019-05-24,102.76801631068301,102.94525909423828,102.63105821305578,102.94525909423828,4981900
2019-05-28,103.34006392060022,103.84761179498564,103.19504146137274,103.68648529052734,8098600
2019-05-29,104.46797744265521,104.65327233596703,103.92819681037044,104.00070190429688,13260600
2019-05-30,104.19403624365557,104.91911159617788,103.83955058929776,104.89494323730469,13024800
2019-05-31,105.45886643122601,106.26451097934283,105.38636137225396,106.20812225341797,18933600
2019-06-03,106.4907272246635,107.03161563546927,106.20009932887585,106.91859436035156,17822400
2019-06-04,106.07092471635147,106.36962114989225,105.39279709071555,105.6995620727539,14250000
2019-06-05,105.36856748449323,105.71569980745357,105.04564080435108,105.10215759277344,8815200
2019-06-06,105.7318586527823,106.23237965365956,105.20711968853317,105.44123077392578,9621100
2019-06-07,106.39380963954675,106.61986443719617,106.11126269966964,106.35345458984375,11378500
2019-06-10,105.49771711805128,105.51386653032186,105.20710160753465,105.35240936279297,8288700
2019-06-11,105.28783676928265,105.56231521912598,105.20711433494895,105.41700744628906,5115100
2019-06-12,105.26360776212019,105.55423559569297,105.19095388332511,105.49771881103516,5278700
2019-06-13,105.59459782941919,105.95787952410919,105.58651696435132,105.86100769042969,5560400
2019-06-14,105.83679069598894,106.32924305233153,105.82870983084747,106.1274185180664,5838800
2019-06-17,106.07091079668233,106.36960719102522,105.86101769773774,106.31310272216797,6046400
2019-06-18,107.16075488685061,107.25762671756038,106.52298248563393,106.84590911865234,10320700
2019-06-19,106.45034882233344,107.14462581714302,106.22430629550185,106.99930572509766,11962500
2019-06-20,107.29800213462808,107.7823736428999,107.03966080883585,107.28185272216797,10721500
2019-06-21,106.9751017900305,106.99125120646288,106.06286301512549,106.10321807861328,14495000
2019-06-24,106.69252361241865,106.9912199780599,106.62793828393559,106.89434814453125,6378800
2019-06-25,107.20108863743681,107.44328048448128,107.14458418688024,107.2253189086914,9604600
2019-06-26,107.11234426903368,107.12849368595386,106.46651541297636,106.53916931152344,12766800
2019-06-27,106.81359885888773,107.44329032785888,106.55526989852557,107.28990173339844,9724200
2019-06-28,107.03158714801974,107.43523621149014,106.92663444963205,107.2172622680664,8149200
2019-07-01,107.2334393664422,107.37903212964986,106.44072651379935,106.96650695800781,14131200
2019-07-02,107.23343937710652,107.89671586937462,107.14446190761954,107.79155731201172,10494300
2019-07-03,108.00186731787194,108.62469722073139,107.99377060319009,108.55999755859375,5380300
2019-07-05,107.20918623018457,107.21728294726147,106.50546302765997,107.12020874023438,12180100
2019-07-08,107.62171039140216,107.75921879640524,107.26580047607422,107.26580047607422,6490000
2019-07-09,107.32241127454083,107.34668907916311,106.90180170366223,107.22534942626953,6215700
2019-07-10,107.0554713839477,107.12826775668209,106.37600154410357,106.63484954833984,9470000
2019-07-11,106.21424802765483,106.29514113008862,104.96047899525831,105.21124267578125,14126800
2019-07-12,105.08993641273953,105.51864283823309,104.89580031074759,105.33260345458984,6992000
2019-07-15,105.51857955752887,106.00391335016926,105.51857955752887,105.93920135498047,6055500
2019-07-16,105.29215003149152,105.63997564874892,105.12229175305227,105.62379455566406,6172700
2019-07-17,106.01204625540153,106.78857821062672,106.0039618807584,106.76431274414062,9662200
2019-07-18,106.34366313145836,107.03121741679074,106.15762382253624,106.77236938476562,5724900
2019-07-19,106.44072860569395,106.71574539219358,106.37601659547863,106.52162170410156,5804800
2019-07-22,107.15258336104026,107.16876445451572,106.56210304604417,106.723876953125,5204100
2019-07-23,106.44885855102575,106.56210151861494,105.93925902559555,106.1414794921875,8108900
2019-07-24,106.44882377886557,106.69147838546508,106.34366522096995,106.60250091552734,6389700
2019-07-25,106.16572241569101,106.29514644903956,105.5671455183703,106.09292602539062,8893100
2019-07-26,106.52971303347617,106.59442504791728,106.16571875198032,106.34367370605469,6188400
2019-07-29,106.62680131520743,106.731947552832,106.2870601088623,106.37603759765625,6231800
2019-07-30,106.77235792213331,106.85325100909519,106.31128954304451,106.63484954833984,5678500
2019-07-31,106.52973062381677,107.84821190783505,106.49738078253193,107.49230194091797,15798700
2019-08-01,108.11152024800717,109.73250414099304,108.00615233748289,109.62713623046875,26664800
2019-08-02,109.95131009789087,110.64022064208984,109.7405743349764,110.64022064208984,15143100
2019-08-05,111.96136098337051,112.56922996490043,111.57232829798667,112.55301666259766,18543000
2019-08-06,112.00998492646427,113.4526596069336,111.92083031735096,113.4526596069336,12747400
2019-08-07,115.41404891777614,115.94897657374203,113.29056396285945,113.4931869506836,32582000
2019-08-08,112.77183323486076,113.81736225869287,111.83165973975466,113.73632049560547,14746000
2019-08-09,114.01185448365726,114.72509106537404,113.36345871547114,113.50935363769531,10626000
2019-08-12,114.86295288891186,116.2488875929287,114.69274408935283,115.87606811523438,14094300
2019-08-13,116.556791337594,116.63784544188329,115.04927651450103,115.47883605957031,15974900
2019-08-14,117.65097628381919,118.11295011462681,117.28625749799808,118.08053588867188,15068900
2019-08-15,118.29133060985852,120.43914229646491,117.99145246222977,119.39360046386719,23588700
2019-08-16,118.38046970191705,118.74518865979577,117.39166838767761,118.43721008300781,17150500
2019-08-19,116.36231296109948,117.24574604966689,116.31367306500889,116.74323272705078,13614700
2019-08-20,117.74819805830093,118.02376218598144,117.39157983795288,117.95082092285156,7451500
2019-08-21,117.29440031281547,118.16162030034607,116.9458823305757,117.16471862792969,9372000
2019-08-22,116.71082662042275,117.27816844306942,116.28936739483201,116.38663482666016,13878800
2019-08-23,116.32182816967621,118.55068141621969,116.24887448259035,118.29943084716797,16191800
2019-08-26,118.2264587502773,118.5668638908692,117.75637192742396,117.82121276855469,12174500
2019-08-27,118.84238704053539,119.72581991475434,118.72080588049329,119.63666534423828,11332300
2019-08-28,120.58494300271971,120.68219804026091,119.67719634001325,119.79066467285156,10095900
2019-08-29,119.34490008623226,119.41784136944912,118.43715336054254,119.33679962158203,8884900
2019-08-30,118.82624971998662,119.53137390401034,118.62362669081858,119.36927795410156,13550800
2019-09-03,119.42608196888796,120.70892534970544,119.00388975924888,119.52352142333984,15660800
2019-09-04,118.97141299507271,119.85640859705606,118.93081425234938,119.70214080810547,7962200
2019-09-05,118.26504963673248,118.37871869034785,116.82793829609702,117.53430938720703,19382900
2019-09-06,117.94024036299975,118.56542618434648,117.79409978577274,118.37055969238281,9466400
2019-09-09,116.77918644568989,116.91721222344111,116.25955488692323,116.26766967773438,15862700
2019-09-10,115.97543992955153,116.34080394087431,114.20544821785428,114.22980499267578,13851400
2019-09-11,113.99429522836773,114.60323913960687,113.98618043625629,114.02677917480469,10941700
2019-09-12,114.88741648104468,115.13099652028768,112.9063169990616,113.2798080444336,19163300
2019-09-13,112.27303748049792,112.62217182661531,110.86028289794922,110.86028289794922,18922200
2019-09-16,111.94827557445821,112.50850606997675,111.43675861959379,112.27304077148438,10971600
2019-09-17,112.33799239587896,113.34478429416903,112.06194074907283,112.8819808959961,9081200
2019-09-18,113.61270255400754,114.20541694971986,113.28793738597102,113.36100769042969,10984600
2019-09-19,114.28658296566866,114.4733346756563,113.64516752973985,113.70199584960938,13176200
2019-09-20,114.29477930000527,115.27720241654774,114.02684234394758,115.20413208007812,11519800
2019-09-23,115.48820768223793,116.23517713878468,115.0497612777268,115.17967224121094,15246700
2019-09-24,115.63443916399874,116.79549918113165,115.62632436827093,116.56816101074219,12421600
2019-09-25,116.31642384436167,116.55188913909201,114.59514602742728,114.86308288574219,14147100
2019-09-26,115.51260118496589,116.09718831761609,115.21218043771809,115.60191345214844,9636500
2019-09-27,115.55314471916759,116.08900567726963,115.40699181132929,115.88602447509766,10386900
2019-09-30,115.19595738443424,116.17837999014134,115.1634734368925,116.1702651977539,8006900
2019-10-01,114.89334151546298,117.04871755068716,114.79574389040754,116.52003479003906,16613700
2019-10-02,116.68269049330615,117.34149915081747,116.503753276367,116.8046875,12891500
2019-10-03,117.10559259541884,118.48014977878685,117.05679380487925,117.8701400756836,13470500
2019-10-04,118.2198915952048,118.77296113108869,118.09788220180936,118.74043273925781,11516200
2019-10-07,118.06531631702889,118.366250385949,117.69931307443059,117.75624084472656,11013900
2019-10-08,118.60213823969667,118.69159439944953,117.62611295839767,118.07345581054688,14529700
2019-10-09,117.60991469905264,117.61804369661016,116.95923498463505,117.40657806396484,8608800
2019-10-10,116.40610631314648,116.45490510033534,115.27555557078418,115.65782928466797,15054200
2019-10-11,114.6655503894905,114.76316037836011,113.63260959182779,114.22634887695312,26294000
2019-10-14,115.07225011946989,115.09664951965914,114.74691650982551,115.05599212646484,5936900
2019-10-15,114.4134460225583,114.64118204046164,113.50250195094496,113.66516876220703,11832300
2019-10-16,113.57566219054402,113.9172661032143,113.3397972546567,113.80339813232422,7729500
2019-10-17,113.47809481673768,114.17757322711206,113.29915761333856,113.52689361572266,6219300
2019-10-18,113.71395981539216,114.0555638189683,113.421154610801,113.52689361572266,6456100
2019-10-21,112.70538472988375,113.04698863198988,112.4288375999789,112.67284393310547,8038000
2019-10-22,113.36419057631528,113.48618753477885,112.76230995631457,113.33164978027344,6683300
2019-10-23,113.89289200001576,114.12062799236449,113.34795141756123,113.44554901123047,5995400
2019-10-24,113.60822202058674,114.06370644088791,113.07955181170989,113.21781921386719,6161700
2019-10-25,113.48620918869679,113.50247958982222,112.49392570160109,112.66473388671875,5669800
2019-10-28,111.900176960916,111.900176960916,111.42030565885479,111.63990020751953,11402100
2019-10-29,111.9327370057885,112.0303470212569,111.56673357715802,111.71314239501953,5296600
2019-10-30,112.05471338335951,113.42112909021044,112.05471338335951,113.34793090820312,10914100
2019-10-31,114.25890108789905,115.23491430533187,114.21823128494738,114.8770523071289,15834100
2019-11-01,114.66193086685489,115.10191114344937,113.89604940431387,114.52342224121094,11425500
2019-11-04,113.22796309545716,113.36647173926919,112.86946428449194,113.01612854003906,11124300
2019-11-05,111.80208805769168,111.98133740640935,111.40284861148756,111.74504852294922,13493000
2019-11-06,112.4539003666693,112.77165830862684,111.89985354624059,112.42130279541016,9351900
2019-11-07,111.09329974970517,111.10144293044645,109.54523757760869,110.38444519042969,19209800
2019-11-08,110.11556447134971,110.76737942955523,109.81410518151836,109.92002868652344,10222900
2019-11-11,110.30294674771528,110.31108992629063,109.70001586012853,109.99333190917969,4577000
2019-11-12,110.22148732358441,110.7673787735519,109.8222477113681,110.49850463867188,5772900
2019-11-13,111.46804462760115,111.59026688849553,110.9465953051829,111.21546936035156,6672400
2019-11-14,112.27467127084202,112.79612061405669,112.16874779364228,112.36429595947266,10213300
2019-11-15,112.01390929418551,112.56795606076558,111.97316855023661,112.2420425415039,4657600
2019-11-18,112.60873329227088,112.93463448480172,112.38058753869899,112.44577026367188,5943900
2019-11-19,112.73907227667156,113.44792655230847,112.73907227667156,113.38274383544922,7893100
2019-11-20,113.99383251693882,114.55602264404297,113.87976585581144,114.55602264404297,7905500
2019-11-21,113.77386755327942,114.13236640540262,113.35018596146686,113.83905029296875,5980900
2019-11-22,114.1486961417941,114.29534802159718,113.80648355757408,113.98573303222656,4664800
2019-11-25,114.31162763181264,114.49902025755374,114.2138472960166,114.31977081298828,4157300
2019-11-26,114.88190764805556,115.13448290264768,114.83302371908054,114.98783111572266,4281100
2019-11-27,114.55599496927371,114.80857019844267,114.4093307647794,114.65376281738281,4095700
2019-11-29,114.57230575595025,114.62118969042974,113.88790580857093,114.40935516357422,6251100
2019-12-02,112.74517965507734,113.17774667297813,112.59010611022501,112.88392639160156,17702200
2019-12-03,114.2959213477729,115.70789799090319,114.20614255805773,115.25084686279297,13062400
2019-12-04,114.5407915224859,114.67138113758308,113.61853194342608,114.10006713867188,8586300
2019-12-05,113.16960684276522,113.80621547437876,113.12063886398076,113.54503631591797,7273800
2019-12-06,112.65545436355791,113.54507280727044,112.51670756117527,112.91663360595703,7931100
2019-12-09,113.43894395948014,113.53687991772222,113.09615565192507,113.16143798828125,4016900
2019-12-10,113.59401418811866,113.73277341170345,112.96557513404075,113.16961669921875,4947600
2019-12-11,113.69192426943857,114.37750070836071,113.6347866726761,114.05919647216797,6256700
2019-12-12,113.60215551788392,113.67560747415783,111.49644559542536,112.18202209472656,14857000
2019-12-13,112.72887254141948,113.94496467335443,112.0024851152362,113.47974395751953,11335100
2019-12-16,112.95739556479467,113.00637599724423,112.1657133652474,112.45953369140625,9156600
2019-12-17,112.80233575610606,112.90842889337259,111.98616955773782,112.30447387695312,6179700
2019-12-18,112.059613912102,112.1820338520555,111.2271209592972,111.38219451904297,6244700
2019-12-19,111.1761890886745,111.87921548920995,110.97999132330445,111.5604019165039,6591100
2019-12-20,111.28245836538008,111.74024065263241,111.11895399967699,111.70753479003906,5455700
2019-12-23,111.83836549211615,111.96916403288361,111.1762150307295,111.54407501220703,5175000
2019-12-24,111.11081922844461,112.04273703163882,111.08629606048969,111.8628921508789,4667400
2019-12-26,111.92009117138612,112.17350548803712,111.59309489697156,112.13262939453125,5290200
2019-12-27,112.35338747775377,112.50870920026419,112.23075915668085,112.25529479980469,7300500
2019-12-30,111.08627921676967,111.91192151787874,110.89826413307827,111.8465347290039,7979700
2019-12-31,111.34790817295857,111.5522762492462,110.6694046628471,110.75114440917969,10707400
2020-01-02,111.8219709876072,112.42690465855323,111.72387835531408,112.00181579589844,11034100
2020-01-03,113.03183336994509,113.75938279933446,112.71301985535042,113.72667694091797,12366000
2020-01-06,114.19267221158077,114.20902514513392,112.93375827429266,113.0809097290039,11369800
2020-01-07,112.99098181604555,113.19534981781474,112.51684655510506,112.52501678466797,8381200
2020-01-08,112.75393223799554,113.06457565916547,111.43781399777383,111.7811508178711,10621700
2020-01-09,111.17617573961536,112.35333724322754,111.10260626404735,112.17349243164062,7411500
2020-01-10,112.54138040450333,113.19536056699417,112.50868700951413,113.17083740234375,8776000
2020-01-13,112.71302331136387,112.88468541560825,112.312457612076,112.82746887207031,5966900
2020-01-14,112.95830100964523,113.48149518492946,112.92560761050781,113.40791320800781,13920300
2020-01-15,114.05371025418997,114.24989557397959,113.64497420644925,114.15997314453125,6290500
2020-01-16,113.84114896142985,114.06186989934386,113.41607249224458,113.80028533935547,6798600
2020-01-17,112.46777926024131,112.9255615030671,112.28793445432682,112.82746887207031,9693100
2020-01-21,113.47326769890984,114.15994107252855,113.4405743126745,114.01280212402344,6794900
2020-01-22,114.21720095135994,114.56053773093707,114.11092558852626,114.41339874267578,6317000
2020-01-23,115.14096906688354,115.57422835270606,115.08374002319857,115.21453857421875,9747400
2020-01-24,115.60688123183253,116.53062852337636,115.50878858976841,116.14641571044922,8585000
2020-01-27,117.67508072854682,117.95301818847656,117.30722085821255,117.95301818847656,10935200
2020-01-28,117.65874901711422,117.78954754195229,116.75136699433905,117.02930450439453,10612900
2020-01-29,117.25820988179758,118.28822032391837,117.2500271769834,118.17377471923828,9566800
2020-01-30,118.4516938199115,119.08115078446268,117.95303537566794,118.19010925292969,14711800
2020-01-31,118.67242912796262,119.34276227045194,118.6070298598928,119.26918029785156,14538100
2020-02-03,118.68943954881316,119.35269003718486,118.00980895739241,119.17254638671875,15309000
2020-02-04,117.90333498954003,118.02615449053951,117.14181660028086,117.56761169433594,11388300
2020-02-05,116.51954937804034,116.84707648677394,116.19200977494842,116.2820816040039,10782600
2020-02-06,116.4212858451117,116.99447704955698,116.2739023886718,116.80613708496094,6683100
2020-02-07,118.09168639167926,118.51748157227848,117.80509083862356,118.26363372802734,11374800
2020-02-10,118.81228183282019,118.93510138039203,118.46836211090132,118.59119415283203,6699300
2020-02-11,118.39465752878519,118.50110945469635,117.86242288794439,117.99343872070312,7784100
2020-02-12,117.39572143554688,117.54311741840739,117.08457435059516,117.39572143554688,5595500
2020-02-13,117.45307226321466,118.07537906892956,117.31387254987177,117.84610748291016,7883400
2020-02-14,118.53385530421708,118.79588696561953,118.28001994120679,118.36190795898438,7137400
2020-02-18,119.00878283930167,119.59015780114373,118.66487564141848,119.17254638671875,6909200
2020-02-19,118.82866709159435,119.23808230345279,118.71403133204842,119.16439056396484,5707700
2020-02-20,119.61470967796933,120.31890410595851,119.54920176671958,120.09781646728516,9332900
2020-02-21,121.02308564432974,121.90742361047981,120.90025363843505,121.21959686279297,13860300
2020-02-24,123.50414353087328,123.61059544038511,122.8245130592892,123.02922058105469,15929300
2020-02-25,122.99648891948212,124.26566572450263,122.93916480861941,123.6843032836914,20802900
2020-02-26,122.78356905606499,124.23290180858417,122.48060592204587,123.02922058105469,22589500
2020-02-27,125.03538700009177,125.34654651897827,123.50417830435701,124.36395263671875,30687900
2020-02-28,126.46828346435966,127.72109229015125,126.23082827602647,127.17247772216797,44935200
2020-03-02,127.3521393128586,128.33618422930726,126.08927145128798,126.23688507080078,28152400
2020-03-03,126.13031932561367,130.9603532352171,124.94126412110214,128.1968231201172,38608000
2020-03-04,128.262314077272,129.03315280593483,126.44182633892454,126.83544158935547,23463700
2020-03-05,128.85276078264502,130.23862900346643,128.59034223803283,129.99261474609375,17786200
2020-03-06,137.19264616890266,138.85732578140224,134.57671748845672,136.75802612304688,76288300
2020-03-09,146.86912040064632,147.3611367301293,139.68556436975035,140.464599609375,41552800
2020-03-10,139.11148777465104,141.80941198149628,132.87098724010193,133.2646026611328,37728300
2020-03-11,135.6590929230179,136.97116078425285,127.62271793957503,128.36074829101562,29519300
2020-03-12,134.08468398745097,136.4218020878141,127.64737998720199,129.15625,24361800
2020-03-13,127.10612495554393,129.73024890367702,124.8018159180769,126.23688507080078,19812900
2020-03-16,131.51793559155112,136.24955437419513,129.41042812524702,134.4126739501953,30496700
2020-03-17,134.07648181468082,135.82317026077004,125.22825956019325,125.44966125488281,18570900
2020-03-18,125.33478223754008,126.40083564832396,113.9936391508316,118.3726577758789,47061000
2020-03-19,120.50474443389876,125.83499863660028,119.11068045267605,121.59539794921875,21175300
2020-03-20,125.71208731475012,130.73892211914062,124.73623807899818,130.73892211914062,20863100
2020-03-23,129.15620619992174,136.69237032881097,128.39357555993686,136.1265411376953,19971800
2020-03-24,132.2313373474566,135.67549991068947,131.54250733737138,133.5926055908203,11948600
2020-03-25,134.1502744245153,136.68419377153077,132.53479542035845,133.2892303466797,10750600
2020-03-26,134.48649586861785,135.86415640551274,133.0678308487129,133.9452667236328,10576200
2020-03-27,135.73291955103744,137.97162351971772,134.970276432946,137.52059936523438,12550000
2020-03-30,138.0126826547981,139.49695249514588,136.077388481325,136.38900756835938,13473200
2020-03-31,135.88048543090682,136.8809342006628,134.9456412950632,135.2818603515625,11464800
2020-04-01,138.35979522221712,138.75399170522377,136.65164805516727,137.17723083496094,11334700
2020-04-02,138.6472193736079,138.96749616295645,137.35789195822971,138.0477294921875,5771200
2020-04-03,138.41731492902267,139.87909272282997,138.08061006404074,138.37625122070312,6570800
2020-04-06,137.14433656135202,138.18729400672171,136.75836047993673,138.01483154296875,9434800
2020-04-07,135.46911244136325,136.66809242767275,134.44258247252404,136.56954956054688,13811400
2020-04-08,135.59227942717328,136.479202748092,134.78748350909015,135.5758514404297,10147100
2020-04-09,134.91070629070256,136.1507502822173,134.5000942037377,135.822265625,14259100
2020-04-13,135.2966293188852,136.08500972865596,134.58216857910156,134.58216857910156,8750300
2020-04-14,134.54937744140625,135.28848678125186,134.2537362116455,134.54937744140625,9019100
2020-04-15,136.98013820760698,138.45834361703606,136.93086678243955,138.11341857910156,10027800
2020-04-16,139.00032857886293,139.87083628709794,138.80324289697433,139.68194580078125,8265400
2020-04-17,139.4603772214091,140.2980173490343,137.36625184055845,137.80970764160156,8612100
2020-04-20,138.3270371436344,139.02507035098455,137.93285294825495,138.91831970214844,6462600
2020-04-21,141.19309406008205,141.3737644164558,140.2486910861284,140.66751098632812,7850700
2020-04-22,139.58346430761972,139.9283769333961,138.54872643029066,139.23033142089844,6230200
2020-04-23,139.50134810466355,140.37184373462733,139.28783432797567,139.96945190429688,5968600
2020-04-24,139.28781053270149,140.29791259765625,139.25496708454747,140.29791259765625,6211800
2020-04-27,139.32891092190633,139.4028180978736,137.50579206272084,137.68646240234375,9039500
2020-04-28,138.4173404327131,139.48493439130516,138.33521300094188,139.2714080810547,9905400
2020-04-29,139.22214921506009,139.82163942232486,137.9328336297738,138.5487518310547,8619600
2020-04-30,138.57335637023556,138.9757481514112,136.90627248308917,136.930908203125,11606100
2020-05-01,137.7334422147967,138.23503913310623,136.86181766265102,138.1034698486328,10209400
2020-05-04,137.78279865385443,137.88146935874693,136.89472466840354,137.45388793945312,8300900
2020-05-05,136.14642379282685,136.72202370194836,135.8997345325928,136.57400512695312,7831800
2020-05-06,134.222220723485,134.55936220160487,133.25192579285735,134.3702392578125,14721500
2020-05-07,134.49361991595998,136.80425056680048,134.3127152876893,136.61512756347656,9164800
2020-05-08,135.25834950407358,136.00662310970654,134.59228473966516,134.83897399902344,8129800
2020-05-11,134.57584106819638,135.03632097017342,133.29307204207853,133.78643798828125,8713500
2020-05-12,134.16475053065827,135.62019383251717,134.14008285077193,135.1597137451172,10057300
2020-05-13,135.75174048966593,136.73848516178253,135.5379497839681,136.10533142089844,13305600
2020-05-14,137.58542701922704,138.26791597432322,137.3634054348533,137.43740844726562,10080000
2020-05-15,138.39128394835768,138.54752091414935,136.7713731143151,137.08384704589844,7225600
2020-05-18,135.6201906515085,135.7270922932694,133.5562486842006,134.0742950439453,10073100
2020-05-19,133.63847257354837,134.60876801222565,133.60557397219043,134.5758819580078,8639100
2020-05-20,134.17299574543668,135.43109785984973,133.9345372764587,134.9788360595703,10927300
2020-05-21,135.56268368802785,135.97382854786693,135.0939725251815,135.3159942626953,8920000
2020-05-22,135.44754876110747,136.2369397789458,135.357096399986,136.1300506591797,4956700
2020-05-26,134.61694773530525,134.68271981872485,134.0166676866672,134.30447387695312,8098900
2020-05-27,133.8604920872511,134.7814647898393,133.69603670908424,134.05784606933594,8047400
2020-05-28,133.1779278152371,133.679524591509,132.93123861348903,133.56439208984375,10272600
2020-05-29,133.79471963413823,134.92947052360825,133.49869493533276,134.51832580566406,14632700
2020-06-01,133.46439834739434,133.74433298631044,133.1103530166657,133.6125946044922,13341400
2020-06-02,133.11043689971035,133.45624094745313,132.76463285196758,133.1269073486328,11517100
2020-06-03,131.88356940801256,132.0070788582932,130.8626283066388,131.35662841796875,12255700
2020-06-04,130.84619976615716,130.92029792209436,129.42181410564683,129.45474243164062,14038600
2020-06-05,127.29751286150446,128.57370154682616,126.10366379327255,128.53253173828125,17778500
2020-06-08,127.67629362586132,129.1418487691201,127.65982318513223,129.02658081054688,10346700
2020-06-09,130.95327482912597,131.43904629156867,130.33576489993797,130.49220275878906,9095300
2020-06-10,131.1097159775902,132.47646177373227,130.953278114814,132.42706298828125,13135500
2020-06-11,134.41123489763538,135.21811046230877,133.90076439636937,134.92994689941406,17086400
2020-06-12,133.71970374643152,134.74888683807646,133.42329851350695,133.62913513183594,9716100
2020-06-15,134.93820530855075,135.2099110562894,133.4973494895905,133.70318603515625,7759800
2020-06-16,131.2496597134117,132.7481437092786,130.66507821006493,131.65309143066406,13698900
2020-06-17,131.9576006641966,132.36927345744078,131.19188273586903,132.1963653564453,7113900
2020-06-18,133.41503894279728,133.77731335212462,133.06100603758003,133.59617614746094,7691400
2020-06-19,132.55873534434133,133.7937546177358,132.48463720312142,133.70318603515625,8565500
2020-06-22,134.36185925584388,134.5512253512586,133.43971559476506,133.7196502685547,9319700
2020-06-23,132.95398246482128,133.43152491785506,132.6575772375338,132.8057861328125,9088600
2020-06-24,132.99512884673842,134.2795470840545,132.9868999063902,134.2301483154297,11436500
2020-06-25,135.20170789353824,135.31697587850033,134.53478680561307,134.61712646484375,10968000
2020-06-26,135.2345612218629,136.1155473466416,135.1769209797135,136.0579071044922,12119300
2020-06-29,135.72861659866203,136.07442047087494,135.3416429066765,135.6298065185547,7274400
2020-06-30,136.0414675150659,136.09086626910252,134.60061189376611,134.9711151123047,14841700
2020-07-01,134.20626026763716,134.8244943853823,133.66221122530015,134.70909118652344,13181000
2020-07-02,134.11559056058908,134.9728822803586,133.73641399754186,134.84922790527344,7599800
2020-07-06,133.8105492673006,134.3793264781605,133.33244686654882,134.29689025878906,7972700
2020-07-07,134.70901482662285,136.29169176154826,134.52766524864197,136.18453979492188,12791900
2020-07-08,135.45094522122238,135.9455248428137,135.04702783895436,135.64053344726562,7253900
2020-07-09,135.7311382472626,138.03096185959603,135.68168156841608,137.80015563964844,13373100
2020-07-10,138.4431692245321,138.65749835008455,136.96765658430724,137.1077880859375,8478000
2020-07-13,136.42358778484962,137.62708841382684,136.2010201016692,137.56114196777344,8054000
2020-07-14,138.42669332167546,138.59980435748736,137.64359952100614,137.75900268554688,11344600
2020-07-15,136.7698488106669,137.61888918478843,136.69566374760848,137.11605834960938,7840300
2020-07-16,137.9897975732293,138.29480150837026,137.69304480644385,137.76724243164062,9107400
2020-07-17,137.8826771896063,137.98982920078237,137.22322504804632,137.478759765625,8549900
2020-07-20,138.08046941068616,138.1711442146435,137.4952150580525,137.8166961669922,6907200
2020-07-21,137.90734479454164,138.25355418630056,137.72599522104917,137.8990936279297,8454400
2020-07-22,138.6986762682079,138.86354866365772,138.2288251595698,138.31124877929688,6592100
2020-07-23,139.2427605516901,140.03410548678377,138.88006131385558,139.92694091796875,10471800
2020-07-24,139.3168532923574,140.06697962103718,139.20145020932918,139.91860961914062,7520700
2020-07-27,140.3390217835883,140.38023987092978,139.30039390375248,139.39930725097656,6146400
2020-07-28,139.75383522693414,140.41328726836318,139.66316041401262,140.36383056640625,8520700
2020-07-29,140.17418202246898,140.4544449316084,139.29216262382914,140.12472534179688,6733700
2020-07-30,140.99848643706596,141.17158481065542,140.7511904682284,141.04794311523438,9376100
2020-07-31,140.2565599914112,141.33641833934948,140.083461665385,140.9572296142578,8886000
2020-08-03,139.66177506445055,140.2806968790245,139.43895968544487,140.2476806640625,9066200
2020-08-04,140.9738293635884,141.59275092823987,140.88305369709317,141.58450317382812,9878900
2020-08-05,140.3383735662677,140.75098786587074,140.033043013998,140.3466339111328,6954100
2020-08-06,141.42768277795537,142.1456276370193,140.80050097740366,141.13059997558594,9481800
2020-08-07,141.34519571855796,141.52674707201558,139.94230919892487,140.18988037109375,8176900
2020-08-10,140.47043977334621,140.49519562865274,139.52143174128554,139.56268310546875,6408500
2020-08-11,137.95344235773797,138.21752151332336,136.888903167754,137.9039306640625,19234200
2020-08-12,136.74041862197728,137.04576186058526,136.15451318701378,136.64964294433594,11744800
2020-08-13,136.41851669057078,136.64133190376552,134.65252826418362,135.18893432617188,12744700
2020-08-14,135.1806492143079,135.461223821301,134.6442558425867,134.66075134277344,6398100
2020-08-17,135.31275170379394,135.71711830217407,134.8671211517847,134.99916076660156,6901500
2020-08-18,135.6345437953086,136.05540575695332,135.41172859585598,135.96463012695312,8140600
2020-08-19,136.46805955814102,136.66611896977844,134.75984277873218,135.11468505859375,12497700
2020-08-20,136.48451833742848,136.69907317851218,136.10490775029598,136.3359832763672,10319900
2020-08-21,136.7980967233561,137.26022254956675,136.17091516608366,137.15293884277344,6836000
2020-08-24,137.25205761340308,137.78845128704407,136.8724468316937,136.93020629882812,6490600
2020-08-25,135.62633749805744,136.23699865744553,135.19721506217022,135.8821563720703,10518300
2020-08-26,135.3787670104338,135.6098300326861,134.74333740324482,135.3622589111328,8276600
2020-08-27,135.96467134490973,136.01419564245757,132.99385568354103,133.05987548828125,19860100
2020-08-28,133.49726748520158,133.7283305435444,132.56475490489447,132.9608612060547,8415400
2020-08-31,133.35699006043575,134.71861265537734,133.32397385421072,133.8438720703125,11388100
2020-09-01,133.63978241234125,135.5482246772284,133.1606075784324,135.37472534179688,10587000
2020-09-02,135.08555816858828,136.77919045895226,135.0690440278029,136.6635284423828,15167700
2020-09-03,136.93614159041488,138.1671256216813,136.68003377999995,137.0518035888672,16416600
2020-09-04,135.82908876302423,136.06866982819935,134.2098081840813,134.44940185546875,13780300
2020-09-08,135.79604646147504,136.53132906814068,135.27557373046875,135.27557373046875,13790400
2020-09-09,135.44082133452756,135.69692919912663,134.4659449074238,134.91207885742188,9558900
2020-09-10,134.21804596425375,135.77948887000858,133.79669602373926,135.5977325439453,8847700
2020-09-11,135.74648654202144,135.9612964298837,135.55647307724752,135.88693237304688,5458200
2020-09-14,136.14305757605553,136.38265131133952,135.68040946046455,135.87869262695312,4274900
2020-09-15,135.63082629535683,135.87867707354326,135.31688113590636,135.5482177734375,6928500
2020-09-16,136.13476192105992,136.2256401041666,134.64767010941088,135.14337158203125,8815200
2020-09-17,136.2339334501244,136.28351369555858,135.32516398327834,135.55648803710938,7813900
2020-09-18,135.63075950684845,135.68859678930406,134.9450448208912,135.13507080078125,7246300
2020-09-21,136.22565463151292,136.64699210382395,135.60603402776604,135.82083129882812,11086900
2020-09-22,135.8539163156788,136.21742917122498,135.3829984965713,135.71347045898438,10524100
2020-09-23,135.73821481719716,135.9282282614568,135.06075694587008,135.8951873779297,6224800
2020-09-24,136.28347328407793,136.4156494140625,136.00256906810787,136.4156494140625,8278100
2020-09-25,136.40739234537963,136.6635001428776,136.07693311110063,136.4156494140625,5140300
2020-09-28,136.20917649440457,136.23396031890192,135.79609594449133,136.0274200439453,4470100
2020-09-29,136.1513615661865,136.51487449325296,135.9530783497269,136.1844024658203,10297600
2020-09-30,135.49042260005623,135.49042260005623,134.29249150684817,134.87905883789062,12971000
2020-10-01,134.39851676775817,135.41575667766165,134.05944941706724,135.1014862060547,11523900
2020-10-02,135.30828117723428,135.35790018889531,134.1256400490961,134.5970458984375,8828800
2020-10-05,133.10839226250974,133.10839226250974,131.92576393303162,131.9671173095703,14726000
2020-10-06,131.76858804324505,133.4887844987504,131.2310195525575,132.6782989501953,22419400
2020-10-07,131.9588009276272,132.67003589300344,131.37989168122215,131.710693359375,9429200
2020-10-08,132.29785806445443,132.529421723134,132.04148491515014,132.42190551757812,8431500
2020-10-09,131.92570179004943,132.54596428812172,131.33851440606097,132.3970947265625,8441500
2020-10-12,132.67828948191863,132.88504366682665,132.41365068725884,132.8188934326172,3962000
2020-10-13,133.3234054219968,133.836151882675,133.2985833042533,133.76998901367188,7914300
2020-10-14,134.24963733071658,134.59698286896867,133.9519107808898,134.07595825195312,6954800
2020-10-15,134.83680846810654,134.9608685550238,133.67899003919203,133.84439086914062,9458800
2020-10-16,133.69557290644013,134.24140716183513,133.23244539978185,133.47227478027344,8416300
2020-10-19,132.73622495202088,133.13318956801237,132.364069835824,132.96778869628906,9286600
2020-10-20,132.20693447412208,132.33098197298554,131.4543459962767,131.70245361328125,11189000
2020-10-21,131.32203287659084,131.8017042837745,130.97468722710173,131.2476043701172,10453700
2020-10-22,130.90851915631077,131.18971453507896,129.81686324682366,129.88302612304688,12664900
2020-10-23,129.68449283733958,130.84232384362747,129.6348738520781,130.67691040039062,8783800
2020-10-26,131.66938417014208,132.3392659314753,131.5039706721473,131.89266967773438,7227300
2020-10-27,132.51284501112698,132.90154376026746,132.2399280626282,132.77749633789062,6062300
2020-10-28,133.46400469713586,133.53016757006066,132.48811809559245,132.90162658691406,11765800
2020-10-29,132.92635761646542,133.0090643136166,131.05730488198913,131.6114044189453,11932400
2020-10-30,131.52048683397678,131.78513827958295,130.31304931640625,130.31304931640625,13095400
2020-11-02,131.38846805263728,131.7941458870559,131.08214736852236,131.28912353515625,10810500
2020-11-03,130.6847544667699,130.79237348128925,130.0141410865893,130.52745056152344,16228700
2020-11-04,133.82248069236005,134.26126905957884,132.91178070408333,133.35885620117188,21570800
2020-11-05,133.8225411100174,133.90533664917547,132.94496397937488,133.59072875976562,18537500
2020-11-06,132.15018658658315,132.3985606028662,131.58721727364696,131.97633361816406,12408400
2020-11-09,129.1283114248132,129.27732822362427,128.01892203536002,129.20281982421875,23245000
2020-11-10,128.29210897597386,128.99582034249175,128.14307957123796,128.4576873779297,12561000
2020-11-11,128.34182527902553,129.1034962956788,128.30042750612364,128.92135620117188,5888200
2020-11-12,129.93138234193225,131.140116284934,129.74096777364494,131.1152801513672,15999700
2020-11-13,131.10698465820798,131.22289080723584,130.73443008153433,130.94140625,7344600
2020-11-16,130.58540277618437,131.04075288071354,130.48605825622272,130.62680053710938,6310400
2020-11-17,131.44644259062122,131.76932494246537,131.29741316440322,131.47955322265625,7444600
2020-11-18,132.0011549100607,132.10878658600416,131.0987416307949,131.86041259765625,10333300
2020-11-19,132.4400078265178,133.06093678264656,132.3323760982826,132.5393524169922,10637200
2020-11-20,132.90351608888352,133.73969513460509,132.78760995746845,133.71485900878906,7246800
2020-11-23,133.14370796338582,133.28445031837612,132.6966321225182,133.10231018066406,11300000
2020-11-24,132.4565218118576,132.48135795054026,131.64516583879978,131.7776336669922,10891700
2020-11-25,131.84379886168736,132.3902188935563,131.32221495555606,131.37188720703125,9145800
2020-11-27,132.1418739735532,132.68829412521683,132.11703784237062,132.6468963623047,4708200
2020-11-30,132.4896587809398,132.90361135168143,132.26612085554694,132.48138427734375,13071600
2020-12-01,131.39815835189518,131.55562268745243,129.84838910072688,130.52796936035156,13662800
2020-12-02,130.01418148412705,130.05560882849693,128.85392499045133,129.4920654296875,12114300
2020-12-03,130.06381369820912,130.79311654866862,129.7654636817212,130.53619384765625,9626500
2020-12-04,129.02800952529012,129.11087688647905,128.26556151549835,128.62191772460938,12734500
2020-12-07,129.57496293584353,130.0141990695343,129.43406442137407,129.7821502685547,9316100
2020-12-08,130.58602242906198,131.00039704465863,130.2793766144379,130.39540100097656,7397200
2020-12-09,129.74060504889331,130.37874505688993,129.29307369160185,129.96437072753906,7750100
2020-12-10,130.31252161021035,131.1826981058964,129.97273142188442,131.1164093017578,10025100
2020-12-11,131.4810621218079,132.09434111304864,131.20758600030408,131.5805206298828,8135900
2020-12-14,130.51971977601988,131.51421631518883,130.20479102442772,131.2158660888672,7535900
2020-12-15,130.7600022915136,131.26553963353734,130.3704892913131,130.77658081054688,6847500
2020-12-16,129.76548052787552,130.85113936484936,129.60801624238425,130.42848205566406,9954200
2020-12-17,131.18683822391824,131.46061230529043,129.7764845940188,130.0834503173828,9422700
2020-12-18,130.34885521193502,130.56456280069776,129.56901657941506,129.69346618652344,6505000
2020-12-21,130.41522806357602,130.53137343688525,129.7930179939417,130.20782470703125,8988200
2020-12-22,130.71393208728497,130.93793132999002,130.3157210571763,130.87985229492188,7370800
2020-12-23,129.93405695606558,129.9921359749391,128.97171495654868,129.9755401611328,9266600
2020-12-24,130.16633470988526,130.60602879009855,130.12486416785788,130.48988342285156,3117100
2020-12-28,129.73492566482946,130.62260527050861,129.5026349647138,130.54794311523438,7791100
2020-12-29,129.74324367562414,130.48989069828457,129.71835628546188,130.38204956054688,9030900
2020-12-30,130.10003802187978,130.6890567120135,129.98387994105735,130.66416931152344,9097300
2020-12-31,130.63093292760908,131.14528919025005,130.62262869182712,130.85491943359375,7742100
2021-01-04,129.97559719665188,131.2283095224542,129.8677433479283,130.69735717773438,13152900
2021-01-05,130.2078620144318,130.2078620144318,129.13766595794053,129.7266845703125,10458100
2021-01-06,127.611207844364,127.63609524702717,126.34188701402857,127.06365966796875,22827300
2021-01-07,125.92706873086873,126.24232601469896,125.48737444494841,125.94366455078125,14651900
2021-01-08,125.66989136428354,126.0681150915539,124.9896146499412,125.53716278076172,13622500
2021-01-11,125.27166339882616,125.44588783836963,124.84856498693475,125.32974243164062,8370700
2021-01-12,125.09746047384341,125.40442619069842,124.38399209297553,125.2302017211914,12186300
2021-01-13,125.81918603965374,126.9889441089914,125.74452386303152,126.64049530029297,12533300
2021-01-14,126.58246832903278,126.6322431289369,125.09745261775261,125.45419311523438,14835500
2021-01-15,126.25884188814814,126.39987462084952,125.66151933853435,125.95188903808594,11624700
2021-01-19,125.7859556459539,126.39987400196594,125.69469768301823,126.35839080810547,9575600
2021-01-20,126.09297549314502,126.49947805503686,125.9270426461944,126.48289489746094,5368900
2021-01-21,125.63668279581171,125.89386098062842,125.35461721626426,125.59519958496094,8162700
2021-01-22,125.97689786966836,126.10962649617679,125.62015724748109,126.00178527832031,9507200
2021-01-25,126.73176582875043,127.50331304020028,126.63221625007249,127.4867172241211,8712600
2021-01-26,127.01379542005884,127.42860205087693,126.86445845033957,127.24608612060547,7690300
2021-01-27,127.81856585729157,128.1752936078903,127.37056745084412,127.5696792602539,7895200
2021-01-28,127.26270525742744,127.31249270067474,126.23399262380217,126.86449432373047,10667800
2021-01-29,125.62011035596402,126.50780312954387,125.52056075851617,126.10128784179688,14965900
2021-02-01,125.9650668203846,126.54646705927581,125.82387052476636,126.2474594116211,8165500
2021-02-02,125.20099540266905,125.49168931632673,125.01826772044747,125.43355560302734,9177500
2021-02-03,124.94337336093274,125.07626838365029,124.23739231568376,124.32044219970703,9633100
2021-02-04,123.88860864509206,124.16270000132661,123.58960104497916,123.98827362060547,8262600
2021-02-05,123.83873351122075,124.22910476231375,122.94171101978802,122.95001220703125,10258900
2021-02-08,123.17434964365286,123.97169502942094,122.95839190175936,123.48995971679688,11574800
2021-02-09,123.93842985899768,124.31218615674752,123.47330978414706,123.5812759399414,5218300
2021-02-10,123.98824639732604,124.40353393554688,123.87196639356699,124.40353393554688,8079800
2021-02-11,124.32052922398952,124.41189303186658,123.54810012668194,123.72252655029297,11962700
2021-02-12,122.67591875188307,122.99154129143912,122.11943505089661,122.18588256835938,14088400
2021-02-16,120.61616117271981,120.98161637822136,120.15104097429054,120.32545471191406,17789100
2021-02-17,121.22247945883502,121.57963347805759,120.41682029124061,121.08958435058594,11199100
2021-02-18,120.10951948254022,120.93179376209996,119.86865817209443,120.59955596923828,10755300
2021-02-19,119.6526468604417,119.86860449749456,118.64765808679044,118.99649810791016,12741700
2021-02-22,118.79718057666003,119.38689459831832,117.70912899411486,118.0911865234375,13203900
2021-02-23,117.54300470057025,118.3569648399926,117.22738207212068,117.75064849853516,12658500
2021-02-24,115.74066148773025,117.26060298116909,115.58285016882506,116.97821044921875,17363100
2021-02-25,115.88188993328677,116.21411504271173,113.46491234045723,115.06791687011719,52621700
2021-02-26,116.9201036390961,119.0214584057667,116.0147668131844,118.8719482421875,45423300
2021-03-01,116.96928563774931,117.5929665843178,116.49528202772301,117.30191040039062,22048000
2021-03-02,116.7530831119816,117.36014178053301,116.66160938718775,117.31024932861328,12482200
2021-03-03,115.90486817310288,116.54517145906856,115.38928330887548,116.03791046142578,19763700
2021-03-04,116.11277613193043,116.37056225141563,114.72404794493207,115.28951263427734,22366600
2021-03-05,114.89867586353304,115.87161674908043,114.74899850675178,115.51404571533203,20598000
2021-03-08,115.44753398896216,115.50573762827699,114.61595916748047,114.61595916748047,15236600
2021-03-09,115.81341302290654,116.27078164962441,115.56393807298562,116.20425415039062,14463400
2021-03-10,116.25417865853488,116.54522227300912,115.82175613869063,116.43712615966797,12387600
2021-03-11,115.73026112643426,115.90489741409628,115.13985013574084,115.59720611572266,14150700
2021-03-12,113.42679059665352,113.47669574016518,112.80310953540618,113.14405822753906,20402700
2021-03-15,113.5016627777934,114.00060010497614,113.43513526307049,113.80934143066406,11366500
2021-03-16,113.94234457533727,114.0254944142583,112.88624137936053,113.35192108154297,15567900
2021-03-17,112.3872879639533,112.70329033258876,111.55571346865563,112.50370788574219,27107500
2021-03-18,110.85718762655847,111.8218170315019,110.75740275322609,111.36444854736328,21615100
2021-03-19,111.49754917311114,112.12123026453298,111.2647092474196,112.05470275878906,18685000
2021-03-22,112.83635759494955,113.4350923119243,112.57024763681802,113.31034851074219,17047500
2021-03-23,113.58479651786067,114.37479002362038,113.21890158327952,114.33322143554688,16768400
2021-03-24,113.97563691435192,114.99015915747746,113.88416318132178,114.94857788085938,13863000
2021-03-25,115.08161306767354,115.30614177167679,114.00056350593493,114.04214477539062,20782000
2021-03-26,113.44341525240648,114.12531257420646,113.27710285574045,113.64299774169922,8433300
2021-03-29,113.78434803827177,113.80098308226422,112.23761885631245,112.67835235595703,13968100
2021-03-30,112.51206278337278,113.51826109446237,112.27089900748224,113.268798828125,15020800
2021-03-31,113.37687301016709,113.58476665116659,112.245931095577,112.63677215576172,19271300
2021-04-01,113.70682158404054,114.5978167811189,113.49864359238398,114.50621795654297,14885900
2021-04-05,113.70683782600578,114.05657537720438,113.19888294556011,114.0066146850586,8243000
2021-04-06,114.21476027155859,114.897577380607,114.08984587048944,114.78099822998047,9282400
2021-04-07,114.45624469138174,114.99751503390223,113.98160552978516,113.98160552978516,11052700
2021-04-08,114.40628434740702,114.97253503134732,114.38130400757473,114.92256164550781,7847900
2021-04-09,114.49789541110016,115.07246870106043,114.15648045530112,114.50621795654297,8717800
2021-04-12,114.46458067311943,114.52286389753779,114.16480388792158,114.45624542236328,7659000
2021-04-13,114.33136312765424,115.33893755851383,114.24808684300831,115.31395721435547,13232800
2021-04-14,114.93921010993176,115.11408518073628,114.55616979281537,114.9475326538086,7293200
2021-04-15,116.15503699656828,117.39577012426778,116.13005664541868,116.87117004394531,23896700
2021-04-16,115.8302385728512,116.3548384667919,115.68866635839417,115.96346282958984,15238400
2021-04-19,115.53048784905988,116.00512716563703,115.37227050814117,115.63040924072266,13886800
2021-04-20,115.28900260704663,116.3798535660712,115.27234480516337,116.1633529663086,11476500
2021-04-21,116.1965984521095,116.50471045690445,115.80523559757162,116.39645385742188,11902200
2021-04-22,116.57964660779152,116.90440368652344,115.9134746573695,116.90440368652344,14156400
2021-04-23,116.89612025306175,116.97106128718681,116.1550070456335,116.62964630126953,12302200
2021-04-26,116.70463101570228,117.00440797058063,116.4548274751221,116.46315002441406,9103500
2021-04-27,116.2382631772064,116.42979608259985,115.35559050426808,115.44718933105469,14137300
2021-04-28,115.45552963839658,115.6553851201795,114.88096895235537,115.52214813232422,15263700
2021-04-29,114.45628737353462,115.21405851194054,114.18982608134657,115.18075561523438,17178200
2021-04-30,115.33893270680419,115.5221303603774,114.89759637033502,115.44718933105469,15692000
2021-05-03,115.66648975233575,116.45872345598616,115.31623946413683,115.51638793945312,16447700
2021-05-04,116.32528704576326,116.88402047650013,116.0500877037936,116.3002700805664,18639700
2021-05-05,115.94172751910706,116.62555882589695,115.84999436148428,116.49212646484375,11127900
2021-05-06,116.1251653662562,116.90906438925789,116.08346617304835,116.68389892578125,21907600
2021-05-07,116.83406642778228,117.25103309922359,115.84168371378186,116.10853576660156,18346900
2021-05-10,115.87499099756614,116.12517344942059,114.82423996954718,114.93265533447266,15146200
2021-05-11,114.44064538322903,114.64912867577834,114.05704325083205,114.28219604492188,15158600
2021-05-12,113.97366956139939,114.08208496897643,112.8812189074904,113.08136749267578,20859400
2021-05-13,113.35653000590737,113.72346263769899,113.10636023405887,113.25646209716797,13073900
2021-05-14,113.85686320795861,114.31552886962889,113.59834603269177,114.3155288696289,17566700
2021-05-17,114.10704913687746,114.39058329104598,113.89023114689105,114.07368469238281,6113800
2021-05-18,113.74846538537143,113.89024520476327,113.47327867076294,113.78182983398438,11423100
2021-05-19,113.86528393522863,114.49908159167855,113.09806657857239,113.50669860839844,14296000
2021-05-20,114.04870891619707,114.65748936244958,113.97365797618626,114.44065856933594,13310500
2021-05-21,114.79924428968256,114.83259601787209,114.29887929316652,114.80757904052734,10171600
2021-05-24,115.07439731135001,115.56641463359028,114.99099893732728,115.23283386230469,6868700
2021-05-25,115.60810435224349,116.33362179256079,115.59975688064168,116.3002700805664,12346900
2021-05-26,116.40873279286653,116.67559752582754,115.81664734442688,116.10018157958984,9793700
2021-05-27,115.49971586476043,115.65816516437079,115.07441463275943,115.63314819335938,10695200
2021-05-28,115.56648771140306,116.16692075459224,115.36633912206888,115.44973754882812,10258000
2021-06-01,115.09806564617654,115.4655135560378,114.62203359759746,115.42376708984375,11778500
2021-06-02,115.70776153774086,115.90818544390329,115.51568437995944,115.69105529785156,7347900
2021-06-03,115.67430338584313,115.67430338584313,115.12312511839295,115.2567367553711,10994000
2021-06-04,115.6826536413794,116.83512878417969,115.6826536413794,116.83512878417969,15773700
2021-06-07,116.57629380031045,116.67651849560355,116.35081690793714,116.47608184814453,7799800
2021-06-08,117.46984006253763,117.46984006253763,117.09403266766779,117.2944564819336,11230900
2021-06-09,118.38853084874704,118.71423243284353,117.96261731358302,118.330078125,12768300
2021-06-10,117.61185345907376,119.05663085981708,117.48657578699999,119.03992462158203,19698300
2021-06-11,118.847900390625,118.92305938145235,118.45538644768436,118.847900390625,8646700
2021-06-14,118.67251334523141,118.67251334523141,117.76220785475032,117.93759155273438,9401300
2021-06-15,117.58681748391284,117.82900062928908,117.31956860599489,117.79560089111328,18207300
2021-06-16,118.08788735128832,118.31337699405361,117.09408905966144,117.69537353515625,19676300
2021-06-17,118.47206787625795,121.03592172364486,118.28833744174604,119.45751953125,35225800
2021-06-18,120.49309155804328,121.96292231107947,120.35946710509565,121.70403289794922,26616900
2021-06-21,120.58491160661028,120.66843004419965,119.4407829217577,119.666259765625,16485000
2021-06-22,118.73093270569863,119.99197975139153,118.68917348047673,119.95858001708984,14530200
2021-06-23,119.5159803514457,119.84168197391448,119.18193197978029,119.64960479736328,12040900
2021-06-24,119.7748092097378,120.17566960174364,119.6996502755721,119.84162139892578,8788400
2021-06-25,119.64121448994833,119.75813266423033,118.0628127655785,118.59729766845703,15562200
2021-06-28,119.19025448742916,120.09220019923752,119.17354824930513,119.81660461425781,11460700
2021-06-29,119.50762730319988,120.02540607492858,119.45750858127606,120.01705932617188,11217900
2021-06-30,120.46803335358678,121.03591813934906,120.31771540787157,120.55155181884766,15708900
2021-07-01,120.39932032330627,120.67527529860449,120.02302272417,120.5582046508789,10810000
2021-07-02,120.60836738418985,121.28570556640625,120.50802476748896,121.28570556640625,9650200
2021-07-06,121.85437803347827,122.91638448025424,121.85437803347827,122.70732879638672,20037200
2021-07-07,123.40141296107869,124.22926542212207,123.1087298576352,123.79442596435547,20964400
2021-07-08,124.49679152372258,124.96507401310667,123.90306802199149,124.27936553955078,17487800
2021-07-09,122.8160204113358,122.91637580914016,122.49826447090071,122.53170776367188,14483600
2021-07-12,122.9999389617699,123.11700957710859,122.23061595243847,122.37277221679688,10610400
2021-07-13,122.77422548978556,123.3094075185162,120.95125333083848,121.43626403808594,23340200
2021-07-14,122.09688791197024,122.85785373151795,121.92964590189592,122.8160400390625,16038600
2021-07-15,123.71917832783971,124.26273088109954,122.94985477344417,124.17074584960938,18462400
2021-07-16,123.20904680448514,124.04526948581285,123.19233153787535,123.93656921386719,12787900
2021-07-19,126.22778471317908,127.06400721907592,125.95182975506398,126.65426635742188,40203900
2021-07-20,127.54908418226366,127.69961094672792,125.23274306274018,125.43344116210938,25674800
2021-07-21,123.91148345555753,124.17908086560294,122.64879167124106,123.84459686279297,19988900
2021-07-22,123.8529100705773,125.27448571221686,123.81109639528803,125.0152587890625,18136900
2021-07-23,123.71080205524622,124.31288348707004,123.66898836364095,124.17908477783203,12639300
2021-07-26,124.59720877313397,124.64738010423453,123.6606432332608,123.8111572265625,10737700
2021-07-27,124.87312014714693,125.1741607881317,124.58880753059022,125.1323471069336,13036500
2021-07-28,124.3211764382181,125.15739879625528,123.98669259889947,125.14067077636719,14346700
2021-07-29,124.41313820474464,124.78107801521813,124.20408265422454,124.44659423828125,11532000
2021-07-30,124.70590944811615,125.19927783461573,124.64736772781251,125.03203582763672,14342100
2021-08-02,125.12578080861725,126.61607014716466,124.89972195212201,126.147216796875,21232700
2021-08-03,126.21420288085938,126.61607537265081,125.91279531819174,126.21420288085938,13361900
2021-08-04,126.84211274332142,127.11003620930984,125.35182359581945,126.47372436523438,18267900
2021-08-05,126.22256042690294,126.35652217169599,125.58626130207865,125.82905578613281,15345400
2021-08-06,124.17967190910666,124.54804745713491,123.65220564841684,123.72755432128906,21144300
2021-08-09,124.03733340837219,124.38060551792927,123.26707269748553,123.28382110595703,12942400
2021-08-10,123.48476112216694,123.55174197937208,122.7061198355378,122.7145004272461,13716900
2021-08-11,122.58056750638276,123.26709909723687,121.99450083728897,122.63916778564453,17227600
2021-08-12,122.31268422945291,122.60572404799511,121.76010142749874,122.43827819824219,14709400
2021-08-13,122.93219671446286,124.38062123561568,122.9154483038749,124.37225341796875,18653800
2021-08-16,124.90810221162653,125.6030144165508,124.58994624965514,124.67367553710938,19170900
2021-08-17,124.64856746573147,125.14253707827939,124.47274106068578,124.62345123291016,14126900
2021-08-18,124.5062038513342,125.14250286768807,124.28851285933169,125.04203796386719,13144000
2021-08-19,125.84582223382735,125.97141617830619,125.42720130282518,125.9630355834961,15474300
2021-08-20,126.0801911913349,126.26438533864294,125.67831885870426,126.04670715332031,12388400
2021-08-23,125.753725117995,126.0049002316557,125.51929841865754,125.9630355834961,10615000
2021-08-24,125.38529370470361,125.64484932426524,124.9834213256836,124.9834213256836,13835900
2021-08-25,124.92484315274322,125.05879211924501,123.5601350556915,123.94525909423828,16743800
2021-08-26,123.88663318724302,124.38898322740742,123.50149645307802,124.28850555419922,16657400
2021-08-27,124.38904856047766,125.159309658081,124.18810588381199,125.13419342041016,15384700
2021-08-30,124.74061177516482,125.50249180706862,124.69036655549452,125.46063995361328,10596300
2021-08-31,125.30996177482159,125.66160175036715,124.33039053395304,124.60668182373047,15262400
2021-09-01,125.13396724144417,125.23455988988991,124.48008944347248,124.8154067993164,10807100
2021-09-02,125.1088241548162,125.3686970348685,124.69804950443626,125.36030578613281,9765900
2021-09-03,124.29567976236966,124.49686508953236,124.01903714598183,124.22022247314453,12928000
2021-09-07,123.44900595085007,123.66697381925461,122.9460297446567,123.17236328125,15547800
2021-09-08,123.78429428664933,124.22859554115949,123.55794803517938,124.01062774658203,14533700
2021-09-09,124.211868140567,125.65375629247202,123.94361672173484,125.51124572753906,20324600
2021-09-10,124.82376269498977,125.05010890461908,124.20342441964739,124.40460968017578,14894600
2021-09-13,124.94116608521936,125.31841415574984,124.86572158772891,125.15913391113281,15036100
2021-09-14,125.51957840722268,127.0620714712037,125.39383759918424,126.67644500732422,19918400
2021-09-15,126.76024590150614,126.7937725105896,125.68720253783387,126.23210906982422,11940300
2021-09-16,125.46928865188042,126.12316647098245,125.32677813146461,125.65371704101562,13328900
2021-09-17,125.05851883831203,125.20942061322653,124.65613542443687,125.05014038085938,13782900
2021-09-20,126.22383117684261,126.89446622506831,125.93879721064872,126.60106658935547,14660400
2021-09-21,126.34113068006516,126.5507072261666,125.9135863394344,126.49201965332031,10035800
2021-09-22,126.40819944989721,127.24650573730469,126.11479992422787,127.24650573730469,22277800
2021-09-23,126.09798680205985,126.1231349587006,124.35430878960562,124.37107849121094,23853300
2021-09-24,123.9352203464907,123.94361159743144,123.01309094242382,123.15560150146484,20203900
2021-09-27,122.44304603652321,123.12207225872056,122.29215700560918,122.70291900634766,13464300
2021-09-28,120.99273251201082,121.61308369025458,120.41429920108061,120.79153442382812,26613500
2021-09-29,121.38674037204878,121.9148645800371,120.45621997797531,121.00111389160156,23569400
2021-09-30,120.79995420288617,121.1436500963425,120.42270609950259,120.98438262939453,22567600
2021-10-01,121.58277919236507,122.04442255842214,121.03718087501223,122.0024642944336,26151800
2021-10-04,121.4317603222811,122.09487036232878,120.95332567272763,121.69196319580078,28027600
2021-10-05,121.37301508022144,121.45694447021188,120.41613294141855,120.51685333251953,22659200
2021-10-06,121.06243680610507,121.4737330746211,120.89456522165517,121.19673919677734,18696500
2021-10-07,120.18942482800496,120.31532523891909,119.68579756880196,119.9292221069336,14856000
2021-10-08,119.40883395427208,119.48438702763711,118.79609712042628,119.08988189697266,17257800
2021-10-11,118.85490144001045,119.10670241479602,118.72898814483665,118.78775024414062,7213400
2021-10-12,119.71943442166949,120.87775715629745,119.59352114527184,120.81900787353516,17968700
2021-10-13,121.38135043171262,122.15356963972009,121.3561703450866,121.99408721923828,23584600
2021-10-14,122.01927007980903,122.51450834618885,121.66673605125486,122.44735717773438,12946400
2021-10-15,121.70869900383873,121.82621033884179,121.26383374934325,121.73387908935547,11811500
2021-10-18,121.70873637105151,122.54810696671393,121.30584207131163,122.30469512939453,12115900
2021-10-19,121.42334744902784,121.48209672777938,120.57557499227573,120.61754608154297,12156300
2021-10-20,120.23985159001761,120.60077483972603,119.61871266733806,119.80337524414062,12782500
2021-10-21,120.02996956376731,120.15587000313634,119.38365075686202,119.66064453125,13660000
2021-10-22,120.4076684892212,121.20506772270456,120.20622781166091,120.97844696044922,13740000
2021-10-25,120.59239254219821,121.12120020628885,120.55882334805993,120.7938461303711,8137900
2021-10-26,121.38980974534235,121.79271697998047,120.65117209740492,121.79271697998047,13671000
2021-10-27,122.88386996055843,124.37794883790956,122.48936469215641,124.00863647460938,22092300
2021-10-28,124.05053350377582,124.50380064727221,123.25313426424653,123.5888900756836,17497600
2021-10-29,122.94259601158986,124.22683182952971,122.81669556190053,123.96662902832031,19087300
2021-11-01,122.53624571014068,123.34306152877498,122.45219651798426,123.07412719726562,18035500
2021-11-02,123.12448182980988,124.02375894481695,123.12448182980988,123.6203384399414,9836700
2021-11-03,124.23389385101267,124.36835455545503,122.30927834302031,122.34290313720703,20639400
2021-11-04,122.59501058922537,123.84727113167416,122.5782110182046,123.6287612915039,15922400
2021-11-05,124.82220261829455,125.71306732491658,124.49443139936567,125.47774505615234,21513000
2021-11-08,125.19197676333431,125.46091095650118,124.81376841729086,125.24240112304688,12083800
2021-11-09,126.73841311780502,127.55364132036716,126.60393957789522,126.87288665771484,23430200
2021-11-10,126.76362308951269,126.84765943241162,123.5699471049988,124.55326080322266,28170600
2021-11-11,124.81378714044246,124.93986088273563,124.2927182464483,124.36835479736328,5552500
2021-11-12,124.38518369839777,124.81380370122183,123.34303294803132,123.82209014892578,12712000
2021-11-15,123.45231246696055,123.51114946131237,122.04877828064059,122.26728820800781,15232700
2021-11-16,122.44374044674838,123.02364626339595,121.7377737239167,121.95628356933594,12998700
2021-11-17,121.50244214632228,122.94798744785413,121.40999321419123,122.92277526855469,14239900
2021-11-18,122.69592382907456,123.4607150039359,122.66229902466645,123.38507843017578,11054600
2021-11-19,124.03217885577045,124.8894315376098,124.03217885577045,124.6877212524414,14022100
2021-11-22,123.88092249694742,124.08263283024893,122.8135723131669,123.22537994384766,15266000
2021-11-23,122.64543449766869,122.79672040499723,121.44361114501953,121.44361114501953,15318500
2021-11-24,121.81349889700277,123.3935317993164,121.68742507498922,123.3935317993164,13769700
2021-11-26,125.08274378142039,126.63755079601401,124.94827024231209,126.51148986816406,20064800
2021-11-29,124.64569969605782,125.7634868416166,124.52803856621486,125.49455261230469,23234200
2021-11-30,126.7636365033329,127.80578729355601,126.27617949616905,127.4023666381836,31481100
2021-12-01,126.63162690585092,128.24723248040746,126.04259320663725,128.18832397460938,30826500
2021-12-02,128.6847852508103,128.73528375919363,126.85881414154991,128.34820556640625,17754200
2021-12-03,127.63287930103533,130.52750903204912,127.35520829376566,129.8795928955078,34427100
2021-12-06,129.62721581160108,129.8796569642396,127.84330774872869,128.0957489013672,30924200
2021-12-07,127.66657582919471,128.3481577821585,126.9429182214223,127.06072235107422,22115900
2021-12-08,126.61479025917359,126.62320025702373,124.83930489625041,124.86454772949219,33633900
2021-12-09,125.66386800839824,126.08459879415531,124.9402105433087,125.56289672851562,17544900
2021-12-10,126.15198031105707,126.42125431157262,125.21795698626666,125.2600326538086,14298700
2021-12-13,126.54745102667539,127.32159441188543,126.48013253582809,127.1112289428711,17860500
2021-12-14,126.53061986946928,127.00183647195061,125.63867232338825,126.80830383300781,14015500
2021-12-15,125.89110732020364,126.88402613564246,125.4872092291513,125.58818054199219,25383900
2021-12-16,125.30850737601926,126.26043494034093,125.29165557418247,125.63704681396484,18677900
2021-12-17,126.64783029242916,127.18697181206365,126.49620276541373,127.06061553955078,18093500
2021-12-20,126.99330533357374,127.22075962885734,126.0245389917629,126.10877227783203,17147300
2021-12-21,124.79457269507239,125.6875249222058,124.35651605102795,125.6285629272461,16598200
2021-12-22,126.13398934372458,126.24350670812191,125.53588570928703,126.2098159790039,12253900
2021-12-23,126.01613354526911,126.0245658735841,124.70197574403485,125.11476135253906,11642500
2021-12-27,125.06421905749032,125.52753436604584,124.94628214826835,125.41802978515625,7821800
2021-12-28,126.02453494528196,126.1761625678316,124.68509334198075,124.92096710205078,9174600
2021-12-29,123.75841159234105,124.09537032926542,123.33720674410968,123.55622863769531,11771200
2021-12-30,124.04483838940226,124.65137445094584,123.3709080038924,124.59239959716797,10355000
2021-12-31,124.51662628643983,125.54436756630199,124.19650635705935,124.83674621582031,13402300
2022-01-03,123.3372853001558,123.78376169531889,121.5429473905109,121.55979919433594,33860400
2022-01-04,120.97850746976385,121.41656429375143,120.24561484156244,121.0543212890625,21996400
2022-01-05,121.4249963368133,121.44184813867659,120.22035601383797,120.39725494384766,20911700
2022-01-06,120.11924650233126,120.83530018981949,119.86652091532616,120.70893096923828,18996400
2022-01-07,120.57415303358266,120.66681865206829,119.25156310193843,119.84124755859375,18756800
2022-01-10,119.3273890228904,120.30458785254694,119.08309574255546,120.1361083984375,13775800
2022-01-11,120.36353825131029,120.99534571634028,120.21189777554208,120.93637084960938,24388700
2022-01-12,121.22280506304328,121.31547068577468,120.46464113462827,120.47306060791016,14440600
2022-01-13,120.79317094870406,121.66085223159794,120.48990283061399,121.54291534423828,15166000
2022-01-14,120.81845659612641,120.8521601989003,119.44532400164978,119.70648193359375,22997500
2022-01-18,118.74608699203104,119.04092269942907,117.95421975051957,118.02161407470703,21171700
2022-01-19,118.38387467197957,119.37792514270862,118.19854344615138,118.83878326416016,17930500
2022-01-20,119.09143749874573,119.61374017604284,118.85556384608897,119.57161712646484,13959000
2022-01-21,120.80155205579574,121.391249159468,120.18659654230753,120.99531555175781,28916600
2022-01-24,121.55972966076784,121.61869165918844,119.98441468530656,120.00126647949219,25001600
2022-01-25,120.55732360040719,121.06277485940551,119.45376830089232,119.80757904052734,15599000
2022-01-26,119.84122594659965,120.10238380916748,118.35016970098552,118.35858917236328,23655500
2022-01-27,119.96761502268575,120.77632145022811,119.90022067803106,120.53202819824219,21501800
2022-01-28,119.69802131978953,120.85213164013899,119.49585116755412,120.57413482666016,12826500
2022-01-31,119.7738633674106,120.4225227518035,119.5885449688851,119.95077514648438,13998400
2022-02-01,120.0250015187504,120.09248971088019,118.99582911487015,119.55259704589844,20806100
2022-02-02,119.7465856670504,121.1131986676771,119.72971040549739,119.95748138427734,18404600
2022-02-03,118.47279438231037,119.35011500752469,118.25345457196585,119.0211181640625,17234100
2022-02-04,117.97508371221464,118.21971711024378,117.07244375413018,117.26646423339844,23609800
2022-02-07,117.18212438777569,117.51955245844364,116.87843397535222,117.3424072265625,12962400
2022-02-08,116.59166527763304,116.90378701095146,116.26266827244145,116.55791473388672,16269200
2022-02-09,117.02186802752531,117.57019198444394,116.5747699403003,116.7772216796875,14349100
2022-02-10,116.12767937602871,116.27108699140442,114.59235160190144,114.92134857177734,30896200
2022-02-11,115.46119472785276,116.84467025672694,114.18738910199225,116.6253433227539,43210300
2022-02-14,115.68058599325384,116.1951723386858,114.70202624258653,115.17443084716797,23157400
2022-02-15,114.3898591277,114.59231080813151,113.83309126240343,113.86682891845703,18198500
2022-02-16,114.6851098403187,114.78634855646293,113.47034822303175,114.54170227050781,16473700
2022-02-17,115.10693021083665,116.05175219006945,114.64295685568555,115.39374542236328,24508200
2022-02-18,116.00956836936508,116.72660638529821,115.70587789436445,116.60850524902344,17522600
2022-02-22,116.15295082307041,116.97965859799477,115.96736152452843,116.91217041015625,19534000
2022-02-23,116.14452463706768,116.28794510334143,115.20815967578443,115.30094146728516,17757800
2022-02-24,117.34241169529689,117.57016985924632,114.93819476604696,115.37686157226562,28150400
2022-02-25,115.45280384784705,115.8324137350737,114.8791605456784,115.46123504638672,15025400
2022-02-28,116.7772045016927,118.13537383254875,116.68442271616095,117.9919662475586,25817700
2022-03-01,118.56210473384698,120.22616493646274,118.2580121869451,119.35612487792969,35664400
2022-03-02,118.1228808590922,118.61280855490097,115.22556516401815,115.2762451171875,30397400
2022-03-03,116.13786627287914,117.15994657098615,115.74085604131852,116.45040130615234,20649100
2022-03-04,118.56211428863355,118.9506820311948,117.67517654793406,118.46075439453125,25853100
2022-03-07,117.51470057893711,118.79864863260465,117.21906320999696,117.55693817138672,23710900
2022-03-08,116.15470596792177,116.77978868122844,115.93508858226838,116.37433624267578,28331300
2022-03-09,115.78310235864048,116.01116221079863,114.98908183573151,115.23403930664062,18819200
2022-03-10,113.89098052404093,114.17817562729003,112.95336236652115,113.57844543457031,26868900
2022-03-11,113.4685988646474,114.4146591263181,113.36723894778393,113.95852661132812,15583800
2022-03-14,112.09172694623496,112.25222206508212,111.2639242632957,111.2977066040039,24385000
2022-03-15,112.2268923768859,112.4718498145145,110.81624429684051,111.10343933105469,17518800
2022-03-16,111.35682689388078,112.4549397117933,110.08133425508125,112.19308471679688,25857700
2022-03-17,112.19309997768235,112.63233485331202,110.71487445340816,111.35684204101562,19330600
2022-03-18,111.981926984005,112.80127443185512,111.981926984005,112.71681213378906,55891700
2022-03-21,110.89226991438265,111.22170256204778,109.59987930514978,110.10670471191406,26122000
2022-03-22,108.93252702378649,109.25350428675713,108.408804214234,108.69599914550781,21830900
2022-03-23,109.27885611994837,111.16254676630041,108.84806367627544,111.07807159423828,21266100
2022-03-24,109.51537796545092,110.8077682661798,109.47315326588786,110.20803833007812,17141600
2022-03-25,109.38870634386569,109.40560396151706,107.8260118278639,108.67916107177734,25684500
2022-03-28,109.29577189657698,110.28406970626605,109.00012163432562,109.60830688476562,17657800
2022-03-29,110.28407394597704,111.12033191975672,109.59142637191151,110.43612670898438,19319700
2022-03-30,109.87017392749262,111.5088816784652,109.80259635697257,111.2977066040039,16310200
2022-03-31,111.48353324383363,112.06637846739041,111.21323587136106,111.56800842285156,19901000
2022-04-01,109.98769893914915,112.48339210277518,109.7339110116623,111.99271392822266,23489700
2022-04-04,111.612014292617,111.65431658654029,110.57991319220558,111.21440887451172,13609900
2022-04-05,110.6222260477864,110.63914955071587,108.53261879133576,108.70182800292969,25196900
2022-04-06,106.95904161889459,108.54105301742598,106.93366282687066,107.82195281982422,22952000
2022-04-07,106.68831308895564,107.16206770453842,106.09611981947717,107.0097885131836,23458800
2022-04-08,106.12995744988751,106.45143933928348,105.1232288581244,105.85078430175781,26859200
2022-04-11,104.83560998154692,105.0640320523936,103.68505724051879,104.17573547363281,30020700
2022-04-12,104.94558909464801,105.03864897832491,103.77811290103742,104.03191375732422,23124200
2022-04-13,104.09959835450806,105.15709120063502,103.96423617208023,104.24341583251953,17189500
2022-04-14,103.93884150296503,103.99806083512722,101.84077317671904,102.15379333496094,34274500
2022-04-18,102.25533428035432,102.43299231041445,101.25706073923718,101.6462173461914,18784300
2022-04-19,100.80022851568675,101.28244503903001,100.39414838603864,100.88482666015625,26012300
2022-04-20,101.70543481348393,103.1859248244335,101.45163394412288,102.91520690917969,31423200
2022-04-21,102.2214744158386,102.28915549671628,100.81712103253095,102.15379333496094,23323200
2022-04-22,101.57849191617773,102.73750593527097,101.3585316849759,101.51081085205078,19773400
2022-04-25,102.68674306704278,103.37200255381198,102.47524458007904,102.52600860595703,25418900
2022-04-26,103.58354530047842,104.0826788448628,103.00826891195318,103.55816650390625,26931300
2022-04-27,103.37201658172141,103.481993486275,102.17070010738452,102.22991943359375,14560500
2022-04-28,101.84924337355814,102.42451969988976,101.52776789435835,102.38221740722656,16892500
2022-04-29,100.93555456679294,102.33990787872418,100.7663583276213,101.05399322509766,26153400
2022-05-02,99.8785854748508,100.22603010055754,99.09047148799257,99.30233001708984,29233900
2022-05-03,100.87859447867902,101.10739892808277,99.90404359925384,99.97183990478516,21256700
2022-05-04,99.97181812439902,100.81925236267938,99.44640656911756,100.52265167236328,25575700
2022-05-05,98.59898330707428,98.7006777545364,96.62445976037469,97.76850128173828,48384500
2022-05-06,96.72614547664031,97.48883760023301,96.02277349235979,96.32785034179688,32790500
2022-05-09,95.64141637506293,97.20916822159639,95.4380339942923,97.1752700805664,26773000
2022-05-10,98.2091714452068,99.1159259885561,97.86172670553289,98.05663299560547,33640800
2022-05-11,97.2346247064425,99.94641876220703,96.98039825664095,99.94641876220703,34173600
2022-05-12,100.01419039277096,100.751460540321,99.70912000163727,99.75996398925781,26405700
2022-05-13,99.1328728856992,99.27693517317782,98.2176422380509,98.28543853759766,20782700
2022-05-16,98.4803623783237,99.0989924075345,98.17528544137211,98.18376159667969,11050600
2022-05-17,97.2091959340859,97.75155341436287,96.91259519727991,96.9973373413086,15040800
2022-05-18,97.21767904491297,99.14982851483884,97.12446074018746,99.0650863647461,21337300
2022-05-19,100.53958305116882,100.60737933217816,99.02267520698324,99.30233001708984,21937500
2022-05-20,99.22606663188178,100.86161488425586,99.20064464053765,100.42942810058594,22780900
2022-05-23,99.75149782944287,100.20911316010366,98.76000117905001,98.77694702148438,15925200
2022-05-24,99.91250753055826,101.38704143570727,99.87860938193968,100.72604370117188,23388200
2022-05-25,101.36161681144041,101.37009296472789,100.49723020761432,101.12433624267578,14410800
2022-05-26,100.86161614625263,100.92093628193443,99.82775184799965,100.66670989990234,14912900
2022-05-27,101.1497485024717,101.47177117688784,100.62433696119382,100.91246795654297,11190400
2022-05-31,99.30235865270478,99.34473295690732,98.24306570175231,98.77694702148438,28393700
2022-06-01,99.35165750686969,99.61482739143455,98.21407860734637,98.66401672363281,15544800
2022-06-02,99.01211715520715,99.08003407928805,98.01885642895263,98.7149887084961,9832000
2022-06-03,97.7047389698063,98.52821380762755,97.51797715646215,98.50274658203125,15330400
2022-06-06,97.75568880840393,98.06130849724478,96.61810297173753,96.68601989746094,20815400
2022-06-07,97.29724709942295,98.2905077254024,97.27177987469224,97.73020935058594,14278700
2022-06-08,97.35666861410617,97.7386899225365,96.84730471056126,96.8642807006836,11476100
2022-06-09,96.64353042559581,97.38211211581384,96.50770310696383,97.18685913085938,15527300
2022-06-10,97.08498547898434,97.29722093054264,95.9049568864731,96.5841064453125,21917100
2022-06-13,94.64853399968793,94.80134380622503,92.73841465643066,93.55339813232422,36968300
2022-06-14,93.83356393351838,94.21559174291306,92.18661428068827,92.37338256835938,21865900
2022-06-15,93.46001140441543,94.22406041586665,92.56013505587995,94.09671783447266,25202800
2022-06-16,92.06775937636179,94.84380340576172,91.78761343252611,94.84380340576172,26067300
2022-06-17,95.08999601048552,95.78612819709686,94.19860431243687,95.14942169189453,21614300
2022-06-21,93.45999934096409,94.24951547140391,93.22229667406383,93.53640747070312,17663800
2022-06-22,95.6672719010691,96.19361177300364,95.40409548818867,96.10871887207031,23703800
2022-06-23,96.69450248310588,97.77265605563782,96.34643312759397,96.89824676513672,20669200
2022-06-24,96.32094904445302,96.92369702778574,95.50596558204907,95.55690002441406,18161300
2022-06-27,94.41934006821403,95.26828215625491,94.36840561554409,94.74193572998047,12053000
2022-06-28,94.47875670690283,95.23431457474497,94.12220261853285,95.18338012695312,13706600
2022-06-29,95.40408591548645,96.69448119708412,95.22580889834056,96.66901397705078,12925400
2022-06-30,97.50946073335544,98.28199444350693,97.41607661234966,97.51795196533203,25802100
2022-07-01,98.58721644311942,100.02476503782195,98.00879248811383,98.5191650390625,21858800
2022-07-05,99.4293168183303,100.16085307974785,98.81686725158649,99.29322052001953,16689700
2022-07-06,99.85461845347783,99.98221318226184,97.62598419189453,97.62598419189453,20205400
2022-07-07,97.90670022902444,97.96624357592394,96.55421285384774,96.7668685913086,13088000
2022-07-08,96.54569118923611,96.54569118923611,95.31229068183237,95.695068359375,15320000
2022-07-11,96.79239251590252,97.64301552088655,96.71583307078993,97.34529876708984,13639900
2022-07-12,98.25547907212768,98.8679287610236,97.79614180545573,97.92373657226562,18547300
2022-07-13,96.7753859854706,99.22518463536102,96.50318685656491,99.04655456542969,20594800
2022-07-14,97.88968183443863,98.80835609530422,97.37080136245368,98.23843383789062,15665000
2022-07-15,98.53615422151435,99.3697675240799,98.33200654139661,98.79134368896484,16022600
2022-07-18,98.03430696679291,98.09385032097929,97.12414055866473,97.7621078491211,15838300
2022-07-19,97.7450820033223,97.9492296852226,96.68180336255726,97.23470306396484,9276800
2022-07-20,98.22991224935146,98.28945557876072,97.01352152878842,97.4898681640625,9117300
2022-07-21,97.98326628241513,99.28471844515705,97.83015388151969,99.17413330078125,14754900
2022-07-22,100.62016774569834,101.45377442193352,100.3479687202306,100.8413314819336,17715300
2022-07-25,99.27619046940153,99.98220898123527,99.07204280576742,99.8546142578125,24868100
2022-07-26,101.10503242814008,101.42826677470023,99.86312384642493,99.9311752319336,13536000
2022-07-27,100.38200184899719,100.79029717258946,99.27618957560523,99.36975860595703,15725600
2022-07-28,100.41604764994842,101.1560855058087,99.79509000505682,100.16085815429688,16637900
2022-07-29,100.11832196490124,101.48782547934694,99.80359561631596,99.88865661621094,16655900
2022-08-01,100.76892906855859,102.34543955494887,100.62406197825639,102.2943115234375,17974600
2022-08-02,102.3880779234519,102.84824983452624,99.95087474713131,100.12982940673828,17896300
2022-08-03,99.84860887724518,101.82564007758559,99.13279026231763,101.70633697509766,16731200
2022-08-04,101.39103049300981,101.87676637137884,101.01607420039831,101.6722412109375,11003000
2022-08-05,99.76337504116461,99.79746256442544,98.75781586032568,99.2520751953125,19492300
2022-08-08,100.24910996079633,101.00753946726365,100.18093491489292,100.8541488647461,17476300
2022-08-09,100.32581460456967,100.86267849521421,100.09572543605728,100.462158203125,8223200
2022-08-10,100.3257925026626,101.33135151391333,99.4736240694511,99.80596923828125,14665300
2022-08-11,99.59295732665638,99.75486495701726,97.22392290275043,97.47957611083984,20663800
2022-08-12,98.08459886462887,98.48511912361843,97.51364749614721,98.46807861328125,12178400
2022-08-15,99.13274771226406,99.49065686610501,98.3828353881836,98.3828353881836,9031800
2022-08-16,98.21244092780229,98.86860795445536,97.35174873568525,98.79191589355469,11066000
2022-08-17,98.05052218234118,98.08460970831415,97.4113956987924,97.76078796386719,14131300
2022-08-18,97.97382995905699,98.5447813896925,97.65000171362787,97.90565490722656,10738200
2022-08-19,96.49106910904669,96.58480168886106,96.07350174613086,96.32915496826172,16330900
2022-08-22,96.1757488075381,96.26096436731301,95.5536628682734,96.00531768798828,10457200
2022-08-23,95.60478580343107,96.70408394525644,95.22130607868473,95.47695922851562,17813200
2022-08-24,95.00828091688999,95.33210916469527,94.47141700823029,94.7781982421875,13971600
2022-08-25,94.8634105306511,96.37174612757339,94.58219332564724,96.09905242919922,21429700
2022-08-26,95.69854006948651,97.13870063795942,95.4514103857768,96.82340240478516,18764400
2022-08-29,96.24391212621778,96.30356366094321,95.5536512226467,96.02234649658203,14278300
2022-08-30,95.97126727134665,96.72969709919424,95.62187488918633,96.26100158691406,14346600
2022-08-31,96.03087526021443,96.58477961233872,95.08496765668184,95.34061431884766,13623500
2022-09-01,93.82568357421538,94.1501898194778,93.03149123621563,93.59510803222656,22490400
2022-09-02,93.66343577236185,94.41492707429504,93.48410284287579,94.12458038330078,13024400
2022-09-06,92.99735209529767,93.05712974612337,91.73347338677196,91.79325103759766,24648500
2022-09-07,92.5020312335066,93.49263957255509,92.40809401117357,93.24498748779297,17050100
2022-09-08,92.94609777764137,93.52679767639441,92.27146716677082,92.28854370117188,14671400
2022-09-09,92.51058280647048,92.91194979725857,91.91279982530371,92.49349975585938,12529800
2022-09-12,92.76679329311744,92.98882740006117,91.30650483126071,91.73348999023438,14806900
2022-09-13,90.99905310312165,92.00673809648276,90.72578292773262,91.94696044921875,22158900
2022-09-14,91.66513367532379,92.40808989652862,91.47726575429705,92.2629165649414,13077800
2022-09-15,92.10068437790633,92.39103763262315,91.87011529160152,92.20316314697266,10260200
2022-09-16,91.40039547658002,92.27144840523579,91.17836148286555,91.43455505371094,18903800
2022-09-19,91.34064153043946,92.07505634100843,91.20400970175967,91.6480712890625,11084400
2022-09-20,90.25608525282757,91.2381454738865,90.00843318782034,90.73430633544922,20133800
2022-09-21,91.1186126647698,92.26293605705197,90.49521810200487,92.25439453125,23132900
2022-09-22,90.34146785639577,90.48664116183586,89.43626193391901,89.89739990234375,29030600
2022-09-23,89.9571882275612,90.88801882811809,89.29109273253755,90.26461791992188,23042200
2022-09-26,89.97427395568934,90.01697505906269,88.14677879401677,88.53960418701172,25104600
2022-09-27,87.71125620686655,87.94183175092135,86.1655726219115,86.20826721191406,34609500
2022-09-28,88.06993562700536,89.19717591835506,87.51486026439618,89.0947036743164,39283100
2022-09-29,87.8735045976461,89.00928613586764,87.78810891013265,88.63353729248047,19127100
2022-09-30,89.04344472980053,89.54729039339212,87.30135174743722,87.48921966552734,26485700
2022-10-03,88.89651946440664,89.60700839087718,88.29731587029254,88.87940216064453,27192200
2022-10-04,89.15333051556867,89.58133497648754,88.42572423817252,88.63116455078125,13788700
2022-10-05,87.93775794195899,88.03191287059369,86.95334683993407,87.78367614746094,20522100
2022-10-06,87.81791267822625,88.03191481248159,86.91054571884818,87.2957534790039,13965700
2022-10-07,86.29423665118739,86.98760815276215,86.00319682227143,86.44831848144531,14814800
2022-10-10,86.02886864871311,86.03743056377756,84.57365656748385,85.10437774658203,15652600
2022-10-11,85.3783404061703,86.3713140341751,84.73633362176983,85.48106384277344,33246700
2022-10-12,84.98453792257135,86.06311065268433,84.90750027869143,85.90046691894531,21447600
2022-10-13,84.19701691104139,85.92615162496097,84.17989307964413,85.07870483398438,30292500
2022-10-14,85.76351409979522,85.76351409979522,84.1028551250189,84.37677764892578,18728200
2022-10-17,84.99311104272707,85.30983663680894,83.8375005163851,83.96589660644531,18969900
2022-10-18,83.84605517039985,84.28262146528189,82.92157067588823,84.16278076171875,16931500
2022-10-19,83.19547722892948,83.39235554802164,82.4507474020524,82.63050842285156,25431600
2022-10-20,82.11692865870405,82.45933350243884,81.09827604457112,81.2181167602539,25434900
2022-10-21,79.6259384948196,80.404909664935,78.97537648620195,79.75434112548828,46280300
2022-10-24,79.45472164610229,80.07961082641451,78.62439222097039,79.09519958496094,31332600
2022-10-25,80.96129037750171,81.51769724220557,80.84144970274421,81.3978500366211,31213100
2022-10-26,81.97996187034313,82.76749494867758,81.97996187034313,82.57061004638672,24843900
2022-10-27,83.01572298914716,83.8032493914983,82.36515457680902,83.43516540527344,20270000
2022-10-28,82.9130069940527,83.57213084961396,82.52780567377808,82.86164855957031,22244100
2022-10-31,82.48500591646645,82.70757002615326,81.34651268059497,82.27100372314453,23956700
2022-11-01,83.56333778379846,83.59766321109514,82.5593435862676,83.03988647460938,17585100
2022-11-02,83.16000793315622,83.7778458291675,82.3447939694022,82.67945861816406,25010500
2022-11-03,81.66687107605468,82.70519030622167,81.5982202475552,82.23323059082031,29097500
2022-11-04,81.60683963871716,82.08738910566007,80.85169982910156,80.85169982910156,23561400
2022-11-07,81.34937592549878,81.40086077562047,80.01071090020231,80.04503631591797,14522800
2022-11-08,80.49126072448723,81.48667159944318,80.46551175234644,80.92031860351562,20360600
2022-11-09,80.50843559693912,81.53817208530333,80.39688288388622,81.18634796142578,15637500
2022-11-10,83.00555740444597,84.46435187749076,82.92832356578322,84.30989074707031,45380900
2022-11-11,83.72637209388662,84.41286746538628,83.70062966316378,84.00096893310547,15943100
2022-11-14,84.01812538017913,84.08676967201231,83.31446410347611,83.79501342773438,13741100
2022-11-15,84.30988432506616,85.21090860837067,84.1897486268795,85.15084075927734,26608200
2022-11-16,85.82873551322136,87.05584131302211,85.58846414770575,87.012939453125,28507700
2022-11-17,85.98320545907343,86.30071068011868,85.6227983737168,86.09476470947266,24528900
2022-11-18,86.3264453850868,86.5752997446854,85.42542775230272,85.50265502929688,14941300
2022-11-21,86.4036847884373,86.51523748915578,85.63996222551617,85.86306762695312,15534000
2022-11-22,86.36935110500423,87.20172442575027,86.26637485864576,87.08158874511719,18103100
2022-11-23,87.6479320824992,88.6004409790039,87.5964472384404,88.6004409790039,23234600
2022-11-25,88.05130116348728,88.32589807737082,87.89683999024611,88.30015563964844,9486100
2022-11-28,88.90938781514363,89.08100837424372,88.11992276823571,88.54898071289062,14563200
2022-11-29,87.65652874695841,88.3516004377978,87.4505827916919,87.51065063476562,16576400
2022-11-30,87.20173435935388,88.15424346923828,86.98720539851332,88.15424346923828,21581700
2022-12-01,88.72539036219648,91.0134095853984,88.68237979291986,90.97040557861328,53156800
2022-12-02,90.57474679911448,92.12302908681758,89.98123497945743,92.11442565917969,24479500
2022-12-05,91.03921269359594,91.16823783807212,90.23066780902874,90.82417297363281,20159700
2022-12-06,91.60692676993754,92.37246769869637,91.3402795995248,91.9939956665039,21754500
2022-12-07,93.21543980968686,94.34224607967916,93.06920778181191,94.16161346435547,30546700
2022-12-08,93.4992886386925,94.14440794363978,93.30145572683806,93.903564453125,13377300
2022-12-09,92.84554190709599,93.04337475383205,91.40907174007869,91.46068572998047,25872200
2022-12-12,92.77674216052355,92.99178189173884,91.40048919324407,91.7531509399414,16897100
2022-12-13,93.79173076161291,93.82613790640251,92.43267807363706,92.63911437988281,23854700
2022-12-14,92.60469539958613,93.1723967695983,91.94236947833298,93.03477478027344,19517500
2022-12-15,93.45813023896149,94.08756791025365,93.25981885617904,93.39777374267578,20246200
2022-12-16,91.91475570403192,92.9753134872024,91.6647053880264,92.35449981689453,20838300
2022-12-19,91.25079737154877,91.25941502913486,90.51789519649287,90.80242919921875,26126800
2022-12-20,89.13834750383452,89.50911087825749,88.89692141413913,89.1900863647461,28869000
2022-12-21,89.92297039998698,90.0178172840774,88.77619013116015,89.41424560546875,15894100
2022-12-22,89.38835604979597,89.77636772260682,89.13830583710397,89.39698028564453,11322500
2022-12-23,88.44854195530088,88.64685338436756,87.96568329395534,88.0864028930664,15408900
2022-12-27,86.64642507731105,87.14652544816897,86.23255389880805,86.34464263916016,26475700
2022-12-28,86.78439183934434,86.89648058656371,85.66347805369392,85.83592987060547,17302900
2022-12-29,86.10323609731326,87.07756435392932,86.04287959607802,86.81027221679688,16593000
2022-12-30,86.111880381731,86.6982036352451,85.68076053586378,85.8445816040039,20810200
2023-01-03,88.1208586194735,88.24157160176713,86.94821258145178,87.48280334472656,25313200
2023-01-04,89.00035113382086,89.22453521778127,88.12948750557678,88.68132019042969,21678200
2023-01-05,87.83633924528338,89.06071774270467,87.75873427040626,89.05209350585938,14771100
2023-01-06,88.55199647964582,90.79382450464182,88.500264213285,90.69035339355469,27473700
2023-01-09,90.02642145047055,91.33702248095071,89.90570187897072,91.1731948852539,21472200
2023-01-10,90.12989387179012,90.37994411616435,89.24178823943373,89.6642837524414,20545200
2023-01-11,90.50930866766066,91.15598848771725,90.27650024855458,91.12149810791016,18794000
2023-01-12,91.242192973934,92.95804791276798,90.15576925069585,92.9149398803711,32029600
2023-01-13,92.34584224021522,92.94941379217457,91.72502879402381,92.04405975341797,17750800
2023-01-17,91.11286189070641,91.96648387738878,91.09561999225313,91.44913482666016,13911700
2023-01-18,93.5184904516114,93.7857825774466,92.36309274012314,93.66506958007812,35497200
2023-01-19,93.20811076992398,93.44091917409725,92.6390359855268,93.07877349853516,17194700
2023-01-20,92.22514339107052,92.46656941753845,91.49224107404545,91.56983947753906,22754100
2023-01-23,91.02662887826614,91.56983742564681,90.95764813557362,91.13871765136719,12961500
2023-01-24,91.50084827038253,92.6476216825281,90.87141060857657,92.44931030273438,16417200
2023-01-25,92.5786760589187,93.0442862717462,91.94923820314264,92.67352294921875,11906500
2023-01-26,92.38034076539192,92.8200847583399,91.81988376706455,92.24238586425781,15549400
2023-01-27,91.56121325127133,92.22513476193772,91.49223251348735,92.00957489013672,11845500
2023-01-30,91.79401469829583,92.39758628425342,91.5612129320431,91.67330169677734,11459700
2023-01-31,92.2423984261632,92.50106636790304,91.28531191148329,92.40621948242188,13705300
2023-02-01,92.97243803351317,93.87146833204065,91.9955965089779,93.51704406738281,25305800
2023-02-02,94.15671950169383,94.52843653071248,93.43921811621556,93.63804626464844,19548400
2023-02-03,92.29818269786445,92.59210186314637,91.7017111307393,92.2376708984375,20619500
2023-02-06,91.41642447367913,91.90051879538721,91.35591268346562,91.55474090576172,15182400
2023-02-07,91.05333067208255,91.83134391727998,90.76805804962868,90.8199234008789,18290300
2023-02-08,90.80263639315655,91.26944433638984,90.24073757656338,91.25215148925781,13530700
2023-02-09,92.03881269091957,92.16848266542348,90.2407390858637,90.3876953125,20469900
2023-02-10,90.24938586843794,90.28396496812908,89.1428810594772,89.37628173828125,16598300
2023-02-13,89.65291017449888,90.26667436991033,89.54053304416915,90.12836456298828,13134300
2023-02-14,90.07649346441661,90.62110605915016,89.16017037463385,89.92089080810547,15440300
2023-02-15,89.51461111803408,89.86038897451073,88.60692775655828,89.08238220214844,15246900
2023-02-16,88.23518638262225,88.36485634081932,87.59548960954821,87.82024383544922,19267300
2023-02-17,87.39666906642346,88.503173828125,87.2842919436936,88.503173828125,19560900
2023-02-21,87.31887938862822,87.4831218767349,86.68782232765113,86.78291320800781,22728000
2023-02-22,87.30159032387759,87.90671473376337,87.26701122085929,87.57821655273438,15165400
2023-02-23,87.77704647517392,88.6847232149464,87.71653469252242,88.43403625488281,15829100
2023-02-24,87.69059029849423,88.00179559492332,86.92986330931696,87.28429412841797,21403600
2023-02-27,87.56093103201876,87.91535529916715,87.23243944352883,87.52635192871094,14209200
2023-02-28,86.93852976315569,87.93265765605298,86.68783618353531,87.92401123046875,14955700
2023-03-01,87.36936241392789,87.55134501830621,86.62409654178505,86.97940063476562,19000000
2023-03-02,85.84420368069833,86.35549402986362,85.6882175789325,86.20817565917969,23763600
2023-03-03,87.46470736055484,88.30529858865007,87.15273522205474,88.296630859375,30877300
2023-03-06,88.58261851222623,88.68660483155918,87.51671245827544,87.6120376586914,16631900
2023-03-07,87.92399258407283,88.71259061246596,87.42137010080292,88.14930725097656,23096500
2023-03-08,88.73858438144038,89.23253912033529,87.88932550167983,88.2359619140625,20252400
2023-03-09,88.001983506623,88.84256802123264,87.81133315493481,88.45260620117188,21550400
2023-03-10,90.1511385962779,91.58967769047362,90.12514201700418,91.50301361083984,43921500
2023-03-13,93.76481541562988,94.54474590849476,91.02640087701057,91.71100616455078,51502500
2023-03-14,91.11304487568756,91.52034221791835,89.90848830824017,90.203125,38417800
2023-03-15,92.53425685552908,93.34018388398623,91.29503586793457,91.94497680664062,45164100
2023-03-16,93.05419349489918,93.61747687456224,91.02638126196025,91.22569274902344,43089300
2023-03-17,92.42157189870657,93.35748812422426,92.2569181336047,92.59488677978516,38129000
2023-03-20,92.62091924433335,92.69024786824738,91.61568064374579,91.78033447265625,24242800
2023-03-21,91.06102017924034,91.35565676894372,90.59306211482478,90.99169158935547,18934900
2023-03-22,90.697087419765,92.24827385080422,90.5064370352018,92.20494842529297,26388500
2023-03-23,91.30369626924734,92.33493792490792,90.83573803755785,92.20494842529297,25475100
2023-03-24,92.80286595938722,93.09750919106749,92.08360325252613,92.59488677978516,23652700
2023-03-27,91.03504477153967,91.65032127382473,90.41110054061969,90.41976165771484,22224500
2023-03-28,90.33310800183305,90.71440873931547,90.14245763309184,90.58441925048828,17794300
2023-03-29,89.86512575658845,90.51506641522782,89.77846832441087,90.40241241455078,16804400
2023-03-30,90.52374664862062,91.03503680872308,90.35909287665793,90.81838989257812,14315800
2023-03-31,91.295039295233,92.34360992232477,91.06106345759325,92.17896270751953,25396700
2023-04-03,91.98694632187743,93.04686500068927,91.83056476880186,92.61247253417969,18234800
2023-04-04,91.90004089152865,93.65498962836448,91.87397841208174,93.0728988647461,18052400
2023-04-05,93.62892463946862,94.15020076454215,93.31616824404627,94.04594421386719,23047700
2023-04-06,94.19365584945936,94.58461302555655,94.16759336338008,94.28922271728516,16447300
2023-04-10,93.5160001007792,93.62025666827356,92.57771087823704,92.76884460449219,19134400
2023-04-11,93.00341808882315,93.0381636488878,92.53427348832413,92.95997619628906,13971200
2023-04-12,93.00341915545224,93.10766909344618,91.98693586189549,92.86441040039062,20563000
2023-04-13,93.00345157999084,93.29883534502537,91.98696793204927,92.1346664428711,22079400
2023-04-14,91.56123708267923,91.70024584371289,91.0225880761276,91.29191589355469,19801900
2023-04-17,90.71852017013883,90.866212016421,90.10168366951659,90.20594024658203,19528800
2023-04-18,90.18855632384114,90.86620747010417,90.17987324741401,90.52738189697266,15922600
2023-04-19,90.27544135912007,90.56213533612822,89.90186359022182,90.44050598144531,16093900
2023-04-20,91.07472009563182,91.46567063831229,91.00521571479449,91.2137222290039,16450100
2023-04-21,91.48303367233596,91.62203578082685,90.58817984291373,90.70112609863281,15244700
2023-04-24,91.18764093212859,91.64809576065898,91.08338438237972,91.57859802246094,17034300
2023-04-25,92.37789983381356,93.07292377552294,92.33445793757427,92.92523193359375,21899900
2023-04-26,92.77753683548963,93.1684873747112,91.80449539728365,91.934814453125,19610400
2023-04-27,91.39615308620341,91.45696775359632,90.88357326507774,91.02257537841797,20247600
2023-04-28,92.27364087818299,92.75147521127097,91.96956749726453,92.49083709716797,26954100
2023-05-01,91.68779723753336,91.81844518973894,89.57132167590166,89.82390594482422,32487300
2023-05-02,90.58166534457507,92.06232452392578,90.48585728231966,92.06232452392578,30057800
2023-05-03,92.32359528592572,92.84618034533071,91.69649055662791,92.57617950439453,23656200
2023-05-04,91.64425024457101,92.71554880897517,91.5832820876133,91.66166687011719,25110500
2023-05-05,90.8864829682904,91.36552315733736,90.67745026990156,91.3568115234375,15096500
2023-05-08,90.16358873139023,90.4684361753065,89.98939588775039,90.07649230957031,20587000
2023-05-09,90.14616386946888,90.26810017788311,89.71067515512361,89.75422668457031,19182500
2023-05-10,90.29423031106302,90.79068718991643,90.26810205086504,90.62520599365234,22886800
2023-05-11,91.71394570100995,91.90555519486657,91.20877708849159,91.58329772949219,19147200
2023-05-12,91.4961862484551,91.67037908514139,90.79940161164836,90.81681823730469,14198500
2023-05-15,90.05038306597588,90.12006287616045,89.81522201289349,89.87619018554688,20085300
2023-05-16,89.18809754510673,89.6235862961619,88.935513272091,89.60616302490234,29251700
2023-05-17,89.78035259454948,89.85003238182841,89.14453616443221,89.34486389160156,21340900
2023-05-18,89.01389905497473,89.06616222430797,88.6219618326462,88.68292999267578,25536600
2023-05-19,88.1951991529059,88.7177844165854,87.90777493212092,88.05583953857422,29038000
2023-05-22,88.1864871446517,88.58713606662107,87.6813185123734,87.7422866821289,20131100
2023-05-23,87.47227260505836,88.18647390570331,87.34162464804369,87.99485778808594,21749500
2023-05-24,88.21258205113038,88.28226183165181,87.5593490600586,87.5593490600586,18473400
2023-05-25,87.70743801028222,87.79454108268106,87.12388463738611,87.34162902832031,22492800
2023-05-26,87.2022915940483,88.11681421172237,87.09777187558585,88.04713439941406,17030300
2023-05-30,88.31712198201666,89.0487399102373,88.1864740248255,88.92680358886719,23125200
2023-05-31,88.83103321764197,89.86749903405303,88.72652012357294,89.70201110839844,23787000
2023-06-01,90.19362497157108,90.49927593486126,89.62598366106573,90.05390167236328,21040400
2023-06-02,89.94912011363228,90.0102503171047,89.02343227170891,89.06709289550781,19136500
2023-06-05,88.50820603334913,89.46009845728712,88.38594559911033,88.90119171142578,14433200
2023-06-06,88.93608453338737,89.4862629458881,88.54310566390815,89.42513275146484,14332100
2023-06-07,89.22425732830287,89.45131515275908,88.01038177333713,88.09770965576172,25251100
2023-06-08,88.08899864576796,89.19807695968719,88.02786844992504,89.12821197509766,23845100
2023-06-09,88.72650525956698,89.31160956029163,88.49944737320659,89.0059585571289,22147400
2023-06-12,89.28541488209395,89.33781695776447,88.30733163880936,89.26795196533203,19010300
2023-06-13,89.17188980585743,89.36401520486271,88.17633697709591,88.38592529296875,25910800
2023-06-14,88.75270111583582,89.32907727781176,88.60424301206336,89.0932846069336,29094200
2023-06-15,89.97531727452997,90.49929139578491,89.59980126613699,89.9491195678711,25732000
2023-06-16,89.46009964107961,89.80068323563648,89.10204646271805,89.59982299804688,16759100
2023-06-20,90.04517756362628,90.52549103625657,90.04517756362628,90.21983337402344,17162900
2023-06-21,89.78318684736776,90.51675590619699,89.37273836551822,90.43815612792969,19720100
2023-06-22,89.77444509510016,90.16742393871547,89.250464420025,89.34652709960938,23630700
2023-06-23,90.67394321826737,90.77873403258357,89.93164607853046,90.23729705810547,22901900
2023-06-26,90.49055164710607,90.64774452956371,90.08883798364579,90.33335876464844,12894900
2023-06-27,90.46436118392658,90.77874699715751,89.73953351818716,90.09757995605469,18105700
2023-06-28,90.30715573664558,90.6826650119791,89.80064462718136,90.4818115234375,23826800
2023-06-29,89.2242861537656,89.37274426811842,88.59551453686836,88.84877014160156,41091600
2023-06-30,89.12821931781691,90.00151170905617,88.96229829411214,89.89672088623047,32024900
2023-07-03,90.05257959586925,90.4203606823393,89.36956807643541,89.3870849609375,16011800
2023-07-05,89.22071604911785,89.31703888040843,88.21370888245653,88.53770446777344,28170300
2023-07-06,87.74084599222175,87.8984645504652,87.1016199976534,87.28550720214844,41375700
2023-07-07,86.84765804931169,87.21543237120787,86.68128108813997,86.76009368896484,28996500
2023-07-10,86.56749887973159,87.15418778709056,86.5587404343383,86.87397766113281,24665200
2023-07-11,87.18916860542285,87.53943274712391,86.94398571045195,87.32051849365234,20485500
2023-07-12,87.65328590907653,88.54646000982952,87.36431742467207,88.29251861572266,31928000
2023-07-13,88.71281280775179,89.29074966235764,88.46762990485225,89.22069549560547,32441500
2023-07-14,89.07184533737718,89.26449097706791,88.65152697071255,88.6953125,18569000
2023-07-17,88.64275096486845,88.87041694883993,88.37129278285329,88.73906707763672,18822000
2023-07-18,89.14192199707031,89.37834654495033,88.94051786457324,89.14192199707031,15407400
2023-07-19,89.31702369566253,90.17517058833964,89.08059921952025,90.14889526367188,27192500
2023-07-20,89.50968204318747,89.58848798618729,88.68656211905022,89.05433654785156,56951200
2023-07-21,89.45715271715687,89.623523060778,88.99304873767588,89.08061981201172,20657500
2023-07-24,89.30827631822312,89.44838467754164,88.70407739068129,88.7566146850586,17546700
2023-07-25,88.2925050191458,88.87919365963141,88.26623637565143,88.59022521972656,17160600
2023-07-26,89.03683336399148,89.04559180748245,88.38009039760111,88.67781066894531,19310700
2023-07-27,88.18742417478227,88.38006980228191,86.6112454311853,86.95275115966797,44794400
2023-07-28,87.04034460616639,87.44314619788062,86.8214302619259,87.39936065673828,27434000
2023-07-31,87.25923288799679,87.85467999371342,87.23296424345149,87.6094970703125,28663800
2023-08-01,86.78849777396061,86.85874503209148,85.96311593793823,86.1738510131836,34943400
2023-08-02,85.20796969224867,85.38358112818834,84.65478763980653,85.25186920166016,38121300
2023-08-03,83.58355883720816,83.69770562574747,83.0128114962149,83.2850112915039,59394800
2023-08-04,83.5484046560432,84.89185137265918,83.53083949552178,84.76013946533203,42071800
2023-08-07,84.39140193546848,84.4704251076193,83.85577810483544,83.926025390625,35862900
2023-08-08,85.04990513575657,85.49772294529723,84.68111715102707,84.900634765625,24010500
2023-08-09,85.06747709201258,85.42748925265391,85.03235346420755,85.33968353271484,20151100
2023-08-10,85.20796737024374,85.48894967957827,83.93476104736328,83.93476104736328,37253200
2023-08-11,83.6801201116925,84.18062002144185,83.59230770365359,83.74158477783203,26753500
2023-08-14,83.60107417903349,84.23328587990318,83.32887452415983,83.55717468261719,19072000
2023-08-15,83.24111977529483,83.59234275815132,83.03037794660216,83.04794311523438,24125000
2023-08-16,82.78448548710067,83.23230331688232,82.29276815190278,82.39813232421875,23076700
2023-08-17,82.09962577265581,82.19621410361438,81.67814881036847,82.04694366455078,32244900
2023-08-18,82.03813676163858,82.70547229613027,81.92398999486446,82.33667755126953,24181700
2023-08-21,81.36201073267142,81.44981643743223,80.98444017296865,81.23907470703125,29254100
2023-08-22,81.34447595856973,81.90644071793666,81.18642295130101,81.86254119873047,21308700
2023-08-23,82.80204836994095,83.89963646233599,82.74058370473267,83.89085388183594,38294700
2023-08-24,83.53086218492722,83.89965696544778,83.32012709544955,83.33769226074219,22300800
2023-08-25,83.11817634659765,83.86453510777542,82.98646440070796,83.60989379882812,23865200
2023-08-28,83.98745013336129,83.99623271469409,83.32011463414925,83.69768524169922,16037300
2023-08-29,83.3903971436802,84.7426271773412,83.36405608769161,84.56700897216797,28478100
2023-08-30,84.43527986777984,84.64601495537671,84.18941444991124,84.47917938232422,17550100
2023-08-31,84.76892189508408,85.21673969954293,84.67233360982539,84.85672760009766,26959700
2023-09-01,84.37150156975147,84.38911270490932,83.33226989512765,83.53482818603516,32469700
2023-09-05,83.03280920580826,83.04161813113737,82.33705192811725,82.36347198486328,29435900
2023-09-06,82.86546866197139,82.88308651166037,82.31062734310515,82.56603240966797,23636300
2023-09-07,82.78620450331474,82.84785353577098,82.5043793950518,82.79501342773438,18091500
2023-09-08,83.12086275131612,83.57883271337562,82.9359156694521,83.112060546875,17052100
2023-09-11,82.52198579842492,82.76858863336699,82.38988553589907,82.51318359375,17061500
2023-09-12,82.68933417571878,82.99757936664145,82.41631796650746,82.98877716064453,20034300
2023-09-13,82.71573298810831,83.25296306255593,82.62766391606958,82.97113800048828,23332300
2023-09-14,82.73334532429138,82.97113247488406,82.25776430386695,82.37225341796875,27800600
2023-09-15,82.31061424879464,82.32823209568089,81.8702621459961,81.8702621459961,25642900
2023-09-18,81.77339354338838,82.37227274078828,81.7469734892626,82.33704376220703,17963400
2023-09-19,81.97596627142202,82.28421146421516,81.7293701171875,81.7293701171875,24941800
2023-09-20,82.16091664512608,82.43393286682036,81.94074053879416,81.98477172851562,29451200
2023-09-21,80.39950187921885,80.46995984067921,79.87108060674822,79.8798828125,59958700
2023-09-22,79.97676510858369,80.68133132240065,79.85346702905194,80.5228042602539,29524500
2023-09-25,78.96395503258,79.29862026574776,78.51479393390785,78.54121398925781,45587900
2023-09-26,78.76138837984338,78.92872435244374,78.12728018813763,78.26819610595703,38104100
2023-09-27,78.85829193936696,78.92874992110126,77.58126621759409,77.86309814453125,47111200
2023-09-28,77.16733876656558,78.1449214011819,76.7093686159698,78.10088348388672,60238000
2023-09-29,78.62047597319243,78.81423200922681,77.61647353123345,78.10967254638672,49010100
2023-10-02,77.58840221521143,77.68558704360512,76.60772384907199,76.80209350585938,44704300
2023-10-03,76.25436134377823,76.55475279451463,74.99980154137816,75.14999389648438,71362600
2023-10-04,75.77724258754543,76.25432993714276,75.42385054238106,76.21015930175781,56281600
2023-10-05,76.07763837278884,76.14831948217217,75.66239528081371,75.83026123046875,35758800
2023-10-06,74.39012769814296,75.70653747159632,74.26643918447222,74.91139221191406,62787900
2023-10-09,75.5387152655061,76.68725983124905,75.0527910091097,76.66958618164062,29424900
2023-10-10,75.8479109525994,77.01412203110824,75.55635649784219,76.56354522705078,54743900
2023-10-11,77.61490553309739,78.16267395019531,77.39403214982703,78.16267395019531,58517700
2023-10-12,77.79160993228179,77.91529849029224,75.91860117587626,76.04228973388672,66986700
2023-10-13,77.39403335540838,77.59723983701161,77.01413086064474,77.40287017822266,44183800
2023-10-16,76.14833544221132,76.30736460139418,75.89212142238765,76.15716552734375,38309800
2023-10-17,74.99979748808754,75.65358109420569,74.65523540239529,75.31785583496094,52949100
2023-10-18,74.5491907392083,74.84958208116466,74.08094018960604,74.65521240234375,63724600
2023-10-19,74.10745628992402,74.7170691587939,73.10027391384843,73.12677764892578,87696900
2023-10-20,73.32111882711183,73.80704291617381,73.12674919148704,73.5419921875,52188800
2023-10-23,73.16210284502343,74.97326742088511,72.81754088033111,74.42549896240234,70890400
2023-10-24,74.6021829785363,75.40615844726562,74.29295490389009,75.40615844726562,46267700
2023-10-25,74.23114551362112,74.32833037008191,73.444836577182,73.72755432128906,60737200
2023-10-26,73.75406175943833,74.93794015771343,73.68338064119199,74.85842895507812,49704100
2023-10-27,74.38133798821794,75.07046200711385,73.9837617723396,74.54036712646484,32362300
2023-10-30,74.04560648097204,74.65521930444882,73.54201533043273,74.20463562011719,45026900
2023-10-31,74.54035267585272,74.89374470076102,73.8158882399574,73.84239196777344,37269200
2023-11-01,74.5037494837801,75.461200518839,74.48601515146454,75.44346618652344,72308500
2023-11-02,76.8441645419977,77.40267414550732,76.43636291287987,77.16331481933594,69739400
2023-11-03,78.73248087757098,78.9452522819231,77.64205617584669,77.6863784790039,77692300
2023-11-06,77.1899321700121,77.30517828473349,76.77326325450672,76.9328384399414,41341900
2023-11-07,77.66865424229411,78.45766296719863,77.65091990933767,78.06758880615234,37834200
2023-11-08,78.43993274060244,79.45057324756105,78.41333124206898,79.39737701416016,53893400
2023-11-09,78.84773791353618,78.92752212163593,76.8973738525462,77.57113647460938,88975100
2023-11-10,78.21828742176723,78.3955901327033,77.81047901201748,78.0055160522461,36516400
2023-11-13,77.32287362610813,77.96117404596477,77.03918530213443,77.82819366455078,25661500
2023-11-14,79.78745193175457,79.92043237104072,79.15801840037733,79.59241485595703,65666800
2023-11-15,78.90977544335551,79.02502152614703,78.28920244363697,78.47537231445312,56205300
2023-11-16,79.16686551845119,79.75196983400606,79.12253646202632,79.45055389404297,49473900
2023-11-17,79.92930746764709,80.16866687117779,79.46830946753845,79.82292175292969,44091400
2023-11-20,79.45056779168962,80.37255686455511,79.4417006261207,80.31049346923828,40477800
2023-11-21,80.23073348347779,80.49669442148675,79.68995120288248,80.27506256103516,27721000
2023-11-22,80.7803628845494,80.9576656234413,80.12432787058431,80.55873107910156,31197500
2023-11-24,79.8761073265438,80.01795493923781,79.6012860315322,79.61015319824219,20199600
2023-11-27,80.0534066019224,80.97538891182708,79.97361563907232,80.93993377685547,39804400
2023-11-28,80.59419754774927,81.14384012766786,80.48781184018455,81.09951782226562,44989300
2023-11-29,81.65802735047184,82.1810751930178,81.36547172820056,82.1190185546875,61647800
2023-11-30,81.53388947370722,81.81757784386183,80.81580476630495,81.17041015625,60520900
2023-12-01,81.20511394464954,82.76144899231993,81.04503349691444,82.6991958618164,64172200
2023-12-04,82.25453751894737,82.55691474599458,81.89880239863193,82.37015533447266,33766300
2023-12-05,83.26838000074713,84.14882596919558,83.21502210632597,84.13993072509766,73588600
2023-12-06,84.55793056817632,85.42058616653235,84.37117112705039,85.26050567626953,61606100
2023-12-07,84.64685602037866,85.44725840885239,84.54013344022096,84.7713623046875,47970200
2023-12-08,83.97095229525078,84.23775532888895,83.5173966371821,84.07767486572266,44809200
2023-12-11,83.60630516123129,83.9887191163108,83.17942178471513,83.8997802734375,33909700
2023-12-12,83.73080037198399,84.21993001796437,83.50846686424377,84.14878845214844,36996900
2023-12-13,84.63792914246456,86.24762856240669,84.50452766339693,86.12311553955078,70828500
2023-12-14,87.13221610063033,88.36344909667969,86.91808329588395,88.36344909667969,87798600
2023-12-15,88.05117502582625,88.64002318425476,87.95303253159778,88.46158599853516,59941300
2023-12-18,87.88164413140863,87.88164413140863,87.45338540860743,87.7567367553711,34746000
2023-12-19,88.20284936002804,88.55973054668651,88.02441217017005,88.2296142578125,30018400
2023-12-20,88.42592065906082,88.94339816465167,87.95305586520661,88.82740783691406,51229400
2023-12-21,88.98797635386794,89.07719494260968,88.1047007535232,88.26529693603516,65231200
2023-12-22,88.66678946280763,88.66678946280763,87.64968251308682,87.86381530761719,29244200
2023-12-26,87.91734720593794,88.21177470025368,87.86381740949602,88.11363220214844,24019700
2023-12-27,89.02369420816547,89.69284405255269,88.77387935537197,89.67500305175781,45082800
2023-12-28,89.30024605284271,89.72850481444418,88.82738139972452,89.02366638183594,36213000
2023-12-29,88.44373775070909,89.05935761014553,88.14931707644766,88.22068786621094,41616200
2024-01-02,87.64076452443514,88.01548670062685,87.43555563350596,87.7121353149414,47797400
2024-01-03,86.88238341539856,88.1939177477098,86.67718134569681,88.07793426513672,58159500
2024-01-04,86.91807646521622,87.11436145067017,86.60580799151322,86.73963928222656,52604500
2024-01-05,86.09725794222815,87.15005370022429,85.83851925178628,85.90989685058594,45894800
2024-01-08,85.85636021957104,86.88238419112437,85.73144602814537,86.75747680664062,39485800
2024-01-09,86.22217144182788,86.69503615520856,86.17755873768357,86.20433044433594,34374000
2024-01-10,86.47199094336176,86.58798125765747,85.7582352869002,85.80284118652344,48227800
2024-01-11,85.80284876685104,86.39170387222448,85.39243769656527,86.28463745117188,78858900
2024-01-12,86.3470555335353,86.78423132696248,85.89203194049168,86.11508178710938,38883900
2024-01-16,85.31210510504043,85.46377736231032,84.32176327261085,84.59834289550781,61716700
2024-01-17,84.40205437646952,84.75893546613611,84.00949130408283,84.46450805664062,55506800
2024-01-18,84.27717733867877,84.38424374618295,83.42959040183567,83.67940521240234,77339100
2024-01-19,83.6080110264463,84.01842196340594,83.20652399007801,83.9470443725586,47030900
2024-01-22,84.59838864789086,84.83036251248588,84.21474244399873,84.44671630859375,35756400
2024-01-23,83.7686105839117,83.85782917260156,83.3581996303848,83.77753448486328,35786700
2024-01-24,84.3217895626051,84.34855446259273,83.06378480764266,83.28683471679688,54574900
2024-01-25,83.86678164349469,84.06306668964375,83.48313545518816,83.83109283447266,57019400
2024-01-26,83.80427955807255,83.9291869140817,83.41170969236362,83.67044830322266,29276900
2024-01-29,84.1433284095702,84.91062048530462,83.97381514186722,84.63404083251953,38243600
2024-01-30,85.1872183075331,85.50840389173679,84.52698572187555,85.4013442993164,40151400
2024-01-31,85.84745073084666,86.46307066268305,85.65116572029342,86.24002075195312,80646700
2024-02-01,87.19775187555744,88.31658981328174,86.99188951916928,87.93170928955078,84291200
2024-02-02,86.16839116221742,86.4816711444399,85.64925572040612,85.9893798828125,63823300
2024-02-05,84.70050300016295,84.89741956568184,84.15450955171322,84.25296783447266,53827400
2024-02-06,84.351442410522,85.16595984725566,84.3245913880092,85.07645416259766,33411500
2024-02-07,84.6467897107954,85.23753932880544,84.60203346863932,84.66468811035156,40120200
2024-02-08,84.15449620028275,84.4051215895362,83.83227721464411,84.17240142822266,50087700
2024-02-09,83.92179680094303,84.14556438543767,83.83229113291412,84.00234985351562,27951300
2024-02-12,84.04710515549775,84.26192012211703,83.68907565856917,84.1008071899414,27890300
2024-02-13,83.1162090320944,83.29522031840303,82.641822977418,82.65972137451172,49768500
2024-02-14,82.61496515623446,83.28626766781109,82.55231052830766,83.08039855957031,44191600
2024-02-15,83.74276888600394,83.88598340125175,83.24153174032453,83.51005554199219,49598500
2024-02-16,82.77608435002382,83.10725591055247,82.65076825576324,83.02670288085938,33116800
2024-02-20,83.05357821672997,83.41160772086414,82.99092356566986,83.09832763671875,24469300
2024-02-21,83.08936533434355,83.15201997294982,82.35540806973746,82.507568359375,36343100
2024-02-22,82.64183003247729,83.0267104768563,82.58812117892535,82.91034698486328,45190700
2024-02-23,83.01777479412948,84.13661272936034,83.01777479412948,84.02025604248047,38406700
2024-02-26,84.13659722632083,84.16344823920362,83.4115925631112,83.76961517333984,27855000
2024-02-27,83.45635603188992,83.66222521340605,83.10727914792994,83.17888641357422,30242000
2024-02-28,83.31314393227532,83.77857747670868,83.15203100750139,83.70697021484375,34574200
2024-02-29,83.97550360590482,84.4051403972301,83.93969997089062,84.2977294921875,51038600
2024-03-01,83.89816467017422,84.85889891940214,83.51207482140217,84.82298278808594,45832800
2024-03-04,84.13159210098515,84.54462410178837,84.11363746413727,84.48176574707031,23864200
2024-03-05,85.50537797093114,85.90942247149675,85.27192653600564,85.68495178222656,37721900
2024-03-06,85.7388180444943,86.34937856119724,85.66699263393622,86.18775939941406,40571600
2024-03-07,86.51997405596633,86.55589018456449,85.72983977770996,86.10694885253906,39075000
2024-03-08,86.01716670148572,86.24163737988177,85.72984450715083,85.95431518554688,25023200
2024-03-11,86.16082990802937,86.2057267867131,85.63108236113115,85.909423828125,17787900
2024-03-12,85.33477322475918,85.48741164075062,85.0205156476293,85.19110870361328,29566000
2024-03-13,84.84990079039623,85.06539068384335,84.58951402942672,84.77806854248047,38270100
2024-03-14,84.15853554848944,84.1764901855969,83.377375253459,83.47614288330078,58365600
2024-03-15,83.55694500927733,83.67367412091589,83.31451974332796,83.44920349121094,34997700
2024-03-18,83.26066645690129,83.4941110285678,83.05415042010247,83.19781494140625,29519500
2024-03-19,83.36840764004793,83.74551673140097,83.22474996966166,83.43125915527344,26953100
2024-03-20,83.59285900651625,84.21240012084459,82.86557637686109,83.40430450439453,43460100
2024-03-21,83.74552726200045,83.88919180075325,83.2606765694654,83.58390808105469,34276600
2024-03-22,84.57155774424197,84.58951238072088,84.20342261857401,84.38300323486328,30262300
2024-03-25,84.14059524081769,84.17651137437366,83.77246685989749,83.96102142333984,24011800
2024-03-26,83.96099061263395,84.28422884571874,83.75447463304664,84.1944351196289,34423000
2024-03-27,84.39199172494601,85.02948760986328,84.34710170083427,85.02948760986328,50157800
2024-03-28,84.84092011542448,85.31679677022585,84.68828172620522,84.95764923095703,34540400
2024-04-01,84.0405995042729,84.04960996109446,83.29288966627385,83.37397003173828,48945400
2024-04-02,82.49112579684598,83.05866082858745,82.2839265403893,82.9145278930664,43086300
2024-04-03,82.21187135581975,82.92354626397241,82.0226929938498,82.89651489257812,45494400
2024-04-04,83.44602057460472,83.5631358768571,82.91452054210585,83.4910659790039,47957400
2024-04-05,82.59921525806004,83.0406313115862,82.31994614941189,82.3289566040039,42495900
2024-04-08,82.18483906851111,82.50913989189257,82.09474825166498,82.31996154785156,37879800
2024-04-09,82.76137045948212,83.20278652038773,82.73433909525414,83.08567810058594,32522000
2024-04-10,82.15780323248966,82.24789404443725,81.12182762473226,81.27497100830078,74368900
2024-04-11,81.41911044315351,81.47316630923504,80.63537255109892,80.90562438964844,65751200
2024-04-12,81.65331750837095,81.93257974633568,81.32900987004145,81.33802032470703,47900100
2024-04-15,80.37409584698725,80.41013078729856,79.7434947009827,80.07681274414062,55993100
2024-04-16,79.32011297276371,79.79756398460006,79.08588925778169,79.54532623291016,45103200
2024-04-17,80.0588002447194,80.51823027832826,79.68944725417185,80.42814636230469,57947000
2024-04-18,80.3921505576436,80.41917505831046,79.80659450898787,80.0228042602539,43839500
2024-04-19,80.52726852148795,80.52726852148795,80.0948628261683,80.31106567382812,44826800
2024-04-22,79.88765349030544,80.28403105517899,79.86062899687566,80.1759262084961,24969000
2024-04-23,79.93268251326049,80.66237117817735,79.77052871294981,80.20293426513672,27222700
2024-04-24,79.77954704325732,79.84260648431645,78.82464497208669,79.63541412353516,48986800
2024-04-25,78.78862390428685,79.18500153103987,78.68051904072745,79.07689666748047,49282600
2024-04-26,79.50027479741337,79.82458241724551,79.32010695215673,79.49126434326172,31589800
2024-04-29,79.8696328841292,80.193933651581,79.70747906392172,80.15790557861328,39228600
2024-04-30,79.65343448375722,79.93270363601245,79.36516174846717,79.4732666015625,41054700
2024-05-01,80.0952203416918,80.64666655090302,79.7697764511067,80.0590591430664,59679500
2024-05-02,79.74266564567019,80.4658758999946,79.57994368329939,80.40259552001953,58925400
2024-05-03,81.29755857824968,81.46932255643068,80.70090911533282,81.21619415283203,50066100
2024-05-06,81.2433177047405,81.58683875339808,81.06251170778108,81.53260040283203,23868200
2024-05-07,82.1744528537595,82.48181272801088,81.91228930963938,82.0298080444336,30525800
2024-05-08,81.64107710396414,81.77667987742281,81.50548122754901,81.53260040283203,31171700
2024-05-09,81.24331679707933,82.05691963465462,81.19811357408359,81.93035888671875,39606700
2024-05-10,81.61395246603828,81.70435200994554,81.32466978730923,81.46931457519531,21913800
2024-05-13,81.8580291691044,81.91226750964465,81.64106201285881,81.6772232055664,23157500
2024-05-14,81.94844165693524,82.19252112499326,81.74051649025787,82.1382827758789,25746400
2024-05-15,83.05135140133069,83.40391453823777,82.83438416550725,83.25926971435547,65142900
2024-05-16,83.5214232917315,83.54854246870347,83.11462184306373,83.17790222167969,37902400
2024-05-17,82.84341107573773,82.98805587322829,82.57220552896472,82.6174087524414,24755000
2024-05-20,82.33717558932096,82.55413590830413,82.27389520890736,82.37333679199219,17922800
2024-05-21,82.92479307598633,82.96094738597897,82.65358747172642,82.79822540283203,15334400
2024-05-22,82.50891979626076,82.96996643701746,82.49988466978701,82.89764404296875,38073700
2024-05-23,82.98805695758031,82.98805695758031,82.10212480398364,82.36428833007812,51294700
2024-05-24,82.23772009566865,82.68972470703581,82.17443972595896,82.60836029052734,19164400
2024-05-28,82.5631717004934,82.59029087618853,81.3879568420508,81.42411804199219,45973700
2024-05-29,80.7641729056191,80.81841814377192,80.16753046227711,80.43873596191406,45508400
2024-05-30,80.99923384679126,81.33371977876378,80.85459594177865,81.21619415283203,29548600
2024-05-31,81.79472707328861,81.9574489487165,81.58680199472614,81.7676010131836,41308800
2024-06-03,82.21939634936658,83.15370657051211,82.19218450535051,83.0902099609375,42272100
2024-06-04,83.63442337893646,84.17868765390755,83.44393365093967,84.06076049804688,42581500
2024-06-05,84.36013693190125,84.67761993408203,83.80680644783888,84.67761993408203,43153900
2024-06-06,84.28756933412673,84.75019138820728,84.23314565268569,84.55062866210938,22891900
2024-06-07,83.29883291024608,83.29883291024608,82.90878039082993,82.9994888305664,35240500
2024-06-10,82.5459254466541,82.60034911696904,82.22844250213494,82.4461441040039,20586500
2024-06-11,82.57316193343335,83.33512814836797,82.47338056099416,83.29884338378906,30329200
2024-06-12,84.37829286709415,84.87719977156429,83.8975318067566,83.92474365234375,42554600
2024-06-13,84.55968222167668,85.25814468248807,84.31476187004809,85.15836334228516,33093800
2024-06-14,85.64819497322317,86.02917448773088,85.48491704977575,85.87496948242188,28776700
2024-06-17,84.83182688219692,85.09488621009221,84.61412523589449,85.02232360839844,31040200
2024-06-18,85.16743283372519,85.8114715996419,85.02230074874824,85.80239868164062,26881000
2024-06-20,84.73202677034432,85.26721126383163,84.66852326710841,85.23092651367188,30246300
2024-06-21,85.48491284418168,85.70262134514019,84.89529776515052,85.23092651367188,22596400
2024-06-24,85.31257783294876,85.57563018798828,85.03137272002269,85.57563018798828,56939100
2024-06-25,85.3307041342736,85.7661141966403,85.30349230298972,85.72075653076172,22890200
2024-06-26,84.61412847872387,84.78647937064936,84.45992342837519,84.49620819091797,38489100
2024-06-27,84.83183288574219,85.0041837832596,84.74112443674763,84.83183288574219,23140800
2024-06-28,85.02231701020229,85.05859484792855,83.25347137451172,83.25347137451172,55119600
2024-07-01,82.2806834416618,82.88127571651334,81.7346948825557,81.81659698486328,49735400
2024-07-02,82.51729658398673,82.63559192892822,81.97130792196239,82.45359802246094,34204700
2024-07-03,82.96318216892922,83.61837130608764,82.8903818331067,83.5364761352539,35563300
2024-07-05,83.96416185293192,84.38276030943769,83.62747245188532,84.22805786132812,34895500
2024-07-08,84.209874843652,84.49196751009629,83.91868039817375,84.41007232666016,16095700
2024-07-09,84.14615728299974,84.33725294384165,83.6001686887912,84.03695678710938,30289800
2024-07-10,84.12795848466726,84.33725771129976,83.95506636801125,84.30085754394531,23572500
2024-07-11,85.24723964159575,85.66583114523806,85.05614397314744,85.11984252929688,49761800
2024-07-12,85.11073682801285,85.48383331298828,84.93783777959773,85.48383331298828,27796500
2024-07-15,84.62845760855045,84.90145541014316,84.42826014639878,84.50106048583984,37918900
2024-07-16,85.11072654887582,85.72951539504629,84.98332945783666,85.693115234375,36383700
2024-07-17,85.46562722784807,85.90242225309933,85.25633496318585,85.7113265991211,29036800
2024-07-18,85.24724038446907,85.66583189175911,84.97424260280852,85.05614471435547,34553100
2024-07-19,84.66485694118738,84.77405744926929,84.46465948101509,84.55565643310547,32164700
2024-07-22,84.99245462050152,85.10164818994075,83.99147422578007,84.30996704101562,36160400
2024-07-23,84.45556933605583,84.65576682380363,84.16437488368359,84.1916732788086,23498000
2024-07-24,84.2553514823341,84.49194908726662,83.2361746166956,83.28166961669922,50757100
2024-07-25,83.74575544409751,84.5010431903068,83.68205689577992,83.96414947509766,44999100
2024-07-26,84.58296170511969,84.76496256672827,84.36456761381237,84.6193618774414,34423800
2024-07-29,85.23813045572598,85.2563340088276,84.82864076501663,85.07433319091797,25801300
2024-07-30,85.31095006327479,85.58394788052642,84.90146028002023,85.40194702148438,28169800
2024-07-31,86.0207108804551,86.30280345112887,85.75681491904831,86.27550506591797,47445300
2024-08-01,86.86439639796123,87.56742306161756,86.84613913139519,87.01960754394531,77254200
2024-08-02,88.56260970942161,89.81344495216779,88.46217732671683,89.73126983642578,91912900
2024-08-05,91.01863131260447,91.24688547321125,89.38433068676822,90.20604705810547,90686300
2024-08-06,89.61257345732456,89.84995970459701,88.18826293945312,88.18826293945312,61316900
2024-08-07,87.60395838945584,88.06046678536913,87.19310361944,87.56744384765625,51337100
2024-08-08,86.84614701330648,87.10179056301439,86.59049649783427,87.02874755859375,37815800
2024-08-09,88.1152322949548,88.14262167789748,87.73176003646594,87.88697814941406,32141800
2024-08-12,87.67701436759651,88.39829857567294,87.54006043542088,88.2065658569336,24261400
2024-08-13,88.83652442702714,88.89130319796655,88.54435937240972,88.8182601928711,30366900
2024-08-14,89.06479885880097,89.6217397092885,89.0282773479434,89.3752212524414,31334100
2024-08-15,88.0239310777204,88.6539077758789,87.8413235838049,88.6539077758789,38723700
2024-08-16,88.96435546875,89.0556557517461,88.57175798267816,88.96435546875,28541000
2024-08-19,88.94610220707239,89.6217397092885,88.93697705368245,89.3752212524414,25322100
2024-08-20,89.76780971627075,90.2608396143803,89.58520914619992,90.08736419677734,25239300
2024-08-21,90.08736513470242,90.57126291961686,89.66737824655469,90.14215087890625,29230000
2024-08-22,89.68564186887244,89.74955276520137,88.95522565445731,89.24739074707031,33453800
2024-08-23,89.64912549304564,90.08736967416738,89.43912855550747,89.83172607421875,32005100
2024-08-26,90.10560886775268,90.11473401823912,89.54866819447565,89.60344696044922,23198700
2024-08-27,89.01000631521725,89.54868985203957,88.93697026484314,89.44825744628906,21507700
2024-08-28,89.4847777417252,89.6582461954991,89.22913415446654,89.33869171142578,18501400
2024-08-29,88.90044498753143,89.14695644934389,88.68131594840355,89.04652404785156,24988200
2024-08-30,89.18348475578937,89.4665177457034,88.07873522090563,88.09699249267578,42896200
2024-09-03,89.36379419724979,89.82178823391209,89.23555642605909,89.53783416748047,48947900
2024-09-04,89.6569150316087,90.710302771547,89.59279614248732,90.69198608398438,40885200
2024-09-05,90.99424522068165,91.30568477690952,90.4812941732874,91.20492553710938,47450900
2024-09-06,91.1866077859908,92.31326910740971,90.85685154839653,91.19576263427734,57406400
2024-09-09,91.0492385307043,91.69042754612575,90.82940329519354,91.58966827392578,26961400
2024-09-10,91.47974777407998,92.4323763794748,91.43394556684117,92.2308578491211,31703400
2024-09-11,92.04764878956297,92.73463991365237,91.91941100547443,92.1575698852539,39497100
2024-09-12,91.92854634953676,92.10258628711263,91.31483613278292,91.7270278930664,41618700
2024-09-13,92.02016807789377,92.15756769713636,91.61713105836482,91.97437286376953,25722100
2024-09-16,92.17587418462719,92.85371036762984,91.97436268559755,92.81707000732422,30866300
2024-09-17,92.94530200108312,93.1010182813844,92.27662769679867,92.36822509765625,31699400
2024-09-18,91.81865268346381,92.2674919207807,91.17746375648994,91.22325897216797,48897000
2024-09-19,90.6095579739016,90.96679284005863,90.47215833574062,90.9209976196289,39979800
2024-09-20,90.67368102630034,90.91183994412518,90.42636725703179,90.57292175292969,37067600
2024-09-23,90.22483026587904,90.76525990490107,89.78515289119491,90.38054656982422,35703900
2024-09-24,89.76683472473431,90.58206358305763,89.62943511063196,90.36222839355469,31005400
2024-09-25,90.00498198838332,90.05993903156647,89.57446651429191,89.6111068725586,36738200
2024-09-26,89.83095444047954,89.99583258123445,89.23556076617373,89.82179260253906,33332300
2024-09-27,90.26148478797455,90.46300332513037,89.95920698224081,90.2889633178711,28317600
2024-09-30,90.35307102665638,90.41718991795233,89.6569180722754,89.85843658447266,34175500
2024-10-01,90.79209615182185,91.27913763607224,90.41532397810711,90.50721740722656,45254200
2024-10-02,89.46878907932275,89.80880240599889,89.1931018402861,89.74447631835938,35810800
2024-10-03,89.45041537523011,89.60664189926766,88.8990478515625,88.8990478515625,39677800
2024-10-04,87.70441136111099,88.1822613016314,87.66765259476053,87.80549621582031,56954100
2024-10-07,87.28171877900284,87.54820763511421,87.07954901697109,87.14387512207031,42606600
2024-10-08,86.73955632380971,87.32768285696552,86.6936060901795,87.29092407226562,33709600
2024-10-09,86.99681692516283,87.21736952211722,86.59248451944867,86.79464721679688,35807700
2024-10-10,86.27085702689489,86.46383531324288,85.83895724945998,86.45465087890625,53667400
2024-10-11,85.90328314161022,86.44545922896882,85.84814148062802,86.1054458618164,27406400
2024-10-14,85.49893345994245,86.1789531019497,85.44379881656876,86.16976165771484,28795300
2024-10-15,86.80385340710322,87.30008631802266,86.72115142745945,87.2173843383789,46429100
2024-10-16,87.65847084894035,87.86983202608604,87.42873379209524,87.58495330810547,32281500
2024-10-17,86.64763990167377,86.78548355500772,86.07788940636921,86.19735717773438,43427200
2024-10-18,86.42708393566448,86.63843810263802,86.252481528237,86.26167297363281,25258600
2024-10-21,85.48057117038385,85.54489727349358,84.75460815429688,84.75460815429688,49504700
2024-10-22,85.14056542701364,85.24165030567964,84.6259495871632,84.83731079101562,32096900
2024-10-23,84.39620564680999,84.88325411856164,84.23080168899334,84.6075668334961,33354200
2024-10-24,84.75459412675684,85.46218114385253,84.50647419081415,85.14974212646484,32507400
2024-10-25,85.45299486045683,85.49894507685673,84.56161394604048,84.67189025878906,28667100
2024-10-28,84.79133641897681,84.80971930678174,84.01023195168587,84.442138671875,33156500
2024-10-29,83.78050477718054,84.59836810517969,83.60590938861982,84.57080078125,46545200
2024-10-30,85.31515749590162,85.72868844085366,84.6902793774321,84.81893157958984,41951100
2024-10-31,84.72701954637718,85.40704624875261,84.42377197479703,84.95675659179688,52173800
2024-11-01,85.06831878276725,85.30804667217949,83.72212688308491,83.75900268554688,80402000
2024-11-04,85.08677292329469,85.35416826761018,84.487439016014,85.05911254882812,49747600
2024-11-05,84.8562478456055,85.6584337596504,84.45976612275786,85.51090240478516,46986000
2024-11-06,82.65255383472565,83.64836943145309,82.56957271900633,83.16889953613281,98895700
2024-11-07,83.6760324033319,84.4782183869571,83.58382881588463,84.21082305908203,56221400
2024-11-08,84.82859301472782,85.38182156223516,84.68106165022844,85.2803955078125,56756200
2024-11-11,85.05911580838881,85.10522112405536,84.47822681828099,84.86548614501953,22369200
2024-11-12,84.24771806497682,84.69029816249812,83.45475443601035,83.59306335449219,57908400
2024-11-13,84.38601472965507,84.40445966947657,82.72632891457296,82.80009460449219,49009100
2024-11-14,83.50083865651231,83.93420324525253,83.23344333506233,83.27954864501953,53328300
2024-11-15,82.91073430939127,83.58383390463334,82.53269746743696,83.05826568603516,73722400
2024-11-18,82.67101160065206,83.52851140154182,82.44971452169632,83.20579528808594,36010600
2024-11-19,83.74056947710493,83.97108194616045,83.55616231573342,83.62992095947266,29585100
2024-11-20,83.12280623672035,83.74980049796628,83.08592339374319,83.36254119873047,27755400
2024-11-21,83.399422587299,83.76824400706565,82.9845028867387,83.2979965209961,28365700
2024-11-22,83.45474184778604,83.62992655240012,83.1228033073724,83.3440933227539,21547500
2024-11-25,85.01300135000066,85.54779200161136,84.81937170745529,85.50169372558594,56858000
2024-11-26,84.97612438840596,85.2342972416251,84.65340128719939,85.16975402832031,31122200
2024-11-27,85.78751754725289,86.1010111147054,85.44635657559989,85.75985717773438,39442200
2024-11-29,86.46983543474929,86.6634650627314,86.15634185649697,86.64502716064453,31905700
2024-12-02,86.29805486325223,87.11227929115167,86.0482404968445,86.85321044921875,39406000
2024-12-03,86.90873747980339,87.00126107298486,86.03900017388274,86.10376739501953,32768900
2024-12-04,85.68740488257912,87.1493016077765,85.62263766356898,87.02901458740234,35851100
2024-12-05,86.71445249301685,87.33436845156021,86.65893973825149,87.204833984375,23695800
2024-12-06,87.63968479288414,87.75996475663693,86.9920055303521,87.3343505859375,31761500
2024-12-09,86.96424177967998,87.01050710132719,86.48311490639509,86.52937316894531,30509600
2024-12-10,86.06674125404074,86.32581715165433,85.96497026099162,86.12226104736328,28706500
2024-12-11,86.11299134483053,86.31654741312731,85.22475245879521,85.30802154541016,38748400
2024-12-12,84.78991204905346,84.89169011691871,84.197752595527,84.27177429199219,45368400
2024-12-13,84.01270697129605,84.05896523812143,83.34652580895153,83.41129302978516,39486000
2024-12-16,83.78139695165467,83.84616417441457,83.31877191505603,83.6611099243164,23482300
2024-12-17,83.75362962551395,84.1884982691522,83.69811688261461,83.86466217041016,23839900
2024-12-18,83.56835029671788,83.93989044543778,82.79740572826839,82.81598663330078,61328400
2024-12-19,81.8035520612588,82.10078280709561,81.28340002767939,81.56204986572266,99083300
2024-12-20,82.23081381873068,82.58378017137532,82.00789254995573,82.0264663696289,45542400
2024-12-23,81.88714359406116,81.95216259160544,81.21837271272604,81.27410125732422,32764600
2024-12-24,80.84685305190408,81.63637167562634,80.79112449317154,81.6177978515625,22377600
2024-12-26,81.0047376604134,81.70137283852483,80.99544720714086,81.57133483886719,19981800
2024-12-27,81.25553136606445,81.53418118906521,80.86541027540005,80.9025650024414,27262300
2024-12-30,81.58063679918108,81.77569382618056,81.43201787201548,81.55277252197266,48519600
2024-12-31,81.85925349509563,81.99858191123371,81.05116143726245,81.11618041992188,31917300
2025-01-02,81.55277215150353,81.85000291794401,81.0047487182455,81.3391342163086,27841300
2025-01-03,81.47846028110057,81.62707211666006,80.9768820488243,81.07905578613281,21962200
2025-01-06,80.85612532704499,81.02331805219109,80.50315897032576,80.716796875,30231500
2025-01-07,80.43815006702299,80.59605235877451,79.68578625270311,79.80653381347656,41757200
2025-01-08,79.38855461020056,80.06660895503786,79.26779996422714,79.90870666503906,44590800
2025-01-10,79.21206447251957,79.74150693525438,79.10060737712675,79.37925720214844,47115800
2025-01-13,79.44427793034673,79.56503256836689,78.98914491233943,79.35139465332031,33258900
2025-01-14,79.16563070218947,79.28637825763995,78.84981904606819,79.22135925292969,33412900
2025-01-15,80.53100296771697,80.7910859864369,80.25235322032354,80.58673858642578,54120700
2025-01-16,80.47529970505805,81.18122537588555,80.14091423395766,80.84683990478516,34651100
2025-01-17,81.20908154127996,81.25552671906036,80.84683183151833,80.98616027832031,29875600
2025-01-21,81.63634576664856,81.89642174024803,81.39484361121815,81.71065521240234,30548600
2025-01-22,81.61777930937389,81.71995303486543,81.10691068191618,81.28339385986328,25278400
2025-01-23,80.4752959936021,80.80039099591774,80.37312226622582,80.65177917480469,31949000
2025-01-24,80.54960699103795,81.06975900471087,80.43814280816245,81.01403045654297,21110400
2025-01-27,81.88717893657483,82.13796458204499,81.59923146328119,81.97077178955078,42864200
2025-01-28,81.58991406708331,81.92429954166481,81.42272841633253,81.9150161743164,25519100
2025-01-29,82.13793965782007,82.31442285371746,81.39485923076381,81.7478256225586,25342800
2025-01-30,82.11937027317666,82.39802013347371,81.89644188109038,82.0543441772461,25094900
2025-01-31,82.09149031076312,82.35157340762193,81.20908854910361,81.51560974121094,48790100
2025-02-03,82.5708195560893,83.05554012615997,81.84373514507146,82.17931365966797,70657200
2025-02-04,81.6106855068676,82.44962458492411,81.54543453164491,82.43098449707031,33414000
2025-02-05,83.38180850543948,84.06228924543755,83.32588111458276,83.79196166992188,48331200
2025-02-06,83.76395464007476,84.03428207573931,83.47498712104283,83.75463104248047,22509900
2025-02-07,83.18603319928386,83.3817861265691,82.90638920822906,83.21399688720703,31171200
2025-02-10,83.20469754417964,83.45637789917221,82.82250809894805,82.96233367919922,22736100
2025-02-11,82.52419915998516,82.66402471026888,82.38437360970143,82.43098449707031,21513000
2025-02-12,81.36832819772577,81.65729580940629,80.9674987145124,81.3124008178711,48536200
2025-02-13,82.11404575410761,82.85977727784942,82.09540566633436,82.66402435302734,42718100
2025-02-14,83.31654299886685,83.59619412808654,83.07418627282166,83.1021499633789,27460700
2025-02-18,82.53353568359731,82.81317971613079,82.0674551842175,82.12338256835938,29429200
2025-02-19,81.98354256374795,82.44962298107869,81.92761518945154,82.22590637207031,20584300
2025-02-20,82.44962538385795,82.7386000870639,82.44962538385795,82.53352355957031,27913400
2025-02-21,82.84112500075621,83.82921307927647,82.79451412044713,83.53092193603516,46912300
2025-02-24,83.2699248627834,83.9503982551079,83.20467389212459,83.7732925415039,26218000
2025-02-25,84.79867771998966,85.2927218562379,84.64021207474461,85.21814727783203,50125100
2025-02-26,85.21814412295082,85.81472650446511,85.01306759583848,85.72151184082031,32220200
2025-02-27,85.11560821533203,85.56304856976405,84.95714257156736,85.11560821533203,53373600
2025-02-28,85.61898997135127,86.20625597722521,85.26477133694704,86.1596450805664,49388600
2025-03-03,85.477023121807,86.692642138587,85.43961847193889,86.56172943115234,42904200
2025-03-04,86.44018310535427,86.76746492481114,85.34611654572898,85.49573516845703,56722000
2025-03-05,85.61727718758885,85.84170507512371,84.7289399856032,84.81309509277344,50215900
2025-03-06,84.60740208860925,84.90663221508724,83.90608081084434,84.5325927734375,42827500
2025-03-07,85.22454487872879,85.24325077106509,84.14918436403468,84.26139831542969,36903600
2025-03-10,85.16842492882915,85.68272272086955,85.00946054588246,85.14037322998047,41440800
2025-03-11,85.06559665917047,85.55184293936885,84.28946606623383,84.5325927734375,40555700
2025-03-12,84.15853110807912,84.51386455999868,83.95280911278624,84.02761840820312,32734600
2025-03-13,83.7657835071531,84.8224379317869,83.57876028982437,84.7663345336914,38675400
2025-03-14,84.16788579369813,84.54192514430858,84.02762014544331,84.31749725341797,24658000
2025-03-17,84.90662150899195,85.26195500993936,84.51387622096706,84.7383041381836,26700300
2025-03-18,84.28945255953981,85.11233349194214,84.27075380084767,84.82245635986328,23654700
2025-03-19,84.79440021273928,85.29935228146857,84.5138689075983,85.26194763183594,31378700
2025-03-20,86.21573671135972,86.25314135903292,85.24324440868489,85.31804656982422,35645800
2025-03-21,85.40220937979352,85.50507037802855,84.7382929311356,84.81309509277344,29192100
2025-03-24,84.34555727962258,84.40166782498596,83.87800982877278,83.94346618652344,27985600
2025-03-25,83.75643463787837,84.23333494751222,83.70033123705319,83.9341049194336,22333800
2025-03-26,83.58810721104078,83.78447622443126,83.30757597236537,83.38238525390625,25095600
2025-03-27,83.08317931145658,83.25149667654232,82.87745729477312,83.13928985595703,23674500
2025-03-28,84.0463097188705,84.47645242809845,83.98085337473161,84.28943634033203,39869400
2025-03-31,85.30871210601659,85.41156598304028,84.49517696287697,85.12168884277344,38824300
2025-04-01,85.63408659116993,86.25347081858432,85.59654750224944,85.85931396484375,39800100
2025-04-02,86.68514430879777,86.68514430879777,85.08038612975886,85.80299377441406,43488400
2025-04-03,86.8259070746589,87.02298904704193,86.18775699413405,86.1971435546875,57467400
2025-04-04,87.88637993047041,88.29929558007893,87.10745996166614,87.13561248779297,92794200
2025-04-07,86.22531076138058,86.51623690930158,84.27332826484927,84.50794219970703,124987600
2025-04-08,83.78532359505284,84.64870111908809,82.79056284604913,82.91255950927734,73861900
2025-04-09,81.89902366277667,83.43809755788712,80.60395740793885,83.40055847167969,131353500
2025-04-10,82.34009476019199,82.75301752748403,81.03564201062653,81.10133361816406,78592000
2025-04-11,80.58517510073125,81.92716673111205,79.76871625097047,81.54239654541016,94814100
2025-04-14,82.02102162959456,82.3119405771304,81.4767156582033,82.12425231933594,37596400
2025-04-15,81.78641281305953,82.7624075659457,81.68318211689908,82.41517639160156,22553900
2025-04-16,82.39641562292087,83.05333176731028,82.08672351491629,82.8750228881836,35607300
2025-04-17,82.62163500874617,82.77178418730533,81.8614882351413,82.14302062988281,31758400
2025-04-21,81.27024809891145,81.71132334702186,80.68841024808286,80.7071762084961,39343200
2025-04-22,81.47672531663741,81.66441359668086,81.0825756326368,81.15765380859375,32552100
2025-04-23,83.40991870740869,83.57884097660289,81.80516072998738,81.94593048095703,44082200
2025-04-24,82.61225895193755,82.91256450708855,82.35887904846761,82.80933380126953,24190800
2025-04-25,83.4287057137517,83.6257805339757,83.14716616494702,83.41931915283203,22513900
2025-04-28,83.20347351406143,84.01992527021231,83.1565478720503,83.9448471069336,20130500
2025-04-29,83.8228433937352,84.65806820020532,83.80407743442169,84.648681640625,22129500
2025-04-30,84.25453433370934,84.50792133029677,83.8322322191934,83.96361541748047,42630600
2025-05-01,84.07478294038619,84.09361795478354,83.17055133923941,83.53789520263672,29932800
2025-05-02,82.61479428020354,82.9538819175925,82.45467155871196,82.63363647460938,32090400
2025-05-05,82.27572204127917,82.33224144888307,81.78593268793412,82.17211151123047,22862800
2025-05-06,81.75767740221829,82.44526672363281,81.60696856201109,82.44526672363281,21095200
2025-05-07,82.81262010932095,83.08577452411942,82.71843066640275,82.79378509521484,23161600
2025-05-08,82.90681053706888,82.9444877519225,81.84245616568171,81.87071228027344,25483700
2025-05-09,81.94605049791329,82.23803987251965,81.87069608311405,81.99314880371094,17007900
2025-05-12,81.36207600192864,81.73884094270501,81.18311822435986,81.23020935058594,32115000
2025-05-13,81.12659165353712,81.27730049102641,80.53319177485709,80.9005355834961,53912200
2025-05-14,80.76867614445166,80.88170778264558,80.2506234521381,80.36365509033203,42119800
2025-05-15,80.65564147986409,81.3055607992539,80.51436092016479,81.07008361816406,59448000
2025-05-16,81.82360024513223,81.84243525464964,81.19251604032095,81.28671264648438,31778200
2025-05-19,79.97748635483109,81.11719523592909,79.90213191983425,81.05126190185547,49361900
2025-05-20,80.46725463867188,80.6273773812654,80.11874585815136,80.46725463867188,35493100
2025-05-21,79.76083351508227,80.11875625429849,78.89427918675237,79.09207916259766,77053100
2025-05-22,78.66821771143209,79.5253581458955,78.46100381737332,79.50652313232422,61747900
2025-05-23,79.8455958316989,79.89269414028816,79.4123187002109,79.63838195800781,47139200
2025-05-27,80.39190226526473,81.03240043809853,80.20352340874592,80.74983215332031,56773400
2025-05-28,80.44841208335119,80.57085760687612,80.03397002497162,80.40131378173828,34806800
2025-05-29,80.78750163290384,81.24904204480175,80.66505609560853,81.14543151855469,38933200
2025-05-30,81.08891834420348,81.44684825735902,80.89111837513012,81.26788330078125,49042100
2025-06-02,80.6344599069231,80.80463492433582,80.16175232665947,80.51155853271484,46213100
2025-06-03,80.77627214728257,81.05989236249,80.25629093331793,80.36974334716797,33731300
2025-06-04,81.10717550795049,81.92023320344357,80.97481794942333,81.67442321777344,57441500
2025-06-05,81.94858115401328,82.18493492900606,81.51369107357995,81.73113250732422,37664700
2025-06-06,81.10718532661755,81.23954290116765,80.6250214690726,80.69120025634766,38130100
2025-06-09,80.39810052487377,80.96534813914738,80.39810052487377,80.7762680053711,26560800
2025-06-10,81.40023030871708,81.47586524005716,80.85188787591763,81.1922378540039,24857000
2025-06-11,81.12607582876176,81.68387454628953,81.03153575155491,81.43806457519531,36334800
2025-06-12,82.14710442608646,82.440180752436,81.87293322504117,82.41181945800781,43017800
2025-06-13,81.99585853989176,82.13766504100954,81.09770982612346,81.61769104003906,49374000
2025-06-16,81.3813259194032,81.71221973083277,80.795166015625,80.795166015625,36496600
2025-06-17,81.30569669690436,81.92967411051262,81.06934292743661,81.77840423583984,34521600
2025-06-18,82.13767615327039,82.33621249464004,81.63660721367852,81.92023468017578,38589000
2025-06-20,81.43804996927022,82.05257118031855,81.25841880573222,81.7689437866211,26001900
2025-06-23,82.18491547227957,82.66707907874039,82.03364562988281,82.03364562988281,36851800
2025-06-24,81.75002867401234,82.80888876019573,81.71221121194245,82.62926483154297,32959100
2025-06-25,82.35510129489256,82.73326873779297,82.06202495279318,82.73326873779297,26345300
2025-06-26,82.80891143572585,83.14926147460938,82.44020009575956,83.14926147460938,30467500
2025-06-27,82.78999463656854,83.34779326003913,82.47800594274318,82.61981964111328,74993500
2025-06-30,83.06417289709081,83.61251539698466,82.82781911744121,83.4328842163086,53695200
2025-07-01,83.63026380096265,83.80107366678868,83.18426710005643,83.63975524902344,38960600
2025-07-02,82.73826581328079,83.11783686964422,82.65285725770134,83.10835266113281,39382200
2025-07-03,82.71926546861911,82.83314110542071,82.41560434366716,82.52947998046875,26729100
2025-07-07,82.12143766605918,82.14041331962673,81.53309104752931,81.74185943603516,38314700
2025-07-08,81.20096922439845,81.6469731369128,81.0776093668351,81.63748168945312,31407000
2025-07-09,81.78931629350008,82.49153137207031,81.7798248459935,82.49153137207031,29821900
2025-07-10,82.39663495996089,82.61488756395437,82.07399091773406,82.5484619140625,24525500
2025-07-11,81.82727343818044,81.86522474784854,81.26739388255972,81.40973663330078,40764800
2025-07-14,81.17249647125317,81.4951332638915,80.96372808079182,81.23892211914062,24609500
2025-07-15,81.5046296662223,81.52361256097439,80.56517909187974,80.66956329345703,40455000
2025-07-16,80.92576711576274,81.28636968482378,79.89142388100903,80.7834243774414,65987700
2025-07-17,80.86884954560814,81.12506073538988,80.6505896699872,80.76446533203125,31875500
2025-07-18,81.06813397978938,81.09660108795491,80.75498131025935,80.88783264160156,27534900
2025-07-21,81.8177848281366,82.09297889181843,81.57105786761954,81.60901641845703,40019500
2025-07-22,81.77031930281974,82.33968297756296,81.713385107301,82.10244750976562,35190300
2025-07-23,81.65647173393526,81.79880725902724,81.40974475735285,81.64698028564453,31008500
2025-07-24,81.1819942247777,81.83675930771956,81.14403567448562,81.50463104248047,25164800
2025-07-25,81.41921331054527,82.02653551300453,81.34329622527494,82.01704406738281,27196200
2025-07-28,81.5995175111363,81.7987944549257,81.44769056151932,81.48564910888672,26812500
2025-07-29,81.82726716686807,82.8805860659774,81.79879282701971,82.86161041259766,47828300
2025-07-30,82.33970845111284,82.5200097791715,82.14043146529471,82.43460845947266,40670900
2025-07-31,82.68130971712678,82.94701954530983,82.40611568211233,82.4820327758789,49814100
2025-08-01,83.40697773814537,83.75943104682173,83.3688740884889,83.65464782714844,63434500
2025-08-04,83.7879995229687,83.9689900258747,83.49270534877675,83.88325500488281,36425200
2025-08-05,83.68322822987402,84.2547684702787,83.6165486562856,84.14046478271484,28586100
2025-08-06,83.67369601821264,83.87374199579115,82.79733387869788,83.65464782714844,42589300
2025-08-07,83.74989924509967,84.06424888883397,83.43554960136537,83.51175689697266,29213100
2025-08-08,83.21646747342258,83.24504339402881,83.01642876165091,83.14978790283203,21596300
2025-08-11,83.38794304480213,83.5117744755838,83.14027291570955,83.24505615234375,20100900
2025-08-12,82.77828836262242,82.84496793479398,82.44489050176455,82.82591247558594,41052300
2025-08-13,83.29267000651133,83.64511603052156,83.2831422776785,83.51175689697266,30817500
2025-08-14,83.3593730087521,83.3593730087521,82.76877720304836,82.89260864257812,33397400
2025-08-15,82.54967969744547,82.66398339085065,82.15912269823423,82.30200958251953,36343600
2025-08-18,82.39726354035959,82.43536719329094,81.91145104989567,82.0638656616211,26777500
2025-08-19,82.34962761986418,82.63540136733891,82.34962761986418,82.54014587402344,28780600
2025-08-20,82.48298039304045,82.84496141421953,82.45440447400583,82.72112274169922,25912500
2025-08-21,82.45441067280909,82.56872162506902,82.02575732000885,82.31153106689453,28643900
2025-08-22,82.71160665499498,83.15931545695727,82.60682343464092,82.92117309570312,49871900
2025-08-25,82.61634960561243,82.92117153156677,82.54014230724184,82.68302917480469,27011900
2025-08-26,82.40678423420682,82.67350251442399,82.13053822468817,82.6353988647461,30259300
2025-08-27,82.02575748908589,82.54967360361347,81.92097426618037,82.54014587402344,38142800
2025-08-28,82.66397411907724,83.12121064399979,82.54967043849261,83.0831069946289,32205900
2025-08-29,82.64493016926987,82.74018566382132,82.3401082261882,82.49251556396484,41686400
2025-09-02,81.8786392211914,82.0794384717558,81.73521639590182,81.8786392211914,48760600
2025-09-03,82.16551165380535,83.00695729938015,82.1272631296665,82.77747344970703,52499500
2025-09-04,83.20773991245828,83.4181031055043,82.78702082152485,83.4085464477539,40501600
2025-09-05,84.3551887162877,84.72810270016679,84.27869166955355,84.68029022216797,69668000
2025-09-08,85.26357265459116,85.82772928982853,85.21576746882685,85.80860137939453,54538700
2025-09-09,85.48348885231933,85.62691898147418,85.09144698564003,85.32093811035156,37126400
2025-09-10,85.48349985362005,86.12414624511236,85.28270056502515,85.80860137939453,40713600
2025-09-11,85.97115374991499,86.51618243866132,85.9615897953307,86.38230895996094,46694400
2025-09-12,85.89463827612236,86.03806838347634,85.56952954644284,86.0093765258789,32968600
2025-09-15,86.2006182375047,86.49703510661843,86.12412120832754,86.2101821899414,24820100
2025-09-16,86.14324163579883,86.53528343813372,86.0954364640329,86.39185333251953,26794200
2025-09-17,86.73609290602349,87.0516377165891,85.93289589202999,86.17194366455078,49121800
2025-09-18,85.3496174096253,85.55041665998559,85.00538803896225,85.28268432617188,55717900
2025-09-19,85.16793728788255,85.32093135891716,84.90020495873082,85.12012481689453,32509200
2025-09-22,84.92889350787823,85.01495450066264,84.66116116616527,84.81414794921875,24758200
2025-09-23,85.07232462024231,85.44523857126683,84.86196140783683,85.40699005126953,26689000
2025-09-24,85.17749630338365,85.25399333446643,84.81413905331964,85.08187866210938,28098000
2025-09-25,84.95756916281024,85.12968383516731,84.58465525522969,85.08187866210938,29882500
2025-09-26,85.09144768303614,85.55042264106146,84.80459471753485,85.0053939819336,30955100
2025-09-29,85.3783058091256,85.80858889419963,85.34962124280858,85.70340728759766,32286200
2025-09-30,85.7320997684637,86.09544976970331,85.30180938512166,85.45480346679688,38584000
2025-10-01,85.8290259222367,86.01133699015301,85.48359827805506,85.67550659179688,39408900
2025-10-02,85.69465976088057,86.05928175203812,85.57952213887354,85.9249496459961,23208300
2025-10-03,86.00172831960272,86.08808887945256,85.65630072130871,85.76184844970703,25884500
2025-10-06,85.1189633187041,85.55075143202191,85.0613944984825,85.08058166503906,28371000
2025-10-07,85.36845569105458,85.76185490058702,85.214929048908,85.56995391845703,29103300
2025-10-08,85.972945839811,85.99214032934378,85.52197050297742,85.63711547851562,22506200
2025-10-09,85.56035667318457,85.67550165479449,85.40683735159122,85.56995391845703,21578700
2025-10-10,86.33756825885136,87.04761064261487,86.26080494153831,86.95166015625,59389400
2025-10-13,86.62541736675043,86.91327613858482,86.2224209426244,86.90367889404297,28035500
2025-10-14,86.98044757628506,87.23951463047928,86.76935210665482,87.18194580078125,29800000
2025-10-15,87.27787979599043,87.6041201839143,86.80771736102103,86.99002838134766,31333900
2025-10-16,86.85568862490996,87.79602081202688,86.78852256301245,87.64249420166016,39631200
2025-10-17,87.55614998235703,87.59453163889778,87.22031963831601,87.50817108154297,40240400
2025-10-20,87.75764884141701,87.85359932320623,87.58493504597541,87.84400939941406,28429300
2025-10-21,88.26618248091836,88.45809074221482,88.18942649695141,88.2757797241211,24514300
2025-10-22,88.26619269555977,88.44850373475151,88.10307614499477,88.33335876464844,30496200
2025-10-23,87.90156508798988,88.0742788576204,87.59451919981913,87.72885131835938,28275100
2025-10-24,87.88238007677302,87.89197732071811,87.46979375431235,87.76724243164062,28266000
2025-10-27,87.62330399815963,88.0742792497891,87.40261133354575,88.06468200683594,30033600
2025-10-28,88.13186634887222,88.44850954704918,88.09348468964899,88.29498291015625,23564500
2025-10-29,88.16064730628965,88.17024455085738,87.33545996672889,87.40262603759766,39551600
2025-10-30,86.7309569472037,87.2874799495068,86.69257529319465,86.89407348632812,42649200
2025-10-31,86.8940767893437,86.99003458828983,86.54864921068393,86.635009765625,38247300
2025-11-03,86.30278137861484,86.4953755804845,86.11017982974731,86.4183349609375,40752300
2025-11-04,86.45685016648697,86.726484971985,86.41832985898762,86.61093139648438,26383800
2025-11-05,86.1968508770517,86.23537118616095,85.5901651923284,85.66720581054688,44643400
2025-11-06,86.24499001999152,86.52425673222072,86.2161016268294,86.43759155273438,33027400
2025-11-07,86.05239731048466,86.54352204365769,86.05239731048466,86.25462341308594,28530100
2025-11-10,86.17757506276887,86.35091275615244,86.08127797688837,86.23535919189453,24093500
2025-11-11,86.62056370319091,86.73612463601505,86.45685789193863,86.63019561767578,18942300
2025-11-12,86.62056570759022,86.97687308179434,86.55315699863249,86.7842788696289,23594900
2025-11-13,86.47612249785132,86.61093991385836,86.07166290283203,86.07166290283203,33825900
2025-11-14,86.46648861653209,86.51463349429771,85.5805435180664,85.5805435180664,38550500
2025-11-17,85.78277197779325,85.99463001733622,85.68647487263685,85.79239654541016,25605800
2025-11-18,86.04277841699377,86.13907552609031,85.51314064346352,85.76351165771484,31967400
2025-11-19,85.92722270799699,86.00425598517737,85.56128341664741,85.59017181396484,25782400
2025-11-20,85.69610133169205,86.11018550530235,85.69610133169205,85.9272232055664,32945000
2025-11-21,86.33167467489787,86.3509311573788,85.89832667559489,86.18722534179688,41938600
2025-11-24,86.62056821303743,86.73612915187817,86.45686239326189,86.67835235595703,30865700
2025-11-25,86.96723475379144,87.23686956973846,86.79389703682584,86.89982604980469,36503300
2025-11-26,86.81315800851621,87.28501892089844,86.50500289371594,87.28501892089844,34099000
2025-11-28,87.11167229170564,87.17908098657367,86.6205476022405,86.87092590332031,40704300
2025-12-01,85.8668360118519,86.00213488454916,85.73153713915464,85.78952026367188,47086600
2025-12-02,85.60588962632194,85.97312830618162,85.48991602430792,85.82816314697266,27605700
2025-12-03,85.934471961525,86.16641916966297,85.76051524203875,86.06977081298828,23278600
2025-12-04,85.92481023761941,85.94413548438692,85.50924738639333,85.60588836669922,25541500
2025-12-05,85.57689416867974,85.57689416867974,85.09368190883,85.20964813232422,32808100
2025-12-08,85.22898658903848,85.23864552616858,84.620134381058,84.92938995361328,32255200
2025-12-09,85.37393739995102,85.38360370952545,84.89072514650353,85.01636505126953,25771800
2025-12-10,85.04535857032175,85.54789608128704,84.91005972609132,85.3449478149414,46833500
2025-12-11,85.71220095207612,85.8474998075096,85.19999708890157,85.22898864746094,26778700
2025-12-12,84.44616671330988,84.56214030294655,84.26255107959369,84.40750885009766,47030100
2025-12-15,84.77477072705095,84.92939483559961,84.45584882579857,84.46551513671875,28611800
2025-12-16,84.26256200314889,84.968047821837,84.24322938241981,84.92938995361328,41018700
2025-12-17,84.68778351613328,85.03569695571677,84.6394667109455,84.85208129882812,24668300
2025-12-18,85.1709906760126,85.41259680709842,85.11300756398687,85.25797271728516,39048900
2025-12-19,84.99796707231695,85.14349640308546,84.80393289924511,84.93975830078125,37858100
2025-12-22,84.81362563905348,84.85243395232065,84.64869585911471,84.75541687011719,25547100
2025-12-23,84.47407045413208,84.96886724451558,84.43526213705007,84.89125061035156,33624100
2025-12-24,85.14350962844058,85.45396879473675,85.03678859609529,85.40545654296875,25942000
2025-12-26,85.47335954971977,85.54127225332599,84.98826669483834,85.12409210205078,26522700
2025-12-29,85.32783468758302,85.44425964355469,85.17260881488406,85.44425964355469,29399800
2025-12-30,85.12409933223722,85.41515803065954,85.0561866228627,85.24052429199219,25106800
2025-12-31,85.06587939731422,85.28902535709743,84.53227432082994,84.56138610839844,36500000
2026-01-02,84.79422831755072,84.80393224670843,84.42555302885012,84.43525695800781,40731300
2026-01-05,84.58078907045149,84.91064865337403,84.51287636797159,84.8524398803711,30178000
2026-01-06,84.55168918674588,84.73601944504816,84.30914275041094,84.67781066894531,39015200
2026-01-07,85.22111226795577,85.38604947003388,84.87185220961284,85.172607421875,39930900
2026-01-08,84.7263194524036,84.93976149195917,84.64870281948713,84.74571990966797,28204900
2026-01-09,84.69720402373271,85.37633096839167,84.52257032340204,85.30841827392578,57348800
2026-01-12,84.89124544581615,85.28902512025971,84.80393228914076,85.0561752319336,36103100
2026-01-13,85.25991470467075,85.28902649262683,84.93005512712817,85.20170593261719,30451400
2026-01-14,85.28902647738616,85.79351977292858,85.26961861875225,85.69650268554688,39233500
2026-01-15,85.99726420892326,86.01667206898615,85.6771011352539,85.6771011352539,37988900
2026-01-16,85.50246002643789,85.68679767148001,85.09498382343561,85.18230438232422,46382400
2026-01-20,84.04718149708773,84.43525724348666,83.95986834016081,84.06658935546875,66009500
2026-01-21,84.21211222845442,84.8718387261678,84.0374785260618,84.70690155029297,51220100
2026-01-22,84.66810080168611,85.14349711295537,84.54197932833083,85.0755844116211,42419300
2026-01-23,85.21140119639286,85.40543535145869,84.89123817879855,85.30841827392578,35968800
2026-01-26,85.7644317485393,85.85174492326112,85.57039013482847,85.7159194946289,38882400
2026-01-27,85.48305956997886,85.61888497097962,85.06587943778247,85.18230438232422,35180100
2026-01-28,84.90096045253777,85.08529071910185,84.68751839468764,84.98827362060547,38750300
2026-01-29,84.55167911122288,85.1240850798368,84.48376641321904,85.0076675415039,43855000
2026-01-30,84.77482640069876,84.94946012813061,84.53227996826172,84.53227996826172,45832200
2026-02-02,84.74847372906197,84.78743048233115,84.2907485961914,84.2907485961914,38171400
2026-02-03,84.23232114221797,84.5147520689329,84.1738897195328,84.49527740478516,27438200
2026-02-04,84.36866061712007,84.51474659461245,84.2030999767414,84.28101348876953,37872900
2026-02-05,84.66084126437059,85.19648742675781,84.48553955942951,85.19648742675781,50268900
2026-02-06,85.16725876816346,85.25491333007812,84.9237846065275,85.25491333007812,33461800
2026-02-09,84.92378884061755,85.29387434011048,84.75822818570866,85.23543548583984,24708900
2026-02-10,85.93662430170869,86.21905517578125,85.91714964119083,86.21905517578125,37253700
2026-02-11,85.74185498876814,86.17037185761684,85.64446681773192,85.7613296508789,37014000
2026-02-12,86.05351739460545,86.94950062103682,86.04377634664091,86.90081024169922,48454900
2026-02-13,87.29035142187335,87.46565311077572,87.18322219919737,87.37800598144531,56785200
2026-02-17,87.58252504859644,87.76756778769669,87.41696440321287,87.52409362792969,32356700
2026-02-18,87.34879731424094,87.51435796981899,87.13453885161421,87.1929702758789,35415400
2026-02-19,87.06635070680198,87.37799729718343,87.03713499992885,87.28060913085938,28658600
2026-02-20,87.35852670087951,87.39748345858342,86.60862954824395,87.07610321044922,49610800
2026-02-23,87.21245612685681,87.65070668820081,87.19297403110141,87.39749145507812,33614600
2026-02-24,87.60199695186407,87.69939255689543,87.41696164883568,87.55330657958984,24933900
2026-02-25,87.36826553282498,87.72860995976912,87.36826553282498,87.56304931640625,23625800
2026-02-26,87.70913310041142,87.96234831905711,87.6993994833327,87.91365051269531,29447100
2026-02-27,88.32269115205911,88.48825180227382,88.1863462130303,88.44929504394531,51272000
2026-03-02,87.92261595912261,87.9323819421572,87.31678953827782,87.56107330322266,55465500
2026-03-03,86.94549264616016,87.61971085913328,86.90640634389435,87.38520050048828,51850400
2026-03-04,87.22885423362881,87.39497287998152,87.06274304222589,87.11160278320312,47069500
2026-03-05,86.60348146535434,86.90639841654573,86.48623002420211,86.75982666015625,45768900
2026-03-06,86.30057198229501,86.90639842982112,86.00742846947126,86.43737030029297,58136900
2026-03-09,86.28104511294354,87.27771978263611,86.19309906432198,87.18978118896484,52478700
2026-03-10,86.76958897237809,86.9161532550249,86.2517011722158,86.261474609375,48651500
2026-03-11,85.74360550093883,85.8022312216805,85.0889267694927,85.14755249023438,54679900
2026-03-12,84.92281958899818,85.25504196210795,84.79578724814478,84.9814453125,48977000
2026-03-13,84.94235375656439,85.15732466937051,84.49287250931026,84.56127166748047,43460000
2026-03-16,85.18663715239936,85.34297488968994,84.97166624054437,85.21595001220703,37341500
2026-03-17,85.3625237598318,85.56772123822692,85.32343746085903,85.4504623413086,19578100
2026-03-18,85.36252761051534,85.4797865127232,84.94235919629091,84.97167205810547,37596600
2026-03-19,85.06937933869784,85.72406552083032,84.98144075815792,85.48954772949219,60307400
2026-03-20,84.82509616364908,84.87395590092726,83.7991087753504,83.86750793457031,78948500
2026-03-23,84.20949827537953,84.73715209301443,83.97498795252471,84.4146957397461,69686700
2026-03-24,83.76001830548519,84.31698498995446,83.60367311793998,84.04338836669922,51799400
2026-03-25,84.76647730527384,84.89350219555168,84.50265408548147,84.85441589355469,37861000
2026-03-26,84.36584255434265,84.62967321111374,83.96522103232451,84.14110565185547,39537000
2026-03-27,83.54505592246454,84.13133552566735,83.49619618263529,83.68185424804688,39928900
2026-03-30,84.64921223849831,84.96189517676726,84.51241391893997,84.79578399658203,36473200
2026-03-31,84.9423502906997,85.16709463263118,84.59058107590621,84.70783996582031,47112200
2026-04-01,84.64406817597843,85.06591536723876,84.59502070264885,84.62445068359375,31157600
2026-04-02,84.57540453966735,85.20326914771147,84.51654457164338,85.1444091796875,33310600
2026-04-06,84.85990741357895,85.2032697038542,84.75199248167293,85.00706481933594,14660300
2026-04-07,84.87951837608124,85.03648825940522,84.28109127893256,84.99724578857422,22747200
2026-04-08,85.70359419816262,85.7134066869289,85.08554213113354,85.27193450927734,22244900
2026-04-09,85.04630156313313,85.47795377693777,84.75198677144881,85.05610656738281,18909100
2026-04-10,84.95800495253324,85.03648989570546,84.69312762524717,84.85009002685547,13247700
2026-04-13,84.80103616883994,85.15421090179903,84.61463631401831,85.10515594482422,12719700
2026-04-14,85.0561025032853,85.58586461216267,84.98743005313837,85.55643463134766,16606900
2026-04-15,85.37003953957534,85.419094500163,85.08554471932253,85.18364715576172,15119600
2026-04-16,85.2719380683291,85.320993029472,84.56558854239395,84.64407348632812,20001000
2026-04-17,85.39947277857398,85.55643517215813,85.24250290025408,85.4190902709961,29604100
2026-04-20,85.45833506125672,85.47795255421156,85.06591783953635,85.39947509765625,14623500
2026-04-21,85.32100616252507,85.43872611181018,84.88934638918,84.9285888671875,19798700
2026-04-22,85.39947946472336,85.5073943933333,85.06592218954637,85.09535217285156,13676800
2026-04-23,85.18364825452593,85.38966561912645,84.60483114801727,84.9089584350586,21106700
2026-04-24,84.82066574779188,85.17384053107862,84.61464837166406,85.06592559814453,22285700
2026-04-27,84.85009085060318,84.97763075568027,84.55578353795434,84.64407348632812,19250100
2026-04-28,84.48710103277723,84.73236083984375,84.31051367229993,84.73236083984375,14553600
2026-04-29,84.35956025476871,84.35956025476871,83.92790808849593,84.07505798339844,29020800
2026-04-30,84.26146698498339,84.27127947395478,83.77094732271908,83.99658966064453,28516200
2026-05-01,84.18859972761966,84.68093072017884,84.03105020406083,84.29691314697266,21281000
2026-05-04,84.04089315719138,84.05074187983129,83.45994623179882,83.65687561035156,27226000
2026-05-05,83.84397052550791,84.17875199846208,83.78488569728817,84.11967468261719,18226500
2026-05-06,84.73016593258106,84.84832056163181,84.60215506794316,84.75970458984375,22530700
2026-05-07,84.95663039500779,84.96647911780467,84.28705997993293,84.33629608154297,21178300
2026-05-08,84.74000714341884,84.95663397984478,84.671081105681,84.75970458984375,30797600
2026-05-11,84.56276455442031,84.60215193343616,84.17874699948385,84.24767303466797,17713700
2026-05-12,83.88334587510889,83.8931870847549,83.61748296719108,83.68640899658203,27680600
2026-05-13,83.63718831448395,83.7455017298153,83.29255062258903,83.49933624267578,26295100
2026-05-14,83.95228165196143,84.07043628042236,83.6076514649926,83.61749267578125,25247200
2026-05-15,82.5836015360249,82.68206622984373,82.30788987600774,82.37682342529297,50796000
2026-05-18,82.41620290324762,82.63282973604959,82.04203406355533,82.27835083007812,26166200
2026-05-19,81.68755812133125,81.95342106664303,81.50046993850998,81.74663543701172,35346600
2026-05-20,81.78601719260884,82.711601807269,81.766327259528,82.62298583984375,44498000
2026-05-21,82.33743462057967,82.96761766496546,82.05188175478385,82.92823028564453,24887000
2026-05-22,83.31225376895011,83.38117980957031,82.84946141948234,83.38117980957031,27987700
2026-05-26,84.03104025572841,84.0704276319551,83.59779414198265,83.79472351074219,22531200
2026-05-27,83.94243259792412,84.16890815553931,83.84396790380325,83.99166870117188,23589600
2026-05-28,84.05074267130016,84.53322491195966,83.96211919145492,84.42491149902344,25417300
2026-05-29,84.49383918558036,84.64153997996098,84.23783248852003,84.44461059570312,33118600
2026-06-01,83.95627201916278,84.55927893062525,83.82776519318273,84.49008178710938,26322400
2026-06-02,84.8162962677079,84.83606364698943,84.51973278502646,84.66801452636719,20319000
2026-06-03,84.31214942790987,84.45054372188514,84.12432536811912,84.33191680908203,15372000
2026-06-04,84.62846905103345,84.72732102757793,84.44064501625327,84.51972961425781,15866500
2026-06-05,84.01558068934911,84.37145386369237,83.94638354666697,84.08477783203125,26461200
2026-06-08,84.25284062724826,84.35169261799392,83.64983367919922,83.64983367919922,22922700
2026-06-09,83.99581462589082,84.20340605719086,83.80799057484282,84.14409637451172,22617700
2026-06-10,84.14409126353056,84.32202784268301,83.72890088422646,83.9068374633789,21258300
2026-06-11,84.19352135510593,85.05354949175162,84.06501452444896,84.9942398071289,35190500
2026-06-12,84.65813714649501,84.84596121068672,84.43077831903263,84.7866439819336,23092600
2026-06-15,84.97446705062256,85.12274880788287,84.68779099776556,84.73722076416016,17632700
2026-06-16,84.97446165065612,85.38964451106213,84.94480680947326,85.20182800292969,26472500
2026-06-17,85.34022521972656,85.59723888008408,84.9448097258923,85.34022521972656,34507500
2026-06-18,86.07174013163397,86.18047958244006,85.6565572514235,85.75540924072266,32350900
2026-06-22,85.31057292343714,85.34022776652313,84.98435456564432,85.10297393798828,28595100
2026-06-23,85.13263100619812,85.43907442151294,85.1128560840935,85.21170806884766,19145500
2026-06-24,86.15082264186054,86.46715352506844,86.12116779998529,86.37818145751953,41837000
2026-06-25,86.5759000064239,86.78349145833796,86.28922394180243,86.3485336303711,28380000
2026-06-26,86.01243557155901,86.36830878777967,86.00254810946294,86.3584213256836,21650800
2026-06-29,86.35841553878625,86.53635213497299,86.29910585403175,86.44738006591797,19457200
2026-06-30,86.15081775297436,86.18047259316675,85.3896416590635,85.42918395996094,31079500
2026-07-01,84.81204957418407,85.11962476457738,84.76243725389864,84.85173034667969,28109800
2026-07-02,84.71282313170154,85.1096989762113,84.70290672367722,84.84181213378906,20816300
2026-07-06,84.7624395814691,84.81205190311688,84.51439311278516,84.78227996826172,17940900
2026-07-07,84.45486603037747,84.50447078321558,83.87939639505649,83.88932037353516,24816400
2026-07-08,83.65119333964915,83.79009876427303,83.40314685713825,83.7008056640625,25806600
2026-07-09,83.62143006834253,84.01830595951459,83.60158968018403,83.82978820800781,18625300
2026-07-10,83.84963249719051,83.96868996048829,83.62142640957364,83.80994415283203,14454100
2026-07-13,83.53213250981837,83.62142560643409,83.27416205885474,83.31385040283203,18742500
2026-07-14,83.52221360207407,83.83971280339047,83.38330817460928,83.4229965209961,23793500
2026-07-15,83.42299551914508,83.75041869557056,83.42299551914508,83.58174133300781,17837800
2026-07-16,83.18485993751105,83.56189541381202,83.13525518574025,83.55197143554688,20817800
2026-07-17,83.95877512371707,84.15720927944716,83.82978610969249,83.85955047607422,22065600
2026-07-20,83.65119044156344,83.6809548072691,83.16502147222315,83.2344741821289,24289000
2026-07-21,83.0856481135025,83.11541248040098,82.77807289584766,83.00627899169922,14287500
2026-07-22,82.9566641719693,83.0459572699791,82.72845808298138,82.78799438476562,15988400
2026-07-23,82.34150206832763,82.59947251042036,82.31173770381257,82.52009582519531,29152800
2026-07-24,82.65900077459378,83.00627187805603,82.57963165959242,82.59947204589844,15106000
2026-07-27,83.07572540939549,83.21463082424823,82.867359717339,83.09556579589844,23816200
2026-07-28,83.20471340152808,83.68095841289427,83.19478942260605,83.58174133300781,25366900
2026-07-29,83.44283092068702,83.4924432425544,82.05376917595268,82.20259857177734,41445200
2026-07-30,82.16290865689697,82.25220932059493,81.87517384907947,82.15299224853516,40407300
2026-07-31,81.80571868405663,81.80571868405663,81.25009704139197,81.60728454589844,50359800
2026-08-03,81.92606342512069,82.03564413055058,81.69694565941883,81.87625885009766,32050800
2026-08-04,82.334503605333,82.52377315458612,82.25480716339956,82.50385284423828,38408600
2026-08-05,82.63335432734968,82.83259543330487,82.48393299822213,82.68316650390625,29465800
2026-08-06,82.45403988011925,82.6034688072489,82.08545714017319,82.20499420166016,27566600
2026-08-07,82.48393238837689,82.53373696429415,82.16515422147654,82.44408416748047,96130000
2026-08-10,82.08545594785514,82.13526052266096,81.71686561299202,81.74674987792969,36743600
2026-08-11,81.95594769018868,82.14522483598046,81.80652636484872,81.87625885009766,23268500
2026-08-12,82.13526066506606,82.16515253032638,81.73679366484527,81.79656219482422,21444600
2026-08-13,82.27472686767578,82.68316542937262,82.17511011612832,82.27472686767578,26921500
2026-08-14,81.916106673684,82.04560768844193,81.50766811900989,81.7268295288086,31374800
2026-08-17,81.45786179744361,81.54752219892728,80.99961863505868,81.03946685791016,31557700
2026-08-18,80.94981485756045,81.43794229184535,80.86015445518974,81.3482894897461,25037100
2026-08-19,82.4938893918799,82.74293507423701,82.29465588610266,82.70308685302734,51309500
2026-08-20,82.04560845230715,82.45403941051302,81.83641099562549,82.02568054199219,39569900
2026-08-21,81.85633057780964,81.95594732768596,81.58736459311652,81.7367935180664,24269100
2026-08-24,82.1751100432484,82.56362069412862,82.13526182261056,82.24484252929688,29038500
2026-08-25,82.79274842120893,83.16133877240557,82.6532834451391,83.15137481689453,35015100
2026-08-26,82.95213328010546,82.98202514648438,82.75289977253955,82.98202514648438,20658800
2026-08-27,82.88240033396916,83.0318292639526,82.68316682750529,82.81266784667969,17361900
2026-08-28,82.72301440514374,83.28087429911845,82.46400476853933,82.5636215209961,35804300
2026-08-31,82.1551896261309,82.21495815687439,81.83641146171409,82.20499420166016,37317400
2026-09-01,81.88999938964844,82.3499984741211,81.77999877929688,81.87000274658203,25623900
2026-09-02,81.9800033569336,82.05000305175781,81.75,81.94999694824219,21454300
2026-09-03,82.36000061035156,82.43000030517578,82.05999755859375,82.06999969482422,18033000
2026-09-04,82.29000091552734,82.5,82.18000030517578,82.20999908447266,16591900
2026-09-08,82.44000244140625,82.45999908447266,81.93000030517578,82.19999694824219,16094300
2026-09-09,82.19000244140625,82.30999755859375,81.36000061035156,81.7300033569336,40660600
