datetime,open,high,low,close,volume
2019-01-02,4.1399181240213,4.55057715759442,4.133966635954618,4.472016334533691,271665600
2019-01-03,4.282755228074724,4.333938832257473,4.003031259785196,4.038740634918213,330510400
2019-01-04,4.231572799706888,4.613664082532515,4.186340669799565,4.5553388595581055,272964000
2019-01-07,4.579144967418421,4.779118055502625,4.538674212590203,4.700557231903076,213106400
2019-01-08,4.843394292769795,4.893387786974319,4.63032813315228,4.836252689361572,211622400
2019-01-09,4.894577446274701,5.019560489023205,4.83268098278406,4.950522422790527,178098400
2019-01-10,4.837442683044667,5.002896484173514,4.756501183287199,4.998135566711426,175131200
2019-01-11,4.908860775783083,4.955283002468494,4.8576771786506345,4.9386186599731445,120804800
2019-01-14,4.812446432205982,4.8731523333775755,4.744598473338563,4.810065746307373,111383200
2019-01-15,4.873152075954537,5.108834518634033,4.863629786932522,5.076696395874023,145125600
2019-01-16,5.114786926630116,5.220724955803114,5.080267660879307,5.08383846282959,135892800
2019-01-17,5.035034471208086,5.269526769871577,5.006467153503807,5.202868938446045,142040000
2019-01-18,5.323092058101511,5.429030084788316,5.219534263279418,5.345707893371582,166908800
2019-01-22,5.238579093631878,5.246911721113045,4.918384340048319,5.050509452819824,181734400
2019-01-23,5.112405768115288,5.177873037546249,4.882674813112398,5.055270671844482,166093600
2019-01-24,5.096932736653887,5.168351510275687,5.0397976269425495,5.144545555114746,128115200
2019-01-25,5.268336471118967,5.376655168964498,5.215962749920576,5.327852249145508,139513600
2019-01-28,5.119547224567686,5.131450653076172,5.000515663899046,5.131450653076172,140359200
2019-01-29,5.140973227382039,5.143353913215978,4.931477868758802,4.986232280731201,122530400
2019-01-30,5.154066526526318,5.418316738583603,5.105263604432523,5.359991073608398,175824000
2019-01-31,5.45402570022306,5.680185831642204,5.4373613555211024,5.595673084259033,160575200
2019-02-01,5.515922149719608,5.6444759900403545,5.482593460390032,5.524254322052002,141561600
2019-02-04,5.531396595659432,5.732559763399624,5.515922366119616,5.7266082763671875,110976800
2019-02-05,5.757557335020082,5.9039661223439515,5.749225160836,5.877779483795166,128916800
2019-02-06,5.889682219161488,5.919440112621722,5.751605611668771,5.831357002258301,145420000
2019-02-07,5.674234716590819,5.717086154386372,5.462358667567696,5.5932936668396,209793600
2019-02-08,5.440932017619782,5.624240712791093,5.427838474526213,5.621860027313232,144722400
2019-02-11,5.686139179220927,5.726609938485006,5.565917017552859,5.608768463134766,121196800
2019-02-12,5.728988756299702,5.8789683128512245,5.700420983872616,5.851591110229492,128226400
2019-02-13,5.934914086692381,5.984907127581776,5.846830526083743,5.863494873046875,127609600
2019-02-14,5.796837020757156,5.945626469677672,5.739701926860001,5.884920120239258,153369600
2019-02-15,6.01228475303164,6.013475323080235,5.875398711956262,5.9551496505737305,142496000
2019-02-19,5.899205139427781,6.045613925141915,5.899205139427781,5.990859508514404,103572800
2019-02-20,6.005143324197959,6.074181404739186,5.8908731159486845,5.986098289489746,171065600
2019-02-21,5.936105026096752,5.986098527991079,5.824215499486723,5.918250560760498,128493600
2019-02-22,5.958720369683913,6.061087135236226,5.948007510559099,6.0468034744262695,119637600
2019-02-25,6.190831742334504,6.234873750067902,6.101558065030259,6.113461494445801,124102400
2019-02-26,6.065848058076884,6.189640986789316,6.037280738570542,6.132505893707275,105356800
2019-02-27,6.050374907786344,6.139648585090588,5.926581966281133,6.113461494445801,115844000
2019-02-28,6.059897034621153,6.139648420322097,6.022997085527357,6.075371265411377,92063200
2019-03-01,6.20392466866327,6.224160269615991,6.072990136642069,6.196783065795898,140156800
2019-03-04,6.305101351173639,6.347952781840849,5.993238363126426,6.197972774505615,213088000
2019-03-05,6.211067361748529,6.2705831467755795,6.120603114228546,6.2134480476379395,100348800
2019-03-06,6.228921766490635,6.234873253689887,6.077751630468919,6.106318950653076,123468800
2019-03-07,6.05632529338319,6.063466895663546,5.812310710635739,5.883729457855225,169306400
2019-03-08,5.6825659924504075,5.858732619427042,5.661140278649397,5.850400447845459,174936800
2019-03-11,5.919439624516814,6.226541277656791,5.919439624516814,6.2158284187316895,128468000
2019-03-12,6.264631432010295,6.364617965394266,6.219399309889848,6.317005157470703,151606400
2019-03-13,6.412230906720183,6.557449575529152,6.387234384601421,6.453892230987549,145129600
2019-03-14,6.465794234462696,6.489600637024684,6.415801197744947,6.425323486328125,95443200
2019-03-15,6.500313692296129,6.6586254340985285,6.482458776316672,6.5848259925842285,138845600
2019-03-18,6.59077670440733,6.7062374515986285,6.55149652957141,6.644340991973877,148994400
2019-03-19,6.730045476673756,6.81812858942876,6.628868363720203,6.711000442504883,164380800
2019-03-20,6.70980814900199,6.912233690818452,6.619312264900179,6.788396835327148,183522400
2019-03-21,6.725289388597705,7.132522094617373,6.7217173193039494,7.102753639221191,151957600
2019-03-22,7.00987444189152,7.067029811082799,6.613358926179993,6.638364315032959,267601600
2019-03-25,6.556203636956232,6.664560777537907,6.451418565045551,6.596688747406006,210369600
2019-03-26,6.750293300031283,6.868176557379353,6.5859717893685525,6.6871843338012695,175872000
2019-03-27,6.714571766017546,6.761010477115993,6.41212419343982,6.556203842163086,176810400
2019-03-28,6.605023524143554,6.671704558334593,6.481186668888085,6.597878932952881,128437600
2019-03-29,6.743150152340954,6.765774013271068,6.630029939229286,6.746722221374512,126980000
2019-04-01,6.94200258394399,7.037261534947494,6.8705584842489875,7.012256145477295,122364800
2019-04-02,7.036070669417607,7.111087288568406,6.9812968319178745,7.089653968811035,106728800
2019-04-03,7.208728231817716,7.345662834423488,7.145618806570214,7.2123003005981445,151384000
2019-04-04,7.21349151565784,7.296842817977263,7.076556454595023,7.2015838623046875,143620800
2019-04-05,7.270646221254837,7.323038528504904,7.237305249158895,7.309940338134766,104654400
2019-04-08,7.2730275188582025,7.381384652682321,7.187294242256974,7.367095470428467,103460000
2019-04-09,7.292080190555043,7.362333755336106,7.239687424408165,7.286126136779785,104121600
2019-04-10,7.318275584639339,7.408771926336395,7.290888665350374,7.404008865356445,99244000
2019-04-11,7.431396149769197,7.433777680376183,7.306368745400827,7.348044395446777,111770400
2019-04-12,7.442112527338562,7.454019725690103,7.350425646494091,7.438540458679199,95228000
2019-04-15,7.438539695197506,7.468308142251467,7.294460066241189,7.444493293762207,83369600
2019-04-16,7.519510474848624,7.567139721190181,7.452828984893857,7.517128944396973,94287200
2019-04-17,7.66358951563354,7.687403911239078,7.526654469749301,7.592144966125488,114422400
2019-04-18,7.630249304167292,7.63382137280517,7.486169661289421,7.615960121154785,91903200
2019-04-22,7.519511198271775,7.690976864981822,7.501649945281272,7.68026065826416,75756800
2019-04-23,7.740987103918979,8.001758078236243,7.707646589099303,7.971989631652832,104954400
2019-04-24,7.989850767793409,8.023191282139459,7.891019308509846,7.89459228515625,95075200
2019-04-25,8.069631828030134,8.079157951007236,7.862443649814169,7.98270845413208,119690400
2019-04-26,7.955319998861358,8.013666812837833,7.751703917259061,8.011284828186035,110516800
2019-04-29,8.00890381934018,8.093446105970559,7.970800240739714,8.05415153503418,83797600
2019-04-30,7.858871691100586,7.90769239069754,7.700503301112895,7.8695878982543945,127595200
2019-05-01,8.016046976577933,8.086300980433622,7.770755276099911,7.779090404510498,125916000
2019-05-02,7.781472648239808,7.898165371961628,7.5314178499341935,7.683832168579102,141288800
2019-05-03,7.875539922084061,8.067248785077911,7.833864279794282,8.045815467834473,108889600
2019-05-06,7.538562224439023,7.932696654612323,7.496886123100848,7.901737213134766,161715200
2019-05-07,7.645729513100756,7.742179012050794,7.220636032059439,7.442113399505615,237529600
2019-05-08,7.367095601502992,7.548087825197737,7.286125384212436,7.376621723175049,161237600
2019-05-09,7.139665334783429,7.333755766727682,6.93843076515065,7.25993013381958,220417600
2019-05-10,7.173005726493043,7.3861474777697484,6.815784335724536,7.280171871185303,227858400
2019-05-13,6.72528755571462,6.838407746236901,6.462134590746374,6.52762508392334,234920800
2019-05-14,6.622885177811084,6.856270190372417,6.552631611818284,6.732433319091797,140192000
2019-05-15,6.603832967208666,7.071793046633299,6.595497837385265,7.012256145477295,176160000
2019-05-16,7.025355158493983,7.3611432839683015,7.0027312969303095,7.231352806091309,174026400
2019-05-17,7.012256433070802,7.303987351546078,6.986060050134006,7.006302833557129,182510400
2019-05-20,6.713380903355655,6.790778600035366,6.578827383530582,6.65503454208374,184368800
2019-05-21,6.819356647698721,6.9110435291097705,6.755056686049854,6.85507869720459,114487200
2019-05-22,6.737196313477846,6.880084520516478,6.734814782796465,6.765773773193359,128912800
2019-05-23,6.53238855231919,6.534770082758179,6.324009408327683,6.4466552734375,207680800
2019-05-24,6.557394801665707,6.620503776779377,6.415697128667459,6.437130451202393,137225600
2019-05-28,6.494285665892301,6.597879752761345,6.362113664940141,6.368067264556885,116903200
2019-05-29,6.250184118260118,6.310911557918285,6.103722940872373,6.208508014678955,177921600
2019-05-30,6.254946455028565,6.33234460531487,6.17278569804395,6.2823333740234375,136428000
2019-05-31,6.057283748230283,6.121583705736338,5.970359933481938,5.979886054992676,140600800
2019-06-03,5.932257661604871,5.977505840279164,5.492875430398636,5.597660064697266,241812800
2019-06-04,5.763171730175549,6.0584746806315035,5.704825372075365,6.051330089569092,163869600
2019-06-05,6.226368961185071,6.229941029745354,5.997747034486729,6.184692859649658,152316800
2019-06-06,6.215652670052399,6.376402124029322,6.133491454447315,6.327581882476807,100302400
2019-06-07,6.429984614891459,6.777679861221636,6.408551296503385,6.6883745193481445,151548000
2019-06-10,6.830072983714103,7.122994411678417,6.830072983714103,6.93247652053833,183272000
2019-06-11,7.151571421305827,7.1884840025582735,6.888418021150642,6.958671569824219,137447200
2019-06-12,6.897946125171554,6.942003309446834,6.7991146408931495,6.840790748596191,110176000
2019-06-13,6.921760697698371,7.005112455486843,6.880084591688866,6.952719688415527,98559200
2019-06-14,6.843171358717392,6.918187524875178,6.786015989831723,6.862223148345947,77144800
2019-06-17,6.905090044253892,7.045596714073204,6.887228792089901,6.987250804901123,75050400
2019-06-18,7.233733293018967,7.440921903248336,7.181340984954648,7.289698123931885,141829600
2019-06-19,7.326610346933126,7.425441813275116,7.192057287723839,7.375430583953857,136979200
2019-06-20,7.679069571944692,7.683832633248009,7.4099629675346215,7.57785701751709,119355200
2019-06-21,7.538563293708291,7.685024029757061,7.495696648185618,7.543325901031494,104646400
2019-06-24,7.583809807049106,7.607624656791644,7.526654440205301,7.540943622589111,68938400
2019-06-25,7.523082753245941,7.534989951605826,7.11823164978284,7.155144691467285,139623200
2019-06-26,7.289698389000647,7.427823982765931,7.215872303851754,7.245640754699707,94115200
2019-06-27,7.324228286743164,7.381384103041634,7.269454454873442,7.324228286743164,75270400
2019-06-28,7.380194236137438,7.405199625686741,7.276600154982819,7.355188846588135,98932800
2019-07-01,7.775518831524847,7.805287278952644,7.54808745711524,7.6481099128723145,144820800
2019-07-02,7.639774761606239,7.740987300872803,7.577855882399244,7.740987300872803,81248800
2019-07-03,7.789808252153396,7.912454128265381,7.770756915393416,7.912454128265381,67127200
2019-07-05,7.750513631473403,7.905309943356749,7.657636207727815,7.861252307891846,116844800
2019-07-08,7.71479199109366,7.715982983521416,7.5992902540495715,7.69573974609375,105787200
2019-07-09,7.581429140854212,7.837438009865451,7.564758880403346,7.811241626739502,88595200
2019-07-10,7.95413149295166,8.107735920409171,7.906501783537472,8.042245864868164,154109600
2019-07-11,8.081538011197365,8.132739774428169,7.943411986310219,8.0208101272583,127849600
2019-07-12,8.043437167204985,8.157747929124767,8.02319392671306,8.155365943908691,89192800
2019-07-15,8.211329032698227,8.238716406066569,8.145838988622522,8.224427223205566,73394400
2019-07-16,8.198231987692447,8.2256193648875,8.030338380806352,8.107735633850098,111992000
2019-07-17,8.11130748637041,8.148220073222944,7.982707565872504,7.987470626831055,92508000
2019-07-18,7.8695879288463555,8.056534688893136,7.790999684029622,8.022003173828125,135568000
2019-07-19,8.180370215114959,8.180370215114959,7.8076695245378955,7.827911853790283,140779200
2019-07-22,7.887447177470667,8.064867769265412,7.885066101519587,8.01247501373291,95506400
2019-07-23,8.145838250741797,8.170843637137727,7.982706834584449,8.16727066040039,116049600
2019-07-24,8.077966801435792,8.341120719909668,8.073204648500935,8.341120719909668,109244800
2019-07-25,8.25657836868557,8.25776936127286,8.054153234982211,8.102973937988281,150075200
2019-07-26,8.251815608345494,8.381605628518042,8.242289485270142,8.343502044677734,111478400
2019-07-29,8.330402750392148,8.330402750392148,8.105353346163936,8.26610279083252,113275200
2019-07-30,8.075586699932568,8.24943437379773,8.056535360509862,8.155365943908691,111504000
2019-07-31,8.219664824707834,8.23395400872046,7.585001663972633,7.811241626739502,196340800
2019-08-01,7.854107855763487,8.287536421531039,7.5778566719944855,7.701693534851074,298384800
2019-08-02,7.525463738487731,7.552850656115479,7.215871607027483,7.349234580993652,246920000
2019-08-05,6.8991356059267845,6.8991356059267845,6.39188143268057,6.57763671875,302484800
2019-08-06,6.753865816135222,6.903898598382143,6.608595640486098,6.847933769226074,213540800
2019-08-07,6.621694125841537,6.981297058258876,6.465707283490185,6.947956085205078,307908800
2019-08-08,7.0539315278286105,7.409961905981867,6.988440579866558,7.407580375671387,219056000
2019-08-09,7.2944607544018325,7.373049443869141,7.021782098878146,7.188485145568848,221366400
2019-08-12,7.058694756131598,7.124185709863789,6.849125066880093,6.947956085205078,213311200
2019-08-13,6.934858260363327,7.548088053271197,6.906280348714126,7.404008865356445,239259200
2019-08-14,7.043215021484339,7.113468577362389,6.699091378950197,6.740767478942871,304930400
2019-08-15,6.7753005383532345,6.8253113247126755,6.557395229765623,6.712191104888916,208939200
2019-08-16,6.880084280130974,7.083700831084811,6.880084280130974,7.021782398223877,164405600
2019-08-19,7.319466256823248,7.411153132639373,7.259929359869698,7.3504252433776855,120044000
2019-08-20,7.312322265029341,7.388529426699423,7.193248461362209,7.199202060699463,125264000
2019-08-21,7.386147580536002,7.45282907126353,7.307558891642715,7.382575511932373,101481600
2019-08-22,7.425442215960136,7.476643986128143,7.136092846584841,7.311131477355957,152629600
2019-08-23,7.159907595641135,7.358760620123762,6.558585007030958,6.641936302185059,302350400
2019-08-26,6.845553143063975,6.913425174522115,6.722906816940774,6.911043643951416,146585600
2019-08-27,7.055122897527469,7.092035940345535,6.787206838127692,6.869367599487305,154579200
2019-08-28,6.800305188227121,6.974152837375047,6.697901641563663,6.9384307861328125,127824800
2019-08-29,7.194438966663577,7.3147037621869355,7.113469198431978,7.253975868225098,141523200
2019-08-30,7.373049644645934,7.374240637041937,7.080128199039415,7.202774524688721,136103200
2019-09-03,7.059885125981393,7.165860726522597,6.919378017286404,6.993203639984131,128785600
2019-09-04,7.189676317514996,7.307559127545169,7.134902023185003,7.287316799163818,100464800
2019-09-05,7.527845522233784,7.752894923810359,7.515937870105364,7.689785957336426,126744000
2019-09-06,7.721934968278136,7.735033157631905,7.6159593696601195,7.668352127075195,115038400
2019-09-09,7.73622533760133,7.748132536534405,7.498077725095633,7.619533061981201,112312800
2019-09-10,7.494504757172073,7.558804717747216,7.344471970060568,7.556423187255859,136765600
2019-09-11,7.59095615086733,7.77432994572323,7.540945363668767,7.760040760040283,111400800
2019-09-12,7.904119890374372,8.035101819902598,7.821959571851669,7.8564910888671875,139931200
2019-09-13,7.823148347723566,7.875541110773363,7.739797050563439,7.77313756942749,107610400
2019-09-16,7.619532547909006,7.713600503287012,7.59690823553984,7.665970802307129,97124000
2019-09-17,7.663590196488745,7.774328871968657,7.618342023203383,7.767184734344482,90796000
2019-09-18,7.723126560022546,7.771946344480867,7.471880775222644,7.762421131134033,142063200
2019-09-19,7.80290634650563,7.941032397255728,7.751704573687721,7.796953201293945,132770400
2019-09-20,7.830293220962143,7.852916624857893,7.470690296030045,7.551660060882568,123512800
2019-09-23,7.534989661989008,7.625486001275597,7.4659270965412805,7.558804512023926,89409600
2019-09-24,7.66239927308514,7.708837984982664,7.16109865631006,7.25993013381958,203765600
2019-09-25,7.2349232818684275,7.554041075465521,7.052740528488689,7.492122650146484,152304000
2019-09-26,7.469499413691459,7.484979134863977,7.2468315350489245,7.417107105255127,136214400
2019-09-27,7.448066278040532,7.4599739308648285,6.984869257592409,7.148000240325928,188492000
2019-09-30,7.215872762213537,7.373050156336407,7.177769179046207,7.338519096374512,117103200
2019-10-01,7.420679902692367,7.543325783288557,7.1229953736876,7.161098957061768,158454400
2019-10-02,7.017018484303554,7.017018484303554,6.670513773411539,6.794350624084473,270824000
2019-10-03,6.789588445653552,7.0217824572771805,6.5383426433148335,7.018209934234619,240521600
2019-10-04,7.109896706898636,7.344472245441991,7.095607977645234,7.313512802124023,168977600
2019-10-07,7.2468317471027115,7.421870383442443,7.2087281663557725,7.245640754699707,162530400
2019-10-08,7.101560634996738,7.201582634964176,6.906279695591372,6.915805816650391,235405600
2019-10-09,7.096798312598855,7.217063105210116,7.032498805684552,7.125376224517822,152269600
2019-10-10,7.126566241199838,7.367095354592071,7.106323914670869,7.281362533569336,176239200
2019-10-11,7.5278464100140345,7.739797646360599,7.518320287187856,7.554042339324951,222509600
2019-10-14,7.531418462195243,7.633822011196049,7.508794601879231,7.562377452850342,91493600
2019-10-15,7.630250300030458,7.900547460952691,7.6171521076747295,7.849345684051514,140721600
2019-10-16,7.765994496797529,7.848155721306014,7.714792719104886,7.790999889373779,117193600
2019-10-17,7.925553269485609,7.9612757793252715,7.756468660961685,7.844583034515381,121839200
2019-10-18,7.81362349335789,7.862443281521815,7.5004592557283525,7.619533061981201,154444000
2019-10-21,7.7433683049162045,7.837436706653539,7.6719242136549495,7.820766448974609,94176000
2019-10-22,7.90173776023084,7.945795395058533,7.6302496306053555,7.63977575302124,125023200
2019-10-23,7.5861912335776465,7.681450631243524,7.549278648501067,7.675496578216553,96905600
2019-10-24,7.843392990904273,7.9112650331812695,7.73622636929292,7.895784854888916,122484800
2019-10-25,7.774329704091576,8.095828650045547,7.7695666423453,8.075586318969727,129177600
2019-10-28,8.199422339800229,8.35540873468566,8.199422339800229,8.322068214416504,111596000
2019-10-29,8.281584869405751,8.317306471731001,8.124407457175572,8.13036060333252,107028000
2019-10-30,8.173225813714113,8.285155479905434,8.03390968140855,8.244669914245605,118984800
2019-10-31,8.307777657928519,8.325638907538824,8.11011564536758,8.250622749328613,123296000
2019-11-01,8.360170851012747,8.47686356722648,8.32206727380313,8.474481582641602,115052800
2019-11-04,8.645949001365215,8.68881564358249,8.58760309163766,8.625706672668457,99926400
2019-11-05,8.665001527217301,8.690007828994538,8.560216892112605,8.63642406463623,103229600
2019-11-06,8.614990303001404,8.618562372084956,8.460194889127113,8.581649780273438,115329600
2019-11-07,8.717391249144724,8.83527403595283,8.593554410003943,8.668571472167969,125719200
2019-11-08,8.617372637881369,8.77455004316656,8.553072666383633,8.770977973937988,81607200
2019-11-11,8.641185728786873,8.747161339325668,8.603082148688218,8.734063148498535,76092800
2019-11-12,8.754304938460038,8.897194036390518,8.7162013607041,8.805506706237793,128692000
2019-11-13,8.71977476106582,8.838848560892979,8.699531524664843,8.79240894317627,111758400
2019-11-14,8.715011453683761,8.807888869569538,8.634041235751882,8.790027618408203,106651200
2019-11-15,8.943632505972928,8.971018969138123,8.866234360206152,8.95553970336914,90586400
2019-11-18,8.943632968028124,9.047227498495133,8.832894300446487,9.001978874206543,96696000
2019-11-19,9.105573784384822,9.105573784384822,8.941251356208129,9.03889274597168,112120000
2019-11-20,8.972210102338563,9.053180317749872,8.670953552024129,8.880523681640625,150380000
2019-11-21,8.849564071608011,8.865043337323556,8.734062349495543,8.811460494995117,90659200
2019-11-22,8.878141332659105,8.896002582531343,8.688814446011744,8.835274696350098,83668000
2019-11-25,8.94482345219196,9.14724853226803,8.942441467648425,9.141294479370117,80078400
2019-11-26,9.157966138807701,9.22941023512419,9.121052644083086,9.196069717407227,83690400
2019-11-27,9.261559705110502,9.385396561933517,9.230600263789507,9.381824493408203,81556800
2019-11-29,9.312761667476586,9.355628307594165,9.24012657774741,9.256796836853027,53796000
2019-12-02,9.256796657713512,9.262750710905001,8.81503298304184,8.959112167358398,151815200
2019-12-03,8.609036054375157,8.767403517043249,8.467337942474291,8.757878303527832,156052000
2019-12-04,8.893623617484424,8.95077854048877,8.8519470550699,8.887669563293457,87659200
2019-12-05,8.980545534848158,8.981736527184996,8.807888892906716,8.934106826782227,89080800
2019-12-06,9.130578443090023,9.242508098721187,9.11390818482082,9.210357666015625,92941600
2019-12-09,9.179397882960492,9.303234731524155,9.087711465902299,9.097237586975098,77928800
2019-12-10,9.103191321566772,9.202022790068423,9.01150489856347,9.076995849609375,112048000
2019-12-11,9.130578835080467,9.243698579400887,9.092475256192023,9.213930130004883,90596000
2019-12-12,9.184163480605914,9.525905673695766,9.147250886827912,9.42469310760498,183164000
2019-12-13,9.402065933109728,9.611636048600102,9.342529040745715,9.509232521057129,160996000
2019-12-16,9.69498947555373,9.831924539923692,9.687845337599828,9.781913757324219,99388000
2019-12-17,9.831923152211386,9.858119532293017,9.764051125845775,9.795010566711426,84548800
2019-12-18,9.841449887925803,9.91646605591828,9.804536391661335,9.817634582519531,71408000
2019-12-19,9.84264054151251,10.023632314065095,9.84264054151251,10.017678260803223,83384800
2019-12-20,10.148661190001985,10.183191795333679,10.073644108553156,10.13675308227539,99548000
2019-12-23,10.242728593754872,10.261780839150715,10.189145743385927,10.211770057678223,72427200
2019-12-24,10.23809377205349,10.252388122443643,10.154712333418065,10.224990844726562,39898400
2019-12-26,10.2714497872116,10.495389212432851,10.2714497872116,10.49062442779541,64258400
2019-12-27,10.602593701405317,10.608549000108004,10.381036232776784,10.4596529006958,99750400
2019-12-30,10.450122711649358,10.465607576557753,10.10111026935316,10.25119686126709,112905600
2019-12-31,10.16066757564079,10.334578065996403,10.108255871307245,10.309563636779785,84380000
2020-01-02,10.566856184377128,10.820574760437012,10.508489179411045,10.820574760437012,131072000
2020-01-03,10.397712160912018,10.720518784135107,10.391755953627198,10.526358604431152,145180000
2020-01-06,10.276212219277781,10.730048122741486,10.23809485632339,10.72647476196289,128095200
2020-01-07,10.737194286668622,10.813429008618195,10.620460266278775,10.713371276855469,107699200
2020-01-08,10.715753817479676,11.111221800648925,10.664533525587743,10.959943771362305,159164800
2020-01-09,11.224382288301435,11.299425584078021,11.044515572506018,11.23629379272461,145423200
2020-01-10,11.362559229817167,11.372088798426761,11.093354823729094,11.144575119018555,137604000
2020-01-13,11.283940993296087,11.540041525378468,11.23391121944026,11.534086227416992,116558400
2020-01-14,11.504307104136542,11.572203681214608,11.34230809412755,11.399483680725098,145737600
2020-01-15,11.409012453332233,11.569820029021576,11.294660379313378,11.406630516052246,133003200
2020-01-16,11.567439983761004,11.731820946651924,11.498351977077567,11.724674224853516,121100800
2020-01-17,11.877141105212646,11.928361387498784,11.70442203476305,11.899773597717285,144402400
2020-01-21,11.796143061788696,11.972436422846135,11.787804917543454,11.893818855285645,138882400
2020-01-22,12.05820154032267,12.18446513579748,11.933128459257892,11.97481918334961,136148800
2020-01-23,11.950995307711267,12.101081903586095,11.788996298280718,12.085597038269043,143588800
2020-01-24,12.257123404081195,12.294049334832438,11.615083688948364,11.772317886352539,239374400
2020-01-27,10.988529590254947,11.238674797543508,10.741957743117878,11.044514656066895,198626400
2020-01-28,11.274410276245858,11.63414277109961,11.194602203142367,11.557908058166504,171862400
2020-01-29,11.748493985771526,11.7878027623649,11.45665808175517,11.599597930908203,137877600
2020-01-30,11.387571823168352,11.744922409097,11.274411167806761,11.730628967285156,200249600
2020-01-31,11.873569260071276,11.881907404354328,11.048089340890867,11.15410327911377,220384000
2020-02-03,11.329204610580293,11.752069826471915,11.30776353946036,11.666305541992188,173688000
2020-02-04,12.1499206690242,12.537050494262715,12.033185737238703,12.463197708129883,140248800
2020-02-05,12.931327407696477,12.93371025407233,12.375051830374538,12.607329368591309,174612000
2020-02-06,12.687138166342496,12.92894526871683,12.556109790189709,12.914650917053223,113132800
2020-02-07,12.7431199228341,12.961103049008074,12.640679367893604,12.747883796691895,154052000
2020-02-10,12.62400409883021,13.211250202702892,12.614474532769082,13.20767593383789,123248800
2020-02-11,13.424470041260834,13.563837461076542,13.112384443112271,13.217206954956055,193770400
2020-02-12,13.447101573999559,13.621012071767268,13.352999150294321,13.60433578491211,121608000
2020-02-13,13.316073832616496,13.71035034675053,13.26723548400232,13.551924705505371,155282400
2020-02-14,13.605526976609191,13.697246552753265,13.469733838074637,13.643644332885742,113969600
2020-02-18,13.450675425164386,13.749658994048202,13.411366643804104,13.667468070983887,130167200
2020-02-19,13.914038814520332,14.151081997909701,13.865201379093351,14.062934875488281,105627200
2020-02-20,13.972408077938052,14.053407579300776,13.149310136973492,13.662703514099121,227657600
2020-02-21,13.467350844982274,13.529292116248373,12.713341870974642,12.881296157836914,207107200
2020-02-24,11.46857133778608,11.861657346238902,11.152911471457548,11.397101402282715,269674400
2020-02-25,11.665113910852815,11.781848831265599,10.356019899197584,10.475136756896973,300793600
2020-02-26,10.634752327172155,11.16482286015835,10.381033761341374,10.619267463684082,335736000
2020-02-27,9.803319460830291,10.292889904006882,9.002853892168138,9.031441688537598,425116000
2020-02-28,8.14878380738876,9.223217350043743,8.040387042157061,9.1719970703125,494222400
2020-03-02,9.442394086332397,10.451314142147623,9.049308952226081,10.423917770385742,363518400
2020-03-03,10.526357480123735,10.89919293307451,9.157704073871484,9.44239330291748,548126400
2020-03-04,9.951021914497877,10.619267526206732,9.684200420764137,10.588296890258789,315827200
2020-03-05,9.796169008401494,10.334577652879718,9.420950767572396,9.659184455871582,386972000
2020-03-06,8.663370299943594,9.300645368638138,8.457297716285005,9.152939796447754,393519200
2020-03-09,7.329260185769586,8.236930978130632,7.26612839593256,7.293525218963623,406964800
2020-03-10,8.097564314104618,8.448958677670314,7.266128254905438,8.428709030151367,456252800
2020-03-11,7.835506467704873,8.008226450330504,7.027894347424143,7.34474515914917,430928000
2020-03-12,5.896284909999647,6.849219844949085,5.288789070727295,5.331670761108398,618225600
2020-03-13,6.222665299514149,6.826587775698417,5.367406162569389,6.770602703094482,556290400
2020-03-16,4.819468821336898,5.789080144911235,4.4061335596763715,4.437103748321533,658290400
2020-03-17,4.690823016303705,5.37693606779357,4.258428600415566,5.1601433753967285,762020800
2020-03-18,4.323941689719975,4.943349418591054,3.8986945592192632,4.682483673095703,848999200
2020-03-19,4.627689779632279,5.250671350621173,4.288206914029511,4.79088020324707,804808800
2020-03-20,5.120833801026337,5.2173181628511776,4.181001432532684,4.229839324951172,782255200
2020-03-23,4.279868722596362,4.526440581054876,3.8439010427021296,4.2429423332214355,820073600
2020-03-24,4.91118820776073,5.210171788400388,4.780159840197345,5.188730716705322,829824000
2020-03-25,5.2649658141872635,5.698551153991838,4.893321302125458,5.068422794342041,834874400
2020-03-26,5.220892723709549,5.955843606662151,5.201833587949216,5.893902778625488,649240000
2020-03-27,5.435303320060746,5.75691898447996,5.2161282443612285,5.281642436981201,557143200
2020-03-30,5.429347185728797,5.881991203602651,5.360259182599126,5.836726665496826,416621600
2020-03-31,5.790270459093402,6.138091461478874,5.5818159605091004,5.674726963043213,731904000
2020-04-01,5.1934954165311416,5.44602351131863,4.838527193927752,4.970746994018555,535589600
2020-04-02,4.907615382981635,5.28164230098726,4.856395089940628,5.264966011047363,467531200
2020-04-03,5.224466587672222,5.357877370080636,4.867115936853545,5.052937984466553,554484000
2020-04-06,5.61159583857876,6.216709304069053,5.52225818575756,6.1106953620910645,518616800
2020-04-07,6.658632841541382,6.705088345534382,6.074960029498338,6.098783493041992,658009600
2020-04-08,6.276267233839158,6.5514273459512244,6.108312478236926,6.488295555114746,518180000
2020-04-09,6.662206321311501,6.756308754076571,6.345355477374055,6.512118816375732,553297600
2020-04-13,6.432309774593671,6.7753664231358535,6.321531069901869,6.738440036773682,426961600
2020-04-14,7.152967924233354,7.671126579313838,7.07435080852115,7.612759113311768,490049600
2020-04-15,7.255407488134606,7.550817228643353,7.106511422088176,7.360230445861816,431688000
2020-04-16,7.600848069650225,7.870052011194544,7.379290606173089,7.7545084953308105,562920000
2020-04-17,8.060637710515149,8.11185799674568,7.627052412149983,7.948668479919434,463564800
2020-04-20,7.765228032508887,8.041579098484894,7.678272328891889,7.691375255584717,386998400
2020-04-21,7.463862994970068,7.5198480688184475,6.707471058415248,6.840881824493408,519489600
2020-04-22,7.2697019524972015,7.582979427220549,7.183938120727156,7.445994853973389,274185600
2020-04-23,7.531758406929017,7.812873792579486,7.351892162504019,7.397156238555908,424868000
2020-04-24,7.449569581637397,7.790243921874729,7.2911439174368216,7.7545084953308105,317981600
2020-04-27,8.002272330345013,8.051109780378374,7.818832219314215,7.905787944793701,304741600
2020-04-28,8.126152596735214,8.127344019834712,7.457906917876157,7.478156566619873,386247200
2020-04-29,7.986785631992122,8.382253561208646,7.872432649442491,8.255989074707031,346104000
2020-04-30,8.387018054549744,8.394164774915922,8.093989796483898,8.310782432556152,380544800
2020-05-01,7.780713809390128,8.017756123101519,7.444804276773683,7.565112113952637,346245600
2020-05-04,7.44956939622795,7.853375525691668,7.393584320137705,7.831934452056885,200756000
2020-05-05,8.067784539862526,8.364385237838928,8.00584326978885,8.082077980041504,288714400
2020-05-06,8.28338612111886,8.472781482414755,8.146401557510611,8.241695404052734,311880800
2020-05-07,8.55616390268999,8.665751191051545,8.406076411105568,8.563310623168945,289489600
2020-05-08,8.761043998673802,8.92780684865415,8.638352889346299,8.908748626708984,262202400
2020-05-11,8.75151738721555,9.279205206079927,8.725311528004953,9.130309104919434,269384000
2020-05-12,9.227983676565248,9.306600334891346,8.57998764018005,8.58713436126709,339363200
2020-05-13,8.646693682728904,8.868251147100944,7.952242979092101,8.261946678161621,491119200
2020-05-14,8.104710165460714,8.539486827316798,7.874814620454471,8.535913467407227,402999200
2020-05-15,8.184518920758203,8.707441836570236,8.1344900602398,8.682427406311035,357806400
2020-05-18,9.052880776636936,9.314937488234326,8.959969777230397,9.185100555419922,296474400
2020-05-19,9.21726103863509,9.478127217158997,9.100527040727439,9.11482048034668,261430400
2020-05-20,9.435246811825229,9.709215966125349,9.435246811825229,9.648466110229492,285416000
2020-05-21,9.677054316358515,9.758053824745517,9.282777765351728,9.351865768432617,322693600
2020-05-22,9.301836856206913,9.46860067235333,9.177956098967538,9.436439514160156,209664800
2020-05-26,9.89265663905314,9.924817794807563,9.33638015298761,9.397130012512207,245202400
2020-05-27,9.304218521938127,9.534114110805694,8.740795343106674,9.529349327087402,347291200
2020-05-28,9.362586325586934,9.911715199802318,9.356631027026534,9.468600273132324,303992800
2020-05-29,9.534113988073395,9.92481716004814,9.329232834772112,9.859302520751953,358492800
2020-06-01,9.774729019337679,10.034403804606242,9.72350873434651,9.980801582336426,209881600
2020-06-02,10.034402948063502,10.19044663578517,9.724699327274331,10.179725646972656,250714400
2020-06-03,10.261918444847302,10.42153461306869,10.149948297188388,10.317903518676758,215033600
2020-06-04,10.271446757766526,10.467988840552103,9.929581058374893,10.108256340026855,266408800
2020-06-05,10.232140425969861,10.783651266799763,10.184493491037477,10.707416534423828,281394400
2020-06-08,10.671679051826985,10.968280687573392,10.470372176391672,10.945648193359375,218544800
2020-06-09,10.826533458907239,11.313721984556182,10.808665744640315,11.189840316772461,213179200
2020-06-10,11.430453717627806,11.818774933687298,11.36136572107443,11.593644142150879,302911200
2020-06-11,11.027839447647272,11.221999608106135,9.865258604719049,9.886699676513672,383332000
2020-06-12,10.51682806041124,10.678827068597979,9.580569434104474,10.101110458374023,411876800
2020-06-15,9.657995614922738,10.563283605535085,9.536495903919313,10.457269668579102,398184800
2020-06-16,11.124322733825288,11.211278435638958,10.519208907651095,11.009970664978027,383217600
2020-06-17,11.217234737992676,11.370895599870739,11.006398290962965,11.11717700958252,258858400
2020-06-18,11.070720212381959,11.23986591947831,10.963514866761232,11.202939987182617,212785600
2020-06-19,11.550761960712421,11.581732598508326,10.953986242760758,11.187455177307129,289950400
2020-06-22,11.186264864587425,11.619850166383902,11.138617938379008,11.585306167602539,220133600
2020-06-23,11.83664192274041,12.22377169214388,11.752069066787003,11.887862205505371,234898400
2020-06-24,11.78065753489571,11.96767096714298,10.940883315569778,11.187455177307129,392821600
2020-06-25,11.186266191974585,11.520984320645164,10.80866500671726,11.484058380126953,301703200
2020-06-26,11.437599401698483,11.470952882686673,10.589488021366328,10.658576011657715,375940800
2020-06-29,10.626414967493684,11.009971401953766,10.277402531475172,10.999250411987305,259609600
2020-06-30,10.996869371151913,11.730629724509365,10.974236875102829,11.631762504577637,251388800
2020-07-01,11.656776458497372,12.205905277762067,11.58292367517952,12.047479629516602,252137600
2020-07-02,12.422699067083633,12.610903948666975,12.238067546362439,12.303582191467285,228152000
2020-07-06,12.781238303681038,13.291058273688588,12.780046880726037,13.20767593383789,211984000
2020-07-07,13.168370711638042,13.598382697111191,12.89321011623765,12.948003768920898,246099200
2020-07-08,13.154074518469578,13.45305808317347,12.922987525716263,13.445910453796387,239931200
2020-07-09,13.74727911024737,13.897365719841153,13.086180084216503,13.781822204589844,317596000
2020-07-10,13.748467611740105,14.109391548160541,13.327985245975322,14.073657035827637,242789600
2020-07-13,14.538213868924299,15.002768919615653,13.065929331437449,13.20410442352295,374584800
2020-07-14,12.8157831278103,13.545970095228906,12.315492656035458,13.484028816223145,459751200
2020-07-15,13.681763849725533,13.843762866680402,13.030194421189192,13.550735473632812,367544000
2020-07-16,13.107620426738299,13.383971527582515,12.74431361130557,13.260089874267578,299972000
2020-07-17,13.36014738120028,13.464969890266294,12.983737669427274,13.322029113769531,231003200
2020-07-20,13.436383113942725,14.559655218880527,13.2326924693211,14.456023216247559,251621600
2020-07-21,14.72165196294565,14.731181529642663,13.865202376618008,13.99384880065918,294313600
2020-07-22,14.07603946941274,14.309508411619259,13.77586537480137,14.155847549438477,227788800
2020-07-23,14.092715143112052,14.203493857120211,12.813400345926159,13.046869277954102,336648800
2020-07-24,12.448902776941713,12.8836794796742,12.031993784226353,12.660930633544922,357218400
2020-07-27,12.934899366925622,13.406602931375865,12.802680488659917,13.34108829498291,267624000
2020-07-28,13.231502824129183,13.306546128958,12.789579322557968,12.839608192443848,238702400
2020-07-29,13.065929369648485,13.413750401518026,13.001606152720901,13.276765823364258,194280800
2020-07-30,12.971828510272521,13.575751060014312,12.788388404652906,13.492368698120117,302200000
2020-07-31,14.213024253665113,14.234465325653662,13.445911354507604,14.220170974731445,359815200
2020-08-03,14.56203641902177,14.9050926553486,14.539403924367694,14.75024127960205,217868000
2020-08-04,14.689490450382374,14.963459579057815,14.57275553318611,14.942018508911133,211008000
2020-08-05,15.026592246867944,15.13617954124281,14.878887593197927,15.061136245727539,162381600
2020-08-06,15.021827958300253,15.71508716932575,14.91581402086797,15.637661933898926,192064000
2020-08-07,15.559043732907629,15.70198541953433,14.733564762291573,15.126649856567383,296708000
2020-08-10,15.160002581582848,15.200502787112415,14.314273045667331,14.92296028137207,254311200
2020-08-11,14.718079125458924,14.9432099211335,13.983128307647437,14.07603931427002,310273600
2020-08-12,14.425053807725746,15.289842600284716,14.425053807725746,15.129034996032715,221247200
2020-08-13,15.256488412620758,15.625749606606266,15.07185690683844,15.235047340393066,234281600
2020-08-14,15.325576879815566,15.388708675300776,14.938447053593828,15.190974235534668,199737600
2020-08-17,15.469705534677178,15.766307160974451,15.444692012716809,15.692455291748047,126664800
2020-08-18,15.893764727004115,16.247542012711325,15.638854671679063,16.153440475463867,149313600
2020-08-19,16.1510590517812,16.344029653990617,15.757972942189614,15.837782859802246,205847200
2020-08-20,15.693647637940872,16.5798774424255,15.624559635163394,16.489347457885742,152774400
2020-08-21,16.516745868246144,16.91578629794447,16.413112953900065,16.83359718322754,164280000
2020-08-24,17.41607716647979,17.576883839389744,16.72877236485456,17.145681381225586,251384000
2020-08-25,17.013461191089824,17.563780498109562,16.922933032567578,17.545913696289062,172556800
2020-08-26,17.780573031763794,18.707301996210152,17.7579405390396,18.6691837310791,219663200
2020-08-27,18.889550765170128,19.043210705791736,18.055732794244257,18.500038146972656,302602400
2020-08-28,18.73589041531602,18.907418987326924,18.480980403460666,18.785921096801758,198145600
2020-08-31,18.88478697132359,19.599488161094943,18.799024500723814,19.2206974029541,180398400
2020-09-01,19.763869579314676,20.246293235257973,19.410092352794862,20.218896865844727,193147200
2020-09-02,20.902625601433904,20.925258095124182,19.61497266536628,20.789464950561523,289369600
2020-09-03,19.860351877524494,19.940159948858554,17.012269377399786,17.597131729125977,443024800
2020-09-04,17.317207477458126,17.90326213572436,14.753812468616374,16.8717098236084,561480800
2020-09-08,14.883651288998966,15.958085874797312,14.420286776441763,14.486992835998535,426824800
2020-09-09,15.369648516070288,16.1045993344741,14.969415788150808,15.731764793395996,290352000
2020-09-10,16.26183490985772,16.48458286566098,14.501286882734174,14.821711540222168,465936800
2020-09-11,15.127843384971378,15.269592759470017,13.914042117049569,14.49771499633789,385797600
2020-09-14,15.12783963636678,15.581674534645167,14.899135507217784,15.244574546813965,269032800
2020-09-15,15.881850414928643,16.130804204400476,15.599544051631824,15.892570495605469,300889600
2020-09-16,16.024793522679857,16.11889687455972,15.079005216371705,15.129034996032715,306141600
2020-09-17,13.961690094355239,14.76572907458745,13.823514979211911,14.432202339172363,446844800
2020-09-18,14.63469925609336,14.704977775744435,13.1933852581425,13.874733924865723,463042400
2020-09-21,13.24936859840396,14.04983312580712,12.87653224889753,14.03911304473877,375314400
2020-09-22,14.43696279074466,14.90509207789033,13.872349139667811,14.806225776672363,315066400
2020-09-23,14.752623375081486,14.788358797677255,13.30654472368267,13.43519115447998,405507200
2020-09-24,13.065927889233416,14.140361502838159,13.003986616785207,13.631732940673828,375036000
2020-09-25,13.70677692299202,14.718078801014029,13.466161267780983,14.587050437927246,324478400
2020-09-28,15.40061920185609,15.485192978628051,14.95750521231245,15.4518404006958,273331200
2020-09-29,15.42325196596519,15.5852509834154,15.190974430762848,15.289841651916504,221805600
2020-09-30,15.317237071725145,16.142717882563865,15.27673777427354,15.59239673614502,338768000
2020-10-01,16.267791411203646,16.44646671184177,15.935454334172412,16.32258415222168,278676000
2020-10-02,15.261252744060597,15.917587858486186,14.809800608232297,14.976564407348633,399553600
2020-10-05,15.30294387444205,15.97357240963218,15.276738018594466,15.921160697937012,210790400
2020-10-06,15.769882966775628,16.095071525742075,14.907477048521063,15.065902709960938,345648800
2020-10-07,15.505444498195404,15.97476530972902,15.411342960019292,15.858031272888184,225088800
2020-10-08,16.25349643605219,16.27255557133994,15.9068659105203,16.09149742126465,197893600
2020-10-09,16.38333265102235,16.841933303787705,16.314246469472334,16.807390213012695,195271200
2020-10-12,17.676938979581504,18.907416200179586,17.49349983896453,18.374963760375977,294116800
2020-10-13,18.72517088246895,18.859773522032967,18.123630348519136,18.377349853515625,283861600
2020-10-14,18.54173215715931,18.72517133461995,17.58760487875554,17.92351531982422,296589600
2020-10-15,17.036095647513015,17.67575267247578,16.907449206849474,17.553062438964844,249076800
2020-10-16,17.875870265832326,18.137927026761517,17.212388401049335,17.283859252929688,228096800
2020-10-19,17.634055359669446,17.80915725159238,16.242771606723252,16.425020217895508,277555200
2020-10-20,16.554865113843697,17.081361557502937,16.270175815137964,16.531042098999023,274710400
2020-10-21,16.56796152563786,17.03489933966931,16.40477202970363,16.4881534576416,242572800
2020-10-22,16.64062467332554,16.79547695200164,15.898527158056384,16.49649429321289,239163200
2020-10-23,16.606082358826363,16.608463387436846,16.06767362746547,16.592979431152344,191088000
2020-10-26,16.172499334170457,16.67398038198335,15.186210802700991,15.836588859558105,317113600
2020-10-27,15.99382338971191,16.34283496265044,15.7853688574904,16.210615158081055,223860000
2020-10-28,15.416104436354589,15.5137811380049,14.270200777708352,14.308318138122559,369440000
2020-10-29,14.525109939104393,15.53998607705264,14.441727593323849,15.036121368408203,276374400
2020-10-30,14.716889987253197,14.857447933406563,13.525721260119457,13.990276336669922,461622400
2020-11-02,14.269009087522372,14.542977326374832,13.532866839910001,13.995039939880371,302272000
2020-11-03,14.29164187876431,15.05756335793392,14.127260023252695,14.699021339416504,269938400
2020-11-04,16.15105298841406,16.990827130554088,15.880659052038633,16.685888290405273,338375200
2020-11-05,17.82703182812619,18.17127952184432,17.58045902610611,17.97354507446289,300264800
2020-11-06,17.852041679124696,18.17365862730954,17.15997307332721,18.034290313720703,270302400
2020-11-09,18.544111480590516,18.86572844951225,16.852652469665127,16.933652877807617,331731200
2020-11-10,16.33568611270978,16.587022760090072,15.526883432796362,16.02002716064453,337333600
2020-11-11,16.446470315205868,17.175465119904295,16.37618996686321,17.096847534179688,253661600
2020-11-12,17.254080073008666,17.50065105914927,16.643009922554427,16.846698760986328,286687200
2020-11-13,17.12662289159103,17.400592047602988,16.754978850352035,17.28862190246582,209495200
2020-11-16,17.242168392632248,17.74960564747545,17.121860998072673,17.686473846435547,213748800
2020-11-17,17.724586949493712,17.79129209206919,17.40654519055639,17.523279190063477,182704000
2020-11-18,17.422029056934345,17.71863065465834,17.117090225219727,17.117090225219727,154341600
2020-11-19,17.022993710710118,17.59237225015485,16.90983303853383,17.54115104675293,159341600
2020-11-20,17.516132711031798,17.661455409746296,17.167119404257193,17.184988021850586,129993600
2020-11-23,17.369624375043873,17.59832856733761,16.766891433360296,17.188566207885742,179060800
2020-11-24,17.369621097983554,17.990218910032965,17.0420497386347,17.8913516998291,156015200
2020-11-25,18.07241177993645,18.345188614284606,17.92113284512544,18.22845458984375,128677600
2020-11-27,18.586993903705952,18.947919659135678,18.52624495986243,18.726362228393555,92927200
2020-11-30,18.78711194360175,18.913375528683638,17.936617606977528,18.822847366333008,184622400
2020-12-01,19.271913732485352,19.886557094634522,19.070607789324796,19.562559127807617,169989600
2020-12-02,19.32194770876814,19.706694678522865,18.961021931211132,19.64118003845215,146129600
2020-12-03,19.688825258385197,20.03426524764731,19.57685693522341,19.72098731994629,157461600
2020-12-04,19.72575197134357,19.99257256405474,19.5959132176629,19.962793350219727,127088000
2020-12-07,19.999720902792962,20.371366757478462,19.963987297362824,20.30108642578125,124028000
2020-12-08,20.208176907704363,20.56910088981497,19.846062411184604,20.48691177368164,133925600
2020-12-09,20.46904130194602,20.51907016629713,18.894316227660845,19.114683151245117,244878400
2020-12-10,18.70611576617708,19.567332196914975,18.494087845566355,19.349348068237305,173346400
2020-12-11,19.017006651060992,19.240946937483137,18.570318410109866,19.213550567626953,169819200
2020-12-14,19.443450045804248,20.01759434576055,19.43630332299642,19.62331771850586,146684800
2020-12-15,20.080719203426053,20.251055429985694,19.644751087255404,20.23318862915039,157417600
2020-12-16,20.341590569037667,20.75611681194071,20.128370331145156,20.572677612304688,137590400
2020-12-17,20.922873874616656,21.045564084118958,20.677493455612055,20.99434471130371,139275200
2020-12-18,21.15038911027661,21.192080737794708,20.31299774019714,20.765642166137695,168756000
2020-12-21,20.1986485709859,20.80018731199046,19.61616533029163,20.688217163085938,203596800
2020-12-22,20.88118340146957,21.049138590018863,20.271303915919148,20.851404190063477,160330400
2020-12-23,20.85021574744404,20.93598003769709,20.509541432710872,20.53693962097168,119434400
2020-12-24,20.596496450564587,20.897861957325834,20.573863956624734,20.80375862121582,77065600
2020-12-28,21.34097793686343,21.531563830023433,20.968141568360366,21.427932739257812,117052800
2020-12-29,21.720962488719042,21.8460337511337,21.2992877410344,21.491065979003906,121142400
2020-12-30,21.73287013422575,21.798384768904924,21.354079402482693,21.487489700317383,104807200
2020-12-31,21.473194560659277,21.736441775212853,21.242107586203403,21.65544319152832,106708000
2021-01-04,21.927030470797117,21.963956404334407,19.872264761003212,20.708465576171875,197472000
2021-01-05,20.521451729474183,21.26950543694835,20.521451729474183,21.227815628051758,118712800
2021-01-06,20.237955844277963,21.24330253569013,20.037840371572965,20.349925994873047,210730400
2021-01-07,20.889521889395702,21.994926137734467,20.887140860997047,21.81982421875,123695200
2021-01-08,22.311778734707413,22.73702679694358,21.846031376328476,22.665555953979492,152815200
2021-01-11,22.01398790701246,22.267707415434863,21.53752043884894,21.66378402709961,140325600
2021-01-12,21.693559983624073,21.918690755794195,21.012211461140968,21.569679260253906,146031200
2021-01-13,21.628047792344784,22.178367069561684,21.50059188766424,21.988971710205078,108750400
2021-01-14,22.096177352771647,22.31535193719473,21.555387612443976,21.654253005981445,118236000
2021-01-15,21.60899118455091,21.81387234030469,20.854981201616205,21.127758026123047,141692000
2021-01-19,21.613755950647178,22.164077132434237,21.39339082911864,22.04376792907715,120967200
2021-01-20,22.83589156215537,23.79597305917391,22.758464520976517,23.580371856689453,121736000
2021-01-21,23.88293269172915,24.333194319762892,23.585140513528035,24.166431427001953,92168400
2021-01-22,23.92104633177531,24.185484062648918,23.79478094589694,23.947250366210938,81878800
2021-01-25,24.719131390076974,25.031216982837886,23.061024910684168,24.61192512512207,153170400
2021-01-26,24.709602941876078,24.914484096537272,24.34272277696136,24.638132095336914,90968800
2021-01-27,24.12354672934679,24.133076296150886,22.15573571498611,22.651262283325195,188900800
2021-01-28,22.84423574916978,24.061610442717583,22.71558929701008,22.98479461669922,90021600
2021-01-29,22.608382685229877,22.85138030454821,21.14324479506976,21.553007125854492,184278400
2021-02-01,22.286767933605805,23.35405411068875,21.855563612201355,23.13726234436035,105659600
2021-02-02,23.797164970854283,24.528542382453058,23.766195243111287,24.256956100463867,92746400
2021-02-03,24.759636004293167,24.831106862946967,23.978229522705078,23.978229522705078,95172000
2021-02-04,24.30937290265122,24.84778170505701,24.00205113649134,24.826339721679688,72808800
2021-02-05,25.06218896564936,25.32186468992574,24.673868619986713,25.086013793945312,86615200
2021-02-08,25.481478836942816,25.622037678890973,25.09792239685966,25.576772689819336,76994800
2021-02-09,25.36712868064716,25.865036310003937,25.36712868064716,25.564861297607422,65768800
2021-02-10,25.915060619751124,26.015118333766047,24.647657456159013,25.383800506591797,123548000
2021-02-11,25.767357900560647,25.905532065394397,25.243242669278565,25.793561935424805,98860000
2021-02-12,25.629183511753915,26.277179507766917,25.357597221892437,26.231914520263672,77471600
2021-02-16,26.434413983589927,26.64882470021974,25.748301507953595,26.012741088867188,88663600
2021-02-17,25.30756613054516,25.714945529452415,24.7786870386933,25.65062141418457,105986800
2021-02-18,24.790599624818004,25.481477756916213,24.366543905949026,25.305185317993164,110202000
2021-02-19,25.64347968972246,25.65300925745483,24.742956441174424,24.971660614013672,93377200
2021-02-22,23.952017411546272,24.25219239494352,22.98955300543715,23.037199020385742,132734800
2021-02-23,21.865090920815486,23.194435538347225,20.588158013431315,22.832319259643555,199274800
2021-02-24,22.212910546175333,23.458873645547136,21.6554445388521,23.382638931274414,123042000
2021-02-25,22.77990486376641,23.363576645761523,20.595300662907036,20.94074058532715,237792000
2021-02-26,21.533947732284602,22.193856213578496,20.547660188636392,21.25521469116211,209318400
2021-03-01,22.241500579888545,23.182523061042488,21.96276755950572,23.108671188354492,133707200
2021-03-02,23.23731665846773,23.273052079047847,21.94132467397646,22.000883102416992,151693200
2021-03-03,21.767412841205665,21.965145421924227,20.071188319409128,20.092628479003906,231542400
2021-03-04,20.00448627402437,20.64056988657489,18.315408210615157,19.099197387695312,432037200
2021-03-05,19.604256227828802,20.123605894664774,17.8746786301891,19.95446014404297,336656400
2021-03-08,19.84010643505649,20.214133350341008,18.17008733645679,18.24870491027832,235731600
2021-03-09,19.647133152276556,20.762066919555327,19.518486738639137,20.39756965637207,173429200
2021-03-10,21.26474348891749,21.321919075841162,20.08548542154974,20.223661422729492,203371200
2021-03-11,21.207564012720653,21.97944253989419,20.997919002760597,21.626855850219727,158935600
2021-03-12,20.766834298566017,21.124184902009603,20.266543817260825,21.088449478149414,166590000
2021-03-15,21.157535680966873,21.800767803030983,20.816861395275236,21.762649536132812,126701600
2021-03-16,22.236734854698412,22.868054584797804,21.82220868518454,22.1200008392334,168770400
2021-03-17,21.46962310234173,22.80611439214834,21.10988968289475,22.398733139038086,196370800
2021-03-18,21.348125845333374,21.560153731094708,20.237955731051137,20.3427791595459,228253600
2021-03-19,20.309423071612823,20.857361312599917,19.868691086946974,20.60245132446289,193286400
2021-03-22,21.03365692155763,22.124767876541977,21.03365692155763,21.70071029663086,141101200
2021-03-23,21.929416340880103,22.21053222482,21.243302011221132,21.417213439941406,187780800
2021-03-24,21.70070657469489,21.70785511236699,20.309422657460388,20.335628509521484,190483600
2021-03-25,19.968750840869635,20.53098257964308,19.451784091662073,20.226043701171875,239874400
2021-03-26,20.183162352489326,21.195655727868527,19.89966362575782,21.119421005249023,215060400
2021-03-29,21.021745318741843,21.331449916761336,20.42139707625421,21.10750961303711,190589200
2021-03-30,20.7144238825973,20.91454117819382,20.240339227940865,20.807334899902344,148349600
2021-03-31,21.152771471670132,22.060441331266464,21.086066323232888,21.741209030151367,161968800
2021-04-01,22.546443596561005,22.877588387770615,22.494031876931388,22.84661865234375,145087200
2021-04-05,23.396937789497354,24.39037215107609,23.339762194949202,24.21884536743164,130539600
2021-04-06,24.147373426516964,24.604781797517077,23.992521123057124,24.161666870117188,120606800
2021-04-07,24.068753354935815,24.53331021712744,23.847195914217743,24.34033966064453,98987200
2021-04-08,24.995482136016598,25.143187700703304,24.800130553084678,25.100305557250977,113619200
2021-04-09,24.781070688554813,25.600595264793796,24.614307812031313,25.555330276489258,129438400
2021-04-12,25.324243321288506,25.5481817658485,25.009774906461846,25.455270767211914,109632000
2021-04-13,25.819768604300318,26.443941573240355,25.757829148911732,26.327207565307617,115022000
2021-04-14,26.39391377866994,26.42726635371202,25.195598470514994,25.402860641479492,161227600
2021-04-15,26.055623480766393,26.6273829737951,26.024651932881618,26.52494239807129,120798000
2021-04-16,26.660741945207025,26.67979926535522,26.181891560882544,26.636917114257812,117488000
2021-04-19,26.24144401893711,26.5320894414757,25.431449026021106,25.91029930114746,159168000
2021-04-20,25.741153455745078,26.04370947197947,24.86921719240396,25.34330177307129,158283600
2021-04-21,25.01454066980726,26.022270107954277,24.781070823820947,25.98415184020996,111057200
2021-04-22,25.888860717473214,26.117564895310558,24.76201611778778,25.038366317749023,174848400
2021-04-23,25.18606978979941,26.281944565286047,25.18606978979941,25.981769561767578,107686000
2021-04-26,26.0413296463757,26.55591539935971,25.860273311877656,26.496356964111328,99976800
2021-04-27,26.555912298857976,26.603558314462152,25.912680182727716,26.14853286743164,119312800
2021-04-28,26.06038782683849,26.301004405346234,25.722096363244084,25.879329681396484,118950000
2021-04-29,26.64882376329131,26.7369708930231,25.390950026726586,26.13900375366211,148124400
2021-04-30,25.56009582045746,26.158062961515792,25.417155953183734,25.648242950439453,118440400
2021-05-03,25.91030102205116,26.08421062736412,25.11698226375862,25.228952407836914,134222000
2021-05-04,24.645277593578328,24.70245499500417,22.97764155448437,23.899606704711914,211234000
2021-05-05,24.30936973080318,24.502338468124183,23.442199109586564,23.620874404907227,136429200
2021-05-06,23.554168388058667,24.175958538370782,23.0586418176619,24.137840270996094,169663200
2021-05-07,24.769163700164093,25.271837066631623,24.48328210474759,24.72866439819336,158706800
2021-05-10,24.41657195359691,24.457073064868382,22.813260134356977,22.87043571472168,184214800
2021-05-11,21.581597540684452,22.927618778845932,21.441040481079988,22.75609016418457,228806800
2021-05-12,21.684034632988837,22.191473672219562,20.80257050503176,21.024127960205078,236158000
2021-05-13,21.583973386829022,22.077117085243014,20.981242401831803,21.467239379882812,208602000
2021-05-14,22.12714948026109,23.08246730227225,22.017562176170863,22.863292694091797,144263200
2021-05-17,22.51546659054179,22.670318852830732,21.85317722198605,22.47734832763672,138542400
2021-05-18,22.682228533052783,22.93713849883029,21.962763616701828,22.005645751953125,131684000
2021-05-19,20.881183239594264,22.1533502685627,20.8049485316888,22.086645126342773,191889600
2021-05-20,22.41064948871361,23.55178940491164,22.35347389585268,23.363584518432617,139226400
2021-05-21,23.713789151951243,23.806700174760667,22.896647266478556,22.977645874023438,128133200
2021-05-24,23.477934111749875,24.380838321799146,23.399316546997596,24.128311157226562,92181600
2021-05-25,24.478514551887944,24.642896399117152,23.973458414834408,24.245044708251953,106728800
2021-05-26,24.385601700140313,24.59524670200736,24.233132277404483,24.49042510986328,78034800
2021-05-27,24.387988881707003,24.57619375645057,24.166431428409304,24.204547882080078,83216800
2021-05-28,24.48566034159942,24.800128765051,24.371309179023733,24.44039535522461,81857200
2021-06-01,24.740576333192735,24.847782618863327,23.892464704512097,24.202167510986328,103863600
2021-06-02,24.28792715445995,24.53092656797976,23.94963570650317,24.328428268432617,83178800
2021-06-03,23.701870070873312,23.982985906810548,23.199196823412844,23.563695907592773,121032000
2021-06-04,23.97346276251305,24.869222214566786,23.949639749881808,24.771547317504883,91175200
2021-06-07,24.640511203582324,25.00739131284091,24.49280565801208,24.99071502685547,62193200
2021-06-08,25.390953983070325,25.591069464351108,24.640517293108775,25.01930809020996,92944400
2021-06-09,25.338538957429623,25.519597096072875,24.997864660382785,25.047893524169922,77803600
2021-06-10,25.1169795223067,25.84835692195755,25.014538956733112,25.815004348754883,117206800
2021-06-11,25.82930210915709,26.024653706691964,25.672068783131085,26.01988983154297,68338800
2021-06-14,26.119945406482664,26.77032427404541,25.84835910598281,26.748882293701172,90823200
2021-06-15,26.686938381942774,26.763173093547213,26.07706068910726,26.253353118896484,90108000
2021-06-16,26.353413934765936,26.603558242378547,25.138420546782744,25.972238540649414,157778000
2021-06-17,25.71971414744247,27.17770527895862,25.712567426112063,26.941852569580078,144323600
2021-06-18,26.541621561387746,26.82035459798152,26.12947639586992,26.298622131347656,142894400
2021-06-21,26.355798141929398,26.87276674183682,25.82215507041573,26.779855728149414,107708400
2021-06-22,26.756027874761063,27.64702327501161,26.67502928432683,27.52790641784668,103578800
2021-06-23,27.532667941724345,27.863812630964176,27.380198522977032,27.575550079345703,93996800
2021-06-24,28.049641880675665,28.466550953053755,27.91861440561871,28.08299446105957,93672400
2021-06-25,28.2283182299183,28.29025951757374,27.837615001776683,27.994850158691406,86993200
2021-06-28,28.295018893910548,29.035925928659616,28.2878721729289,28.985897064208984,88787600
2021-06-29,28.959688253917957,29.321804499057517,28.74766040439474,29.312274932861328,74560000
2021-06-30,29.276542906177095,29.374219607821267,29.02877960910555,29.183631896972656,80546800
2021-07-01,29.08357249440754,29.33609965181961,28.742898207720028,29.19792366027832,83834800
2021-07-02,29.693455358582828,30.29142259820957,29.631514072774888,30.188982009887695,93502000
2021-07-06,30.362889951947597,30.674975575025762,29.66010113403626,30.593976974487305,109599600
2021-07-07,31.184794770153957,31.261031310994436,30.27950765862334,30.789329528808594,115275600
2021-07-08,29.467127114052218,30.460561212882357,29.12168715640148,30.255680084228516,152524400
2021-07-09,30.08415555666513,30.922739315902557,29.929303266471596,30.767885208129883,92875600
2021-07-12,31.16096866537284,31.27770085179073,30.746440719004163,31.15382194519043,87126000
2021-07-13,31.06090929179551,31.939992178945584,30.92511434525343,31.137142181396484,119450000
2021-07-14,31.770852377954878,31.942380965164038,31.101416136143957,31.306297302246094,136042800
2021-07-15,31.30629451187428,31.34679380869468,30.127036488709766,30.65829849243164,137192800
2021-07-16,30.889387856081836,31.13953401218051,29.81971704598596,29.905481338500977,127402800
2021-07-19,29.01925261617267,29.30275136137557,28.509432534641256,29.188398361206055,202286400
2021-07-20,29.40756990928848,30.565385891801437,28.95730834026444,30.15085792541504,121544800
2021-07-21,30.09129984457764,30.87270613596709,30.01744797483626,30.839353561401367,81763200
2021-07-22,30.93465199537687,31.49449909246507,30.93226733152158,31.48735237121582,94957600
2021-07-23,31.851843191397876,32.66422093565203,31.515932820643037,32.5331916809082,103898400
2021-07-26,32.404551515053996,32.773814506978084,32.17107985284042,32.66899108886719,85977600
2021-07-27,32.597520583659254,32.597520583659254,30.45341708788375,31.601701736450195,178782000
2021-07-28,31.889966152785618,32.36643359649366,31.272941685621646,31.9471435546875,143940400
2021-07-29,31.799435069329242,32.428371927744756,31.797054040850426,32.104373931884766,88638400
2021-07-30,31.053773217149057,31.768474523549184,31.034714079425996,31.623151779174805,113118800
2021-08-02,32.05196035629803,32.20681444218866,31.45161405040266,31.613611221313477,109120000
2021-08-03,31.789911525492425,32.209201608181345,30.934653253082715,32.163936614990234,126835600
2021-08-04,32.1829941478186,32.58084404607165,31.875674231438577,32.323551177978516,96856800
2021-08-05,32.53319943148862,32.99060778280021,32.352143095081466,32.93104934692383,77340400
2021-08-06,32.5879806017223,32.859566827464185,32.199662209619056,32.50221633911133,86306000
2021-08-09,32.61658139803629,32.82384358338888,32.32355128786945,32.67613983154297,68421600
2021-08-10,32.821454213928476,32.90245279047575,31.85660710928111,32.18775177001953,106162400
2021-08-11,32.518897781900385,32.64992703479302,31.646961628277555,32.01384353637695,93188000
2021-08-12,31.878045728092086,32.4474240348211,31.504020769063192,32.34736633300781,79490800
2021-08-13,32.442661706585916,32.78333776881374,32.31163608704048,32.67136764526367,73289600
2021-08-16,32.38549658999382,32.74046255135809,31.32773815727859,32.728553771972656,122458400
2021-08-17,31.97335179314463,32.244938110898936,31.20147316813632,31.868528366088867,166395200
2021-08-18,31.708916002968248,32.0948535442195,30.853654012369503,30.941802978515625,130084800
2021-08-19,30.43197622915568,31.828027853054987,30.362888229192084,31.38252830505371,163247600
2021-08-20,31.673174726903248,32.464112481610506,31.585029407130563,32.352142333984375,125082400
2021-08-23,32.64516130443591,33.9959458513963,32.638014584755496,33.79344940185547,96532400
2021-08-24,33.97451039499857,34.29136167359855,33.84586578778708,34.12697982788086,72686800
2021-08-25,34.18415541545323,34.40094532286489,33.97927428508737,34.165096282958984,76127200
2021-08-26,33.988800983320395,34.1889164155886,33.4575408589092,33.586185455322266,107004800
2021-08-27,33.7553405476417,34.68683538060712,33.62431125838747,34.567718505859375,92320000
2021-08-30,34.78212819336797,35.85894578267829,34.77021577859879,35.713623046875,91270400
2021-08-31,35.78746548543336,35.80652461700289,35.18473453578272,35.613555908203125,91796000
2021-09-01,35.9327929238412,36.40687934189525,35.75173660277862,35.80891036987305,95568000
2021-09-02,36.199610788890936,36.2925217885403,35.40153005732793,35.758880615234375,95038400
2021-09-03,35.42535498310556,36.19723357825105,35.41582723335927,36.08049774169922,93201200
2021-09-07,36.10432027006064,36.421171547534826,35.773175551297975,36.22820281982422,90370800
2021-09-08,36.166260502185715,36.175791886687584,35.1895044299137,35.8565559387207,126846000
2021-09-09,35.908971579613585,36.23535428411286,35.39915150768721,35.47300338745117,110573600
2021-09-10,35.97329219243791,36.17579231116058,34.57009570861602,34.67491912841797,138435600
2021-09-13,35.327681577447485,35.44441742489134,34.0102492162381,34.59630584716797,155549200
2021-09-14,35.00843923826659,35.22523276377294,34.024536592401134,34.29850387573242,119258400
2021-09-15,34.422395636672086,35.153771354438696,33.77201488581597,35.05847930908203,111785200
2021-09-16,34.67492083441132,35.289564306542644,34.12460148853375,35.1275634765625,105230800
2021-09-17,34.99653424097803,35.00368096222017,33.5814289076591,33.88636779785156,154650400
2021-09-20,32.26161009209357,32.74760891908146,30.49391631682178,31.801820755004883,243827200
2021-09-21,32.25208370449538,32.57846275310399,31.58740955852405,31.842321395874023,143401200
2021-09-22,32.128211382183466,33.16929195632468,31.830419123203992,32.773826599121094,175338800
2021-09-23,33.0930497498826,33.96498611214458,32.91675547333767,33.683868408203125,138739200
2021-09-24,33.04778014066545,33.88874483593976,32.94772241989955,33.77915573120117,109550400
2021-09-27,32.92628660966353,33.20978170504976,32.25684675069931,32.96440124511719,156710800
2021-09-28,31.71843745531486,31.897112745990395,30.034125121249964,30.21518325805664,297646000
2021-09-29,30.484386870331484,31.039470061619628,29.850686114509376,30.015066146850586,195061200
2021-09-30,30.441499146429983,30.860789111912815,29.560035263054544,29.676769256591797,234624000
2021-10-01,29.83877289359773,30.496296640320725,28.788161334846308,30.21756362915039,208708000
2021-10-04,29.80304035780034,29.895951370518013,27.747083846461713,28.359344482421875,257236000
2021-10-05,28.580897521352348,30.01744645368013,28.52133909584901,29.450450897216797,162612800
2021-10-06,28.649991252697998,30.093687194499218,28.411757502957638,30.03174591064453,234990800
2021-10-07,30.808384516551634,31.527847689297218,30.66782386769426,30.844118118286133,150815200
2021-10-08,31.129997540926276,31.189555966688012,30.248533566684117,30.370033264160156,157132000
2021-10-11,29.984095785817935,30.89653135871874,29.669627351884014,29.695833206176758,136215200
2021-10-12,30.057948522709985,30.165154789064022,29.20983704684312,29.39327621459961,174403600
2021-10-13,29.965039733450098,30.243772774957176,29.445690103958146,30.08177375793457,140921200
2021-10-14,30.99659104874516,31.792290842029654,30.827443499376432,31.742263793945312,121750000
2021-10-15,32.066260344575845,32.36405249623365,31.78514266312866,32.3306999206543,102858000
2021-10-18,31.982876080903676,33.35748562751375,31.823259928860395,33.30030822753906,100876400
2021-10-19,33.60048636558148,34.07457283483449,33.41943002496573,34.03169250488281,106450800
2021-10-20,34.18416180090733,34.35807141906088,33.51472191565613,33.92448425292969,118709600
2021-10-21,33.695779519400936,34.59392170378522,33.621927644361165,34.531978607177734,92100400
2021-10-22,34.17939389380722,34.46289261711766,33.20025310779095,33.65766143798828,140248400
2021-10-25,34.065043140565166,34.95603498464455,33.52425154325072,34.66777420043945,118951600
2021-10-26,35.33482500139712,36.02093560243193,34.69873780775141,34.99176788330078,167975600
2021-10-27,35.153768639383784,36.144821829247874,35.082297793306985,35.26811981201172,145068000
2021-10-28,35.808909383931166,36.50931709281835,35.59211582924551,36.425933837890625,130737600
2021-10-29,35.54208478995902,37.02151396905561,35.44440810462879,36.96434020996094,134514400
2021-11-01,37.116814297722584,37.38601592937658,36.49263947950437,37.32884216308594,130045600
2021-11-02,37.17160519678727,37.96730490967645,37.154930727496655,37.82674789428711,120171200
2021-11-03,37.960160856561046,39.14656742398421,37.657606643224554,39.02745056152344,145210400
2021-11-04,39.410999639352305,40.82134635636305,39.24423677471996,40.48305130004883,160879600
2021-11-05,41.08578678924709,41.37166651117604,40.19717244308109,40.633140563964844,170505600
2021-11-08,40.618846684025115,40.95237241681028,40.27578956735589,40.46637725830078,112919600
2021-11-09,40.7975234437865,40.926168049628785,39.20612398221274,39.63256072998047,176237600
2021-11-10,38.765391317528525,39.64208966470226,37.283577284175486,37.89583969116211,193953600
2021-11-11,38.77253777539873,38.82971517662765,38.09357022204281,38.20315933227539,115438000
2021-11-12,38.54859335621317,39.56347121682935,38.05783252932256,39.41576385498047,127640800
2021-11-15,39.763593449977826,39.85888548959982,38.615305106193794,39.40385818481445,139458400
2021-11-16,39.139418152156125,40.35917732945252,39.084625411750544,40.21862030029297,103181600
2021-11-17,40.31153085924864,40.902349488968035,39.97323576533343,40.266265869140625,115936000
2021-11-18,40.899963467993814,41.667076340268714,40.20670610274652,41.49793243408203,173683200
2021-11-19,42.031581795960506,42.612872769467344,41.76714580416033,42.20072937011719,129214400
2021-11-22,42.712928496492815,43.682541627896754,40.70461967910132,40.737972259521484,179044800
2021-11-23,40.36870240909422,41.01669840678359,38.782064989671355,40.18288040161133,226025600
2021-11-24,39.38242516342935,40.633152494876555,38.672489524566686,40.554534912109375,198241600
2021-11-26,39.73262541489683,40.17574034512522,37.81246192896004,38.3175163269043,177682400
2021-11-29,39.59445562446249,41.014330628595026,39.38719338803954,40.697479248046875,158932000
2021-11-30,40.42349718708353,41.16440422592688,38.28654399312358,38.94883346557617,302586000
2021-12-01,40.2281449374372,40.885668676903066,36.799961951507946,36.950050354003906,302551200
2021-12-02,36.54981812932935,38.24127905292329,36.12814341274291,37.645694732666016,396432800
2021-12-03,38.11738998660281,38.422328815683024,34.527206572364015,35.754112243652344,480573600
2021-12-06,35.875623081308035,36.99294006072262,34.67016076894345,36.59032440185547,304828000
2021-12-07,38.539069682667424,40.08996988237424,38.53192296192079,39.889854431152344,270578400
2021-12-08,39.997061886373686,40.49973521593069,39.420536680107084,40.444942474365234,205243600
2021-12-09,40.0590089962435,40.621240867268206,38.59387269075083,38.69869613647461,212802000
2021-12-10,39.49200655864251,39.98276746229223,38.54145266442853,39.897003173828125,203075200
2021-12-13,39.89699886794748,39.997056587830514,38.06498109483619,38.18171691894531,179145200
2021-12-14,36.71658537400305,37.53611007766421,35.6945641584922,37.04534912109375,230933600
2021-12-15,36.916700824786254,39.61112376044495,35.742206632098096,39.496768951416016,269061200
2021-12-16,39.78741292267982,39.932735639675364,35.96137989820209,36.48311233520508,296220000
2021-12-17,35.45632322496699,37.11442779822627,35.02035510277472,35.92564392089844,300020800
2021-12-20,34.548657321245265,35.079917533276706,33.948307290267785,34.85121154785156,241866000
2021-12-21,35.77317864832123,37.27166724737518,34.713039250801216,37.1811408996582,219124800
2021-12-22,37.064406503145285,38.593866710644406,36.88335016550548,38.50810241699219,177222800
2021-12-23,38.63436335188338,39.854118879729036,38.58671733316908,39.422916412353516,131308400
2021-12-27,39.80647311633833,41.340698920823904,39.785032953053104,41.30734634399414,125963200
2021-12-28,41.6337321157213,41.68614383565602,40.506887407442456,40.82135772705078,144825200
2021-12-29,40.811815592200425,41.212050108552376,40.0113501946544,40.757022857666016,115494800
2021-12-30,40.683185749493624,41.371681264182506,40.20671816465262,40.37586212158203,113271600
2021-12-31,40.17335409496457,40.595025169693244,39.47771205617551,39.62541580200195,120497200
2022-01-03,39.98277540671441,40.8427994908891,39.33716026872309,40.76894760131836,153010400
2022-01-04,40.9357002209743,40.94999366243628,38.210305904043175,39.1846809387207,213296400
2022-01-05,38.684392930677035,39.00362524562886,35.49682456796736,35.58020782470703,266490400
2022-01-06,35.02750896803677,36.404499791392276,34.40571871744375,35.48253631591797,308453200
2022-01-07,35.472999975117624,35.95899880674661,33.82918873702945,34.32233428955078,285426800
2022-01-10,32.95963987195706,34.52959936940642,31.470678974871152,34.44860076904297,358434800
2022-01-11,34.16985729933748,35.98043484442769,33.600478910854996,35.96376037597656,308653600
2022-01-12,36.680851102762595,37.14778722120396,35.70647592908209,36.37352752685547,276742400
2022-01-13,36.74993862602749,36.95005774778568,33.3622542572217,33.73390197753906,173531800
2022-01-14,32.91913461926709,34.33900923024554,32.87625429332564,34.243717193603516,178451600
2022-01-18,32.6332588464853,33.21931548513053,31.475442648073827,31.775619506835938,155320000
2022-01-19,32.09484848340953,32.738078829121434,30.570154061339956,30.670211791992188,183284400
2022-01-20,31.45637569455036,32.485547008573036,29.30274467710111,29.483802795410156,172197000
2022-01-21,28.883458362756706,29.55527744229813,26.92041283816986,27.00141143798828,342054600
2022-01-24,25.657769799127887,27.515993461201663,22.951434712429357,27.392112731933594,510169200
2022-01-25,25.800712442085118,26.82988203336193,24.65718986618687,25.371891021728516,347498000
2022-01-26,27.153880516125152,28.040108437902102,24.47613216402001,25.32424545288086,415676200
2022-01-27,26.39629482568173,26.79652751648716,24.318896659957286,24.566659927368164,323528200
2022-01-28,24.96689805983621,26.90135497237146,23.871021341164948,26.85847282409668,334032400
2022-01-31,27.182466378655096,29.56956920856377,26.78699935892322,29.45998191833496,227502200
2022-02-01,29.741097116246063,30.184211986571903,28.45940034043098,30.022212982177734,203691600
2022-02-02,31.075210111413348,31.146680961558623,29.70774711384966,30.732152938842773,201630400
2022-02-03,28.26405037990113,29.097868458446108,26.739354101331624,27.034765243530273,211150000
2022-02-04,27.096703077341655,28.783398268182992,26.629765199538735,27.968639373779297,193068800
2022-02-07,28.144931142166737,28.71669242569418,27.02523340084221,27.334936141967773,153912200
2022-02-08,27.063353141240498,28.507050875775573,26.79176681661671,28.26405143737793,158593200
2022-02-09,29.33133597275758,30.055566692556667,28.950160570436672,30.01744842529297,151075400
2022-02-10,28.259287743050397,29.97456999560728,27.539820808767477,28.02581787109375,254286600
2022-02-11,28.006759828173923,28.37364003123658,25.043133133727185,25.386188507080078,268511200
2022-02-14,25.205129684931762,26.191417194399783,24.633368362068484,25.457656860351562,190125000
2022-02-15,26.6011801937694,27.36829130729204,26.37247420464829,27.301586151123047,163444600
2022-02-16,26.810822686869116,27.53981727811041,26.062768962079016,27.29681968688965,186181000
2022-02-17,26.51065122822011,26.70600282918343,24.762016387594702,24.876367568969727,157671200
2022-02-18,25.057423881799494,25.15271773764883,23.494611189155258,24.033018112182617,226165400
2022-02-22,23.365966706897545,24.538076324223976,22.49403030682202,23.289731979370117,262876200
2022-02-23,23.937731431737546,24.12355349256656,21.42674712862296,21.50774574279785,260920400
2022-02-24,19.420814107633653,23.751903667774993,19.349345074626108,23.61372947692871,389734800
2022-02-25,23.823372387867483,24.781071158124966,22.98955435429212,24.73342514038086,238372200
2022-02-28,24.0425484447716,25.34330443841605,23.785255571062805,24.9954833984375,243401000
2022-03-01,24.738187555002728,25.238479799682477,23.275432722130102,23.842430114746094,248145000
2022-03-02,24.142605958365664,25.2765990518016,23.54702161775969,24.981189727783203,219495800
2022-03-03,25.61012498751909,25.624418429142644,23.52319708426517,23.937725067138672,223888600
2022-03-04,23.427906410349674,23.728081448215466,22.393972794204263,22.91332244873047,231391000
2022-03-07,22.894263323585392,23.127733201503,20.311810310818693,20.354692459106445,249752600
2022-03-08,20.19745672186021,21.917504661074616,19.425579892718467,20.073575973510742,355936000
2022-03-09,21.631622122248967,22.489263135636058,21.131329864992406,22.222440719604492,219074200
2022-03-10,21.39339454424747,21.73644995747814,20.578633621073248,21.50774574279785,225574800
2022-03-11,22.079499358100623,22.14144062893686,20.054512910907285,20.173629760742188,197814800
2022-03-14,19.9211068471344,20.55004380229021,18.84905497117618,18.991994857788086,246265200
2022-03-15,19.47322353311365,20.91215540297131,19.17305035812771,20.75015640258789,211407200
2022-03-16,21.517269331636253,23.09914107335143,20.81686161926741,23.080081939697266,326175000
2022-03-17,22.67508595596901,23.91390059553732,22.41302922270407,23.851961135864258,192061600
2022-03-18,23.566077136517166,25.448123727536128,23.313549996477423,25.333770751953125,201569600
2022-03-21,25.186073986802654,25.695894099714675,24.190256774019662,25.152721405029297,221094600
2022-03-22,25.286129731287716,26.84417865293575,25.190835869084495,26.639297485351562,186689200
2022-03-23,25.996066627862422,26.81082559074061,25.491010439590617,25.514833450317383,205499400
2022-03-24,25.934123951532204,27.20152732039242,25.44812692500367,27.168174743652344,171150600
2022-03-25,27.177707356239313,27.42547068091283,26.134242340344013,27.125295639038086,198789400
2022-03-28,27.120527950220936,28.402226628105353,26.839413883337134,28.359344482421875,183407400
2022-03-29,29.312276322448188,29.998388762889707,28.654750764371528,29.81256675720215,204013400
2022-03-30,29.388512660460993,29.798274961049053,28.492753339471683,28.91680908203125,167818800
2022-03-31,28.892988185497057,28.983518171480263,27.587468286041148,27.72087860107422,168098800
2022-04-01,27.83999460082653,28.025816624537462,26.872766211982874,27.601760864257812,176162600
2022-04-04,27.816171410584595,29.32657241821289,27.744700563045065,29.32657241821289,137515000
2022-04-05,28.978749493979354,29.140748495939192,27.09193887179702,27.387348175048828,172097600
2022-04-06,26.11994482563288,26.38200155321652,24.96689449723326,25.586301803588867,296859800
2022-04-07,25.362365705513394,26.248595577726398,24.576195393205875,25.753068923950195,229654000
2022-04-08,25.357600805179572,25.533893270378293,24.53807612764077,24.700075149536133,204182400
2022-04-11,23.742377977363272,23.952023036985466,22.846618508833192,22.94667625427246,185914600
2022-04-12,23.899606453397986,24.290309604470988,22.341557723718513,22.651262283325195,247928200
2022-04-13,22.708437559304745,24.223604126653683,22.551204253112157,24.009193420410156,190084600
2022-04-14,24.023488320768166,24.133077435399173,22.312971894211937,22.393970489501953,167843600
2022-04-18,22.14143942785293,22.875197801672538,21.831734908050855,22.455907821655273,175525400
2022-04-19,22.265323240993514,24.02348743930983,22.065207788740178,23.899606704711914,172372600
2022-04-20,24.09496131221572,24.175961732298518,22.60361752936912,22.82279396057129,215629400
2022-04-21,23.651845854299964,24.190254625590747,21.245685399265874,21.483919143676758,268626400
2022-04-22,21.46485712247638,21.712620401467454,19.668574712975325,19.778162002563477,248824800
2022-04-25,19.44463679334435,20.56433454528082,19.206403074414972,20.51192283630371,332878800
2022-04-26,20.116451282776715,20.149803850517763,18.15340457173393,18.2058162689209,332263200
2022-04-27,18.18675824999333,19.163517791585363,17.80558472569286,18.124818801879883,316698600
2022-04-28,18.97770174875726,20.35945643378903,18.23917565602209,20.040224075317383,344698400
2022-04-29,19.244522219348006,19.90204788459657,17.248124029468247,17.405357360839844,320116800
2022-05-02,17.27194711273792,18.239175569425868,16.73830401431484,18.224882125854492,311905600
2022-05-03,18.19629038936139,18.66322824988024,17.772234669991153,18.26776123046875,285565600
2022-05-04,18.33923347164876,20.226044191074852,17.405355861737014,20.078338623046875,438806800
2022-05-05,19.296933274924992,19.301697150072833,16.447657913181377,17.086124420166016,455552600
2022-05-06,16.71924178618005,17.40535421442235,15.771070823726044,16.490537643432617,466794400
2022-05-09,15.51378222291652,15.923542740037723,14.298789570766232,14.541788101196289,420419800
2022-05-10,15.590015352249253,15.761543922934292,14.427434534208647,15.04207706451416,463579600
2022-05-11,14.699022234514683,15.532839432445467,13.565029100452755,13.703205108642578,529531800
2022-05-12,13.069502116166063,14.241611590558426,12.716916317150728,13.593616485595703,590993000
2022-05-13,14.222552962341224,15.246957754729191,13.998612688693358,15.070664405822754,395948000
2022-05-16,14.83243053279749,15.142135085920705,14.379787024552662,14.603726387023926,318388000
2022-05-17,15.451840455936127,15.761545043647553,14.88484390269211,15.704367637634277,307981400
2022-05-18,14.989666628788786,15.09925484092317,13.193384902587786,13.412559509277344,328105200
2022-05-19,13.121913912162697,13.827085514837403,12.883680188924792,13.140972137451172,392015600
2022-05-20,13.650793003886822,13.741322078776266,11.87833432055898,13.026620864868164,458111200
2022-05-23,13.174324722211512,13.736556454839679,12.845561929459706,13.669851303100586,341040600
2022-05-24,12.936089581189874,13.036148206622958,12.116565989670086,12.816972732543945,366488600
2022-05-25,12.597799772620355,13.62696940336742,12.573975854581574,13.331559181213379,361283800
2022-05-26,13.226736713516182,14.66566865156348,13.18861935331312,14.446493148803711,337131600
2022-05-27,14.913428115324198,15.88542197316717,14.899134676043161,15.86159896850586,315035800
2022-05-31,15.86636454962511,16.199892103507224,15.11831085378124,15.747247695922852,369158600
2022-06-01,16.061715814817457,16.40477292865114,15.032546290895322,15.380367279052734,398894200
2022-06-02,15.208841756589786,16.666831967790635,14.984902371707923,16.62871551513672,336861400
2022-06-03,15.79013191384976,16.02360177756422,15.132607194754168,15.313664436340332,324723800
2022-06-06,16.018835388292512,16.261834809098723,15.246958617218,15.504251480102539,300958600
2022-06-07,14.970608242471123,16.00930658441379,14.794314875185998,15.880661964416504,274886600
2022-06-08,15.761543703015613,16.17130417244925,15.404193124934196,15.556662559509277,225706000
2022-06-09,15.280312253053104,15.752015867707668,14.260672115655515,14.289259910583496,275959400
2022-06-10,13.464969386432344,13.636497948294375,12.707386116594352,12.764562606811523,343352200
2022-06-13,11.563862618111028,11.902153994994789,10.872984608118067,10.996866226196289,426731400
2022-06-14,11.263690942034124,11.373279153169156,10.730047873088768,11.068339347839355,393201000
2022-06-15,11.463806687077772,12.350036442198915,11.120750447412917,11.864039421081543,549823000
2022-06-16,10.953986665672904,11.015927943656147,10.158285980613398,10.415578842163086,424284400
2022-06-17,10.51563589688651,11.092161952201689,10.31551954255745,10.80151653289795,441181000
2022-06-21,11.349454275414102,11.902156433111934,11.330396050384618,11.616275787353516,318408200
2022-06-22,11.297044644266505,12.12609894210539,11.220809912546327,11.573396682739258,388973600
2022-06-23,11.883098125994017,12.183272211253566,11.516217981618281,12.068920135498047,365372800
2022-06-24,12.440565548722597,13.360147882859916,12.41197684707606,13.331559181213379,303635000
2022-06-27,13.507851616332626,13.579321547985177,12.864620413880695,13.01708984375,338262000
2022-06-28,13.083796598687316,13.441147209618842,11.797334944607575,11.830687522888184,373741600
2022-06-29,11.806863337287046,12.049861837591289,11.48286533688139,11.854509353637695,380182200
2022-06-30,11.463805647543193,11.85927356209201,10.83963359395663,11.43521785736084,512407800
2022-07-01,11.244632469331355,11.67345301040463,11.006398734425138,11.621041297912598,417200800
2022-07-05,11.154103674199622,12.235685075797777,10.958752079400433,12.221390724182129,441108000
2022-07-06,12.27856727352798,12.731210837786525,12.045098315560805,12.454859733581543,412245800
2022-07-07,12.569210501289565,13.341088143760219,12.564446626687275,13.226736068725586,275732600
2022-07-08,12.85985391311894,13.488790681727805,12.726442725406098,13.288674354553223,319458400
2022-07-11,12.95991568337476,12.993268261218063,12.321449194178543,12.440566062927246,258448200
2022-07-12,12.597799803183149,12.85509175709934,11.868804267639758,12.078450202941895,319233000
2022-07-13,11.358983240105745,12.30715328638369,11.287513309652633,12.002214431762695,361151000
2022-07-14,11.65915702609549,12.235683056387469,11.254160460512798,12.12609577178955,351647000
2022-07-15,12.516799330519586,12.793150397525368,12.297623844941494,12.764562606811523,308760400
2022-07-18,13.15526579162794,13.341087795104258,12.302388671364824,12.469152450561523,319900400
2022-07-19,12.936091508300471,13.636499264304646,12.716916910360094,13.560263633728027,298643400
2022-07-20,13.655558576896523,14.413141980125287,13.550736053296246,14.241613388061523,377126200
2022-07-21,14.298789922662234,14.856256939417708,13.922380157794423,14.84672737121582,319381800
2022-07-22,14.71331492270412,15.023019502056743,13.793733478426637,14.070084571838379,298800800
2022-07-25,14.07008524974715,14.136790407263685,13.536441263246031,13.86043930053711,220897600
2022-07-26,13.574558517000996,13.612675879388776,12.888445085231368,13.021856307983398,231755600
2022-07-27,13.62697014126492,14.889608784426356,13.545970633126057,14.646610260009766,341919000
2022-07-28,14.618023006686181,15.161195664434745,14.065320780853348,15.065902709960938,324071800
2022-07-29,15.308901763495616,16.033132604292703,15.089726234059016,15.894956588745117,292146400
2022-08-01,15.618602904831473,16.400009255806154,15.456603894196784,15.871131896972656,285283000
2022-08-02,15.50424845303871,16.366653218197772,15.347013350559406,15.72342300415039,325375000
2022-08-03,15.98548147268085,17.129004000215318,15.871130310474774,16.981298446655273,294213800
2022-08-04,17.005123959110232,17.281475974047403,16.65730291166047,17.224300384521484,253567200
2022-08-05,16.404776604044283,17.143300885050316,16.27136628214313,16.814538955688477,283898600
2022-08-08,16.962237636394576,17.54829410066766,16.4095355601771,16.64300537109375,267787800
2022-08-09,16.333307715471275,16.376189869467883,15.813957991547689,16.071250915527344,218406000
2022-08-10,17.219535099962815,17.457768849143438,16.824068021464196,17.391063690185547,271554400
2022-08-11,17.78652707017576,18.11528888775847,16.995589523311324,17.12900161743164,273361000
2022-08-12,17.438707783991976,18.129585943709543,17.267181030322092,18.096233367919922,211187000
2022-08-15,17.938999001148336,18.620347553778743,17.93423330912773,18.529817581176758,196308400
2022-08-16,18.372581494517384,18.763284572372374,17.881818892760077,18.41069793701172,220755800
2022-08-17,17.872295518693537,18.26300054946718,17.41488714484349,17.77223777770996,262838400
2022-08-18,17.753175708393893,18.086703274155806,17.481589417685523,17.8913516998291,192140800
2022-08-19,17.381533141338597,17.48635656668867,16.70971407926046,16.843124389648438,224256600
2022-08-22,16.147482057574496,16.185600327116966,15.370839582648474,15.518545150756836,224975400
2022-08-23,15.451840628476766,15.890189840664858,15.342253325429743,15.466134071350098,219509800
2022-08-24,15.38989926014578,15.866366740754499,15.294605400508196,15.585250854492188,187005600
2022-08-25,15.856835442234804,16.409537586709458,15.694836443807112,16.404773712158203,222052600
2022-08-26,16.366657446761455,16.552481293405126,14.389318466821605,14.408376693725586,366276600
2022-08-29,13.984319639623168,14.351199788995217,13.798496718799017,13.96526050567627,248441000
2022-08-30,14.19396642199205,14.270201144781455,13.13144326913426,13.498323440551758,327014800
2022-08-31,13.893790059548598,14.00814213265231,13.231500628693542,13.250558853149414,341030600
2022-09-01,12.902737189790772,13.307734662620337,12.397681998915374,13.264852523803711,397320400
2022-09-02,13.646027279668457,13.836614983941434,12.469153022367312,12.712151527404785,454463000
2022-09-06,12.750269692704025,12.874151344798715,12.13086143223057,12.421506881713867,361083400
2022-09-07,12.473915440891275,13.293438960489299,12.440562871603762,13.155263900756836,331569600
2022-09-08,12.878916609511954,13.54120613122104,12.693093670036102,13.369677543640137,410799800
2022-09-09,13.665085613672547,14.303552022759135,13.655556047258845,14.217787742614746,298735800
2022-09-12,14.436962803874296,14.784784719379228,14.38455200441179,14.737137794494629,273141200
2022-09-13,13.455440932097776,13.631734291781981,12.178507996667058,12.311919212341309,391296600
2022-09-14,12.450093246113275,12.70738608833412,12.216624320092217,12.588269233703613,309291800
2022-09-15,12.330976706931827,12.650209921859739,11.744921985266847,11.954567909240723,393730600
2022-09-16,11.535275985114348,11.783039265557298,11.277984046800128,11.721098899841309,392143600
2022-09-19,11.406630163337644,12.021272655781772,11.397100596933369,12.002214431762695,302692600
2022-09-20,11.68774750255857,12.002215963722515,11.425689845728892,11.71633529663086,322118600
2022-09-21,11.821156669858809,12.350035807345979,11.0683381677007,11.073102951049805,591115200
2022-09-22,10.88728181355524,11.011163464153418,10.515636861760715,10.663341522216797,431084000
2022-09-23,10.386990489176435,10.41557919172335,9.743760131293667,10.153521537780762,561304000
2022-09-26,10.082050722657574,10.582341159478672,9.924816507474699,10.015345573425293,490607800
2022-09-27,10.396519672343981,10.64904774943524,9.76758278019621,10.02487564086914,543921200
2022-09-28,10.020111808135232,10.763400850408072,9.853348002110076,10.610931396484375,512039000
2022-09-29,10.1535209436757,10.191638302718344,9.348291620301147,9.715170860290527,540195600
2022-09-30,9.6055816113791,10.04869638804514,9.186290747258692,9.20534896850586,513197600
2022-10-03,9.386409382708406,10.010581504650489,9.224410372618161,9.843817710876465,447222600
2022-10-04,10.434638418332636,10.849165557107796,10.429873634118017,10.758636474609375,463323600
2022-10-05,10.325051107765406,10.958752867675027,10.010582619917903,10.758636474609375,458399000
2022-10-06,10.625224196236307,10.987339581766912,10.444166957865791,10.487049102783203,475087200
2022-10-07,9.948641497480798,9.962935850359663,9.129117683675782,9.291116714477539,501945200
2022-10-10,9.300645174590848,9.34352731932697,8.719354283185437,9.000470161437988,412999600
2022-10-11,8.82417699000908,9.119586286625717,8.452532068779975,8.643118858337402,529747000
2022-10-12,8.68600195711092,8.881353551541068,8.543062076382867,8.624061584472656,401483800
2022-10-13,7.871242589579033,9.348291884627232,7.775948734883194,9.200586318969727,829507200
2022-10-14,9.457880641909874,9.51982102087464,8.319122628478823,8.37153434753418,670132600
2022-10-17,8.962351882530463,9.291114655573342,8.957587099293379,9.195820808410645,460050800
2022-10-18,9.943875792727672,10.00581615956234,9.133880787723488,9.42452621459961,692553800
2022-10-19,9.248232713720267,9.64370064299112,9.05764592409386,9.310173988342285,519702200
2022-10-20,9.21011629355203,9.753288926489496,9.033822927204303,9.152939796447754,529703000
2022-10-21,9.043352392704955,9.858112241697702,8.924235524806978,9.800935745239258,627458000
2022-10-24,9.829523511307352,10.229756259017151,9.434055547354765,10.1344633102417,549244000
2022-10-25,10.234520858051319,10.78722304085777,10.22975607438011,10.744340896606445,476799600
2022-10-26,10.091578374098848,10.720515115466597,9.972461539482554,10.034401893615723,558931800
2022-10-27,9.905756496771355,10.062990683603154,9.419759588822398,9.48169994354248,513258800
2022-10-28,9.41023213398904,10.391754826161762,9.39117299977717,10.339344024658203,510777200
2022-10-31,10.091580009049558,10.18210907248569,9.762817237784263,9.981992721557617,419122200
2022-11-01,10.358402278757918,10.420343556328435,9.629406751347437,9.67228889465332,430464800
2022-11-02,9.662759321517823,9.996285960467402,8.662177587090179,8.671707153320312,662952600
2022-11-03,8.409649998817414,8.552590773789282,8.119005483074679,8.171416282653809,424463600
2022-11-04,8.638354703804158,8.743178127283187,8.02847693282608,8.552591323852539,764740400
2022-11-07,8.652650097526658,8.881354289202946,8.438239349836591,8.824178695678711,401886800
2022-11-08,8.981412207470028,9.348292386311538,8.619296812497971,9.014764785766602,592112600
2022-11-09,8.828943934019007,8.90994345300229,8.352476389126686,8.385828971862793,431138200
2022-11-10,9.600818110790787,10.263108427360308,9.386408321987693,10.220226287841797,656884800
2022-11-11,10.210697036495366,10.877751247995736,10.062992389592093,10.80151653289795,614268400
2022-11-14,10.563285286695637,10.9396941667534,10.396521467697262,10.51563835144043,428451800
2022-11-15,11.268455300673379,11.411396084624892,10.568048458316522,10.939692497253418,636531400
2022-11-16,10.720519538201733,10.75863690465264,10.396521468974173,10.496580123901367,383358800
2022-11-17,9.98199353143858,10.582341724142092,9.96293439704695,10.415578842163086,426924400
2022-11-18,10.74910598328503,10.758635550896079,10.139228196811297,10.406049728393555,389577000
2022-11-21,10.253579391087449,10.386989690894962,9.991521757285032,10.091580390930176,288222600
2022-11-22,10.16305248461542,10.529932704653902,9.924818717129085,10.51563835144043,292477200
2022-11-23,10.506106819242092,10.89681088828795,10.487048593975446,10.83010482788086,357567000
2022-11-25,10.644281332591738,10.720516040621899,10.553752276009899,10.60616397857666,134753000
2022-11-28,10.38699025543044,10.610930543060562,10.034404444392516,10.139227867126465,262765200
2022-11-29,10.158285514619857,10.20593243962366,9.753288015271794,9.896228790283203,275805400
2022-11-30,9.934348797088386,11.268457600139644,9.839054921674833,11.22557544708252,545469800
2022-12-01,11.29228042444474,11.516219828446564,10.963517585931276,11.287515640258789,411007200
2022-12-02,10.696694949089949,11.258925794213503,10.668106246871284,11.15410327911377,363310000
2022-12-05,10.901574924274623,11.054045272610876,10.415578812916877,10.59187126159668,301980000
2022-12-06,10.568046543082453,10.582339982734528,9.767581206147929,9.920050621032715,339801000
2022-12-07,9.79617096146859,10.020111254742119,9.61511372213108,9.800935745239258,347335800
2022-12-08,9.94387579304538,10.244049877974456,9.715170732996619,10.14875602722168,377840200
2022-12-09,10.029638182494704,10.334577929661378,9.896227895099369,9.95340347290039,354007800
2022-12-12,9.962934476605323,10.320285070196014,9.848582395711048,10.315520286560059,225655000
2022-12-13,11.520982720371402,11.544805728598702,10.34887235804014,10.639517784118652,695385600
2022-12-14,10.582341166783381,10.95398608874012,10.043933371630832,10.38698959350586,578911000
2022-12-15,9.939110373772582,10.020109869093632,9.219644482106652,9.357819557189941,428053200
2022-12-16,9.281586880127646,9.438821122134287,8.914706679182267,9.081470489501953,351284200
2022-12-19,9.100528925511533,9.114822368091048,8.566884955329767,8.705060958862305,310533000
2022-12-20,8.576414476178012,8.843236005420247,8.419180247133,8.666943550109863,345762400
2022-12-21,8.77176674668538,9.171999525976622,8.686002449867306,9.043353080749512,326374600
2022-12-22,8.731082944308083,8.740661971189251,7.9408314967374345,8.400614738464355,460900400
2022-12-23,8.242564574562586,8.486824309787844,8.060567608407938,8.424562454223633,330134600
2022-12-27,8.36229878532576,8.371877812383778,8.007883005735836,8.065356254577637,263200600
2022-12-28,8.0222528558297,8.237776432284422,7.710941733677897,7.739677906036377,364869200
2022-12-29,7.983936329659839,8.381456816412284,7.916884967450556,8.28566837310791,306109800
2022-12-30,8.027041037796177,8.28566837310791,7.90251642690301,8.28566837310791,301941200
2023-01-03,8.496399197372183,8.640081808164474,7.888144912748512,8.098878860473633,359851800
2023-01-04,8.300036220857391,8.37666660370209,7.921673819749978,8.223405838012695,435272800
2023-01-05,8.050988068470279,8.07014612342983,7.797150234800618,7.835465431213379,362504000
2023-01-06,7.974356481774066,8.573031907034975,7.710939660061747,8.448507308959961,466895200
2023-01-09,8.65924093190992,9.080708010732481,8.56824201550842,8.625715255737305,372042800
2023-01-10,8.534718797400947,8.855608940124512,8.477246454125744,8.855608940124512,328723000
2023-01-11,8.94660598337503,9.305811249858463,8.869975599605729,9.296232223510742,302550000
2023-01-12,9.348916686463951,9.540492660877906,8.903501975010071,9.43991470336914,561852600
2023-01-13,9.181287586516818,9.660227990793114,9.147761904378491,9.626702308654785,319566000
2023-01-17,9.607544306905918,9.823067855419591,9.487809205177507,9.6793851852417,279515800
2023-01-18,9.856592591801972,10.014642874375083,9.286653306490232,9.320178985595703,373300200
2023-01-19,9.133392173487561,9.24833774591798,8.898711515587184,9.02802562713623,332741400
2023-01-20,9.186077035792593,9.794331564201581,9.080709562946309,9.765594482421875,322650400
2023-01-23,9.842223677758895,10.536687540124104,9.760803782954051,10.407373428344727,388084200
2023-01-24,10.230168157542439,10.474427893158637,10.172694902424228,10.345113754272461,290013000
2023-01-25,9.847014153863157,10.340323083986819,9.569228764450392,10.268482208251953,436167200
2023-01-26,10.642053652635488,10.881523814235347,10.345111163815119,10.862366676330566,406837800
2023-01-27,10.709106584618553,11.408359061464408,10.69473804516736,11.173678398132324,376822200
2023-01-30,10.800106860987274,10.967736202413013,10.464849091642217,10.503164291381836,347816000
2023-01-31,10.50795003748145,10.977311294359666,10.488791987728334,10.972521781921387,316513800
2023-02-01,10.948578179714792,11.949563720190351,10.709107972204015,11.681356430053711,543277600
2023-02-02,12.433291907527463,13.14691388227415,12.33271486555354,12.888285636901855,535770200
2023-02-03,12.074086796556585,12.998441895657951,12.02619348834917,12.222558975219727,534808400
2023-02-06,11.901667273990066,12.189031652054412,11.743617003080603,11.911246299743652,323632400
2023-02-07,11.892088506974817,12.782917824304372,11.75319628455062,12.64881420135498,519789200
2023-02-08,12.476396008055302,12.59613109801171,11.882510071492263,11.968719482421875,362514400
2023-02-09,12.476396655729841,12.495554709600395,11.461043551753992,11.64783000946045,395196800
2023-02-10,11.379622409745497,11.619092575993914,11.120994191714237,11.408358573913574,367863400
2023-02-13,11.561617886919285,12.02140102358584,11.422725682904334,11.949560165405273,279739800
2023-02-14,11.753197159309943,12.327925057212394,11.518515573305232,12.208189964294434,511474400
2023-02-15,11.983087482638947,12.500343011425208,11.9016675885936,12.481184959411621,275527400
2023-02-16,11.892090343451418,12.390188808321545,11.748408585857678,11.767565727233887,388993000
2023-02-17,11.508937674683597,11.604725202699857,11.159310502580723,11.513727188110352,389804800
2023-02-21,11.063522358338268,11.231151664912803,10.675580927441832,10.704317092895508,300937600
2023-02-22,10.752212902523155,10.943788889748308,10.527110318215533,10.713897705078125,334677400
2023-02-23,11.106626030491325,11.125783167843654,10.512740156470842,10.982101440429688,359540000
2023-02-24,10.416952765305005,10.551056394134394,10.225376805196046,10.426531791687012,345563600
2023-02-27,10.766579800852542,10.919840580244474,10.5845828537012,10.651634216308594,277508800
2023-02-28,10.575002780526738,10.8815243089893,10.536687589468919,10.598949432373047,254631600
2023-03-01,10.565424135911858,10.637265007551228,10.23495594366951,10.340322494506836,308773800
2023-03-02,10.062536194827029,10.680368730271038,10.033800031517256,10.589370727539062,315874600
2023-03-03,10.776161348529683,11.269470396902499,10.718688086061324,11.235943794250488,303353200
2023-03-06,11.379624816910344,11.724461600390153,11.255100194499372,11.283836364746094,303699800
2023-03-07,11.283833758803603,11.38920121455149,10.785736297699106,10.862366676330566,352663000
2023-03-08,10.895892934521857,11.082679378220242,10.694737951498128,11.010838508605957,290985600
2023-03-09,11.068310760679374,11.35567421338872,10.340321276535121,10.431320190429688,393667400
2023-03-10,10.450478867842023,10.613318668913406,9.875750964213264,10.000274658203125,629715200
2023-03-13,9.80390935446868,10.608529347625094,9.64106955044863,10.215798377990723,659081400
2023-03-14,10.594160606328773,10.97252299574791,10.498372173978863,10.910261154174805,434325800
2023-03-15,10.618108425027955,11.120995466387372,10.455268620234063,11.068312644958496,549118800
2023-03-16,10.95815580531826,11.987878382522394,10.881525415410923,11.94477367401123,456714200
2023-03-17,11.939984567151443,12.217769968403989,11.542464063402003,11.767565727233887,403540600
2023-03-20,11.700512932195117,11.935193594787089,11.441884703926684,11.892088890075684,328356000
2023-03-21,12.121981678501216,12.452450821468108,11.939984722284091,12.394977569580078,270290200
2023-03-22,12.385341142452704,12.98750671924636,11.874704990604572,11.88915729522705,475836200
2023-03-23,12.332352436441415,12.818902381670055,11.985504441282549,12.313082695007324,392994400
2023-03-24,12.25527367887908,12.447966473439877,11.966234027622024,12.438331604003906,338830200
2023-03-27,12.52022509451055,12.65029306436789,12.072213810889698,12.183012962341309,273591200
2023-03-28,12.110753248239186,12.110753248239186,11.70128140928206,11.98068618774414,236041400
2023-03-29,12.409428395767874,12.703285493138754,12.31789897024007,12.635842323303223,238730600
2023-03-30,12.92006359906913,13.050131575421778,12.761091934248679,12.977871894836426,260300000
2023-03-31,13.006776959471676,13.64266368603276,12.963420962766895,13.613759994506836,254044200
2023-04-03,13.3343552011234,13.546317749718861,13.165748649259548,13.517413139343262,250232600
2023-04-04,13.565585272069256,13.695653249808519,13.209103381060379,13.382527351379395,232180800
2023-04-05,13.233190693701584,13.257277868634578,12.722554529935168,12.95378589630127,258274000
2023-04-06,12.746640471901387,13.276546362554912,12.578034845684503,13.213921546936035,241920600
2023-04-10,12.833352198276332,13.189834101691593,12.606938277126995,13.185017585754395,237057600
2023-04-11,13.180200036917832,13.18501747164507,12.862256695573912,12.929698944091797,208521600
2023-04-12,13.170564158926265,13.242823836638097,12.525042656214815,12.587667465209961,348038600
2023-04-13,12.780364309584781,13.363260227925592,12.761094567408946,13.310269355773926,247523000
2023-04-14,13.10793998483068,13.454787949091253,12.862257235255123,13.233190536499023,285332200
2023-04-17,13.175381884108686,13.305449858160005,12.915245936006052,13.247641563415527,228617800
2023-04-18,13.52223094628994,13.57522181460409,13.103124191467261,13.257278442382812,212829800
2023-04-19,12.944152208196094,13.363258953397288,12.929699902942616,13.228373527526855,191850600
2023-04-20,12.84780523813999,13.286181720061341,12.751458374908838,12.920064926147461,273695200
2023-04-21,12.862257321670947,13.050132691019835,12.645477342551642,12.944151878356934,228888000
2023-04-24,12.915248401441774,13.088672399949028,12.592487581348744,12.867074966430664,215290800
2023-04-25,12.659928977777486,12.74182353013158,12.125205670122423,12.139657974243164,276576000
2023-04-26,12.534682371898688,12.712922917921949,12.288998637611048,12.341989517211914,249724600
2023-04-27,12.794814157157655,13.406614615114282,12.712919600432501,13.33917236328125,255631200
2023-04-28,13.31508586951995,13.623395291166016,13.165749053323275,13.608942985534668,261072200
2023-05-01,13.55595270015568,13.743829006117382,13.425885619206019,13.570405006408691,178002600
2023-05-02,13.555949632716244,13.594488188505244,12.987505245704744,13.209102630615234,249312000
2023-05-03,13.24764343450205,13.584856544003914,12.924882630435455,12.948968887329102,340267600
2023-05-04,12.900794021746572,13.045313374426394,12.659927821392442,12.804447174072266,242621600
2023-05-05,13.064584558998515,13.710105202143627,13.021228564624566,13.589672088623047,195603200
2023-05-08,13.536682762665299,13.748645309429854,13.401797338572987,13.700471878051758,151477000
2023-05-09,13.483690738337334,13.594488977809771,13.396978753069618,13.435517311096191,129681400
2023-05-10,13.739010645150145,13.979876886816179,13.425884714750662,13.869078636169434,303102000
2023-05-11,13.926886177952959,14.061771605598844,13.724558495900032,13.984694480895996,194683000
2023-05-12,14.056953701579387,14.114761083762447,13.570403793851721,13.840173721313477,210763400
2023-05-15,13.89798217524364,14.090674982693606,13.69565449771323,14.052136421203613,172935200
2023-05-16,13.960607983307131,14.326724802846053,13.9509731125433,14.105128288269043,159327000
2023-05-17,14.23519497534196,14.683206346344,14.081040722702939,14.610946655273438,202209200
2023-05-18,14.644666341739011,15.434708186999483,14.644666341739011,15.39616870880127,271867600
2023-05-19,15.429891693020624,15.531056916651748,15.150487793063363,15.290189743041992,198058400
2023-05-22,15.26128520160715,15.588863436913291,15.256467766519496,15.4491605758667,166624800
2023-05-23,15.203474901011395,15.367263997135693,14.803637029609531,14.851810455322266,212630000
2023-05-24,14.582042962611578,14.789188084157194,14.341176713155154,14.610946655273438,235945000
2023-05-25,15.588864111329874,15.834546879606592,15.261285861851809,15.66594123840332,261747000
2023-05-26,15.805639573739665,16.9810658840103,15.796004705910011,16.850997924804688,252784400
2023-05-30,17.491706742102224,17.665128888605178,16.8799062813653,17.087051391601562,270612800
2023-05-31,16.84618559219747,17.144859218417178,16.57159822270033,16.740203857421875,210289000
2023-06-01,16.735386525755718,17.549513724359223,16.57641393133784,17.347185134887695,216759200
2023-06-02,17.612142770533346,17.91563295531072,17.347188396684107,17.73739242553711,216505600
2023-06-05,17.7084844093217,18.16131409752699,17.612139387516187,17.775928497314453,206261800
2023-06-06,17.674766878389768,17.901181768534762,17.46762173158985,17.756662368774414,159509000
2023-06-07,17.795192920153056,18.093868309882897,16.749834569088033,16.850997924804688,228485400
2023-06-08,16.87027321598482,17.52542974284462,16.836552086307954,17.4290828704834,188153800
2023-06-09,17.669945408918295,18.122773224627505,17.43871406657763,17.641040802001953,207944000
2023-06-12,17.89636373010519,18.5515184091663,17.747025988372304,18.541885375976562,154857400
2023-06-13,18.96580590521675,19.091057370405267,18.459987203896237,18.9561710357666,266534200
2023-06-14,18.9561730285298,19.41381926837296,18.508161659149657,19.360828399658203,305313000
2023-06-15,19.144045104911417,20.276115434174244,19.033245043174038,20.04006576538086,255874000
2023-06-16,20.430275606629213,20.44472699382805,19.582427200463222,19.654685974121094,224810400
2023-06-20,19.409000378181275,19.789569445438968,19.076603819683342,19.55833625793457,168249800
2023-06-21,19.3689045869806,19.436560143279383,18.605359095092894,18.774497985839844,199266600
2023-06-22,18.542528813470447,19.422054425178036,18.479706872259193,19.397891998291016,210199200
2023-06-23,18.76483426535893,19.19009828378998,18.547368663050083,18.822824478149414,225152400
2023-06-26,18.730998493741577,19.17076130357926,18.044775977863555,18.078603744506836,216900000
2023-06-27,18.291242345798597,19.08861563503198,18.170428322792066,18.972633361816406,195354000
2023-06-28,18.687511980801798,19.397899017896197,18.668183138382567,19.08861541748047,217352600
2023-06-29,19.02095941079425,19.11761099450888,18.687511539152563,18.9581356048584,198266400
2023-06-30,19.52354277870348,19.98263449548877,19.470384324724055,19.813495635986328,184308800
2023-07-03,19.910147241936958,20.050291922071036,19.736174789836074,19.948806762695312,79868000
2023-07-05,19.6781895769506,20.21943590914386,19.673355983458034,19.934314727783203,139007400
2023-07-06,19.315745086633505,19.533208836359563,18.987130822123426,19.465553283691406,170473400
2023-07-07,19.422057771255194,19.939141538316846,19.223922887086477,19.26741600036621,168624800
2023-07-10,19.214262075615466,19.38340281978846,18.81316046390097,19.281919479370117,172013600
2023-07-11,19.33990745441826,19.62986034871022,18.991962506487475,19.557373046875,162478600
2023-07-12,20.21459772582258,20.509382313401485,19.88598352498934,20.28225326538086,230335400
2023-07-13,20.789678139912787,21.437241403123046,20.69786014237038,21.292264938354492,164773200
2023-07-14,21.369583633626345,21.92049524888812,21.127955602829033,21.272932052612305,186056400
2023-07-17,21.398575873727037,22.02197657899073,21.31642323558668,21.862503051757812,145525200
2023-07-18,21.75618603617623,22.63571183679295,21.413074707650285,22.384418487548828,196113200
2023-07-19,22.58255338013885,22.78068827272887,22.14279047983049,22.384418487548828,200573800
2023-07-20,21.823840227284624,22.084798901838994,20.630197353414864,20.81383514404297,233862800
2023-07-21,21.205277253301393,21.350253708242054,20.543215098062156,20.63020133972168,205108600
2023-07-24,20.770344870034837,20.929820251881065,20.39340573981726,20.71235466003418,126429200
2023-07-25,20.81867279438774,21.398578615137012,20.81867279438774,21.12795639038086,138199200
2023-07-26,20.934654379982163,21.19077952644005,20.50938849021327,20.910491943359375,205764600
2023-07-27,21.799681084834926,22.07996864004119,20.51422004349796,20.731685638427734,261103200
2023-07-28,21.408240136403908,22.031640810250575,21.326087502403738,21.85283660888672,204487600
2023-07-31,21.90599712910483,22.08963309659202,21.659535516909436,21.896331787109375,159009200
2023-08-01,21.64503737992108,21.857669363121786,21.364748006020907,21.727190017700195,153056600
2023-08-02,21.11345410526964,21.118287697645343,20.06962121263491,20.30641746520996,258044000
2023-08-03,19.866653455503954,20.51904828529312,19.837657433311563,20.161439895629883,201340200
2023-08-04,20.485227084741812,20.862166276763123,19.799004264038828,19.88115692138672,247452800
2023-08-07,20.166270911739925,20.393401801975248,19.784498262379547,20.37407112121582,149792200
2023-08-08,19.95364666280113,19.95364666280113,19.330245793525712,19.852163314819336,188780000
2023-08-09,19.89082144549613,19.914983882339406,19.064453938516024,19.190099716186523,199430600
2023-08-10,19.64919369012499,20.17594293264444,19.025792855280947,19.27708625793457,260554200
2023-08-11,18.86148020451692,19.1707637350396,18.65367998679538,18.89047622680664,201573800
2023-08-14,18.76483285023732,19.54287352330545,18.65368233918067,19.51871109008789,142553600
2023-08-15,19.3640702473738,19.494549605266936,18.788996197526785,18.919475555419922,162553600
2023-08-16,18.808320593843703,19.04994856761955,18.2767397889269,18.291236877441406,190222000
2023-08-17,18.484542522139744,18.537700978597385,17.605016724773478,17.672672271728516,210232800
2023-08-18,17.170086770319532,17.788655764414735,17.09276587649207,17.59052085876465,247002000
2023-08-21,17.817648870061486,18.547366489693157,17.74032798090933,18.441049575805664,191487200
2023-08-22,18.8324869143887,18.837318663260696,18.252579345555784,18.358896255493164,180368000
2023-08-23,18.532872031328143,19.388235611101482,18.49904424937178,19.223928451538086,175454000
2023-08-24,19.755509328113643,19.77000642079336,17.92880006796665,17.957796096801758,232397200
2023-08-25,18.08827021841092,18.63434995393085,17.566352911512197,18.383056640625,278289400
2023-08-28,18.822824993159813,18.929140078938644,18.402392712843035,18.7938289642334,182641000
2023-08-29,18.750334060483894,20.06479108460654,18.697175600909006,19.99230194091797,187495600
2023-08-30,20.02129851991928,20.432065429562005,19.852159637942993,20.32575035095215,185958200
2023-08-31,20.316082859672274,20.77034283998413,20.306417518370914,20.509384155273438,162242800
2023-09-01,20.88149387475852,20.953983021025834,20.175940470789016,20.436899185180664,165058400
2023-09-05,20.282256745294852,20.69302364507585,20.132446708087112,20.49005699157715,123778600
2023-09-06,20.364407210830684,20.412733916122768,19.610529043027277,19.948806762695312,148058200
2023-09-07,19.204594322459645,19.620192935483992,19.030621866857416,19.513877868652344,168623000
2023-09-08,19.480052814330442,19.929481106192803,19.41239541611867,19.571870803833008,149541600
2023-09-11,20.050294245414193,20.34024713686397,19.736177076780667,20.2387638092041,141712800
2023-09-12,19.97780627470149,20.2049372205511,19.523546226477904,19.591201782226562,155524200
2023-09-13,19.610531399885016,20.05029433178092,19.422059991807743,19.784502029418945,170849400
2023-09-14,20.055125195810497,20.412735468262582,19.71684560694511,20.248428344726562,152379800
2023-09-15,20.03096447512892,20.098620029989483,19.054786992271403,19.209428787231445,179839600
2023-09-18,19.05478714154353,19.43655988236246,19.006462271543306,19.25292205810547,124798200
2023-09-19,19.04512201102779,19.24809052293637,18.653683923152727,19.136940002441406,148741400
2023-09-20,19.286786590663127,19.349831670583598,18.28292332947931,18.307170867919922,196038400
2023-09-21,17.72522568297518,17.836765871161724,17.24996676593154,17.264514923095703,216821200
2023-09-22,17.521543320488625,17.836765095135576,17.225718471226948,17.279064178466797,188181200
2023-09-25,17.123880454200343,17.526394933287243,16.978391465404044,17.506996154785156,162538400
2023-09-26,17.1238791339871,17.206321161310854,16.571025089117533,16.726213455200195,210679400
2023-09-27,16.88140014041819,17.104480528319787,16.309149162778983,16.828054428100586,256871600
2023-09-28,16.677715538153848,17.540940714840247,16.551627194917838,17.23541831970215,268145800
2023-09-29,17.739777114538434,17.94345873106801,17.085082240044933,17.274215698242188,286858200
2023-10-02,17.29846371890532,17.894964126426274,17.206322296996625,17.686431884765625,236463200
2023-10-03,17.317859978623744,17.647631761664087,16.50798052760667,16.750459671020508,266539000
2023-10-04,16.8668498191194,17.55064097800345,16.79895595014738,17.429401397705078,252759200
2023-10-05,17.40515245870223,17.458498165759316,16.73106074218601,17.2451171875,218006200
2023-10-06,16.803807455652727,18.27807942386429,16.68741663844086,18.11319351196289,294897400
2023-10-09,17.754326128801857,18.47206429065022,17.526395104104225,18.37992286682129,210966000
2023-10-10,18.433263727541377,19.092807295740524,18.355670475398483,18.680593490600586,216109600
2023-10-11,18.88427824132426,19.112209266967184,18.62240212778508,19.078262329101562,191710800
2023-10-12,19.14130623439625,19.422581109062747,18.48661136669369,18.855180740356445,236509200
2023-10-13,18.957018222719334,19.049159624989844,17.928907242238193,18.142288208007812,259511000
2023-10-16,18.341120285956634,18.913371150825263,18.316872744218575,18.753334045410156,173152200
2023-10-17,18.19563525605715,18.826080662829842,17.87071223989358,18.573902130126953,210387000
2023-10-18,18.17139040745577,18.515710400318763,17.61853817103478,17.788272857666016,263165200
2023-10-19,18.01619906887235,18.190782478516248,17.18691908571183,17.31300926208496,370050400
2023-10-20,17.225720972058227,17.313013623856758,16.498283440383315,16.532230377197266,277722800
2023-10-23,16.328546608046974,17.17237494336093,16.03272357121096,16.677717208862305,263599000
2023-10-24,16.92504621752174,17.259666794498404,16.682567055952486,17.14812660217285,245074600
2023-10-25,16.794108894505413,16.818356443045346,15.799944604613245,15.892086029052734,328363200
2023-10-26,15.702952486058722,15.829040847850383,14.776681151471562,14.965815544128418,374047400
2023-10-27,15.314984069850167,15.630206800288716,15.009460728036707,15.179195404052734,294702200
2023-10-30,15.494417257944777,15.853285345501531,15.314982289181897,15.669002532958984,264305600
2023-10-31,15.673855047112928,15.950281181949933,15.324685338632195,15.89693546295166,222923600
2023-11-01,16.00362340893819,16.794105931674043,15.989075252374702,16.71651268005371,332635600
2023-11-02,17.342108801919775,17.64278429390491,17.167525359760607,17.603986740112305,234134000
2023-11-03,17.797969541191488,18.418715557897112,17.764022609025965,18.224733352661133,228661200
2023-11-06,18.336271703402836,18.530253889241816,18.098641352036662,18.43326187133789,183599600
2023-11-07,18.59815013733412,19.092807827253964,18.413867314595258,18.952171325683594,204502200
2023-11-08,19.010363952040173,19.121904128612034,18.636945873967992,18.986116409301758,187960200
2023-11-09,19.07826139552484,19.25769546545832,18.457515304964083,18.53510856628418,258365200
2023-11-10,18.79213353901073,19.80084765954148,18.70969151856666,19.77174949645996,248927600
2023-11-13,19.51957309054108,19.752352870618306,19.277093921714485,19.592317581176758,180430400
2023-11-14,20.596178987459435,20.98899401493039,20.508886348028323,20.824108123779297,233552400
2023-11-15,21.15388061034043,21.231473864643664,20.659222920418912,20.882305145263672,218432600
2023-11-16,20.736818123044124,20.955049749391204,20.528287735611674,20.9162540435791,178045000
2023-11-17,20.79501365156279,21.09568729734973,20.644675903684718,20.930801391601562,157517000
2023-11-20,20.925952080239284,21.798876679247837,20.92110146109543,21.677637100219727,165655600
2023-11-21,21.381816423570726,21.41576336435679,20.993850064608914,21.28482437133789,148275200
2023-11-22,21.614590380779642,22.026804178585632,21.36241185330963,21.532148361206055,171446400
2023-11-24,21.459407753143328,21.556399796597734,21.265423666234515,21.425460815429688,63975400
2023-11-27,21.34301653539552,21.697037764937463,21.226627565383076,21.362415313720703,121856400
2023-11-28,21.24117228337034,21.62913853718227,21.178127189010578,21.532148361206055,158349000
2023-11-29,21.93951184983438,22.177140354248913,21.401207901103028,21.454553604125977,177523200
2023-11-30,21.483653921384164,21.56124718116915,20.77561519459999,21.275121688842773,186394600
2023-12-01,21.090834919844674,21.551543773292543,20.814407017819505,21.454553604125977,172937600
2023-12-04,20.809557024821878,20.887150265570536,20.23730618056224,20.843503952026367,181143600
2023-12-05,20.518587944128026,21.192679737866186,20.49433854725575,20.993846893310547,167540400
2023-12-06,21.473953918552898,21.493352695436688,20.567082373881316,20.62042808532715,163000600
2023-12-07,21.085990204749468,21.600046755107144,20.906556121593344,21.48365592956543,162755400
2023-12-08,21.168429773176754,21.82312271462798,21.139331610235065,21.740680694580078,181789000
2023-12-11,21.66308606420707,22.346879033429925,21.62913913168851,22.293533325195312,151540000
2023-12-12,22.298383345474736,22.841536146221245,22.099550508149818,22.831838607788086,142899400
2023-12-13,22.977323962435868,23.796902794570936,22.84153438524113,23.63686752319336,230081400
2023-12-14,23.884197538132668,24.116977312447098,23.05976801453831,23.598072052001953,202697800
2023-12-15,23.733857881570632,24.146073535185604,23.61746892876265,23.87934684753418,156731000
2023-12-18,24.000587857341106,24.538890033779694,23.942391527480858,24.378854751586914,116436000
2023-12-19,24.451596693308367,24.761971560492015,24.422500379175197,24.742572784423828,120349600
2023-12-20,24.58816772744277,24.972967156760657,23.60425111659876,23.643218994140625,176165000
2023-12-21,24.300783561356504,24.485877243904607,23.838050284031485,24.427427291870117,149089400
2023-12-22,24.64661503301874,24.812224778566208,24.179011701387235,24.524843215942383,132420000
2023-12-26,24.666101615612096,25.08986706422958,24.656359646230115,24.97296714782715,87371200
2023-12-27,25.01193106375936,25.16292878934514,24.851193227701412,25.10447883605957,111495600
2023-12-28,25.28957046183991,25.333408390975457,24.972964847496982,25.041156768798828,85768200
2023-12-29,25.026543422705146,25.094735340403705,24.354362497508596,24.695323944091797,134245400
2024-01-02,24.03775915331908,24.076727031863708,23.024618466338104,23.443513870239258,176270600
2024-01-03,22.975909122609664,23.156132777699426,22.615465528611658,22.69339942932129,167812200
2024-01-04,22.342692980684834,22.87849010275617,22.274501058878965,22.31346893310547,143735400
2024-01-05,22.337822706625104,22.85413402843477,22.147858966858117,22.396272659301758,170481600
2024-01-08,22.59597994139991,23.81857012612387,22.5667558920713,23.745506286621094,135374200
2024-01-09,23.214578059959017,24.06698074008899,23.190224069287666,23.901371002197266,148431600
2024-01-10,23.950078815391212,24.554067813488306,23.789340991616495,24.37384605407715,147621000
2024-01-11,24.573553254263803,24.826838858780267,23.575024717865574,24.490747451782227,190228400
2024-01-12,24.680711591110875,24.831709316856465,24.276430114829584,24.519973754882812,128214000
2024-01-16,24.295913879401525,24.797613179758642,24.028016248863956,24.505361557006836,145874000
2024-01-17,23.90137269373207,24.154658302438357,23.31686758580145,24.081594467163086,166554600
2024-01-18,24.641746302630583,25.192155465670936,24.407944624245705,25.114221572875977,182140800
2024-01-19,25.484408063401233,26.604708511502363,25.377248259969516,26.56574249267578,186359400
2024-01-22,26.989502868726564,27.2379165341294,26.55112362614475,26.672895431518555,149656600
2024-01-23,26.79467011505966,27.023601728342147,26.43909662814482,26.989505767822266,112172000
2024-01-24,27.739620012703302,28.20235328439217,27.33533669233699,27.432754516601562,179718600
2024-01-25,27.890616257681785,28.022130043529263,27.04308544856313,27.51068878173828,151395200
2024-01-26,27.121017814122627,27.466849310395155,26.87747419284501,27.00411605834961,128382600
2024-01-29,27.08692392507628,27.861392774227685,26.955410136568624,27.798070907592773,115977200
2024-01-30,27.61297765033439,27.725007503451494,27.082052432811277,27.2427921295166,119554400
2024-01-31,26.39525895805292,26.780058354083273,25.6110500003139,25.640274047851562,203451600
2024-02-01,25.95688185043347,26.614448941613915,25.771788161961947,26.54625701904297,162261400
2024-02-02,26.877474243328095,28.095192352003377,26.68751051566921,27.880874633789062,198505000
2024-02-05,27.856522027598047,27.968551883665427,27.06744112159401,27.739622116088867,139947800
2024-02-06,27.949067670459367,28.07570954127619,27.10153501530219,27.578880310058594,140124200
2024-02-07,28.100062220926983,28.572537438555322,27.846776633027787,28.402057647705078,131823400
2024-02-08,28.40205914213062,28.684568790131546,28.260803389084927,28.518959045410156,98922200
2024-02-09,28.75276518179805,29.52236407345616,28.596897381123885,29.356754302978516,110222000
2024-02-12,29.32752712174622,29.780518478464387,28.87453576502805,29.010921478271484,116255000
2024-02-13,27.39378927774461,28.187740201478857,27.004117969647957,27.637332916259766,188933000
2024-02-14,28.15364606577138,28.61637938056459,27.69578466459497,28.51409149169922,156151400
2024-02-15,28.645602001374765,28.84043578760851,28.119546876553784,28.75275993347168,130057200
2024-02-16,28.816079064066443,28.84043305277496,27.817550662295382,27.96367645263672,151933000
2024-02-20,27.55940058589145,27.85165222541245,26.57061209406117,27.31585693359375,163321000
2024-02-21,26.775187863295383,26.994375648624306,26.215036758789182,26.97489356994629,152898600
2024-02-22,28.630991463207245,29.517490218016768,28.48973755557455,29.308042526245117,179279200
2024-02-23,29.629519058883595,29.8194827938944,28.84530826925195,29.040142059326172,140390800
2024-02-26,29.19601062948503,29.40545830663262,28.947596936497924,29.001176834106445,109875400
2024-02-27,29.205750474765523,29.26907233625317,28.674825308654533,29.181396484375,109399800
2024-02-28,28.7527612689483,28.99630490662014,28.518959599754197,28.70892333984375,123503400
2024-02-29,29.26420324476034,29.63925879691965,28.630988325219757,29.40058708190918,136959800
2024-03-01,29.59055245492654,30.93491253902263,29.580810486291504,30.749820709228516,140959600
2024-03-04,30.73033583280473,30.82288174487348,30.35040835810195,30.384504318237305,120418600
2024-03-05,29.761031808200507,29.761031808200507,28.260803964940706,28.757633209228516,193207000
2024-03-06,29.585682501030817,29.921772058683832,28.908629614254775,29.288558959960938,181677400
2024-03-07,29.980219307506434,30.842363946920013,29.66848377060691,30.593950271606445,142370800
2024-03-08,30.6475292809676,31.23690441527303,29.113205538153693,29.25446128845215,296451200
2024-03-11,28.937855732306186,29.166787352465203,28.523832280362548,28.913501739501953,146770000
2024-03-12,29.366491862164075,30.218894581991396,28.718664903211888,30.140960693359375,170560000
2024-03-13,29.926641489186178,29.93638345765121,29.210624458866015,29.43955421447754,143779800
2024-03-14,29.649003287305145,29.76103314279232,28.635862674413406,29.200883865356445,162480400
2024-03-15,28.587154260966205,28.69918412206198,27.905233124980086,28.13416290283203,140883800
2024-03-18,29.166785604625435,29.614904991259248,28.879404047339683,28.928112030029297,129193800
2024-03-19,28.51408803700563,29.215493007504296,28.095192705062807,29.127817153930664,118810000
2024-03-20,29.364906556120538,30.225274435786655,29.01782720076194,30.161724090576172,156556000
2024-03-21,31.16385715484619,31.26162649142824,30.513692651651336,30.55280113220215,126541800
2024-03-22,30.440367644957867,30.88032687101524,30.259495580849674,30.616352081298828,91574800
2024-03-25,30.054177795138347,30.616350055723693,29.848863876187465,30.303489685058594,86669400
2024-03-26,30.60657261738073,30.802109414613135,29.95640815121565,30.01995849609375,93986000
2024-03-27,30.587018798870083,30.616350158016026,29.677767178089923,30.283935546875,111388600
2024-03-28,30.254606245920556,30.420813562797992,30.015073323382364,30.09328842163086,87023400
2024-04-01,30.269267985571794,30.792333617564204,29.87819253319907,30.27904510498047,112290600
2024-04-02,29.267135443530247,29.535999690265964,28.841841021792124,29.467561721801758,109672800
2024-04-03,29.03738234602631,30.044401457207762,29.027605226089264,29.663103103637695,111683800
2024-04-04,30.479473431510694,30.606574127538163,28.225900403584884,28.26500701904297,167520400
2024-04-05,28.548539779332646,29.785316644148537,28.382332456943566,29.262252807617188,154897200
2024-04-08,29.433345736981458,29.65332627574413,28.993386524251083,29.28180503845215,89725400
2024-04-09,29.72665390229974,29.790202385663253,28.63653018749479,29.584888458251953,119965000
2024-04-10,28.52898342423874,28.978719754562135,28.382330354124367,28.80762481689453,202080600
2024-04-11,29.140038398969466,30.33770851436219,28.68541259245388,30.161724090576172,146931200
2024-04-12,29.27202739704806,29.501783186956864,28.41165949738825,28.704967498779297,172589800
2024-04-15,29.428461324912387,29.443126074167274,27.101558716984265,27.26287841796875,203656200
2024-04-16,27.223768934221198,27.771276507044497,27.003790244292222,27.267765045166016,163766200
2024-04-17,27.639285326391704,27.64417295386193,26.07986922730742,26.2558536529541,171026400
2024-04-18,26.343846661474565,26.6713736557197,25.669240297717913,25.786563873291016,172781600
2024-04-19,25.556804807060374,25.64968650983898,23.880067042440366,24.188039779663086,250807600
2024-04-22,24.628000637812097,25.307494586383797,24.036497034383807,24.89197540283203,142604800
2024-04-23,25.234169352305155,26.211859002613085,25.17062086768755,26.00165557861328,151835000
2024-04-24,26.554049278100436,26.842467783511406,25.82567157336767,26.2558536529541,144316800
2024-04-25,24.882205103262482,26.00165845965895,24.676889284254926,25.835451126098633,172827200
2024-04-26,26.41228608315395,27.311760662483763,26.285187245385586,27.02334213256836,135994600
2024-04-29,27.414417622488124,27.536628824018912,26.827803482181345,27.345977783203125,102355000
2024-04-30,27.03311682192944,27.301981086532642,25.776785846504296,25.781675338745117,125248600
2024-05-01,25.4932580797846,26.78869573242719,25.06307411653361,25.22439193725586,208076800
2024-05-02,25.869668244238895,26.32429409825218,25.028856380786596,26.1580867767334,124829800
2024-05-03,27.536628631785195,27.917926981165024,27.243320631281925,27.717500686645508,150878000
2024-05-06,28.069468201454224,28.64630522862347,27.922815130857543,28.626752853393555,82530800
2024-05-07,28.704967948698116,28.954277982232973,28.489875038014347,28.626752853393555,93320400
2024-05-08,28.1085741634245,28.8516184346504,28.08413229798048,28.57297706604004,78027200
2024-05-09,28.597419948315626,28.84184234103627,28.230786359234656,28.729408264160156,81439200
2024-05-10,29.017829449953233,29.364908832214184,28.616976837945792,28.92494773864746,92669600
2024-05-13,29.291581250552824,29.31602498383215,28.832067782744936,29.115598678588867,67722000
2024-05-14,29.01782904329089,29.77065051960151,28.978720562279687,29.658214569091797,92952800
2024-05-15,30.156832597497342,31.100303134245024,29.848861741100155,31.0269775390625,130481400
2024-05-16,30.97320444320374,31.383832253405785,30.79233240326311,30.836328506469727,87715200
2024-05-17,30.841218395830406,30.97320671513178,30.318154610892503,30.76789093017578,70099600
2024-05-20,30.806999587794554,31.54515441691457,30.772780600902596,31.40338897705078,74539000
2024-05-21,31.01231356142341,31.613592443989162,30.968317454660312,31.564708709716797,62314000
2024-05-22,31.62337344237035,31.774914147141736,31.002538415848054,31.545156478881836,80039400
2024-05-23,32.50818424189777,32.51307373494127,30.699457828412086,31.075868606567383,130877800
2024-05-24,31.408285744473066,32.209991105575625,31.25674314971037,31.946014404296875,82558000
2024-05-28,32.195327141594866,32.312648879610904,31.677152713232445,32.293094635009766,83186400
2024-05-29,31.40338967897033,31.990005691131305,31.383835438939304,31.61848258972168,79282200
2024-05-30,31.408277300649463,31.43272103162982,30.30348891182896,30.601682662963867,84703600
2024-05-31,30.601681905914717,30.743447336996326,28.82228723858427,30.567462921142578,143746400
2024-06-03,31.15408206451372,31.35939787119261,29.799981606334402,30.865663528442383,111435000
2024-06-04,30.797223295020444,31.3496165924216,30.44036680442497,31.09541893005371,88491800
2024-06-05,31.833570734402205,32.987244616377005,31.603813110424007,32.97257614135742,104871400
2024-06-06,33.11434568331399,33.18278365689637,32.679274110001764,32.933475494384766,73031200
2024-06-07,32.8112678527832,33.402769676943606,32.56684542645625,32.8112678527832,89943400
2024-06-10,32.552174020713835,33.27077648622804,32.498404522980245,33.15834426879883,72041800
2024-06-11,32.90903228869051,33.886721903600616,32.586396655156925,33.84272766113281,71386800
2024-06-12,34.71286794517007,35.69544324142842,34.57110251520477,35.177268981933594,124402600
2024-06-13,35.96431290007593,36.12074309173457,35.23104567737796,35.739444732666016,87285000
2024-06-14,35.66122669721916,36.27717219000616,35.55368397398701,36.25761795043945,71555000
2024-06-17,36.31139224521406,37.993019601530214,36.01319660983032,37.57261276245117,93354600
2024-06-18,37.557947912876486,37.75348658417662,37.181535317945496,37.592166900634766,66433200
2024-06-20,37.86591905760842,37.96369025871164,36.28206289563598,36.70735549926758,105455000
2024-06-21,36.61447856770951,36.92244946841795,36.03764151826271,36.37005615234375,77341800
2024-06-24,36.08652466996588,36.48248778296566,35.09905976892803,35.13816452026367,93754600
2024-06-25,35.583019716291666,36.38472503134296,35.37770575917644,36.311397552490234,77675000
2024-06-26,36.116578614300835,36.65636369840209,36.02334542535256,36.53859329223633,72549600
2024-06-27,36.469891504705494,37.14707598150319,36.273605009678285,36.8035774230957,74115400
2024-06-28,36.94588766351542,38.04508687237446,36.04297121977661,36.22453689575195,107803000
2024-07-01,36.39137923681885,36.94588512348331,35.53753354306204,36.81829833984375,86557400
2024-07-02,36.45517297539211,37.97147866394928,36.430635758018795,37.94694519042969,74950200
2024-07-03,37.76047472331311,38.918561103149145,37.76047472331311,38.87930679321289,56150400
2024-07-05,39.04614773442297,40.16497605555115,38.97744801251889,40.0570182800293,79624600
2024-07-08,40.14534492273014,40.4692182323054,39.885266882900595,40.32200241088867,73365600
2024-07-09,40.69003879563593,40.969745865197645,40.05211229614016,40.41033172607422,72033600
2024-07-10,40.886322075158034,41.80886376365056,40.56735697873737,41.67637252807617,77554800
2024-07-11,41.695998819016744,41.74016131336174,38.61921775530102,38.93818283081055,149329000
2024-07-12,39.01670679036361,40.6998574959642,38.91365720559469,39.57121276855469,101019800
2024-07-15,39.978500872159046,41.03353753092431,39.3700160932784,39.86563491821289,109900400
2024-07-16,40.209141314626926,40.41033228273382,39.12956732976798,39.895084381103516,83637600
2024-07-17,37.946942620035166,38.06471301897154,36.35702538705353,36.386470794677734,142840000
2024-07-18,37.201058909666145,37.25503779526925,35.11061818011499,35.84178161621094,131678400
2024-07-19,35.72400868845541,36.29814361978451,34.56592244154936,34.87016296386719,118249600
2024-07-22,36.141114927345455,36.622012924405944,35.390322523059666,36.391380310058594,112808600
2024-07-23,36.18037932988187,36.867376589180935,35.89085584730217,35.99881362915039,87127000
2024-07-24,34.46287415468667,34.536478320020976,31.920973398520943,32.11725616455078,159575200
2024-07-25,32.171235174462836,33.04470621582211,30.488086488495536,31.047500610351562,188128000
2024-07-26,31.89643759570447,32.55399312755063,31.297765398737692,31.93569564819336,137407000
2024-07-29,32.51964316452361,32.971103279007174,31.660892924283925,32.12216567993164,115640800
2024-07-30,32.52455055893445,32.67667082829659,30.10042204272135,30.81195831298828,143063600
2024-07-31,32.86804743394322,33.85928873213942,32.57361584118986,33.50597381591797,173408400
2024-08-01,33.653197147598696,34.45796852858732,30.277081280886552,31.09166717529297,210693200
2024-08-02,29.27111593528538,29.79618021553241,27.970721972025682,28.824565887451172,209844000
2024-08-05,24.206941859502784,27.573241016707346,23.946861958793654,26.312105178833008,287924400
2024-08-06,26.56236975310838,28.33875527383988,26.076561696194766,26.969661712646484,192909400
2024-08-07,28.250428672360677,28.711699547759803,26.007863949489074,26.101099014282227,182751600
2024-08-08,27.2101123392954,28.633182896901083,26.50348244460815,28.490877151489258,152879200
2024-08-09,28.18663471117425,29.21222789111386,27.97072104716003,28.878541946411133,125592400
2024-08-12,29.06501458862694,29.639151427831955,28.51541496772429,29.0748291015625,108972600
2024-08-13,29.913951159899348,31.263415840430763,29.884509492175575,31.189809799194336,108962800
2024-08-14,31.40081427595911,31.719777502607712,30.360498433424183,31.243783950805664,124710600
2024-08-15,32.45093782500857,33.677723670040926,32.38223811719503,33.594303131103516,106424800
2024-08-16,33.18210546012426,33.986876688924674,32.97109814136236,33.68263244628906,89675200
2024-08-19,33.7022685366477,35.01247521810241,33.31460367233503,34.98794174194336,91599800
2024-08-20,34.79165127233067,35.36087802238611,34.394170067496276,34.77202224731445,97859000
2024-08-21,34.929051247683795,35.655310209181984,34.55610725427371,35.248016357421875,103000800
2024-08-22,35.753448028390956,35.90066383170592,33.32931792861918,33.55504608154297,127496400
2024-08-23,34.448155483878985,35.194043600548,33.61394235366555,34.61009216308594,128753200
2024-08-26,34.48249488487389,34.67878136884972,33.13793864699735,33.594303131103516,84981400
2024-08-27,33.23609060632216,34.10465351620158,32.80425950386337,33.87892532348633,71532600
2024-08-28,33.76115518100662,33.91818365303601,31.97495490772697,32.73065185546875,118625800
2024-08-29,33.098691760200516,34.07030812432869,32.2841076312769,32.55890655517578,120033600
2024-08-30,33.427462548630096,33.79549830759416,32.47547552074331,33.667911529541016,92946800
2024-09-03,33.0054501192243,33.0348917838771,30.075884682956115,30.596040725708008,147572600
2024-09-04,29.953205684789438,31.09656919695072,29.761827379418044,30.335962295532227,96798400
2024-09-05,30.002277637536405,31.268321667850227,29.79617849135147,30.434106826782227,110171600
2024-09-06,30.232910479354597,30.40956793946576,27.833317680673463,27.965810775756836,169904600
2024-09-09,28.741140197545292,29.192598386578336,28.13756175345227,29.006126403808594,110835000
2024-09-10,29.334907271646415,29.894321407945327,28.559579465596308,29.786365509033203,91582400
2024-09-11,30.021905297722686,31.87189682479525,28.348569371380847,31.685426712036133,163475200
2024-09-12,31.714874969496552,32.823890724213356,31.351747308588227,32.62269973754883,109802600
2024-09-13,32.460746932458896,33.30477600367399,32.41167625842714,33.04960250854492,87966600
2024-09-16,32.59324654508253,32.7355541572273,31.911153891465023,32.607967376708984,82331000
2024-09-17,33.22136175447863,33.49616435083276,32.12707079266138,32.62759780883789,103114400
2024-09-18,32.887676933371964,33.74152267177506,32.08781382149817,32.200679779052734,166396200
2024-09-19,34.49722504333554,35.233296669490464,34.060489511325265,34.63462448120117,114801400
2024-09-20,34.423615670378794,34.68369370156109,33.520699233827756,34.41379928588867,96759600
2024-09-23,34.65425118286173,34.91432920764279,34.369635941313014,34.66897201538086,69837000
2024-09-24,34.97812136885817,35.37559882955083,34.04576327245889,35.15968704223633,81259600
2024-09-25,35.02184502730797,35.68644212814307,34.98246054947361,35.28276062011719,64724800
2024-09-26,36.882723299991525,36.95656826673982,35.2384605695572,36.03105545043945,107003200
2024-09-27,36.242730433103155,36.26242266815407,35.144911803450746,35.41075134277344,82930600
2024-09-30,35.17938036638848,35.750444046469276,34.549243723479094,35.68644332885742,85862800
2024-10-01,35.58305764116357,35.65690259179659,33.32834718317539,34.17509460449219,134760200
2024-10-02,33.97325642713157,34.72646667569294,33.41204080052073,34.30309295654297,79119400
2024-10-03,33.83541756601275,34.85938772330442,33.66803540908996,34.224327087402344,97749400
2024-10-04,35.44521867962395,35.523987635082385,34.35232383605653,35.430450439453125,110700400
2024-10-07,34.97753958329299,35.238455170706104,33.99787043595444,34.263710021972656,82403400
2024-10-08,34.78554905428544,35.92767273115572,34.61324288598459,35.75044631958008,77914000
2024-10-09,35.701209366267726,36.73995146555209,35.474754258942234,36.61195755004883,78696200
2024-10-10,36.09504972238737,36.89748878614026,35.799673633368016,36.48396301269531,86060600
2024-10-11,36.02120394935645,36.82364675093568,35.888286026862026,36.57749938964844,70735200
2024-10-14,37.13871802979339,37.81808344890755,37.02548858198555,37.51285934448242,67691200
2024-10-15,37.58669862649462,37.7343885350579,35.51413844354285,36.01628112792969,106307600
2024-10-16,36.055666441564114,36.1787401290751,35.28276383423154,35.9965934753418,70784200
2024-10-17,37.20763166949692,37.21747591019308,36.06058419901756,36.104888916015625,97697800
2024-10-18,36.65625985801959,36.99594437461703,36.49380171913297,36.744873046875,64151600
2024-10-21,36.45934564775332,37.128866765340895,36.02612764763044,36.946720123291016,74995800
2024-10-22,36.336277068908664,37.38978761384307,36.163974644440174,37.05502700805664,76308000
2024-10-23,36.513494991472015,36.661184895721895,34.59846901415943,35.341835021972656,118172200
2024-10-24,36.14427793499393,36.331352334933634,35.56337000721777,36.18366241455078,78612800
2024-10-25,36.77440947804378,37.90668869466405,36.62179933583963,36.79410171508789,114826000
2024-10-28,37.507940520310534,37.507940520310534,36.75473010724947,36.82857131958008,69162200
2024-10-29,36.88764114840895,38.1331461089924,36.46426741595389,37.84761428833008,78545200
2024-10-30,37.685159782109714,37.89684664769937,36.8925650357794,37.00579071044922,80473200
2024-10-31,36.09012696480173,36.099974963123884,34.180024684590684,34.18986892700195,138905200
2024-11-01,34.5000148995773,35.62244626090046,34.44586217987218,34.91846466064453,96678800
2024-11-04,34.77569438215272,35.32706575189845,34.219402770076435,34.593544006347656,82214400
2024-11-05,34.928308861373964,36.05566422022927,34.913540620728234,35.90797805786133,79352600
2024-11-06,37.73931784494036,38.99959121998317,37.50793870838557,38.822364807128906,118794200
2024-11-07,39.46234717567191,40.826001918814114,39.43280693799033,40.63893127441406,99545200
2024-11-08,40.47646542625597,40.91460735023618,40.32385529153994,40.73738098144531,70060000
2024-11-11,41.02292050450162,41.07214922602209,39.96448609021341,40.663543701171875,70806000
2024-11-12,40.63400359812465,40.84569046211668,39.70356694743907,40.44200897216797,68286000
2024-11-13,40.29924624690815,40.90476665171099,39.71833832466105,40.26478576660156,74989000
2024-11-14,40.16632293349809,40.38293380427029,39.196505525519164,39.41311264038086,77651400
2024-11-15,38.03960914091298,38.128222335575856,36.080278373015574,36.56272506713867,120601600
2024-11-18,36.88764080291871,37.77869297859786,36.582416746871814,37.30116653442383,77551200
2024-11-19,36.70057113305076,38.17745522281682,36.63657041871153,38.04945755004883,80088200
2024-11-20,37.980537359528704,38.04945831796926,36.483961000985694,38.005149841308594,101260600
2024-11-21,38.66975118267048,38.832205583359865,36.70549257485761,38.379295349121094,109865600
2024-11-22,38.2217565409247,38.699282955061406,37.84761155316139,38.522056579589844,79934800
2024-11-25,39.462345716645586,39.811874509683875,38.17253222561835,38.69928741455078,91515800
2024-11-26,39.03404143211136,39.50664382340174,38.83712283009622,39.29988098144531,69747200
2024-11-27,39.034047485484905,39.04389172695283,37.576855614048426,38.34975814819336,78463600
2024-11-29,38.46298603239267,39.46726773568639,38.32514410847386,39.32942581176758,40865800
2024-12-02,39.619883602340224,40.83584849429176,39.526346396839756,40.60447311401367,73638200
2024-12-03,40.2697069285132,41.02291719923023,40.13678525961585,40.96384048461914,84810800
2024-12-04,41.781053354080925,42.51949541844913,41.603826958159715,42.460418701171875,69992600
2024-12-05,42.46041822397794,42.65241285808308,42.01242824045892,42.11088943481445,54020400
2024-12-06,42.22903824488186,43.25793610828147,42.19950176513704,43.19393539428711,62740600
2024-12-09,42.952708995900835,43.154551608919036,41.88443048733527,42.184730529785156,69577600
2024-12-10,42.46040845253362,42.88870609861709,41.377361855238654,41.726890563964844,71541600
2024-12-11,42.77056110316844,44.119451251340955,42.672103668020405,43.956993103027344,74897800
2024-12-12,43.385932404466054,43.7010007253959,42.96748264284772,43.08563232421875,66348400
2024-12-13,44.020994602273774,44.68559174787069,43.24809201329306,44.01115036010742,79663600
2024-12-16,44.66097319376293,46.17231768483989,44.63635695782694,45.926170349121094,69967600
2024-12-17,45.453572193277125,45.739104031003244,44.88250851782488,45.31080627441406,69168200
2024-12-18,45.11881184953989,45.57172209062531,40.018638248696206,40.412471771240234,134849200
2024-12-19,41.485666197990966,41.613663851534355,39.75279077886851,39.84140396118164,113317600
2024-12-20,38.920818295985484,42.26842380272059,38.64513446222278,40.87522888183594,145241000
2024-12-23,41.21850813666118,42.10264438590581,40.418342955582034,42.013736724853516,83645800
2024-12-24,42.45333380995859,43.70298140068731,42.30021652895185,43.683223724365234,48139600
2024-12-26,43.27820341480255,43.99934168668759,42.769451697425595,43.589378356933594,59062000
2024-12-27,42.66078678815479,42.769448353456724,40.640608697817,41.816165924072266,102139000
2024-12-30,40.107164274049325,41.02587551583364,39.22303179283587,40.136802673339844,102844000
2024-12-31,40.403525848095626,40.58134117111543,38.862460971387804,39.0847282409668,105177600
2025-01-02,39.78117797550349,40.30968365975573,37.80051486586626,38.8377685546875,141370600
2025-01-03,39.509511646449404,40.951792008722826,39.3267597176827,40.699886322021484,92431600
2025-01-06,41.96928729080857,42.89787554196898,41.5049912810325,42.08782958984375,92050000
2025-01-07,42.33973975942245,42.423707073120816,39.37121522864919,39.82069396972656,111021000
2025-01-08,39.791053501166346,40.21089758466086,38.74392289433057,39.85032653808594,96021200
2025-01-10,38.921736294396005,38.931613249193745,37.15840404424678,37.948692321777344,145651600
2025-01-13,36.575562608542235,37.63751038879937,36.224868564716424,37.55354309082031,113382000
2025-01-14,38.269742463116096,38.556219331546025,36.644710425357665,37.42018127441406,125271000
2025-01-15,39.17363718296911,40.2405291559621,38.822946886770026,39.9491081237793,106919200
2025-01-16,40.50725127915416,40.527008956199104,39.119303671781985,39.134124755859375,93055400
2025-01-17,41.3370587294467,41.460541396203666,40.423283980731625,41.06539535522461,87352200
2025-01-21,41.712438100413806,42.05819178507733,40.66530762919472,41.747013092041016,83451800
2025-01-22,42.892934480863744,43.915374511689514,42.828724855015146,43.36711120605469,86265400
2025-01-23,42.74475439429128,43.65358488559554,42.61139102255966,43.633827209472656,60481000
2025-01-24,43.6782876849822,43.87586069936054,42.4829764121614,42.84848403930664,72479200
2025-01-27,38.31913398673749,40.02319292194377,38.1215610078346,39.089664459228516,161821600
2025-01-28,39.307004834313766,41.080214185429526,38.526593447250235,40.82337188720703,101033400
2025-01-29,40.951789410625196,40.986364403203076,39.642872517219914,40.57146072387695,118481200
2025-01-30,41.2283885146864,41.78158838470755,39.939229324396926,41.08020782470703,115171000
2025-01-31,41.94458650878231,43.0164150283749,40.59121769214486,40.857940673828125,118146600
2025-02-03,38.78836609843695,40.497365376101065,38.200587528810026,39.87007522583008,153257000
2025-02-04,39.96392629770632,41.460535399389855,39.87501863976515,41.31729507446289,84634600
2025-02-05,40.67518470975882,41.895193911301206,40.3837674606216,41.85567855834961,79694800
2025-02-06,41.9643463315744,42.542244270581115,41.584021400406954,42.482975006103516,76431000
2025-02-07,42.6064591211015,43.06581477846058,40.675188461845984,40.862884521484375,110870400
2025-02-10,41.85073801003702,42.57681276784305,41.73713232313639,42.30021286010742,65594200
2025-02-11,41.524747492882334,42.47309338846533,41.49511286126774,41.99892044067383,62602800
2025-02-12,40.64060929016167,42.28539909763877,40.551701631152326,42.0828857421875,96986600
2025-02-13,42.468154402882654,43.94006547215402,42.27058141033584,43.85609817504883,92920200
2025-02-14,43.86597777374455,44.54266408929012,43.76225279429156,44.369789123535156,76057400
2025-02-18,44.76492747789901,44.82420050460861,43.83633933646297,44.646385192871094,68825200
2025-02-19,44.45375223997416,45.00695584669247,43.920306308680566,44.65132522583008,68515800
2025-02-20,44.47844963900924,44.56735729295086,42.91762721834334,44.108001708984375,80266000
2025-02-21,44.34014569695234,44.3500264186706,41.228385360941495,41.346927642822266,118627200
2025-02-24,41.73714080629562,42.00880417688862,39.761418164577485,39.86020278930664,106467400
2025-02-25,39.67744928977293,39.70214356078405,37.43006336621578,38.338897705078125,151194400
2025-02-26,38.81307267511814,39.73672060963411,37.87954401697343,38.58586502075195,126351400
2025-02-27,39.376149341206485,39.59841661122341,35.30616211733838,35.385189056396484,206751000
2025-02-28,35.296280122144296,37.12876219066001,34.61465725272819,37.005279541015625,186358000
2025-03-03,37.72148652905434,38.05735953453998,33.8046161751316,34.614662170410156,183891600
2025-03-04,33.962673434781195,35.943332679687984,32.60436411186109,34.23433303833008,261673800
2025-03-05,34.352874748800254,35.90381653184559,33.335375149955134,35.56794357299805,201266600
2025-03-06,33.77991893196165,34.822112969104076,32.18946153808964,32.61918258666992,245645400
2025-03-07,32.38208575539996,33.59221786779439,31.06329208710742,33.295860290527344,270354600
2025-03-10,31.61155884497271,31.705406866178993,28.588704057997,29.541990280151367,312271600
2025-03-11,29.339481721236854,30.5496103211279,28.33680120826404,29.19624137878418,278978600
2025-03-12,30.594061858760817,30.949692507339428,29.22093534105351,30.193979263305664,283837200
2025-03-13,30.030982806412435,30.05567896179633,28.17380441228385,28.544252395629883,242454600
2025-03-14,29.49259752862299,30.73730294500771,29.388872548306555,30.569366455078125,198217000
2025-03-17,30.564427078327252,31.74985942747698,30.203857954365308,31.16208267211914,180300800
2025-03-18,30.510096189522145,30.51503466692948,29.146846553199786,29.591384887695312,175652400
2025-03-19,29.97171036270571,31.567106049335624,29.606200872537975,30.74224281311035,185186400
2025-03-20,29.96183235971574,31.428806954287133,29.818592022804246,30.42612648010254,176818200
2025-03-21,29.403689519408633,30.831148724968973,29.176481883991208,30.71260643005371,160982000
2025-03-24,32.135125812059606,32.86120444630229,32.01658351516029,32.663631439208984,126823000
2025-03-25,32.83650805495043,33.27610598893645,32.643871653391706,33.24646759033203,111139400
2025-03-26,33.01264774090361,33.18603274153145,31.090542253671043,31.39768409729004,157006400
2025-03-27,31.011281165475992,31.818765845254283,30.590202214777744,30.8626651763916,144736000
2025-03-28,30.486167845703232,30.619922788039005,28.22224558898336,28.40553855895996,207264200
2025-03-31,27.107625279248957,28.54920392812651,26.275373493324313,28.385725021362305,213709000
2025-04-01,28.07858481777603,29.222931485734815,27.553472991617603,29.039636611938477,194196400
2025-04-02,27.835841588354292,30.317735683919175,27.786303561076448,29.6885929107666,246174800
2025-04-03,25.973185467811252,26.6667292228221,24.823885791896764,24.91800880432129,280231400
2025-04-04,22.782889162612648,23.174244146959694,20.325763870726966,20.355487823486328,516053400
2025-04-07,18.205504192005506,23.19901482032358,17.338575420957625,20.434749603271484,791455200
2025-04-08,22.485656201619356,23.189107993625466,18.37889010767292,19.27058982849121,502295400
2025-04-09,19.201232198144684,26.45866494280244,19.186371167394324,26.062355041503906,713864000
2025-04-10,24.115480482257077,24.442436384861438,20.593272596618693,22.857194900512695,563385400
2025-04-11,22.624362300376028,24.30868175357061,22.1042054335748,24.065942764282227,358585800
2025-04-14,25.710631175406327,25.78493822195667,23.813294728695876,24.571237564086914,294861400
2025-04-15,24.749578345354045,25.368813203212714,24.36812944614253,24.665363311767578,209340200
2025-04-16,23.199014948520222,23.78357089879694,21.38094047594646,22.43611717224121,269148800
2025-04-17,22.832424457199117,22.931502398099077,21.97044882805037,22.371713638305664,202191600
2025-04-21,21.484971422455367,21.618726374310754,19.93440874783631,20.736936569213867,229539400
2025-04-22,21.529556168763804,22.77793381587971,21.35121623492514,22.32217788696289,260222800
2025-04-23,24.392899460812988,25.180566246813825,23.595324690677927,23.803386688232422,303995400
2025-04-24,24.1452054723706,25.89887708557657,24.046127521006117,25.82952308654785,240615400
2025-04-25,25.779981574118654,26.78561820373182,25.502563725714737,26.68158721923828,226103200
2025-04-28,26.760853543083545,27.06799349999652,25.581829857846596,26.661775588989258,191356800
2025-04-29,26.275369924046217,27.330544599851613,26.171338937376028,27.181928634643555,169808000
2025-04-30,25.740352323927528,27.454393837477273,24.927916549401274,27.186885833740234,268446600
2025-05-01,28.51452774084125,29.173392654459636,28.05381685014918,28.123170852661133,205481600
2025-05-02,29.049543937921392,29.817394746403554,28.747357039609543,29.440900802612305,195097800
2025-05-05,28.68295868122921,29.475578524300076,28.58388072840666,28.930652618408203,138579000
2025-05-06,27.771444886735374,28.75231265013103,27.528703997070824,28.108308792114258,165885800
2025-05-07,28.21729082171481,28.8612946336837,27.290916093038373,28.43526268005371,207867200
2025-05-08,29.326964137101147,30.07499903662787,28.564066315501005,29.282379150390625,197621600
2025-05-09,29.624195100665773,29.85702801098848,28.89597619584007,29.213024139404297,146818800
2025-05-12,32.62128965155694,32.77486245740637,31.630513936827747,32.750091552734375,202490000
2025-05-13,33.027509038496746,34.60779758446894,32.87394000520501,34.25111770629883,170595400
2025-05-14,34.48394695309343,34.979334780283956,34.28579106631538,34.85548782348633,161184800
2025-05-15,34.41955162600468,35.51435838919173,34.14708677972098,34.9644775390625,161694800
2025-05-16,35.22703197337229,35.43013903608407,34.50376613188212,35.39546203613281,127627200
2025-05-19,33.91920727228416,35.598571810043715,33.899391304405334,35.489585876464844,143794200
2025-05-20,34.96447297859035,35.25674997601836,34.379915204225235,35.1180419921875,134069400
2025-05-21,34.30065634532664,35.662973038854524,33.2801585043452,33.656654357910156,219255200
2025-05-22,33.76563710453224,34.55330195867301,33.49812721647236,33.83003616333008,173542000
2025-05-23,32.24479344150708,33.359416107435194,32.130856352181894,32.854122161865234,214220800
2025-05-27,34.17680607895293,35.246845629258644,33.879574130371104,35.14281463623047,130539600
2025-05-28,35.34096581706924,35.63820153732279,34.56816201523205,34.69200897216797,132542600
2025-05-29,36.163311753397856,36.1930338138892,34.345239316165404,34.860443115234375,193248800
2025-05-30,34.74154978847239,34.97438269092776,33.21080309200375,34.67715072631836,187118200
2025-06-02,34.28084098387002,35.52922060168301,34.02819587747549,35.474727630615234,137925400
2025-06-03,35.54903315794116,36.59925298057299,35.370693229662294,36.30202102661133,128728400
2025-06-04,36.45064399571565,36.817229997599505,36.01965514546025,36.59430694580078,128889000
2025-06-05,36.88161910003899,37.47608671004399,35.32115060010942,35.74222946166992,198008800
2025-06-06,36.79245170451316,37.15904141232157,36.43082071267321,36.76272964477539,131215400
2025-06-09,36.81226763469564,37.27297845772433,36.57943475495406,36.92620849609375,100363800
2025-06-10,37.01042743015749,37.79314117429296,36.53981046398628,37.63957214355469,122693000
2025-06-11,37.941755033572406,38.1844978103799,36.767688204134465,37.25316619873047,181652000
2025-06-12,36.95593587849596,37.71387874630295,36.916303940170316,37.49591064453125,126110000
2025-06-13,36.21285080329995,37.0995955015876,35.80167798384921,36.079097747802734,210666200
2025-06-16,36.7676860860648,37.773322796448774,36.7676860860648,37.55039978027344,116668600
2025-06-17,36.99556683184188,37.342336834184586,36.20294698398029,36.440731048583984,135418200
2025-06-18,36.61907136227001,37.13427521354015,36.08405154216146,36.39119338989258,142661400
2025-06-20,37.035198629577245,37.31756956742374,35.529219034559425,35.89085006713867,163355000
2025-06-23,36.02955940218298,37.11941114249308,35.38059875926707,37.005470275878906,167572800
2025-06-24,38.10028362651802,38.89290347781628,37.976436656642996,38.68979263305664,113191600
2025-06-25,39.18556893910392,39.45382760846714,38.609312523133205,38.98686218261719,101438200
2025-06-26,39.45383111689943,40.1642188257672,39.05641377849718,40.054927825927734,100144200
2025-06-27,40.25363830844636,40.859703822624724,39.66744422966108,40.44738006591797,146023600
2025-06-30,41.132927353908336,41.4756991586305,40.651055514852445,41.23228073120117,113721400
2025-07-01,40.79512784600504,41.00377224961138,39.64757604599198,40.1840934753418,140390000
2025-07-02,39.970473960361616,41.028602231827314,39.95557133246735,40.98389434814453,100285000
2025-07-03,41.47570085253795,42.36989644504688,41.47570085253795,42.13144302368164,83484600
2025-07-07,41.53034601508509,41.71415393820175,40.63615421986087,41.19253921508789,139674800
2025-07-08,41.47073938039015,41.61976946515121,40.96899604449015,41.247188568115234,115515400
2025-07-09,41.71415151151688,42.41957032662173,41.40614998558499,42.10163497924805,117976200
2025-07-10,42.24073596115777,42.33512433084655,41.30183244085892,41.90789794921875,110317800
2025-07-11,41.39125144635908,41.952605270425686,41.108090131197876,41.589962005615234,106937600
2025-07-14,41.545248573304846,42.19602572211155,41.00873501310782,42.03208923339844,97311400
2025-07-15,42.93621872498324,43.05544353969981,42.12647768198009,42.141380310058594,123257600
2025-07-16,42.25563986662283,42.399704933625365,40.95409303730482,42.2606086730957,166357600
2025-07-17,42.40963944148097,43.37834817787901,42.225831516330935,43.24422073364258,97330800
2025-07-18,43.53731714538969,43.586993837678435,42.81699563198124,43.09518814086914,98496200
2025-07-21,43.29389914820423,44.202997407843206,43.278996519372235,43.75093078613281,87720400
2025-07-22,43.78073838327173,43.79564480298899,42.45932009167735,43.070350646972656,108345200
2025-07-23,43.30880375409541,43.65654440967885,42.67293296097775,43.63667297363281,118025200
2025-07-24,43.93970350155562,44.19305956062072,43.51744592983958,43.924800872802734,90378200
2025-07-25,43.870154510221525,44.501060242322076,43.70622180707879,44.173187255859375,79003200
2025-07-28,44.50602764811449,44.804095393662664,44.30235206475132,44.605384826660156,95592000
2025-07-29,45.20151011889438,45.51944549164373,44.20299611545749,44.401702880859375,116251200
2025-07-30,44.580538658240854,45.14686123535684,43.84531458518319,44.555702209472656,145527600
2025-07-31,46.05596570669223,46.07583714248078,43.54725663228701,43.82048034667969,178874600
2025-08-01,42.35002466994035,42.38479873214204,40.66595947600845,41.19253921508789,219781200
2025-08-04,42.33512128928771,43.502540545407,42.305316033669975,43.44789505004883,108586000
2025-08-05,43.74099433376752,44.019186828808934,42.43447503007982,42.543766021728516,152088400
2025-08-06,42.737506882570294,44.24770172034629,42.628215893178385,44.13344192504883,128995200
2025-08-07,45.15183109966722,45.53931457834761,43.62673363429613,44.58053970336914,169239200
2025-08-08,44.82893158850945,45.84235206332739,44.75938345897095,45.78274154663086,104522600
2025-08-11,45.81751602714535,46.3192555676417,45.06738543450061,45.38035202026367,94617000
2025-08-12,45.91189491193215,47.138928440649224,45.27105540053419,47.05447769165039,119469600
2025-08-13,47.715193955969916,47.849321408151596,46.78622424314985,47.12403106689453,96058600
2025-08-14,46.61731953255383,47.48667494992002,46.51796614374751,46.994869232177734,106385800
2025-08-15,46.9302898337601,46.9501612695075,45.91190054471664,46.329193115234375,96167400
2025-08-18,46.10067551415114,46.42854471613646,45.81751419830937,46.26957702636719,73371400
2025-08-19,46.08576881370799,46.13048048966697,44.12351104978959,44.381832122802734,111118600
2025-08-20,44.12847894325375,44.15828419988412,41.917830184345654,43.57209014892578,164404200
2025-08-21,43.19454212592828,43.691316635899106,42.41957510320218,42.966026306152344,119920000
2025-08-22,43.22931310921901,45.36544486589435,42.90641273282095,44.898475646972656,132726400
2025-08-25,44.52093364088533,45.19654728816716,44.22783470459498,44.50602722167969,80452600
2025-08-26,44.366928569464946,45.092218871368544,44.133443952327696,45.02267074584961,84374600
2025-08-27,44.779247312292924,45.42505559447141,44.48118340901368,45.22634506225586,90055200
2025-08-28,45.345579745268765,46.25467806991619,44.963065014235745,46.05099868774414,90658000
2025-08-29,45.4151197587807,45.49957050649519,43.959570454273894,44.39176559448242,121887000
2025-09-02,42.28047837570737,43.338606705722924,41.85325199868579,43.259124755859375,166668000
2025-09-03,44.0788051703625,44.65009284073854,43.512478726272334,44.267578125,119929800
2025-09-04,44.41164224581976,45.53435370707183,44.02415873187059,45.46480178833008,101759600
2025-09-05,46.66699768421261,46.81602775997223,44.555706061864484,45.613834381103516,172625800
2025-09-08,46.15531927268112,46.746478333238066,46.02118803913016,46.26460647583008,101696800
2025-09-09,46.44841675232705,46.751449507073396,45.82247980759491,46.64215850830078,94620800
2025-09-10,47.41712380044564,47.42209260659621,46.170222552940984,46.69183349609375,120818800
2025-09-11,47.287961234305826,47.68041350566193,46.90047776868767,47.47673416137695,91247200
2025-09-12,47.670480495870564,48.37093435909457,47.45686730957764,48.067901611328125,92235200
2025-09-15,48.5050599250289,49.31480096301434,48.470285863031705,49.2949333190918,78114400
2025-09-16,49.51351035156104,49.583058473924,48.986930627930484,49.16080093383789,77137200
2025-09-17,49.12602803681578,49.28002691282766,47.44693165840936,48.847835540771484,147697200
2025-09-18,50.055000383887545,50.85480764332218,49.57312850570894,50.16429138183594,123401600
2025-09-19,50.6113819615114,51.31183578791502,50.248738718551245,51.1578369140625,84365400
2025-09-22,50.87964160021056,52.20106354321943,50.87964160021056,52.02222442626953,81054600
2025-09-23,52.05700195146869,52.11164745139907,50.66106677527516,50.97403335571289,99930600
2025-09-24,51.32110630007502,51.39569446326747,49.71996274421836,50.42605972290039,101055600
2025-09-25,49.426592572192604,50.157549818681204,48.48181792566797,49.74980545043945,122820600
2025-09-26,49.92383917683166,50.41114145125475,49.09840337403699,50.346500396728516,124097400
2025-09-29,51.112266533804245,51.853167081225905,50.68960530045813,51.01778793334961,92393200
2025-09-30,50.92331631657296,51.50012368682563,50.33158827659393,51.415592193603516,92323800
2025-10-01,50.58518182873306,52.280800266343014,50.3713644404901,52.141571044921875,93996400
2025-10-02,53.11120564676005,53.126122521329904,52.04212250299517,52.77804946899414,89158600
2025-10-03,52.92722454568248,53.14104192810201,51.594596072542224,52.062007904052734,103096400
2025-10-06,53.4045845750604,53.643262154788836,52.773075733200784,53.2255744934082,82476800
2025-10-07,53.55375933000617,53.73276941906577,51.972506072454344,52.365333557128906,100185800
2025-10-08,52.569204507542935,54.22504583601357,52.539370759044544,54.14051055908203,86931000
2025-10-09,54.14051034469884,54.18029120501361,53.086344102338856,53.926692962646484,87956200
2025-10-10,54.06593167568846,54.52837379291108,48.14866275657801,48.268001556396484,238009400
2025-10-13,50.74927003510959,51.5548153889267,50.1475987461711,51.3310546875,114511200
2025-10-14,49.59068477089716,51.48023023142249,48.26799953418873,50.28683090209961,147230000
2025-10-15,51.78355104595226,52.46478407434209,49.74482931062181,51.31613540649414,127069400
2025-10-16,52.052065348417884,52.87252758570918,49.60062574864133,50.744300842285156,159344000
2025-10-17,50.182406056051164,52.09681539264361,49.78460883194886,51.708961486816406,142274000
2025-10-20,52.514511075376156,53.961504901776394,52.484677324433456,53.64823913574219,79928800
2025-10-21,53.65321067597861,53.94161623662698,53.04159224865273,53.588565826416016,79811400
2025-10-22,53.4294471890958,53.57364997216727,50.51059560210978,52.01228713989258,134380800
2025-10-23,51.84819450874041,53.518952836194316,51.75371970020506,53.31508255004883,91245000
2025-10-24,54.69245911392133,55.32396796104492,54.4637248507284,54.97589111328125,84387600
2025-10-27,56.94500049809668,58.024034595979856,56.82068814617708,57.89474868774414,77489400
2025-10-28,58.50139354771187,59.70970975961501,58.208014424573754,59.217430114746094,92239400
2025-10-29,59.953357097795674,60.3511581159823,58.44669209588086,59.97324752807617,133060800
2025-10-30,58.96880460399091,59.341741654490356,57.198597951607994,57.228431701660156,127234200
2025-10-31,59.41632716814125,59.41632716814125,57.37263191923579,58.03894805908203,122666800
2025-11-03,59.669928095277676,59.8787719331203,58.21796075545009,58.83454895019531,83598000
2025-11-04,56.36819073175268,57.387553491103326,55.01567179408788,55.23446273803711,124762800
2025-11-05,55.03556401447785,57.18368128129634,54.66760051890709,56.30852127075195,109730000
2025-11-06,55.875913978797776,55.9405550322099,52.76810536589723,53.15098571777344,156461400
2025-11-07,52.22113037843629,52.628874735153715,49.70504962554913,52.59904098510742,183589400
2025-11-10,54.9112510769928,56.31349422515548,54.404058361151755,56.044979095458984,119878800
2025-11-11,55.328936545365664,55.900774088028086,54.49853099572903,55.58253479003906,102665600
2025-11-12,56.4527218194312,56.45769537549823,54.563176441113924,55.468170166015625,125708400
2025-11-13,54.483618361844904,54.63776446682407,51.4155903754765,52.0421257019043,201264400
2025-11-14,49.71499711701802,53.25043689179358,49.11332199927751,52.08190155029297,222397600
2025-11-17,51.42056030385881,53.02170012376378,49.779635829276216,50.744300842285156,186327000
2025-11-18,49.71002235612022,50.39125159560794,47.63649330068271,48.90945053100586,267348000
2025-11-19,49.05365551122593,51.29127787702599,48.44701061839289,49.74980545043945,184263600
2025-11-20,52.65870722407508,53.24546161217002,45.975674707971514,46.19446563720703,178246300
2025-11-21,46.59226432433541,48.82988648322752,44.991124544023705,47.21879959106445,179618600
2025-11-24,48.43209161455189,51.16696327478754,48.40225407126166,50.79899978637695,93894200
2025-11-25,50.36141847803762,52.07195762303359,48.810002782540664,51.723880767822266,101851900
2025-11-26,52.61893221188789,53.56370684599324,52.081901940664395,53.07640075683594,75598100
2025-11-28,53.5239232069981,54.30957814151884,53.33496980746129,54.23996353149414,34381600
2025-12-01,52.817835095428904,54.3493642513009,52.52942951535326,53.752662658691406,66359600
2025-12-02,54.329472361746696,55.4532533126545,53.84216626387058,54.995784759521484,79504400
2025-12-03,54.35930393073119,55.572593673453426,53.93166914579505,55.383636474609375,69844900
2025-12-04,55.73171494659119,55.74165826558708,54.30958132632722,55.204627990722656,63958000
2025-12-05,55.5527008663661,56.76599055719655,55.37369078759729,55.84110641479492,73206000
2025-12-08,56.25879505542472,56.726210690814156,54.816771081719736,55.4930305480957,69700000
2025-12-09,55.14495690266288,55.910721401746315,54.78693674270578,55.701873779296875,48736000
2025-12-10,55.343861009899086,56.7759379490878,54.58803978004331,56.33835983276367,100261100
2025-12-11,55.323967795985524,55.85105093160922,53.683043303295335,55.801326751708984,99683900
2025-12-12,54.806829748565676,55.21457410685249,51.942672128029734,52.52942657470703,138448500
2025-12-15,53.76260801831308,53.76260801831308,51.43548060857294,51.733829498291016,98696300
2025-12-16,51.147075235578875,52.47970382226785,50.81888880002223,52.0421257019043,105953700
2025-12-17,52.36036360946466,52.50953615401241,49.098404948796734,49.12824249267578,125606200
2025-12-18,51.3857469931556,52.17140189170846,50.69954424273626,51.226627349853516,109222100
2025-12-19,51.9128364237666,53.34491328327242,51.90288931161273,53.2255744934082,72957800
2025-12-22,54.508477824870205,54.58803575209874,53.58359368435458,53.95155715942383,64783100
2025-12-23,53.67310249846806,54.76704968235309,53.56370702133717,54.70737838745117,48197100
2025-12-24,54.65359346961421,55.231307792616946,54.56394827465351,55.14166259765625,25855000
2025-12-26,55.30102875513506,55.53012117577643,54.892645953182694,55.09185791015625,37244200
2025-12-29,54.075881118804844,54.77312107830833,53.707337663280995,54.27509307861328,50635300
2025-12-30,53.98623889717354,54.603792586870355,53.8268700804888,53.88663101196289,38976800
2025-12-31,53.916512324350315,53.98623594035286,52.432387213041594,52.5120735168457,57199400
2026-01-02,53.95634952779414,54.663552147109,51.406448702045715,52.14352798461914,107226600
2026-01-05,53.73722127107424,54.11572361012481,53.07982447148748,53.38859939575195,77968000
2026-01-06,53.70733999087415,54.95241004407118,53.52805339889385,54.79304122924805,68915800
2026-01-07,54.673513372088415,55.96838541547449,54.55398771568487,54.95240783691406,65588300
2026-01-08,54.65359095833263,54.76315772487812,53.28899531965707,53.97627258300781,83760300
2026-01-09,54.17548536473063,55.87874021698538,53.57785328312788,55.54008102416992,78706300
2026-01-12,54.384657731909684,56.117796896395504,54.36473995499859,55.66957092285156,59673900
2026-01-13,55.68948932143886,56.2771624977376,54.74323538676774,55.38071060180664,88611000
2026-01-14,54.334852571590666,54.663552866540066,52.292938586706796,53.61769485473633,117421500
2026-01-15,55.43051894305887,55.60980933034058,53.916513339153425,54.16552734375,90483000
2026-01-16,55.101818104598685,55.24126533789078,53.36868277703668,53.92647171020508,75855900
2026-01-20,51.187315455856556,52.35270291123672,50.280904679295084,50.5299186706543,129209100
2026-01-21,50.868580843494264,53.5878133331515,50.4701569140194,52.52203369140625,150230100
2026-01-22,54.10576158730231,54.115724275102195,52.94037789175404,53.68741989135742,90992300
2026-01-23,53.37864217730829,54.85280462856177,53.109706596385735,54.16552734375,78066100
2026-01-26,54.25517149834525,55.41059630555963,53.996194810719274,54.86276626586914,58084300
2026-01-27,55.75921244934997,56.57597803645235,55.34087076799839,56.3170051574707,51981200
2026-01-28,57.47243235928801,57.781207289656244,56.50625681668569,56.834957122802734,76172100
2026-01-29,56.725388134807446,56.98436101462814,52.85073102741775,55.81897735595703,122642300
2026-01-30,54.80300305503867,55.49028034571287,53.10970704940782,53.787025451660156,110170700
2026-02-02,52.950335573229424,55.49027755406839,52.940376685308586,54.88268280029297,74665800
2026-02-03,55.420556101067255,55.54008175903886,50.878543101624416,52.312862396240234,129992200
2026-02-04,51.93435787318362,51.94432056072812,48.23899112179008,49.563743591308594,142536200
2026-02-05,48.199148463924764,49.33465167788436,46.874395980855915,47.45210647583008,158712900
2026-02-06,48.14934644679454,50.80881410180183,47.810687260049775,50.390472412109375,117934600
2026-02-09,49.86256390653135,52.063846718354995,49.245006460954336,51.53593826293945,71272700
2026-02-10,51.76502909226341,52.193333456017,50.689286839212,50.81877517700195,70660900
2026-02-11,52.00408382720198,52.292940984557006,49.84264409034,51.19728088378906,92393800
2026-02-12,51.59569928723557,51.86463485926977,47.80072841438542,48.06966018676758,131150000
2026-02-13,47.960097682182614,49.39441694719973,46.99392215108207,48.27883529663086,123216600
2026-02-17,47.45210673188059,48.786821909797936,46.23691720880078,48.159305572509766,117089700
2026-02-18,48.33859691258482,50.16138123332917,48.00990040535435,49.19520568847656,81370800
2026-02-19,48.47804423017802,49.20516846188153,47.97005733642921,48.63741683959961,83447500
2026-02-20,47.770844234010916,50.25102531397623,47.571632276641274,49.86256408691406,118813800
2026-02-23,49.33464910235473,49.68327095839024,47.47202557318003,48.049739837646484,91951800
2026-02-24,48.25891521645331,49.842644449675134,47.63139885621201,49.58366775512695,71023300
2026-02-25,50.35063071331569,51.75506954010857,50.33070913709106,51.66542434692383,54217200
2026-02-26,51.42637427529166,51.43633316381875,48.51788867024034,49.852603912353516,105583800
2026-02-27,48.25891592767352,49.57370959731168,48.06966284817943,49.3246955871582,93802200
2026-03-02,47.272815495917484,49.95220849105492,47.04372307842857,49.50398254394531,108545900
2026-03-03,46.62538418663639,48.47804521289256,45.53968296068213,47.91029357910156,163365500
2026-03-04,48.49796382350492,50.58968364081711,48.328636132395694,50.061771392822266,99738400
2026-03-05,49.24500733583977,50.55980095356872,47.98001575824484,49.60358810424805,129713200
2026-03-06,47.47203039030594,48.856547668509,46.99392395032841,47.35250473022461,141012200
2026-03-09,46.00782569897442,49.5737080358908,45.32054842047279,49.19520568847656,159005500
2026-03-10,49.21512856624324,50.53988491740367,48.637418041423395,49.205169677734375,115057200
2026-03-11,49.48406147332107,50.32074864990967,48.537807530804486,49.15536117553711,91104300
2026-03-12,47.96009928705341,48.298758488693615,46.56561932744031,46.64530563354492,130823900
2026-03-13,47.163253386132055,48.05970536883131,45.4898788848617,45.74885559082031,141952500
2026-03-16,47.18317051452853,48.079622412700246,46.99392124698206,47.2728157043457,81421500
2026-03-17,47.93021528788914,48.56769054164775,47.62144034915419,47.97005844116211,74570100
2026-03-18,47.531791960621824,47.92025317980337,45.868376519930536,45.91817855834961,105059300
2026-03-19,44.69303054682231,46.13731247090584,44.12527894488599,45.509796142578125,138384900
2026-03-20,45.00181133939147,45.03169180413719,42.13316893458564,42.91009521484375,137952500
2026-03-23,44.93208963101384,45.967988848937765,43.95595514477287,44.39421844482422,139354300
2026-03-24,43.66709726087051,44.374296142460075,43.019659310334994,43.44796371459961,105505200
2026-03-25,44.597317969381855,45.11612390592085,43.84904083501617,44.288028717041016,79294400
2026-03-26,43.13069394772925,43.57966099348699,41.0554739892431,41.13528823852539,117558900
2026-03-27,40.466827762254944,40.49675762896555,38.471422121617934,38.690914154052734,124795700
2026-03-30,39.65868730616928,39.8183196059819,37.234269136185326,37.80295944213867,111446500
2026-03-31,39.000204676936896,41.90351982699872,38.9802501631643,41.58425521850586,149516200
2026-04-01,42.532071371512394,43.878968627297276,42.31257553791356,43.13069152832031,116135500
2026-04-02,40.786092269760644,43.449956967250394,40.347100593996906,43.230464935302734,111377300
2026-04-06,43.49984393480603,44.48757145810085,43.17060396433071,43.998695373535156,69245100
2026-04-07,43.350187448057994,44.10843990191699,41.743885330112846,44.048580169677734,131796200
2026-04-08,48.52826538226145,48.80762095871978,47.04169028646902,47.88973617553711,102015100
2026-04-09,47.90969106107206,48.977232800467895,47.20132295473171,48.847530364990234,78953600
2026-04-10,49.24661095122487,49.69557797363586,48.707850524331704,49.057044982910156,65481600
2026-04-13,48.667942504397715,50.62344293064495,48.34867790540515,50.54362487792969,67169100
2026-04-14,51.27194757573387,53.30726225247301,51.261972222093384,53.28730773925781,72362300
2026-04-15,53.44693970106669,55.61195679704673,53.20749315586698,55.52216339111328,83244000
2026-04-16,56.00106297854268,56.78924535079605,54.97342643771435,56.30037307739258,86398100
2026-04-17,57.64726932682402,58.80460447801134,57.23821131147164,58.45541000366211,103604000
2026-04-20,58.26584739862568,58.44543421436284,56.77926849189789,57.94658279418945,67652800
2026-04-21,58.3456597537236,58.834535804242876,56.68947324472084,57.26814270019531,91775200
2026-04-22,58.794627401180264,60.16147919692182,58.35563953115791,60.071685791015625,73399800
2026-04-23,59.662627136166506,60.59049105175393,57.45770484468852,59.083961486816406,92856900
2026-04-24,60.93969055463169,62.595877096698835,60.420884627414544,62.416290283203125,80250700
2026-04-27,62.26663399795111,62.555968734537565,61.49840235560136,62.4961051940918,56615000
2026-04-28,60.5805169832937,61.1891163178178,59.542905127906195,60.60047149658203,80631600
2026-04-29,60.85987425682471,61.72787467646534,60.311138446843486,61.717899322509766,77081400
2026-04-30,62.745530787857675,63.65344021697019,60.56056294573439,63.394039154052734,81042700
2026-05-01,63.743236802374845,65.68875438608372,63.66342255054974,65.1500015258789,67762900
2026-05-04,65.28967606087322,65.8982754001298,63.63348569847177,64.76089477539062,60813800
2026-05-05,66.21753783446884,67.61431567042055,66.09781075772942,67.23519134521484,54098800
2026-05-06,69.100902685571,71.49539108825367,68.72177072459273,71.40559387207031,70169000
2026-05-07,71.70490584246552,73.131621207969,70.21832313049858,71.17611694335938,93509100
2026-05-08,72.6527234234227,76.13470434360123,72.53299633753952,76.10477447509766,68713700
2026-05-11,75.82541692767967,77.1822934184929,75.37645368798694,76.78321075439453,60475000
2026-05-12,75.12702657220862,75.75557661842068,71.38564093837091,74.78780364990234,90651600
2026-05-13,75.63585323529483,77.7609652507958,74.01957943406188,77.06256866455078,64416400
2026-05-14,77.11245580335901,79.49696505580094,76.98275717041803,78.76863861083984,58472800
2026-05-15,75.55604227756676,77.19227438804792,74.05948796101431,75.16693115234375,81260600
2026-05-18,75.95511648595551,76.09479427831525,71.93437515188158,74.14927673339844,87710100
2026-05-19,72.24366431731083,74.32885954204176,70.79699067185476,72.76246643066406,85973700
2026-05-20,73.91979720026487,76.35419448130051,73.45088327568436,76.33424377441406,70647500
2026-05-21,75.00730080546673,77.61130586117851,74.29893269314337,76.77323150634766,74958100
2026-05-22,77.86073135545476,79.14776894584234,77.15236324512398,77.66118621826172,58330500
2026-05-26,80.40486521753448,82.08100623057936,79.79627351079392,81.7617416381836,62579600
2026-05-27,82.67963936547771,82.71954839359978,80.14547316874199,81.48239135742188,66221000
2026-05-28,81.55222422500736,83.85692285450477,80.47471099284057,83.4877700805664,55265900
2026-05-29,84.21610383118697,85.50313384911435,83.33812042439136,84.36575317382812,67644100
2026-06-01,83.95669604998572,86.86000737494356,83.55761338903748,85.84235382080078,57216000
2026-06-02,85.7425872329919,87.11941445571804,84.63513643641282,87.01964569091797,48355000
2026-06-03,87.47858253447208,87.88763672769537,85.21380050889837,86.36115264892578,62154500
2026-06-04,83.27825858883224,86.05187130996757,82.29053489294542,85.02423858642578,59614600
2026-06-05,81.38261925142245,81.89144982424995,72.51304173297306,72.88219451904297,118961300
2026-06-08,76.68344388379349,78.28974612782625,75.2068402737493,76.09479522705078,77319000
2026-06-09,78.29971900421776,79.15773640832363,66.63657084967757,73.55065155029297,132485700
2026-06-10,71.5153377892768,74.52839692895122,68.84149395160912,69.11087036132812,91465200
2026-06-11,70.72715447713438,76.42403684120399,69.43013772647762,75.83539581298828,116288800
2026-06-12,76.16462931798495,78.17999326890472,74.1193431123532,77.3419189453125,94070700
2026-06-15,82.68960479550233,84.83466732417324,82.45015825635505,84.39567565917969,59758000
2026-06-16,83.99660768550488,84.63513691810202,79.67655239944231,79.74639129638672,67086700
2026-06-17,81.48238734055283,81.62206512615994,76.76325727282315,77.36187744140625,78089600
2026-06-18,81.9113986726376,83.40795287839298,80.4447743330984,82.67963409423828,61063000
2026-06-22,83.75715262132042,84.91449160048067,81.20303571816508,82.39030456542969,61888900
2026-06-23,74.94744308464095,77.56141975860189,73.74022351328506,74.26900482177734,82341800
2026-06-24,74.79000091552734,76.18000030517578,71.3499984741211,73.30000305175781,72009700
2026-06-25,77.95999908447266,78.23999786376953,71.5999984741211,74.94999694824219,105261200
2026-06-26,72.08999633789062,74.69000244140625,70.72000122070312,71.83000183105469,70427700
2026-06-29,74.12000274658203,77.37999725341797,71.44999694824219,77.19000244140625,79128400
2026-06-30,77.23999786376953,81.54000091552734,77.1500015258789,81.0,58466200
2026-07-01,78.72000122070312,79.63999938964844,77.2300033569336,77.45999908447266,63348200
2026-07-02,77.44999694824219,79.13999938964844,71.72000122070312,73.3499984741211,87308500
2026-07-06,75.54000091552734,77.44999694824219,75.11000061035156,76.41999816894531,54545100
2026-07-07,73.69999694824219,74.38999938964844,70.76000213623047,72.2300033569336,70992900
2026-07-08,70.80000305175781,73.0199966430664,69.56999969482422,72.72000122070312,70748500
2026-07-09,74.8499984741211,76.69000244140625,73.88999938964844,76.33999633789062,51726600
2026-07-10,75.52999877929688,77.31999969482422,74.33000183105469,77.02999877929688,46034400
2026-07-13,74.54000091552734,74.8499984741211,72.08999633789062,72.63999938964844,63317500
2026-07-14,75.19999694824219,75.8499984741211,73.41000366210938,75.0199966430664,58097300
2026-07-15,76.29000091552734,76.47000122070312,72.05999755859375,74.44000244140625,68547800
2026-07-16,72.61000061035156,73.12000274658203,69.69000244140625,70.73999786376953,66953300
2026-07-17,66.37999725341797,69.55999755859375,64.91000366210938,67.52999877929688,75465200
2026-07-20,69.47000122070312,70.51000213623047,67.5,67.6500015258789,50076700
2026-07-21,70.70999908447266,71.72000122070312,69.61000061035156,71.37000274658203,37772500
2026-07-22,69.7699966430664,71.58999633789062,69.7699966430664,70.27999877929688,36062100
2026-07-23,67.11000061035156,68.2699966430664,65.0199966430664,66.30000305175781,80277500
2026-07-24,65.77999877929688,66.4000015258789,63.4900016784668,64.0,69267700
2026-07-27,66.05999755859375,66.2300033569336,61.63999938964844,63.400001525878906,70531600
2026-07-28,61.77000045776367,62.61000061035156,59.400001525878906,61.560001373291016,73235900
2026-07-29,61.5099983215332,62.7400016784668,57.59000015258789,57.75,103582900
2026-07-30,61.130001068115234,63.84000015258789,60.7400016784668,63.29999923706055,75877800
2026-07-31,65.73999786376953,66.7699966430664,62.38999938964844,64.62000274658203,86709900
2026-08-03,64.70999908447266,68.41000366210938,63.9900016784668,67.95999908447266,62223600
2026-08-04,70.30999755859375,75.41000366210938,70.13999938964844,74.81999969482422,73728500
2026-08-05,75.61000061035156,76.33000183105469,72.73999786376953,72.83999633789062,70885800
2026-08-06,70.8499984741211,73.44999694824219,70.16000366210938,72.02999877929688,60887200
2026-08-07,73.66000366210938,74.66999816894531,72.5199966430664,74.47000122070312,59409800
2026-08-10,74.2699966430664,74.9800033569336,73.63999938964844,73.80000305175781,44224500
2026-08-11,74.54000091552734,74.54000091552734,72.23999786376953,73.05999755859375,43674100
2026-08-12,75.62000274658203,75.69000244140625,74.37999725341797,74.5999984741211,46867300
2026-08-13,75.04000091552734,77.7699966430664,74.70999908447266,77.1500015258789,49822600
2026-08-14,77.56999969482422,77.8499984741211,75.94000244140625,76.79000091552734,36616800
2026-08-17,77.37999725341797,77.9000015258789,76.20999908447266,76.4000015258789,39828100
2026-08-18,73.36000061035156,73.95999908447266,72.01000213623047,72.52999877929688,51330500
2026-08-19,73.37000274658203,73.69999694824219,71.0,72.05999755859375,49118200
2026-08-20,70.83000183105469,71.69000244140625,69.76000213623047,70.4800033569336,56681700
2026-08-21,71.69999694824219,71.83000183105469,69.91000366210938,71.16999816894531,47654300
2026-08-24,70.0,70.05000305175781,67.93000030517578,69.01000213623047,46660700
2026-08-25,70.41999816894531,71.2699966430664,69.3499984741211,70.2699966430664,44163200
2026-08-26,69.55999755859375,70.94000244140625,69.44000244140625,70.47000122070312,40461400
2026-08-27,72.08999633789062,73.37999725341797,71.37999725341797,73.30000305175781,48782800
2026-08-28,72.8499984741211,74.18000030517578,71.43000030517578,71.8499984741211,58068000
2026-08-31,71.44000244140625,72.1500015258789,70.81999969482422,71.91999816894531,42308100
2026-09-01,69.06999969482422,70.55000305175781,68.25,69.1500015258789,57328900
2026-09-02,68.97000122070312,69.76000213623047,68.38999938964844,69.5999984741211,38887400
2026-09-03,70.05999755859375,72.41999816894531,69.70999908447266,72.02999877929688,46695100
2026-09-04,72.48999786376953,73.23999786376953,71.6500015258789,72.37000274658203,47352200
2026-09-08,72.94999694824219,73.20999908447266,71.31999969482422,72.16000366210938,48309000
2026-09-09,71.55000305175781,72.55000305175781,70.83999633789062,71.55000305175781,37956500
