datetime,open,high,low,close,volume,source
2011-01-03,126.71,127.6,125.6969,127.05,138725191.0,polygon
2011-01-04,127.33,127.37,126.19,126.98,137409675.0,polygon
2011-01-05,126.58,127.725,126.46,127.64,133975250.0,polygon
2011-01-06,127.69,127.83,127.01,127.39,122518970.0,polygon
2011-01-07,127.56,127.77,126.15,127.14,156034587.0,polygon
2011-01-10,126.58,127.16,126.2,126.98,122401644.0,polygon
2011-01-11,127.44,127.74,126.95,127.43,110286968.0,polygon
2011-01-12,128.21,128.72,127.4621,128.58,107929135.0,polygon
2011-01-13,128.63,128.69,128.05,128.3675,129229132.0,polygon
2011-01-14,128.19,129.33,128.1,129.3,117677857.0,polygon
2011-01-18,129.18,129.64,129.03,129.52,114401252.0,polygon
2011-01-19,129.41,129.5,127.91,128.25,151958324.0,polygon
2011-01-20,127.96,128.4,127.13,128.08,175745603.0,polygon
2011-01-21,128.88,129.17,128.23,128.37,151462880.0,polygon
2011-01-24,128.285,129.25,128.26,129.1,113715455.0,polygon
2011-01-25,128.76,129.28,128.11,129.17,167552153.0,polygon
2011-01-26,129.49,130.05,129.23,129.67,141281439.0,polygon
2011-01-27,129.7,130.21,129.47,129.99,123302633.0,polygon
2011-01-28,130.14,130.35,127.51,127.72,295637223.0,polygon
2011-01-31,128.07,128.78,127.75,128.68,149249105.0,polygon
2011-02-01,129.46,130.97,129.3801,130.74,167194214.0,polygon
2011-02-02,130.4,130.84,130.33,130.485,118323602.0,polygon
2011-02-03,130.26,130.98,129.57,130.78,145886611.0,polygon
2011-02-04,130.83,131.2,130.23,131.15,134634710.0,polygon
2011-02-07,131.44,132.4,131.43,131.97,112439030.0,polygon
2011-02-08,132.09,132.64,131.73,132.57,99072704.0,polygon
2011-02-09,132.21,132.63,131.61,132.269,146436606.0,polygon
2011-02-10,131.6,132.47,131.3,132.321,162708478.0,polygon
2011-02-11,131.8,133.28,131.77,133.11,137716436.0,polygon
2011-02-14,133.03,133.54,132.88,133.43,101691100.0,polygon
2011-02-15,133.02,133.22,132.66,133.01,119575387.0,polygon
2011-02-16,133.46,134.01,133.19,133.85,130183448.0,polygon
2011-02-17,133.46,134.43,133.34,134.25,109810420.0,polygon
2011-02-18,134.37,134.69,134.06,134.53,130002330.0,polygon
2011-02-22,133.12,134.5615,131.47,131.83,233116375.0,polygon
2011-02-23,131.75,132.07,130.21,131.02,227610100.0,polygon
2011-02-24,130.88,131.44,129.7,130.93,260467041.0,polygon
2011-02-25,131.48,132.41,131.4,132.33,141693837.0,polygon
2011-02-28,132.82,133.32,132.38,133.15,141600773.0,polygon
2011-03-01,133.57,133.69,130.89,130.93,258582270.0,polygon
2011-03-02,130.75,131.82,130.35,131.21,200277834.0,polygon
2011-03-03,132.4,133.62,132.39,133.47,176485166.0,polygon
2011-03-04,133.37,133.63,131.6,132.47,277371473.0,polygon
2011-03-07,132.86,133.1594,130.735,131.43,216888931.0,polygon
2011-03-08,131.64,133.0,131.07,132.58,174706407.0,polygon
2011-03-09,132.32,132.8,131.6,132.39,153903463.0,polygon
2011-03-10,131.0,131.18,129.81,129.9375,301665703.0,polygon
2011-03-11,129.52,131.31,129.49,130.84,225758504.0,polygon
2011-03-14,129.99,130.48,129.06,130.05,235607778.0,polygon
2011-03-15,126.59,129.33,126.5,128.56,359794831.0,polygon
2011-03-16,128.15,128.57,125.28,126.18,469160630.0,polygon
2011-03-17,128.0,128.39,127.1,127.85,254521638.0,polygon
2011-03-18,128.84,128.88,127.51,127.76,230654390.0,polygon
2011-03-21,129.35,130.01,129.2,129.74,154065282.0,polygon
2011-03-22,129.72,129.89,129.17,129.29,129743412.0,polygon
2011-03-23,128.93,130.0,128.32,129.66,148648724.0,polygon
2011-03-24,130.4,131.09,129.67,130.9,159238287.0,polygon
2011-03-25,131.24,131.87,130.8927,131.3,155769995.0,polygon
2011-03-28,131.58,131.92,130.94,130.98,109839083.0,polygon
2011-03-29,130.87,131.9,130.44,131.86,129844555.0,polygon
2011-03-30,132.55,133.16,132.36,132.77,135895860.0,polygon
2011-03-31,132.6,132.96,132.45,132.59,132756530.0,polygon
2011-04-01,133.41,133.77,132.83,133.15,154038917.0,polygon
2011-04-04,133.43,133.67,132.88,133.26,100773342.0,polygon
2011-04-05,133.0,133.83,132.94,133.24,121083840.0,polygon
2011-04-06,133.88,134.0,133.12,133.66,120453617.0,polygon
2011-04-07,133.42,133.94,132.66,133.32,170973204.0,polygon
2011-04-08,133.91,133.99,132.31,132.86,148014798.0,polygon
2011-04-11,133.0,133.45,132.14,132.46,121518486.0,polygon
2011-04-12,131.72,131.98,130.99,131.47,161480682.0,polygon
2011-04-13,132.08,132.18,130.96,131.46,162172967.0,polygon
2011-04-14,130.7,131.76,130.27,131.56,161271236.0,polygon
2011-04-15,131.8,132.37,131.41,132.04,170146610.0,polygon
2011-04-18,130.59,132.0301,129.51,130.56,210908208.0,polygon
2011-04-19,130.76,131.35,130.44,131.31,124321889.0,polygon
2011-04-20,132.88,133.39,132.79,133.1,156473001.0,polygon
2011-04-21,133.79,133.84,133.1046,133.78,136214509.0,polygon
2011-04-25,133.68,133.86,133.2,133.64,65760002.0,polygon
2011-04-26,134.05,135.06,133.91,134.791,146658425.0,polygon
2011-04-27,135.05,135.87,134.5,135.67,143104801.0,polygon
2011-04-28,135.43,136.29,135.41,136.11,124865764.0,polygon
2011-04-29,136.16,136.57,135.98,136.43,115094350.0,polygon
2011-05-02,137.07,137.18,135.95,136.22,126310033.0,polygon
2011-05-03,135.96,136.19,135.045,135.73,138445808.0,polygon
2011-05-04,135.67,135.73,134.23,134.83,182821163.0,polygon
2011-05-05,134.08,134.95,133.02,133.61,227065699.0,polygon
2011-05-06,134.94,135.63,133.22,134.2,222951264.0,polygon
2011-05-09,134.19,135.11,133.98,134.72,114134435.0,polygon
2011-05-10,135.17,136.11,135.0,135.87,114886994.0,polygon
2011-05-11,135.67,135.69,133.82,134.44,193745610.0,polygon
2011-05-12,134.08,135.36,133.39,135.08,171648128.0,polygon
2011-05-13,135.15,135.34,133.56,134.04,157499081.0,polygon
2011-05-16,133.56,134.61,132.97,133.19,141770642.0,polygon
2011-05-17,132.69,133.35,132.12,133.17,192852310.0,polygon
2011-05-18,133.24,134.5,132.95,134.36,135228138.0,polygon
2011-05-19,134.8,135.03,133.94,134.68,119584847.0,polygon
2011-05-20,134.33,134.6781,133.36,133.61,182638302.0,polygon
2011-05-23,131.98,133.6475,131.59,132.05,168799987.0,polygon
2011-05-24,132.44,132.73,131.7,131.95,147200295.0,polygon
2011-05-25,131.42,132.94,131.38,132.39,151102185.0,polygon
2011-05-26,132.03,133.24,131.78,133.0,164984594.0,polygon
2011-05-27,133.37,133.87,132.9588,133.51,120921858.0,polygon
2011-05-31,134.77,134.92,133.84,134.9,164731167.0,polygon
2011-06-01,134.51,134.9234,131.76,131.87,233094277.0,polygon
2011-06-02,131.96,132.24,130.96,131.73,200466729.0,polygon
2011-06-03,130.15,131.42,130.08,130.42,234690124.0,polygon
2011-06-06,130.09,130.36,128.87,129.045,179951146.0,polygon
2011-06-07,129.7,130.07,128.85,128.96,161805954.0,polygon
2011-06-08,128.76,129.19,128.18,128.42,198696304.0,polygon
2011-06-09,128.77,129.93,128.46,129.4,160964350.0,polygon
2011-06-10,128.85,128.93,127.26,127.6,238629307.0,polygon
2011-06-13,127.89,128.24,127.05,127.7,207599751.0,polygon
2011-06-14,128.87,129.77,128.82,129.31,160570345.0,polygon
2011-06-15,128.24,129.2991,126.68,127.02,300957945.0,polygon
2011-06-16,127.06,127.97,126.32,127.3,308038426.0,polygon
2011-06-17,127.93,127.94,126.62,127.05,234996065.0,polygon
2011-06-20,126.62,127.97,126.58,127.7,159478911.0,polygon
2011-06-21,128.36,129.7,127.7535,129.45,193157234.0,polygon
2011-06-22,129.05,129.81,128.59,128.67,176886453.0,polygon
2011-06-23,127.16,128.6361,126.19,128.301,334286827.0,polygon
2011-06-24,128.27,128.37,126.62,126.81,226129358.0,polygon
2011-06-27,126.89,128.43,126.64,127.94,168908174.0,polygon
2011-06-28,128.45,129.63,128.27,129.61,165556257.0,polygon
2011-06-29,130.2,130.93,129.6321,130.72,244295405.0,polygon
2011-06-30,131.14,132.18,130.705,131.97,223496512.0,polygon
2011-07-01,132.09,134.1,131.78,133.92,202385636.0,polygon
2011-07-05,133.78,134.08,133.39,133.81,165935968.0,polygon
2011-07-06,133.49,134.14,133.11,133.97,143332679.0,polygon
2011-07-07,135.16,135.7,134.88,135.36,170464164.0,polygon
2011-07-08,133.83,135.3558,133.39,134.4,194171492.0,polygon
2011-07-11,132.75,133.18,131.66,131.97,195918544.0,polygon
2011-07-12,131.69,132.78,131.36,131.4,214675640.0,polygon
2011-07-13,132.09,133.22,131.519,131.83,204062545.0,polygon
2011-07-14,132.17,132.78,130.68,130.93,226111747.0,polygon
2011-07-15,131.66,131.87,130.77,131.69,220124620.0,polygon
2011-07-18,131.08,131.28,129.63,130.61,196872076.0,polygon
2011-07-19,131.34,132.89,131.31,132.73,166554896.0,polygon
2011-07-20,133.07,133.15,132.42,132.65,137145310.0,polygon
2011-07-21,133.4,134.82,132.6693,134.49,245270290.0,polygon
2011-07-22,134.52,134.72,133.76,134.58,126019327.0,polygon
2011-07-25,133.3,134.49,133.16,133.83,136653703.0,polygon
2011-07-26,133.74,133.96,133.03,133.33,131278113.0,polygon
2011-07-27,132.59,132.63,130.43,130.6,249020022.0,polygon
2011-07-28,130.6,131.77,130.01,130.22,207939900.0,polygon
2011-07-29,128.91,130.55,127.9667,129.33,307042469.0,polygon
2011-08-01,130.84,130.96,127.53,128.77,325790824.0,polygon
2011-08-02,127.81,128.5,125.49,125.49,346653757.0,polygon
2011-08-03,125.66,126.31,123.53,126.17,371029415.0,polygon
2011-08-04,124.42,124.62,120.06,120.26,520721783.0,polygon
2011-08-05,121.76,122.07,116.86,120.08,655561584.0,polygon
2011-08-08,116.91,120.1218,112.02,112.26,702263849.0,polygon
2011-08-09,114.07,117.64,110.27,117.48,717828611.0,polygon
2011-08-10,115.26,116.28,111.95,112.29,662607378.0,polygon
2011-08-11,113.26,118.92,112.317,117.33,487979673.0,polygon
2011-08-12,118.4,119.215,117.28,118.14,313731600.0,polygon
2011-08-15,119.19,120.74,119.0,120.62,258810580.0,polygon
2011-08-16,119.47,120.69,118.31,119.59,294095199.0,polygon
2011-08-17,120.25,121.2,118.72,119.67,238201070.0,polygon
2011-08-18,116.5,119.714,113.39,114.51,512956218.0,polygon
2011-08-19,112.96,115.88,112.5,112.64,428281241.0,polygon
2011-08-22,115.17,115.23,112.41,112.73,275090591.0,polygon
2011-08-23,113.15,116.5665,112.58,116.44,331136599.0,polygon
2011-08-24,116.19,118.24,115.92,118.08,246869675.0,polygon
2011-08-25,118.73,119.4,115.87,116.28,312365337.0,polygon
2011-08-26,115.69,118.51,113.85,117.97,314495833.0,polygon
2011-08-29,119.56,121.43,118.0569,121.34,190977185.0,polygon
2011-08-30,120.83,122.43,119.26,121.68,241315666.0,polygon
2011-08-31,122.46,123.51,121.3,122.22,301828304.0,polygon
2011-09-01,122.29,123.4,120.78,120.94,254585844.0,polygon
2011-09-02,118.42,120.8726,117.43,117.85,255517200.0,polygon
2011-09-06,114.39,117.16,114.38,116.99,285142737.0,polygon
2011-09-07,118.76,120.34,118.36,120.29,209803113.0,polygon
2011-09-08,119.57,120.94,118.77,119.04,250568194.0,polygon
2011-09-09,117.68,119.057,115.28,115.92,380195064.0,polygon
2011-09-12,114.47,116.76,114.05,116.67,305793438.0,polygon
2011-09-13,117.05,118.18,116.22,117.74,272514654.0,polygon
2011-09-14,118.34,120.8,116.72,119.37,319389428.0,polygon
2011-09-15,120.65,121.47,119.4034,121.43,326777105.0,polygon
2011-09-16,121.29,121.97,120.32,121.521,284528213.0,polygon
2011-09-19,119.53,120.93,118.72,120.31,241516921.0,polygon
2011-09-20,120.82,121.99,120.01,120.17,218932124.0,polygon
2011-09-21,120.23,120.6,116.44,116.63,316251215.0,polygon
2011-09-22,113.25,114.21,111.3,112.86,513920097.0,polygon
2011-09-23,112.11,114.16,112.02,113.54,307242488.0,polygon
2011-09-26,114.61,116.4,112.98,116.24,260673617.0,polygon
2011-09-27,118.53,119.56,116.84,117.54,311753819.0,polygon
2011-09-28,117.78,118.49,114.97,115.145,286696748.0,polygon
2011-09-29,117.05,117.63,113.93,116.05,298108816.0,polygon
2011-09-30,114.45,115.45,113.07,113.15,288685511.0,polygon
2011-10-03,112.49,113.95,109.81,109.93,365136777.0,polygon
2011-10-04,108.35,112.58,107.43,112.34,459177456.0,polygon
2011-10-05,112.62,114.72,111.58,114.41,284107995.0,polygon
2011-10-06,114.36,116.66,113.51,116.49,257800742.0,polygon
2011-10-07,117.17,117.245,115.06,115.71,312657900.0,polygon
2011-10-10,117.68,119.63,117.67,119.58,230666207.0,polygon
2011-10-11,118.87,120.04,118.75,119.7,209087953.0,polygon
2011-10-12,120.6,122.14,120.33,120.75,281544827.0,polygon
2011-10-13,120.04,120.87,119.12,120.51,212538802.0,polygon
2011-10-14,121.91,122.6,121.23,122.57,211397567.0,polygon
2011-10-17,121.99,122.5492,119.93,120.23,202311559.0,polygon
2011-10-18,120.14,123.5,119.2,122.58,318857857.0,polygon
2011-10-19,122.38,123.08,120.71,121.13,226601263.0,polygon
2011-10-20,121.43,122.1,119.82,121.67,262075598.0,polygon
2011-10-21,123.09,124.12,122.72,123.97,278999360.0,polygon
2011-10-24,124.17,125.8,124.06,125.49,203215563.0,polygon
2011-10-25,124.89,124.95,122.78,123.049,268596749.0,polygon
2011-10-26,124.35,124.77,122.21,124.3,289053783.0,polygon
2011-10-27,127.63,129.42,124.3187,128.63,390025658.0,polygon
2011-10-28,128.0,128.85,127.8,128.6,225906497.0,polygon
2011-10-31,127.16,128.6239,125.32,125.5,228146632.0,polygon
2011-11-01,122.03,123.51,121.52,122.002,416565738.0,polygon
2011-11-02,123.83,124.4,122.7905,123.99,245529375.0,polygon
2011-11-03,125.27,126.5,123.595,126.25,291174800.0,polygon
2011-11-04,125.23,125.7,124.01,125.481,249401512.0,polygon
2011-11-07,125.39,126.39,124.2,126.26,196617175.0,polygon
2011-11-08,126.92,128.02,125.71,127.88,224426217.0,polygon
2011-11-09,124.89,125.8,122.86,123.161,337981970.0,polygon
2011-11-10,124.79,124.94,123.02,124.32,231866470.0,polygon
2011-11-11,125.83,126.99,125.79,126.66,189924327.0,polygon
2011-11-14,126.19,127.45,124.92,125.46,159258229.0,polygon
2011-11-15,125.17,126.75,124.72,126.083,184709388.0,polygon
2011-11-16,124.81,126.34,123.9,124.08,235782466.0,polygon
2011-11-17,123.85,124.16,121.23,122.105,331219799.0,polygon
2011-11-18,122.5,122.75,121.47,121.979,215580353.0,polygon
2011-11-21,120.2,120.35,118.65,119.661,229611599.0,polygon
2011-11-22,119.4,120.1,118.52,119.19,216494841.0,polygon
2011-11-23,118.07,119.19,116.56,116.56,224531653.0,polygon
2011-11-25,116.38,117.7,116.2,116.34,99556580.0,polygon
2011-11-28,119.54,120.18,118.82,119.71,210686012.0,polygon
2011-11-29,120.05,121.0,119.61,120.05,199241491.0,polygon
2011-11-30,123.49,125.22,119.9971,124.99,324439457.0,polygon
2011-12-01,124.85,125.64,124.43,124.97,176954756.0,polygon
2011-12-02,126.12,126.5,124.78,124.86,221109692.0,polygon
2011-12-05,126.84,127.18,125.44,126.22,225263845.0,polygon
2011-12-06,126.21,127.11,125.76,126.26,178842040.0,polygon
2011-12-07,125.84,127.26,124.97,126.73,237802476.0,polygon
2011-12-08,125.9,126.18,123.65,123.95,240862724.0,polygon
2011-12-09,124.51,126.37,124.4,126.05,209111336.0,polygon
2011-12-12,124.95,124.97,123.16,124.21,215826054.0,polygon
2011-12-13,124.86,125.57,122.45,123.05,245159708.0,polygon
2011-12-14,122.56,123.03,121.47,121.74,238618786.0,polygon
2011-12-15,123.03,123.2,121.99,122.185,199109123.0,polygon
2011-12-16,122.23,122.95,121.3,121.59,220481303.0,polygon
2011-12-19,122.06,122.32,120.03,120.29,183902965.0,polygon
2011-12-20,122.18,124.14,120.3702,123.93,225418075.0,polygon
2011-12-21,123.93,124.36,122.75,124.17,194230879.0,polygon
2011-12-22,124.63,125.4,124.2324,125.27,119465303.0,polygon
2011-12-23,125.67,126.43,125.41,126.39,92187159.0,polygon
2011-12-27,126.17,126.82,126.06,126.49,86075701.0,polygon
2011-12-28,126.51,126.53,124.73,124.83,119107005.0,polygon
2011-12-29,125.24,126.25,124.8566,126.12,123507123.0,polygon
2011-12-30,126.02,126.33,125.5,125.5,95598996.0,polygon
2012-01-03,127.76,128.38,127.43,127.495,193697825.0,polygon
2012-01-04,127.2,127.81,126.71,127.7,127186456.0,polygon
2012-01-05,127.01,128.23,126.43,128.04,173894933.0,polygon
2012-01-06,128.2,128.22,127.29,127.71,148049929.0,polygon
2012-01-09,128.0,128.18,127.41,128.02,99530109.0,polygon
2012-01-10,129.39,129.65,128.95,129.13,115281921.0,polygon
2012-01-11,128.73,129.37,128.52,129.2,111540673.0,polygon
2012-01-12,129.57,129.7,128.54,129.51,118983646.0,polygon
2012-01-13,128.64,129.05,127.72,128.84,179836140.0,polygon
2012-01-17,130.08,130.32,128.8957,129.34,132209191.0,polygon
2012-01-18,129.31,130.84,129.08,130.77,163395122.0,polygon
2012-01-19,131.22,131.57,130.8,131.46,126328814.0,polygon
2012-01-20,131.24,131.95,130.92,131.54,138230146.0,polygon
2012-01-23,131.51,132.25,130.98,131.61,129295759.0,polygon
2012-01-24,130.8,131.5,130.6,131.46,103083260.0,polygon
2012-01-25,131.26,132.87,130.75,132.56,198613161.0,polygon
2012-01-26,133.15,133.4,131.36,131.88,184880478.0,polygon
2012-01-27,131.24,132.05,131.15,131.82,135259033.0,polygon
2012-01-30,130.51,131.44,130.06,131.37,147311730.0,polygon
2012-01-31,132.02,132.18,130.68,131.32,157211918.0,polygon
2012-02-01,132.29,133.14,132.13,132.47,166234457.0,polygon
2012-02-02,132.73,133.02,132.21,132.68,113090345.0,polygon
2012-02-03,134.0,134.62,133.77,134.54,160598487.0,polygon
2012-02-06,133.98,134.5134,133.83,134.45,107694459.0,polygon
2012-02-07,134.17,135.02,133.64,134.79,135528071.0,polygon
2012-02-08,134.86,135.22,134.31,135.19,139361385.0,polygon
2012-02-09,135.41,135.59,134.56,135.36,148602826.0,polygon
2012-02-10,134.16,134.47,133.84,134.361,167907482.0,polygon
2012-02-13,135.32,135.52,134.74,135.36,115841819.0,polygon
2012-02-14,135.0,135.27,134.25,135.19,165996154.0,polygon
2012-02-15,135.63,135.83,134.29,134.56,195195094.0,polygon
2012-02-16,134.57,136.17,134.33,136.049,186567742.0,polygon
2012-02-17,136.52,136.6275,135.96,136.41,129869401.0,polygon
2012-02-21,136.73,137.05,136.05,136.47,134042271.0,polygon
2012-02-22,136.26,136.55,135.79,136.032,124455245.0,polygon
2012-02-23,135.96,136.73,135.5,136.631,137704236.0,polygon
2012-02-24,136.93,137.2,136.63,136.93,105539083.0,polygon
2012-02-27,136.02,137.53,135.8,137.16,145728833.0,polygon
2012-02-28,137.2,137.72,136.93,137.559,129355808.0,polygon
2012-02-29,137.76,138.19,136.54,137.02,185934689.0,polygon
2012-03-01,137.31,137.99,136.9312,137.73,145026117.0,polygon
2012-03-02,137.64,137.82,137.0,137.312,120638224.0,polygon
2012-03-05,137.1,137.2,136.28,136.75,140764992.0,polygon
2012-03-06,135.35,135.43,134.36,134.75,202129838.0,polygon
2012-03-07,135.06,135.91,134.93,135.69,143692128.0,polygon
2012-03-08,136.52,137.32,136.24,137.04,116968812.0,polygon
2012-03-09,137.3,137.93,137.13,137.57,122836765.0,polygon
2012-03-12,137.55,137.76,137.09,137.58,104003471.0,polygon
2012-03-13,138.32,140.13,138.09,140.062,184090417.0,polygon
2012-03-14,140.1,140.445,139.48,139.91,145163502.0,polygon
2012-03-15,140.12,140.78,139.76,140.72,165118448.0,polygon
2012-03-16,140.36,140.48,140.0,140.3,152893405.0,polygon
2012-03-19,140.21,141.28,140.11,140.85,125291026.0,polygon
2012-03-20,140.05,140.61,139.64,140.44,121729639.0,polygon
2012-03-21,140.52,140.65,139.92,140.21,122388401.0,polygon
2012-03-22,139.18,139.55,138.74,139.2,135216691.0,polygon
2012-03-23,139.32,139.81,138.55,139.65,120520956.0,polygon
2012-03-26,140.65,141.61,140.6,141.61,120163949.0,polygon
2012-03-27,141.74,141.83,141.08,141.17,119868421.0,polygon
2012-03-28,141.1,141.32,139.64,140.47,148562025.0,polygon
2012-03-29,139.64,140.4934,139.09,140.23,164963645.0,polygon
2012-03-30,140.92,141.05,140.05,140.81,135486715.0,polygon
2012-04-02,140.64,142.21,140.36,141.84,151741045.0,polygon
2012-04-03,141.64,141.8826,140.43,141.26,155806609.0,polygon
2012-04-04,140.22,140.339,139.34,139.86,146895936.0,polygon
2012-04-05,139.38,140.2,139.26,139.79,137439344.0,polygon
2012-04-09,138.03,139.8444,137.84,138.22,127555857.0,polygon
2012-04-10,137.95,138.34,135.76,135.9,235360256.0,polygon
2012-04-11,137.29,137.54,136.75,137.0,154132907.0,polygon
2012-04-12,137.13,138.9,137.03,138.79,154321489.0,polygon
2012-04-13,138.47,138.8168,137.01,137.14,169246612.0,polygon
2012-04-16,137.84,138.04,136.58,137.05,147825217.0,polygon
2012-04-17,137.84,139.36,137.698,139.082,147877575.0,polygon
2012-04-18,138.46,139.08,138.38,138.61,123884187.0,polygon
2012-04-19,138.63,139.15,137.07,137.72,198666751.0,polygon
2012-04-20,138.33,138.83,137.87,137.95,143199560.0,polygon
2012-04-23,136.54,136.91,135.94,136.79,171844860.0,polygon
2012-04-24,136.91,137.66,136.8,137.31,137484192.0,polygon
2012-04-25,138.65,139.25,138.53,139.19,150254995.0,polygon
2012-04-26,138.89,140.32,138.81,140.16,136292712.0,polygon
2012-04-27,140.58,140.79,139.8,140.39,123982135.0,polygon
2012-04-30,140.11,140.21,139.49,139.87,115092198.0,polygon
2012-05-01,139.79,141.66,139.63,140.74,138837314.0,polygon
2012-05-02,139.92,140.46,139.46,140.325,121080935.0,polygon
2012-05-03,140.34,140.45,138.99,139.25,143762703.0,polygon
2012-05-04,138.515,139.3012,136.92,137.018,193931300.0,polygon
2012-05-07,136.51,137.56,136.46,137.1,127765875.0,polygon
2012-05-08,136.28,136.77,134.92,136.55,213383873.0,polygon
2012-05-09,135.1,136.61,134.49,135.74,220778190.0,polygon
2012-05-10,136.68,136.85,135.71,136.02,150600916.0,polygon
2012-05-11,135.17,136.87,135.11,135.61,153032360.0,polygon
2012-05-14,134.31,135.6144,133.91,134.11,163909908.0,polygon
2012-05-15,134.02,134.81,133.13,133.34,207629260.0,polygon
2012-05-16,133.94,134.55,132.8,132.829,207265560.0,polygon
2012-05-17,132.86,133.02,130.79,130.86,247992908.0,polygon
2012-05-18,131.37,131.6,129.55,129.74,319631058.0,polygon
2012-05-21,130.16,132.02,129.95,131.97,177861071.0,polygon
2012-05-22,132.31,133.23,131.34,132.2,197531138.0,polygon
2012-05-23,131.25,132.46,129.99,132.27,204958303.0,polygon
2012-05-24,132.63,132.84,131.42,132.53,167357599.0,polygon
2012-05-25,132.48,132.85,131.78,132.1,135465568.0,polygon
2012-05-29,133.16,133.93,131.17,133.7,152883408.0,polygon
2012-05-30,132.56,133.6924,131.49,131.73,162370365.0,polygon
2012-05-31,131.71,132.45,130.34,131.47,196186175.0,polygon
2012-06-01,129.41,131.5042,128.16,128.16,253244993.0,polygon
2012-06-04,128.39,128.74,127.135,128.1,202548253.0,polygon
2012-06-05,127.85,129.26,127.78,129.07,164149384.0,polygon
2012-06-06,129.97,132.03,129.93,131.97,184202757.0,polygon
2012-06-07,133.47,133.53,131.78,132.05,184772672.0,polygon
2012-06-08,131.71,133.125,131.29,133.1,143915630.0,polygon
2012-06-11,134.17,134.25,131.28,131.415,169756044.0,polygon
2012-06-12,131.79,133.01,131.16,132.92,181931736.0,polygon
2012-06-13,132.53,133.36,131.62,132.07,172223884.0,polygon
2012-06-14,132.34,134.0,131.98,133.48,230616235.0,polygon
2012-06-15,133.38,134.26,133.1,134.14,169444421.0,polygon
2012-06-18,133.58,134.73,133.28,134.4,131365459.0,polygon
2012-06-19,135.08,136.25,134.3714,135.7,137382532.0,polygon
2012-06-20,135.71,136.1,134.27,135.48,206466600.0,polygon
2012-06-21,135.64,135.78,132.33,132.44,205272317.0,polygon
2012-06-22,133.13,133.71,132.62,133.46,130029174.0,polygon
2012-06-25,132.05,132.1,130.85,131.32,146375688.0,polygon
2012-06-26,131.7,132.38,130.93,131.98,141633945.0,polygon
2012-06-27,132.42,133.43,131.9667,133.173,108087938.0,polygon
2012-06-28,132.29,132.99,131.28,132.79,169242658.0,polygon
2012-06-29,135.2,136.27,134.85,136.105,212251060.0,polygon
2012-07-02,136.48,136.65,135.52,136.51,129524407.0,polygon
2012-07-03,136.48,137.51,136.34,137.412,80450171.0,polygon
2012-07-05,136.9,137.8,136.29,136.79,126177419.0,polygon
2012-07-06,135.47,135.77,134.85,135.49,151192025.0,polygon
2012-07-09,135.38,135.57,134.7,135.32,103780468.0,polygon
2012-07-10,136.01,136.23,133.68,134.14,167884796.0,polygon
2012-07-11,134.21,134.6,133.38,134.16,141734024.0,polygon
2012-07-12,133.38,134.2269,132.6,133.51,143583154.0,polygon
2012-07-13,133.86,135.89,133.84,135.75,129644147.0,polygon
2012-07-16,135.44,135.83,134.9,135.43,97525191.0,polygon
2012-07-17,135.97,136.64,134.55,136.36,138860218.0,polygon
2012-07-18,136.04,137.64,135.96,137.37,113349636.0,polygon
2012-07-19,137.65,138.18,137.21,137.73,129847218.0,polygon
2012-07-20,136.95,137.16,136.32,136.47,142904464.0,polygon
2012-07-23,134.47,136.3852,133.84,135.09,145210831.0,polygon
2012-07-24,135.19,135.25,133.03,133.925,173301102.0,polygon
2012-07-25,134.21,134.56,133.25,133.96,129122265.0,polygon
2012-07-26,135.89,136.46,135.26,136.17,156526464.0,polygon
2012-07-27,136.89,139.07,136.1364,138.675,236768882.0,polygon
2012-07-30,138.52,139.339,138.27,138.68,106781926.0,polygon
2012-07-31,138.49,138.87,137.71,137.71,120575835.0,polygon
2012-08-01,138.7,138.73,137.4,137.59,138293740.0,polygon
2012-08-02,136.55,137.57,135.58,136.64,199556580.0,polygon
2012-08-03,138.56,139.64,136.6794,139.349,157824975.0,polygon
2012-08-06,139.72,140.17,139.56,139.62,86327738.0,polygon
2012-08-07,140.18,140.92,140.03,140.32,109545089.0,polygon
2012-08-08,139.85,140.65,139.81,140.49,89754633.0,polygon
2012-08-09,140.29,140.89,140.15,140.61,90291642.0,polygon
2012-08-10,140.04,140.89,139.81,140.84,99792622.0,polygon
2012-08-13,140.6,140.84,140.04,140.77,79426869.0,polygon
2012-08-14,141.29,141.38,140.37,140.79,102379363.0,polygon
2012-08-15,140.64,141.19,140.55,140.95,71085811.0,polygon
2012-08-16,141.15,142.16,140.8,141.99,112014164.0,polygon
2012-08-17,142.23,142.3,141.86,142.18,90813666.0,polygon
2012-08-20,141.98,142.22,141.59,142.19,78255657.0,polygon
2012-08-21,142.54,143.09,141.45,141.76,105581009.0,polygon
2012-08-22,141.4,142.05,141.07,141.82,133243431.0,polygon
2012-08-23,141.47,141.48,140.44,140.665,111466361.0,polygon
2012-08-24,140.31,141.83,140.22,141.51,99481192.0,polygon
2012-08-27,141.89,142.08,141.34,141.54,68785850.0,polygon
2012-08-28,141.18,141.84,140.97,141.4,75689536.0,polygon
2012-08-29,141.52,141.89,141.12,141.51,65421300.0,polygon
2012-08-30,140.9,140.94,140.19,140.49,96589830.0,polygon
2012-08-31,141.29,141.82,140.36,141.16,151970364.0,polygon
2012-09-04,141.04,141.46,140.13,141.035,120226199.0,polygon
2012-09-05,141.09,141.47,140.63,140.91,100660254.0,polygon
2012-09-06,141.76,143.78,141.75,143.77,158272434.0,polygon
2012-09-07,144.01,144.39,143.88,144.33,107272023.0,polygon
2012-09-10,144.19,144.44,143.46,143.51,86458407.0,polygon
2012-09-11,143.6,144.37,143.56,143.91,88759995.0,polygon
2012-09-12,144.39,144.55,143.9,144.39,87640880.0,polygon
2012-09-13,144.37,147.04,143.99,146.59,225470102.0,polygon
2012-09-14,146.88,148.11,146.76,147.24,169776992.0,polygon
2012-09-17,146.94,147.19,146.37,146.74,119427726.0,polygon
2012-09-18,146.49,146.81,146.25,146.62,98326520.0,polygon
2012-09-19,146.79,147.17,146.41,146.7,128318257.0,polygon
2012-09-20,146.03,146.79,145.63,146.71,154009764.0,polygon
2012-09-21,146.64,146.67,145.81,145.87,108737426.0,polygon
2012-09-24,145.15,145.98,145.04,145.645,95681978.0,polygon
2012-09-25,145.96,146.24,144.06,144.1,133165138.0,polygon
2012-09-26,144.065,144.11,142.95,143.295,146502136.0,polygon
2012-09-27,143.89,144.97,143.51,144.64,111830276.0,polygon
2012-09-28,144.09,144.56,143.46,143.97,150696066.0,polygon
2012-10-01,144.52,145.69,144.0082,144.345,135911137.0,polygon
2012-10-02,144.92,145.15,143.83,144.5,113422151.0,polygon
2012-10-03,144.89,145.43,144.13,145.09,121283027.0,polygon
2012-10-04,145.64,146.34,145.44,146.125,124311599.0,polygon
2012-10-05,146.91,147.16,145.7,146.14,124842048.0,polygon
2012-10-08,145.6,146.1231,145.31,145.642,78415562.0,polygon
2012-10-09,145.53,145.65,144.15,144.2,148872811.0,polygon
2012-10-10,144.18,144.32,143.09,143.28,124247412.0,polygon
2012-10-11,144.28,144.49,143.327,143.36,123601455.0,polygon
2012-10-12,143.46,143.95,142.58,142.89,124181900.0,polygon
2012-10-15,143.23,144.23,142.77,144.08,107689051.0,polygon
2012-10-16,144.76,145.64,144.66,145.54,108815410.0,polygon
2012-10-17,145.64,146.32,145.42,146.2,128834057.0,polygon
2012-10-18,145.82,146.52,145.33,145.82,148108412.0,polygon
2012-10-19,145.55,145.56,143.05,143.3896,185645112.0,polygon
2012-10-22,143.15,143.67,142.28,143.41,125578601.0,polygon
2012-10-23,141.86,142.06,140.83,141.42,192056293.0,polygon
2012-10-24,141.93,142.1,140.8,141.02,120179305.0,polygon
2012-10-25,142.02,142.28,140.57,141.43,134457331.0,polygon
2012-10-26,141.3,141.84,140.39,141.35,146023428.0,polygon
2012-10-31,141.85,142.03,140.68,141.35,103438492.0,polygon
2012-11-01,141.65,143.01,141.52,142.83,100995566.0,polygon
2012-11-02,143.68,143.72,141.41,141.56,137702120.0,polygon
2012-11-05,141.35,142.17,140.93,141.8486,98378432.0,polygon
2012-11-06,142.28,143.52,142.13,142.96,107068091.0,polygon
2012-11-07,141.66,141.68,139.06,139.72,264304430.0,polygon
2012-11-08,139.7,140.41,137.93,138.04,181517243.0,polygon
2012-11-09,137.62,139.44,137.55,138.16,201055214.0,polygon
2012-11-12,138.59,138.81,137.96,138.265,97677409.0,polygon
2012-11-13,137.54,139.25,137.36,137.79,123018209.0,polygon
2012-11-14,138.21,138.43,135.62,135.9299,191504916.0,polygon
2012-11-15,135.98,136.4901,135.18,135.7,178128354.0,polygon
2012-11-16,135.9,136.64,134.7,136.37,239483819.0,polygon
2012-11-19,137.9,139.15,136.4057,139.13,151495731.0,polygon
2012-11-20,138.91,139.42,138.08,139.19,119807381.0,polygon
2012-11-21,139.31,139.57,139.03,139.45,81710736.0,polygon
2012-11-23,140.13,141.4,140.04,141.35,65409145.0,polygon
2012-11-26,140.65,141.3563,140.19,141.05,100124325.0,polygon
2012-11-27,140.91,141.39,140.24,140.3399,128646177.0,polygon
2012-11-28,139.76,141.54,139.0,141.46,177086443.0,polygon
2012-11-29,141.99,142.51,141.37,142.12,151085880.0,polygon
2012-11-30,142.14,142.42,141.66,142.155,136568288.0,polygon
2012-12-03,142.8,142.92,141.34,141.4497,124656283.0,polygon
2012-12-04,141.44,141.87,140.87,141.25,127622507.0,polygon
2012-12-05,141.37,142.16,140.37,141.5,147300444.0,polygon
2012-12-06,141.37,142.04,141.16,141.98,103220533.0,polygon
2012-12-07,142.53,142.69,141.67,142.415,108726325.0,polygon
2012-12-10,142.21,142.81,142.15,142.473,98840667.0,polygon
2012-12-11,143.06,144.11,142.99,143.43,152570378.0,polygon
2012-12-12,144.0,144.55,143.31,143.51,145880026.0,polygon
2012-12-13,143.42,143.83,142.275,142.63,135714940.0,polygon
2012-12-14,142.32,142.58,141.88,142.1051,137701692.0,polygon
2012-12-17,142.47,143.85,142.43,143.77,143735755.0,polygon
2012-12-18,144.0,145.5,143.79,145.37,177762727.0,polygon
2012-12-19,145.53,145.58,144.24,144.29,150895322.0,polygon
2012-12-20,144.38,145.14,143.98,145.12,168486930.0,polygon
2012-12-21,142.17,144.0881,141.94,142.79,245883785.0,polygon
2012-12-24,142.48,142.56,142.19,142.35,53874548.0,polygon
2012-12-26,142.64,142.71,141.35,141.75,106947663.0,polygon
2012-12-27,141.79,142.08,139.92,141.5616,167920546.0,polygon
2012-12-28,140.64,141.42,139.87,140.03,148806608.0,polygon
2012-12-31,139.66,142.56,139.54,142.41,243952162.0,polygon
2013-01-02,145.11,146.15,144.73,146.06,192058911.0,polygon
2013-01-03,145.99,146.37,145.34,145.7341,144761781.0,polygon
2013-01-04,145.97,146.61,145.67,146.37,116817675.0,polygon
2013-01-07,145.85,146.4442,145.43,145.9695,110002444.0,polygon
2013-01-08,145.71,145.91,144.98,145.5496,121265078.0,polygon
2013-01-09,145.87,146.32,145.64,145.92,90745581.0,polygon
2013-01-10,146.73,147.09,145.97,147.08,130735372.0,polygon
2013-01-11,147.04,147.15,146.61,147.07,113917286.0,polygon
2013-01-14,146.89,147.07,146.43,146.97,89567104.0,polygon
2013-01-15,146.29,147.21,146.2,147.07,93172559.0,polygon
2013-01-16,146.77,147.28,146.61,147.05,104849487.0,polygon
2013-01-17,147.7,148.42,147.1446,148.0,133833420.0,polygon
2013-01-18,147.97,148.49,147.43,148.33,169905915.0,polygon
2013-01-22,148.33,149.13,147.98,149.13,111797291.0,polygon
2013-01-23,149.13,149.5,148.86,149.37,104596066.0,polygon
2013-01-24,149.15,150.14,149.01,149.41,146426315.0,polygon
2013-01-25,149.88,150.25,149.3726,150.25,147211558.0,polygon
2013-01-28,150.29,150.33,149.51,150.07,113357611.0,polygon
2013-01-29,149.77,150.85,149.67,150.66,105694364.0,polygon
2013-01-30,150.64,150.94,149.93,150.07,137447625.0,polygon
2013-01-31,149.89,150.38,149.6,149.7,108975801.0,polygon
2013-02-01,150.65,151.42,150.39,151.24,131172997.0,polygon
2013-02-04,150.32,151.2679,149.43,149.535,159073559.0,polygon
2013-02-05,150.35,151.48,150.29,151.05,113912334.0,polygon
2013-02-06,150.52,151.26,150.41,151.16,138762719.0,polygon
2013-02-07,151.205,151.35,149.86,150.96,162489974.0,polygon
2013-02-08,151.22,151.89,151.22,151.8,103133681.0,polygon
2013-02-11,151.74,151.9,151.3938,151.77,73774925.0,polygon
2013-02-12,151.78,152.3,151.61,152.02,65392613.0,polygon
2013-02-13,152.33,152.61,151.72,152.151,82322561.0,polygon
2013-02-14,151.69,152.47,151.52,152.29,80834206.0,polygon
2013-02-15,152.43,152.59,151.55,152.11,215226408.0,polygon
2013-02-19,152.37,153.28,152.1629,153.25,95105396.0,polygon
2013-02-20,153.14,153.19,151.26,151.34,160574782.0,polygon
2013-02-21,150.96,151.4218,149.94,150.42,183256921.0,polygon
2013-02-22,151.15,151.89,150.4913,151.89,106356525.0,polygon
2013-02-25,152.63,152.86,149.0,149.0,245824757.0,polygon
2013-02-26,149.72,150.2,148.73,150.02,186596178.0,polygon
2013-02-27,149.89,152.33,149.76,151.91,150781872.0,polygon
2013-02-28,151.9,152.87,151.41,151.61,126865910.0,polygon
2013-03-01,151.09,152.34,150.41,152.11,170634729.0,polygon
2013-03-04,151.76,152.92,151.52,152.92,99010157.0,polygon
2013-03-05,153.66,154.7,153.64,154.29,121663035.0,polygon
2013-03-06,154.84,154.92,154.16,154.5,94469849.0,polygon
2013-03-07,154.7,154.98,154.52,154.776,86101309.0,polygon
2013-03-08,155.46,155.65,154.66,155.44,123487628.0,polygon
2013-03-11,155.325,156.04,155.13,156.03,83746703.0,polygon
2013-03-12,155.92,156.1,155.21,155.68,105755706.0,polygon
2013-03-13,155.76,156.12,155.23,155.905,92550856.0,polygon
2013-03-14,156.31,156.8,155.9078,156.73,126329853.0,polygon
2013-03-15,155.85,156.04,155.31,155.83,138601089.0,polygon
2013-03-18,154.34,155.64,154.2,154.97,126704266.0,polygon
2013-03-19,155.3,155.51,153.59,154.61,167567263.0,polygon
2013-03-20,155.52,155.95,155.26,155.69,113759222.0,polygon
2013-03-21,154.76,155.6389,154.1,154.359,128604916.0,polygon
2013-03-22,154.85,155.6,154.73,155.6,111163530.0,polygon
2013-03-25,156.01,156.27,154.35,154.95,151322280.0,polygon
2013-03-26,155.59,156.23,155.42,156.19,86856545.0,polygon
2013-03-27,155.26,156.245,155.0,156.19,99950532.0,polygon
2013-03-28,156.09,156.85,155.75,156.67,102932783.0,polygon
2013-04-01,156.59,156.91,155.67,156.05,99194043.0,polygon
2013-04-02,156.61,157.21,156.37,156.82,101504286.0,polygon
2013-04-03,156.91,157.03,154.82,155.23,154167332.0,polygon
2013-04-04,155.43,156.17,155.09,155.86,131884920.0,polygon
2013-04-05,153.95,155.35,153.77,155.158,159665917.0,polygon
2013-04-08,155.27,156.22,154.75,156.21,86571104.0,polygon
2013-04-09,156.5,157.32,155.98,156.75,101922102.0,polygon
2013-04-10,157.17,158.87,157.13,158.67,135711015.0,polygon
2013-04-11,158.7,159.71,158.54,159.19,110142479.0,polygon
2013-04-12,158.68,159.04,157.92,158.8,116359817.0,polygon
2013-04-15,158.0,158.13,155.1,155.118,217258928.0,polygon
2013-04-16,156.29,157.49,155.91,157.41,147507796.0,polygon
2013-04-17,156.29,156.32,154.28,155.11,226834743.0,polygon
2013-04-18,155.37,155.41,153.55,154.14,167583106.0,polygon
2013-04-19,154.5,155.55,154.12,155.48,149687552.0,polygon
2013-04-22,155.78,156.54,154.75,156.17,106553422.0,polygon
2013-04-23,156.95,157.93,156.17,157.78,166141269.0,polygon
2013-04-24,157.83,158.3,157.54,157.88,96781189.0,polygon
2013-04-25,158.34,159.27,158.1,158.52,131060567.0,polygon
2013-04-26,158.33,158.6,157.73,158.24,95918776.0,polygon
2013-04-29,158.67,159.65,158.42,159.3,88572702.0,polygon
2013-04-30,159.27,159.72,158.61,159.68,116010614.0,polygon
2013-05-01,159.33,159.41,158.1,158.28,138874120.0,polygon
2013-05-02,158.68,159.89,158.53,159.75,96407564.0,polygon
2013-05-03,161.14,161.88,159.782,161.368,144202220.0,polygon
2013-05-06,161.49,162.01,161.42,161.78,66882091.0,polygon
2013-05-07,162.13,162.65,161.67,162.5999,90359178.0,polygon
2013-05-08,162.42,163.39,162.33,163.34,97419172.0,polygon
2013-05-09,163.27,163.7,162.47,162.881,106738550.0,polygon
2013-05-10,162.99,163.5498,162.51,163.41,103202902.0,polygon
2013-05-13,163.2,163.81,162.82,163.54,81843160.0,polygon
2013-05-14,163.67,165.35,163.67,165.23,119000837.0,polygon
2013-05-15,164.96,166.45,164.91,166.115,120718433.0,polygon
2013-05-16,165.78,166.36,165.09,165.34,109913544.0,polygon
2013-05-17,165.95,167.04,165.73,166.94,129801000.0,polygon
2013-05-20,166.78,167.58,166.61,166.93,85071182.0,polygon
2013-05-21,167.08,167.8,166.5,167.17,95804190.0,polygon
2013-05-22,167.34,169.07,165.17,165.93,244031724.0,polygon
2013-05-23,164.16,165.91,163.94,165.45,211064320.0,polygon
2013-05-24,164.47,165.3805,163.98,165.308,151573867.0,polygon
2013-05-28,167.04,167.78,165.81,166.3,143679738.0,polygon
2013-05-29,165.42,165.8,164.34,165.22,160363334.0,polygon
2013-05-30,165.35,166.59,165.22,165.83,107793730.0,polygon
2013-05-31,165.37,166.31,163.13,163.445,176850020.0,polygon
2013-06-03,163.83,164.46,162.6599,164.35,168390676.0,polygon
2013-06-04,164.44,165.1,162.73,163.56,157631425.0,polygon
2013-06-05,163.09,163.42,161.13,161.272,211737712.0,polygon
2013-06-06,161.2,162.74,160.25,162.73,200225418.0,polygon
2013-06-07,163.85,164.95,163.14,164.8,188337725.0,polygon
2013-06-10,165.31,165.4,164.37,164.8,105667060.0,polygon
2013-06-11,163.3,164.54,162.739,163.098,159505378.0,polygon
2013-06-12,164.22,164.39,161.6,161.75,177363530.0,polygon
2013-06-13,161.66,164.5,161.3,164.21,163587777.0,polygon
2013-06-14,164.03,164.67,162.91,163.175,141197468.0,polygon
2013-06-17,164.29,165.22,163.2192,164.44,136295578.0,polygon
2013-06-18,164.53,165.99,164.52,165.735,114695519.0,polygon
2013-06-19,165.6,165.89,163.38,163.45,206149463.0,polygon
2013-06-20,161.86,163.4668,158.98,159.4,321255850.0,polygon
2013-06-21,159.64,159.76,157.47,159.07,271956728.0,polygon
2013-06-24,157.41,158.43,155.73,157.06,222334758.0,polygon
2013-06-25,158.48,160.1,157.42,158.575,162262138.0,polygon
2013-06-26,159.87,160.5,159.25,160.14,134847909.0,polygon
2013-06-27,161.1,161.82,160.95,161.08,129483673.0,polygon
2013-06-28,160.63,161.4,159.86,160.42,160402823.0,polygon
2013-07-01,161.26,162.48,161.08,161.36,131954792.0,polygon
2013-07-02,161.12,162.3,160.5,161.21,154863617.0,polygon
2013-07-03,160.48,161.77,160.22,161.28,75216241.0,polygon
2013-07-05,162.47,163.08,161.3,163.02,122416847.0,polygon
2013-07-08,163.86,164.39,163.0838,163.945,108092440.0,polygon
2013-07-09,164.98,165.33,164.27,165.13,119297903.0,polygon
2013-07-10,164.97,165.75,164.63,165.192,121410362.0,polygon
2013-07-11,167.11,167.61,165.1774,167.44,135592163.0,polygon
2013-07-12,167.39,167.9332,167.13,167.51,104212650.0,polygon
2013-07-15,167.97,168.39,167.68,168.22,69450551.0,polygon
2013-07-16,168.26,168.36,167.07,167.525,88702093.0,polygon
2013-07-17,168.16,168.48,167.73,167.9501,92873880.0,polygon
2013-07-18,168.31,169.27,168.2,168.87,103620266.0,polygon
2013-07-19,168.52,169.23,168.31,169.17,103831633.0,polygon
2013-07-22,169.41,169.74,169.01,169.5,79428559.0,polygon
2013-07-23,169.8,169.83,169.05,169.14,80829656.0,polygon
2013-07-24,169.79,169.86,168.18,168.52,112913979.0,polygon
2013-07-25,168.22,169.08,167.94,168.93,111156540.0,polygon
2013-07-26,168.22,169.16,167.52,169.11,107814531.0,polygon
2013-07-29,168.68,169.06,168.11,168.59,79845115.0,polygon
2013-07-30,169.1,169.28,168.19,168.588,85216968.0,polygon
2013-07-31,168.94,169.85,168.49,168.71,142388621.0,polygon
2013-08-01,169.99,170.81,169.9,170.66,110438393.0,polygon
2013-08-02,170.28,170.9725,170.05,170.95,91116603.0,polygon
2013-08-05,170.57,170.96,170.35,170.7,54072643.0,polygon
2013-08-06,170.37,170.7402,169.35,169.73,87494967.0,polygon
2013-08-07,169.19,169.43,168.55,169.18,84854618.0,polygon
2013-08-08,169.98,170.18,168.93,169.8,102181229.0,polygon
2013-08-09,169.58,170.1,168.72,169.31,91856453.0,polygon
2013-08-12,168.46,169.31,168.38,169.111,68593204.0,polygon
2013-08-13,169.41,169.9,168.41,169.61,80806030.0,polygon
2013-08-14,169.53,169.8,168.7,168.74,79829169.0,polygon
2013-08-15,167.41,167.43,166.09,166.38,152931740.0,polygon
2013-08-16,166.06,166.63,165.5,165.83,130868145.0,polygon
2013-08-19,165.64,166.21,164.76,164.77,96437569.0,polygon
2013-08-20,165.04,166.2,164.86,165.58,89294374.0,polygon
2013-08-21,165.12,166.03,164.19,164.56,159530482.0,polygon
2013-08-22,164.9,166.3,164.89,166.06,101471352.0,polygon
2013-08-23,166.55,166.83,165.77,166.62,90893581.0,polygon
2013-08-26,166.79,167.3,165.89,166.0,89705051.0,polygon
2013-08-27,164.36,166.0024,163.21,163.33,158621736.0,polygon
2013-08-28,163.26,164.49,163.05,163.91,108112952.0,polygon
2013-08-29,163.55,165.04,163.4,164.17,119200461.0,polygon
2013-08-30,164.51,164.53,163.17,163.65,134928918.0,polygon
2013-09-03,165.23,165.58,163.7,164.39,142375036.0,polygon
2013-09-04,164.43,166.03,164.135,165.75,97389357.0,polygon
2013-09-05,165.85,166.4,165.73,165.96,63090428.0,polygon
2013-09-06,166.51,166.98,164.48,166.04,159756439.0,polygon
2013-09-09,166.45,167.73,166.45,167.634,87559246.0,polygon
2013-09-10,168.64,168.9,168.26,168.87,105847733.0,polygon
2013-09-11,168.64,169.4,168.35,169.4,94545837.0,polygon
2013-09-12,169.34,169.56,168.72,168.95,83208998.0,polygon
2013-09-13,169.13,169.46,168.74,169.33,72727764.0,polygon
2013-09-16,171.16,171.24,170.04,170.31,126187482.0,polygon
2013-09-17,170.46,171.11,170.46,171.07,82523205.0,polygon
2013-09-18,171.01,173.52,170.58,173.051,203460601.0,polygon
2013-09-19,173.52,173.6,172.585,172.76,146616842.0,polygon
2013-09-20,172.33,172.33,170.58,170.72,132867912.0,polygon
2013-09-23,170.49,170.65,169.39,169.93,104616418.0,polygon
2013-09-24,169.9,170.53,169.21,169.53,106333010.0,polygon
2013-09-25,169.64,169.98,168.89,169.04,117306473.0,polygon
2013-09-26,169.32,170.17,169.05,169.69,77146878.0,polygon
2013-09-27,168.84,169.14,168.47,168.909,99141710.0,polygon
2013-09-30,167.48,168.54,167.15,168.01,143937398.0,polygon
2013-10-01,168.14,169.5,167.9671,169.34,127160442.0,polygon
2013-10-02,168.35,169.3422,167.83,169.18,113349748.0,polygon
2013-10-03,168.79,168.94,166.84,167.62,176698430.0,polygon
2013-10-04,167.75,169.06,167.53,168.89,96878377.0,polygon
2013-10-07,167.42,168.45,167.25,167.43,96295115.0,polygon
2013-10-08,167.4,167.62,165.36,165.48,178014932.0,polygon
2013-10-09,165.8,166.2,164.53,165.6,168972837.0,polygon
2013-10-10,167.29,169.26,167.23,169.17,195954729.0,polygon
2013-10-11,168.91,170.32,168.77,170.26,105039740.0,polygon
2013-10-14,169.21,171.08,169.08,170.94,112106394.0,polygon
2013-10-15,170.51,171.15,169.47,169.7,155484509.0,polygon
2013-10-16,170.72,172.16,170.635,172.07,161676079.0,polygon
2013-10-17,171.37,173.32,171.34,173.22,129389185.0,polygon
2013-10-18,173.86,174.51,173.51,174.388,138315691.0,polygon
2013-10-21,174.45,174.75,174.01,174.4,104103543.0,polygon
2013-10-22,174.91,175.93,174.4262,175.41,126663233.0,polygon
2013-10-23,174.81,174.89,173.96,174.57,105484397.0,polygon
2013-10-24,174.92,175.37,174.51,175.15,70350456.0,polygon
2013-10-25,175.51,176.0,175.17,175.95,93625090.0,polygon
2013-10-28,175.89,176.47,175.7,176.23,84979018.0,polygon
2013-10-29,176.63,177.24,176.38,177.17,87401344.0,polygon
2013-10-30,177.38,177.51,175.66,176.29,140001834.0,polygon
2013-10-31,176.15,176.89,175.53,175.79,133795417.0,polygon
2013-11-01,176.02,176.61,175.22,176.21,142805050.0,polygon
2013-11-04,176.69,176.9,176.1499,176.83,85676773.0,polygon
2013-11-05,176.14,176.75,175.57,176.27,85824778.0,polygon
2013-11-06,177.03,177.5,176.54,177.17,87347728.0,polygon
2013-11-07,177.5,177.64,174.76,174.93,157000422.0,polygon
2013-11-08,174.87,177.31,174.85,177.29,136712623.0,polygon
2013-11-11,177.12,177.53,176.91,177.32,62614326.0,polygon
2013-11-12,176.94,177.36,176.37,176.96,83989617.0,polygon
2013-11-13,176.09,178.4261,176.09,178.38,103844266.0,polygon
2013-11-14,178.54,179.42,178.25,179.27,103435238.0,polygon
2013-11-15,179.56,180.12,179.33,180.05,102818190.0,polygon
2013-11-18,180.35,180.5,179.02,179.42,104796009.0,polygon
2013-11-19,179.33,179.87,178.72,179.03,93891416.0,polygon
2013-11-20,179.39,179.93,177.98,178.47,124908601.0,polygon
2013-11-21,178.97,180.05,178.86,179.91,92841271.0,polygon
2013-11-22,179.98,180.83,179.77,180.81,81295887.0,polygon
2013-11-25,181.13,181.17,180.37,180.63,79485709.0,polygon
2013-11-26,180.72,181.22,180.405,180.68,86993560.0,polygon
2013-11-27,180.87,181.24,180.65,181.12,58800056.0,polygon
2013-11-29,181.32,181.75,180.8,181.0,55870903.0,polygon
2013-12-02,181.09,181.43,180.25,180.53,99725781.0,polygon
2013-12-03,179.94,180.39,179.17,179.75,116563302.0,polygon
2013-12-04,179.1,180.48,178.35,179.73,123032637.0,polygon
2013-12-05,179.41,179.74,178.7701,178.94,106934067.0,polygon
2013-12-06,180.67,181.11,180.15,180.94,127727518.0,polygon
2013-12-09,181.47,181.67,181.16,181.4,70123608.0,polygon
2013-12-10,180.98,181.36,180.635,180.75,80976207.0,polygon
2013-12-11,180.81,180.85,178.5,178.72,130590810.0,polygon
2013-12-12,178.64,178.86,177.76,178.13,115564840.0,polygon
2013-12-13,178.5,178.66,177.77,178.11,107807610.0,polygon
2013-12-16,178.95,179.81,178.9,179.216,96194790.0,polygon
2013-12-17,179.36,179.41,178.25,178.65,89886224.0,polygon
2013-12-18,178.92,181.73,177.32,181.7,234906482.0,polygon
2013-12-19,181.19,181.7,180.71,181.49,136298872.0,polygon
2013-12-20,180.67,181.99,180.5683,181.56,197086908.0,polygon
2013-12-23,182.41,182.64,182.065,182.53,85597541.0,polygon
2013-12-24,182.54,183.01,182.53,182.93,45368841.0,polygon
2013-12-26,183.34,183.96,183.32,183.855,63365227.0,polygon
2013-12-27,184.1,184.18,183.66,183.845,61813841.0,polygon
2013-12-30,183.87,184.02,183.58,183.82,56857458.0,polygon
2013-12-31,184.07,184.69,183.93,184.69,86247638.0,polygon
2014-01-02,183.98,184.07,182.48,182.92,119636836.0,polygon
2014-01-03,183.21,183.6,182.63,182.885,81390502.0,polygon
2014-01-06,183.47,183.56,182.08,182.36,108028139.0,polygon
2014-01-07,183.09,183.79,182.95,183.48,86144169.0,polygon
2014-01-08,183.45,183.83,182.89,183.52,96582234.0,polygon
2014-01-09,184.1,184.13,182.795,183.64,90683302.0,polygon
2014-01-10,183.95,184.22,183.01,184.14,102026318.0,polygon
2014-01-13,183.71,184.18,181.34,181.685,149891938.0,polygon
2014-01-14,182.28,183.77,181.95,183.67,105016055.0,polygon
2014-01-15,184.1,184.94,183.7102,184.66,98525721.0,polygon
2014-01-16,184.28,184.6618,183.83,184.42,72290520.0,polygon
2014-01-17,184.1,184.45,183.32,183.635,107848616.0,polygon
2014-01-21,184.7,184.77,183.05,184.18,88621138.0,polygon
2014-01-22,184.49,184.57,183.91,184.3,61270816.0,polygon
2014-01-23,183.36,183.4,181.82,182.79,132496880.0,polygon
2014-01-24,181.6,181.66,178.83,178.89,208677093.0,polygon
2014-01-27,179.06,179.52,177.12,178.01,180843004.0,polygon
2014-01-28,178.14,179.3,178.12,179.07,110463152.0,polygon
2014-01-29,177.56,178.55,176.88,177.35,216597269.0,polygon
2014-01-30,178.86,179.81,178.26,179.23,118938051.0,polygon
2014-01-31,177.02,179.29,176.92,178.18,194677861.0,polygon
2014-02-03,177.95,178.37,173.83,174.17,254837004.0,polygon
2014-02-04,174.95,175.84,174.1055,175.385,165012351.0,polygon
2014-02-05,174.79,175.56,173.71,175.17,164230470.0,polygon
2014-02-06,175.58,177.48,175.2209,177.48,132877526.0,polygon
2014-02-07,178.31,179.87,177.73,179.68,170787197.0,polygon
2014-02-10,179.7,180.07,179.21,180.01,92218729.0,polygon
2014-02-11,180.16,182.439,180.0389,181.98,117814009.0,polygon
2014-02-12,182.22,182.83,181.705,182.07,94717638.0,polygon
2014-02-13,180.84,183.2,180.83,183.01,100542155.0,polygon
2014-02-14,182.84,184.36,182.67,184.02,96498305.0,polygon
2014-02-18,184.19,184.49,183.65,184.24,80460878.0,polygon
2014-02-19,183.76,184.95,182.87,183.02,126524261.0,polygon
2014-02-20,183.27,184.52,182.6,184.1,104998099.0,polygon
2014-02-21,184.49,184.89,183.8,183.89,118116359.0,polygon
2014-02-24,184.28,186.15,184.2,184.91,114063868.0,polygon
2014-02-25,185.03,185.59,184.23,184.84,117084901.0,polygon
2014-02-26,185.11,185.6,184.33,184.85,98677144.0,polygon
2014-02-27,184.59,185.87,184.37,185.82,93880780.0,polygon
2014-02-28,185.79,187.15,185.05,186.29,150842000.0,polygon
2014-03-03,184.69,185.45,183.75,184.98,167748455.0,polygon
2014-03-04,186.75,187.98,186.75,187.58,167545852.0,polygon
2014-03-05,187.72,188.07,187.45,187.75,88376859.0,polygon
2014-03-06,188.21,188.61,187.7796,188.18,82516500.0,polygon
2014-03-07,188.87,188.96,187.43,188.26,114513432.0,polygon
2014-03-10,187.94,188.23,187.08,188.16,74939176.0,polygon
2014-03-11,188.44,188.71,186.8,187.23,99009013.0,polygon
2014-03-12,186.32,187.35,185.9,187.28,104824323.0,polygon
2014-03-13,187.84,187.99,184.66,185.18,155014237.0,polygon
2014-03-14,184.8,185.8,184.44,184.66,153919598.0,polygon
2014-03-17,185.59,186.77,185.51,186.33,98359454.0,polygon
2014-03-18,186.71,187.91,186.51,187.66,101804519.0,polygon
2014-03-19,187.7,187.94,185.47,186.66,176267253.0,polygon
2014-03-20,186.25,187.89,185.92,187.747,117240972.0,polygon
2014-03-21,187.72,189.0239,186.03,186.2,163127905.0,polygon
2014-03-24,186.82,187.07,184.62,185.43,121411145.0,polygon
2014-03-25,186.37,186.94,185.27,186.31,103851737.0,polygon
2014-03-26,187.03,187.34,184.92,184.97,119842897.0,polygon
2014-03-27,184.77,185.34,183.9,184.58,142382757.0,polygon
2014-03-28,185.105,186.42,185.0,185.49,101641547.0,polygon
2014-03-31,186.65,187.3,185.5216,187.01,99744911.0,polygon
2014-04-01,187.62,188.36,187.0015,188.25,89193125.0,polygon
2014-04-02,188.5,189.13,188.14,188.88,78773818.0,polygon
2014-04-03,189.17,189.22,188.05,188.63,77435320.0,polygon
2014-04-04,189.64,189.7,186.1,186.4,169380705.0,polygon
2014-04-07,185.9,186.26,183.96,184.34,140802699.0,polygon
2014-04-08,184.21,185.4,183.59,185.1,112659755.0,polygon
2014-04-09,185.6,187.15,185.06,187.09,100253612.0,polygon
2014-04-10,187.09,187.17,182.93,183.155,172959331.0,polygon
2014-04-11,182.17,183.42,181.31,181.51,167250792.0,polygon
2014-04-14,182.93,183.37,181.44,182.9401,132381601.0,polygon
2014-04-15,183.32,184.33,181.51,184.2,157092533.0,polygon
2014-04-16,185.47,186.14,184.65,186.125,105196633.0,polygon
2014-04-17,185.88,186.91,185.56,186.39,105254649.0,polygon
2014-04-21,186.44,187.1,186.21,187.04,68329343.0,polygon
2014-04-22,187.23,188.4,187.13,187.89,85790307.0,polygon
2014-04-23,187.81,187.92,187.3,187.45,73869384.0,polygon
2014-04-24,188.37,188.39,186.93,187.83,88169916.0,polygon
2014-04-25,187.21,187.33,185.87,186.29,100380205.0,polygon
2014-04-28,187.05,187.69,184.96,186.875,135121094.0,polygon
2014-04-29,187.48,188.04,187.08,187.75,84097551.0,polygon
2014-04-30,187.44,188.5,187.18,188.31,101507717.0,polygon
2014-05-01,188.22,188.84,187.73,188.325,93019095.0,polygon
2014-05-02,188.31,189.14,187.78,188.06,98121662.0,polygon
2014-05-05,187.14,188.55,186.62,188.42,75882739.0,polygon
2014-05-06,188.0,188.13,186.74,186.78,85454226.0,polygon
2014-05-07,187.43,187.97,186.01,187.88,106500480.0,polygon
2014-05-08,187.67,189.05,187.08,187.675,93617513.0,polygon
2014-05-09,187.69,188.04,186.83,187.96,83678568.0,polygon
2014-05-12,188.76,189.88,187.9992,189.785,86940045.0,polygon
2014-05-13,190.03,190.42,189.77,189.96,66453965.0,polygon
2014-05-14,189.79,189.88,188.79,189.06,72366848.0,polygon
2014-05-15,188.67,188.72,186.48,187.4,154956399.0,polygon
2014-05-16,187.51,188.13,186.72,188.05,97457678.0,polygon
2014-05-19,187.69,188.89,187.52,188.74,63839398.0,polygon
2014-05-20,188.645,188.67,187.07,187.55,111644478.0,polygon
2014-05-21,188.1,189.22,188.06,189.13,89093285.0,polygon
2014-05-22,189.18,189.98,188.86,189.59,61549345.0,polygon
2014-05-23,189.75,190.48,189.5858,190.35,60156088.0,polygon
2014-05-27,191.05,191.58,190.95,191.52,72010355.0,polygon
2014-05-28,191.52,191.82,191.06,191.38,66722865.0,polygon
2014-05-29,191.82,192.4,191.33,192.37,64376573.0,polygon
2014-05-30,192.19,192.8,192.03,192.68,76315640.0,polygon
2014-06-02,192.95,192.99,191.97,192.895,64655648.0,polygon
2014-06-03,192.4,192.9,192.25,192.8,65047193.0,polygon
2014-06-04,192.47,193.3,192.265,193.19,55529372.0,polygon
2014-06-05,193.41,194.65,192.7,194.45,92102592.0,polygon
2014-06-06,194.87,195.43,194.78,195.375,78696219.0,polygon
2014-06-09,195.35,196.05,195.17,195.58,65118828.0,polygon
2014-06-10,195.33,195.64,194.92,195.6,57129440.0,polygon
2014-06-11,194.9,195.12,194.48,194.92,68772479.0,polygon
2014-06-12,194.65,194.8,193.11,193.54,106350200.0,polygon
2014-06-13,193.9,194.32,193.3,194.13,82017278.0,polygon
2014-06-16,193.89,194.7,193.66,194.29,87424397.0,polygon
2014-06-17,194.02,194.97,193.81,194.83,84833876.0,polygon
2014-06-18,194.83,196.37,194.4,196.255,105266767.0,polygon
2014-06-19,196.43,196.6,195.8,196.48,85928920.0,polygon
2014-06-20,196.03,196.1039,195.7,195.94,100587108.0,polygon
2014-06-23,195.97,196.05,195.52,195.88,70611486.0,polygon
2014-06-24,195.53,196.5,194.48,194.7,96236917.0,polygon
2014-06-25,194.25,195.781,194.25,195.58,82781912.0,polygon
2014-06-26,195.61,195.63,194.13,195.44,84311822.0,polygon
2014-06-27,194.98,195.88,194.885,195.82,71453616.0,polygon
2014-06-30,195.7,196.165,195.53,195.72,70504228.0,polygon
2014-07-01,196.19,197.63,196.13,197.03,90470121.0,polygon
2014-07-02,197.05,197.48,196.96,197.23,52474832.0,polygon
2014-07-03,197.79,198.29,197.64,198.2,52938832.0,polygon
2014-07-07,197.82,197.98,197.22,197.51,61696447.0,polygon
2014-07-08,197.15,197.22,195.76,196.24,108142552.0,polygon
2014-07-09,196.73,197.295,196.31,197.12,72992322.0,polygon
2014-07-10,195.22,196.86,195.06,196.34,99040407.0,polygon
2014-07-11,196.22,196.75,195.78,196.61,64243410.0,polygon
2014-07-14,197.61,197.86,197.44,197.6,58657919.0,polygon
2014-07-15,197.72,198.1,196.36,197.23,111346230.0,polygon
2014-07-16,198.11,198.26,197.42,197.96,80073242.0,polygon
2014-07-17,197.35,198.1,195.43,195.71,145398459.0,polygon
2014-07-18,196.35,197.91,196.24,197.7099,124330419.0,polygon
2014-07-21,197.09,197.5,196.43,197.34,67591618.0,polygon
2014-07-22,198.01,198.56,197.87,198.2,67677602.0,polygon
2014-07-23,198.495,198.85,198.1,198.64,65611830.0,polygon
2014-07-24,198.83,199.06,198.45,198.65,56888093.0,polygon
2014-07-25,198.09,198.26,197.33,197.72,76837257.0,polygon
2014-07-28,197.76,198.09,196.62,197.8,69258785.0,polygon
2014-07-29,198.17,198.45,196.92,196.95,80466351.0,polygon
2014-07-30,197.65,197.91,196.16,196.98,104222452.0,polygon
2014-07-31,195.61,195.78,192.97,193.09,183479441.0,polygon
2014-08-01,192.56,193.76,191.57,192.5,189260864.0,polygon
2014-08-04,192.87,194.3,192.05,193.89,91340487.0,polygon
2014-08-05,193.1,193.6,191.31,192.01,152690379.0,polygon
2014-08-06,191.11,192.89,191.08,192.07,94818317.0,polygon
2014-08-07,192.935,193.13,190.55,191.03,135733421.0,polygon
2014-08-08,191.46,193.37,190.95,193.24,117014384.0,polygon
2014-08-11,193.965,194.66,193.71,193.795,74543691.0,polygon
2014-08-12,193.61,194.15,192.94,193.53,73631640.0,polygon
2014-08-13,194.29,195.06,193.96,194.84,69046544.0,polygon
2014-08-14,195.16,195.76,194.98,195.76,57370793.0,polygon
2014-08-15,196.47,196.65,194.31,195.72,139950669.0,polygon
2014-08-18,196.8,197.45,196.69,197.36,75424360.0,polygon
2014-08-19,197.84,198.54,197.4426,198.39,59134709.0,polygon
2014-08-20,198.12,199.16,198.08,198.92,72762541.0,polygon
2014-08-21,199.09,199.76,198.93,199.5,67790690.0,polygon
2014-08-22,199.34,199.69,198.74,199.19,76107359.0,polygon
2014-08-25,200.14,200.5949,199.1502,200.2,63855022.0,polygon
2014-08-26,200.33,200.82,200.28,200.33,47298324.0,polygon
2014-08-27,200.43,200.57,199.94,200.25,47873708.0,polygon
2014-08-28,199.59,200.27,199.39,200.14,58330373.0,polygon
2014-08-29,200.45,200.73,199.82,200.71,65906598.0,polygon
2014-09-02,200.97,200.995,199.86,200.61,72425793.0,polygon
2014-09-03,201.38,201.41,200.22,200.5,57461742.0,polygon
2014-09-04,200.84,201.58,199.66,200.2101,85236442.0,polygon
2014-09-05,200.17,201.19,199.41,201.11,102176784.0,polygon
2014-09-08,200.92,201.21,200.0,200.59,64145745.0,polygon
2014-09-09,200.41,200.55,198.91,199.32,88590876.0,polygon
2014-09-10,199.43,200.2,198.77,200.07,67251103.0,polygon
2014-09-11,199.27,200.33,199.12,200.3,66823558.0,polygon
2014-09-12,200.1,200.12,198.56,199.13,117478516.0,polygon
2014-09-15,199.16,199.32,198.38,198.981,76401421.0,polygon
2014-09-16,198.61,200.84,198.5,200.48,116200722.0,polygon
2014-09-17,200.77,201.68,199.75,200.75,151265896.0,polygon
2014-09-18,201.36,201.85,201.1,201.82,94990300.0,polygon
2014-09-19,201.52,201.899,200.29,200.7,121649147.0,polygon
2014-09-22,200.35,200.38,198.73,199.15,125552758.0,polygon
2014-09-23,198.43,199.26,197.95,198.01,111393319.0,polygon
2014-09-24,198.04,199.69,197.52,199.56,107275635.0,polygon
2014-09-25,199.04,199.05,196.27,196.34,150300028.0,polygon
2014-09-26,196.7,198.39,196.42,197.9,103546740.0,polygon
2014-09-29,196.2,197.89,196.05,197.54,95111605.0,polygon
2014-09-30,197.69,198.3,196.61,197.02,131302082.0,polygon
2014-10-01,196.7,196.77,193.91,194.36,177797862.0,polygon
2014-10-02,194.18,195.055,192.35,194.38,157285182.0,polygon
2014-10-03,195.68,196.94,195.08,196.52,121568769.0,polygon
2014-10-06,197.34,197.6,195.582,196.29,104778335.0,polygon
2014-10-07,195.28,195.72,193.22,193.26,147913498.0,polygon
2014-10-08,193.37,196.92,192.36,196.64,186461453.0,polygon
2014-10-09,196.33,196.6,192.58,192.74,210704601.0,polygon
2014-10-10,192.69,193.65,190.49,190.54,221908954.0,polygon
2014-10-13,190.46,191.15,187.3,187.4099,230938833.0,polygon
2014-10-14,188.42,189.82,187.04,187.7,215846527.0,polygon
2014-10-15,185.16,187.694,181.92,186.43,380714598.0,polygon
2014-10-16,183.06,187.58,182.89,186.27,270391488.0,polygon
2014-10-17,188.42,189.75,187.62,188.47,214624921.0,polygon
2014-10-20,188.13,190.45,188.07,190.3,130010813.0,polygon
2014-10-21,191.68,194.2,191.48,194.07,154948579.0,polygon
2014-10-22,194.41,194.91,192.61,192.69,151822409.0,polygon
2014-10-23,194.62,196.2,194.26,194.93,154944169.0,polygon
2014-10-24,195.25,196.49,194.49,196.43,117927286.0,polygon
2014-10-27,195.73,196.45,195.03,196.16,82953689.0,polygon
2014-10-28,196.82,198.42,196.73,198.41,106735936.0,polygon
2014-10-29,198.55,199.12,196.8,198.11,142557417.0,polygon
2014-10-30,197.58,199.95,197.4,199.38,113329976.0,polygon
2014-10-31,201.78,201.82,200.77,201.66,146902554.0,polygon
2014-11-03,201.92,202.45,201.305,201.77,93734143.0,polygon
2014-11-04,201.23,201.6,200.06,201.07,93342777.0,polygon
2014-11-05,202.54,202.59,201.45,202.34,91708574.0,polygon
2014-11-06,202.39,203.26,201.64,203.15,107089076.0,polygon
2014-11-07,203.17,203.5999,202.61,203.34,89539712.0,polygon
2014-11-10,203.38,204.04,203.13,203.98,66318964.0,polygon
2014-11-11,204.055,204.31,203.65,204.175,54499375.0,polygon
2014-11-12,203.35,204.24,203.31,203.96,90120295.0,polygon
2014-11-13,204.16,204.83,203.21,204.19,85357918.0,polygon
2014-11-14,204.1,204.49,203.72,204.24,80417514.0,polygon
2014-11-17,203.85,204.58,203.65,204.37,80440954.0,polygon
2014-11-18,204.44,205.92,204.44,205.55,76068107.0,polygon
2014-11-19,205.31,205.55,204.3,205.22,82373009.0,polygon
2014-11-20,204.26,205.71,204.18,205.58,72840326.0,polygon
2014-11-21,207.64,207.8445,205.98,206.68,142327285.0,polygon
2014-11-24,207.17,207.39,206.91,207.26,65880759.0,polygon
2014-11-25,207.54,207.79,206.8,207.25,79108301.0,polygon
2014-11-26,207.29,207.76,207.03,207.64,62167832.0,polygon
2014-11-28,207.49,207.87,206.91,207.2,57890088.0,polygon
2014-12-01,206.4,206.54,205.38,205.76,103968354.0,polygon
2014-12-02,205.81,207.34,205.782,207.085,74507192.0,polygon
2014-12-03,207.3,208.15,207.1,207.89,68951968.0,polygon
2014-12-04,207.54,208.265,206.7,207.66,91316591.0,polygon
2014-12-05,207.87,208.47,207.55,208.0,91025470.0,polygon
2014-12-08,207.52,208.12,205.93,206.61,108588152.0,polygon
2014-12-09,204.37,206.6,203.91,206.47,125180054.0,polygon
2014-12-10,205.91,205.98,202.93,203.1601,159856394.0,polygon
2014-12-11,203.88,206.19,203.71,204.19,159012805.0,polygon
2014-12-12,202.64,203.819,200.85,200.89,202330191.0,polygon
2014-12-15,201.98,202.53,198.78,199.51,189965750.0,polygon
2014-12-16,198.58,202.395,197.86,197.91,259543848.0,polygon
2014-12-17,198.44,202.34,198.29,201.79,253910092.0,polygon
2014-12-18,204.74,212.97,203.92,206.78,257633887.0,polygon
2014-12-19,206.43,207.33,205.6109,206.52,245084590.0,polygon
2014-12-22,206.75,207.47,206.46,207.47,148318934.0,polygon
2014-12-23,208.17,208.23,207.3991,207.75,122167931.0,polygon
2014-12-24,208.02,208.34,207.72,207.77,42963399.0,polygon
2014-12-26,208.31,208.85,208.25,208.44,57326703.0,polygon
2014-12-29,208.22,208.97,208.14,208.72,79643948.0,polygon
2014-12-30,208.21,208.37,207.51,207.6,73540761.0,polygon
2014-12-31,207.99,208.19,205.39,205.54,130333829.0,polygon
2015-01-02,206.38,206.88,204.18,205.43,121465865.0,polygon
2015-01-05,204.17,204.37,201.35,201.72,169632646.0,polygon
2015-01-06,202.09,202.72,198.855,199.82,209151408.0,polygon
2015-01-07,201.42,202.72,200.88,202.31,125346709.0,polygon
2015-01-08,204.01,206.16,203.99,205.9,147217784.0,polygon
2015-01-09,206.4,206.42,203.51,204.25,158567288.0,polygon
2015-01-12,204.41,204.6,201.92,202.65,144396067.0,polygon
2015-01-13,204.12,205.48,200.51,202.08,214553306.0,polygon
2015-01-14,199.65,201.1,198.57,200.86,192991092.0,polygon
2015-01-15,201.63,202.01,198.88,199.0199,176613906.0,polygon
2015-01-16,198.77,201.82,198.55,201.63,211879605.0,polygon
2015-01-20,202.4,202.72,200.17,202.055,130991069.0,polygon
2015-01-21,201.5,203.66,200.94,203.08,122942707.0,polygon
2015-01-22,203.99,206.26,202.33,206.1,174356029.0,polygon
2015-01-23,205.79,206.1,204.81,204.97,117516753.0,polygon
2015-01-26,204.71,205.56,203.85,205.45,92009711.0,polygon
2015-01-27,202.97,204.12,201.74,202.74,134044598.0,polygon
2015-01-28,204.17,204.29,199.91,200.14,168514312.0,polygon
2015-01-29,200.38,202.3,198.68,201.9902,173585424.0,polygon
2015-01-30,200.57,202.17,199.13,199.45,197729724.0,polygon
2015-02-02,200.05,202.03,197.86,201.92,163106969.0,polygon
2015-02-03,203.0,204.85,202.55,204.84,124212881.0,polygon
2015-02-04,203.92,205.38,203.51,204.06,134306728.0,polygon
2015-02-05,204.86,206.3,204.77,206.12,97953181.0,polygon
2015-02-06,206.56,207.24,204.92,205.55,125672026.0,polygon
2015-02-09,204.77,205.64,204.135,204.63,87219016.0,polygon
2015-02-10,205.88,207.12,204.6801,206.81,96164183.0,polygon
2015-02-11,206.61,207.45,205.83,206.93,91087785.0,polygon
2015-02-12,207.89,208.99,206.9727,208.92,97545949.0,polygon
2015-02-13,209.07,209.84,208.76,209.78,93670430.0,polygon
2015-02-17,209.4,210.32,209.1,210.11,76968199.0,polygon
2015-02-18,209.66,210.22,209.3401,210.13,80652941.0,polygon
2015-02-19,209.41,210.42,209.24,209.98,91462491.0,polygon
2015-02-20,209.48,211.33,208.73,211.239,140896392.0,polygon
2015-02-23,210.94,211.21,210.48,211.209,74411054.0,polygon
2015-02-24,211.12,212.05,210.76,211.81,72472263.0,polygon
2015-02-25,211.66,212.24,211.22,211.63,73061687.0,polygon
2015-02-26,211.52,211.71,210.65,211.38,72697868.0,polygon
2015-02-27,211.26,211.58,210.6,210.66,108075972.0,polygon
2015-03-02,210.78,212.06,210.72,211.99,87491428.0,polygon
2015-03-03,211.47,212.054,210.08,211.12,110325809.0,polygon
2015-03-04,210.4,210.49,209.06,210.2301,114497192.0,polygon
2015-03-05,210.62,210.8,209.85,210.46,76872957.0,polygon
2015-03-06,209.42,209.94,207.1,207.5,188127982.0,polygon
2015-03-09,207.74,208.79,207.5459,208.36,89818893.0,polygon
2015-03-10,206.71,206.81,204.93,204.98,157121263.0,polygon
2015-03-11,205.29,205.5,204.4,204.5,110145718.0,polygon
2015-03-12,205.26,207.175,205.2,207.1,93993523.0,polygon
2015-03-13,206.77,206.93,204.58,205.8274,162410893.0,polygon
2015-03-16,206.71,208.69,205.8641,208.58,136099192.0,polygon
2015-03-17,207.69,208.42,206.98,207.96,94510422.0,polygon
2015-03-18,207.39,211.27,206.62,210.46,228808524.0,polygon
2015-03-19,209.96,210.4697,209.03,209.5,117917302.0,polygon
2015-03-20,209.71,211.02,209.4903,210.41,177715081.0,polygon
2015-03-23,210.42,211.11,210.0,210.0,71784536.0,polygon
2015-03-24,209.85,210.4,208.74,208.82,77805321.0,polygon
2015-03-25,209.07,209.35,205.71,205.76,159521708.0,polygon
2015-03-26,204.96,206.37,204.12,205.27,153067241.0,polygon
2015-03-27,205.13,205.95,204.9,205.74,118938966.0,polygon
2015-03-30,206.98,208.61,206.96,208.25,96180365.0,polygon
2015-03-31,207.26,208.1,206.36,206.43,126768703.0,polygon
2015-04-01,206.39,206.42,204.51,205.7,137303584.0,polygon
2015-04-02,205.62,206.98,205.4,206.435,86900906.0,polygon
2015-04-06,205.37,208.45,205.21,207.83,114368155.0,polygon
2015-04-07,207.855,208.76,207.24,207.28,81236337.0,polygon
2015-04-08,207.55,208.51,207.08,207.975,89351939.0,polygon
2015-04-09,207.78,209.18,207.19,208.9,85548854.0,polygon
2015-04-10,209.2,210.09,208.96,210.04,72722915.0,polygon
2015-04-13,209.87,210.63,209.03,209.09,74436594.0,polygon
2015-04-14,208.85,209.71,208.1,209.49,75099866.0,polygon
2015-04-15,210.05,211.04,209.95,210.43,99529320.0,polygon
2015-04-16,210.03,210.98,209.7928,210.37,68934864.0,polygon
2015-04-17,208.94,209.23,207.01,207.95,191113230.0,polygon
2015-04-20,209.06,210.25,208.96,209.85,92189481.0,polygon
2015-04-21,210.67,210.86,209.24,209.6,72559831.0,polygon
2015-04-22,210.01,210.85,208.9,210.63,78264616.0,polygon
2015-04-23,210.15,211.94,210.01,211.16,102585942.0,polygon
2015-04-24,211.66,211.97,211.11,211.6499,61327387.0,polygon
2015-04-27,212.33,212.48,210.54,210.77,79358126.0,polygon
2015-04-28,210.74,211.5,209.3301,211.44,86863531.0,polygon
2015-04-29,210.37,211.29,209.6,210.57,125684903.0,polygon
2015-04-30,209.88,210.35,207.62,208.46,161304890.0,polygon
2015-05-01,209.4,210.77,209.28,210.72,103399711.0,polygon
2015-05-04,211.23,212.02,211.1,211.32,70927235.0,polygon
2015-05-05,211.03,211.46,208.73,208.9,113326156.0,polygon
2015-05-06,209.56,209.93,206.76,208.04,135060151.0,polygon
2015-05-07,207.92,209.38,207.52,208.87,88244940.0,polygon
2015-05-08,210.88,211.86,210.78,211.62,155877260.0,polygon
2015-05-11,211.57,211.89,210.52,210.605,75708065.0,polygon
2015-05-12,209.61,210.63,208.62,209.98,119727592.0,polygon
2015-05-13,210.47,211.22,209.74,210.02,94667943.0,polygon
2015-05-14,211.24,212.32,210.91,212.21,95934006.0,polygon
2015-05-15,212.44,212.61,211.86,212.44,76510099.0,polygon
2015-05-18,212.24,213.4,212.16,213.1,74549685.0,polygon
2015-05-19,213.24,213.57,212.69,213.03,72114610.0,polygon
2015-05-20,213.15,213.78,212.504,212.88,76857530.0,polygon
2015-05-21,212.71,213.75,212.51,213.5,64764585.0,polygon
2015-05-22,213.04,213.54,212.91,212.99,57433495.0,polygon
2015-05-26,212.4,212.9089,210.2,210.7,124308584.0,polygon
2015-05-27,211.25,212.98,210.7612,212.7,93213981.0,polygon
2015-05-28,212.33,212.59,211.63,212.46,74974560.0,polygon
2015-05-29,212.38,212.43,210.82,211.14,124919611.0,polygon
2015-06-01,211.94,212.34,210.62,211.57,93338750.0,polygon
2015-06-02,211.02,212.19,210.27,211.36,91531012.0,polygon
2015-06-03,212.0,212.67,211.3301,211.92,87820909.0,polygon
2015-06-04,211.07,211.859,209.75,210.1292,151882820.0,polygon
2015-06-05,209.95,210.58,208.98,209.77,121704676.0,polygon
2015-06-08,209.64,209.82,208.39,208.48,89063330.0,polygon
2015-06-09,208.45,209.1,207.69,208.45,105034690.0,polygon
2015-06-10,209.37,211.41,209.2987,210.95,134551285.0,polygon
2015-06-11,211.48,212.09,211.2,211.63,73876447.0,polygon
2015-06-12,210.64,211.482,209.68,210.01,135382369.0,polygon
2015-06-15,208.64,209.45,207.79,209.11,124384184.0,polygon
2015-06-16,208.93,210.35,208.72,210.25,85308227.0,polygon
2015-06-17,210.59,211.32,209.36,210.59,126708635.0,polygon
2015-06-18,211.31,213.34,210.6315,212.78,165867949.0,polygon
2015-06-19,211.46,211.55,210.36,210.81,130478689.0,polygon
2015-06-22,211.905,212.59,211.64,211.89,70696027.0,polygon
2015-06-23,212.14,212.44,211.57,212.04,68476797.0,polygon
2015-06-24,211.72,212.17,210.47,210.5,92307318.0,polygon
2015-06-25,211.1,211.25,209.77,209.86,97107361.0,polygon
2015-06-26,210.29,210.58,209.16,209.82,104174840.0,polygon
2015-06-29,208.045,209.828,205.33,205.42,202621332.0,polygon
2015-06-30,207.26,207.32,205.28,205.85,182925106.0,polygon
2015-07-01,207.73,208.03,206.56,207.5,135979873.0,polygon
2015-07-02,208.07,208.27,206.81,207.31,104373652.0,polygon
2015-07-06,205.77,207.65,205.53,206.72,117975369.0,polygon
2015-07-07,206.96,208.17,204.11,208.02,173820249.0,polygon
2015-07-08,206.42,206.7645,204.25,204.53,164020059.0,polygon
2015-07-09,207.04,207.35,204.77,204.9,144113107.0,polygon
2015-07-10,207.29,207.98,204.9517,207.48,129456890.0,polygon
2015-07-13,208.99,209.9,208.94,209.77,106069400.0,polygon
2015-07-14,209.72,211.05,209.65,210.68,81709575.0,polygon
2015-07-15,210.73,211.28,210.04,210.61,97914141.0,polygon
2015-07-16,211.87,212.3,211.58,212.3,106683266.0,polygon
2015-07-17,212.29,212.55,211.8,212.48,89029973.0,polygon
2015-07-20,212.75,213.18,212.21,212.59,70446821.0,polygon
2015-07-21,212.43,212.74,211.39,211.75,77965048.0,polygon
2015-07-22,210.93,211.77,210.89,211.37,88667920.0,polygon
2015-07-23,211.53,211.65,209.75,210.18,90509128.0,polygon
2015-07-24,210.3,210.37,207.6,208.0,117754979.0,polygon
2015-07-27,206.94,207.55,206.26,206.79,132361082.0,polygon
2015-07-28,207.79,209.5,206.8,209.33,123544845.0,polygon
2015-07-29,209.48,211.04,209.31,210.77,105791255.0,polygon
2015-07-30,210.16,211.02,209.42,210.82,91304374.0,polygon
2015-07-31,211.42,211.45,210.16,210.5,103266857.0,polygon
2015-08-03,210.46,210.53,208.65,209.79,113965728.0,polygon
2015-08-04,209.7,210.2483,208.8,209.38,81820823.0,polygon
2015-08-05,210.45,211.31,209.73,210.07,85786817.0,polygon
2015-08-06,210.29,210.415,207.65,208.35,116030803.0,polygon
2015-08-07,208.16,208.34,206.87,207.95,117857956.0,polygon
2015-08-10,209.28,210.67,209.28,210.57,80270676.0,polygon
2015-08-11,208.97,209.47,207.76,208.67,126081377.0,polygon
2015-08-12,207.11,209.14,205.36,208.92,172123672.0,polygon
2015-08-13,208.73,209.55,208.01,208.66,89383253.0,polygon
2015-08-14,208.43,209.5087,208.26,209.42,72786528.0,polygon
2015-08-17,208.71,210.59,208.16,210.59,79072643.0,polygon
2015-08-18,210.26,210.68,209.699,209.98,71692678.0,polygon
2015-08-19,209.09,210.01,207.35,208.32,172945975.0,polygon
2015-08-20,206.51,208.2865,203.9,203.97,194327884.0,polygon
2015-08-21,201.73,203.9404,197.52,197.83,346588469.0,polygon
2015-08-24,187.49,197.4772,182.4,189.5,507244333.0,polygon
2015-08-25,195.43,195.45,186.92,187.27,369833071.0,polygon
2015-08-26,192.08,194.79,188.37,194.46,339256986.0,polygon
2015-08-27,197.02,199.42,195.21,199.27,274143906.0,polygon
2015-08-28,198.5,199.835,197.92,199.28,160414352.0,polygon
2015-08-31,198.11,199.125,197.01,197.67,163298816.0,polygon
2015-09-01,193.12,194.77,190.73,191.77,256000392.0,polygon
2015-09-02,194.62,195.46,192.42,195.41,160269331.0,polygon
2015-09-03,196.26,198.05,194.96,195.55,152087836.0,polygon
2015-09-04,192.85,193.86,191.61,192.59,207080961.0,polygon
2015-09-08,195.94,197.61,195.17,197.43,116025739.0,polygon
2015-09-09,199.32,199.47,194.35,194.79,149347735.0,polygon
2015-09-10,194.56,197.22,194.25,195.85,158611063.0,polygon
2015-09-11,195.375,196.82,194.53,196.74,119691212.0,polygon
2015-09-14,196.95,197.01,195.43,196.01,79451983.0,polygon
2015-09-15,196.61,198.99,195.9612,198.46,113806176.0,polygon
2015-09-16,198.82,200.41,198.41,200.18,99581557.0,polygon
2015-09-17,200.02,202.89,199.28,199.73,276046618.0,polygon
2015-09-18,195.71,198.6844,194.96,195.45,223657456.0,polygon
2015-09-21,196.44,197.68,195.21,196.46,105726209.0,polygon
2015-09-22,193.88,194.46,192.56,193.91,153890876.0,polygon
2015-09-23,194.11,194.67,192.91,193.6,92790620.0,polygon
2015-09-24,192.15,193.45,190.56,192.9,159378840.0,polygon
2015-09-25,194.64,195.0,191.81,192.85,155054777.0,polygon
2015-09-28,191.78,191.91,187.64,188.01,178515871.0,polygon
2015-09-29,188.27,189.74,186.93,188.12,159045572.0,polygon
2015-09-30,190.37,191.825,189.44,191.63,163452044.0,polygon
2015-10-01,192.08,192.49,189.82,192.13,131078964.0,polygon
2015-10-02,189.77,195.03,189.12,195.0,211003342.0,polygon
2015-10-05,196.46,198.74,196.33,198.47,126320842.0,polygon
2015-10-06,198.31,198.98,197.0,197.79,110274530.0,polygon
2015-10-07,198.9,199.825,197.48,199.41,124307295.0,polygon
2015-10-08,198.95,201.55,198.59,201.21,153055231.0,polygon
2015-10-09,201.38,201.9,200.58,201.33,107069240.0,polygon
2015-10-12,201.42,201.76,200.91,201.52,56395585.0,polygon
2015-10-13,200.65,202.16,200.05,200.25,88038718.0,polygon
2015-10-14,200.18,200.87,198.94,199.29,99106161.0,polygon
2015-10-15,200.08,202.36,199.64,202.35,134142195.0,polygon
2015-10-16,202.83,203.29,201.92,203.27,114580052.0,polygon
2015-10-19,202.5,203.37,202.13,203.37,76523897.0,polygon
2015-10-20,202.85,203.84,202.5471,203.11,78448484.0,polygon
2015-10-21,203.61,203.79,201.65,201.85,102038033.0,polygon
2015-10-22,202.98,205.51,201.85,205.26,174911723.0,polygon
2015-10-23,207.25,207.95,206.3,207.51,144442340.0,polygon
2015-10-26,207.3,207.37,206.56,207.0,69032965.0,polygon
2015-10-27,206.2,207.0,205.79,206.6,77905770.0,polygon
2015-10-28,207.0,208.98,206.21,208.95,135906725.0,polygon
2015-10-29,208.35,209.27,208.21,208.83,90525498.0,polygon
2015-10-30,209.06,209.44,207.74,207.93,131076942.0,polygon
2015-11-02,208.32,210.62,208.17,210.39,86270811.0,polygon
2015-11-03,209.97,211.66,209.7,211.0,95246052.0,polygon
2015-11-04,211.35,211.5,209.7201,210.36,96224477.0,polygon
2015-11-05,210.43,210.98,209.09,210.15,78408744.0,polygon
2015-11-06,209.74,210.32,208.46,210.04,110471473.0,polygon
2015-11-09,209.31,209.49,206.95,208.08,131008660.0,polygon
2015-11-10,207.51,208.6,207.19,208.56,75874602.0,polygon
2015-11-11,208.88,208.94,207.66,207.74,67845971.0,polygon
2015-11-12,206.5,207.06,204.82,204.84,121315200.0,polygon
2015-11-13,204.35,204.67,202.435,202.54,153577050.0,polygon
2015-11-16,202.32,205.69,202.18,205.62,117645231.0,polygon
2015-11-17,205.99,207.04,204.88,205.47,121123744.0,polygon
2015-11-18,206.04,208.9,205.99,208.73,121342544.0,polygon
2015-11-19,208.59,209.05,208.2,208.55,88220465.0,polygon
2015-11-20,209.45,210.12,208.86,209.3108,94011519.0,polygon
2015-11-23,209.38,209.98,208.52,209.07,64931172.0,polygon
2015-11-24,207.87,209.83,207.41,209.35,98874365.0,polygon
2015-11-25,209.5,209.74,209.01,209.32,51980062.0,polygon
2015-11-27,209.43,209.8,208.86,209.56,37317779.0,polygon
2015-11-30,209.75,209.89,208.56,208.69,112822700.0,polygon
2015-12-01,209.44,210.82,209.11,210.68,97858418.0,polygon
2015-12-02,210.615,211.0,208.23,208.529,108441259.0,polygon
2015-12-03,208.83,209.15,204.7511,205.61,166224154.0,polygon
2015-12-04,206.08,209.97,205.93,209.62,192913879.0,polygon
2015-12-07,209.23,209.7295,207.2,208.35,102027111.0,polygon
2015-12-08,206.49,208.289,205.78,206.949,103372367.0,polygon
2015-12-09,206.19,208.68,204.18,205.34,162401537.0,polygon
2015-12-10,205.42,207.43,205.14,205.87,116128884.0,polygon
2015-12-11,203.35,204.14,201.51,201.88,211173305.0,polygon
2015-12-14,202.07,203.05,199.95,202.9008,182385177.0,polygon
2015-12-15,204.7,206.11,202.8666,205.0308,154069569.0,polygon
2015-12-16,206.365,208.39,204.8,208.03,197017008.0,polygon
2015-12-17,208.4,208.48,204.84,204.86,173092476.0,polygon
2015-12-18,202.77,202.93,199.83,200.0208,251393535.0,polygon
2015-12-21,201.41,201.88,200.09,201.67,99094290.0,polygon
2015-12-22,202.715,203.85,201.55,203.5,111026246.0,polygon
2015-12-23,204.69,206.07,204.58,206.02,110987228.0,polygon
2015-12-24,205.72,206.33,205.42,205.68,48542150.0,polygon
2015-12-28,204.86,205.26,203.94,205.21,65899939.0,polygon
2015-12-29,206.51,207.79,206.47,207.4,92640672.0,polygon
2015-12-30,207.11,207.21,205.76,205.93,63317679.0,polygon
2015-12-31,205.13,205.89,203.87,203.87,114877859.0,polygon
2016-01-04,200.49,201.03,198.59,201.0192,222353534.0,polygon
2016-01-05,201.4,201.9,200.05,201.36,110845849.0,polygon
2016-01-06,198.34,200.06,197.6,198.82,152112604.0,polygon
2016-01-07,195.33,197.44,193.59,194.05,213436073.0,polygon
2016-01-08,195.19,195.85,191.58,191.923,209817228.0,polygon
2016-01-11,193.01,193.41,189.82,192.11,187941323.0,polygon
2016-01-12,193.82,194.55,191.14,193.6608,172330490.0,polygon
2016-01-13,194.45,194.86,188.38,188.83,221168886.0,polygon
2016-01-14,189.55,193.26,187.66,191.93,240795609.0,polygon
2016-01-15,186.77,188.76,185.52,187.81,324846447.0,polygon
2016-01-19,189.96,190.11,186.2,188.06,195244373.0,polygon
2016-01-20,185.03,187.495,181.02,185.65,286547839.0,polygon
2016-01-21,186.21,188.87,184.64,186.69,195772941.0,polygon
2016-01-22,189.78,190.76,188.88,190.52,168319598.0,polygon
2016-01-25,189.92,190.15,187.41,187.64,130371686.0,polygon
2016-01-26,188.42,190.53,188.02,190.2,141036757.0,polygon
2016-01-27,189.58,191.56,187.06,188.13,185681707.0,polygon
2016-01-28,189.96,190.2,187.16,189.11,143798780.0,polygon
2016-01-29,190.02,193.88,189.88,193.7208,210529336.0,polygon
2016-02-01,192.53,194.58,191.84,193.65,136061564.0,polygon
2016-02-02,191.96,191.97,189.54,190.16,182564890.0,polygon
2016-02-03,191.41,191.78,187.1,191.3,205054934.0,polygon
2016-02-04,190.71,192.75,189.96,191.6,139531794.0,polygon
2016-02-05,190.99,191.6696,187.2,187.95,180788308.0,polygon
2016-02-08,185.77,186.12,182.8,185.42,191526694.0,polygon
2016-02-09,183.36,186.94,183.2,185.43,184513136.0,polygon
2016-02-10,186.41,188.34,185.12,185.27,148214057.0,polygon
2016-02-11,182.34,184.1,181.09,182.86,219058885.0,polygon
2016-02-12,184.96,186.65,183.96,186.63,127632393.0,polygon
2016-02-16,188.77,189.81,187.63,189.78,120250668.0,polygon
2016-02-17,191.16,193.32,191.01,192.88,136009496.0,polygon
2016-02-18,193.2,193.27,191.72,192.09,102342997.0,polygon
2016-02-19,191.17,192.18,190.45,192.0,114792988.0,polygon
2016-02-22,193.87,194.95,193.79,194.78,103640292.0,polygon
2016-02-23,194.0,194.32,192.18,192.32,111455289.0,polygon
2016-02-24,190.63,193.53,189.32,193.2,150812152.0,polygon
2016-02-25,193.73,195.55,192.83,195.54,110728317.0,polygon
2016-02-26,196.57,196.68,194.9,195.0892,129833663.0,polygon
2016-02-29,195.11,196.23,193.33,193.56,125918102.0,polygon
2016-03-01,195.01,198.21,194.4542,198.11,141799687.0,polygon
2016-03-02,197.74,199.06,197.25,199.0,102414960.0,polygon
2016-03-03,198.79,199.795,198.11,199.775,95172197.0,polygon
2016-03-04,200.01,201.35,199.03,200.43,129293601.0,polygon
2016-03-07,199.34,201.07,199.25,200.59,100218998.0,polygon
2016-03-08,199.32,199.92,198.21,198.4,123974866.0,polygon
2016-03-09,199.36,199.79,198.43,199.38,94801213.0,polygon
2016-03-10,199.96,201.07,197.38,199.54,156838697.0,polygon
2016-03-11,201.26,202.81,199.5179,202.76,137964528.0,polygon
2016-03-14,202.16,203.04,201.77,202.5,73611974.0,polygon
2016-03-15,201.36,202.5307,201.05,202.17,93169090.0,polygon
2016-03-16,201.6,203.82,201.55,203.34,129303179.0,polygon
2016-03-17,203.24,205.23,202.77,204.63,134278505.0,polygon
2016-03-18,204.17,204.78,203.8,204.38,138372404.0,polygon
2016-03-21,204.07,204.94,203.8,204.67,72926659.0,polygon
2016-03-22,203.76,205.23,203.57,204.56,97471939.0,polygon
2016-03-23,204.11,204.33,203.01,203.2092,81052455.0,polygon
2016-03-24,202.0,203.16,201.74,203.12,84360853.0,polygon
2016-03-28,203.61,203.86,202.705,203.24,62408185.0,polygon
2016-03-29,202.76,205.25,202.4,205.1208,92922863.0,polygon
2016-03-30,206.3,206.87,205.59,206.02,86365310.0,polygon
2016-03-31,205.91,206.41,205.33,205.52,94584110.0,polygon
2016-04-01,204.35,207.14,203.98,206.92,114423478.0,polygon
2016-04-04,206.83,207.07,205.89,206.25,63496969.0,polygon
2016-04-05,204.67,206.2642,203.89,204.1892,99662158.0,polygon
2016-04-06,204.29,206.49,203.98,206.42,91839761.0,polygon
2016-04-07,205.14,205.56,203.09,203.95,113859037.0,polygon
2016-04-08,205.34,205.85,203.87,204.4992,95040598.0,polygon
2016-04-11,205.25,206.07,203.91,204.0201,83757486.0,polygon
2016-04-12,204.22,206.25,203.7,205.92,115350567.0,polygon
2016-04-13,207.0,208.1,206.84,208.0008,96336433.0,polygon
2016-04-14,208.07,208.6,207.6,208.01,65212883.0,polygon
2016-04-15,208.01,208.1721,207.4,207.78,75761615.0,polygon
2016-04-18,207.14,209.28,207.0,209.2392,82530960.0,polygon
2016-04-19,209.74,210.2,208.94,209.9,88316060.0,polygon
2016-04-20,209.95,210.92,209.39,210.1,81100314.0,polygon
2016-04-21,210.12,210.25,208.65,208.97,85695041.0,polygon
2016-04-22,208.55,209.29,207.91,208.97,99251724.0,polygon
2016-04-25,208.26,208.66,207.54,208.61,66166494.0,polygon
2016-04-26,209.04,209.52,208.36,208.9192,75864174.0,polygon
2016-04-27,208.47,209.81,208.05,209.35,77329437.0,polygon
2016-04-28,208.46,209.76,206.96,207.4475,97216169.0,polygon
2016-04-29,206.72,207.13,205.03,206.3308,142424137.0,polygon
2016-05-02,206.92,208.18,206.41,207.97,62188015.0,polygon
2016-05-03,206.52,206.8,205.28,206.1592,106422142.0,polygon
2016-05-04,204.99,205.85,204.42,205.01,92243810.0,polygon
2016-05-05,205.56,205.98,204.47,204.97,67619222.0,polygon
2016-05-06,204.06,205.77,203.88,205.72,89315004.0,polygon
2016-05-09,205.57,206.4,205.36,205.8892,74374922.0,polygon
2016-05-10,206.72,208.5,206.64,208.45,77472207.0,polygon
2016-05-11,207.91,208.54,206.5,206.5,81726989.0,polygon
2016-05-12,207.29,207.4899,205.37,206.56,89586308.0,polygon
2016-05-13,206.21,206.86,204.38,204.76,96474630.0,polygon
2016-05-16,204.96,207.34,204.89,206.78,77486827.0,polygon
2016-05-17,206.46,206.8,204.23,204.8508,114924940.0,polygon
2016-05-18,204.44,206.3,203.63,204.91,123493379.0,polygon
2016-05-19,204.06,204.54,202.78,204.2,115430507.0,polygon
2016-05-20,204.92,206.1,204.86,205.49,104990408.0,polygon
2016-05-23,205.51,205.84,204.985,205.21,58682576.0,polygon
2016-05-24,206.17,208.24,206.14,207.87,93537808.0,polygon
2016-05-25,208.67,209.77,207.8691,209.28,79221525.0,polygon
2016-05-26,209.44,209.71,208.97,209.34,55280699.0,polygon
2016-05-27,209.53,210.25,209.47,210.24,64211214.0,polygon
2016-05-31,210.56,210.69,209.18,209.84,109879380.0,polygon
2016-06-01,209.12,210.48,208.89,210.27,69936215.0,polygon
2016-06-02,209.8,210.93,209.2399,210.91,63044749.0,polygon
2016-06-03,210.25,210.69,208.86,210.28,101757126.0,polygon
2016-06-06,210.7,211.77,210.51,211.35,64887045.0,polygon
2016-06-07,211.525,212.34,211.5,211.68,60974761.0,polygon
2016-06-08,211.84,212.52,211.6899,212.37,66170920.0,polygon
2016-06-09,211.51,212.22,211.19,212.08,73786869.0,polygon
2016-06-10,210.46,210.86,209.43,210.07,113829158.0,polygon
2016-06-13,209.36,210.37,208.35,208.4492,117751153.0,polygon
2016-06-14,208.0,208.74,206.9199,208.04,125059286.0,polygon
2016-06-15,208.54,209.36,207.53,207.75,109124496.0,polygon
2016-06-16,206.73,208.57,205.59,208.37,149533065.0,polygon
2016-06-17,207.17,207.2,205.75,206.52,117055748.0,polygon
2016-06-20,208.82,209.61,207.75,207.85,82789603.0,polygon
2016-06-21,208.3,208.92,207.78,208.44,72461663.0,polygon
2016-06-22,208.65,209.5,207.93,208.1,95560471.0,polygon
2016-06-23,209.81,210.87,209.27,210.81,102731356.0,polygon
2016-06-24,203.63,210.8463,202.72,203.13,333444397.0,polygon
2016-06-27,201.59,201.6,198.65,199.6,248988660.0,polygon
2016-06-28,201.48,203.23,201.12,203.1997,159382399.0,polygon
2016-06-29,204.84,206.93,204.72,206.66,137328614.0,polygon
2016-06-30,207.21,209.54,206.56,209.475,165021948.0,polygon
2016-07-01,209.36,210.49,209.29,209.9208,106055333.0,polygon
2016-07-05,208.95,209.08,207.71,208.41,109803713.0,polygon
2016-07-06,207.83,209.8,207.06,209.66,96021491.0,polygon
2016-07-07,209.87,210.6495,208.63,209.526,85593827.0,polygon
2016-07-08,211.05,212.94,210.7785,212.65,133970972.0,polygon
2016-07-11,213.19,214.07,212.95,213.4,73633937.0,polygon
2016-07-12,214.53,215.3,214.25,214.95,101275629.0,polygon
2016-07-13,215.44,215.45,214.35,214.92,87324129.0,polygon
2016-07-14,216.4,216.67,215.66,216.12,91230870.0,polygon
2016-07-15,216.78,217.0125,215.308,215.83,107155401.0,polygon
2016-07-18,215.97,216.6,215.67,216.4092,58725918.0,polygon
2016-07-19,215.92,216.23,215.63,216.19,54345728.0,polygon
2016-07-20,216.75,217.37,216.24,217.085,58159457.0,polygon
2016-07-21,216.96,217.22,215.75,216.265,67777310.0,polygon
2016-07-22,216.41,217.3,216.1,217.24,62787477.0,polygon
2016-07-25,217.0,217.06,215.97,216.65,55873147.0,polygon
2016-07-26,216.53,217.17,215.76,216.75,70080493.0,polygon
2016-07-27,217.19,217.27,215.62,216.52,84083893.0,polygon
2016-07-28,216.29,217.11,215.75,216.77,65035718.0,polygon
2016-07-29,216.46,217.54,216.13,217.12,79519436.0,polygon
2016-08-01,217.19,217.65,216.405,216.94,73311422.0,polygon
2016-08-02,216.65,216.83,214.57,215.5492,92295506.0,polygon
2016-08-03,215.48,216.245,215.13,216.18,53993626.0,polygon
2016-08-04,216.31,216.78,214.25,216.4097,46585528.0,polygon
2016-08-05,217.21,218.23,217.07,218.18,71892161.0,polygon
2016-08-08,218.4,218.52,217.74,218.05,39906479.0,polygon
2016-08-09,218.13,218.76,217.8,218.18,51251728.0,polygon
2016-08-10,218.31,218.4038,217.23,217.64,57941092.0,polygon
2016-08-11,218.26,218.94,217.95,218.65,72504270.0,polygon
2016-08-12,218.29,218.71,217.99,218.46,61313544.0,polygon
2016-08-15,218.89,219.5,218.88,219.09,49813482.0,polygon
2016-08-16,218.6,218.68,217.96,217.96,53213621.0,polygon
2016-08-17,218.0,218.53,217.02,218.37,75134339.0,polygon
2016-08-18,218.34,218.9,218.21,218.86,52989266.0,polygon
2016-08-19,218.31,218.75,217.74,218.54,75443004.0,polygon
2016-08-22,218.26,218.8,217.83,218.53,61368766.0,polygon
2016-08-23,219.25,219.6,218.9,218.97,53399159.0,polygon
2016-08-24,218.8,218.91,217.36,217.85,71728949.0,polygon
2016-08-25,217.4,218.19,217.22,217.7,69224776.0,polygon
2016-08-26,217.92,219.12,216.25,217.29,122506348.0,polygon
2016-08-29,217.44,218.665,217.4,218.3608,70502167.0,polygon
2016-08-30,218.26,218.59,217.35,218.0,58114543.0,polygon
2016-08-31,217.61,217.75,216.465,217.38,85269453.0,polygon
2016-09-01,217.37,217.73,216.03,217.39,97844207.0,polygon
2016-09-02,218.39,218.87,217.7,218.37,79293856.0,polygon
2016-09-06,218.7,219.12,217.86,219.0308,56702089.0,polygon
2016-09-07,218.84,219.22,218.3,219.01,76554855.0,polygon
2016-09-08,218.62,218.94,218.15,218.51,74102880.0,polygon
2016-09-09,216.97,217.03,213.25,213.28,221589073.0,polygon
2016-09-12,212.39,216.81,212.31,216.34,168110913.0,polygon
2016-09-13,214.84,215.1499,212.5,213.23,182828839.0,polygon
2016-09-14,213.29,214.7,212.5,213.15,134185491.0,polygon
2016-09-15,212.96,215.73,212.75,215.28,145736123.0,polygon
2016-09-16,213.48,213.69,212.57,213.37,155236354.0,polygon
2016-09-19,214.13,214.88,213.03,213.41,80250490.0,polygon
2016-09-20,214.41,214.59,213.38,213.42,69665279.0,polygon
2016-09-21,214.24,216.03,213.44,215.82,110284425.0,polygon
2016-09-22,217.0,217.53,216.71,217.18,76678713.0,polygon
2016-09-23,216.72,216.88,215.88,215.99,73630921.0,polygon
2016-09-26,215.02,215.23,214.01,214.24,89827305.0,polygon
2016-09-27,214.05,215.68,213.62,215.57,78494829.0,polygon
2016-09-28,215.83,216.82,214.71,216.64,87411015.0,polygon
2016-09-29,216.4,216.87,214.04,214.68,128070615.0,polygon
2016-09-30,215.65,217.12,215.36,216.3,117202914.0,polygon
2016-10-03,215.82,216.04,215.04,215.78,83512057.0,polygon
2016-10-04,215.91,216.17,213.99,214.68,119948052.0,polygon
2016-10-05,215.41,216.13,215.33,215.63,72815963.0,polygon
2016-10-06,215.37,216.04,214.735,215.78,62927376.0,polygon
2016-10-07,216.1,216.3,214.19,215.04,89788255.0,polygon
2016-10-10,216.155,216.7,215.985,216.16,51855023.0,polygon
2016-10-11,215.66,215.74,212.58,213.43,130367373.0,polygon
2016-10-12,213.59,214.32,213.01,213.71,73866117.0,polygon
2016-10-13,212.16,213.59,211.21,213.01,101356960.0,polygon
2016-10-14,214.15,214.69,213.03,213.12,93346237.0,polygon
2016-10-17,213.09,213.39,212.17,212.38,58275674.0,polygon
2016-10-18,214.24,214.31,213.27,213.71,76869656.0,polygon
2016-10-19,214.02,214.64,213.6,214.28,66519224.0,polygon
2016-10-20,213.87,214.53,213.11,213.88,73639830.0,polygon
2016-10-21,212.96,214.08,212.76,213.98,89089092.0,polygon
2016-10-24,215.0,215.32,214.48,214.89,60146592.0,polygon
2016-10-25,214.68,214.98,213.98,214.17,66542329.0,polygon
2016-10-26,213.21,214.42,212.93,213.74,75705478.0,polygon
2016-10-27,214.58,214.62,213.08,213.17,77220213.0,polygon
2016-10-28,213.14,213.93,211.71,212.54,140623183.0,polygon
2016-10-31,212.93,213.19,212.36,212.55,61272507.0,polygon
2016-11-01,212.93,212.99,209.6,211.01,122781818.0,polygon
2016-11-02,210.65,211.1,209.23,209.74,103330806.0,polygon
2016-11-03,209.99,210.24,208.46,208.78,88939346.0,polygon
2016-11-04,208.91,209.89,208.38,208.55,109122059.0,polygon
2016-11-07,211.45,213.19,211.3,213.15,109794861.0,polygon
2016-11-08,212.69,214.77,212.38,214.11,106772138.0,polygon
2016-11-09,212.37,217.1,212.34,216.3792,258428972.0,polygon
2016-11-10,217.3,218.31,215.22,216.92,172113313.0,polygon
2016-11-11,216.08,216.7,215.32,216.42,100552732.0,polygon
2016-11-14,217.03,217.27,215.72,216.59,94579982.0,polygon
2016-11-15,217.04,218.28,216.8,218.28,91652580.0,polygon
2016-11-16,217.56,218.14,217.42,217.87,65617697.0,polygon
2016-11-17,218.05,219.06,217.92,218.99,69797191.0,polygon
2016-11-18,219.07,219.27,218.29,218.5,86265751.0,polygon
2016-11-21,219.17,220.18,219.0,220.15,72402638.0,polygon
2016-11-22,220.51,220.79,219.73,220.58,67428957.0,polygon
2016-11-23,219.98,220.76,219.75,220.7,56620237.0,polygon
2016-11-25,221.1,221.56,221.01,221.52,37872255.0,polygon
2016-11-28,221.16,221.48,220.36,220.48,76572511.0,polygon
2016-11-29,220.52,221.44,220.17,220.91,69886690.0,polygon
2016-11-30,221.63,221.82,220.31,220.38,113291793.0,polygon
2016-12-01,220.73,220.73,219.15,219.57,79040487.0,polygon
2016-12-02,219.67,220.25,219.26,219.68,74840347.0,polygon
2016-12-05,220.65,221.4,220.42,221.0,67837821.0,polygon
2016-12-06,221.22,221.7441,220.662,221.7,59877377.0,polygon
2016-12-07,221.52,224.67,221.38,224.6,110738050.0,polygon
2016-12-08,224.57,225.7,224.26,225.15,99714387.0,polygon
2016-12-09,225.41,226.53,225.37,226.51,88005766.0,polygon
2016-12-12,226.4,226.96,225.76,226.25,102016125.0,polygon
2016-12-13,227.02,228.34,227.0,227.76,110477485.0,polygon
2016-12-14,227.41,228.23,225.365,225.88,142501812.0,polygon
2016-12-15,226.16,227.81,225.8904,226.81,124972554.0,polygon
2016-12-16,226.01,226.08,224.67,225.04,156420152.0,polygon
2016-12-19,225.25,226.02,225.08,225.53,90341147.0,polygon
2016-12-20,226.15,226.57,225.88,226.4,89838810.0,polygon
2016-12-21,226.25,226.45,225.77,225.77,67909039.0,polygon
2016-12-22,225.6,225.74,224.92,225.38,56219071.0,polygon
2016-12-23,225.43,225.72,225.21,225.71,36697822.0,polygon
2016-12-27,226.02,226.73,226.0,226.27,42672487.0,polygon
2016-12-28,226.57,226.59,224.27,224.4,64095014.0,polygon
2016-12-29,224.48,224.89,223.84,224.35,48696080.0,polygon
2016-12-30,224.73,224.83,222.73,223.53,108998328.0,polygon
2017-01-03,225.04,225.83,223.8837,225.24,91366522.0,polygon
2017-01-04,225.62,226.75,225.61,226.58,78744433.0,polygon
2017-01-05,226.27,226.58,225.48,226.4,78379012.0,polygon
2017-01-06,226.53,227.75,225.9,227.21,71559922.0,polygon
2017-01-09,226.91,227.0701,226.4163,226.46,46939676.0,polygon
2017-01-10,226.48,227.45,226.01,226.46,63771939.0,polygon
2017-01-11,226.36,227.1,225.59,227.1,74650016.0,polygon
2017-01-12,226.5,226.75,224.955,226.53,72113181.0,polygon
2017-01-13,226.73,227.4,226.69,227.05,62717865.0,polygon
2017-01-17,226.31,226.78,225.8,226.25,61240814.0,polygon
2017-01-18,226.535,226.8,225.9,226.75,54793302.0,polygon
2017-01-19,226.84,227.0,225.41,225.91,66608787.0,polygon
2017-01-20,226.7,227.31,225.9719,226.74,129168623.0,polygon
2017-01-23,226.35,226.805,225.27,226.15,75061645.0,polygon
2017-01-24,226.4,228.08,226.27,227.6,95555295.0,polygon
2017-01-25,228.7,229.57,228.51,229.57,84437712.0,polygon
2017-01-26,229.4,229.71,229.01,229.33,59970719.0,polygon
2017-01-27,229.42,229.59,228.76,228.97,59711118.0,polygon
2017-01-30,228.17,228.2,226.41,227.55,79737252.0,polygon
2017-01-31,226.98,227.6,226.32,227.53,75880805.0,polygon
2017-02-01,228.255,228.59,226.94,227.62,79117651.0,polygon
2017-02-02,227.2,228.1,226.82,227.77,69657560.0,polygon
2017-02-03,228.82,229.55,228.46,229.34,80563168.0,polygon
2017-02-06,228.87,229.326,228.54,228.93,57790108.0,polygon
2017-02-07,229.38,229.6556,228.72,228.94,57931151.0,polygon
2017-02-08,228.61,229.39,228.31,229.24,51566218.0,polygon
2017-02-09,229.56,230.95,229.52,230.6,65955245.0,polygon
2017-02-10,231.0,231.77,230.6216,231.51,66015892.0,polygon
2017-02-13,232.08,233.07,232.05,232.77,55182050.0,polygon
2017-02-14,232.56,233.71,232.16,233.7,71108983.0,polygon
2017-02-15,233.45,235.14,233.39,234.92,86785826.0,polygon
2017-02-16,234.96,235.155,233.85,234.72,84722437.0,polygon
2017-02-17,233.95,235.09,233.93,235.09,77204104.0,polygon
2017-02-21,235.52,236.69,235.51,236.49,88946051.0,polygon
2017-02-22,236.02,236.54,235.83,236.28,62115185.0,polygon
2017-02-23,236.88,236.9,235.56,236.44,74615902.0,polygon
2017-02-24,235.46,236.7932,235.41,236.74,82381612.0,polygon
2017-02-27,236.64,237.31,236.35,237.11,56515440.0,polygon
2017-02-28,236.67,236.95,236.015,236.47,96961938.0,polygon
2017-03-01,238.39,240.32,238.37,239.78,149158170.0,polygon
2017-03-02,239.56,239.57,238.21,238.27,70245978.0,polygon
2017-03-03,238.17,238.61,237.73,238.42,81974300.0,polygon
2017-03-06,237.5,238.12,237.01,237.71,55391533.0,polygon
2017-03-07,237.36,237.77,236.76,237.0,65103737.0,polygon
2017-03-08,237.34,237.64,236.4,236.56,78168795.0,polygon
2017-03-09,236.7,237.24,235.74,236.86,90683918.0,polygon
2017-03-10,237.97,238.02,236.59,237.69,81991652.0,polygon
2017-03-13,237.62,237.86,237.24,237.81,57256824.0,polygon
2017-03-14,237.18,237.24,236.19,236.9,59880778.0,polygon
2017-03-15,237.56,239.44,237.29,238.95,96081750.0,polygon
2017-03-16,239.11,239.2,238.1,238.48,78343951.0,polygon
2017-03-17,237.75,237.97,237.03,237.03,89002111.0,polygon
2017-03-20,237.03,237.36,236.32,236.77,52536979.0,polygon
2017-03-21,237.47,237.61,233.58,233.73,131809275.0,polygon
2017-03-22,233.77,234.61,233.05,234.28,97569204.0,polygon
2017-03-23,234.0,235.34,233.6,234.03,100410277.0,polygon
2017-03-24,234.38,235.04,232.96,233.86,112504853.0,polygon
2017-03-27,231.93,233.92,231.61,233.62,87454452.0,polygon
2017-03-28,233.27,235.81,233.14,235.32,93483915.0,polygon
2017-03-29,234.99,235.81,234.725,235.54,61950354.0,polygon
2017-03-30,235.47,236.52,235.27,236.29,56737890.0,polygon
2017-03-31,235.9,236.51,235.68,235.74,73733094.0,polygon
2017-04-03,235.8,236.03,233.91,235.33,85546486.0,polygon
2017-04-04,235.0,235.58,234.555,235.48,56466195.0,polygon
2017-04-05,236.26,237.39,234.54,234.78,108800604.0,polygon
2017-04-06,234.94,236.04,234.425,235.44,69135757.0,polygon
2017-04-07,235.15,236.0,234.64,235.2,74412311.0,polygon
2017-04-10,235.36,236.255,234.73,235.34,67615302.0,polygon
2017-04-11,234.9,235.18,233.34,235.06,88045276.0,polygon
2017-04-12,234.74,234.96,233.77,234.03,81864436.0,polygon
2017-04-13,233.64,234.49,232.51,232.51,92880394.0,polygon
2017-04-17,233.11,234.57,232.88,234.57,68405367.0,polygon
2017-04-18,233.72,234.49,233.08,233.87,83225821.0,polygon
2017-04-19,234.52,234.95,233.18,233.44,68699868.0,polygon
2017-04-20,234.15,235.845,233.78,235.34,92572186.0,polygon
2017-04-21,235.25,235.31,234.13,234.59,110389847.0,polygon
2017-04-24,237.18,237.41,234.5628,237.17,119209877.0,polygon
2017-04-25,237.91,238.95,237.81,238.55,76698265.0,polygon
2017-04-26,238.51,239.53,238.35,238.4,84702455.0,polygon
2017-04-27,238.77,238.95,237.98,238.6,57410326.0,polygon
2017-04-28,238.9,238.93,237.93,238.08,63532845.0,polygon
2017-05-01,238.68,239.17,238.195,238.68,66882521.0,polygon
2017-05-02,238.84,238.98,238.3,238.77,57375732.0,polygon
2017-05-03,238.29,238.8775,237.7,238.48,73137731.0,polygon
2017-05-04,238.83,238.9225,237.78,238.76,61462732.0,polygon
2017-05-05,239.19,239.72,238.68,239.7,62001269.0,polygon
2017-05-08,239.75,239.92,239.17,239.66,48385730.0,polygon
2017-05-09,239.96,240.19,239.04,239.44,51363200.0,polygon
2017-05-10,239.39,239.87,239.15,239.87,54293799.0,polygon
2017-05-11,239.35,239.57,238.13,239.38,62358346.0,polygon
2017-05-12,239.09,239.4273,238.67,238.98,53912730.0,polygon
2017-05-15,239.47,240.44,239.45,240.3,61918937.0,polygon
2017-05-16,240.64,240.67,239.63,240.08,51241791.0,polygon
2017-05-17,238.1,238.64,235.75,235.82,172174107.0,polygon
2017-05-18,235.73,237.75,235.43,236.77,107047656.0,polygon
2017-05-19,237.33,239.08,237.27,238.31,115011373.0,polygon
2017-05-22,238.9,239.71,238.82,239.52,61010602.0,polygon
2017-05-23,239.95,240.24,239.51,240.05,48341683.0,polygon
2017-05-24,240.32,240.73,239.93,240.61,49181099.0,polygon
2017-05-25,241.2,242.08,240.96,241.76,64071661.0,polygon
2017-05-26,241.54,241.9,241.45,241.71,46629905.0,polygon
2017-05-30,241.34,241.79,241.16,241.5,35201897.0,polygon
2017-05-31,241.84,241.88,240.64,241.44,91796016.0,polygon
2017-06-01,241.97,243.38,241.64,243.36,68962024.0,polygon
2017-06-02,243.42,244.35,243.08,244.17,88666128.0,polygon
2017-06-05,243.97,244.3,243.76,243.99,44698825.0,polygon
2017-06-06,243.34,243.98,243.12,243.21,50375430.0,polygon
2017-06-07,243.6,243.92,242.83,243.66,54144311.0,polygon
2017-06-08,243.77,244.33,243.17,243.78,65950691.0,polygon
2017-06-09,244.09,245.01,241.95,243.41,132256362.0,polygon
2017-06-12,243.13,243.42,242.38,243.36,86108102.0,polygon
2017-06-13,243.98,244.61,243.5799,244.55,60066953.0,polygon
2017-06-14,244.86,244.87,243.29,244.24,78602311.0,polygon
2017-06-15,242.68,243.91,242.36,243.77,66464888.0,polygon
2017-06-16,242.77,242.83,241.6337,242.64,84553097.0,polygon
2017-06-19,243.59,244.73,243.48,244.66,65123802.0,polygon
2017-06-20,244.25,244.26,242.99,243.01,56906368.0,polygon
2017-06-21,243.42,243.59,242.41,242.95,55977569.0,polygon
2017-06-22,242.96,243.53,242.64,242.84,44148059.0,polygon
2017-06-23,242.91,243.51,242.47,243.13,66986801.0,polygon
2017-06-26,243.9,244.38,243.045,243.29,56700477.0,polygon
2017-06-27,243.04,243.38,241.31,241.33,82247666.0,polygon
2017-06-28,242.5,243.715,242.23,243.49,70042599.0,polygon
2017-06-29,243.66,243.72,239.955,241.35,106949719.0,polygon
2017-06-30,242.28,242.71,241.575,241.8,86820694.0,polygon
2017-07-03,242.88,243.38,242.21,242.21,39153806.0,polygon
2017-07-05,242.63,243.01,241.7,242.77,54427596.0,polygon
2017-07-06,241.89,242.03,240.34,240.55,66115317.0,polygon
2017-07-07,241.21,242.28,240.5645,242.11,57972268.0,polygon
2017-07-10,241.95,242.8,241.76,242.37,36663274.0,polygon
2017-07-11,242.16,242.55,240.85,242.19,50354614.0,polygon
2017-07-12,243.3,244.2,243.3,244.01,59610405.0,polygon
2017-07-13,244.02,244.55,243.76,244.42,39471637.0,polygon
2017-07-14,244.43,245.97,244.31,245.56,60262692.0,polygon
2017-07-17,245.47,245.91,245.33,245.53,33531917.0,polygon
2017-07-18,245.06,245.72,244.67,245.66,42742498.0,polygon
2017-07-19,246.02,247.0,246.01,246.99,51034260.0,polygon
2017-07-20,247.28,247.42,246.47,247.1,47135183.0,polygon
2017-07-21,246.44,246.91,246.18,246.88,88711019.0,polygon
2017-07-24,246.79,246.98,246.28,246.82,46622256.0,polygon
2017-07-25,247.68,247.8,247.16,247.42,54915591.0,polygon
2017-07-26,247.75,247.79,247.13,247.43,47575422.0,polygon
2017-07-27,247.96,248.0,245.68,247.2,70766568.0,polygon
2017-07-28,246.65,247.06,246.13,246.91,50088359.0,polygon
2017-07-31,247.37,247.48,246.53,246.77,65838659.0,polygon
2017-08-01,247.46,247.5,246.716,247.32,55050401.0,polygon
2017-08-02,247.47,247.6,246.37,247.44,47211216.0,polygon
2017-08-03,247.31,247.34,246.64,246.96,40855997.0,polygon
2017-08-04,247.52,247.79,246.97,247.41,60191838.0,polygon
2017-08-07,247.49,247.87,247.37,247.87,31995021.0,polygon
2017-08-08,247.51,248.91,246.83,247.26,61719353.0,polygon
2017-08-09,246.47,247.31,246.06,247.25,62632619.0,polygon
2017-08-10,246.29,246.44,243.7,243.76,120479470.0,polygon
2017-08-11,244.02,244.8,243.75,244.12,74869947.0,polygon
2017-08-14,245.59,246.79,245.55,246.54,73291919.0,polygon
2017-08-15,246.98,247.0,246.16,246.51,55242746.0,polygon
2017-08-16,247.11,247.57,246.45,246.94,56715544.0,polygon
2017-08-17,246.24,246.6,243.09,243.09,128490396.0,polygon
2017-08-18,242.9,244.189,242.2,242.71,136747986.0,polygon
2017-08-21,242.64,243.2,241.83,242.9,65469736.0,polygon
2017-08-22,243.57,245.62,243.55,245.44,63140101.0,polygon
2017-08-23,244.33,245.05,244.16,244.56,50203837.0,polygon
2017-08-24,245.0,245.18,243.75,243.99,50741671.0,polygon
2017-08-25,244.9,245.61,244.39,244.56,64445912.0,polygon
2017-08-28,245.17,245.2,244.09,244.57,40565606.0,polygon
2017-08-29,243.06,245.15,242.93,244.85,51135715.0,polygon
2017-08-30,244.83,246.32,244.62,246.01,62030805.0,polygon
2017-08-31,246.72,247.77,246.0473,247.49,103803880.0,polygon
2017-09-01,247.92,248.33,247.67,247.84,62006989.0,polygon
2017-09-05,247.26,247.52,244.95,246.06,91398777.0,polygon
2017-09-06,246.84,247.28,246.23,246.9,57916867.0,polygon
2017-09-07,247.25,247.27,246.4,246.87,58034730.0,polygon
2017-09-08,246.54,247.11,246.3,246.58,63832825.0,polygon
2017-09-11,248.04,249.3,248.02,249.21,71364848.0,polygon
2017-09-12,249.63,250.09,249.42,250.05,56896027.0,polygon
2017-09-13,249.72,250.21,249.59,250.17,59228002.0,polygon
2017-09-14,249.8,250.32,249.6,250.09,95446349.0,polygon
2017-09-15,248.69,249.29,248.57,249.19,95432382.0,polygon
2017-09-18,249.61,250.12,249.28,249.72,46235238.0,polygon
2017-09-19,250.0,250.07,249.6,249.97,47108148.0,polygon
2017-09-20,250.07,250.19,248.92,250.06,59574083.0,polygon
2017-09-21,249.88,249.98,249.185,249.39,48211398.0,polygon
2017-09-22,249.05,249.63,249.02,249.44,51214032.0,polygon
2017-09-25,249.15,249.5532,248.08,248.93,57064357.0,polygon
2017-09-26,249.42,249.7,248.805,249.08,54081959.0,polygon
2017-09-27,249.88,250.49,248.87,250.05,81001426.0,polygon
2017-09-28,249.73,250.44,249.63,250.35,44778841.0,polygon
2017-09-29,250.34,251.32,250.13,251.23,85578002.0,polygon
2017-10-02,251.49,252.32,251.2926,252.32,59022985.0,polygon
2017-10-03,252.46,252.89,252.23,252.86,66810169.0,polygon
2017-10-04,252.69,253.44,252.56,253.16,55953619.0,polygon
2017-10-05,253.54,254.68,253.196,254.66,63522757.0,polygon
2017-10-06,254.15,254.7008,253.85,254.37,80645998.0,polygon
2017-10-09,254.63,254.7,253.65,253.95,35803138.0,polygon
2017-10-10,254.6,255.05,253.98,254.62,43057363.0,polygon
2017-10-11,254.51,255.02,254.32,255.02,47674325.0,polygon
2017-10-12,254.66,255.06,254.365,254.64,47065144.0,polygon
2017-10-13,255.14,255.27,254.64,254.95,54800435.0,polygon
2017-10-16,255.21,255.51,254.82,255.29,38221675.0,polygon
2017-10-17,255.23,255.52,254.98,255.47,31560964.0,polygon
2017-10-18,255.9,255.95,255.5,255.72,40888330.0,polygon
2017-10-19,254.83,255.83,254.35,255.79,61903788.0,polygon
2017-10-20,256.7,257.14,255.7744,257.11,89176377.0,polygon
2017-10-23,257.48,257.51,256.02,256.11,63915306.0,polygon
2017-10-24,256.6,256.83,256.15,256.56,66935910.0,polygon
2017-10-25,256.18,256.31,254.0,255.29,103715291.0,polygon
2017-10-26,255.99,256.3,255.48,255.62,69797972.0,polygon
2017-10-27,256.47,257.89,255.6254,257.71,85562544.0,polygon
2017-10-30,257.07,257.6,256.41,256.75,54285687.0,polygon
2017-10-31,257.18,257.44,256.805,257.15,60304781.0,polygon
2017-11-01,258.04,258.43,257.07,257.49,54202736.0,polygon
2017-11-02,257.41,257.75,256.19,257.59,56449535.0,polygon
2017-11-03,257.77,258.5,257.3,258.45,59589730.0,polygon
2017-11-06,258.3,259.0,258.22,258.85,49652598.0,polygon
2017-11-07,258.97,259.35,258.09,258.67,57502161.0,polygon
2017-11-08,258.47,259.22,258.15,259.11,50469579.0,polygon
2017-11-09,257.73,258.39,256.36,258.17,95085497.0,polygon
2017-11-10,257.73,258.2926,257.37,258.09,59984662.0,polygon
2017-11-13,257.31,258.59,257.27,258.33,50228648.0,polygon
2017-11-14,257.41,257.85,256.52,257.73,61315152.0,polygon
2017-11-15,256.62,257.22,255.63,256.44,80811525.0,polygon
2017-11-16,257.52,259.04,257.4748,258.62,67777027.0,polygon
2017-11-17,258.22,258.5882,257.77,257.86,75756833.0,polygon
2017-11-20,258.14,258.525,257.86,258.3,48075514.0,polygon
2017-11-21,259.18,260.2,258.2627,259.99,69176799.0,polygon
2017-11-22,260.0,260.15,259.57,259.76,45033392.0,polygon
2017-11-24,260.32,260.48,260.16,260.36,27856514.0,polygon
2017-11-27,260.41,260.75,260.0,260.23,52274922.0,polygon
2017-11-28,260.76,262.9,260.655,262.87,98971719.0,polygon
2017-11-29,263.02,263.63,262.2,262.71,77512102.0,polygon
2017-11-30,263.76,266.05,263.67,265.01,127894389.0,polygon
2017-12-01,264.76,265.31,260.76,264.46,164390902.0,polygon
2017-12-04,266.31,266.8,264.08,264.14,94040560.0,polygon
2017-12-05,264.43,265.15,263.04,263.19,77994544.0,polygon
2017-12-06,262.87,263.73,262.71,263.24,75898566.0,polygon
2017-12-07,263.09,264.43,262.94,264.07,77218569.0,polygon
2017-12-08,264.99,265.52,264.0315,265.51,76563873.0,polygon
2017-12-11,265.58,266.38,265.4793,266.31,83077533.0,polygon
2017-12-12,266.57,267.32,266.345,266.78,85195750.0,polygon
2017-12-13,267.06,267.56,266.65,266.75,102905409.0,polygon
2017-12-14,267.09,267.22,265.6,265.66,100666692.0,polygon
2017-12-15,265.45,267.04,265.39,266.51,144610290.0,polygon
2017-12-18,268.1,268.6,267.98,268.2,83653572.0,polygon
2017-12-19,268.48,268.53,267.09,267.17,82382876.0,polygon
2017-12-20,268.27,268.33,266.69,267.03,76751500.0,polygon
2017-12-21,267.74,268.385,267.3,267.58,67032339.0,polygon
2017-12-22,267.6,267.635,266.9,267.51,78720873.0,polygon
2017-12-26,267.05,267.4377,266.885,267.19,45244433.0,polygon
2017-12-27,267.38,267.73,267.01,267.32,57750986.0,polygon
2017-12-28,267.89,267.92,267.45,267.87,45116139.0,polygon
2017-12-29,268.53,268.55,266.64,266.86,96007424.0,polygon
2018-01-02,267.84,268.81,267.4,268.77,86655749.0,polygon
2018-01-03,268.96,270.64,268.96,270.47,90070416.0,polygon
2018-01-04,271.2,272.16,270.5447,271.61,80636408.0,polygon
2018-01-05,272.51,273.56,271.95,273.42,83523995.0,polygon
2018-01-08,273.31,274.1,272.98,273.92,57319192.0,polygon
2018-01-09,274.4,275.25,274.081,274.54,57253957.0,polygon
2018-01-10,273.68,274.42,272.92,274.12,69574318.0,polygon
2018-01-11,274.75,276.12,274.56,276.12,62361455.0,polygon
2018-01-12,276.42,278.11,276.0819,277.92,90816076.0,polygon
2018-01-16,279.35,280.09,276.18,276.97,106555142.0,polygon
2018-01-17,278.03,280.05,276.97,279.61,113258799.0,polygon
2018-01-18,279.48,279.96,278.58,279.14,100728006.0,polygon
2018-01-19,279.8,280.41,279.14,280.41,140920098.0,polygon
2018-01-22,280.17,282.69,280.11,282.69,91322408.0,polygon
2018-01-23,282.74,283.62,282.37,283.29,97084700.0,polygon
2018-01-24,284.02,284.7,281.84,283.18,134816117.0,polygon
2018-01-25,284.16,284.27,282.405,283.3,84587313.0,polygon
2018-01-26,284.25,286.6285,283.96,286.58,107743119.0,polygon
2018-01-29,285.93,286.43,284.5,284.68,90118337.0,polygon
2018-01-30,282.6,284.736,281.22,281.76,131796419.0,polygon
2018-01-31,282.73,283.3,280.68,281.9,118948131.0,polygon
2018-02-01,281.07,283.06,280.68,281.58,90102470.0,polygon
2018-02-02,280.08,280.23,275.41,275.45,173174790.0,polygon
2018-02-05,273.45,275.85,263.31,263.93,294681816.0,polygon
2018-02-06,259.94,269.7,258.7,269.13,355026782.0,polygon
2018-02-07,268.5,272.36,267.58,267.67,167376100.0,polygon
2018-02-08,268.01,268.17,257.59,257.63,246449505.0,polygon
2018-02-09,260.8,263.61,252.92,261.5,283565315.0,polygon
2018-02-12,263.83,267.01,261.6644,265.34,143735976.0,polygon
2018-02-13,263.97,266.62,263.31,266.0,81223640.0,polygon
2018-02-14,264.31,270.0,264.3,269.59,120735685.0,polygon
2018-02-15,271.57,273.04,268.77,273.03,111200286.0,polygon
2018-02-16,272.32,275.32,272.27,273.11,160420135.0,polygon
2018-02-20,272.03,273.67,270.5,271.4,86369662.0,polygon
2018-02-21,271.9,274.72,269.94,270.05,98883740.0,polygon
2018-02-22,271.1,273.05,269.64,270.4,110511290.0,polygon
2018-02-23,271.79,274.71,271.25,274.71,92766428.0,polygon
2018-02-26,275.93,278.01,275.26,277.9,86491406.0,polygon
2018-02-27,278.11,278.92,274.36,274.43,99099165.0,polygon
2018-02-28,275.68,276.19,271.29,271.65,121907767.0,polygon
2018-03-01,271.41,273.17,266.0,267.7,176855077.0,polygon
2018-03-02,265.8,269.72,264.82,269.08,139083217.0,polygon
2018-03-05,267.73,272.89,267.61,272.19,97307387.0,polygon
2018-03-06,273.3,273.39,271.18,272.88,79213163.0,polygon
2018-03-07,270.42,273.18,270.2,272.78,87063502.0,polygon
2018-03-08,273.55,274.24,272.42,274.1,66901150.0,polygon
2018-03-09,275.7,278.87,275.34,278.87,113625335.0,polygon
2018-03-12,279.2,279.91,278.0801,278.52,71924793.0,polygon
2018-03-13,279.84,280.41,276.03,276.72,91968937.0,polygon
2018-03-14,277.81,278.02,274.67,275.3,105895079.0,polygon
2018-03-15,275.88,276.61,274.43,275.0,83433038.0,polygon
2018-03-16,274.5,275.39,274.14,274.2,100343673.0,polygon
2018-03-19,273.35,274.3957,268.62,270.49,109208442.0,polygon
2018-03-20,270.94,271.67,270.18,270.95,59757271.0,polygon
2018-03-21,270.9,273.27,270.19,270.43,78709578.0,polygon
2018-03-22,267.91,268.87,263.36,263.67,148785916.0,polygon
2018-03-23,264.17,265.02,257.83,258.05,183534751.0,polygon
2018-03-26,262.13,265.43,259.41,265.11,141956102.0,polygon
2018-03-27,266.17,266.77,258.84,260.6,129941445.0,polygon
2018-03-28,260.75,262.64,258.58,259.83,146452306.0,polygon
2018-03-29,261.12,265.26,259.8389,263.15,124244790.0,polygon
2018-04-02,262.55,263.13,254.67,257.47,186286343.0,polygon
2018-04-03,258.87,261.31,256.84,260.77,119956861.0,polygon
2018-04-04,256.75,264.355,256.6,263.56,123715339.0,polygon
2018-04-05,265.55,266.64,264.32,265.64,82652618.0,polygon
2018-04-06,263.42,265.11,258.0,259.72,179521209.0,polygon
2018-04-09,261.37,264.84,259.9356,261.0,105442932.0,polygon
2018-04-10,264.27,266.04,262.98,265.15,105573736.0,polygon
2018-04-11,263.47,265.64,263.39,263.76,91140243.0,polygon
2018-04-12,265.26,267.0,265.06,265.93,68890480.0,polygon
2018-04-13,267.41,267.54,264.01,265.15,85079176.0,polygon
2018-04-16,267.0,268.2,266.07,267.33,63405287.0,polygon
2018-04-17,269.33,270.87,268.75,270.19,64682036.0,polygon
2018-04-18,270.69,271.3,269.87,270.39,57303857.0,polygon
2018-04-19,269.65,269.88,267.72,268.89,77655909.0,polygon
2018-04-20,268.81,269.06,265.61,266.61,99953133.0,polygon
2018-04-23,267.26,267.89,265.35,266.57,65557954.0,polygon
2018-04-24,267.73,267.9762,261.28,262.98,112885452.0,polygon
2018-04-25,262.91,264.13,260.85,263.63,103840948.0,polygon
2018-04-26,264.79,267.2452,264.29,266.31,67731942.0,polygon
2018-04-27,267.0,267.34,265.5,266.56,57053647.0,polygon
2018-04-30,267.26,267.89,264.43,264.51,82182324.0,polygon
2018-05-01,263.87,265.1,262.11,264.98,74203365.0,polygon
2018-05-02,264.76,265.68,262.76,263.2,86368943.0,polygon
2018-05-03,262.26,263.36,259.05,262.62,136311479.0,polygon
2018-05-04,261.52,266.7892,261.15,266.02,91222075.0,polygon
2018-05-07,266.89,268.02,266.11,266.92,55304907.0,polygon
2018-05-08,266.5,267.325,265.15,266.92,67499247.0,polygon
2018-05-09,267.68,269.865,267.09,269.5,59666143.0,polygon
2018-05-10,270.34,272.39,270.22,272.02,72063931.0,polygon
2018-05-11,272.16,273.15,271.58,272.85,59871511.0,polygon
2018-05-14,273.34,274.08,272.36,272.98,54790606.0,polygon
2018-05-15,271.59,271.61,270.03,271.1,87036136.0,polygon
2018-05-16,271.14,272.76,271.11,272.24,53942631.0,polygon
2018-05-17,271.94,273.23,271.13,272.01,56536400.0,polygon
2018-05-18,271.62,272.03,270.93,271.33,64367959.0,polygon
2018-05-21,273.01,273.98,271.3512,273.37,58025875.0,polygon
2018-05-22,273.96,274.25,272.24,272.61,52966358.0,polygon
2018-05-23,271.17,273.39,270.99,273.36,64694184.0,polygon
2018-05-24,272.91,273.22,270.78,272.8,76043827.0,polygon
2018-05-25,272.15,272.86,271.58,272.15,56374755.0,polygon
2018-05-29,270.31,271.17,267.76,269.02,115908607.0,polygon
2018-05-30,270.5,273.11,270.42,272.61,69678449.0,polygon
2018-05-31,272.15,272.49,270.255,270.94,93519941.0,polygon
2018-06-01,272.41,273.94,272.33,273.6,71258411.0,polygon
2018-06-04,274.53,275.185,274.26,274.9,45385166.0,polygon
2018-06-05,275.05,275.53,274.18,275.1,51135038.0,polygon
2018-06-06,275.79,277.52,275.09,277.4,62732215.0,polygon
2018-06-07,277.95,278.28,276.34,277.37,72969402.0,polygon
2018-06-08,276.85,278.25,276.66,278.19,72139719.0,polygon
2018-06-11,278.44,279.37,278.31,278.56,58892515.0,polygon
2018-06-12,279.03,279.33,278.19,278.92,72329028.0,polygon
2018-06-13,279.19,279.48,277.8,278.03,79070610.0,polygon
2018-06-14,279.01,279.33,278.0599,278.73,77097620.0,polygon
2018-06-15,276.6,277.51,275.35,277.13,120041562.0,polygon
2018-06-18,275.49,276.7,274.95,276.56,52917581.0,polygon
2018-06-19,274.0,275.75,273.53,275.5,97531510.0,polygon
2018-06-20,276.27,276.72,275.59,275.97,53785486.0,polygon
2018-06-21,275.96,275.98,273.68,274.24,71061404.0,polygon
2018-06-22,275.66,275.785,274.49,274.74,56612003.0,polygon
2018-06-25,273.44,273.6162,269.1,271.0,137854162.0,polygon
2018-06-26,271.64,272.56,270.79,271.6,68683211.0,polygon
2018-06-27,272.26,273.865,269.18,269.35,105110674.0,polygon
2018-06-28,269.29,271.75,268.49,270.89,76650517.0,polygon
2018-06-29,272.12,273.66,271.1495,271.28,97592499.0,polygon
2018-07-02,269.51,272.04,269.24,271.86,63554774.0,polygon
2018-07-03,272.87,272.98,270.42,270.9,42187071.0,polygon
2018-07-05,272.17,273.18,270.96,273.11,56925919.0,polygon
2018-07-06,273.14,275.84,272.715,275.42,66493696.0,polygon
2018-07-09,276.55,277.96,276.5,277.9,50550399.0,polygon
2018-07-10,278.41,279.01,278.08,278.9,51966829.0,polygon
2018-07-11,277.15,278.04,276.52,276.86,77054739.0,polygon
2018-07-12,278.28,279.43,277.6,279.37,60124687.0,polygon
2018-07-13,279.17,279.93,278.66,279.59,48234964.0,polygon
2018-07-16,279.64,279.803,278.84,279.34,48201038.0,polygon
2018-07-17,278.47,280.91,278.41,280.47,52315500.0,polygon
2018-07-18,280.56,281.18,280.06,281.06,44593465.0,polygon
2018-07-19,280.31,280.74,279.46,280.0,61412117.0,polygon
2018-07-20,279.77,280.48,279.5,279.68,82372729.0,polygon
2018-07-23,279.45,280.43,279.06,280.2,47047565.0,polygon
2018-07-24,281.79,282.56,280.63,281.61,68026935.0,polygon
2018-07-25,281.33,284.37,281.28,284.01,78882927.0,polygon
2018-07-26,283.2,284.11,283.09,283.34,57919495.0,polygon
2018-07-27,283.71,283.82,280.38,281.42,76783177.0,polygon
2018-07-30,281.51,281.69,279.36,279.95,63742508.0,polygon
2018-07-31,280.81,282.02,280.38,281.33,68570493.0,polygon
2018-08-01,281.56,282.13,280.1315,280.86,53853326.0,polygon
2018-08-02,279.39,282.58,279.16,282.39,63426363.0,polygon
2018-08-03,282.53,283.6577,282.33,283.6,53935386.0,polygon
2018-08-06,283.64,284.99,283.2015,284.64,39400887.0,polygon
2018-08-07,285.39,286.01,285.24,285.58,43196646.0,polygon
2018-08-08,285.39,285.91,284.94,285.46,42114551.0,polygon
2018-08-09,285.53,285.97,284.915,285.07,35716976.0,polygon
2018-08-10,283.45,284.055,282.36,283.16,77076044.0,polygon
2018-08-13,283.47,284.16,281.77,282.1,65732909.0,polygon
2018-08-14,282.92,284.17,282.4833,283.9,43842031.0,polygon
2018-08-15,282.38,282.54,280.16,281.78,102925355.0,polygon
2018-08-16,283.4,285.04,283.36,284.06,69967919.0,polygon
2018-08-17,283.83,285.5601,283.37,285.06,65618481.0,polygon
2018-08-20,285.57,285.97,285.06,285.67,39807490.0,polygon
2018-08-21,286.25,287.31,285.7135,286.34,67271983.0,polygon
2018-08-22,285.88,286.76,285.575,286.17,44993333.0,polygon
2018-08-23,285.97,286.94,285.43,285.79,49204851.0,polygon
2018-08-24,286.44,287.67,286.38,287.51,57487399.0,polygon
2018-08-27,288.86,289.9,288.68,289.78,57072377.0,polygon
2018-08-28,290.3,290.4175,289.4,289.92,46943472.0,polygon
2018-08-29,290.16,291.74,289.8854,291.48,61485514.0,polygon
2018-08-30,290.94,291.36,289.63,290.3,61229501.0,polygon
2018-08-31,289.84,290.81,289.29,290.31,66140838.0,polygon
2018-09-04,289.84,290.21,288.68,289.81,57594367.0,polygon
2018-09-05,289.41,289.64,287.89,289.03,72452437.0,polygon
2018-09-06,289.15,289.49,287.0,288.16,65909863.0,polygon
2018-09-07,286.98,288.7,286.71,287.6,73524824.0,polygon
2018-09-10,288.74,289.04,287.88,288.1,50210903.0,polygon
2018-09-11,287.37,289.55,286.975,289.05,50530492.0,polygon
2018-09-12,289.06,289.8,288.23,289.12,59810758.0,polygon
2018-09-13,290.32,291.0384,289.995,290.83,51034222.0,polygon
2018-09-14,291.06,291.27,290.0,290.88,55079875.0,polygon
2018-09-17,290.82,290.86,289.03,289.34,68244043.0,polygon
2018-09-18,289.58,291.58,289.55,290.91,61930407.0,polygon
2018-09-19,290.97,291.69,290.825,291.22,49080562.0,polygon
2018-09-20,292.64,293.94,291.2363,293.58,100360646.0,polygon
2018-09-21,293.09,293.22,291.81,291.99,105479656.0,polygon
2018-09-24,291.34,291.5,290.37,291.02,53409645.0,polygon
2018-09-25,291.53,291.65,290.4833,290.75,44370037.0,polygon
2018-09-26,290.91,292.24,289.41,289.88,79739674.0,polygon
2018-09-27,290.41,291.91,290.1,290.69,59249455.0,polygon
2018-09-28,289.99,291.28,289.95,290.72,70091385.0,polygon
2018-10-01,292.11,292.93,290.98,291.73,62078937.0,polygon
2018-10-02,291.56,292.355,291.14,291.56,47258227.0,polygon
2018-10-03,292.74,293.21,291.32,291.72,64694594.0,polygon
2018-10-04,291.18,291.24,287.66,289.44,111545910.0,polygon
2018-10-05,289.69,290.27,286.22,287.82,105951698.0,polygon
2018-10-08,287.05,288.22,285.5,287.82,87742172.0,polygon
2018-10-09,287.39,288.86,286.77,287.4,74338982.0,polygon
2018-10-10,286.83,286.91,277.88,278.3,214731042.0,polygon
2018-10-11,277.08,278.9,270.36,272.17,274840491.0,polygon
2018-10-12,276.77,277.09,272.37,275.95,183186492.0,polygon
2018-10-15,275.55,277.04,274.3,274.4,102263717.0,polygon
2018-10-16,276.6,280.82,276.07,280.4,118255834.0,polygon
2018-10-17,280.44,281.15,277.56,280.45,110625987.0,polygon
2018-10-18,279.4,280.07,274.97,276.4,134557525.0,polygon
2018-10-19,277.13,279.3,275.47,276.25,139901634.0,polygon
2018-10-22,277.0,277.36,274.41,275.01,82415812.0,polygon
2018-10-23,270.95,274.87,268.61,273.61,146352719.0,polygon
2018-10-24,273.33,273.76,264.7,265.32,177806697.0,polygon
2018-10-25,267.38,271.81,266.23,270.08,138061545.0,polygon
2018-10-26,265.92,271.0,262.29,265.33,201574596.0,polygon
2018-10-29,268.8,270.25,259.85,263.86,160749101.0,polygon
2018-10-30,263.67,268.12,263.12,267.77,157115995.0,polygon
2018-10-31,270.65,273.23,270.12,270.63,128296325.0,polygon
2018-11-01,271.6,273.73,270.38,273.51,99495037.0,polygon
2018-11-02,274.75,275.23,269.59,271.89,122634107.0,polygon
2018-11-05,272.44,274.01,271.35,273.39,65622482.0,polygon
2018-11-06,273.32,275.3,273.25,275.12,60085894.0,polygon
2018-11-07,277.56,281.1,277.08,281.01,102752099.0,polygon
2018-11-08,280.11,281.22,279.22,280.5,65584886.0,polygon
2018-11-09,279.03,279.24,276.18,277.76,98812561.0,polygon
2018-11-12,277.19,277.46,271.99,272.57,99673574.0,polygon
2018-11-13,273.09,275.325,271.25,272.06,98176610.0,polygon
2018-11-14,274.16,274.61,268.45,270.2,125335931.0,polygon
2018-11-15,268.78,273.54,267.0102,273.02,135101437.0,polygon
2018-11-16,271.79,274.75,271.21,273.73,126668040.0,polygon
2018-11-19,273.05,273.38,268.07,269.1,103061706.0,polygon
2018-11-20,265.36,267.0,263.15,264.12,136021311.0,polygon
2018-11-21,265.86,267.15,265.01,265.02,75563743.0,polygon
2018-11-23,263.18,264.8234,263.07,263.25,42807878.0,polygon
2018-11-26,265.78,267.75,265.34,267.5,79981362.0,polygon
2018-11-27,266.34,268.4,265.66,268.4,75502441.0,polygon
2018-11-28,269.6,274.58,268.3272,274.58,127629633.0,polygon
2018-11-29,273.71,275.55,272.43,273.98,82346420.0,polygon
2018-11-30,273.81,276.28,273.45,275.65,98204190.0,polygon
2018-12-03,280.28,280.4,277.505,279.3,103017719.0,polygon
2018-12-04,278.37,278.85,269.9,270.25,177986013.0,polygon
2018-12-06,265.92,269.97,262.44,269.84,204185411.0,polygon
2018-12-07,269.46,271.22,262.63,263.57,161018923.0,polygon
2018-12-10,263.37,265.1613,258.62,264.07,151445885.0,polygon
2018-12-11,267.66,267.87,262.48,264.13,121504431.0,polygon
2018-12-12,267.47,269.0,265.37,265.46,97976706.0,polygon
2018-12-13,266.52,267.49,264.12,265.37,96662717.0,polygon
2018-12-14,262.96,264.03,259.85,260.47,116961071.0,polygon
2018-12-17,259.4,260.65,253.525,255.36,165492257.0,polygon
2018-12-18,257.2,257.95,253.28,255.08,134515094.0,polygon
2018-12-19,255.17,259.4,249.35,251.26,214992763.0,polygon
2018-12-20,249.86,251.62,244.65,247.17,252053377.0,polygon
2018-12-21,246.74,249.71,239.98,240.7,255345633.0,polygon
2018-12-24,239.04,240.8355,234.27,234.34,147311588.0,polygon
2018-12-26,235.97,246.18,233.76,246.18,218485360.0,polygon
2018-12-27,242.57,248.29,238.96,248.07,186267342.0,polygon
2018-12-28,249.58,251.4,246.45,247.75,153100189.0,polygon
2018-12-31,249.56,250.19,247.47,249.92,144299370.0,polygon
2019-01-02,245.98,251.21,245.95,250.18,126925199.0,polygon
2019-01-03,248.23,248.57,243.67,244.21,144140692.0,polygon
2019-01-04,247.59,253.11,247.17,252.39,142628834.0,polygon
2019-01-07,252.69,255.95,251.69,254.38,103139100.0,polygon
2019-01-08,256.82,257.31,254.0,256.77,102512587.0,polygon
2019-01-09,257.56,258.91,256.19,257.97,95006554.0,polygon
2019-01-10,256.26,259.16,255.5,258.88,96823923.0,polygon
2019-01-11,257.68,259.0098,257.03,258.98,73858110.0,polygon
2019-01-14,256.86,258.3,256.41,257.4,70908227.0,polygon
2019-01-15,257.82,260.7,257.81,260.35,85208271.0,polygon
2019-01-16,260.83,261.9666,260.6,260.98,77636710.0,polygon
2019-01-17,260.01,263.92,259.96,262.96,96118435.0,polygon
2019-01-18,264.98,266.98,262.998,266.46,127900303.0,polygon
2019-01-22,264.82,265.06,261.06,262.86,115531183.0,polygon
2019-01-23,264.01,264.79,260.66,263.41,86030287.0,polygon
2019-01-24,263.21,264.2,262.08,263.55,59204139.0,polygon
2019-01-25,265.61,266.7,263.6595,265.78,96883358.0,polygon
2019-01-28,263.39,263.83,261.79,263.76,85613655.0,polygon
2019-01-29,263.92,264.55,262.48,263.41,66136334.0,polygon
2019-01-30,265.1,268.52,264.25,267.58,92473671.0,polygon
2019-01-31,267.51,270.47,267.27,269.93,104012073.0,polygon
2019-02-01,270.15,271.2,269.18,270.06,85782524.0,polygon
2019-02-04,270.11,272.03,269.36,271.96,60744844.0,polygon
2019-02-05,272.44,273.44,271.88,273.1,79552774.0,polygon
2019-02-06,272.79,273.34,271.92,272.74,58347791.0,polygon
2019-02-07,270.94,271.55,268.29,270.14,95481961.0,polygon
2019-02-08,268.75,270.58,267.83,270.47,75788861.0,polygon
2019-02-11,271.2,271.49,270.03,270.62,68021423.0,polygon
2019-02-12,272.42,274.52,272.34,274.1,72270221.0,polygon
2019-02-13,275.03,275.93,274.56,274.99,65277204.0,polygon
2019-02-14,273.78,275.64,272.87,274.38,83234396.0,polygon
2019-02-15,276.36,277.41,276.13,277.37,97088659.0,polygon
2019-02-19,276.4813,278.58,276.47,277.85,59120804.0,polygon
2019-02-20,277.81,278.92,277.25,278.41,76610767.0,polygon
2019-02-21,277.7,278.1,276.345,277.42,64214727.0,polygon
2019-02-22,278.11,279.36,277.4029,279.14,78114616.0,polygon
2019-02-25,280.73,281.31,279.43,279.52,69030699.0,polygon
2019-02-26,279.13,280.3,278.9,279.32,56844101.0,polygon
2019-02-27,278.52,279.59,277.48,279.2,56921570.0,polygon
2019-02-28,278.96,279.45,278.32,278.68,69268293.0,polygon
2019-03-01,280.44,280.88,278.82,280.42,78880548.0,polygon
2019-03-04,281.6,281.87,276.84,279.4,106494637.0,polygon
2019-03-05,279.54,279.76,278.41,279.02,59114559.0,polygon
2019-03-06,279.15,279.16,276.97,277.33,75039771.0,polygon
2019-03-07,276.83,276.99,274.07,275.01,94885089.0,polygon
2019-03-08,272.94,274.65,272.42,274.46,85795799.0,polygon
2019-03-11,275.26,278.62,275.23,278.44,65098897.0,polygon
2019-03-12,279.06,280.07,278.85,279.49,79667530.0,polygon
2019-03-13,280.48,282.38,280.3,281.34,80639153.0,polygon
2019-03-14,281.37,281.84,280.6662,281.16,67518366.0,polygon
2019-03-15,280.54,282.21,280.33,281.31,81308979.0,polygon
2019-03-18,281.55,282.66,281.3,282.33,62199806.0,polygon
2019-03-19,283.51,284.36,281.41,282.4,90268121.0,polygon
2019-03-20,282.16,283.5,280.32,281.55,84609210.0,polygon
2019-03-21,280.64,285.18,280.59,284.73,79550375.0,polygon
2019-03-22,283.22,283.8034,279.18,279.25,122659286.0,polygon
2019-03-25,278.87,280.1853,277.64,279.04,85575197.0,polygon
2019-03-26,280.99,282.18,279.56,281.12,68125920.0,polygon
2019-03-27,281.11,281.76,277.93,279.65,72224722.0,polygon
2019-03-28,280.35,281.21,279.07,280.71,56238545.0,polygon
2019-03-29,282.39,282.84,281.14,282.48,82186806.0,polygon
2019-04-01,284.7,286.16,284.4,285.83,77617945.0,polygon
2019-04-02,286.04,286.23,285.09,285.97,40070351.0,polygon
2019-04-03,287.32,287.76,285.75,286.42,68243202.0,polygon
2019-04-04,286.78,287.459,286.01,287.18,48997505.0,polygon
2019-04-05,287.92,288.63,287.6,288.57,58621729.0,polygon
2019-04-08,288.1,288.91,287.37,288.79,53566335.0,polygon
2019-04-09,287.72,288.08,286.7,287.31,66142316.0,polygon
2019-04-10,287.77,288.3899,287.31,288.29,52601499.0,polygon
2019-04-11,288.83,288.84,287.578,288.21,55093100.0,polygon
2019-04-12,290.0,290.47,288.261,290.16,69727782.0,polygon
2019-04-15,290.24,290.35,289.075,289.97,49596685.0,polygon
2019-04-16,290.95,291.01,289.5,290.16,52153197.0,polygon
2019-04-17,291.4,291.425,288.99,289.45,58268295.0,polygon
2019-04-18,290.1,290.32,288.66,290.02,68708513.0,polygon
2019-04-22,289.17,290.435,289.07,290.27,40160140.0,polygon
2019-04-23,290.68,293.14,290.42,292.88,52246633.0,polygon
2019-04-24,292.79,293.16,292.07,292.23,50392914.0,polygon
2019-04-25,292.12,292.78,290.73,292.05,57770862.0,polygon
2019-04-26,292.1,293.49,291.2401,293.41,50916423.0,polygon
2019-04-29,293.51,294.45,293.41,293.87,57197747.0,polygon
2019-04-30,293.49,294.34,291.92,294.02,81111733.0,polygon
2019-05-01,294.72,294.95,291.8,291.81,71671870.0,polygon
2019-05-02,291.68,292.7,289.52,291.18,65030170.0,polygon
2019-05-03,292.82,294.34,291.2998,294.03,56543653.0,polygon
2019-05-06,289.25,293.31,288.9,292.82,107198069.0,polygon
2019-05-07,290.15,290.81,285.81,287.93,144729908.0,polygon
2019-05-08,287.53,289.43,286.87,287.53,91568287.0,polygon
2019-05-09,285.23,287.33,283.3,286.66,103471104.0,polygon
2019-05-10,285.62,288.94,282.3,288.1,112429293.0,polygon
2019-05-13,282.42,283.49,279.93,280.86,127290527.0,polygon
2019-05-14,281.99,285.1,281.85,283.4,77003230.0,polygon
2019-05-15,281.59,285.77,281.36,285.06,73956407.0,polygon
2019-05-16,285.84,289.21,285.76,287.7,76749643.0,polygon
2019-05-17,285.14,288.6,285.1207,285.84,100353024.0,polygon
2019-05-20,284.06,285.43,283.12,283.95,62877610.0,polygon
2019-05-21,285.83,286.93,285.55,286.51,46847085.0,polygon
2019-05-22,285.45,286.69,285.1,285.63,49482472.0,polygon
2019-05-23,283.16,283.21,280.57,282.14,98733847.0,polygon
2019-05-24,283.74,284.2,282.09,282.78,55268095.0,polygon
2019-05-28,283.09,284.15,280.13,280.15,70029356.0,polygon
2019-05-29,278.91,279.36,276.71,278.27,104972927.0,polygon
2019-05-30,279.11,280.04,277.805,279.03,62523780.0,polygon
2019-05-31,276.2,277.12,275.24,275.27,86862782.0,polygon
2019-06-03,275.31,276.5521,273.09,274.57,96427952.0,polygon
2019-06-04,277.12,280.68,276.62,280.53,77231889.0,polygon
2019-06-05,282.33,282.99,280.32,282.96,71169717.0,polygon
2019-06-06,283.29,285.55,282.57,284.8,69430381.0,polygon
2019-06-07,285.93,288.85,285.74,287.65,74272199.0,polygon
2019-06-10,289.37,290.82,288.8734,288.97,60799053.0,polygon
2019-06-11,290.99,291.4,288.1805,288.9,58641325.0,polygon
2019-06-12,288.64,289.26,287.815,288.39,47096312.0,polygon
2019-06-13,289.4,289.98,288.62,289.58,48945156.0,polygon
2019-06-14,289.26,289.93,288.41,289.26,52324716.0,polygon
2019-06-17,289.52,290.22,289.18,289.37,39205709.0,polygon
2019-06-18,291.39,293.57,290.99,292.4,85434823.0,polygon
2019-06-19,292.55,293.65,291.47,293.06,78674377.0,polygon
2019-06-20,296.04,296.3093,293.1255,295.86,116570017.0,polygon
2019-06-21,294.13,295.52,293.76,294.0,83309466.0,polygon
2019-06-24,294.23,294.58,293.47,293.64,47582730.0,polygon
2019-06-25,293.7,293.73,290.64,290.76,82028656.0,polygon
2019-06-26,291.75,292.31,290.345,290.47,51584902.0,polygon
2019-06-27,291.31,292.06,290.89,291.5,40355239.0,polygon
2019-06-28,292.58,293.55,292.01,293.0,59350929.0,polygon
2019-07-01,296.68,296.92,294.33,295.66,79107474.0,polygon
2019-07-02,295.61,296.49,294.68,296.43,61504544.0,polygon
2019-07-03,297.18,298.82,297.02,298.8,40898896.0,polygon
2019-07-05,297.44,298.64,296.01,298.46,51677326.0,polygon
2019-07-08,297.01,298.2579,296.22,296.82,45841772.0,polygon
2019-07-09,295.54,297.52,295.48,297.19,41101279.0,polygon
2019-07-10,298.37,299.66,297.78,298.61,58595558.0,polygon
2019-07-11,299.32,299.58,298.2,299.31,50889481.0,polygon
2019-07-12,299.85,300.73,299.51,300.65,40354410.0,polygon
2019-07-15,301.13,301.13,300.19,300.75,33910261.0,polygon
2019-07-16,300.65,300.88,299.44,299.71,40567964.0,polygon
2019-07-17,299.75,299.93,297.74,297.74,44102443.0,polygon
2019-07-18,297.19,299.25,296.7,298.83,51701687.0,polygon
2019-07-19,300.04,300.07,296.96,297.17,71081238.0,polygon
2019-07-22,297.61,298.5,297.04,297.9,43687404.0,polygon
2019-07-23,299.14,300.03,298.22,300.03,44657973.0,polygon
2019-07-24,299.19,301.44,299.09,301.44,47213232.0,polygon
2019-07-25,300.94,301.0,299.11,300.0,55394092.0,polygon
2019-07-26,300.76,302.23,300.62,302.01,45084077.0,polygon
2019-07-29,301.88,301.93,300.85,301.46,38126462.0,polygon
2019-07-30,299.91,301.17,299.49,300.72,45849045.0,polygon
2019-07-31,300.99,301.2,295.2,297.43,104245162.0,polygon
2019-08-01,297.6,300.87,293.96,294.84,142646576.0,polygon
2019-08-02,293.85,294.12,290.9,292.62,116749695.0,polygon
2019-08-05,288.09,288.21,281.72,283.82,178745449.0,polygon
2019-08-06,285.91,288.04,284.28,287.8,120711682.0,polygon
2019-08-07,284.4,288.82,282.04,287.97,140572265.0,polygon
2019-08-08,289.62,293.62,289.01,293.62,87713904.0,polygon
2019-08-09,292.58,293.24,289.65,291.62,93729958.0,polygon
2019-08-12,289.96,291.6052,287.02,288.07,65527638.0,polygon
2019-08-13,287.74,294.15,287.36,292.55,94792972.0,polygon
2019-08-14,288.07,292.4644,283.76,283.9,135622053.0,polygon
2019-08-15,284.88,285.64,282.39,284.65,101929845.0,polygon
2019-08-16,286.48,289.33,284.7138,288.85,85825286.0,polygon
2019-08-19,292.19,293.08,291.44,292.33,53640153.0,polygon
2019-08-20,291.77,292.36,289.95,290.09,51652752.0,polygon
2019-08-21,292.48,292.86,291.72,292.45,49723430.0,polygon
2019-08-22,293.23,293.93,290.4,292.36,51739292.0,polygon
2019-08-23,290.92,292.76,283.47,284.85,149318151.0,polygon
2019-08-26,287.27,288.0,285.58,288.0,72620598.0,polygon
2019-08-27,289.54,289.95,286.03,286.87,68262998.0,polygon
2019-08-28,286.14,289.07,285.25,288.89,59852324.0,polygon
2019-08-29,291.72,293.16,290.61,292.58,57998913.0,polygon
2019-08-30,294.22,294.2399,291.42,292.45,62961780.0,polygon
2019-09-03,290.57,291.58,289.27,290.74,69231875.0,polygon
2019-09-04,293.14,294.055,292.31,294.04,47003957.0,polygon
2019-09-05,296.79,298.83,294.001,297.82,83356779.0,polygon
2019-09-06,298.17,298.76,297.42,298.05,49584290.0,polygon
2019-09-09,299.14,299.24,297.16,298.2,51260290.0,polygon
2019-09-10,297.36,298.2,295.97,298.13,57947101.0,polygon
2019-09-11,298.47,300.34,297.75,300.25,68821066.0,polygon
2019-09-12,301.25,302.46,300.41,301.29,73008745.0,polygon
2019-09-13,301.78,302.17,300.68,301.09,62104838.0,polygon
2019-09-16,299.84,301.1378,299.45,300.16,58191175.0,polygon
2019-09-17,299.94,301.02,299.75,300.92,42904427.0,polygon
2019-09-18,300.49,301.22,298.24,301.1,74192091.0,polygon
2019-09-19,301.53,302.63,300.7103,301.08,78099215.0,polygon
2019-09-20,300.36,300.67,297.41,298.28,97455979.0,polygon
2019-09-23,297.55,299.0,297.27,298.21,47541321.0,polygon
2019-09-24,299.41,299.84,294.81,295.87,97367568.0,polygon
2019-09-25,295.96,298.11,294.33,297.62,73434081.0,polygon
2019-09-26,297.63,297.86,295.45,297.0,58722357.0,polygon
2019-09-27,297.83,297.9465,293.69,295.4,84781110.0,polygon
2019-09-30,295.97,297.55,295.92,296.77,52562761.0,polygon
2019-10-01,297.74,298.455,293.0,293.24,89900420.0,polygon
2019-10-02,291.5,291.51,286.64,288.06,124523974.0,polygon
2019-10-03,287.81,290.45,284.82,290.42,85906799.0,polygon
2019-10-04,291.14,294.63,290.82,294.35,66700681.0,polygon
2019-10-07,293.47,295.26,292.77,293.08,60656561.0,polygon
2019-10-08,291.04,291.85,288.49,288.53,101575470.0,polygon
2019-10-09,290.75,292.3,288.6559,291.27,65707329.0,polygon
2019-10-10,291.18,294.21,291.0,293.24,57255974.0,polygon
2019-10-11,296.27,298.74,296.1448,296.28,101228577.0,polygon
2019-10-14,295.93,296.67,295.57,295.95,40546668.0,polygon
2019-10-15,297.1,299.7,296.97,298.88,47832356.0,polygon
2019-10-16,298.37,299.16,297.92,298.4,50563596.0,polygon
2019-10-17,299.68,300.24,298.515,299.28,46784885.0,polygon
2019-10-18,298.69,299.395,296.99,297.97,64338028.0,polygon
2019-10-21,299.42,300.21,298.935,299.99,39460901.0,polygon
2019-10-22,300.58,300.9,298.91,299.01,49126038.0,polygon
2019-10-23,298.73,299.94,298.495,299.88,34991829.0,polygon
2019-10-24,300.91,301.07,299.4601,300.37,35857459.0,polygon
2019-10-25,299.74,302.2,299.6806,301.6,45205412.0,polygon
2019-10-28,302.94,303.85,302.91,303.3,42146965.0,polygon
2019-10-29,303.0,304.23,302.86,303.21,44284921.0,polygon
2019-10-30,303.43,304.55,301.99,304.14,49643928.0,polygon
2019-10-31,304.13,304.13,301.73,303.33,69053791.0,polygon
2019-11-01,304.92,306.19,304.74,306.14,71141515.0,polygon
2019-11-04,307.85,308.0,306.96,307.37,60606916.0,polygon
2019-11-05,307.59,307.9195,306.71,307.03,42933219.0,polygon
2019-11-06,307.03,307.4,306.06,307.1,46487108.0,polygon
2019-11-07,308.57,309.65,307.66,308.18,54272274.0,polygon
2019-11-08,307.8,309.0036,307.03,308.94,49068797.0,polygon
2019-11-11,307.42,308.54,307.27,308.35,35934909.0,polygon
2019-11-12,308.75,309.99,308.15,309.0,46484624.0,polygon
2019-11-13,307.91,309.54,307.66,309.1,54459018.0,polygon
2019-11-14,308.79,309.64,308.09,309.55,52001874.0,polygon
2019-11-15,311.02,311.84,310.26,311.79,62706192.0,polygon
2019-11-18,311.53,312.28,311.03,312.02,49327980.0,polygon
2019-11-19,312.68,312.69,311.22,311.93,67927818.0,polygon
2019-11-20,311.28,311.85,309.06,310.77,79696276.0,polygon
2019-11-21,310.89,311.01,309.39,310.27,54664690.0,polygon
2019-11-22,311.09,311.24,309.85,310.96,44850228.0,polygon
2019-11-25,311.98,313.37,311.98,313.37,48762676.0,polygon
2019-11-26,313.41,314.28,313.06,314.08,37727953.0,polygon
2019-11-27,314.61,315.48,314.37,315.48,44793179.0,polygon
2019-11-29,314.86,315.13,314.06,314.31,36592740.0,polygon
2019-12-02,314.59,314.66,311.17,311.64,76110027.0,polygon
2019-12-03,308.65,309.64,307.13,309.55,75172709.0,polygon
2019-12-04,310.7,312.12,310.32,311.46,49190402.0,polygon
2019-12-05,312.23,312.25,310.58,312.02,40781669.0,polygon
2019-12-06,314.12,315.31,314.11,314.87,48956767.0,polygon
2019-12-09,314.44,315.18,313.8,313.88,34904315.0,polygon
2019-12-10,313.82,314.55,312.81,313.53,53107133.0,polygon
2019-12-11,314.03,314.7,313.4393,314.42,53521450.0,polygon
2019-12-12,314.43,317.99,314.17,317.13,96585802.0,polygon
2019-12-13,316.87,318.67,316.02,317.32,81546487.0,polygon
2019-12-16,319.22,320.15,317.2542,319.5,82836128.0,polygon
2019-12-17,319.92,320.25,319.48,319.57,61131769.0,polygon
2019-12-18,320.0,320.25,319.53,319.59,48199955.0,polygon
2019-12-19,319.8,320.98,319.5246,320.9,85432424.0,polygon
2019-12-20,320.46,321.9742,319.3873,320.73,149338215.0,polygon
2019-12-23,321.59,321.65,321.06,321.22,53015641.0,polygon
2019-12-24,321.47,321.52,320.9,321.23,20270007.0,polygon
2019-12-26,321.65,322.95,321.64,322.94,31024188.0,polygon
2019-12-27,323.74,323.8,322.28,322.86,42554820.0,polygon
2019-12-30,322.95,323.1,320.55,321.08,49782730.0,polygon
2019-12-31,320.53,322.13,320.15,321.86,57106998.0,polygon
2020-01-02,323.66,325.25000000000006,322.54,325.07000000000005,8890856.0,databento
2020-01-03,321.77,323.64,319.69,322.74,10623102.0,databento
2020-01-06,320.12999999999994,323.94000000000005,319.93000000000006,323.2200000000001,8087764.0,databento
2020-01-07,324.13000000000005,324.13000000000005,318.7900000000001,319.47,6386891.0,databento
2020-01-08,322.2,325.78,322.02,325.15,10456194.0,databento
2020-01-09,326.19000000000005,326.94,325.52,326.9,7354977.0,databento
2020-01-10,327.1700000000001,327.71999999999997,325.20000000000005,325.62000000000006,6741933.0,databento
2020-01-13,326.69,328.4100000000001,325.92999999999995,328.38000000000005,6297159.0,databento
2020-01-14,327.44,328.62000000000006,326.85,327.2,9142254.0,databento
2020-01-15,327.4700000000001,329.0299999999999,327.04,328.80000000000007,9040143.0,databento
2020-01-16,329.7200000000001,331.37000000000006,329.34,331.13000000000005,7450737.0,databento
2020-01-17,331.39,332.18,331.07,331.8,8818673.0,databento
2020-01-21,330.49,332.18,330.14,331.2,9308231.0,databento
2020-01-22,332.30000000000007,332.95000000000005,330.68999999999994,330.68999999999994,6148592.0,databento
2020-01-23,331.00000000000006,332.3999999999999,329.41,332.25000000000006,8245858.0,databento
2020-01-24,332.74,332.92,327.36999999999995,328.4100000000001,13217846.0,databento
2020-01-27,325.60999999999996,325.60999999999996,322.68000000000006,324.0299999999999,13759637.0,databento
2020-01-28,324.44,327.84,323.56,326.88999999999993,10503631.0,databento
2020-01-29,328.09,328.62999999999994,325.99,326.72999999999996,8719469.0,databento
2020-01-30,324.50000000000006,328.88,323.54999999999995,328.32,13835180.0,databento
2020-01-31,327.47999999999996,327.47999999999996,320.74,321.91999999999996,18595175.0,databento
2020-02-03,323.44,326.15,322.7200000000001,323.61,10874847.0,databento
2020-02-04,327.41,330.01000000000005,327.2,328.88,9640388.0,databento
2020-02-05,330.96,333.34,330.68,332.9,10813933.0,databento
2020-02-06,334.46,334.63999999999993,332.81000000000006,334.45000000000005,7653442.0,databento
2020-02-07,333.75000000000006,333.99999999999994,331.51000000000005,331.74000000000007,9419550.0,databento
2020-02-10,331.77,334.89,331.1,334.61000000000007,6694174.0,databento
2020-02-11,335.49999999999994,337.0199999999999,334.745,335.62000000000006,8470976.0,databento
2020-02-12,336.63,337.76000000000005,336.0,336.15,6671562.0,databento
2020-02-13,336.1,338.11,334.61999999999995,337.06000000000006,8678999.0,databento
2020-02-14,337.7699999999999,338.16999999999996,336.2,337.81000000000006,8604539.0,databento
2020-02-18,336.34999999999997,337.49999999999994,335.2200000000001,337.4,9110894.0,databento
2020-02-19,337.3500000000001,339.07000000000005,337.25000000000006,338.86000000000007,6698066.0,databento
2020-02-20,337.59,338.63499999999993,333.70000000000005,335.36000000000007,13354288.0,databento
2020-02-21,335.4,335.9700000000001,332.58000000000004,333.45,15249837.0,databento
2020-02-24,326.43,326.5199999999999,321.24000000000007,323.80000000000007,27976220.0,databento
2020-02-25,324.39,324.61,311.69,314.99999999999994,41146036.0,databento
2020-02-26,311.65,318.11000000000007,309.1,310.28,35463494.0,databento
2020-02-27,309.38999999999993,310.36000000000007,293.61999999999995,296.87000000000006,48636794.0,databento
2020-02-28,291.77,299.65999999999997,285.54999999999995,299.0,67862814.0,databento
2020-03-02,300.00999999999993,309.42,290.6600000000001,308.30000000000007,38011446.0,databento
2020-03-03,308.63999999999993,313.81999999999994,297.57000000000005,299.3399999999999,57396538.0,databento
2020-03-04,305.13000000000005,313.09999999999997,303.33,310.8299999999999,26711257.0,databento
2020-03-05,307.59,308.46,300.02,302.77,25100946.0,databento
2020-03-06,298.81,299.6000000000001,290.23,295.3500000000001,37281869.0,databento
2020-03-09,289.4,289.4,270.28999999999996,280.2900000000001,57203079.0,databento
2020-03-10,281.96,288.82,273.5,283.16999999999996,53568323.0,databento
2020-03-11,281.42,283.99999999999994,270.88,273.80000000000007,46454680.0,databento
2020-03-12,263.95000000000005,266.6499999999999,242.0,244.85,75706248.0,databento
2020-03-13,257.99,271.99999999999994,249.58,267.15,65569861.0,databento
2020-03-16,262.74999999999994,262.74999999999994,237.36,244.86,51249792.0,databento
2020-03-17,246.96999999999997,256.4,237.07,242.94999999999996,47550607.0,databento
2020-03-18,239.4,247.65,228.02999999999997,245.99999999999997,70980353.0,databento
2020-03-19,240.23000000000005,247.38,232.22,237.35,52445233.0,databento
2020-03-20,243.84999999999997,250.08,226.37,226.37,57619374.0,databento
2020-03-23,221.54,238.88999999999996,218.25,226.39,58325921.0,databento
2020-03-24,232.05,247.15,230.39,242.47000000000008,36579185.0,databento
2020-03-25,246.93999999999997,256.35,239.03999999999996,246.96,45903894.0,databento
2020-03-26,242.21,263.49999999999994,240.4,263.35,36763436.0,databento
2020-03-27,258.0,260.79999999999995,251.06,252.0900000000001,34281222.0,databento
2020-03-30,250.32000000000005,262.5899999999999,250.19999999999996,261.9,25003625.0,databento
2020-03-31,262.93999999999994,263.87,254.15999999999997,254.30999999999997,25730870.0,databento
2020-04-01,251.83999999999995,251.98,243.9,247.49999999999997,31433775.0,databento
2020-04-02,247.62,252.80999999999997,242.94000000000003,250.88999999999996,31524882.0,databento
2020-04-03,250.0,253.31999999999996,245.22999999999996,247.99,25459576.0,databento
2020-04-06,258.24,266.96,256.7,266.53,28542594.0,databento
2020-04-07,270.75,275.03,262.93999999999994,265.2,29809439.0,databento
2020-04-08,265.87999999999994,275.4,263.05,274.97,21779665.0,databento
2020-04-09,276.7900000000001,281.2,270.4,279.03,26154116.0,databento
2020-04-13,274.63,278.16999999999996,271.40999999999997,277.0199999999999,16862180.0,databento
2020-04-14,279.15,284.71,278.43999999999994,283.39,19174116.0,databento
2020-04-15,280.26,280.96,275.4100000000001,275.65999999999997,17651532.0,databento
2020-04-16,277.92,289.39,275.76000000000005,287.51,20044047.0,databento
2020-04-17,286.14,288.12,282.4049999999999,286.65,19395438.0,databento
2020-04-20,285.7099999999999,286.2900000000001,280.75,281.92,14194303.0,databento
2020-04-21,279.1700000000001,280.2799999999999,272.02,274.47,21231064.0,databento
2020-04-22,275.8,280.99000000000007,275.6000000000001,278.13,13803102.0,databento
2020-04-23,278.26,283.94,276.7900000000001,277.36999999999995,18486943.0,databento
2020-04-24,278.24999999999994,283.69,277.17999999999995,283.24999999999994,12413602.0,databento
2020-04-27,285.67999999999995,288.2699999999999,284.62,286.95,11968926.0,databento
2020-04-28,288.18000000000006,291.45000000000005,285.4,287.38999999999993,17315301.0,databento
2020-04-29,289.36999999999995,296.1000000000001,288.21,294.84,20793909.0,databento
2020-04-30,294.22,295.4,285.61000000000007,287.68,20115476.0,databento
2020-05-01,284.36,286.04,281.52,282.81000000000006,19468777.0,databento
2020-05-04,280.65,283.9,278.71,283.5,13397333.0,databento
2020-05-05,286.23999999999995,289.25,283.61000000000007,287.0199999999999,11943274.0,databento
2020-05-06,287.85,288.96,282.7,283.67999999999995,12883708.0,databento
2020-05-07,286.93,289.7699999999999,286.71,289.52,10925196.0,databento
2020-05-08,290.86,293.74000000000007,289.86000000000007,293.74000000000007,11297068.0,databento
2020-05-11,294.3399999999999,294.3399999999999,289.3500000000001,291.95,10897740.0,databento
2020-05-12,291.86,294.2300000000001,283.1,283.29,17031547.0,databento
2020-05-13,285.67999999999995,287.94,278.965,282.0199999999999,21945850.0,databento
2020-05-14,280.9700000000001,285.75000000000006,276.37999999999994,285.72,19386912.0,databento
2020-05-15,286.36000000000007,286.3999999999999,281.34,285.69,13681546.0,databento
2020-05-18,289.2300000000001,296.74999999999994,288.8,295.4,15437569.0,databento
2020-05-19,295.28,296.2,291.28,292.72,12057735.0,databento
2020-05-20,293.4599999999999,297.86999999999995,293.44,296.83,11074632.0,databento
2020-05-21,295.77,297.67,293.69000000000005,295.37999999999994,11310467.0,databento
2020-05-22,291.23,296.09,291.22,295.56999999999994,8958440.0,databento
2020-05-26,300.7900000000001,302.24999999999994,298.69000000000005,299.38999999999993,12635538.0,databento
2020-05-27,301.91,304.59,296.87000000000006,304.45,16244714.0,databento
2020-05-28,304.69,306.84,302.24000000000007,302.79,13620938.0,databento
2020-05-29,302.11999999999995,306.12999999999994,299.54999999999995,306.09,17904153.0,databento
2020-06-01,305.2699999999999,306.20000000000005,302.5199999999999,304.19,8615409.0,databento
2020-06-02,305.6000000000001,309.06999999999994,305.09,308.89,11607643.0,databento
2020-06-03,309.2799999999999,313.22,308.86000000000007,312.66,13084564.0,databento
2020-06-04,311.37,313.0,309.0899999999999,311.20000000000005,13278985.0,databento
2020-06-05,314.72,321.27,313.17999999999995,319.15,23352430.0,databento
2020-06-08,318.96,323.4100000000001,318.92,322.61,11390162.0,databento
2020-06-09,321.14000000000004,322.36000000000007,319.34,321.91999999999996,12662331.0,databento
2020-06-10,322.36000000000007,322.47999999999996,316.6000000000001,316.67999999999995,17560183.0,databento
2020-06-11,313.15,314.85,300.00999999999993,303.0799999999999,43680909.0,databento
2020-06-12,304.7,309.065,298.6,303.50000000000006,36221048.0,databento
2020-06-15,296.2,310.15999999999997,295.88999999999993,310.15,24345729.0,databento
2020-06-16,310.09,316.9700000000001,307.67,313.8999999999999,30911317.0,databento
2020-06-17,314.88999999999993,316.0,310.37999999999994,310.6,13471403.0,databento
2020-06-18,311.49,313.31,308.79999999999995,312.93000000000006,12710525.0,databento
2020-06-19,312.12,314.48999999999995,305.85999999999996,306.1499999999999,21132613.0,databento
2020-06-22,308.4200000000001,312.56,306.75,312.29,12372451.0,databento
2020-06-23,313.3399999999999,314.56999999999994,310.82,311.20000000000005,11236544.0,databento
2020-06-24,310.74,310.81,302.1000000000001,303.82000000000005,24910408.0,databento
2020-06-25,301.59,307.99999999999994,301.28,307.37000000000006,15168353.0,databento
2020-06-26,306.48,308.1000000000001,299.3399999999999,300.15,21572777.0,databento
2020-06-29,301.23999999999995,305.95,298.93999999999994,305.4800000000001,14288740.0,databento
2020-06-30,304.06000000000006,310.2,303.22,308.28,18585067.0,databento
2020-07-01,308.68000000000006,311.88499999999993,306.46,310.34999999999997,12353860.0,databento
2020-07-02,312.1600000000001,315.68000000000006,311.51,312.69999999999993,12369181.0,databento
2020-07-06,316.62000000000006,317.9,315.55999999999995,317.73,9773987.0,databento
2020-07-07,315.38,317.52,313.36999999999995,314.18,13763602.0,databento
2020-07-08,314.63,317.05,312.71,316.85,9346769.0,databento
2020-07-09,316.19999999999993,317.2,310.68000000000006,315.15999999999997,14313819.0,databento
2020-07-10,312.7799999999999,318.17999999999995,311.9700000000001,318.11000000000007,11040752.0,databento
2020-07-13,319.11000000000007,322.71,314.13,315.50000000000006,17914793.0,databento
2020-07-14,314.93000000000006,321.80000000000007,312.0,320.98999999999995,18499327.0,databento
2020-07-15,320.68000000000006,323.38000000000005,319.27,321.86,14795505.0,databento
2020-07-16,320.11,321.2799999999999,318.92,320.41,9936079.0,databento
2020-07-17,319.6499999999999,322.58,319.6,321.9,9611931.0,databento
2020-07-20,319.99,325.12999999999994,319.61999999999995,324.37999999999994,10610552.0,databento
2020-07-21,326.38,327.33,323.94999999999993,325.6000000000001,9285294.0,databento
2020-07-22,324.53,327.2,322.87999999999994,326.15,9834848.0,databento
2020-07-23,328.19000000000005,328.51,321.49000000000007,323.43000000000006,13727522.0,databento
2020-07-24,320.65,322.52,319.24,320.30000000000007,12429687.0,databento
2020-07-27,321.5199999999999,323.81000000000006,320.78,323.75,7847030.0,databento
2020-07-28,323.38999999999993,323.65,320.855,321.80000000000007,8665063.0,databento
2020-07-29,322.04,325.73,321.51,325.15,8347387.0,databento
2020-07-30,322.85999999999996,327.39,319.64,326.79,11909884.0,databento
2020-07-31,325.57,327.06,321.3299999999999,326.43999999999994,13366583.0,databento
2020-08-03,326.56999999999994,329.61999999999995,325.72,328.81,8701697.0,databento
2020-08-04,328.06999999999994,330.09,327.15,329.98,7233884.0,databento
2020-08-05,331.87,332.39000000000004,331.00000000000006,331.9800000000001,7031282.0,databento
2020-08-06,332.35,334.55000000000007,330.1499999999999,334.10999999999996,8892549.0,databento
2020-08-07,333.9100000000001,334.87999999999994,332.31,334.57,11040651.0,databento
2020-08-10,335.11999999999995,335.77,332.9599999999999,335.32,7701108.0,databento
2020-08-11,336.9100000000001,337.87,332.01,333.37000000000006,13136753.0,databento
2020-08-12,335.49999999999994,338.2799999999999,334.9,337.11000000000007,9436163.0,databento
2020-08-13,336.92,338.24999999999994,335.83,337.62000000000006,7336583.0,databento
2020-08-14,336.22,337.41999999999996,335.05,336.6499999999999,6929320.0,databento
2020-08-17,337.54,338.75999999999993,337.0,338.62,6136039.0,databento
2020-08-18,337.73999999999995,339.1000000000001,336.61999999999995,338.91999999999996,6263791.0,databento
2020-08-19,339.16,339.61000000000007,336.21,336.2900000000001,10520330.0,databento
2020-08-20,336.12,338.99999999999994,335.03,338.96999999999997,7805130.0,databento
2020-08-21,338.21,339.71,335.76000000000005,339.63000000000005,7876066.0,databento
2020-08-24,341.21,343.4200000000001,341.05999999999995,343.39,7374757.0,databento
2020-08-25,344.5,344.72,342.27,344.6,6772118.0,databento
2020-08-26,344.44000000000005,348.34999999999997,344.14,347.7300000000001,8540077.0,databento
2020-08-27,347.49,349.8999999999999,346.535,349.25999999999993,9617356.0,databento
2020-08-28,349.4100000000001,351.04999999999995,348.1600000000001,350.99999999999994,7479570.0,databento
2020-08-31,351.71,351.81,348.50000000000006,349.68999999999994,9783843.0,databento
2020-09-01,351.28999999999996,353.56,349.25000000000006,353.55000000000007,8637928.0,databento
2020-09-02,354.48,358.74999999999994,353.42999999999995,358.42999999999995,13237764.0,databento
2020-09-03,358.0799999999999,358.36000000000007,342.6000000000001,343.24999999999994,28283252.0,databento
2020-09-04,346.87000000000006,348.50000000000006,334.87000000000006,341.98999999999995,23604118.0,databento
2020-09-08,343.56999999999994,343.58,329.68,332.30000000000007,22745947.0,databento
2020-09-09,335.41999999999996,342.46,335.1499999999999,340.8999999999999,15378571.0,databento
2020-09-10,338.31,342.52,332.84999999999997,334.81,19919766.0,databento
2020-09-11,336.1600000000001,337.60999999999996,331.00999999999993,333.9100000000001,14554617.0,databento
2020-09-14,338.15,340.38000000000005,336.55000000000007,338.6499999999999,11256066.0,databento
2020-09-15,339.25,342.0199999999999,339.03,340.2900000000001,8147205.0,databento
2020-09-16,341.31999999999994,343.05999999999995,338.53,339.10999999999996,12865427.0,databento
2020-09-17,334.55000000000007,337.68999999999994,332.81000000000006,336.0,15624722.0,databento
2020-09-18,334.37,336.15,327.97,331.37999999999994,14274403.0,databento
2020-09-21,328.13,328.1499999999999,321.72,328.1,17090312.0,databento
2020-09-22,326.59,330.8999999999999,325.87,330.14,10344277.0,databento
2020-09-23,330.86000000000007,331.88999999999993,321.05000000000007,321.69,15753674.0,databento
2020-09-24,322.97,326.79,319.8,325.36999999999995,14915484.0,databento
2020-09-25,323.83,329.57499999999993,320.7,328.03,11182984.0,databento
2020-09-28,331.21999999999997,335.46999999999997,330.87,335.38000000000005,9948348.0,databento
2020-09-29,333.94999999999993,334.77,331.63,333.54999999999995,8297554.0,databento
2020-09-30,330.49,338.2799999999999,329.6000000000001,336.1,15846355.0,databento
2020-10-01,337.60999999999996,338.72999999999996,335.01000000000005,336.77,11683464.0,databento
2020-10-02,332.76,335.9200000000001,330.4700000000001,332.44000000000005,14827280.0,databento
2020-10-05,335.1499999999999,339.95,335.13,338.85,7855189.0,databento
2020-10-06,338.72999999999996,342.17,333.19000000000005,334.61000000000007,16691524.0,databento
2020-10-07,337.39000000000004,341.63,336.6499999999999,341.36000000000007,8424854.0,databento
2020-10-08,342.38,345.42,341.4800000000001,345.26,8223805.0,databento
2020-10-09,344.9599999999999,347.88,344.65,347.21,10033440.0,databento
2020-10-12,347.96,354.015,347.96,353.05999999999995,9812042.0,databento
2020-10-13,351.4200000000001,353.10999999999996,349.09999999999997,350.77,10520332.0,databento
2020-10-14,351.5899999999999,352.3,347.14,348.34999999999997,9621243.0,databento
2020-10-15,346.31000000000006,348.6,343.13999999999993,348.32000000000005,10750656.0,databento
2020-10-16,347.7099999999999,350.74499999999995,346.06,346.2099999999999,9968648.0,databento
2020-10-19,348.82,349.43,341.05,343.9,12752151.0,databento
2020-10-20,344.1000000000001,346.87999999999994,341.82,344.43,11123430.0,databento
2020-10-21,344.04999999999995,345.67,340.2799999999999,341.33,12014925.0,databento
2020-10-22,341.74999999999994,345.5,340.65,345.15,9988106.0,databento
2020-10-23,345.40999999999997,346.18,343.13000000000005,345.5,8438289.0,databento
2020-10-26,341.50999999999993,342.97999999999996,335.62999999999994,339.1700000000001,16051569.0,databento
2020-10-27,340.46,341.0299999999999,335.77,336.55000000000007,11055131.0,databento
2020-10-28,335.33,335.65,326.13,328.19000000000005,21192439.0,databento
2020-10-29,329.05999999999995,333.385,325.09,327.65,14852675.0,databento
2020-10-30,324.37000000000006,329.68,322.6,327.50000000000006,20211252.0,databento
2020-11-02,328.51,332.36,327.23999999999995,330.96,13808038.0,databento
2020-11-03,333.6499999999999,339.4200000000001,333.18,338.29,14195853.0,databento
2020-11-04,337.75,347.92999999999995,335.78,343.55000000000007,23511962.0,databento
2020-11-05,347.91,352.18499999999995,347.2799999999999,349.92999999999995,13869405.0,databento
2020-11-06,348.0400000000001,351.87000000000006,345.72,350.95,11621708.0,databento
2020-11-09,355.24,366.7699999999999,354.06999999999994,354.6000000000001,28125535.0,databento
2020-11-10,354.32,355.75999999999993,350.59,353.6600000000001,13381749.0,databento
2020-11-11,356.57,357.56000000000006,355.05999999999995,356.82000000000005,8006859.0,databento
2020-11-12,354.72,356.86000000000007,351.26000000000005,353.31000000000006,11017430.0,databento
2020-11-13,355.1600000000001,358.89,354.7099999999999,358.28,9526763.0,databento
2020-11-16,360.58,363.6600000000001,359.59,362.3500000000001,12258576.0,databento
2020-11-17,361.0499999999999,361.9200000000001,358.34,360.88999999999993,9032778.0,databento
2020-11-18,360.2999999999999,362.21,355.6499999999999,356.30000000000007,10689196.0,databento
2020-11-19,354.73,358.18,354.1499999999999,354.86000000000007,8569411.0,databento
2020-11-20,356.71,358.18999999999994,354.25000000000006,355.05,7360748.0,databento
2020-11-23,357.79,359.62000000000006,354.86000000000007,359.09,8143303.0,databento
2020-11-24,359.88,364.23,359.29,364.06000000000006,9317023.0,databento
2020-11-25,363.2399999999999,363.54,361.48,363.11,5422404.0,databento
2020-11-27,363.50000000000006,364.18,362.59,363.6600000000001,3714598.0,databento
2020-11-30,362.18,363.8500000000001,359.1700000000001,363.76,11043222.0,databento
2020-12-01,365.5,367.6700000000001,364.93,365.74,9921151.0,databento
2020-12-02,365.18,367.2699999999999,364.21,366.6000000000001,6698759.0,databento
2020-12-03,366.23,368.1799999999999,365.5,367.0,9417933.0,databento
2020-12-04,367.55,369.94,366.86999999999995,369.11000000000007,7536329.0,databento
2020-12-07,367.51,369.62000000000006,367.37,368.25,7378309.0,databento
2020-12-08,368.31999999999994,371.4,366.4100000000001,370.63,5462239.0,databento
2020-12-09,371.2799999999999,371.30999999999995,365.95,367.4,10931457.0,databento
2020-12-10,367.24999999999994,368.09,364.43,367.22,7774326.0,databento
2020-12-11,364.8,366.5799999999999,362.8500000000001,366.08,8603287.0,databento
2020-12-14,368.0799999999999,369.8,364.47,365.39,8937653.0,databento
2020-12-15,366.88,369.78,365.92,369.32,7137552.0,databento
2020-12-16,370.31999999999994,371.1499999999999,368.87000000000006,370.35,7131978.0,databento
2020-12-17,371.88,372.5,371.05,372.2699999999999,5787116.0,databento
2020-12-18,370.7999999999999,372.34,367.025,369.99999999999994,13370212.0,databento
2020-12-21,367.69,368.7999999999999,359.5799999999999,367.59,14413721.0,databento
2020-12-22,368.2099999999999,368.9599999999999,366.0400000000001,367.69,6285852.0,databento
2020-12-23,367.95,369.62000000000006,366.9200000000001,367.80999999999995,6746182.0,databento
2020-12-24,368.2099999999999,369.5,367.45,369.23,3651389.0,databento
2020-12-28,371.24,372.8299999999999,371.0,372.8299999999999,5397088.0,databento
2020-12-29,373.8999999999999,374.00999999999993,370.8299999999999,371.6000000000001,7074423.0,databento
2020-12-30,372.69999999999993,373.08,371.5499999999999,372.18999999999994,6467702.0,databento
2020-12-31,371.38,374.69,371.0,374.39,9185656.0,databento
2021-01-04,375.74000000000007,376.7200000000001,364.81000000000006,368.7,15319113.0,databento
2021-01-05,369.11999999999995,372.4899999999999,366.84,370.95,8497108.0,databento
2021-01-06,368.62,376.98,368.16,374.5,15955607.0,databento
2021-01-07,375.74999999999994,379.88999999999993,374.24999999999994,379.4800000000001,9551523.0,databento
2021-01-08,380.1700000000001,381.96,377.11,381.6,10141260.0,databento
2021-01-11,379.2699999999999,380.5799999999999,377.25,379.24999999999994,7697834.0,databento
2021-01-12,379.2900000000001,380.1700000000001,376.37499999999994,379.05000000000007,7060231.0,databento
2021-01-13,379.22,380.86,377.25,380.2,6682085.0,databento
2021-01-14,380.81,381.13,378.1,378.98,6798808.0,databento
2021-01-15,377.44,377.9,373.72,374.77,10546742.0,databento
2021-01-19,377.77,379.8500000000001,376.75,379.8500000000001,6569386.0,databento
2021-01-20,379.64,384.795,379.3500000000001,384.36,7750526.0,databento
2021-01-21,384.6499999999999,385.25999999999993,383.25000000000006,383.8999999999999,6108122.0,databento
2021-01-22,382.49,384.07,380.9700000000001,382.63999999999993,6763674.0,databento
2021-01-25,384.2,384.77,378.46,384.2,11180693.0,databento
2021-01-26,383.6700000000001,385.84,383.3500000000001,384.2,7171219.0,databento
2021-01-27,383.25000000000006,383.7,369.99999999999994,370.6000000000001,20324619.0,databento
2021-01-28,370.55999999999995,381.92,370.31999999999994,376.24999999999994,13430479.0,databento
2021-01-29,374.03,377.0400000000001,368.28,369.6,23759402.0,databento
2021-02-01,373.27,377.34,371.42,376.5499999999999,11105424.0,databento
2021-02-02,378.86000000000007,383.21,378.83,382.4700000000001,9869230.0,databento
2021-02-03,382.93999999999994,383.69,380.49,382.87999999999994,7817755.0,databento
2021-02-04,382.78,386.54,381.83,386.13999999999993,6656399.0,databento
2021-02-05,386.96,388.47,386.4899999999999,388.05,6586330.0,databento
2021-02-08,388.6,390.9100000000001,388.30999999999995,390.6000000000001,5830394.0,databento
2021-02-09,390.28,390.89,389.17,390.61,5449043.0,databento
2021-02-10,391.71,392.48,387.50000000000006,390.21,8843553.0,databento
2021-02-11,391.02,391.69,388.11999999999995,390.7,6907788.0,databento
2021-02-12,389.3999999999999,393.19999999999993,389.3999999999999,393.1000000000001,6842003.0,databento
2021-02-16,394.74999999999994,395.05,391.54,391.8500000000001,8212857.0,databento
2021-02-17,392.65,392.68999999999994,389.33,392.6000000000001,8298570.0,databento
2021-02-18,392.07,392.0799999999999,387.74000000000007,390.21,8883617.0,databento
2021-02-19,390.84,392.76,389.36,389.71,10084320.0,databento
2021-02-22,386.47,389.61999999999995,386.2900000000001,387.4200000000001,10802704.0,databento
2021-02-23,387.22,388.94,380.2,387.28,18716978.0,databento
2021-02-24,387.46,393.05999999999995,385.28,393.05999999999995,12005073.0,databento
2021-02-25,391.80999999999995,392.12000000000006,380.78,381.83,28643614.0,databento
2021-02-26,383.94999999999993,385.5799999999999,378.23,380.1,31389947.0,databento
2021-03-01,384.95,390.9200000000001,384.12,390.0499999999999,19569923.0,databento
2021-03-02,386.99999999999994,390.06999999999994,386.24999999999994,387.50999999999993,15596847.0,databento
2021-03-03,388.7399999999999,389.50999999999993,379.5,379.5,24101385.0,databento
2021-03-04,380.7900000000001,384.00000000000006,371.88,375.81,34385643.0,databento
2021-03-05,374.99999999999994,384.76,372.64,383.78,28062154.0,databento
2021-03-08,381.27,387.68,379.5,383.6,26933144.0,databento
2021-03-09,385.2099999999999,389.91,384.88,387.3999999999999,19347902.0,databento
2021-03-10,387.54,391.4,386.4,389.8500000000001,21423870.0,databento
2021-03-11,392.25999999999993,395.65,391.58,393.96,13920459.0,databento
2021-03-12,391.12,394.54,390.9100000000001,394.1000000000001,9564479.0,databento
2021-03-15,393.88,396.71,392.0400000000001,395.94999999999993,13269203.0,databento
2021-03-16,396.58,397.83,395.08,396.22,13826601.0,databento
2021-03-17,395.9100000000001,398.11999999999995,393.30999999999995,398.02,15239771.0,databento
2021-03-18,395.99,396.72,390.75,391.9800000000001,17723606.0,databento
2021-03-19,391.2900000000001,391.79,387.15,389.1000000000001,15936084.0,databento
2021-03-22,388.6799999999999,394.06,388.42,393.22,10663283.0,databento
2021-03-23,391.77,393.45,388.66,389.4299999999999,14324386.0,databento
2021-03-24,389.4599999999999,392.75,387.34,388.1499999999999,17777033.0,databento
2021-03-25,387.94,390.65,383.8999999999999,390.33,20526038.0,databento
2021-03-26,391.00000000000006,396.41,390.0400000000001,395.62,18420193.0,databento
2021-03-29,393.7099999999999,396.74999999999994,392.81999999999994,396.2,15445992.0,databento
2021-03-30,395.6700000000001,395.75999999999993,393.02,394.63999999999993,13062915.0,databento
2021-03-31,394.22,397.99499999999995,393.96,396.61999999999995,15855179.0,databento
2021-04-01,397.6000000000001,401.2300000000001,397.24,401.2,11334858.0,databento
2021-04-05,402.12999999999994,406.9599999999999,402.08,406.72,13169656.0,databento
2021-04-06,405.37,407.23,405.0,406.74999999999994,9896428.0,databento
2021-04-07,406.44999999999993,407.8399999999999,405.30000000000007,407.6,9430219.0,databento
2021-04-08,407.92,409.49999999999994,406.935,409.49999999999994,8438056.0,databento
2021-04-09,409.12999999999994,411.66,407.7200000000001,410.6799999999999,10094939.0,databento
2021-04-12,410.4800000000001,412.0,410.19999999999993,411.67,9543318.0,databento
2021-04-13,411.76,413.53,409.68000000000006,412.6499999999999,9537377.0,databento
2021-04-14,413.07,413.95,410.87,411.81,10746061.0,databento
2021-04-15,413.2399999999999,416.155,413.05000000000007,415.82,11339741.0,databento
2021-04-16,415.4599999999999,417.9100000000001,415.2900000000001,416.7999999999999,10976697.0,databento
2021-04-19,416.87000000000006,417.05000000000007,413.7900000000001,415.7200000000001,12377451.0,databento
2021-04-20,415.6799999999999,415.6799999999999,410.6,411.9299999999999,10717723.0,databento
2021-04-21,412.47,416.27,411.09,414.96,11575076.0,databento
2021-04-22,415.6,416.775,411.14,412.5499999999999,15785889.0,databento
2021-04-23,413.48,418.2399999999999,412.5499999999999,416.2399999999999,11769513.0,databento
2021-04-26,416.7999999999999,418.215,416.14,417.94999999999993,7345042.0,databento
2021-04-27,418.09,418.2699999999999,416.33,417.64,6850271.0,databento
2021-04-28,417.5,419.00999999999993,416.8999999999999,418.44,8655484.0,databento
2021-04-29,420.01,420.72,416.44,419.30999999999995,13972800.0,databento
2021-04-30,418.81,418.9800000000001,416.35,417.22,13768680.0,databento
2021-05-03,419.11000000000007,419.8399999999999,417.5,417.56,9747622.0,databento
2021-05-04,417.19999999999993,417.99000000000007,411.67,415.6,15728692.0,databento
2021-05-05,416.76,417.62999999999994,414.9299999999999,415.69,11403537.0,databento
2021-05-06,416.29,419.38,413.68,419.11999999999995,13757523.0,databento
2021-05-07,419.13,422.815,419.1,422.4,11545326.0,databento
2021-05-10,422.26,422.9,416.87000000000006,417.96,13774974.0,databento
2021-05-11,415.1600000000001,415.58,410.08,414.24,20000038.0,databento
2021-05-12,414.01,414.0199999999999,404.7699999999999,406.12,22322009.0,databento
2021-05-13,403.95,412.34,402.84,411.03,20566112.0,databento
2021-05-14,412.2900000000001,417.4899999999999,412.02,417.38999999999993,13193644.0,databento
2021-05-17,415.39,416.38,413.36,416.2200000000001,11541274.0,databento
2021-05-18,417.02,417.08,410.6,410.6,10175096.0,databento
2021-05-19,409.29,411.1,405.3299999999999,409.81999999999994,16476940.0,databento
2021-05-20,410.5199999999999,416.62499999999994,408.26,415.82,12653320.0,databento
2021-05-21,415.8500000000001,418.2,414.44999999999993,415.4200000000001,10384095.0,databento
2021-05-24,416.81999999999994,420.31499999999994,416.29,419.81999999999994,8644959.0,databento
2021-05-25,420.39,420.69999999999993,417.62000000000006,419.1,8047293.0,databento
2021-05-26,419.46,420.05999999999995,417.75999999999993,419.0,6958528.0,databento
2021-05-27,418.12999999999994,421.25,417.69,421.19,8108555.0,databento
2021-05-28,420.92,421.38,419.79,419.97,7543370.0,databento
2021-06-01,421.5799999999999,422.7200000000001,418.84,419.2799999999999,7738837.0,databento
2021-06-02,419.56,421.2200000000001,419.0899999999999,420.63,6588967.0,databento
2021-06-03,419.7,419.99,416.28,418.36999999999995,8770063.0,databento
2021-06-04,418.87,422.92,418.12,422.61999999999995,7549807.0,databento
2021-06-07,421.78,422.99000000000007,421.19,422.2999999999999,7213566.0,databento
2021-06-08,422.19000000000005,423.36000000000007,420.31999999999994,422.37999999999994,7086169.0,databento
2021-06-09,422.3500000000001,423.25999999999993,421.4100000000001,421.84,6106798.0,databento
2021-06-10,421.68000000000006,424.62000000000006,420.50999999999993,423.46,8144702.0,databento
2021-06-11,423.55999999999995,424.51,422.82,424.43000000000006,6540409.0,databento
2021-06-14,424.79,425.45,423.11,425.07,6239413.0,databento
2021-06-15,425.9899999999999,425.9899999999999,423.545,424.4,6347589.0,databento
2021-06-16,424.22,424.8399999999999,419.94,420.36,11402826.0,databento
2021-06-17,420.8299999999999,422.99999999999994,419.32,422.31,11154814.0,databento
2021-06-18,420.4800000000001,420.8299999999999,413.57,413.61000000000007,13355949.0,databento
2021-06-21,416.06999999999994,421.61,415.6499999999999,421.2,9804504.0,databento
2021-06-22,420.61999999999995,423.9899999999999,420.0799999999999,423.25999999999993,7581946.0,databento
2021-06-23,423.31999999999994,424.05,422.51,423.11,6547827.0,databento
2021-06-24,423.84,425.7999999999999,423.84,425.49,6150312.0,databento
2021-06-25,425.33,427.0899999999999,425.0400000000001,426.7099999999999,8300241.0,databento
2021-06-28,426.86999999999995,427.6499999999999,425.89,427.2,6409163.0,databento
2021-06-29,427.52,428.55999999999995,427.05000000000007,428.25,5153680.0,databento
2021-06-30,428.06,428.9200000000001,426.36999999999995,428.87000000000006,7992476.0,databento
2021-07-01,429.77,430.6000000000001,428.1499999999999,430.38,7377891.0,databento
2021-07-02,430.9599999999999,434.1000000000001,430.38,433.38,7913236.0,databento
2021-07-06,433.24,434.00000000000006,429.99999999999994,432.2,10326351.0,databento
2021-07-07,433.49999999999994,434.75000000000006,431.51,434.4800000000001,9142250.0,databento
2021-07-08,431.05,431.7300000000001,427.4899999999999,430.26,15475752.0,databento
2021-07-09,431.4,435.81,431.4,435.61,10835696.0,databento
2021-07-12,433.85,437.35,433.83,437.16,7434297.0,databento
2021-07-13,436.62000000000006,437.84,434.93999999999994,435.0199999999999,7645715.0,databento
2021-07-14,435.1799999999999,437.91,434.7799999999999,436.23,8665768.0,databento
2021-07-15,435.49999999999994,436.42,432.72,433.75,9042988.0,databento
2021-07-16,434.83,436.32,430.9200000000001,431.2799999999999,11568507.0,databento
2021-07-19,429.43999999999994,429.94000000000005,421.98,425.74000000000007,22328457.0,databento
2021-07-20,426.66,432.41,424.83,432.02,15475371.0,databento
2021-07-21,432.61000000000007,435.16,431.1,434.97,9815059.0,databento
2021-07-22,435.03,436.69,433.7,436.4800000000001,6128180.0,databento
2021-07-23,437.16,440.29,436.79,439.2300000000001,8631170.0,databento
2021-07-26,437.61000000000007,441.1600000000001,437.1000000000001,440.68999999999994,6099219.0,databento
2021-07-27,439.18000000000006,440.7,435.9899999999999,438.75,10462482.0,databento
2021-07-28,439.00999999999993,440.3,437.31,438.94,8485790.0,databento
2021-07-29,439.24999999999994,441.80000000000007,438.1499999999999,438.19999999999993,7251825.0,databento
2021-07-30,436.99000000000007,440.0499999999999,436.86000000000007,438.83,10268828.0,databento
2021-08-02,440.76,441.2900000000001,437.2999999999999,438.19,9298835.0,databento
2021-08-03,439.04,441.27,436.11000000000007,440.42,8963076.0,databento
2021-08-04,440.55999999999995,440.98,438.7399999999999,439.2999999999999,7216882.0,databento
2021-08-05,439.76,441.8500000000001,439.6,441.30999999999995,5653584.0,databento
2021-08-06,441.4800000000001,442.93999999999994,441.3500000000001,442.35,6999980.0,databento
2021-08-09,441.69,442.795,441.30999999999995,442.09,5210780.0,databento
2021-08-10,442.15,443.43499999999995,441.885,442.46,6485193.0,databento
2021-08-11,441.99000000000007,443.94999999999993,441.9100000000001,443.5700000000001,6481736.0,databento
2021-08-12,443.6,445.25999999999993,442.66,444.87999999999994,5949160.0,databento
2021-08-13,445.36999999999995,445.94,445.06999999999994,445.4,5096299.0,databento
2021-08-16,445.1700000000001,447.2399999999999,442.87000000000006,446.75000000000006,9497801.0,databento
2021-08-17,445.06,445.49999999999994,440.85,443.0,12399884.0,databento
2021-08-18,443.49000000000007,444.61000000000007,437.50000000000006,438.8,12452365.0,databento
2021-08-19,436.30999999999995,441.13999999999993,434.5,439.1000000000001,13406691.0,databento
2021-08-20,437.55000000000007,443.7099999999999,437.15,443.51,9860522.0,databento
2021-08-23,444.48,448.22,444.2999999999999,448.00999999999993,7800435.0,databento
2021-08-24,448.22,448.53,447.36999999999995,447.7999999999999,5209658.0,databento
2021-08-25,447.9800000000001,449.44999999999993,447.49999999999994,448.88,5669596.0,databento
2021-08-26,448.58,448.93,446.1600000000001,446.32,9138427.0,databento
2021-08-27,447.7900000000001,450.6449999999999,447.06,450.43999999999994,10110386.0,databento
2021-08-30,450.53,453.07,450.38999999999993,452.38,6634225.0,databento
2021-08-31,453.32,453.4200000000001,450.9200000000001,452.44000000000005,7517376.0,databento
2021-09-01,453.5199999999999,453.54,451.5450000000001,451.96,7432660.0,databento
2021-09-02,452.48,454.0499999999999,451.92,453.13999999999993,6223767.0,databento
2021-09-03,453.93,454.50000000000006,451.3200000000001,452.7699999999999,6802005.0,databento
2021-09-07,453.5,453.5,450.75,451.0799999999999,6806393.0,databento
2021-09-08,450.0,451.76,448.86999999999995,450.47,8942000.0,databento
2021-09-09,449.5899999999999,452.57,448.38000000000005,448.75999999999993,9532773.0,databento
2021-09-10,450.5400000000001,451.4800000000001,445.25000000000006,445.25999999999993,13680319.0,databento
2021-09-13,447.3,448.92,444.11,447.2200000000001,11928455.0,databento
2021-09-14,446.74,448.56,443.23,444.69000000000005,10301749.0,databento
2021-09-15,444.68,448.4,443.45,448.17,10236791.0,databento
2021-09-16,447.72,448.3500000000001,444.02,446.4899999999999,10739483.0,databento
2021-09-17,445.87999999999994,445.9299999999999,440.0799999999999,441.02,14828368.0,databento
2021-09-20,439.0299999999999,439.0299999999999,428.86,435.0199999999999,26618189.0,databento
2021-09-21,438.42,438.9299999999999,432.4599999999999,432.56999999999994,12423596.0,databento
2021-09-22,434.95,440.03,434.95,438.6700000000001,14788969.0,databento
2021-09-23,440.7699999999999,444.87999999999994,438.99,443.5199999999999,10827488.0,databento
2021-09-24,441.62999999999994,444.665,440.52,444.21,7805351.0,databento
2021-09-27,445.06999999999994,445.49999999999994,441.9,442.4700000000001,7482088.0,databento
2021-09-28,440.2399999999999,440.44,432.95,434.86,17999828.0,databento
2021-09-29,436.88,437.12,433.85,435.55999999999995,12077096.0,databento
2021-09-30,437.74000000000007,438.0,428.94,429.94999999999993,19290760.0,databento
2021-10-01,427.32,436.03,426.1,434.88,17738127.0,databento
2021-10-04,432.18000000000006,433.94999999999993,426.36,428.7699999999999,17813133.0,databento
2021-10-05,428.7900000000001,435.49,428.62,432.45,13018860.0,databento
2021-10-06,428.81,436.64,426.94999999999993,436.06000000000006,16414777.0,databento
2021-10-07,437.52,441.6799999999999,436.93,439.53,10432986.0,databento
2021-10-08,438.66,440.30999999999995,437.18999999999994,437.37000000000006,10638942.0,databento
2021-10-11,436.32,440.25999999999993,433.81999999999994,434.41,8974984.0,databento
2021-10-12,433.14,436.19999999999993,431.99999999999994,432.4200000000001,9959753.0,databento
2021-10-13,433.67,436.05,431.5400000000001,435.7300000000001,9784116.0,databento
2021-10-14,437.57,443.77,437.57,443.19999999999993,9925537.0,databento
2021-10-15,443.6,446.26,443.4,445.86999999999995,8351909.0,databento
2021-10-18,444.39,447.55000000000007,443.24999999999994,447.28,8022263.0,databento
2021-10-19,448.1,451.22,448.06999999999994,451.07,6807867.0,databento
2021-10-20,450.33,452.7300000000001,450.19999999999993,451.63,7136684.0,databento
2021-10-21,451.37999999999994,453.82499999999993,450.89,452.59,5966427.0,databento
2021-10-22,453.15,454.67,451.05999999999995,452.30000000000007,8649386.0,databento
2021-10-25,453.51,456.17,452.38999999999993,456.17,6001132.0,databento
2021-10-26,457.06,458.4899999999999,455.0,456.55000000000007,7927710.0,databento
2021-10-27,456.7900000000001,457.14,453.86,454.87999999999994,7758482.0,databento
2021-10-28,454.81,458.4800000000001,454.33,456.9899999999999,6615193.0,databento
2021-10-29,456.31,459.7699999999999,455.46,459.67,8304119.0,databento
2021-11-01,460.0899999999999,461.4299999999999,458.21,459.86,6677439.0,databento
2021-11-02,459.89,462.2200000000001,459.36000000000007,461.4200000000001,6473231.0,databento
2021-11-03,461.3999999999999,465.5,460.83,465.45,7409529.0,databento
2021-11-04,465.1000000000001,467.27,464.99,467.17,7134397.0,databento
2021-11-05,466.65,470.6499999999999,466.6000000000001,467.80000000000007,8891432.0,databento
2021-11-08,468.50999999999993,470.22,468.21,468.3999999999999,6086704.0,databento
2021-11-09,468.9599999999999,469.56,465.88,466.76,6909335.0,databento
2021-11-10,466.8299999999999,467.37499999999994,462.04,463.69,10008106.0,databento
2021-11-11,464.63999999999993,465.66,463.74999999999994,464.6000000000001,5677256.0,databento
2021-11-12,464.5499999999999,468.0299999999999,463.99999999999994,467.49999999999994,7628803.0,databento
2021-11-15,468.09,469.2200000000001,466.2300000000001,467.46,6526233.0,databento
2021-11-16,466.87000000000006,470.4800000000001,466.61,469.46,6642514.0,databento
2021-11-17,469.44000000000005,469.48,467.4800000000001,468.2900000000001,6412689.0,databento
2021-11-18,469.38,470.34,466.3399999999999,470.00999999999993,6851060.0,databento
2021-11-19,471.12999999999994,471.3,467.99999999999994,469.19999999999993,6836877.0,databento
2021-11-22,470.37999999999994,473.54,466.95,468.0799999999999,11494554.0,databento
2021-11-23,466.18999999999994,469.09,464.44999999999993,467.79,9987600.0,databento
2021-11-24,467.94999999999993,469.81999999999994,465.19000000000005,469.7300000000001,8498340.0,databento
2021-11-26,462.0100000000001,463.9,456.7999999999999,457.03,15437753.0,databento
2021-11-29,462.08,466.55000000000007,461.5899999999999,465.8500000000001,11813044.0,databento
2021-11-30,459.9200000000001,464.03,455.30000000000007,457.99,20652994.0,databento
2021-12-01,460.36,464.66,449.50000000000006,452.35,19329575.0,databento
2021-12-02,453.2799999999999,459.0700000000001,450.25000000000006,455.86999999999995,17186725.0,databento
2021-12-03,456.86,460.30000000000007,448.92,454.2,19166893.0,databento
2021-12-06,455.59,460.78,452.8999999999999,458.72,13013695.0,databento
2021-12-07,462.30000000000007,469.33,462.30000000000007,468.53,13079964.0,databento
2021-12-08,469.5199999999999,470.99999999999994,466.8349999999999,469.2799999999999,7784460.0,databento
2021-12-09,468.68,469.11000000000007,465.91,467.0899999999999,8063240.0,databento
2021-12-10,467.64,470.88999999999993,466.52,470.4,9835789.0,databento
2021-12-13,471.81999999999994,472.54,466.1,466.9899999999999,10439947.0,databento
2021-12-14,467.62000000000006,467.92,460.24999999999994,463.24000000000007,11301142.0,databento
2021-12-15,463.8500000000001,471.7,460.75000000000006,471.2,15163452.0,databento
2021-12-16,473.17,474.86000000000007,464.7999999999999,466.31000000000006,15263164.0,databento
2021-12-17,464.55999999999995,464.7300000000001,458.05999999999995,461.55000000000007,14716456.0,databento
2021-12-20,453.6,457.12000000000006,451.13999999999993,456.9,13888057.0,databento
2021-12-21,457.78,463.44,456.31,462.83,10367437.0,databento
2021-12-22,461.9800000000001,468.33,461.63999999999993,468.15,7183815.0,databento
2021-12-23,468.4200000000001,472.19000000000005,468.2399999999999,470.63,7014134.0,databento
2021-12-27,471.0199999999999,477.39,470.8299999999999,476.7999999999999,6690342.0,databento
2021-12-28,477.81,478.81,476.06,477.49999999999994,5466246.0,databento
2021-12-29,477.9,478.55999999999995,475.93000000000006,477.12,5936908.0,databento
2021-12-30,477.86,478.995,475.6799999999999,476.2399999999999,6173823.0,databento
2021-12-31,475.88000000000005,476.86,474.66,475.15,8196229.0,databento
2022-01-03,476.68000000000006,478.13999999999993,473.85,477.3999999999999,9363274.0,databento
2022-01-04,478.41,479.98,475.5899999999999,477.04,8403406.0,databento
2022-01-05,477.0199999999999,477.98,467.49999999999994,469.0,13204564.0,databento
2022-01-06,468.4599999999999,470.80000000000007,465.43999999999994,469.16,11559980.0,databento
2022-01-07,467.46,469.29,464.66,466.01,9708644.0,databento
2022-01-10,465.86,466.81,456.6,465.80000000000007,17109240.0,databento
2022-01-11,466.14,469.96,462.0499999999999,469.59,10883461.0,databento
2022-01-12,468.95,473.2,468.91,470.86,9407296.0,databento
2022-01-13,470.6499999999999,472.88,463.4700000000001,464.68000000000006,11480105.0,databento
2022-01-14,464.75,465.88999999999993,459.91,465.3299999999999,14037903.0,databento
2022-01-18,460.4899999999999,460.75000000000006,455.30999999999995,456.16,15105288.0,databento
2022-01-19,455.88,459.61,450.88,450.94,12464300.0,databento
2022-01-20,453.15,458.74499999999995,443.19,445.49999999999994,18434858.0,databento
2022-01-21,445.9700000000001,448.04,436.51,436.78,29426756.0,databento
2022-01-24,439.80000000000007,440.55000000000007,420.76,439.6499999999999,43903491.0,databento
2022-01-25,433.78,439.73,427.15,435.01,28713239.0,databento
2022-01-26,437.44999999999993,444.0400000000001,428.86,435.74999999999994,39213669.0,databento
2022-01-27,432.36,441.59,429.45,433.08,28008595.0,databento
2022-01-28,432.21,442.74000000000007,426.1799999999999,442.15,29953813.0,databento
2022-01-31,442.68999999999994,450.2799999999999,439.18999999999994,448.77,21051319.0,databento
2022-02-01,450.09,454.97,446.93999999999994,454.6000000000001,16654311.0,databento
2022-02-02,455.05,458.11999999999995,452.5299999999999,452.7,16296990.0,databento
2022-02-03,453.45,453.56000000000006,445.7099999999999,451.3999999999999,18054995.0,databento
2022-02-04,450.21,452.78,443.49000000000007,448.3500000000001,18300692.0,databento
2022-02-07,448.03,450.99,445.85,448.19,14566501.0,databento
2022-02-08,448.13999999999993,452.1,445.2200000000001,452.01,11710857.0,databento
2022-02-09,453.62999999999994,458.02,453.5,457.36999999999995,13916509.0,databento
2022-02-10,456.18000000000006,457.87999999999994,447.2,448.02,23817342.0,databento
2022-02-11,446.82,451.6,438.94999999999993,440.7999999999999,27356900.0,databento
2022-02-14,436.61,441.69,435.2,439.80999999999995,23596886.0,databento
2022-02-15,443.8999999999999,446.3299999999999,443.1799999999999,444.8500000000001,14447337.0,databento
2022-02-16,447.1,448.05,441.93999999999994,445.7,13375585.0,databento
2022-02-17,444.31999999999994,446.05000000000007,436.37,437.4599999999999,16403560.0,databento
2022-02-18,439.4700000000001,439.6600000000001,431.81999999999994,432.4599999999999,21228529.0,databento
2022-02-22,429.18,435.49999999999994,425.86,432.02,22415223.0,databento
2022-02-23,433.29,434.1600000000001,420.6,421.6000000000001,22285694.0,databento
2022-02-24,415.99999999999994,428.76,410.1000000000001,426.06999999999994,40439612.0,databento
2022-02-25,423.44,438.4,422.82,438.0199999999999,21270083.0,databento
2022-02-28,429.7799999999999,438.19999999999993,429.64,437.50000000000006,24473559.0,databento
2022-03-01,436.7399999999999,437.17,427.16,431.43000000000006,23158296.0,databento
2022-03-02,428.9599999999999,439.5899999999999,428.91,437.2,19596864.0,databento
2022-03-03,437.57,441.5199999999999,433.85,436.99000000000007,16462027.0,databento
2022-03-04,432.8299999999999,434.24000000000007,427.88,429.99999999999994,20005512.0,databento
2022-03-07,425.7900000000001,432.2300000000001,417.88999999999993,418.50000000000006,22629994.0,databento
2022-03-08,420.63,427.2,414.59,416.7,29931982.0,databento
2022-03-09,421.72,429.51,421.38,427.12,20628234.0,databento
2022-03-10,424.5400000000001,426.7,420.45,426.3399999999999,13938162.0,databento
2022-03-11,425.28,433.2099999999999,419.53,420.1000000000001,15162704.0,databento
2022-03-14,422.69999999999993,424.99999999999994,415.80000000000007,417.88,16424290.0,databento
2022-03-15,415.69999999999993,426.8399999999999,413.61999999999995,425.31999999999994,16957609.0,databento
2022-03-16,429.07,437.2300000000001,424.79,436.24999999999994,26679244.0,databento
2022-03-17,435.9899999999999,441.15,432.72,438.65,16111068.0,databento
2022-03-18,438.04,445.6700000000001,435.71,445.46,15221257.0,databento
2022-03-21,443.19,446.4599999999999,440.68000000000006,443.6700000000001,15070197.0,databento
2022-03-22,444.6499999999999,450.57,444.55000000000007,450.11000000000007,11091517.0,databento
2022-03-23,449.6600000000001,449.71,443.30000000000007,444.2999999999999,11751568.0,databento
2022-03-24,445.52,450.78,444.74999999999994,450.14,9843522.0,databento
2022-03-25,450.97,453.00999999999993,448.43999999999994,452.8999999999999,11042903.0,databento
2022-03-28,451.76,456.18999999999994,450.06000000000006,455.81000000000006,10837833.0,databento
2022-03-29,456.8299999999999,462.06999999999994,456.8299999999999,461.11,13863616.0,databento
2022-03-30,460.42,461.18999999999994,456.4700000000001,458.88999999999993,11386347.0,databento
2022-03-31,459.6000000000001,459.6000000000001,451.50999999999993,453.21,16455267.0,databento
2022-04-01,453.6799999999999,454.55999999999995,449.13999999999993,453.2799999999999,12750417.0,databento
2022-04-04,452.49000000000007,456.93000000000006,452.19,456.3999999999999,8506113.0,databento
2022-04-05,457.30000000000007,457.83,449.8299999999999,451.28,11133218.0,databento
2022-04-06,449.2,449.63,443.47,445.19,18266671.0,databento
2022-04-07,446.34,450.6799999999999,443.535,449.25,15202290.0,databento
2022-04-08,450.46,450.98,445.94999999999993,447.2399999999999,12869188.0,databento
2022-04-11,446.4200000000001,446.6,439.3949999999999,439.6600000000001,14215314.0,databento
2022-04-12,438.21,445.7399999999999,436.66,439.64,14365902.0,databento
2022-04-13,440.84,444.09,437.50999999999993,443.05,11756768.0,databento
2022-04-14,443.46,444.73,437.6000000000001,437.74000000000007,13387276.0,databento
2022-04-18,435.87000000000006,440.1799999999999,435.33,440.12999999999994,10938704.0,databento
2022-04-19,439.0799999999999,445.7999999999999,436.3500000000001,443.42,12978853.0,databento
2022-04-20,443.30000000000007,447.55999999999995,442.7300000000001,446.22,11548127.0,databento
2022-04-21,447.85,450.01,436.8399999999999,436.93,15410572.0,databento
2022-04-22,437.91,438.27,423.95,424.23,22548910.0,databento
2022-04-25,422.36,428.9200000000001,418.84,428.3399999999999,21876799.0,databento
2022-04-26,426.5199999999999,428.0499999999999,412.99999999999994,416.66,18598503.0,databento
2022-04-27,420.22,422.92,415.02,420.5899999999999,18062473.0,databento
2022-04-28,423.16,429.62999999999994,417.61,423.91,16509606.0,databento
2022-04-29,426.06999999999994,426.4100000000001,411.2099999999999,413.3999999999999,23267216.0,databento
2022-05-02,412.7,415.92,405.02,414.01,26309330.0,databento
2022-05-03,415.73,418.93999999999994,412.42,416.94,16506685.0,databento
2022-05-04,417.2799999999999,429.6499999999999,413.71,428.1,28151309.0,databento
2022-05-05,427.00999999999993,427.24000000000007,409.44000000000005,414.25000000000006,31250807.0,databento
2022-05-06,412.45,414.8,405.73,410.99999999999994,27525213.0,databento
2022-05-09,406.63999999999993,406.76,396.5,399.44,28714267.0,databento
2022-05-10,401.12,406.0799999999999,394.8299999999999,398.22,23694601.0,databento
2022-05-11,400.56999999999994,404.5400000000001,391.96,393.86000000000007,28570826.0,databento
2022-05-12,392.25999999999993,395.8,385.155,393.9,25927757.0,databento
2022-05-13,396.18,403.17,395.61,401.45,17859534.0,databento
2022-05-16,399.4299999999999,403.96,397.6000000000001,400.46,11199111.0,databento
2022-05-17,403.52,409.1,402.59,408.24999999999994,12481909.0,databento
2022-05-18,406.6000000000001,407.69,389.5,389.5,17188222.0,databento
2022-05-19,388.96,394.14,385.4100000000001,390.57,15846124.0,databento
2022-05-20,389.5,394.65,380.55000000000007,390.62,19918558.0,databento
2022-05-23,393.97,397.8999999999999,390.4,394.50999999999993,14671655.0,databento
2022-05-24,391.92,396.05000000000007,386.96,395.6,15541892.0,databento
2022-05-25,394.54,399.44999999999993,391.2,396.73,14554506.0,databento
2022-05-26,398.88999999999993,407.03,396.64,405.41,12509888.0,databento
2022-05-27,404.8999999999999,416.68000000000006,404.8999999999999,416.6000000000001,12595082.0,databento
2022-05-31,413.81,416.46,410.03,414.49000000000007,14099096.0,databento
2022-06-01,413.86,416.2399999999999,406.93999999999994,408.4700000000001,14346131.0,databento
2022-06-02,410.6,418.6000000000001,407.04,417.99999999999994,11405793.0,databento
2022-06-03,416.2300000000001,416.61,409.52,410.2999999999999,10444288.0,databento
2022-06-06,414.49999999999994,416.59,410.56,411.9,8491459.0,databento
2022-06-07,410.32,416.2200000000001,407.42,414.5499999999999,7678145.0,databento
2022-06-08,414.0199999999999,415.82,410.37999999999994,411.68999999999994,7559804.0,databento
2022-06-09,411.27,414.1700000000001,401.28,401.9800000000001,9884438.0,databento
2022-06-10,400.9100000000001,402.3500000000001,389.53,390.25,16317150.0,databento
2022-06-13,381.99999999999994,382.26,373.31000000000006,375.82,22005091.0,databento
2022-06-14,379.31,379.5,370.5899999999999,375.72,12951345.0,databento
2022-06-15,375.7999999999999,383.88,372.12,381.66,19637173.0,databento
2022-06-16,372.24999999999994,373.0499999999999,364.08,368.44,17935363.0,databento
2022-06-17,367.96,369.5,362.1600000000001,366.33,13406676.0,databento
2022-06-21,372.64,376.5199999999999,370.74999999999994,374.6700000000001,9432264.0,databento
2022-06-22,368.19,378.7099999999999,367.6799999999999,372.6499999999999,10592332.0,databento
2022-06-23,372.4899999999999,378.83,372.39,376.8399999999999,9588665.0,databento
2022-06-24,380.7399999999999,390.09,380.11,389.63,12958669.0,databento
2022-06-27,392.5799999999999,392.94,387.44,389.01,8158707.0,databento
2022-06-28,389.89,393.1600000000001,380.4100000000001,381.19999999999993,10461710.0,databento
2022-06-29,380.68999999999994,382.26,378.42,380.06,9005683.0,databento
2022-06-30,377.48,380.63,372.56000000000006,377.2999999999999,14834089.0,databento
2022-07-01,374.6499999999999,381.7,373.7999999999999,381.13999999999993,10981756.0,databento
2022-07-05,381.5499999999999,382.58,372.91,380.89,11442112.0,databento
2022-07-06,382.2900000000001,385.87000000000006,379.6,383.65,10268710.0,databento
2022-07-07,384.6,389.8299999999999,383.45,388.18,7895564.0,databento
2022-07-08,387.85,390.635,385.36000000000007,388.79,8565078.0,databento
2022-07-11,385.7999999999999,387.0499999999999,383.49999999999994,384.84,8177595.0,databento
2022-07-12,381.75,386.1600000000001,378.99,380.68999999999994,8899909.0,databento
2022-07-13,380.7999999999999,385.6000000000001,373.81,376.51,11930273.0,databento
2022-07-14,376.1,379.4899999999999,371.05,379.4899999999999,11082648.0,databento
2022-07-15,378.11,385.36999999999995,377.58,385.19,9516234.0,databento
2022-07-18,388.27,389.37999999999994,380.66,382.93000000000006,7651248.0,databento
2022-07-19,382.49,393.4,382.49,393.02,9667633.0,databento
2022-07-20,392.59,396.24999999999994,390.8999999999999,394.2099999999999,9437344.0,databento
2022-07-21,394.15,399.03,391.64,396.97,8900857.0,databento
2022-07-22,397.1,400.18,392.76,394.16,8401069.0,databento
2022-07-25,394.63,397.49999999999994,393.0,394.2,7054753.0,databento
2022-07-26,394.86,395.23,389.95,393.99999999999994,7239999.0,databento
2022-07-27,394.6000000000001,402.88,393.94000000000005,400.43000000000006,11014950.0,databento
2022-07-28,400.23,409.68999999999994,398.15,408.21,9393323.0,databento
2022-07-29,408.80000000000007,413.02,406.7699999999999,411.50000000000006,9490312.0,databento
2022-08-01,411.18999999999994,413.3999999999999,408.4200000000001,410.18,9000428.0,databento
2022-08-02,408.63,412.99999999999994,406.8299999999999,408.17,9010134.0,databento
2022-08-03,408.55,415.69,408.13,413.7799999999999,8792131.0,databento
2022-08-04,414.36999999999995,416.0799999999999,412.45,414.30999999999995,5431244.0,databento
2022-08-05,414.68999999999994,414.98,409.25999999999993,412.8,8202231.0,databento
2022-08-08,414.7699999999999,417.62000000000006,411.8299999999999,414.11999999999995,6779356.0,databento
2022-08-09,413.61999999999995,413.9,410.22,411.68999999999994,6082000.0,databento
2022-08-10,411.50000000000006,420.18000000000006,411.50000000000006,420.12,9033438.0,databento
2022-08-11,420.93000000000006,424.94000000000005,419.21,420.33,7481896.0,databento
2022-08-12,422.31,427.21,420.9899999999999,427.18999999999994,7749958.0,databento
2022-08-15,425.05999999999995,429.4,423.85,428.62,6821567.0,databento
2022-08-16,428.29,431.7300000000001,426.88,429.7200000000001,7083340.0,databento
2022-08-17,428.6000000000001,429.5,424.5400000000001,425.9899999999999,8166465.0,databento
2022-08-18,425.76,428.6050000000001,425.4700000000001,427.6600000000001,5463127.0,databento
2022-08-19,425.69999999999993,425.8500000000001,421.2200000000001,421.75,8397428.0,databento
2022-08-22,418.09,418.26,412.4,414.38,9222160.0,databento
2022-08-23,414.11000000000007,415.41,411.7699999999999,412.04,6812056.0,databento
2022-08-24,411.15,415.11,411.12999999999994,413.8299999999999,6632400.0,databento
2022-08-25,417.69999999999993,419.56,414.09,418.97,6999824.0,databento
2022-08-26,418.29,421.0199999999999,403.6799999999999,403.80000000000007,13940697.0,databento
2022-08-29,402.81,405.8399999999999,401.02,403.61999999999995,8976883.0,databento
2022-08-30,405.24999999999994,406.68,396.01,398.34,11375093.0,databento
2022-08-31,398.9,401.2399999999999,392.55000000000007,393.08,9179185.0,databento
2022-09-01,392.66,397.67,390.0499999999999,397.67,11439318.0,databento
2022-09-02,395.8999999999999,401.55999999999995,390.335,392.7399999999999,13350363.0,databento
2022-09-06,394.87,395.94999999999993,388.42,390.3399999999999,10237674.0,databento
2022-09-07,390.96,398.58,389.39,397.51,9086785.0,databento
2022-09-08,397.19,400.99999999999994,394.1000000000001,400.75999999999993,10383365.0,databento
2022-09-09,402.44000000000005,407.51,402.3399999999999,406.2,9341096.0,databento
2022-09-12,407.93,411.94,407.6,411.39,8872766.0,databento
2022-09-13,412.7399999999999,415.00000000000006,391.92,393.94000000000005,16324252.0,databento
2022-09-14,394.50999999999993,396.2,391.12,395.38999999999993,10563346.0,databento
2022-09-15,395.62,395.96,387.11,387.63,12011707.0,databento
2022-09-16,385.36999999999995,387.44999999999993,382.12,387.44999999999993,13973321.0,databento
2022-09-19,382.92,389.76,381.5,389.76,9454522.0,databento
2022-09-20,388.14,388.34,381.19999999999993,384.3299999999999,10680598.0,databento
2022-09-21,383.96,389.2999999999999,374.99999999999994,375.18000000000006,17221134.0,databento
2022-09-22,378.23,380.31999999999994,373.44999999999993,374.99000000000007,13765781.0,databento
2022-09-23,372.82,373.2099999999999,363.29,368.1,18413569.0,databento
2022-09-26,367.13,370.2099999999999,363.03,365.15,11538007.0,databento
2022-09-27,369.17,370.3999999999999,360.88,363.55000000000007,14782873.0,databento
2022-09-28,361.78,372.2999999999999,358.71,370.06,13982986.0,databento
2022-09-29,366.2,368.5299999999999,359.72,364.24,14924925.0,databento
2022-09-30,366.03,366.7300000000001,357.02,357.94999999999993,18179623.0,databento
2022-10-03,357.46,368.55000000000007,356.30000000000007,367.69,10614003.0,databento
2022-10-04,371.98,378.25,371.0,377.05999999999995,12688291.0,databento
2022-10-05,375.33,379.45,370.93999999999994,378.59,11026193.0,databento
2022-10-06,376.96,378.7099999999999,371.81000000000006,372.15,10810181.0,databento
2022-10-07,372.18,374.5,360.93999999999994,361.95,13704206.0,databento
2022-10-10,361.44,364.4,357.69,360.79,8901600.0,databento
2022-10-11,357.54999999999995,363.02,355.7200000000001,358.28,12826703.0,databento
2022-10-12,358.8299999999999,361.19,356.30000000000007,357.64,8844243.0,databento
2022-10-13,357.29,367.51,348.12,365.84,22710153.0,databento
2022-10-14,366.81,371.19999999999993,356.49999999999994,356.6000000000001,14213316.0,databento
2022-10-17,361.36999999999995,369.99999999999994,360.24,369.75,11532113.0,databento
2022-10-18,373.06999999999994,375.44,367.53,374.1000000000001,12324662.0,databento
2022-10-19,371.79,373.03,365.55,367.52,9002675.0,databento
2022-10-20,366.47,372.6600000000001,363.67,364.1700000000001,10839069.0,databento
2022-10-21,364.13,375.65,362.24000000000007,375.65,13614381.0,databento
2022-10-24,373.66,380.06,371.62999999999994,378.8999999999999,10567227.0,databento
2022-10-25,378.76,385.25,376.92,381.18,10480313.0,databento
2022-10-26,382.22,387.58,381.1,383.7300000000001,11726947.0,databento
2022-10-27,382.73,385.0,373.87999999999994,377.3999999999999,9693091.0,databento
2022-10-28,376.27,390.28,375.9200000000001,390.19999999999993,11484071.0,databento
2022-10-31,388.45,388.45,385.25999999999993,386.73,9821397.0,databento
2022-11-01,388.6700000000001,390.68000000000006,383.305,384.45,9098545.0,databento
2022-11-02,384.9899999999999,388.62000000000006,373.81,374.08,17798980.0,databento
2022-11-03,375.2,375.63999999999993,368.7999999999999,370.37000000000006,11139472.0,databento
2022-11-04,371.7200000000001,378.8649999999999,369.11000000000007,376.0,12101701.0,databento
2022-11-07,377.34,380.57,375.5299999999999,379.99000000000007,7013908.0,databento
2022-11-08,379.18,385.1,377.73,382.63999999999993,10025965.0,databento
2022-11-09,381.93,382.0400000000001,373.62,374.32,8765664.0,databento
2022-11-10,374.98,395.99999999999994,373.68000000000006,395.7,16953743.0,databento
2022-11-11,397.7099999999999,399.35,393.62999999999994,398.56999999999994,10375492.0,databento
2022-11-14,397.76,400.17,394.84,395.9100000000001,8140549.0,databento
2022-11-15,397.65,403.4899999999999,394.50000000000006,398.08,11207088.0,databento
2022-11-16,399.18999999999994,400.03,394.7999999999999,396.18999999999994,7719480.0,databento
2022-11-17,396.24999999999994,396.37999999999994,390.0499999999999,394.15,8556215.0,databento
2022-11-18,394.48,398.08,393.05,395.94999999999993,9363962.0,databento
2022-11-21,394.34,395.8,392.7,394.57,6111472.0,databento
2022-11-22,394.15,400.06999999999994,393.96,399.84,7125001.0,databento
2022-11-23,400.06999999999994,403.05999999999995,399.2,403.05000000000007,6946807.0,databento
2022-11-25,403.1000000000001,403.18,401.52,402.01,2892959.0,databento
2022-11-28,400.00999999999993,400.81000000000006,395.11000000000007,396.21,7005298.0,databento
2022-11-29,397.7399999999999,397.9700000000001,393.30999999999995,394.97,6034741.0,databento
2022-11-30,396.18999999999994,408.69999999999993,393.4800000000001,408.26,17474226.0,databento
2022-12-01,407.32,410.0,404.75,407.03,9019505.0,databento
2022-12-02,407.23,407.85,400.0899999999999,405.99999999999994,9141987.0,databento
2022-12-05,405.80999999999995,405.86999999999995,398.17,400.24999999999994,8308799.0,databento
2022-12-06,400.7200000000001,400.7200000000001,391.6499999999999,394.26,9915904.0,databento
2022-12-07,394.3999999999999,395.64,390.98,393.30000000000007,7207203.0,databento
2022-12-08,393.94999999999993,397.36000000000007,393.4599999999999,395.96,7051431.0,databento
2022-12-09,397.01,398.69999999999993,392.75,392.94,8574413.0,databento
2022-12-12,393.0899999999999,398.93,392.95,398.74,7261201.0,databento
2022-12-13,399.18999999999994,414.1,399.0799999999999,401.86,15087749.0,databento
2022-12-14,402.21,405.5,396.31,400.26,14108253.0,databento
2022-12-15,396.3299999999999,396.3299999999999,387.87999999999994,389.58,12851769.0,databento
2022-12-16,385.57,386.56999999999994,381.04,382.6000000000001,12287135.0,databento
2022-12-19,384.86,385.38999999999993,378.29,380.55000000000007,7764209.0,databento
2022-12-20,379.7799999999999,382.2300000000001,377.86,381.7,7147669.0,databento
2022-12-21,382.52,387.4100000000001,381.9,386.61999999999995,7699555.0,databento
2022-12-22,386.97,387.1000000000001,374.77,380.62,11573117.0,databento
2022-12-23,381.07,383.06,378.0549999999999,382.93000000000006,6362193.0,databento
2022-12-27,385.2,385.72,379.6600000000001,381.38,5806704.0,databento
2022-12-28,381.99999999999994,383.38,376.43,377.31999999999994,7268298.0,databento
2022-12-29,377.9800000000001,384.35,377.9800000000001,382.77,7407817.0,databento
2022-12-30,381.08,383.13,378.44999999999993,383.08,9868818.0,databento
2023-01-03,385.9299999999999,386.82,377.84,380.7900000000001,8711799.0,databento
2023-01-04,382.5,385.87999999999994,379.99999999999994,383.65,10896019.0,databento
2023-01-05,382.93999999999994,384.96,378.7699999999999,380.09,8803521.0,databento
2023-01-06,379.99999999999994,389.25,378.43,387.7999999999999,13097442.0,databento
2023-01-09,388.62000000000006,393.7,387.38,387.38,8460681.0,databento
2023-01-10,387.29,390.81,385.67,390.72,7726864.0,databento
2023-01-11,390.44999999999993,395.8399999999999,390.36000000000007,395.3399999999999,7808540.0,databento
2023-01-12,395.49999999999994,398.77,392.0499999999999,397.14,11027460.0,databento
2023-01-13,396.92,399.1000000000001,392.9700000000001,398.24999999999994,7252493.0,databento
2023-01-17,397.47,400.21,396.52,396.80999999999995,6831866.0,databento
2023-01-18,398.23,400.11000000000007,391.24999999999994,391.50999999999993,11463251.0,databento
2023-01-19,390.12000000000006,391.05999999999995,387.27,389.0299999999999,9738498.0,databento
2023-01-20,389.44,396.2300000000001,388.36,396.0799999999999,9531665.0,databento
2023-01-23,395.49000000000007,402.6449999999999,395.14,400.37,10677569.0,databento
2023-01-24,400.21,401.76,397.66,398.80999999999995,7277924.0,databento
2023-01-25,398.80000000000007,401.02,393.56999999999994,400.85,9948938.0,databento
2023-01-26,401.3999999999999,404.9200000000001,400.03,403.52,8711327.0,databento
2023-01-27,403.4200000000001,408.16,403.11,405.59,8624133.0,databento
2023-01-30,402.66,405.11999999999995,400.30000000000007,401.68,9425557.0,databento
2023-01-31,399.74999999999994,406.5299999999999,398.24999999999994,405.56,9752905.0,databento
2023-02-01,405.19999999999993,413.67,402.3500000000001,412.38,13259363.0,databento
2023-02-02,413.33,418.31,412.06999999999994,414.0,12432133.0,databento
2023-02-03,413.31,416.9599999999999,410.8399999999999,411.9599999999999,11007236.0,databento
2023-02-06,410.22,411.3,408.1000000000001,410.6700000000001,7153092.0,databento
2023-02-07,410.00999999999993,416.49000000000007,407.57,414.5299999999999,11783635.0,databento
2023-02-08,414.33,414.61,409.94,411.16,9405824.0,databento
2023-02-09,413.73,414.96,405.80999999999995,407.25999999999993,9573033.0,databento
2023-02-10,407.43,408.44,404.11,407.98,8810335.0,databento
2023-02-13,408.0799999999999,413.09,407.7399999999999,412.88,7697618.0,databento
2023-02-14,412.66,416.55999999999995,408.515,412.0,11214655.0,databento
2023-02-15,411.1700000000001,414.27,409.48,414.0,7488308.0,databento
2023-02-16,414.27,414.7699999999999,407.08,407.14,10737643.0,databento
2023-02-17,405.79,407.51,404.06,407.19999999999993,11229680.0,databento
2023-02-21,403.61999999999995,405.30000000000007,398.82,399.6000000000001,10471535.0,databento
2023-02-22,399.27,401.13000000000005,397.015,399.6000000000001,10668528.0,databento
2023-02-23,400.61,402.19,396.24999999999994,399.9899999999999,14174261.0,databento
2023-02-24,399.5899999999999,399.89,393.645,396.24999999999994,13456332.0,databento
2023-02-27,397.87999999999994,401.2900000000001,396.76,398.07,11111231.0,databento
2023-02-28,397.0199999999999,399.31000000000006,395.19,395.38,12753431.0,databento
2023-03-01,397.46,398.1000000000001,393.38000000000005,394.9899999999999,12275487.0,databento
2023-03-02,392.7399999999999,398.69,391.9100000000001,397.09,11384840.0,databento
2023-03-03,397.68000000000006,404.63999999999993,397.68000000000006,404.63999999999993,12256817.0,databento
2023-03-06,404.57,407.45,403.56000000000006,404.76,10071508.0,databento
2023-03-07,405.34,405.6799999999999,397.62499999999994,398.45,15994390.0,databento
2023-03-08,398.82,399.7,396.5899999999999,398.8500000000001,10465903.0,databento
2023-03-09,398.18,401.48,390.30000000000007,390.68999999999994,15378597.0,databento
2023-03-10,389.22,393.79,384.3299999999999,386.8500000000001,24849533.0,databento
2023-03-13,391.6700000000001,391.75999999999993,380.49999999999994,385.75,25110120.0,databento
2023-03-14,386.8399999999999,393.45,384.7799999999999,391.63,21929289.0,databento
2023-03-15,391.93999999999994,392.42,383.3500000000001,388.77,26523727.0,databento
2023-03-16,390.57,396.50999999999993,386.2900000000001,395.99999999999994,20719379.0,databento
2023-03-17,394.91,395.8999999999999,388.55500000000006,391.05000000000007,17848392.0,databento
2023-03-20,387.73,394.17,385.23,393.66,14629727.0,databento
2023-03-21,394.67,399.4100000000001,394.33,398.88999999999993,11887705.0,databento
2023-03-22,397.87999999999994,402.49000000000007,391.88999999999993,392.7399999999999,19468819.0,databento
2023-03-23,395.04,399.29,390.36000000000007,393.8399999999999,18199181.0,databento
2023-03-24,394.82,396.55,389.34,396.4800000000001,15806719.0,databento
2023-03-27,395.8399999999999,398.92,395.56499999999994,397.0199999999999,11086223.0,databento
2023-03-28,396.4299999999999,396.72,393.69,396.67,9176532.0,databento
2023-03-29,398.8399999999999,401.6000000000001,398.5199999999999,400.93,11106202.0,databento
2023-03-30,402.66,404.3399999999999,401.76,404.2,10342931.0,databento
2023-03-31,403.80999999999995,409.85,403.6700000000001,409.76,15536783.0,databento
2023-04-03,409.1799999999999,411.365,408.37000000000006,410.59,11137028.0,databento
2023-04-04,410.74,412.7099999999999,407.24,409.09,11184190.0,databento
2023-04-05,408.2999999999999,408.67,405.88999999999993,407.2799999999999,9941512.0,databento
2023-04-06,407.62000000000006,409.47,405.6799999999999,408.7799999999999,9845338.0,databento
2023-04-10,409.06,410.15,405.97,410.13,10047413.0,databento
2023-04-11,409.9599999999999,411.1799999999999,408.93000000000006,409.8999999999999,8444102.0,databento
2023-04-12,409.8999999999999,413.74999999999994,407.1700000000001,407.19999999999993,13583398.0,databento
2023-04-13,408.96,413.835,408.0299999999999,413.1000000000001,11543775.0,databento
2023-04-14,413.2699999999999,415.085,410.065,413.13000000000005,12263764.0,databento
2023-04-17,413.44,414.2799999999999,411.085,413.86,9686352.0,databento
2023-04-18,414.19999999999993,416.06,412.79,413.87999999999994,9857987.0,databento
2023-04-19,413.0299999999999,415.07,411.48,412.94,9339280.0,databento
2023-04-20,411.5299999999999,413.69999999999993,410.27,411.66,10178172.0,databento
2023-04-21,411.48,412.6799999999999,410.18,412.03,9460089.0,databento
2023-04-24,410.73,413.06499999999994,410.55,412.26,8908654.0,databento
2023-04-25,410.63,411.15,405.96,407.92,13842974.0,databento
2023-04-26,407.46,407.98,403.7799999999999,405.4,12595544.0,databento
2023-04-27,406.61999999999995,413.57,406.01,411.85,14074345.0,databento
2023-04-28,411.31000000000006,416.31000000000006,410.22,416.1799999999999,12318080.0,databento
2023-05-01,416.1499999999999,417.61,414.8,415.00999999999993,9437262.0,databento
2023-05-02,415.37999999999994,415.39,407.81999999999994,410.99000000000007,15137862.0,databento
2023-05-03,411.39,413.87,405.00999999999993,406.5899999999999,16405847.0,databento
2023-05-04,408.7799999999999,408.7799999999999,403.74,406.33,13859014.0,databento
2023-05-05,406.54,413.72,406.26,412.24999999999994,12288292.0,databento
2023-05-08,412.6700000000001,413.6000000000001,411.29,412.51,8172044.0,databento
2023-05-09,411.9899999999999,412.18,410.69,411.35,6810872.0,databento
2023-05-10,410.0,414.9100000000001,408.87,413.34,15062584.0,databento
2023-05-11,414.29,414.5400000000001,409.9700000000001,412.43000000000006,9834372.0,databento
2023-05-12,413.22,414.25000000000006,409.075,410.8399999999999,9066314.0,databento
2023-05-15,413.22,413.5,410.23,412.56,8229476.0,databento
2023-05-16,412.8399999999999,412.88999999999993,409.98,410.80999999999995,8360455.0,databento
2023-05-17,410.75999999999993,415.86,410.63499999999993,414.96,11503661.0,databento
2023-05-18,415.73,420.6499999999999,414.32,419.89,14319069.0,databento
2023-05-19,419.83,420.86,417.3500000000001,418.6000000000001,12247686.0,databento
2023-05-22,418.48,420.39,417.3500000000001,419.94,9617806.0,databento
2023-05-23,418.49,418.7900000000001,413.68,414.7300000000001,12634930.0,databento
2023-05-24,413.0799999999999,414.4,409.87999999999994,412.9,12249368.0,databento
2023-05-25,412.6700000000001,416.16,412.42,413.87999999999994,13706925.0,databento
2023-05-26,413.7999999999999,421.0,413.7999999999999,420.6,12523482.0,databento
2023-05-30,421.55999999999995,422.99000000000007,418.74000000000007,420.2900000000001,10330411.0,databento
2023-05-31,419.25999999999993,419.8,416.2300000000001,418.4200000000001,14905841.0,databento
2023-06-01,418.58,422.9100000000001,416.7900000000001,422.00000000000006,13294684.0,databento
2023-06-02,423.18999999999994,428.7300000000001,422.37999999999994,428.0199999999999,12928885.0,databento
2023-06-05,428.03,429.61999999999995,426.36999999999995,426.64,9179575.0,databento
2023-06-06,427.36,428.57499999999993,425.99500000000006,428.48,8672888.0,databento
2023-06-07,427.55,429.61000000000007,426.11999999999995,426.62,11241557.0,databento
2023-06-08,426.5299999999999,429.6,425.82,428.81999999999994,10021177.0,databento
2023-06-09,428.3999999999999,431.99000000000007,428.1700000000001,429.9,12062026.0,databento
2023-06-12,431.38,434.15,430.18000000000006,433.7999999999999,11049039.0,databento
2023-06-13,434.75000000000006,437.33,433.14,436.77,13341712.0,databento
2023-06-14,437.55999999999995,439.05999999999995,433.59,437.26,12917520.0,databento
2023-06-15,436.99000000000007,443.89,434.93999999999994,441.88,13897922.0,databento
2023-06-16,440.55999999999995,443.17,438.9700000000001,439.5,11138982.0,databento
2023-06-20,438.68999999999994,438.7099999999999,435.0400000000001,437.4200000000001,9889696.0,databento
2023-06-21,437.01,437.63999999999993,434.335,434.99999999999994,10397664.0,databento
2023-06-22,433.83,436.88,433.48,436.6799999999999,8510838.0,databento
2023-06-23,434.53,435.06,432.4800000000001,432.7900000000001,10306850.0,databento
2023-06-26,432.7799999999999,434.61000000000007,431.19,432.24999999999994,10658982.0,databento
2023-06-27,432.4700000000001,436.80999999999995,431.59,435.44999999999993,9146749.0,databento
2023-06-28,435.42,437.4299999999999,434.41,436.94999999999993,10041740.0,databento
2023-06-29,436.30000000000007,438.4,435.5799999999999,438.30000000000007,9540933.0,databento
2023-06-30,438.75999999999993,444.2999999999999,438.7,442.87000000000006,15217655.0,databento
2023-07-03,443.61,444.09,442.63,443.86999999999995,4592504.0,databento
2023-07-05,443.1799999999999,443.88,441.4800000000001,442.8299999999999,7052446.0,databento
2023-07-06,441.47,441.75000000000006,437.05999999999995,439.4899999999999,11675676.0,databento
2023-07-07,438.9700000000001,442.63999999999993,438.29,438.65,12291623.0,databento
2023-07-10,437.09,439.9,437.0400000000001,439.6799999999999,7206367.0,databento
2023-07-11,439.64,442.97,439.13999999999993,442.4200000000001,8982178.0,databento
2023-07-12,443.11000000000007,447.47,443.06000000000006,446.4,12401889.0,databento
2023-07-13,447.33,450.37499999999994,447.09,449.36999999999995,9530129.0,databento
2023-07-14,449.4299999999999,451.36,448.4899999999999,449.13999999999993,8408098.0,databento
2023-07-17,449.22,451.93000000000006,448.24999999999994,450.29,7094340.0,databento
2023-07-18,450.79,454.86,450.0,454.0499999999999,11258709.0,databento
2023-07-19,454.09,456.4299999999999,453.69,453.99999999999994,8980925.0,databento
2023-07-20,454.74999999999994,455.0899999999999,451.45,452.25,9595457.0,databento
2023-07-21,453.00000000000006,454.74000000000007,451.87,451.95,8975111.0,databento
2023-07-24,453.05999999999995,455.03,452.72,454.31000000000006,6717946.0,databento
2023-07-25,454.49,456.73,453.8399999999999,455.32,6724120.0,databento
2023-07-26,455.78,456.9800000000001,453.37999999999994,455.6,10250363.0,databento
2023-07-27,457.81000000000006,459.55000000000007,451.56000000000006,452.7399999999999,11826476.0,databento
2023-07-28,454.2300000000001,457.7699999999999,453.69,457.08,11272514.0,databento
2023-07-31,456.63,458.16,456.05000000000007,457.81000000000006,7901097.0,databento
2023-08-01,457.23,457.25000000000006,453.6499999999999,454.9800000000001,7127828.0,databento
2023-08-02,452.72,454.7699999999999,449.35,450.85,12536990.0,databento
2023-08-03,448.06000000000006,451.13,447.36999999999995,449.87,8836616.0,databento
2023-08-04,451.04,452.89,446.2699999999999,446.88999999999993,14107822.0,databento
2023-08-07,449.02,451.07,447.44,450.72,8623333.0,databento
2023-08-08,449.82,449.87,445.2799999999999,448.6499999999999,9612983.0,databento
2023-08-09,450.0199999999999,450.62999999999994,444.97,446.80000000000007,12027427.0,databento
2023-08-10,448.45,451.69999999999993,444.71,446.43999999999994,14201154.0,databento
2023-08-11,446.24999999999994,446.69999999999993,443.36,445.81999999999994,11282657.0,databento
2023-08-14,447.15,448.79,444.37999999999994,448.51,8225681.0,databento
2023-08-15,446.0299999999999,446.64,442.31000000000006,443.1499999999999,11071309.0,databento
2023-08-16,443.75,444.34,439.39,439.54,11391400.0,databento
2023-08-17,440.2,441.51,435.55000000000007,436.06999999999994,11962169.0,databento
2023-08-18,435.87000000000006,437.565,433.01,436.1600000000001,13726912.0,databento
2023-08-21,437.74000000000007,440.11,435.31999999999994,438.65,10441425.0,databento
2023-08-22,440.63000000000005,442.06,437.57,438.19,10403678.0,databento
2023-08-23,439.87,445.79,438.19999999999993,445.09,10481440.0,databento
2023-08-24,445.7999999999999,446.32,436.2900000000001,437.18999999999994,17131716.0,databento
2023-08-25,437.52,441.2900000000001,434.99999999999994,439.6499999999999,16484726.0,databento
2023-08-28,440.31999999999994,443.4,440.2099999999999,442.8299999999999,10614947.0,databento
2023-08-29,442.68,449.61999999999995,441.94999999999993,449.44999999999993,13405265.0,databento
2023-08-30,449.29,451.67,448.2900000000001,451.0799999999999,11706424.0,databento
2023-08-31,451.92,452.98,450.1700000000001,450.65,11190099.0,databento
2023-09-01,451.58,453.6700000000001,449.68,450.9200000000001,10075137.0,databento
2023-09-05,449.5899999999999,451.05999999999995,448.9,449.17,9494722.0,databento
2023-09-06,447.9800000000001,448.6499999999999,443.81000000000006,446.1000000000001,13140408.0,databento
2023-09-07,445.48,445.7,442.74999999999994,445.0499999999999,13249195.0,databento
2023-09-08,445.62,447.11,443.78,445.11000000000007,9703975.0,databento
2023-09-11,447.47,448.77,446.47,448.05,10578661.0,databento
2023-09-12,447.49999999999994,448.53,445.395,446.00999999999993,11651362.0,databento
2023-09-13,445.99,447.7,444.2,446.99999999999994,11940686.0,databento
2023-09-14,447.5799999999999,451.07,447.2099999999999,450.6700000000001,13121452.0,databento
2023-09-15,449.39,449.5899999999999,442.9200000000001,443.29,17140620.0,databento
2023-09-18,444.09,444.9599999999999,442.35,443.88,9708630.0,databento
2023-09-19,444.1000000000001,444.55999999999995,439.93999999999994,442.86,11753581.0,databento
2023-09-20,442.74999999999994,444.45,437.87,437.87,14068627.0,databento
2023-09-21,437.74000000000007,437.87999999999994,430.7999999999999,431.11000000000007,17911685.0,databento
2023-09-22,431.83,434.0899999999999,429.99000000000007,430.65,18139027.0,databento
2023-09-25,431.88,432.63999999999993,428.25,432.12,12019259.0,databento
2023-09-26,429.86999999999995,431.03,425.02,426.5499999999999,16821047.0,databento
2023-09-27,427.99999999999994,428.1,422.2900000000001,426.66,17153456.0,databento
2023-09-28,426.2799999999999,430.2399999999999,424.86999999999995,428.67,14941096.0,databento
2023-09-29,430.26,431.99999999999994,425.91,427.45,19874097.0,databento
2023-10-02,429.7799999999999,430.18000000000006,424.46,427.37999999999994,16167253.0,databento
2023-10-03,427.4599999999999,428.48,420.18999999999994,421.5799999999999,18671762.0,databento
2023-10-04,420.44,425.4299999999999,420.1000000000001,424.14,17255591.0,databento
2023-10-05,424.06000000000006,425.45,421.1799999999999,423.9200000000001,12258490.0,databento
2023-10-06,424.78,431.11999999999995,419.7300000000001,430.2,21501745.0,databento
2023-10-09,426.11999999999995,432.88000000000005,425.91,432.26,12685082.0,databento
2023-10-10,432.61000000000007,437.2099999999999,432.02,434.61999999999995,14682640.0,databento
2023-10-11,434.73,437.36000000000007,433.1799999999999,437.36000000000007,11568464.0,databento
2023-10-12,437.6000000000001,438.6,431.24,433.94,14427179.0,databento
2023-10-13,434.61000000000007,436.45,429.88,430.50999999999993,15473919.0,databento
2023-10-16,431.94999999999993,437.13999999999993,431.30000000000007,436.08,13268362.0,databento
2023-10-17,435.9700000000001,438.14,432.45,435.0499999999999,14630927.0,databento
2023-10-18,435.1799999999999,435.6000000000001,429.0899999999999,430.3999999999999,17573396.0,databento
2023-10-19,428.9299999999999,432.82,425.31999999999994,425.7900000000001,25604988.0,databento
2023-10-20,425.6000000000001,426.7300000000001,420.6,420.80000000000007,20509702.0,databento
2023-10-23,420.41,424.43999999999994,417.80000000000007,421.7999999999999,16657839.0,databento
2023-10-24,421.91,425.49,420.74000000000007,423.3,13172478.0,databento
2023-10-25,421.94,422.93999999999994,415.31,415.7200000000001,15764672.0,databento
2023-10-26,415.21,417.325,411.63,414.86000000000007,20957883.0,databento
2023-10-27,414.57,415.36,409.2099999999999,410.37999999999994,18990020.0,databento
2023-10-30,413.15,416.68000000000006,412.22,415.15,14560656.0,databento
2023-10-31,414.7300000000001,418.50000000000006,414.21,417.3500000000001,13155663.0,databento
2023-11-01,417.41,423.8299999999999,416.25,423.6000000000001,17333637.0,databento
2023-11-02,423.95,431.00999999999993,423.78,429.88999999999993,15014530.0,databento
2023-11-03,430.14,436.30000000000007,429.8500000000001,435.27,14751641.0,databento
2023-11-06,435.44,436.14,433.6749999999999,434.88,11517908.0,databento
2023-11-07,434.99999999999994,437.585,433.94,436.75999999999993,11070269.0,databento
2023-11-08,436.69,438.09,434.87,436.61,9728970.0,databento
2023-11-09,437.49,438.81000000000006,433.4,433.62999999999994,12823070.0,databento
2023-11-10,434.43999999999994,441.0899999999999,433.30999999999995,439.96,13062439.0,databento
2023-11-13,439.56999999999994,441.32,438.42,440.38,7069787.0,databento
2023-11-14,440.87999999999994,450.0549999999999,439.92,449.35,14488350.0,databento
2023-11-15,450.57,451.76,448.80999999999995,449.36000000000007,11761796.0,databento
2023-11-16,449.6000000000001,450.8399999999999,448.11999999999995,450.38,11569758.0,databento
2023-11-17,451.24000000000007,451.93999999999994,449.2999999999999,450.25000000000006,9266426.0,databento
2023-11-20,450.51,455.12500000000006,450.43,454.4100000000001,10507972.0,databento
2023-11-21,454.0499999999999,454.2,451.9,452.7300000000001,8524256.0,databento
2023-11-22,453.43999999999994,456.37999999999994,453.3299999999999,454.71,9619409.0,databento
2023-11-24,455.24999999999994,455.78,454.7300000000001,455.38999999999993,3547353.0,databento
2023-11-27,454.61999999999995,455.49000000000007,454.0499999999999,454.81,7783258.0,databento
2023-11-28,454.12000000000006,456.26,453.2999999999999,455.0199999999999,9755551.0,databento
2023-11-29,455.94999999999993,458.31,454.2099999999999,454.87999999999994,9295756.0,databento
2023-11-30,455.08,456.755,453.34,456.09,12854404.0,databento
2023-12-01,457.06999999999994,459.89,455.1799999999999,459.7399999999999,13135501.0,databento
2023-12-04,458.21,458.23,454.36000000000007,455.94999999999993,11892117.0,databento
2023-12-05,455.6799999999999,457.59,454.63,456.74000000000007,11005395.0,databento
2023-12-06,457.62999999999994,458.93000000000006,454.31000000000006,454.50999999999993,10090956.0,databento
2023-12-07,454.44999999999993,458.88999999999993,454.2,457.76,9712603.0,databento
2023-12-08,458.08,460.74499999999995,455.7099999999999,460.4,11524345.0,databento
2023-12-11,459.7900000000001,462.165,459.4100000000001,462.03,9541097.0,databento
2023-12-12,462.25000000000006,464.7999999999999,460.6,464.7099999999999,8690129.0,databento
2023-12-13,464.85,471.31000000000006,464.12000000000006,471.31000000000006,11623632.0,databento
2023-12-14,472.05999999999995,473.72,469.25000000000006,471.68999999999994,14588570.0,databento
2023-12-15,471.2399999999999,471.65,468.44,469.94999999999993,15123053.0,databento
2023-12-18,470.61000000000007,472.97,470.11999999999995,471.7900000000001,8356300.0,databento
2023-12-19,472.36,474.92,472.32,474.6,7938109.0,databento
2023-12-20,474.41,475.88999999999993,467.36,468.86,13627821.0,databento
2023-12-21,470.71,472.99000000000007,468.84,472.59,11002594.0,databento
2023-12-22,472.1,475.37999999999994,471.7,473.18999999999994,8888305.0,databento
2023-12-26,474.41,476.5799999999999,473.8299999999999,475.80999999999995,6626877.0,databento
2023-12-27,475.69000000000005,476.68999999999994,474.895,476.5499999999999,8328926.0,databento
2023-12-28,477.05999999999995,477.54,476.25999999999993,477.0,7473099.0,databento
2023-12-29,477.38,477.46,473.31000000000006,475.24999999999994,14702435.0,databento
2024-01-02,476.36999999999995,476.36999999999995,470.4899999999999,472.64,16348671.0,databento
2024-01-03,472.1499999999999,472.22,468.17,469.08,15528265.0,databento
2024-01-04,469.44000000000005,470.96,467.05,467.8399999999999,11346310.0,databento
2024-01-05,466.84,470.4299999999999,464.66,468.35,12943270.0,databento
2024-01-08,467.49999999999994,474.75,466.15,474.21,12511240.0,databento
2024-01-09,473.44999999999993,474.9299999999999,471.355,473.7699999999999,10012367.0,databento
2024-01-10,473.95,477.43999999999994,473.3999999999999,476.7999999999999,10888150.0,databento
2024-01-11,478.38999999999993,478.75,472.27,476.0499999999999,12312903.0,databento
2024-01-12,476.67,478.6,474.1700000000001,475.69999999999993,9688662.0,databento
2024-01-16,474.36,476.6000000000001,473.07,475.0799999999999,11653810.0,databento
2024-01-17,472.64,473.63,469.86999999999995,472.19999999999993,11431281.0,databento
2024-01-18,472.64,477.05,472.43000000000006,476.87999999999994,11784740.0,databento
2024-01-19,477.84,482.75,476.93999999999994,482.44,13600135.0,databento
2024-01-22,483.6,485.215,482.79,483.62999999999994,12463545.0,databento
2024-01-23,483.36,485.91,482.88999999999993,485.83,8513554.0,databento
2024-01-24,486.85,488.7699999999999,484.41,485.3399999999999,14321676.0,databento
2024-01-25,485.7699999999999,488.3,485.38999999999993,487.0899999999999,12322544.0,databento
2024-01-26,486.2799999999999,489.11999999999995,486.0199999999999,486.95,10195389.0,databento
2024-01-29,487.74999999999994,491.415,487.17,491.0899999999999,8836877.0,databento
2024-01-30,491.23,491.61999999999995,488.15,488.91,9413071.0,databento
2024-01-31,489.4299999999999,489.65,482.7,483.7,18284038.0,databento
2024-02-01,484.8299999999999,492.61,483.80999999999995,491.64,14703867.0,databento
2024-02-02,492.12999999999994,496.04,488.94999999999993,494.2699999999999,13981375.0,databento
2024-02-05,493.66,494.18,490.23,492.17,10781658.0,databento
2024-02-06,493.0799999999999,494.31999999999994,492.02,493.79,9328663.0,databento
2024-02-07,493.96,498.5299999999999,493.49999999999994,497.9,10942290.0,databento
2024-02-08,497.99,498.69999999999993,497.24999999999994,498.25,8669585.0,databento
2024-02-09,498.9599999999999,501.6499999999999,498.4899999999999,501.0,10574436.0,databento
2024-02-12,500.98,503.49999999999994,500.04,500.5499999999999,8300421.0,databento
2024-02-13,499.55999999999995,500.0,490.72,494.26,15647340.0,databento
2024-02-14,495.33,499.3299999999999,494.3999999999999,498.94999999999993,11422396.0,databento
2024-02-15,500.11999999999995,502.5,498.7999999999999,502.2,10517853.0,databento
2024-02-16,502.75,503.2999999999999,498.51,498.76,10977951.0,databento
2024-02-20,498.42,498.74999999999994,494.46,496.3299999999999,10882163.0,databento
2024-02-21,495.37,499.7399999999999,493.55999999999995,499.68,8927100.0,databento
2024-02-22,503.0799999999999,508.48,502.43999999999994,507.74999999999994,12491993.0,databento
2024-02-23,507.36999999999995,510.12999999999994,507.06999999999994,507.16,9456638.0,databento
2024-02-26,507.14,508.7399999999999,505.6,505.91,8047291.0,databento
2024-02-27,505.81,507.2999999999999,504.74999999999994,506.75999999999993,7500094.0,databento
2024-02-28,505.7699999999999,506.855,504.52,505.0499999999999,8378591.0,databento
2024-02-29,505.25999999999993,509.7399999999999,504.65,508.08,13111639.0,databento
2024-03-01,509.12,513.28,507.39,512.05,10403659.0,databento
2024-03-04,512.74,514.19,511.49999999999994,511.5499999999999,8599563.0,databento
2024-03-05,510.75999999999993,511.2399999999999,504.91,507.35,11564221.0,databento
2024-03-06,508.56999999999994,512.06,508.41,509.6499999999999,12460470.0,databento
2024-03-07,508.81,515.89,508.69999999999993,514.69,10811101.0,databento
2024-03-08,515.77,518.22,511.13,511.72,14447766.0,databento
2024-03-11,511.36,512.64,508.51,512.64,10300606.0,databento
2024-03-12,513.34,517.3799999999999,510.44,517.04,12475059.0,databento
2024-03-13,517.27,517.47,514.49,516.57,8904044.0,databento
2024-03-14,517.43,518.3099999999998,511.825,514.2199999999999,16495772.0,databento
2024-03-15,512.6499999999999,514.53,508.35,509.79,13874227.0,databento
2024-03-18,511.1499999999999,515.48,510.97,512.42,10546037.0,databento
2024-03-19,512.44,515.995,510.29,515.45,9476832.0,databento
2024-03-20,515.52,522.03,515.07,521.87,12873572.0,databento
2024-03-21,523.38,524.11,521.9199999999998,522.84,9386805.0,databento
2024-03-22,522.26,523.0999999999999,520.75,520.75,10096694.0,databento
2024-03-25,520.79,521.3099999999998,519.5,520.4499999999999,8430080.0,databento
2024-03-26,520.98,522.23,518.4,519.7,9149393.0,databento
2024-03-27,520.38,523.54,519.4899999999999,522.41,12661944.0,databento
2024-03-28,522.81,524.61,522.3999999999999,523.0,11775470.0,databento
2024-04-01,525.44,525.55,520.98,521.66,7811302.0,databento
2024-04-02,521.74,522.3299999999999,516.48,518.75,11663963.0,databento
2024-04-03,517.78,521.26,517.4,520.6999999999999,9938824.0,databento
2024-04-04,521.22,523.86,512.57,513.38,17837050.0,databento
2024-04-05,514.4399999999999,520.44,512.51,518.68,15195001.0,databento
2024-04-08,518.96,520.18,517.23,518.8,9251202.0,databento
2024-04-09,518.26,520.75,514.35,519.54,10945286.0,databento
2024-04-10,519.99,521.39,511.2699999999999,513.15,14893764.0,databento
2024-04-11,514.5,519.4749999999999,511.49999999999994,518.25,12698230.0,databento
2024-04-12,518.36,518.59,509.0799999999999,510.01,14813287.0,databento
2024-04-15,513.66,515.31,503.585,504.79,15424993.0,databento
2024-04-16,504.31999999999994,506.49,502.23,504.91,13121432.0,databento
2024-04-17,504.2699999999999,506.32,499.12,501.05999999999995,13526764.0,databento
2024-04-18,502.58,504.11999999999995,498.29,498.68,13334635.0,databento
2024-04-19,497.49,500.44999999999993,493.86,494.74999999999994,15947033.0,databento
2024-04-22,496.62999999999994,502.38,495.43999999999994,499.35,12517836.0,databento
2024-04-23,500.14,507.0,499.85,506.52,11062184.0,databento
2024-04-24,506.72,507.36,501.63,502.46,10104357.0,databento
2024-04-25,502.47,508.38999999999993,497.49,507.11,13184875.0,databento
2024-04-26,507.29,509.88,505.71,508.56999999999994,10916331.0,databento
2024-04-29,509.63999999999993,510.75,507.24999999999994,509.83,8303691.0,databento
2024-04-30,509.71,509.96,500.1499999999999,501.26,12015777.0,databento
2024-05-01,500.67,508.18,499.54,502.29,15333110.0,databento
2024-05-02,503.4599999999999,507.36999999999995,499.55,506.48,11271563.0,databento
2024-05-03,506.2799999999999,512.55,506.22,512.45,11599094.0,databento
2024-05-06,511.9299999999999,516.63,511.85,516.4499999999999,7905520.0,databento
2024-05-07,516.35,518.57,516.24,517.31,8396025.0,databento
2024-05-08,517.39,517.71,514.98,516.9999999999999,6791529.0,databento
2024-05-09,516.4499999999999,520.7399999999999,515.8499999999999,520.56,7410738.0,databento
2024-05-10,521.23,522.63,519.59,519.95,7868977.0,databento
2024-05-13,521.49,522.73,519.74,520.7999999999998,6288398.0,databento
2024-05-14,521.0599999999998,523.83,518.2799999999999,523.6,9459658.0,databento
2024-05-15,523.48,530.3,523.12,530.17,10212246.0,databento
2024-05-16,530.4,531.52,528.2,528.72,8081501.0,databento
2024-05-17,528.77,529.7199999999999,527.33,529.6,7393277.0,databento
2024-05-20,529.99,531.56,529.17,529.95,5713530.0,databento
2024-05-21,530.28,531.52,529.0799999999999,531.43,4919484.0,databento
2024-05-22,531.11,531.5099999999999,527.6,530.9599999999999,7001352.0,databento
2024-05-23,532.57,533.9999999999999,524.7299999999999,526.1,8162364.0,databento
2024-05-24,526.66,530.27,526.64,529.38,5585097.0,databento
2024-05-28,530.28,531.2499999999999,527.11,529.2699999999999,5333609.0,databento
2024-05-29,529.0,529.0,523.8,524.13,6114550.0,databento
2024-05-30,523.49,525.19,521.3399999999999,521.83,6473988.0,databento
2024-05-31,521.94,528.35,518.365,528.26,11574462.0,databento
2024-06-03,527.54,529.15,522.6,527.53,7104108.0,databento
2024-06-04,526.83,529.15,524.28,529.04,5259404.0,databento
2024-06-05,528.9,535.19,528.74,534.9899999999999,7107067.0,databento
2024-06-06,534.7699999999999,535.41,532.68,534.5,4703779.0,databento
2024-06-07,535.1199999999999,536.89,531.3,533.31,6319809.0,databento
2024-06-10,533.45,535.99,532.4999999999999,535.1499999999999,5990449.0,databento
2024-06-11,535.19,537.24,532.0499999999998,537.0699999999999,5541284.0,databento
2024-06-12,537.27,544.12,537.25,542.22,9127915.0,databento
2024-06-13,542.55,543.9699999999999,539.5899999999999,542.49,5565548.0,databento
2024-06-14,542.36,543.09,538.8899999999999,542.78,4974589.0,databento
2024-06-17,543.16,548.42,541.61,547.51,6677096.0,databento
2024-06-18,546.8799999999999,548.98,546.61,548.7999999999998,4728978.0,databento
2024-06-20,550.4599999999999,550.77,545.19,547.1699999999998,8543650.0,databento
2024-06-21,544.87,545.6449999999999,543.03,544.38,6052016.0,databento
2024-06-24,545.17,546.9399999999999,542.25,543.05,6098103.0,databento
2024-06-25,542.5299999999999,545.2,542.44,544.69,4454282.0,databento
2024-06-26,546.3999999999999,546.47,543.03,543.99,4747222.0,databento
2024-06-27,544.7699999999999,547.08,544.38,547.08,4952552.0,databento
2024-06-28,547.7699999999999,550.28,542.97,545.07,10478594.0,databento
2024-07-01,544.84,545.88,542.52,544.84,5177524.0,databento
2024-07-02,543.54,549.0,542.45,548.23,5256208.0,databento
2024-07-03,548.65,551.8299999999999,548.28,551.14,4171503.0,databento
2024-07-05,552.08,555.05,551.05,554.11,5591123.0,databento
2024-07-08,554.33,556.43,554.19,556.3999999999999,4362419.0,databento
2024-07-09,556.3999999999999,557.18,555.53,556.03,4088667.0,databento
2024-07-10,556.28,561.67,556.2399999999999,561.06,5688267.0,databento
2024-07-11,561.3,563.52,555.83,556.52,8249171.0,databento
2024-07-12,557.06,563.67,555.32,559.77,8120771.0,databento
2024-07-15,561.4,564.83,559.6299999999999,562.2199999999999,6450360.0,databento
2024-07-16,561.21,565.15,560.45,564.4,5835083.0,databento
2024-07-17,561.18,561.33,556.43,558.08,7773289.0,databento
2024-07-18,558.31,559.52,550.45,553.6,9193198.0,databento
2024-07-19,551.7699999999999,554.08,547.91,548.94,8083984.0,databento
2024-07-22,550.67,555.27,550.55,554.28,6457484.0,databento
2024-07-23,553.0,556.74,551.2,551.33,4494351.0,databento
2024-07-24,549.93,550.4299999999998,540.3,542.4999999999999,10134139.0,databento
2024-07-25,540.8399999999999,547.4499999999999,537.4499999999999,539.29,9283357.0,databento
2024-07-26,541.84,547.18,541.4799999999999,544.27,8694141.0,databento
2024-07-29,545.17,547.88,542.7199999999999,543.41,5210399.0,databento
2024-07-30,545.72,547.34,537.9599999999999,542.73,7124094.0,databento
2024-07-31,546.87,553.6,546.16,553.4599999999999,9704890.0,databento
2024-08-01,552.3399999999999,554.86,539.44,541.12,12132740.0,databento
2024-08-02,538.49,539.92,528.61,531.21,13084453.0,databento
2024-08-05,521.24,523.5799999999999,507.8299999999999,522.8799999999999,23221779.0,databento
2024-08-06,522.58,529.74,517.87,519.95,12289323.0,databento
2024-08-07,524.6999999999999,531.58,514.04,516.0,10793725.0,databento
2024-08-08,516.6099999999999,532.07,516.35,531.58,10956467.0,databento
2024-08-09,531.3799999999999,534.5099999999999,528.07,532.95,7512125.0,databento
2024-08-12,534.2,535.73,530.9599999999999,533.19,7336026.0,databento
2024-08-13,535.64,542.2799999999999,533.29,541.97,7809555.0,databento
2024-08-14,542.0,544.95,540.16,543.72,6338961.0,databento
2024-08-15,545.37,554.0,543.51,553.52,8732043.0,databento
2024-08-16,553.9,555.01,550.13,553.9,4750368.0,databento
2024-08-19,554.15,559.64,553.31,559.2799999999999,5462172.0,databento
2024-08-20,560.32,560.85,557.3299999999999,558.55,4413540.0,databento
2024-08-21,558.88,562.11,557.9699999999999,561.08,5297005.0,databento
2024-08-22,561.1299999999999,563.17,554.98,557.0699999999999,7386396.0,databento
2024-08-23,558.1,563.09,557.29,562.27,8077292.0,databento
2024-08-26,562.81,563.9,559.05,560.23,5022679.0,databento
2024-08-27,561.02,562.05,558.3199999999999,560.76,5063679.0,databento
2024-08-28,561.68,562.27,553.39,554.4,6069088.0,databento
2024-08-29,557.98,563.67,557.18,558.8599999999999,6617876.0,databento
2024-08-30,560.89,564.19,557.1399999999999,563.4599999999999,7998042.0,databento
2024-09-03,564.13,564.3899999999999,549.52,551.28,8461634.0,databento
2024-09-04,550.38,554.4199999999998,549.4699999999999,550.05,7278633.0,databento
2024-09-05,551.9899999999999,553.7799999999999,547.0999999999999,549.0499999999998,7230518.0,databento
2024-09-06,546.2999999999998,551.59,537.86,538.75,11488088.0,databento
2024-09-09,543.9699999999999,547.7099999999999,542.68,547.1999999999999,6868861.0,databento
2024-09-10,547.18,549.1499999999999,543.4,548.31,6300627.0,databento
2024-09-11,547.7399999999999,555.36,539.9399999999999,554.34,11266157.0,databento
2024-09-12,555.1899999999999,559.4999999999999,552.74,559.26,7674835.0,databento
2024-09-13,559.6599999999999,563.03,559.26,561.65,5570186.0,databento
2024-09-16,562.1199999999999,563.1,559.9,562.5,4742892.0,databento
2024-09-17,563.97,566.58,560.8,563.49,6706232.0,databento
2024-09-18,563.28,568.68,560.8399999999999,565.11,9853854.0,databento
2024-09-19,568.3499999999999,572.88,568.01,570.2399999999999,10333470.0,databento
2024-09-20,568.81,569.3099999999998,565.18,568.15,8398142.0,databento
2024-09-23,568.34,570.3299999999999,567.8099999999998,569.3399999999999,5072257.0,databento
2024-09-24,570.7199999999999,571.41,567.6,571.21,6315105.0,databento
2024-09-25,570.44,571.89,568.92,570.9699999999999,5550549.0,databento
2024-09-26,574.6199999999999,574.9999999999999,569.91,572.45,6842101.0,databento
2024-09-27,571.4,574.22,570.42,570.71,5869956.0,databento
2024-09-30,571.57,574.38,568.08,573.23,7869481.0,databento
2024-10-01,573.6299999999999,574.38,566.01,567.76,11701420.0,databento
2024-10-02,567.92,570.03,565.27,569.71,5407128.0,databento
2024-10-03,566.2,569.81,565.5,567.8,6167724.0,databento
2024-10-04,568.85,573.36,568.1299999999999,572.3,7473719.0,databento
2024-10-07,570.9,571.95,565.8299999999999,567.7099999999999,7066638.0,databento
2024-10-08,568.09,573.78,567.8399999999999,572.6999999999999,6165457.0,databento
2024-10-09,571.88,577.7,571.53,577.0,5353282.0,databento
2024-10-10,576.2799999999999,577.58,574.4899999999999,576.77,5771713.0,databento
2024-10-11,575.95,580.33,575.27,578.54,5204238.0,databento
2024-10-14,580.01,585.27,579.85,584.71,4929996.0,databento
2024-10-15,584.3999999999999,584.9,578.5499999999998,579.81,7115578.0,databento
2024-10-16,580.23,582.82,578.9599999999999,581.5499999999998,4768634.0,databento
2024-10-17,583.56,586.3,582.1599999999999,582.9,4551646.0,databento
2024-10-18,583.64,585.3899999999999,582.59,584.6499999999999,3477832.0,databento
2024-10-21,584.35,584.83,580.61,583.5999999999999,4799621.0,databento
2024-10-22,582.37,584.5,580.3099999999998,583.07,4668692.0,databento
2024-10-23,582.9299999999998,583.2,574.42,578.5799999999999,6503563.0,databento
2024-10-24,580.0,581.1699999999998,576.5699999999999,579.2499999999999,4994721.0,databento
2024-10-25,580.5299999999999,584.4599999999999,577.66,577.9,5672611.0,databento
2024-10-28,582.11,582.9599999999999,580.47,580.73,4442425.0,databento
2024-10-29,581.11,583.26,578.43,583.07,4648618.0,databento
2024-10-30,582.89,583.32,577.8099999999998,577.87,5341994.0,databento
2024-10-31,575.57,576.9,568.44,569.3399999999999,7707853.0,databento
2024-11-01,570.22,575.55,570.07,570.76,6066157.0,databento
2024-11-04,571.85,572.7999999999998,567.89,569.7599999999999,4498343.0,databento
2024-11-05,570.86,577.7,570.15,576.9799999999999,4800860.0,databento
2024-11-06,589.87,591.92,585.4,590.87,9589772.0,databento
2024-11-07,592.1899999999999,596.6399999999999,591.82,596.02,5103865.0,databento
2024-11-08,596.2499999999999,599.63,594.81,598.0,5750219.0,databento
2024-11-11,599.63,600.97,597.0,598.25,4277484.0,databento
2024-11-12,598.7099999999999,599.2899999999998,594.38,596.39,4906633.0,databento
2024-11-13,596.43,599.23,594.96,597.65,5255091.0,databento
2024-11-14,597.75,598.3299999999999,592.2,592.44,4919924.0,databento
2024-11-15,590.35,591.3599999999999,583.86,585.98,6820628.0,databento
2024-11-18,586.78,589.49,584.79,587.8499999999999,4429616.0,databento
2024-11-19,588.02,591.05,581.91,590.87,4952692.0,databento
2024-11-20,591.41,592.06,584.64,590.61,5786030.0,databento
2024-11-21,588.86,595.11,587.35,593.04,6444440.0,databento
2024-11-22,593.74,596.75,591.08,596.4,4348232.0,databento
2024-11-25,598.16,600.83,595.1999999999999,596.2899999999998,5859622.0,databento
2024-11-26,597.06,601.3299999999999,596.97,601.0799999999999,5223730.0,databento
2024-11-27,600.17,600.99,597.2799999999999,599.1899999999999,4016166.0,databento
2024-11-29,600.58,603.3499999999999,599.3499999999999,603.14,3496218.0,databento
2024-12-02,601.5899999999999,604.3099999999998,601.2399999999999,603.8599999999999,3682691.0,databento
2024-12-03,604.0,604.6,602.3599999999999,604.48,3171955.0,databento
2024-12-04,605.24,607.8899999999999,604.96,607.2499999999999,4538885.0,databento
2024-12-05,607.27,608.48,605.7799999999999,606.21,3778916.0,databento
2024-12-06,606.69,609.0699999999999,605.77,607.2499999999999,3362202.0,databento
2024-12-09,608.5,608.5,604.0799999999999,604.3,4544198.0,databento
2024-12-10,604.13,605.69,602.14,603.24,3961597.0,databento
2024-12-11,603.34,608.4299999999998,603.23,606.91,3594334.0,databento
2024-12-12,606.72,607.1499999999999,603.97,604.9799999999999,3713778.0,databento
2024-12-13,606.23,607.16,602.81,604.07,4368710.0,databento
2024-12-16,604.67,607.7749999999999,604.45,606.18,4649583.0,databento
2024-12-17,604.84,605.6499999999999,602.89,603.9,6113194.0,databento
2024-12-18,604.8799999999999,606.4,583.1799999999998,586.77,13141943.0,databento
2024-12-19,589.08,593.0,585.79,586.15,9194949.0,databento
2024-12-20,581.4,595.75,577.73,592.17,13308289.0,databento
2024-12-23,592.7999999999998,595.3,587.67,594.65,6047333.0,databento
2024-12-24,594.86,602.1999999999999,594.86,601.2,3681338.0,databento
2024-12-26,599.9299999999998,602.4799999999999,598.09,601.16,3596478.0,databento
2024-12-27,599.2199999999999,599.97,590.77,594.9399999999999,7178959.0,databento
2024-12-30,593.42,593.85,584.42,587.76,6376406.0,databento
2024-12-31,588.0099999999999,590.99,584.42,586.49,7782415.0,databento
2025-01-02,588.98,592.06,580.4999999999999,584.23,8482362.0,databento
2025-01-03,585.92,592.59,585.49,591.82,6283753.0,databento
2025-01-06,593.7299999999999,599.6999999999999,593.59,595.7399999999999,6393957.0,databento
2025-01-07,595.62,597.73,586.78,589.15,7428676.0,databento
2025-01-08,590.2,590.81,585.2,588.51,6115333.0,databento
2025-01-10,588.37,589.55,578.56,579.94,11043568.0,databento
2025-01-13,576.5399999999998,583.88,575.0299999999999,583.46,6448238.0,databento
2025-01-14,584.5,585.9899999999999,578.35,582.56,6576138.0,databento
2025-01-15,582.5099999999999,593.94,582.37,593.2,7545326.0,databento
2025-01-16,594.7799999999999,594.9699999999999,590.3099999999998,591.44,4766614.0,databento
2025-01-17,593.4,599.36,593.17,597.58,6119003.0,databento
2025-01-21,599.2599999999999,604.06,598.6799999999998,603.88,4702206.0,databento
2025-01-22,605.31,607.8199999999999,605.13,605.9699999999999,4730854.0,databento
2025-01-23,604.97,609.75,604.55,609.15,3984357.0,databento
2025-01-24,609.1599999999999,610.78,606.81,607.58,4092293.0,databento
2025-01-27,596.91,600.68,589.88,599.9599999999999,9685611.0,databento
2025-01-28,601.29,605.37,597.26,603.7999999999998,5519894.0,databento
2025-01-29,605.96,605.96,599.2199999999999,601.9099999999999,4943522.0,databento
2025-01-30,605.16,606.6,600.7299999999999,605.93,5630222.0,databento
2025-01-31,607.0899999999999,609.9599999999999,600.7,600.7,8592231.0,databento
2025-02-03,593.6299999999999,602.12,590.4999999999999,600.78,9761715.0,databento
2025-02-04,595.92,602.3,595.92,599.7999999999998,5072584.0,databento
2025-02-05,598.51,604.7,597.75,604.49,3961426.0,databento
2025-02-06,605.7,606.4499999999999,602.64,605.5499999999998,4538178.0,databento
2025-02-07,605.83,608.12,600.05,600.62,7426265.0,databento
2025-02-10,602.7399999999999,605.4899999999999,602.46,603.68,3757800.0,databento
2025-02-11,603.1599999999999,605.86,601.87,605.3299999999999,4059870.0,databento
2025-02-12,604.6299999999999,605.73,598.25,604.5299999999999,5447081.0,databento
2025-02-13,602.0,609.94,601.57,609.57,6495894.0,databento
2025-02-14,610.02,610.99,608.6199999999999,609.65,3456028.0,databento
2025-02-18,611.64,612.2999999999998,608.38,611.44,3654061.0,databento
2025-02-19,611.7199999999999,613.23,609.56,612.02,3833081.0,databento
2025-02-20,611.54,612.18,607.0199999999999,610.42,4513135.0,databento
2025-02-21,610.42,611.17,599.47,600.16,7283034.0,databento
2025-02-24,602.66,603.77,596.49,597.09,6643837.0,databento
2025-02-25,595.88,598.1999999999999,589.56,595.63,7370388.0,databento
2025-02-26,596.92,599.5799999999999,591.85,595.0699999999999,6181798.0,databento
2025-02-27,597.6299999999999,598.63,584.6499999999999,586.05,10188323.0,databento
2025-02-28,586.62,594.71,582.43,593.81,11726210.0,databento
2025-03-03,594.0499999999998,597.58,579.9,584.63,10744614.0,databento
2025-03-04,584.61,585.4199999999998,572.2499999999999,580.97,15625659.0,databento
2025-03-05,579.93,584.8799999999999,573.11,582.5,10728270.0,databento
2025-03-06,578.41,580.17,570.12,574.29,10963178.0,databento
2025-03-07,574.1399999999999,577.95,565.63,574.85,12423445.0,databento
2025-03-10,572.74,573.23,555.5999999999999,558.5,13527181.0,databento
2025-03-11,561.44,563.7499999999999,552.01,557.88,13135356.0,databento
2025-03-12,558.17,565.97,553.71,560.5899999999999,11013254.0,databento
2025-03-13,555.33,559.5999999999999,549.68,554.1299999999999,9414954.0,databento
2025-03-14,554.2599999999999,563.82,554.2599999999999,562.13,8759082.0,databento
2025-03-17,559.9799999999999,569.705,559.42,567.1099999999999,6964889.0,databento
2025-03-18,565.9299999999998,567.39,559.07,561.2299999999999,7235353.0,databento
2025-03-19,560.47,570.95,560.47,568.75,8366689.0,databento
2025-03-20,569.13,570.5599999999998,562.56,565.69,7758852.0,databento
2025-03-21,563.1,565.11,558.0299999999999,565.11,7548015.0,databento
2025-03-24,569.3,575.15,569.1499999999999,573.81,6894685.0,databento
2025-03-25,573.44,576.4099999999999,572.98,575.98,4385512.0,databento
2025-03-26,575.18,576.32,566.0799999999999,567.5,6384680.0,databento
2025-03-27,568.47,570.89,564.94,566.58,5993596.0,databento
2025-03-28,564.57,567.09,553.74,554.15,8961432.0,databento
2025-03-31,552.21,560.7,546.87,557.0399999999998,11169309.0,databento
2025-04-01,557.54,562.9499999999999,553.67,561.7699999999999,7549384.0,databento
2025-04-02,559.56,570.79,542.1499999999999,544.84,12328775.0,databento
2025-04-03,547.67,549.42,534.95,536.1999999999999,15989421.0,databento
2025-04-04,534.11,535.0,502.2099999999999,505.67,31242348.0,databento
2025-04-07,491.0899999999999,523.1299999999999,481.8,509.58,47277238.0,databento
2025-04-08,513.33,524.98,487.74999999999994,490.6,29422140.0,databento
2025-04-09,491.2699999999999,547.11,485.25999999999993,545.7599999999999,40318047.0,databento
2025-04-10,534.8599999999999,539.32,509.56999999999994,522.02,26978596.0,databento
2025-04-11,526.47,536.4299999999998,520.0999999999999,534.2,15092213.0,databento
2025-04-14,541.5699999999999,544.4499999999999,533.86,536.79,10031616.0,databento
2025-04-15,540.77,543.23,532.52,533.61,7355050.0,databento
2025-04-16,529.66,537.37,520.3,525.87,11034240.0,databento
2025-04-17,531.5,531.55,523.92,527.05,8816329.0,databento
2025-04-21,520.7999999999998,522.45,508.46,516.0699999999999,8970928.0,databento
2025-04-22,518.57,537.7999999999998,517.3,536.6,11174584.0,databento
2025-04-23,536.69,545.36,533.88,536.87,13767529.0,databento
2025-04-24,533.25,549.3,531.19,548.42,8145386.0,databento
2025-04-25,549.32,551.68,543.7,551.15,7618367.0,databento
2025-04-28,548.77,553.54,545.02,550.95,5317476.0,databento
2025-04-29,552.83,555.42,547.95,552.99,6008341.0,databento
2025-04-30,553.28,559.74,541.52,559.2,10286702.0,databento
2025-05-01,560.28,564.05,555.3,557.18,7614206.0,databento
2025-05-02,560.9699999999999,568.38,559.45,566.9,7706326.0,databento
2025-05-05,563.26,566.65,561.7,562.87,4297467.0,databento
2025-05-06,560.4599999999999,565.0599999999998,556.8199999999999,563.33,6023752.0,databento
2025-05-07,562.35,563.8,556.04,561.0699999999999,7506532.0,databento
2025-05-08,565.56,570.31,561.7,564.34,7850050.0,databento
2025-05-09,565.37,567.88,562.81,564.97,5083955.0,databento
2025-05-12,578.5799999999999,583.96,577.03,582.1599999999999,10873868.0,databento
2025-05-13,580.64,589.08,580.33,587.35,8811485.0,databento
2025-05-14,587.54,588.98,585.5349999999999,586.08,11073565.0,databento
2025-05-15,584.47,590.97,583.4,590.07,12458939.0,databento
2025-05-16,591.16,594.5,588.1999999999999,588.25,8948232.0,databento
2025-05-19,587.49,596.05,586.21,595.34,9572181.0,databento
2025-05-20,593.4699999999999,594.38,589.62,592.3499999999999,9151087.0,databento
2025-05-21,590.29,592.5799999999999,581.82,583.08,16393241.0,databento
2025-05-22,583.97,586.62,580.0,583.1799999999998,11829402.0,databento
2025-05-23,584.1,584.61,573.3099999999998,578.9999999999999,12191576.0,databento
2025-05-27,588.12,591.77,584.37,591.3299999999999,11483349.0,databento
2025-05-28,589.92,597.1199999999999,586.8899999999999,596.5999999999999,10492161.0,databento
2025-05-29,598.1399999999999,598.2999999999998,586.0599999999998,588.29,12060307.0,databento
2025-05-30,589.18,591.12,583.26,588.3899999999999,14025436.0,databento
2025-06-02,586.11,593.43,585.06,591.5,9108557.0,databento
2025-06-03,589.8599999999999,597.0799999999999,589.01,596.3499999999999,9251358.0,databento
2025-06-04,596.9899999999999,597.9499999999999,595.4199999999998,595.4199999999998,8147989.0,databento
2025-06-05,597.17,599.72,591.06,592.82,15290215.0,databento
2025-06-06,595.35,600.8199999999999,594.65,599.71,10533581.0,databento
2025-06-09,599.5499999999998,601.25,598.4899999999999,599.92,7164642.0,databento
2025-06-10,599.02,603.6399999999999,598.34,602.5799999999999,9168243.0,databento
2025-06-11,601.9099999999999,606.3,599.27,600.4699999999999,11610584.0,databento
2025-06-12,598.6799999999998,603.75,597.5299999999999,600.2,9325130.0,databento
2025-06-13,596.46,601.84,595.4899999999999,597.46,15849488.0,databento
2025-06-16,600.32,604.45,598.93,598.95,12028608.0,databento
2025-06-17,598.9999999999999,601.7499999999999,595.59,596.0899999999999,12937006.0,databento
2025-06-18,598.9999999999999,601.22,596.47,597.19,11303301.0,databento
2025-06-20,595.5199999999999,599.46,592.86,595.4499999999999,12628820.0,databento
2025-06-23,595.34,603.65,591.9,603.45,13994374.0,databento
2025-06-24,588.79,607.84,588.79,606.9,8698905.0,databento
2025-06-25,607.1499999999999,608.47,605.54,607.07,8766656.0,databento
2025-06-26,608.52,612.82,608.25,612.05,8946130.0,databento
2025-06-27,613.5699999999999,616.3899999999999,610.83,613.58,12857190.0,databento
2025-06-30,617.2,619.22,615.04,617.64,12566418.0,databento
2025-07-01,617.18,618.83,615.5199999999999,617.87,11502800.0,databento
2025-07-02,618.3699999999999,620.7599999999999,616.34,620.58,8708801.0,databento
2025-07-03,621.2799999999999,626.27,620.52,625.01,7403711.0,databento
2025-07-07,622.83,624.59,617.88,619.9999999999999,11932691.0,databento
2025-07-08,621.7199999999999,622.1099999999999,619.5199999999999,620.3499999999999,9233065.0,databento
2025-07-09,620.45,624.72,620.34,623.71,8285278.0,databento
2025-07-10,622.8399999999999,626.8699999999999,622.74,626.06,7610459.0,databento
2025-07-11,622.74,624.86,621.46,623.01,8529448.0,databento
2025-07-14,621.4699999999999,625.15,621.1199999999999,624.11,6857337.0,databento
2025-07-15,626.69,627.93,620.4,621.0,9162346.0,databento
2025-07-16,621.27,624.7299999999999,618.0499999999998,623.21,10945144.0,databento
2025-07-17,624.4,628.76,623.73,628.67,8789378.0,databento
2025-07-18,628.6899999999999,629.47,626.46,627.69,7449622.0,databento
2025-07-21,629.15,631.54,628.1799999999998,629.0399999999998,8374726.0,databento
2025-07-22,628.25,630.5699999999999,626.19,630.5699999999999,8962589.0,databento
2025-07-23,630.6099999999999,635.3999999999999,629.73,634.58,9740541.0,databento
2025-07-24,633.95,636.15,633.5499999999998,635.45,9577145.0,databento
2025-07-25,635.16,637.5699999999999,634.71,637.5,7284296.0,databento
2025-07-28,639.23,639.3299999999999,635.54,637.36,7254372.0,databento
2025-07-29,638.49,638.89,634.335,635.3099999999998,8632248.0,databento
2025-07-30,636.09,639.29,631.55,638.94,12226332.0,databento
2025-07-31,641.32,641.4399999999999,629.9999999999999,631.01,17918542.0,databento
2025-08-01,628.2399999999999,628.2399999999999,619.29,621.3,16181796.0,databento
2025-08-04,624.49,632.39,621.7199999999999,631.78,12110059.0,databento
2025-08-05,631.62,633.0399999999998,626.88,627.1199999999999,11204345.0,databento
2025-08-06,631.22,634.49,628.13,633.65,10597683.0,databento
2025-08-07,634.91,638.1799999999998,629.13,633.3,13012358.0,databento
2025-08-08,633.5499999999998,638.59,633.4799999999999,638.59,10051109.0,databento
2025-08-11,637.31,638.9499999999999,634.66,635.67,9229761.0,databento
2025-08-12,636.72,643.0699999999999,635.14,643.06,11086013.0,databento
2025-08-13,643.5,646.1849999999998,642.68,644.81,9611059.0,databento
2025-08-14,644.56,645.62,641.3799999999999,645.16,10294440.0,databento
2025-08-15,646.8099999999998,647.02,642.51,643.6,8818742.0,databento
2025-08-18,642.9699999999999,644.15,642.0799999999999,643.5799999999999,6921191.0,databento
2025-08-19,642.57,644.1,638.48,639.25,11850550.0,databento
2025-08-20,638.55,639.66,632.9399999999999,637.66,14832842.0,databento
2025-08-21,638.01,638.4,633.81,636.61,8424581.0,databento
2025-08-22,636.02,646.5,635.9399999999999,645.4999999999999,17705830.0,databento
2025-08-25,644.42,645.29,642.3399999999999,643.0099999999999,8480143.0,databento
2025-08-26,641.3799999999999,645.9,641.33,645.74,7662018.0,databento
2025-08-27,645.45,647.44,643.18,644.68,8094011.0,databento
2025-08-28,647.54,649.79,645.3399999999999,648.64,10575735.0,databento
2025-08-29,647.85,648.05,643.1399999999999,644.9299999999998,12465957.0,databento
2025-09-02,640.7399999999999,642.45,634.9199999999998,641.21,13734519.0,databento
2025-09-03,641.96,644.21,640.4499999999999,643.3599999999999,12223130.0,databento
2025-09-04,644.46,649.5899999999999,643.51,649.55,9944387.0,databento
2025-09-05,650.38,652.2099999999999,643.3299999999999,645.96,16242152.0,databento
2025-09-08,648.18,649.835,647.2299999999999,649.26,10745812.0,databento
2025-09-09,649.7199999999999,651.85,647.22,651.15,9423628.0,databento
2025-09-10,652.3699999999999,654.7999999999998,650.63,652.7499999999999,11379366.0,databento
2025-09-11,653.32,658.33,652.0799999999999,657.72,9981844.0,databento
2025-09-12,657.0999999999999,659.13,656.26,657.25,9385770.0,databento
2025-09-15,658.64,661.04,657.3599999999999,660.64,10107919.0,databento
2025-09-16,661.76,662.65,659.2099999999999,660.3299999999999,8661354.0,databento
2025-09-17,660.19,661.7699999999999,654.3,661.49,18093342.0,databento
2025-09-18,663.06,665.1,660.28,663.41,12851003.0,databento
2025-09-19,660.4899999999999,664.5499999999998,660.3749999999999,663.42,12196923.0,databento
2025-09-22,661.82,667.29,661.4499999999999,666.76,9794647.0,databento
2025-09-23,666.6599999999999,667.34,661.98,663.55,12168876.0,databento
2025-09-24,664.38,664.66,659.67,661.6699999999998,10872476.0,databento
2025-09-25,661.2199999999999,661.59,654.4049999999999,657.86,13424997.0,databento
2025-09-26,659.12,662.36,657.88,662.1,9177673.0,databento
2025-09-29,664.6,665.8,661.87,663.31,9816836.0,databento
2025-09-30,662.52,666.65,661.6099999999999,664.65,11886011.0,databento
2025-10-01,661.2,669.3699999999999,660.96,668.3799999999999,9841437.0,databento
2025-10-02,669.2799999999999,670.74,666.7799999999999,669.43,8330124.0,databento
2025-10-03,671.14,672.67,668.17,669.5999999999999,10979684.0,databento
2025-10-06,670.6199999999999,672.5699999999999,669.46,670.67,9093248.0,databento
2025-10-07,670.89,673.09,667.675,668.9,13312308.0,databento
2025-10-08,670.08,674.06,669.42,673.8,10095298.0,databento
2025-10-09,673.12,673.93,669.22,671.97,10714879.0,databento
2025-10-10,671.98,673.95,646.1999999999999,652.1499999999999,26202407.0,databento
2025-10-13,663.07,664.6099999999999,658.97,662.74,12586961.0,databento
2025-10-14,657.27,665.83,653.1999999999999,662.8899999999999,13274272.0,databento
2025-10-15,665.18,670.2299999999999,658.93,665.16,11746797.0,databento
2025-10-16,667.0099999999999,668.6999999999999,657.11,658.82,16559255.0,databento
2025-10-17,654.11,665.75,651.42,665.24,12908556.0,databento
2025-10-20,667.12,672.21,665.2199999999999,671.72,12120782.0,databento
2025-10-21,670.8,672.99,669.99,670.9999999999999,10706132.0,databento
2025-10-22,672.29,672.36,663.2999999999998,666.7799999999999,15866248.0,databento
2025-10-23,668.81,672.71,666.0199999999999,672.32,12563563.0,databento
2025-10-24,673.2099999999999,678.46,672.9199999999998,677.31,13104244.0,databento
2025-10-27,682.69,686.08,682.1199999999999,685.5399999999998,11640902.0,databento
2025-10-28,684.89,688.91,684.7,687.28,12411427.0,databento
2025-10-29,688.94,689.6999999999999,682.88,686.7199999999999,19321004.0,databento
2025-10-30,687.3599999999999,687.5599999999998,679.71,684.45,17463866.0,databento
2025-10-31,685.36,686.58,679.24,681.79,17989701.0,databento
2025-11-03,683.67,685.79,679.94,682.5399999999998,11970212.0,databento
2025-11-04,676.52,679.96,673.7499999999999,674.4,17576362.0,databento
2025-11-05,674.62,680.86,672.42,678.5799999999999,15084929.0,databento
2025-11-06,676.55,679.52,668.72,671.7999999999998,15793493.0,databento
2025-11-07,671.7699999999999,672.19,661.21,672.0299999999999,23147011.0,databento
2025-11-10,676.8199999999999,682.17,675.0299999999999,681.57,16515489.0,databento
2025-11-11,680.0499999999998,683.57,678.73,683.04,12457727.0,databento
2025-11-12,684.9999999999999,685.75,680.9399999999999,681.54,15496619.0,databento
2025-11-13,684.12,684.2299999999999,670.5199999999999,672.6299999999999,29384991.0,databento
2025-11-14,670.6499999999999,675.66,663.265,672.9199999999998,24980054.0,databento
2025-11-17,676.14,676.16,662.17,666.42,25653572.0,databento
2025-11-18,664.03,665.1199999999999,655.86,660.77,29439301.0,databento
2025-11-19,660.44,669.4999999999999,658.74,669.4999999999999,24508028.0,databento
2025-11-20,670.98,675.56,650.99,653.15,44426322.0,databento
2025-11-21,655.19,664.5499999999998,649.45,659.3699999999999,37610285.0,databento
2025-11-24,663.5,670.06,659.52,669.25,16843128.0,databento
2025-11-25,667.8699999999999,676.2,664.49,675.33,20598324.0,databento
2025-11-26,677.21,681.7,675.85,680.1099999999999,16536242.0,databento
2025-11-28,681.7699999999999,684.2999999999998,680.52,683.5899999999999,9178852.0,databento
2025-12-01,679.72,682.9899999999999,677.9699999999999,679.93,13251656.0,databento
2025-12-02,680.4599999999999,683.8199999999999,679.33,682.15,16095198.0,databento
2025-12-03,683.16,684.8999999999999,679.46,683.9099999999999,13514940.0,databento
2025-12-04,683.55,685.71,681.34,683.9799999999999,16509869.0,databento
2025-12-05,685.7699999999999,688.3899999999999,683.67,685.7999999999998,15935749.0,databento
2025-12-08,686.5299999999999,687.32,681.57,684.8099999999998,12675622.0,databento
2025-12-09,684.4299999999998,685.385,682.5399999999998,682.85,13010554.0,databento
2025-12-10,683.51,688.97,681.31,686.5999999999999,21877247.0,databento
2025-12-11,683.06,691.24,682.17,689.04,20980819.0,databento
2025-12-12,689.52,689.8599999999999,679.175,681.95,30444705.0,databento
2025-12-15,684.12,685.87,679.26,680.34,26492854.0,databento
2025-12-16,678.6099999999999,682.1199999999999,674.99,678.0299999999999,28807440.0,databento
2025-12-17,679.7899999999998,681.5,671.2,671.88,27633625.0,databento
2025-12-18,673.4599999999999,680.7199999999999,673.2399999999999,676.54,32482909.0,databento
2025-12-19,676.68,681.35,674.8399999999999,681.18,22203377.0,databento
2025-12-22,682.43,685.36,682.37,684.93,13536500.0,databento
2025-12-23,684.89,688.2,683.32,687.48,14762783.0,databento
2025-12-24,687.45,690.825,687.45,689.5699999999999,7361458.0,databento
2025-12-26,690.0199999999999,691.6499999999999,689.27,690.1,9856731.0,databento
2025-12-29,688.5,689.1899999999999,686.07,687.48,12527769.0,databento
2025-12-30,687.93,688.5499999999998,686.4999999999999,686.7,9913870.0,databento
