study                                             , reward_function, trial_number, state                , rejected_reason      , search_objective_value, fold_median_calmar  , fold_iqr_calmar    , fold_calmars                                                                       , full_dev_cagr_pct, full_dev_calmar, full_dev_max_drawdown_pct, full_dev_trades, vixThreshold, smaKill, smaDef, confirmDays, rsiOB, rsiRe, cooldown, defSell, rsiPeriod, rsiTrim, uproSplit, exitVix, vixEntry, spxuAllocation, killBufferBps, killConfirmDays, reentryMinConditions, reentryToleranceBps
step2_upro_tqqq_6state__confirmed_locked          , calmar         ,            0, COMPLETE             ,                      , 0.8795000000000002    , 1.0535              , 0.348              , "[1.02, 0.173, 1.087, 1.364]"                                                      , 30.88            , 0.777          , -39.77                   ,             210,             ,        ,       ,            ,      ,      ,        6,      75,        23,      35,        20,        ,         ,               ,              ,                ,                     ,                    
step2_upro_tqqq_6state__confirmed_locked          , calmar         ,            1, COMPLETE             ,                      , 0.72025               , 0.9015              , 0.36250000000000004, "[0.985, 0.149, 0.818, 1.098]"                                                     , 26.39            , 0.657          , -40.19                   ,             210,             ,        ,       ,            ,      ,      ,        3,      25,        26,      35,        70,        ,         ,               ,              ,                ,                     ,                    
step2_upro_tqqq_6state__confirmed_locked          , calmar         ,            2, COMPLETE             ,                      , 0.8703749999999999    , 1.059               , 0.3772500000000001 , "[1.013, 0.179, 1.105, 1.412]"                                                     , 31.97            , 0.816          , -39.16                   ,             218,             ,        ,       ,            ,      ,      ,        1,      75,        25,      15,        25,        ,         ,               ,              ,                ,                     ,                    
step2_upro_tqqq_6state__confirmed_locked          , calmar         ,            3, COMPLETE             ,                      , 0.8652499999999999    , 1.021               , 0.3115000000000001 , "[1.009, 0.216, 1.033, 1.39]"                                                      , 32.3             , 0.851          , -37.97                   ,             220,             ,        ,       ,            ,      ,      ,        3,      40,        18,      25,        30,        ,         ,               ,              ,                ,                     ,                    
step2_upro_tqqq_6state__confirmed_locked          , calmar         ,            4, COMPLETE             ,                      , 0.6733750000000001    , 0.8745              , 0.4022500000000001 , "[1.0, 0.252, 0.749, 1.108]"                                                       , 26.77            , 0.648          , -41.3                    ,             256,             ,        ,       ,            ,      ,      ,       10,      30,        13,      25,        45,        ,         ,               ,              ,                ,                     ,                    
step2_upro_tqqq_6state__confirmed_locked          , calmar         ,            5, PRUNED               ,                      , 0.949                 ,                     ,                    , "[1.012, 0.315, 0.949]"                                                            , 32.63            , 0.8            , -40.79                   ,             212,             ,        ,       ,            ,      ,      ,       12,      35,        18,      35,        10,        ,         ,               ,              ,                ,                     ,                    
step2_upro_tqqq_6state__confirmed_locked          , calmar         ,            6, PRUNED               ,                      , 0.785                 ,                     ,                    , [0.785]                                                                            , 17.06            , 0.389          , -43.83                   ,             370,             ,        ,       ,            ,      ,      ,       10,      30,         8,      50,        90,        ,         ,               ,              ,                ,                     ,                    
step2_upro_tqqq_6state__confirmed_locked          , calmar         ,            7, PRUNED               ,                      , 0.842                 ,                     ,                    , [0.842]                                                                            , 25.1             , 0.579          , -43.34                   ,             338,             ,        ,       ,            ,      ,      ,       13,      40,         9,      40,        45,        ,         ,               ,              ,                ,                     ,                    
step2_upro_tqqq_6state__confirmed_locked          , calmar         ,            8, PRUNED               ,                      , 0.949                 ,                     ,                    , [0.949]                                                                            , 30.22            , 0.774          , -39.03                   ,             454,             ,        ,       ,            ,      ,      ,        2,      50,         7,      50,        30,        ,         ,               ,              ,                ,                     ,                    
step2_upro_tqqq_6state__confirmed_locked          , calmar         ,            9, PRUNED               ,                      , 0.903                 ,                     ,                    , "[1.012, 0.262, 0.903]"                                                            , 30.04            , 0.734          , -40.96                   ,             212,             ,        ,       ,            ,      ,      ,       10,      40,        18,      30,        25,        ,         ,               ,              ,                ,                     ,                    
step2_upro_tqqq_6state__confirmed_locked          , calmar         ,           10, PRUNED               ,                      , 0.987                 ,                     ,                    , [0.987]                                                                            , 27.88            , 0.736          , -37.87                   ,             210,             ,        ,       ,            ,      ,      ,        5,      65,        24,      50,        45,        ,         ,               ,              ,                ,                     ,                    
step2_upro_tqqq_6state__confirmed_locked          , calmar         ,           11, COMPLETE             ,                      , 0.864125              , 1.048               , 0.36775            , "[1.013, 0.245, 1.083, 1.506]"                                                     , 33.13            , 0.849          , -39.02                   ,             214,             ,        ,       ,            ,      ,      ,        2,      70,        24,      15,        25,        ,         ,               ,              ,                ,                     ,                    
step2_upro_tqqq_6state__confirmed_locked          , calmar         ,           12, PRUNED               ,                      , 0.984                 ,                     ,                    , [0.984]                                                                            , 27.13            , 0.689          , -39.37                   ,             210,             ,        ,       ,            ,      ,      ,        6,      70,        25,      20,        45,        ,         ,               ,              ,                ,                     ,                    
step2_upro_tqqq_6state__confirmed_locked          , calmar         ,           13, COMPLETE             ,                      , 0.8949999999999999    , 1.134               , 0.478              , "[1.024, 0.274, 1.244, 1.526]"                                                     , 34.7             , 0.878          , -39.54                   ,             210,             ,        ,       ,            ,      ,      ,        2,      70,        28,      50,        15,        ,         ,               ,              ,                ,                     ,                    
step2_upro_tqqq_6state__confirmed_locked          , calmar         ,           14, COMPLETE             ,                      , 0.8852499999999999    , 1.1124999999999998  , 0.4545             , "[1.019, 0.26, 1.206, 1.517]"                                                      , 33.89            , 0.863          , -39.28                   ,             214,             ,        ,       ,            ,      ,      ,        2,      70,        24,      50,        20,        ,         ,               ,              ,                ,                     ,                    
step2_upro_tqqq_6state__confirmed_locked          , calmar         ,           15, PRUNED               ,                      , 1.008                 ,                     ,                    , [1.008]                                                                            , 32.29            , 0.836          , -38.63                   ,             210,             ,        ,       ,            ,      ,      ,        2,      65,        28,      45,        30,        ,         ,               ,              ,                ,                     ,                    
step2_upro_tqqq_6state__confirmed_locked          , calmar         ,           16, COMPLETE             ,                      , 0.874375              , 1.1085              , 0.46825000000000006, "[1.02, 0.193, 1.197, 1.535]"                                                      , 33.47            , 0.849          , -39.42                   ,             220,             ,        ,       ,            ,      ,      ,        1,      75,        20,      45,        20,        ,         ,               ,              ,                ,                     ,                    
step2_upro_tqqq_6state__confirmed_locked          , calmar         ,           17, PRUNED               ,                      , 1.059                 ,                     ,                    , "[1.018, 0.196, 1.059]"                                                            , 31.73            , 0.813          , -39.01                   ,             232,             ,        ,       ,            ,      ,      ,        1,      60,        16,      35,        20,        ,         ,               ,              ,                ,                     ,                    
step2_upro_tqqq_6state__confirmed_locked          , calmar         ,           18, COMPLETE             ,                      , 0.8461249999999998    , 1.0539999999999998  , 0.41574999999999995, "[1.013, 0.19, 1.095, 1.607]"                                                      , 31.9             , 0.82           , -38.89                   ,             206,             ,        ,       ,            ,      ,      ,        8,      65,        22,      45,        25,        ,         ,               ,              ,                ,                     ,                    
step2_upro_tqqq_6state__confirmed_locked          , calmar         ,           19, PRUNED               ,                      , 1.365                 ,                     ,                    , "[1.023, 0.185, 1.174, 1.365]"                                                     , 31.64            , 0.79           , -40.04                   ,             206,             ,        ,       ,            ,      ,      ,        6,      65,        27,      50,        15,        ,         ,               ,              ,                ,                     ,                    
step2_upro_tqqq_6state__confirmed_locked          , calmar         ,           20, PRUNED               ,                      , 1.003                 ,                     ,                    , "[1.025, 0.238, 1.003]"                                                            , 31.01            , 0.782          , -39.68                   ,             224,             ,        ,       ,            ,      ,      ,        5,      75,        16,      45,        15,        ,         ,               ,              ,                ,                     ,                    
step2_upro_tqqq_6state__confirmed_locked          , calmar         ,           21, COMPLETE             ,                      , 0.8948750000000001    , 1.1385              , 0.48724999999999996, "[1.024, 0.264, 1.253, 1.526]"                                                     , 35.08            , 0.888          , -39.52                   ,             214,             ,        ,       ,            ,      ,      ,        3,      60,        24,      45,        10,        ,         ,               ,              ,                ,                     ,                    
step2_upro_tqqq_6state__confirmed_locked          , calmar         ,           22, PRUNED               ,                      , 0.99                  ,                     ,                    , [0.99]                                                                             , 30.3             , 0.789          , -38.38                   ,             210,             ,        ,       ,            ,      ,      ,        3,      75,        26,      40,        40,        ,         ,               ,              ,                ,                     ,                    
step2_upro_tqqq_6state__confirmed_locked          , calmar         ,           23, PRUNED               ,                      , 1.314                 ,                     ,                    , "[1.017, 0.215, 1.29, 1.314]"                                                      , 33.88            , 0.851          , -39.83                   ,             218,             ,        ,       ,            ,      ,      ,        1,      45,        23,      45,        10,        ,         ,               ,              ,                ,                     ,                    
step2_upro_tqqq_6state__confirmed_locked          , calmar         ,           24, PRUNED               ,                      , 1.193                 ,                     ,                    , "[1.017, 0.227, 1.165, 1.193]"                                                     , 31.49            , 0.81           , -38.87                   ,             210,             ,        ,       ,            ,      ,      ,        5,      55,        22,      50,        20,        ,         ,               ,              ,                ,                     ,                    
step2_upro_tqqq_6state__confirmed_locked          , calmar         ,           25, PRUNED               ,                      , 1.204                 ,                     ,                    , "[1.02, 0.239, 1.192, 1.204]"                                                      , 32.22            , 0.823          , -39.13                   ,             206,             ,        ,       ,            ,      ,      ,        5,      55,        27,      45,        15,        ,         ,               ,              ,                ,                     ,                    
step2_upro_tqqq_6state__confirmed_locked          , calmar         ,           26, PRUNED               ,                      , 0.99                  ,                     ,                    , [0.99]                                                                             , 30.52            , 0.795          , -38.38                   ,             214,             ,        ,       ,            ,      ,      ,        2,      75,        22,      45,        40,        ,         ,               ,              ,                ,                     ,                    
step2_upro_tqqq_6state__confirmed_locked          , calmar         ,           27, COMPLETE             ,                      , 0.9                   , 1.1385              , 0.4770000000000001 , "[1.028, 0.288, 1.249, 1.533]"                                                     , 35.61            , 0.895          , -39.8                    ,             210,             ,        ,       ,            ,      ,      ,        2,      70,        26,      35,        10,        ,         ,               ,              ,                ,                     ,                    
step2_upro_tqqq_6state__confirmed_locked          , calmar         ,           28, PRUNED               ,                      , 1.507                 ,                     ,                    , "[1.021, 0.276, 1.205, 1.507]"                                                     , 34.66            , 0.883          , -39.26                   ,             214,             ,        ,       ,            ,      ,      ,        2,      60,        25,      35,        15,        ,         ,               ,              ,                ,                     ,                    
step2_upro_tqqq_6state__confirmed_locked          , calmar         ,           29, PRUNED               ,                      , 0.996                 ,                     ,                    , [0.996]                                                                            , 30.4             , 0.8            , -38.0                    ,             214,             ,        ,       ,            ,      ,      ,        3,      60,        22,      30,        40,        ,         ,               ,              ,                ,                     ,                    
step2_upro_tqqq_6state__confirmed_locked          , calmar         ,           30, PRUNED               ,                      , 1.013                 ,                     ,                    , [1.013]                                                                            , 33.1             , 0.857          , -38.62                   ,             210,             ,        ,       ,            ,      ,      ,        2,      55,        27,      45,        25,        ,         ,               ,              ,                ,                     ,                    
step2_upro_tqqq_6state__confirmed_locked          , calmar         ,           31, PRUNED               ,                      , 1.443                 ,                     ,                    , "[1.019, 0.28, 1.182, 1.443]"                                                      , 33.28            , 0.847          , -39.28                   ,             206,             ,        ,       ,            ,      ,      ,        4,      70,        27,      50,        20,        ,         ,               ,              ,                ,                     ,                    
step2_upro_tqqq_6state__confirmed_locked          , calmar         ,           32, PRUNED               ,                      , 1.409                 ,                     ,                    , "[1.018, 0.196, 1.223, 1.409]"                                                     , 32.59            , 0.833          , -39.14                   ,             218,             ,        ,       ,            ,      ,      ,        1,      65,        23,      50,        20,        ,         ,               ,              ,                ,                     ,                    
step2_upro_tqqq_6state__confirmed_locked          , calmar         ,           33, COMPLETE             ,                      , 0.8940000000000001    , 1.12                , 0.45199999999999996, "[1.024, 0.289, 1.216, 1.521]"                                                     , 35.46            , 0.897          , -39.52                   ,             210,             ,        ,       ,            ,      ,      ,        2,      60,        28,      25,        10,        ,         ,               ,              ,                ,                     ,                    
step2_upro_tqqq_6state__confirmed_locked          , calmar         ,           34, PRUNED               ,                      , 1.018                 ,                     ,                    , [1.018]                                                                            , 33.6             , 0.861          , -39.01                   ,             214,             ,        ,       ,            ,      ,      ,        3,      60,        25,      25,        20,        ,         ,               ,              ,                ,                     ,                    
step2_upro_tqqq_6state__confirmed_locked          , calmar         ,           35, PRUNED               ,                      , 1.422                 ,                     ,                    , "[1.028, 0.22, 1.284, 1.422]"                                                      , 34.26            , 0.861          , -39.8                    ,             214,             ,        ,       ,            ,      ,      ,        1,      70,        27,      40,        10,        ,         ,               ,              ,                ,                     ,                    
step2_upro_tqqq_6state__confirmed_locked          , calmar         ,           36, COMPLETE             ,                      , 0.9024999999999999    , 1.154               , 0.5030000000000001 , "[1.024, 0.289, 1.284, 1.521]"                                                     , 35.4             , 0.896          , -39.52                   ,             210,             ,        ,       ,            ,      ,      ,        2,      60,        28,      50,        10,        ,         ,               ,              ,                ,                     ,                    
step2_upro_tqqq_6state__confirmed_locked          , calmar         ,           37, PRUNED               ,                      , 1.013                 ,                     ,                    , [1.013]                                                                            , 33.1             , 0.86           , -38.49                   ,             214,             ,        ,       ,            ,      ,      ,        2,      50,        24,      45,        25,        ,         ,               ,              ,                ,                     ,                    
step2_upro_tqqq_6state__confirmed_locked          , calmar         ,           38, PRUNED               ,                      , 1.008                 ,                     ,                    , [1.008]                                                                            , 31.77            , 0.825          , -38.5                    ,             206,             ,        ,       ,            ,      ,      ,        4,      60,        27,      40,        30,        ,         ,               ,              ,                ,                     ,                    
step2_upro_tqqq_6state__confirmed_locked          , calmar         ,           39, COMPLETE             ,                      , 0.883625              , 1.131               , 0.49475            , "[1.026, 0.289, 1.236, 1.638]"                                                     , 36.19            , 0.913          , -39.66                   ,             216,             ,        ,       ,            ,      ,      ,        2,      65,        21,      40,        10,        ,         ,               ,              ,                ,                     ,                    
step2_upro_tqqq_6state__confirmed_locked          , calmar         ,           40, PRUNED               ,                      , 1.012                 ,                     ,                    , [1.012]                                                                            , 32.49            , 0.847          , -38.35                   ,             206,             ,        ,       ,            ,      ,      ,        4,      45,        27,      50,        25,        ,         ,               ,              ,                ,                     ,                    
step2_upro_tqqq_6state__confirmed_locked          , calmar         ,           41, COMPLETE             ,                      , 0.8940000000000001    , 1.1325              , 0.477              , "[1.026, 0.264, 1.239, 1.533]"                                                     , 35.16            , 0.887          , -39.66                   ,             210,             ,        ,       ,            ,      ,      ,        3,      65,        27,      40,        10,        ,         ,               ,              ,                ,                     ,                    
step2_upro_tqqq_6state__confirmed_locked          , calmar         ,           42, PRUNED               ,                      , 1.193                 ,                     ,                    , "[1.028, 0.307, 1.193]"                                                            , 34.85            , 0.876          , -39.8                    ,             206,             ,        ,       ,            ,      ,      ,        4,      70,        28,      25,        10,        ,         ,               ,              ,                ,                     ,                    
step2_upro_tqqq_6state__confirmed_locked          , calmar         ,           43, PRUNED               ,                      , 1.49                  ,                     ,                    , "[1.022, 0.265, 1.24, 1.49]"                                                       , 35.05            , 0.89           , -39.38                   ,             214,             ,        ,       ,            ,      ,      ,        3,      55,        24,      40,        10,        ,         ,               ,              ,                ,                     ,                    
step2_upro_tqqq_6state__confirmed_locked          , calmar         ,           44, PRUNED               ,                      , 1.191                 ,                     ,                    , "[1.026, 0.289, 1.191]"                                                            , 35.52            , 0.896          , -39.66                   ,             214,             ,        ,       ,            ,      ,      ,        2,      65,        25,      15,        10,        ,         ,               ,              ,                ,                     ,                    
step2_upro_tqqq_6state__confirmed_locked          , calmar         ,           45, COMPLETE             ,                      , 0.8926250000000002    , 1.12                , 0.4547499999999999 , "[1.03, 0.263, 1.21, 1.542]"                                                       , 35.24            , 0.883          , -39.94                   ,             214,             ,        ,       ,            ,      ,      ,        3,      75,        24,      30,        10,        ,         ,               ,              ,                ,                     ,                    
step2_upro_tqqq_6state__confirmed_locked          , calmar         ,           46, COMPLETE             ,                      , 0.8985                , 1.147               , 0.4970000000000001 , "[1.028, 0.264, 1.266, 1.538]"                                                     , 35.18            , 0.884          , -39.8                    ,             210,             ,        ,       ,            ,      ,      ,        3,      70,        28,      50,        10,        ,         ,               ,              ,                ,                     ,                    
step2_upro_tqqq_6state__confirmed_locked          , calmar         ,           47, COMPLETE             ,                      , 0.891125              , 1.1235              , 0.46475            , "[1.024, 0.264, 1.223, 1.526]"                                                     , 35.09            , 0.888          , -39.52                   ,             214,             ,        ,       ,            ,      ,      ,        3,      60,        22,      35,        10,        ,         ,               ,              ,                ,                     ,                    
step2_upro_tqqq_6state__confirmed_locked          , calmar         ,           48, PRUNED               ,                      , 1.019                 ,                     ,                    , [1.019]                                                                            , 31.58            , 0.804          , -39.28                   ,             210,             ,        ,       ,            ,      ,      ,        5,      70,        25,      45,        20,        ,         ,               ,              ,                ,                     ,                    
step2_upro_tqqq_6state__confirmed_locked          , calmar         ,           49, COMPLETE             ,                      , 0.9031249999999998    , 1.154               , 0.5017500000000001 , "[1.026, 0.289, 1.282, 1.528]"                                                     , 35.43            , 0.893          , -39.66                   ,             214,             ,        ,       ,            ,      ,      ,        2,      65,        24,      50,        10,        ,         ,               ,              ,                ,                     ,                    
step2_upro_tqqq_6state__confirmed_locked          , calmar         ,           50, PRUNED               ,                      , 1.423                 ,                     ,                    , "[1.025, 0.206, 1.257, 1.423]"                                                     , 33.51            , 0.845          , -39.68                   ,             214,             ,        ,       ,            ,      ,      ,        1,      75,        28,      45,        15,        ,         ,               ,              ,                ,                     ,                    
step2_upro_tqqq_6state__confirmed_locked          , calmar         ,           51, COMPLETE             ,                      , 0.9031249999999998    , 1.154               , 0.5017500000000001 , "[1.026, 0.289, 1.282, 1.528]"                                                     , 35.43            , 0.893          , -39.66                   ,             214,             ,        ,       ,            ,      ,      ,        2,      65,        24,      50,        10,        ,         ,               ,              ,                ,                     ,                    
step2_upro_tqqq_6state__confirmed_locked          , calmar         ,           52, COMPLETE             ,                      , 0.883125              , 1.1425              , 0.51875            , "[1.026, 0.289, 1.259, 1.665]"                                                     , 36.33            , 0.916          , -39.66                   ,             216,             ,        ,       ,            ,      ,      ,        2,      65,        20,      50,        10,        ,         ,               ,              ,                ,                     ,                    
step2_upro_tqqq_6state__confirmed_locked          , calmar         ,           53, PRUNED               ,                      , 1.02                  ,                     ,                    , [1.02]                                                                             , 33.28            , 0.844          , -39.42                   ,             210,             ,        ,       ,            ,      ,      ,        4,      75,        24,      50,        20,        ,         ,               ,              ,                ,                     ,                    
step2_upro_tqqq_6state__confirmed_locked          , calmar         ,           54, PRUNED               ,                      , 1.018                 ,                     ,                    , [1.018]                                                                            , 33.5             , 0.856          , -39.14                   ,             214,             ,        ,       ,            ,      ,      ,        3,      65,        23,      40,        20,        ,         ,               ,              ,                ,                     ,                    
step2_upro_tqqq_6state__confirmed_locked          , calmar         ,           55, PRUNED               ,                      , 1.013                 ,                     ,                    , [1.013]                                                                            , 31.97            , 0.822          , -38.89                   ,             214,             ,        ,       ,            ,      ,      ,        1,      65,        27,      35,        25,        ,         ,               ,              ,                ,                     ,                    
step2_upro_tqqq_6state__confirmed_locked          , calmar         ,           56, PRUNED               ,                      , 1.449                 ,                     ,                    , "[1.026, 0.307, 1.259, 1.449]"                                                     , 34.73            , 0.876          , -39.66                   ,             210,             ,        ,       ,            ,      ,      ,        4,      65,        25,      50,        10,        ,         ,               ,              ,                ,                     ,                    
step2_upro_tqqq_6state__confirmed_locked          , calmar         ,           57, PRUNED               ,                      , 1.426                 ,                     ,                    , "[1.03, 0.22, 1.284, 1.426]"                                                       , 34.17            , 0.856          , -39.94                   ,             218,             ,        ,       ,            ,      ,      ,        1,      75,        23,      45,        10,        ,         ,               ,              ,                ,                     ,                    
step2_upro_tqqq_6state__confirmed_locked          , calmar         ,           58, COMPLETE             ,                      , 0.9040000000000001    , 1.1545              , 0.5009999999999999 , "[1.028, 0.288, 1.281, 1.533]"                                                     , 35.49            , 0.892          , -39.8                    ,             210,             ,        ,       ,            ,      ,      ,        2,      70,        27,      50,        10,        ,         ,               ,              ,                ,                     ,                    
step2_upro_tqqq_6state__confirmed_locked          , calmar         ,           59, PRUNED               ,                      , 1.023                 ,                     ,                    , [1.023]                                                                            , 34.37            , 0.872          , -39.4                    ,             210,             ,        ,       ,            ,      ,      ,        3,      65,        28,      45,        15,        ,         ,               ,              ,                ,                     ,                    
step2_upro_tqqq_6state__confirmed_locked          , calmar         ,           60, PRUNED               ,                      , 1.2                   ,                     ,                    , "[1.025, 0.238, 1.2]"                                                              , 32.32            , 0.815          , -39.68                   ,             206,             ,        ,       ,            ,      ,      ,        5,      75,        28,      50,        15,        ,         ,               ,              ,                ,                     ,                    
step2_upro_tqqq_6state__confirmed_locked          , calmar         ,           61, PRUNED               ,                      , 1.419                 ,                     ,                    , "[1.024, 0.207, 1.259, 1.419]"                                                     , 33.48            , 0.847          , -39.54                   ,             218,             ,        ,       ,            ,      ,      ,        1,      70,        25,      45,        15,        ,         ,               ,              ,                ,                     ,                    
step2_upro_tqqq_6state__confirmed_locked          , calmar         ,           62, PRUNED               ,                      , 1.417                 ,                     ,                    , "[1.026, 0.22, 1.314, 1.417]"                                                      , 34.2             , 0.862          , -39.66                   ,             214,             ,        ,       ,            ,      ,      ,        1,      65,        27,      50,        10,        ,         ,               ,              ,                ,                     ,                    
step2_upro_tqqq_6state__confirmed_locked          , calmar         ,           63, COMPLETE             ,                      , 0.89675               , 1.1400000000000001  , 0.48650000000000015, "[1.028, 0.264, 1.252, 1.538]"                                                     , 35.05            , 0.881          , -39.8                    ,             214,             ,        ,       ,            ,      ,      ,        3,      70,        23,      50,        10,        ,         ,               ,              ,                ,                     ,                    
step2_upro_tqqq_6state__confirmed_locked          , calmar         ,           64, PRUNED               ,                      , 1.526                 ,                     ,                    , "[1.024, 0.274, 1.239, 1.526]"                                                     , 34.66            , 0.877          , -39.54                   ,             214,             ,        ,       ,            ,      ,      ,        2,      70,        22,      50,        15,        ,         ,               ,              ,                ,                     ,                    
step2_upro_tqqq_6state__confirmed_locked          , calmar         ,           65, PRUNED               ,                      , 1.216                 ,                     ,                    , "[1.028, 0.251, 1.216]"                                                            , 33.87            , 0.851          , -39.8                    ,             212,             ,        ,       ,            ,      ,      ,        5,      70,        20,      50,        10,        ,         ,               ,              ,                ,                     ,                    
step2_upro_tqqq_6state__confirmed_locked          , calmar         ,           66, PRUNED               ,                      , 1.526                 ,                     ,                    , "[1.024, 0.264, 1.268, 1.526]"                                                     , 35.09            , 0.888          , -39.52                   ,             210,             ,        ,       ,            ,      ,      ,        3,      60,        28,      50,        10,        ,         ,               ,              ,                ,                     ,                    
step2_upro_tqqq_6state__confirmed_locked          , calmar         ,           67, PRUNED               ,                      , 1.022                 ,                     ,                    , [1.022]                                                                            , 34.61            , 0.879          , -39.38                   ,             210,             ,        ,       ,            ,      ,      ,        4,      55,        22,      50,        10,        ,         ,               ,              ,                ,                     ,                    
step2_upro_tqqq_6state__confirmed_locked          , calmar         ,           68, COMPLETE             ,                      , 0.900375              , 1.1545              , 0.5082500000000001 , "[1.028, 0.264, 1.281, 1.538]"                                                     , 35.3             , 0.887          , -39.8                    ,             210,             ,        ,       ,            ,      ,      ,        3,      70,        26,      50,        10,        ,         ,               ,              ,                ,                     ,                    
step2_upro_tqqq_6state__confirmed_locked          , calmar         ,           69, PRUNED               ,                      , 1.41                  ,                     ,                    , "[1.024, 0.22, 1.314, 1.41]"                                                       , 34.27            , 0.867          , -39.52                   ,             214,             ,        ,       ,            ,      ,      ,        1,      60,        26,      45,        10,        ,         ,               ,              ,                ,                     ,                    
step2_upro_tqqq_6state__confirmed_locked          , calmar         ,           70, PRUNED               ,                      , 1.213                 ,                     ,                    , "[1.024, 0.252, 1.213]"                                                            , 34.38            , 0.87           , -39.54                   ,             214,             ,        ,       ,            ,      ,      ,        3,      70,        25,      45,        15,        ,         ,               ,              ,                ,                     ,                    
step2_upro_tqqq_6state__confirmed_locked          , calmar         ,           71, PRUNED               ,                      , 1.023                 ,                     ,                    , [1.023]                                                                            , 33.43            , 0.849          , -39.4                    ,             218,             ,        ,       ,            ,      ,      ,        1,      65,        22,      45,        15,        ,         ,               ,              ,                ,                     ,                    
step2_upro_tqqq_6state__confirmed_locked          , calmar         ,           72, PRUNED               ,                      , 1.235                 ,                     ,                    , "[1.028, 0.251, 1.235]"                                                            , 32.97            , 0.829          , -39.8                    ,             210,             ,        ,       ,            ,      ,      ,        5,      70,        22,      50,        10,        ,         ,               ,              ,                ,                     ,                    
step2_upro_tqqq_6state__confirmed_locked          , calmar         ,           73, PRUNED               ,                      , 1.013                 ,                     ,                    , [1.013]                                                                            , 33.08            , 0.848          , -39.02                   ,             210,             ,        ,       ,            ,      ,      ,        2,      70,        28,      50,        25,        ,         ,               ,              ,                ,                     ,                    
step2_upro_tqqq_6state__confirmed_locked          , calmar         ,           74, PRUNED               ,                      , 1.018                 ,                     ,                    , [1.018]                                                                            , 32.69            , 0.838          , -39.01                   ,             218,             ,        ,       ,            ,      ,      ,        1,      60,        25,      50,        20,        ,         ,               ,              ,                ,                     ,                    
step2_upro_tqqq_6state__confirmed_locked          , calmar         ,           75, COMPLETE             ,                      , 0.8961250000000002    , 1.1375000000000002  , 0.48275            , "[1.028, 0.264, 1.247, 1.538]"                                                     , 35.15            , 0.883          , -39.8                    ,             214,             ,        ,       ,            ,      ,      ,        3,      70,        22,      45,        10,        ,         ,               ,              ,                ,                     ,                    
step2_upro_tqqq_6state__confirmed_locked          , calmar         ,           76, PRUNED               ,                      , 1.023                 ,                     ,                    , [1.023]                                                                            , 32.28            , 0.819          , -39.4                    ,             210,             ,        ,       ,            ,      ,      ,        5,      65,        25,      40,        15,        ,         ,               ,              ,                ,                     ,                    
step2_upro_tqqq_6state__confirmed_locked          , calmar         ,           77, COMPLETE             ,                      , 0.903                 , 1.1535              , 0.5009999999999999 , "[1.026, 0.289, 1.281, 1.528]"                                                     , 35.57            , 0.897          , -39.66                   ,             210,             ,        ,       ,            ,      ,      ,        2,      65,        26,      45,        10,        ,         ,               ,              ,                ,                     ,                    
step2_upro_tqqq_6state__confirmed_locked          , calmar         ,           78, PRUNED               ,                      , 1.018                 ,                     ,                    , [1.018]                                                                            , 33.56            , 0.86           , -39.01                   ,             214,             ,        ,       ,            ,      ,      ,        3,      60,        25,      50,        20,        ,         ,               ,              ,                ,                     ,                    
step2_upro_tqqq_6state__confirmed_locked          , calmar         ,           79, COMPLETE             ,                      , 0.8947499999999999    , 1.133               , 0.47650000000000015, "[1.025, 0.273, 1.241, 1.531]"                                                     , 34.83            , 0.878          , -39.68                   ,             210,             ,        ,       ,            ,      ,      ,        2,      75,        26,      45,        15,        ,         ,               ,              ,                ,                     ,                    
step2_upro_tqqq_6state__confirmed_locked          , calmar         ,           80, PRUNED               ,                      , 1.018                 ,                     ,                    , [1.018]                                                                            , 33.88            , 0.869          , -39.01                   ,             210,             ,        ,       ,            ,      ,      ,        2,      60,        28,      45,        20,        ,         ,               ,              ,                ,                     ,                    
step2_upro_tqqq_6state__confirmed_locked          , calmar         ,           81, PRUNED               ,                      , 1.024                 ,                     ,                    , [1.024]                                                                            , 34.96            , 0.885          , -39.52                   ,             214,             ,        ,       ,            ,      ,      ,        3,      60,        23,      50,        10,        ,         ,               ,              ,                ,                     ,                    
step2_upro_tqqq_6state__confirmed_locked          , calmar         ,           82, COMPLETE             ,                      , 0.9051250000000001    , 1.155               , 0.4997499999999999 , "[1.03, 0.288, 1.28, 1.537]"                                                       , 35.52            , 0.89           , -39.94                   ,             210,             ,        ,       ,            ,      ,      ,        2,      75,        28,      50,        10,        ,         ,               ,              ,                ,                     ,                    
step2_upro_tqqq_6state__confirmed_locked          , calmar         ,           83, PRUNED               ,                      , 1.233                 ,                     ,                    , "[1.025, 0.292, 1.233]"                                                            , 34.18            , 0.862          , -39.68                   ,             206,             ,        ,       ,            ,      ,      ,        4,      75,        26,      50,        15,        ,         ,               ,              ,                ,                     ,                    
step2_upro_tqqq_6state__confirmed_locked          , calmar         ,           84, PRUNED               ,                      , 1.022                 ,                     ,                    , [1.022]                                                                            , 35.35            , 0.898          , -39.38                   ,             210,             ,        ,       ,            ,      ,      ,        2,      55,        27,      50,        10,        ,         ,               ,              ,                ,                     ,                    
step2_upro_tqqq_6state__confirmed_locked          , calmar         ,           85, PRUNED               ,                      , 1.019                 ,                     ,                    , [1.019]                                                                            , 33.29            , 0.848          , -39.28                   ,             206,             ,        ,       ,            ,      ,      ,        4,      70,        28,      45,        20,        ,         ,               ,              ,                ,                     ,                    
step2_upro_tqqq_6state__confirmed_locked          , calmar         ,           86, COMPLETE             ,                      , 0.898375              , 1.1465              , 0.4962500000000001 , "[1.028, 0.264, 1.265, 1.538]"                                                     , 35.16            , 0.883          , -39.8                    ,             214,             ,        ,       ,            ,      ,      ,        3,      70,        25,      50,        10,        ,         ,               ,              ,                ,                     ,                    
step2_upro_tqqq_6state__confirmed_locked          , calmar         ,           87, COMPLETE             ,                      , 0.8976250000000001    , 1.1400000000000001  , 0.4847499999999999 , "[1.03, 0.263, 1.25, 1.542]"                                                       , 35.22            , 0.882          , -39.94                   ,             210,             ,        ,       ,            ,      ,      ,        3,      75,        28,      45,        10,        ,         ,               ,              ,                ,                     ,                    
step2_upro_tqqq_6state__confirmed_locked          , calmar         ,           88, PRUNED               ,                      , 1.019                 ,                     ,                    , [1.019]                                                                            , 33.9             , 0.863          , -39.28                   ,             210,             ,        ,       ,            ,      ,      ,        2,      70,        28,      45,        20,        ,         ,               ,              ,                ,                     ,                    
step2_upro_tqqq_6state__confirmed_locked          , calmar         ,           89, PRUNED               ,                      , 1.018                 ,                     ,                    , [1.018]                                                                            , 33.58            , 0.858          , -39.14                   ,             214,             ,        ,       ,            ,      ,      ,        3,      65,        25,      45,        20,        ,         ,               ,              ,                ,                     ,                    
step2_upro_tqqq_6state__confirmed_locked          , calmar         ,           90, COMPLETE             ,                      , 0.89675               , 1.1400000000000001  , 0.48650000000000015, "[1.028, 0.264, 1.252, 1.538]"                                                     , 35.19            , 0.884          , -39.8                    ,             210,             ,        ,       ,            ,      ,      ,        3,      70,        27,      45,        10,        ,         ,               ,              ,                ,                     ,                    
step2_upro_tqqq_6state__confirmed_locked          , calmar         ,           91, PRUNED               ,                      , 1.024                 ,                     ,                    , [1.024]                                                                            , 34.41            , 0.87           , -39.54                   ,             210,             ,        ,       ,            ,      ,      ,        3,      70,        28,      40,        15,        ,         ,               ,              ,                ,                     ,                    
step2_upro_tqqq_6state__confirmed_locked          , calmar         ,           92, PRUNED               ,                      , 1.024                 ,                     ,                    , [1.024]                                                                            , 34.5             , 0.873          , -39.54                   ,             210,             ,        ,       ,            ,      ,      ,        3,      70,        26,      40,        15,        ,         ,               ,              ,                ,                     ,                    
step2_upro_tqqq_6state__confirmed_locked          , calmar         ,           93, PRUNED               ,                      , 1.024                 ,                     ,                    , [1.024]                                                                            , 34.13            , 0.864          , -39.52                   ,             218,             ,        ,       ,            ,      ,      ,        1,      60,        24,      50,        10,        ,         ,               ,              ,                ,                     ,                    
step2_upro_tqqq_6state__confirmed_locked          , calmar         ,           94, PRUNED               ,                      , 1.226                 ,                     ,                    , "[1.026, 0.252, 1.226]"                                                            , 32.99            , 0.832          , -39.66                   ,             206,             ,        ,       ,            ,      ,      ,        5,      65,        28,      45,        10,        ,         ,               ,              ,                ,                     ,                    
step2_upro_tqqq_6state__confirmed_locked          , calmar         ,           95, PRUNED               ,                      , 1.024                 ,                     ,                    , [1.024]                                                                            , 33.6             , 0.85           , -39.54                   ,             214,             ,        ,       ,            ,      ,      ,        1,      70,        26,      50,        15,        ,         ,               ,              ,                ,                     ,                    
step2_upro_tqqq_6state__confirmed_locked          , calmar         ,           96, PRUNED               ,                      , 1.018                 ,                     ,                    , [1.018]                                                                            , 33.69            , 0.861          , -39.14                   ,             210,             ,        ,       ,            ,      ,      ,        3,      65,        26,      50,        20,        ,         ,               ,              ,                ,                     ,                    
step2_upro_tqqq_6state__confirmed_locked          , calmar         ,           97, PRUNED               ,                      , 1.237                 ,                     ,                    , "[1.03, 0.263, 1.237]"                                                             , 35.24            , 0.882          , -39.94                   ,             210,             ,        ,       ,            ,      ,      ,        3,      75,        28,      40,        10,        ,         ,               ,              ,                ,                     ,                    
step2_upro_tqqq_6state__confirmed_locked          , calmar         ,           98, PRUNED               ,                      , 1.025                 ,                     ,                    , [1.025]                                                                            , 33.5             , 0.844          , -39.68                   ,             214,             ,        ,       ,            ,      ,      ,        1,      75,        27,      50,        15,        ,         ,               ,              ,                ,                     ,                    
step2_upro_tqqq_6state__confirmed_locked          , calmar         ,           99, PRUNED               ,                      , 1.024                 ,                     ,                    , [1.024]                                                                            , 34.5             , 0.873          , -39.54                   ,             210,             ,        ,       ,            ,      ,      ,        3,      70,        26,      50,        15,        ,         ,               ,              ,                ,                     ,                    
step2_upro_tqqq_6state__confirmed_locked          , calmar         ,          100, PRUNED               ,                      , 1.025                 ,                     ,                    , [1.025]                                                                            , 33.49            , 0.844          , -39.68                   ,             218,             ,        ,       ,            ,      ,      ,        1,      75,        25,      50,        15,        ,         ,               ,              ,                ,                     ,                    
step2_upro_tqqq_6state__confirmed_locked          , calmar         ,          101, PRUNED               ,                      , 1.422                 ,                     ,                    , "[1.028, 0.22, 1.312, 1.422]"                                                      , 34.22            , 0.86           , -39.8                    ,             218,             ,        ,       ,            ,      ,      ,        1,      70,        24,      50,        10,        ,         ,               ,              ,                ,                     ,                    
step2_upro_tqqq_6state__confirmed_locked          , calmar         ,          102, PRUNED               ,                      , 1.528                 ,                     ,                    , "[1.026, 0.289, 1.281, 1.528]"                                                     , 35.57            , 0.897          , -39.66                   ,             210,             ,        ,       ,            ,      ,      ,        2,      65,        26,      45,        10,        ,         ,               ,              ,                ,                     ,                    
step2_upro_tqqq_6state__confirmed_locked          , calmar         ,          103, PRUNED               ,                      , 1.025                 ,                     ,                    , [1.025]                                                                            , 34.08            , 0.859          , -39.68                   ,             206,             ,        ,       ,            ,      ,      ,        4,      75,        28,      45,        15,        ,         ,               ,              ,                ,                     ,                    
step2_upro_tqqq_6state__confirmed_locked          , calmar         ,          104, PRUNED               ,                      , 1.02                  ,                     ,                    , [1.02]                                                                             , 33.59            , 0.852          , -39.42                   ,             210,             ,        ,       ,            ,      ,      ,        3,      75,        27,      50,        20,        ,         ,               ,              ,                ,                     ,                    
step2_upro_tqqq_6state__confirmed_locked          , calmar         ,          105, PRUNED               ,                      , 1.013                 ,                     ,                    , [1.013]                                                                            , 32.88            , 0.843          , -39.02                   ,             210,             ,        ,       ,            ,      ,      ,        3,      70,        26,      50,        25,        ,         ,               ,              ,                ,                     ,                    
step2_upro_tqqq_6state__confirmed_locked          , calmar         ,          106, PRUNED               ,                      , 1.019                 ,                     ,                    , [1.019]                                                                            , 34.01            , 0.866          , -39.28                   ,             210,             ,        ,       ,            ,      ,      ,        2,      70,        26,      45,        20,        ,         ,               ,              ,                ,                     ,                    
step2_upro_tqqq_6state__confirmed_locked          , calmar         ,          107, PRUNED               ,                      , 1.018                 ,                     ,                    , [1.018]                                                                            , 33.57            , 0.86           , -39.01                   ,             210,             ,        ,       ,            ,      ,      ,        3,      60,        27,      50,        20,        ,         ,               ,              ,                ,                     ,                    
step2_upro_tqqq_6state__confirmed_locked          , calmar         ,          108, PRUNED               ,                      , 1.02                  ,                     ,                    , [1.02]                                                                             , 33.6             , 0.852          , -39.42                   ,             210,             ,        ,       ,            ,      ,      ,        3,      75,        27,      45,        20,        ,         ,               ,              ,                ,                     ,                    
step2_upro_tqqq_6state__confirmed_locked          , calmar         ,          109, PRUNED               ,                      , 1.453                 ,                     ,                    , "[1.028, 0.307, 1.259, 1.453]"                                                     , 34.79            , 0.874          , -39.8                    ,             206,             ,        ,       ,            ,      ,      ,        4,      70,        28,      50,        10,        ,         ,               ,              ,                ,                     ,                    
step2_upro_tqqq_6state__confirmed_locked          , calmar         ,          110, PRUNED               ,                      , 1.417                 ,                     ,                    , "[1.026, 0.22, 1.313, 1.417]"                                                      , 34.18            , 0.862          , -39.66                   ,             218,             ,        ,       ,            ,      ,      ,        1,      65,        25,      50,        10,        ,         ,               ,              ,                ,                     ,                    
step2_upro_tqqq_6state__confirmed_locked          , calmar         ,          111, COMPLETE             ,                      , 0.901375              , 1.155               , 0.5072499999999999 , "[1.03, 0.263, 1.28, 1.542]"                                                       , 35.34            , 0.885          , -39.94                   ,             210,             ,        ,       ,            ,      ,      ,        3,      75,        26,      50,        10,        ,         ,               ,              ,                ,                     ,                    
step2_upro_tqqq_6state__confirmed_locked          , calmar         ,          112, PRUNED               ,                      , 1.023                 ,                     ,                    , [1.023]                                                                            , 34.13            , 0.866          , -39.4                    ,             206,             ,        ,       ,            ,      ,      ,        4,      65,        26,      50,        15,        ,         ,               ,              ,                ,                     ,                    
step2_upro_tqqq_6state__confirmed_locked          , calmar         ,          113, COMPLETE             ,                      , 0.90225               , 1.1475              , 0.49049999999999994, "[1.028, 0.288, 1.267, 1.533]"                                                     , 35.5             , 0.892          , -39.8                    ,             210,             ,        ,       ,            ,      ,      ,        2,      70,        28,      45,        10,        ,         ,               ,              ,                ,                     ,                    
step2_upro_tqqq_6state__confirmed_locked          , calmar         ,          114, PRUNED               ,                      , 1.023                 ,                     ,                    , [1.023]                                                                            , 34.24            , 0.869          , -39.4                    ,             214,             ,        ,       ,            ,      ,      ,        3,      65,        23,      50,        15,        ,         ,               ,              ,                ,                     ,                    
step2_upro_tqqq_6state__confirmed_locked          , calmar         ,          115, PRUNED               ,                      , 1.528                 ,                     ,                    , "[1.026, 0.289, 1.267, 1.528]"                                                     , 35.44            , 0.894          , -39.66                   ,             214,             ,        ,       ,            ,      ,      ,        2,      65,        24,      45,        10,        ,         ,               ,              ,                ,                     ,                    
step2_upro_tqqq_6state__confirmed_locked          , calmar         ,          116, COMPLETE             ,                      , 0.9021250000000001    , 1.147               , 0.4897499999999999 , "[1.028, 0.288, 1.266, 1.533]"                                                     , 35.48            , 0.892          , -39.8                    ,             214,             ,        ,       ,            ,      ,      ,        2,      70,        25,      45,        10,        ,         ,               ,              ,                ,                     ,                    
step2_upro_tqqq_6state__confirmed_locked          , calmar         ,          117, PRUNED               ,                      , 1.021                 ,                     ,                    , [1.021]                                                                            , 34.52            , 0.879          , -39.26                   ,             214,             ,        ,       ,            ,      ,      ,        2,      60,        23,      50,        15,        ,         ,               ,              ,                ,                     ,                    
step2_upro_tqqq_6state__confirmed_locked          , calmar         ,          118, COMPLETE             ,                      , 0.9003750000000001    , 1.1400000000000001  , 0.47924999999999995, "[1.028, 0.288, 1.252, 1.533]"                                                     , 35.49            , 0.892          , -39.8                    ,             214,             ,        ,       ,            ,      ,      ,        2,      70,        25,      40,        10,        ,         ,               ,              ,                ,                     ,                    
step2_upro_tqqq_6state__confirmed_locked          , calmar         ,          119, PRUNED               ,                      , 1.024                 ,                     ,                    , [1.024]                                                                            , 34.72            , 0.878          , -39.54                   ,             214,             ,        ,       ,            ,      ,      ,        2,      70,        25,      35,        15,        ,         ,               ,              ,                ,                     ,                    
step2_upro_tqqq_6state__confirmed_locked          , calmar         ,          120, PRUNED               ,                      , 1.024                 ,                     ,                    , [1.024]                                                                            , 35.41            , 0.896          , -39.52                   ,             210,             ,        ,       ,            ,      ,      ,        2,      60,        28,      45,        10,        ,         ,               ,              ,                ,                     ,                    
step2_upro_tqqq_6state__confirmed_locked          , calmar         ,          121, PRUNED               ,                      , 1.453                 ,                     ,                    , "[1.028, 0.307, 1.258, 1.453]"                                                     , 34.77            , 0.874          , -39.8                    ,             210,             ,        ,       ,            ,      ,      ,        4,      70,        24,      50,        10,        ,         ,               ,              ,                ,                     ,                    
step2_upro_tqqq_6state__confirmed_locked          , calmar         ,          122, PRUNED               ,                      , 1.426                 ,                     ,                    , "[1.03, 0.22, 1.282, 1.426]"                                                       , 34.28            , 0.858          , -39.94                   ,             218,             ,        ,       ,            ,      ,      ,        1,      75,        24,      40,        10,        ,         ,               ,              ,                ,                     ,                    
step2_upro_tqqq_6state__confirmed_locked          , calmar         ,          123, COMPLETE             ,                      , 0.8995                , 1.1475              , 0.4959999999999999 , "[1.03, 0.263, 1.265, 1.542]"                                                      , 35.21            , 0.882          , -39.94                   ,             210,             ,        ,       ,            ,      ,      ,        3,      75,        27,      50,        10,        ,         ,               ,              ,                ,                     ,                    
step2_upro_tqqq_6state__confirmed_locked          , calmar         ,          124, PRUNED               ,                      , 1.224                 ,                     ,                    , "[1.028, 0.264, 1.224]"                                                            , 35.2             , 0.884          , -39.8                    ,             214,             ,        ,       ,            ,      ,      ,        3,      70,        24,      35,        10,        ,         ,               ,              ,                ,                     ,                    
step2_upro_tqqq_6state__confirmed_locked          , calmar         ,          125, PRUNED               ,                      , 1.024                 ,                     ,                    , [1.024]                                                                            , 33.49            , 0.847          , -39.54                   ,             214,             ,        ,       ,            ,      ,      ,        1,      70,        27,      45,        15,        ,         ,               ,              ,                ,                     ,                    
step2_upro_tqqq_6state__confirmed_locked          , calmar         ,          126, COMPLETE             ,                      , 0.8995                , 1.1475              , 0.4959999999999999 , "[1.03, 0.263, 1.265, 1.542]"                                                      , 35.21            , 0.882          , -39.94                   ,             210,             ,        ,       ,            ,      ,      ,        3,      75,        27,      50,        10,        ,         ,               ,              ,                ,                     ,                    
step2_upro_tqqq_6state__confirmed_locked          , calmar         ,          127, COMPLETE             ,                      , 0.9021250000000001    , 1.147               , 0.4897499999999999 , "[1.028, 0.288, 1.266, 1.533]"                                                     , 35.48            , 0.892          , -39.8                    ,             214,             ,        ,       ,            ,      ,      ,        2,      70,        25,      45,        10,        ,         ,               ,              ,                ,                     ,                    
step2_upro_tqqq_6state__confirmed_locked          , calmar         ,          128, PRUNED               ,                      , 1.023                 ,                     ,                    , [1.023]                                                                            , 34.69            , 0.881          , -39.4                    ,             210,             ,        ,       ,            ,      ,      ,        2,      65,        27,      40,        15,        ,         ,               ,              ,                ,                     ,                    
step2_upro_tqqq_6state__confirmed_locked          , calmar         ,          129, PRUNED               ,                      , 1.025                 ,                     ,                    , [1.025]                                                                            , 34.31            , 0.865          , -39.68                   ,             214,             ,        ,       ,            ,      ,      ,        3,      75,        23,      45,        15,        ,         ,               ,              ,                ,                     ,                    
step2_upro_tqqq_6state__confirmed_locked          , calmar         ,          130, COMPLETE             ,                      , 0.9050000000000001    , 1.1545              , 0.4989999999999999 , "[1.03, 0.288, 1.279, 1.537]"                                                      , 35.5             , 0.889          , -39.94                   ,             214,             ,        ,       ,            ,      ,      ,        2,      75,        25,      50,        10,        ,         ,               ,              ,                ,                     ,                    
step2_upro_tqqq_6state__confirmed_locked          , calmar         ,          131, PRUNED               ,                      , 1.422                 ,                     ,                    , "[1.028, 0.22, 1.313, 1.422]"                                                      , 34.24            , 0.86           , -39.8                    ,             214,             ,        ,       ,            ,      ,      ,        1,      70,        28,      50,        10,        ,         ,               ,              ,                ,                     ,                    
step2_upro_tqqq_6state__confirmed_locked          , calmar         ,          132, PRUNED               ,                      , 1.024                 ,                     ,                    , [1.024]                                                                            , 34.15            , 0.864          , -39.52                   ,             214,             ,        ,       ,            ,      ,      ,        1,      60,        28,      50,        10,        ,         ,               ,              ,                ,                     ,                    
step2_upro_tqqq_6state__confirmed_locked          , calmar         ,          133, PRUNED               ,                      , 1.021                 ,                     ,                    , [1.021]                                                                            , 34.45            , 0.877          , -39.26                   ,             210,             ,        ,       ,            ,      ,      ,        3,      60,        26,      45,        15,        ,         ,               ,              ,                ,                     ,                    
step2_upro_tqqq_6state__confirmed_locked          , calmar         ,          134, PRUNED               ,                      , 1.022                 ,                     ,                    , [1.022]                                                                            , 35.33            , 0.897          , -39.38                   ,             214,             ,        ,       ,            ,      ,      ,        2,      55,        25,      50,        10,        ,         ,               ,              ,                ,                     ,                    
step2_upro_tqqq_6state__confirmed_locked          , calmar         ,          135, COMPLETE             ,                      , 0.899375              , 1.147               , 0.49524999999999986, "[1.03, 0.263, 1.264, 1.542]"                                                      , 35.19            , 0.881          , -39.94                   ,             214,             ,        ,       ,            ,      ,      ,        3,      75,        25,      50,        10,        ,         ,               ,              ,                ,                     ,                    
step2_upro_tqqq_6state__confirmed_locked          , calmar         ,          136, PRUNED               ,                      , 1.235                 ,                     ,                    , "[1.028, 0.264, 1.235]"                                                            , 35.3             , 0.887          , -39.8                    ,             210,             ,        ,       ,            ,      ,      ,        3,      70,        26,      35,        10,        ,         ,               ,              ,                ,                     ,                    
step2_upro_tqqq_6state__confirmed_locked          , calmar         ,          137, PRUNED               ,                      , 1.02                  ,                     ,                    , [1.02]                                                                             , 33.4             , 0.854          , -39.13                   ,             214,             ,        ,       ,            ,      ,      ,        1,      55,        28,      50,        15,        ,         ,               ,              ,                ,                     ,                    
step2_upro_tqqq_6state__confirmed_locked          , calmar         ,          138, COMPLETE             ,                      , 0.9030000000000001    , 1.1465              , 0.4869999999999999 , "[1.03, 0.288, 1.263, 1.537]"                                                      , 35.64            , 0.893          , -39.94                   ,             210,             ,        ,       ,            ,      ,      ,        2,      75,        26,      40,        10,        ,         ,               ,              ,                ,                     ,                    
step2_upro_tqqq_6state__confirmed_locked          , calmar         ,          139, PRUNED               ,                      , 1.025                 ,                     ,                    , [1.025]                                                                            , 34.4             , 0.867          , -39.68                   ,             214,             ,        ,       ,            ,      ,      ,        3,      75,        25,      45,        15,        ,         ,               ,              ,                ,                     ,                    
step2_upro_tqqq_6state__confirmed_locked          , calmar         ,          140, COMPLETE             ,                      , 0.9018749999999999    , 1.146               , 0.4882500000000001 , "[1.028, 0.288, 1.264, 1.533]"                                                     , 35.61            , 0.895          , -39.8                    ,             210,             ,        ,       ,            ,      ,      ,        2,      70,        26,      40,        10,        ,         ,               ,              ,                ,                     ,                    
step2_upro_tqqq_6state__confirmed_locked          , calmar         ,          141, PRUNED               ,                      , 1.024                 ,                     ,                    , [1.024]                                                                            , 33.49            , 0.847          , -39.54                   ,             218,             ,        ,       ,            ,      ,      ,        1,      70,        24,      40,        15,        ,         ,               ,              ,                ,                     ,                    
step2_upro_tqqq_6state__confirmed_locked          , calmar         ,          142, PRUNED               ,                      , 1.026                 ,                     ,                    , [1.026]                                                                            , 35.26            , 0.889          , -39.66                   ,             210,             ,        ,       ,            ,      ,      ,        3,      65,        26,      50,        10,        ,         ,               ,              ,                ,                     ,                    
step2_upro_tqqq_6state__confirmed_locked          , calmar         ,          143, PRUNED               ,                      , 1.024                 ,                     ,                    , [1.024]                                                                            , 34.7             , 0.878          , -39.54                   ,             214,             ,        ,       ,            ,      ,      ,        2,      70,        25,      40,        15,        ,         ,               ,              ,                ,                     ,                    
step2_upro_tqqq_6state__confirmed_locked          , calmar         ,          144, COMPLETE             ,                      , 0.9051250000000001    , 1.155               , 0.4997499999999999 , "[1.03, 0.288, 1.28, 1.537]"                                                       , 35.52            , 0.89           , -39.94                   ,             210,             ,        ,       ,            ,      ,      ,        2,      75,        27,      50,        10,        ,         ,               ,              ,                ,                     ,                    
step2_upro_tqqq_6state__confirmed_locked          , calmar         ,          145, PRUNED               ,                      , 1.426                 ,                     ,                    , "[1.03, 0.22, 1.31, 1.426]"                                                        , 34.39            , 0.861          , -39.94                   ,             214,             ,        ,       ,            ,      ,      ,        1,      75,        26,      45,        10,        ,         ,               ,              ,                ,                     ,                    
step2_upro_tqqq_6state__confirmed_locked          , calmar         ,          146, COMPLETE             ,                      , 0.9050000000000001    , 1.1545              , 0.4989999999999999 , "[1.03, 0.288, 1.279, 1.537]"                                                      , 35.5             , 0.889          , -39.94                   ,             214,             ,        ,       ,            ,      ,      ,        2,      75,        24,      50,        10,        ,         ,               ,              ,                ,                     ,                    
step2_upro_tqqq_6state__confirmed_locked          , calmar         ,          147, COMPLETE             ,                      , 0.9004999999999999    , 1.1404999999999998  , 0.48               , "[1.028, 0.288, 1.253, 1.533]"                                                     , 35.51            , 0.892          , -39.8                    ,             210,             ,        ,       ,            ,      ,      ,        2,      70,        28,      40,        10,        ,         ,               ,              ,                ,                     ,                    
step2_upro_tqqq_6state__confirmed_locked          , calmar         ,          148, COMPLETE             ,                      , 0.9030000000000001    , 1.1465              , 0.4869999999999999 , "[1.03, 0.288, 1.263, 1.537]"                                                      , 35.64            , 0.893          , -39.94                   ,             210,             ,        ,       ,            ,      ,      ,        2,      75,        26,      40,        10,        ,         ,               ,              ,                ,                     ,                    
step2_upro_tqqq_6state__confirmed_locked          , calmar         ,          149, PRUNED               ,                      , 1.426                 ,                     ,                    , "[1.03, 0.22, 1.294, 1.426]"                                                       , 34.39            , 0.861          , -39.94                   ,             214,             ,        ,       ,            ,      ,      ,        1,      75,        26,      40,        10,        ,         ,               ,              ,                ,                     ,                    
step2_upro_tqqq_6state__confirmed_locked          , calmar         ,          150, PRUNED               ,                      , 1.019                 ,                     ,                    , [1.019]                                                                            , 32.6             , 0.83           , -39.28                   ,             218,             ,        ,       ,            ,      ,      ,        1,      70,        23,      50,        20,        ,         ,               ,              ,                ,                     ,                    
step2_upro_tqqq_6state__confirmed_locked          , calmar         ,          151, PRUNED               ,                      , 1.026                 ,                     ,                    , [1.026]                                                                            , 35.12            , 0.885          , -39.66                   ,             214,             ,        ,       ,            ,      ,      ,        3,      65,        24,      50,        10,        ,         ,               ,              ,                ,                     ,                    
step2_upro_tqqq_6state__confirmed_locked          , calmar         ,          152, PRUNED               ,                      , 1.422                 ,                     ,                    , "[1.028, 0.22, 1.297, 1.422]"                                                      , 34.23            , 0.86           , -39.8                    ,             218,             ,        ,       ,            ,      ,      ,        1,      70,        24,      45,        10,        ,         ,               ,              ,                ,                     ,                    
step2_upro_tqqq_6state__confirmed_locked          , calmar         ,          153, PRUNED               ,                      , 1.026                 ,                     ,                    , [1.026]                                                                            , 34.07            , 0.859          , -39.66                   ,             218,             ,        ,       ,            ,      ,      ,        1,      65,        23,      50,        10,        ,         ,               ,              ,                ,                     ,                    
step2_upro_tqqq_6state__confirmed_locked          , calmar         ,          154, PRUNED               ,                      , 1.025                 ,                     ,                    , [1.025]                                                                            , 34.72            , 0.875          , -39.68                   ,             214,             ,        ,       ,            ,      ,      ,        2,      75,        25,      40,        15,        ,         ,               ,              ,                ,                     ,                    
step2_upro_tqqq_6state__confirmed_locked          , calmar         ,          155, PRUNED               ,                      , 1.026                 ,                     ,                    , [1.026]                                                                            , 34.32            , 0.865          , -39.66                   ,             214,             ,        ,       ,            ,      ,      ,        1,      65,        26,      40,        10,        ,         ,               ,              ,                ,                     ,                    
step2_upro_tqqq_6state__confirmed_locked          , calmar         ,          156, PRUNED               ,                      , 1.024                 ,                     ,                    , [1.024]                                                                            , 35.52            , 0.899          , -39.52                   ,             210,             ,        ,       ,            ,      ,      ,        2,      60,        26,      40,        10,        ,         ,               ,              ,                ,                     ,                    
step2_upro_tqqq_6state__confirmed_locked          , calmar         ,          157, COMPLETE             ,                      , 0.90325               , 1.1475              , 0.48849999999999993, "[1.03, 0.288, 1.265, 1.537]"                                                      , 35.52            , 0.889          , -39.94                   ,             214,             ,        ,       ,            ,      ,      ,        2,      75,        25,      45,        10,        ,         ,               ,              ,                ,                     ,                    
step2_upro_tqqq_6state__confirmed_locked          , calmar         ,          158, COMPLETE             ,                      , 0.9050000000000001    , 1.1545              , 0.4989999999999999 , "[1.03, 0.288, 1.279, 1.537]"                                                      , 35.5             , 0.889          , -39.94                   ,             214,             ,        ,       ,            ,      ,      ,        2,      75,        24,      50,        10,        ,         ,               ,              ,                ,                     ,                    
step2_upro_tqqq_6state__confirmed_locked          , calmar         ,          159, PRUNED               ,                      , 1.025                 ,                     ,                    , [1.025]                                                                            , 34.72            , 0.875          , -39.68                   ,             210,             ,        ,       ,            ,      ,      ,        2,      75,        28,      50,        15,        ,         ,               ,              ,                ,                     ,                    
step2_upro_tqqq_6state__confirmed_locked          , calmar         ,          160, COMPLETE             ,                      , 0.9038749999999999    , 1.154               , 0.5002500000000001 , "[1.028, 0.288, 1.28, 1.533]"                                                      , 35.61            , 0.895          , -39.8                    ,             210,             ,        ,       ,            ,      ,      ,        2,      70,        26,      45,        10,        ,         ,               ,              ,                ,                     ,                    
step2_upro_tqqq_6state__confirmed_locked          , calmar         ,          161, COMPLETE             ,                      , 0.9038749999999999    , 1.154               , 0.5002500000000001 , "[1.028, 0.288, 1.28, 1.533]"                                                      , 35.61            , 0.895          , -39.8                    ,             210,             ,        ,       ,            ,      ,      ,        2,      70,        26,      45,        10,        ,         ,               ,              ,                ,                     ,                    
step2_upro_tqqq_6state__confirmed_locked          , calmar         ,          162, PRUNED               ,                      , 1.02                  ,                     ,                    , [1.02]                                                                             , 33.89            , 0.86           , -39.42                   ,             214,             ,        ,       ,            ,      ,      ,        2,      75,        24,      50,        20,        ,         ,               ,              ,                ,                     ,                    
step2_upro_tqqq_6state__confirmed_locked          , calmar         ,          163, PRUNED               ,                      , 1.248                 ,                     ,                    , "[1.03, 0.288, 1.248]"                                                             , 35.64            , 0.892          , -39.94                   ,             210,             ,        ,       ,            ,      ,      ,        2,      75,        26,      35,        10,        ,         ,               ,              ,                ,                     ,                    
step2_upro_tqqq_6state__confirmed_locked          , calmar         ,          164, PRUNED               ,                      , 1.023                 ,                     ,                    , [1.023]                                                                            , 34.66            , 0.88           , -39.4                    ,             214,             ,        ,       ,            ,      ,      ,        2,      65,        24,      50,        15,        ,         ,               ,              ,                ,                     ,                    
step2_upro_tqqq_6state__confirmed_locked          , calmar         ,          165, PRUNED               ,                      , 1.426                 ,                     ,                    , "[1.03, 0.22, 1.297, 1.426]"                                                       , 34.14            , 0.855          , -39.94                   ,             218,             ,        ,       ,            ,      ,      ,        1,      75,        23,      50,        10,        ,         ,               ,              ,                ,                     ,                    
step2_upro_tqqq_6state__confirmed_locked          , calmar         ,          166, COMPLETE             ,                      , 0.9040000000000001    , 1.1545              , 0.5009999999999999 , "[1.028, 0.288, 1.281, 1.533]"                                                     , 35.49            , 0.892          , -39.8                    ,             210,             ,        ,       ,            ,      ,      ,        2,      70,        27,      50,        10,        ,         ,               ,              ,                ,                     ,                    
step2_upro_tqqq_6state__confirmed_locked          , calmar         ,          167, PRUNED               ,                      , 1.426                 ,                     ,                    , "[1.03, 0.22, 1.268, 1.426]"                                                       , 34.31            , 0.859          , -39.94                   ,             214,             ,        ,       ,            ,      ,      ,        1,      75,        27,      35,        10,        ,         ,               ,              ,                ,                     ,                    
step2_upro_tqqq_6state__confirmed_locked          , calmar         ,          168, PRUNED               ,                      , 1.021                 ,                     ,                    , [1.021]                                                                            , 34.34            , 0.875          , -39.26                   ,             210,             ,        ,       ,            ,      ,      ,        3,      60,        28,      45,        15,        ,         ,               ,              ,                ,                     ,                    
step2_upro_tqqq_6state__confirmed_locked          , calmar         ,          169, PRUNED               ,                      , 1.026                 ,                     ,                    , [1.026]                                                                            , 35.45            , 0.894          , -39.66                   ,             210,             ,        ,       ,            ,      ,      ,        2,      65,        28,      50,        10,        ,         ,               ,              ,                ,                     ,                    
step2_upro_tqqq_6state__confirmed_locked          , calmar         ,          170, PRUNED               ,                      , 1.026                 ,                     ,                    , [1.026]                                                                            , 35.46            , 0.894          , -39.66                   ,             210,             ,        ,       ,            ,      ,      ,        2,      65,        28,      45,        10,        ,         ,               ,              ,                ,                     ,                    
step2_upro_tqqq_6state__confirmed_locked          , calmar         ,          171, COMPLETE             ,                      , 0.90325               , 1.1475              , 0.48849999999999993, "[1.03, 0.288, 1.265, 1.537]"                                                      , 35.52            , 0.889          , -39.94                   ,             214,             ,        ,       ,            ,      ,      ,        2,      75,        24,      45,        10,        ,         ,               ,              ,                ,                     ,                    
step2_upro_tqqq_6state__confirmed_locked          , calmar         ,          172, PRUNED               ,                      , 1.024                 ,                     ,                    , [1.024]                                                                            , 34.82            , 0.881          , -39.52                   ,             206,             ,        ,       ,            ,      ,      ,        4,      60,        26,      45,        10,        ,         ,               ,              ,                ,                     ,                    
step2_upro_tqqq_6state__confirmed_locked          , calmar         ,          173, PRUNED               ,                      , 1.025                 ,                     ,                    , [1.025]                                                                            , 34.83            , 0.878          , -39.68                   ,             210,             ,        ,       ,            ,      ,      ,        2,      75,        26,      50,        15,        ,         ,               ,              ,                ,                     ,                    
step2_upro_tqqq_6state__confirmed_locked          , calmar         ,          174, PRUNED               ,                      , 1.025                 ,                     ,                    , [1.025]                                                                            , 34.74            , 0.876          , -39.68                   ,             210,             ,        ,       ,            ,      ,      ,        2,      75,        27,      40,        15,        ,         ,               ,              ,                ,                     ,                    
step2_upro_tqqq_6state__confirmed_locked          , calmar         ,          175, PRUNED               ,                      , 1.025                 ,                     ,                    , [1.025]                                                                            , 34.73            , 0.875          , -39.68                   ,             214,             ,        ,       ,            ,      ,      ,        2,      75,        25,      35,        15,        ,         ,               ,              ,                ,                     ,                    
step2_upro_tqqq_6state__confirmed_locked          , calmar         ,          176, PRUNED               ,                      , 1.024                 ,                     ,                    , [1.024]                                                                            , 35.07            , 0.887          , -39.52                   ,             214,             ,        ,       ,            ,      ,      ,        3,      60,        25,      50,        10,        ,         ,               ,              ,                ,                     ,                    
step2_upro_tqqq_6state__confirmed_locked          , calmar         ,          177, PRUNED               ,                      , 1.426                 ,                     ,                    , "[1.03, 0.22, 1.312, 1.426]"                                                       , 34.27            , 0.858          , -39.94                   ,             214,             ,        ,       ,            ,      ,      ,        1,      75,        28,      50,        10,        ,         ,               ,              ,                ,                     ,                    
step2_upro_tqqq_6state__confirmed_locked          , calmar         ,          178, COMPLETE             ,                      , 0.9033750000000002    , 1.1480000000000001  , 0.48924999999999996, "[1.03, 0.288, 1.266, 1.537]"                                                      , 35.53            , 0.89           , -39.94                   ,             210,             ,        ,       ,            ,      ,      ,        2,      75,        27,      45,        10,        ,         ,               ,              ,                ,                     ,                    
step2_upro_tqqq_6state__confirmed_locked          , calmar         ,          179, PRUNED               ,                      , 1.022                 ,                     ,                    , [1.022]                                                                            , 35.47            , 0.901          , -39.38                   ,             210,             ,        ,       ,            ,      ,      ,        2,      55,        26,      45,        10,        ,         ,               ,              ,                ,                     ,                    
step2_upro_tqqq_6state__confirmed_locked          , calmar         ,          180, COMPLETE             ,                      , 0.9050000000000001    , 1.1545              , 0.4989999999999999 , "[1.03, 0.288, 1.279, 1.537]"                                                      , 35.5             , 0.889          , -39.94                   ,             214,             ,        ,       ,            ,      ,      ,        2,      75,        24,      50,        10,        ,         ,               ,              ,                ,                     ,                    
step2_upro_tqqq_6state__confirmed_locked          , calmar         ,          181, COMPLETE             ,                      , 0.9050000000000001    , 1.1545              , 0.4989999999999999 , "[1.03, 0.288, 1.279, 1.537]"                                                      , 35.5             , 0.889          , -39.94                   ,             214,             ,        ,       ,            ,      ,      ,        2,      75,        24,      50,        10,        ,         ,               ,              ,                ,                     ,                    
step2_upro_tqqq_6state__confirmed_locked          , calmar         ,          182, PRUNED               ,                      , 1.258                 ,                     ,                    , "[1.028, 0.307, 1.258]"                                                            , 34.91            , 0.877          , -39.8                    ,             206,             ,        ,       ,            ,      ,      ,        4,      70,        26,      45,        10,        ,         ,               ,              ,                ,                     ,                    
step2_upro_tqqq_6state__confirmed_locked          , calmar         ,          183, PRUNED               ,                      , 1.236                 ,                     ,                    , "[1.03, 0.263, 1.236]"                                                             , 35.22            , 0.882          , -39.94                   ,             214,             ,        ,       ,            ,      ,      ,        3,      75,        25,      40,        10,        ,         ,               ,              ,                ,                     ,                    
step2_upro_tqqq_6state__confirmed_locked          , calmar         ,          184, PRUNED               ,                      , 1.018                 ,                     ,                    , [1.018]                                                                            , 32.71            , 0.836          , -39.14                   ,             214,             ,        ,       ,            ,      ,      ,        1,      65,        27,      45,        20,        ,         ,               ,              ,                ,                     ,                    
step2_upro_tqqq_6state__confirmed_locked          , calmar         ,          185, PRUNED               ,                      , 1.263                 ,                     ,                    , "[1.03, 0.288, 1.263]"                                                             , 35.64            , 0.893          , -39.94                   ,             210,             ,        ,       ,            ,      ,      ,        2,      75,        26,      40,        10,        ,         ,               ,              ,                ,                     ,                    
step2_upro_tqqq_6state__confirmed_locked          , calmar         ,          186, COMPLETE             ,                      , 0.9050000000000001    , 1.1545              , 0.4989999999999999 , "[1.03, 0.288, 1.279, 1.537]"                                                      , 35.5             , 0.889          , -39.94                   ,             214,             ,        ,       ,            ,      ,      ,        2,      75,        25,      50,        10,        ,         ,               ,              ,                ,                     ,                    
step2_upro_tqqq_6state__confirmed_locked          , calmar         ,          187, PRUNED               ,                      , 1.024                 ,                     ,                    , [1.024]                                                                            , 34.68            , 0.877          , -39.54                   ,             214,             ,        ,       ,            ,      ,      ,        2,      70,        25,      50,        15,        ,         ,               ,              ,                ,                     ,                    
step2_upro_tqqq_6state__confirmed_locked          , calmar         ,          188, COMPLETE             ,                      , 0.90325               , 1.1475              , 0.48849999999999993, "[1.03, 0.288, 1.265, 1.537]"                                                      , 35.52            , 0.889          , -39.94                   ,             214,             ,        ,       ,            ,      ,      ,        2,      75,        24,      45,        10,        ,         ,               ,              ,                ,                     ,                    
step2_upro_tqqq_6state__confirmed_locked          , calmar         ,          189, COMPLETE             ,                      , 0.90325               , 1.1475              , 0.48849999999999993, "[1.03, 0.288, 1.265, 1.537]"                                                      , 35.52            , 0.889          , -39.94                   ,             214,             ,        ,       ,            ,      ,      ,        2,      75,        24,      45,        10,        ,         ,               ,              ,                ,                     ,                    
step2_upro_tqqq_6state__confirmed_locked          , calmar         ,          190, COMPLETE             ,                      , 0.9050000000000001    , 1.1545              , 0.4989999999999999 , "[1.03, 0.288, 1.279, 1.537]"                                                      , 35.5             , 0.889          , -39.94                   ,             214,             ,        ,       ,            ,      ,      ,        2,      75,        24,      50,        10,        ,         ,               ,              ,                ,                     ,                    
step2_upro_tqqq_6state__confirmed_locked          , calmar         ,          191, PRUNED               ,                      , 1.025                 ,                     ,                    , [1.025]                                                                            , 34.71            , 0.875          , -39.68                   ,             214,             ,        ,       ,            ,      ,      ,        2,      75,        24,      45,        15,        ,         ,               ,              ,                ,                     ,                    
step2_upro_tqqq_6state__confirmed_locked          , calmar         ,          192, PRUNED               ,                      , 1.025                 ,                     ,                    , [1.025]                                                                            , 34.28            , 0.864          , -39.68                   ,             214,             ,        ,       ,            ,      ,      ,        3,      75,        23,      50,        15,        ,         ,               ,              ,                ,                     ,                    
step2_upro_tqqq_6state__confirmed_locked          , calmar         ,          193, PRUNED               ,                      , 1.025                 ,                     ,                    , [1.025]                                                                            , 34.59            , 0.872          , -39.68                   ,             214,             ,        ,       ,            ,      ,      ,        2,      75,        23,      50,        15,        ,         ,               ,              ,                ,                     ,                    
step2_upro_tqqq_6state__confirmed_locked          , calmar         ,          194, PRUNED               ,                      , 1.533                 ,                     ,                    , "[1.028, 0.288, 1.281, 1.533]"                                                     , 35.49            , 0.892          , -39.8                    ,             210,             ,        ,       ,            ,      ,      ,        2,      70,        27,      50,        10,        ,         ,               ,              ,                ,                     ,                    
step2_upro_tqqq_6state__confirmed_locked          , calmar         ,          195, COMPLETE             ,                      , 0.9033750000000002    , 1.1480000000000001  , 0.48924999999999996, "[1.03, 0.288, 1.266, 1.537]"                                                      , 35.53            , 0.89           , -39.94                   ,             210,             ,        ,       ,            ,      ,      ,        2,      75,        27,      45,        10,        ,         ,               ,              ,                ,                     ,                    
step2_upro_tqqq_6state__confirmed_locked          , calmar         ,          196, PRUNED               ,                      , 1.025                 ,                     ,                    , [1.025]                                                                            , 33.5             , 0.844          , -39.68                   ,             218,             ,        ,       ,            ,      ,      ,        1,      75,        25,      45,        15,        ,         ,               ,              ,                ,                     ,                    
step2_upro_tqqq_6state__confirmed_locked          , calmar         ,          197, PRUNED               ,                      , 1.533                 ,                     ,                    , "[1.028, 0.288, 1.267, 1.533]"                                                     , 35.36            , 0.888          , -39.8                    ,             214,             ,        ,       ,            ,      ,      ,        2,      70,        23,      50,        10,        ,         ,               ,              ,                ,                     ,                    
step2_upro_tqqq_6state__confirmed_locked          , calmar         ,          198, PRUNED               ,                      , 1.243                 ,                     ,                    , "[1.03, 0.306, 1.243]"                                                             , 34.82            , 0.872          , -39.94                   ,             210,             ,        ,       ,            ,      ,      ,        4,      75,        24,      45,        10,        ,         ,               ,              ,                ,                     ,                    
step2_upro_tqqq_6state__confirmed_locked          , calmar         ,          199, PRUNED               ,                      , 1.251                 ,                     ,                    , "[1.028, 0.264, 1.251]"                                                            , 35.17            , 0.884          , -39.8                    ,             214,             ,        ,       ,            ,      ,      ,        3,      70,        24,      45,        10,        ,         ,               ,              ,                ,                     ,                    
step2_upro_tqqq_6state__free_everything           , calmar         ,            0, COMPLETE             ,                      , 0.26475000000000004   , 0.648               , 0.7665             , "[2.309, 0.179, 0.804, 0.492]"                                                     , 23.05            , 0.478          , -48.2                    ,             700,           29,     290,     70,            ,    66,    66,       11,      30,        10,      35,        70,        ,         ,               ,              ,                ,                     ,                    
step2_upro_tqqq_6state__free_everything           , calmar         ,            1, REJECTED_BY_GUARDRAIL, defensive_state_floor, -1000.0               ,                     ,                    ,                                                                                    , 4.21             , 0.091          , -46.13                   ,             316,           20,     300,     35,            ,    71,    56,       13,      35,        11,      25,        30,        ,         ,               ,              ,                ,                     ,                    
step2_upro_tqqq_6state__free_everything           , calmar         ,            2, COMPLETE             ,                      , 0.34149999999999997   , 0.569               , 0.45499999999999996, "[0.44, -0.203, 0.698, 0.843]"                                                     , 15.48            , 0.278          , -55.64                   ,             280,           35,     120,     50,            ,    69,    55,        5,      50,        24,      35,        10,        ,         ,               ,              ,                ,                     ,                    
step2_upro_tqqq_6state__free_everything           , calmar         ,            3, REJECTED_BY_GUARDRAIL, defensive_state_floor, -1000.0               ,                     ,                    ,                                                                                    , 18.26            , 0.361          , -50.58                   ,             222,           35,     130,    100,            ,    71,    43,        1,      75,        24,      40,        45,        ,         ,               ,              ,                ,                     ,                    
step2_upro_tqqq_6state__free_everything           , calmar         ,            4, REJECTED_BY_GUARDRAIL, defensive_state_floor, -1000.0               ,                     ,                    ,                                                                                    , 27.73            , 0.652          , -42.5                    ,             210,           23,     200,     95,            ,    71,    56,        1,      35,        21,      30,        25,        ,         ,               ,              ,                ,                     ,                    
step2_upro_tqqq_6state__free_everything           , calmar         ,            5, PRUNED               ,                      , 0.37                  ,                     ,                    , [0.37]                                                                             , 27.39            , 0.664          , -41.27                   ,             150,           45,     260,     95,            ,    66,    46,       15,      55,        27,      10,        35,        ,         ,               ,              ,                ,                     ,                    
step2_upro_tqqq_6state__free_everything           , calmar         ,            6, PRUNED               ,                      , 0.275                 ,                     ,                    , [0.275]                                                                            , 10.57            , 0.194          , -54.5                    ,             410,           30,     150,     50,            ,    67,    64,       13,      40,        18,      10,        90,        ,         ,               ,              ,                ,                     ,                    
step2_upro_tqqq_6state__free_everything           , calmar         ,            7, PRUNED               ,                      , 0.455                 ,                     ,                    , [0.455]                                                                            , 29.31            , 0.631          , -46.45                   ,             224,           40,     140,     85,            ,    81,    42,        1,      60,        23,      25,        15,        ,         ,               ,              ,                ,                     ,                    
step2_upro_tqqq_6state__free_everything           , calmar         ,            8, PRUNED               ,                      , 0.857                 ,                     ,                    , [0.857]                                                                            , 27.41            , 0.717          , -38.25                   ,             238,           42,     230,     25,            ,    80,    59,        5,      40,        14,      45,        50,        ,         ,               ,              ,                ,                     ,                    
step2_upro_tqqq_6state__free_everything           , calmar         ,            9, PRUNED               ,                      , 0.382                 ,                     ,                    , [0.382]                                                                            , 20.81            , 0.502          , -41.46                   ,             192,           23,     240,     65,            ,    75,    53,       12,      65,        17,      10,        15,        ,         ,               ,              ,                ,                     ,                    
step2_upro_tqqq_6state__free_everything           , calmar         ,           10, PRUNED               ,                      , 0.768                 ,                     ,                    , [0.768]                                                                            , 18.61            , 0.412          , -45.21                   ,             196,           37,     130,     75,            ,    74,    61,        8,      50,        24,      35,        50,        ,         ,               ,              ,                ,                     ,                    
step2_upro_tqqq_6state__free_everything           , calmar         ,           11, PRUNED               ,                      , 0.56                  ,                     ,                    , [0.56]                                                                             , 20.98            , 0.528          , -39.72                   ,             444,           33,     240,     85,            ,    68,    67,        8,      30,        13,      35,        85,        ,         ,               ,              ,                ,                     ,                    
step2_upro_tqqq_6state__free_everything           , calmar         ,           12, COMPLETE             ,                      , 0.7113750000000001    , 1.0375              , 0.6522499999999999 , "[2.245, 0.275, 0.931, 1.144]"                                                     , 31.23            , 0.708          , -44.13                   ,             552,           27,     290,     55,            ,    66,    67,       10,      25,        18,      20,        30,        ,         ,               ,              ,                ,                     ,                    
step2_upro_tqqq_6state__free_everything           , calmar         ,           13, PRUNED               ,                      , 0.702                 ,                     ,                    , [0.702]                                                                            , 19.83            , 0.438          , -45.29                   ,             484,           24,     260,     30,            ,    68,    64,       10,      25,        11,      10,        20,        ,         ,               ,              ,                ,                     ,                    
step2_upro_tqqq_6state__free_everything           , calmar         ,           14, PRUNED               ,                      , 0.676                 ,                     ,                    , [0.676]                                                                            , 29.62            , 0.74           , -40.04                   ,             226,           31,     270,     50,            ,    71,    66,        8,      35,        20,      10,        35,        ,         ,               ,              ,                ,                     ,                    
step2_upro_tqqq_6state__free_everything           , calmar         ,           15, PRUNED               ,                      , 1.048                 ,                     ,                    , [1.048]                                                                            , 27.79            , 0.685          , -40.54                   ,             418,           27,     170,     70,            ,    65,    64,        5,      40,        21,      20,        30,        ,         ,               ,              ,                ,                     ,                    
step2_upro_tqqq_6state__free_everything           , calmar         ,           16, REJECTED_BY_GUARDRAIL, defensive_state_floor, -1000.0               ,                     ,                    ,                                                                                    , 10.11            , 0.199          , -50.72                   ,             282,           26,     110,     70,            ,    67,    55,        9,      30,        20,      35,        25,        ,         ,               ,              ,                ,                     ,                    
step2_upro_tqqq_6state__free_everything           , calmar         ,           17, PRUNED               ,                      , 0.142                 ,                     ,                    , [0.142]                                                                            , 25.09            , 0.598          , -41.93                   ,             304,           33,     250,     65,            ,    67,    56,        8,      25,        16,      10,        35,        ,         ,               ,              ,                ,                     ,                    
step2_upro_tqqq_6state__free_everything           , calmar         ,           18, PRUNED               ,                      , 0.174                 ,                     ,                    , [0.174]                                                                            , 21.93            , 0.462          , -47.51                   ,             560,           41,     150,     45,            ,    65,    66,        3,      50,        23,      35,        20,        ,         ,               ,              ,                ,                     ,                    
step2_upro_tqqq_6state__free_everything           , calmar         ,           19, COMPLETE             ,                      , 0.32099999999999995   , 0.579               , 0.516              , "[1.615, 0.241, 0.464, 0.694]"                                                     , 24.83            , 0.45           , -55.13                   ,             598,           36,     200,     30,            ,    67,    70,        8,      25,        18,      20,        15,        ,         ,               ,              ,                ,                     ,                    
step2_upro_tqqq_6state__free_everything           , calmar         ,           20, PRUNED               ,                      , 0.473                 ,                     ,                    , [0.473]                                                                            , 16.78            , 0.301          , -55.82                   ,             258,           31,     120,     50,            ,    69,    46,        7,      50,        28,      45,        15,        ,         ,               ,              ,                ,                     ,                    
step2_upro_tqqq_6state__free_everything           , calmar         ,           21, PRUNED               ,                      , 1.04                  ,                     ,                    , [1.04]                                                                             , 14.27            , 0.31           , -45.95                   ,             490,           21,     270,     50,            ,    66,    66,        9,      40,        16,      15,        25,        ,         ,               ,              ,                ,                     ,                    
step2_upro_tqqq_6state__free_everything           , calmar         ,           22, PRUNED               ,                      , 0.344                 ,                     ,                    , [0.344]                                                                            , 14.41            , 0.28           , -51.52                   ,             628,           37,     140,     35,            ,    66,    64,        9,      25,        13,      30,        10,        ,         ,               ,              ,                ,                     ,                    
step2_upro_tqqq_6state__free_everything           , calmar         ,           23, PRUNED               ,                      , 0.827                 ,                     ,                    , [0.827]                                                                            , 22.26            , 0.376          , -59.28                   ,             756,           36,     190,     25,            ,    65,    67,       11,      50,        18,      30,        10,        ,         ,               ,              ,                ,                     ,                    
step2_upro_tqqq_6state__free_everything           , calmar         ,           24, PRUNED               ,                      , 0.669                 ,                     ,                    , [0.669]                                                                            , 25.39            , 0.597          , -42.55                   ,             400,           39,     230,     45,            ,    67,    64,        7,      35,        18,      15,        30,        ,         ,               ,              ,                ,                     ,                    
step2_upro_tqqq_6state__free_everything           , calmar         ,           25, PRUNED               ,                      , 1.155                 ,                     ,                    , [1.155]                                                                            , 23.08            , 0.375          , -61.57                   ,             410,           32,     180,     25,            ,    68,    70,        7,      30,        23,      20,        30,        ,         ,               ,              ,                ,                     ,                    
step2_upro_tqqq_6state__free_everything           , calmar         ,           26, PRUNED               ,                      , 0.663                 ,                     ,                    , [0.663]                                                                            , 17.98            , 0.341          , -52.67                   ,             428,           28,     160,     50,            ,    69,    63,        9,      25,        13,      20,        35,        ,         ,               ,              ,                ,                     ,                    
step2_upro_tqqq_6state__free_everything           , calmar         ,           27, PRUNED               ,                      , 0.494                 ,                     ,                    , [0.494]                                                                            , 21.53            , 0.524          , -41.12                   ,             642,           24,     240,     65,            ,    67,    69,       10,      25,        14,      30,        25,        ,         ,               ,              ,                ,                     ,                    
step2_upro_tqqq_6state__free_everything           , calmar         ,           28, COMPLETE             ,                      , 0.523625              , 0.895               , 0.7427500000000001 , "[1.929, 0.26, 1.112, 0.678]"                                                      , 31.02            , 0.666          , -46.55                   ,             588,           38,     290,     45,            ,    66,    63,        7,      25,        11,      20,        20,        ,         ,               ,              ,                ,                     ,                    
step2_upro_tqqq_6state__free_everything           , calmar         ,           29, COMPLETE             ,                      , 0.657                 , 0.9985              , 0.6829999999999999 , "[2.303, 0.096, 1.086, 0.911]"                                                     , 29.92            , 0.599          , -49.94                   ,             694,           36,     300,     55,            ,    65,    64,        5,      40,        10,      20,        25,        ,         ,               ,              ,                ,                     ,                    
step2_upro_tqqq_6state__free_everything           , calmar         ,           30, COMPLETE             ,                      , 1.1148749999999998    , 1.47                , 0.7102500000000003 , "[2.507, 0.074, 1.538, 1.402]"                                                     , 35.09            , 0.699          , -50.17                   ,             534,           42,     300,     55,            ,    65,    60,        4,      45,        12,      15,        35,        ,         ,               ,              ,                ,                     ,                    
step2_upro_tqqq_6state__free_everything           , calmar         ,           31, COMPLETE             ,                      , 1.1755                , 1.4304999999999999  , 0.51               , "[1.998, 0.159, 1.464, 1.397]"                                                     , 35.35            , 0.823          , -42.94                   ,             432,           45,     290,     60,            ,    65,    55,        3,      45,        12,      15,        45,        ,         ,               ,              ,                ,                     ,                    
step2_upro_tqqq_6state__free_everything           , calmar         ,           32, COMPLETE             ,                      , 1.017875              , 1.3245              , 0.61325            , "[2.25, 0.13, 1.38, 1.269]"                                                        , 33.59            , 0.768          , -43.74                   ,             448,           43,     290,     60,            ,    66,    61,        5,      40,        14,      10,        60,        ,         ,               ,              ,                ,                     ,                    
step2_upro_tqqq_6state__free_everything           , calmar         ,           33, PRUNED               ,                      , 0.453                 ,                     ,                    , [0.453]                                                                            , 26.47            , 0.634          , -41.74                   ,             362,           43,     260,     45,            ,    68,    51,        3,      45,        12,      10,        60,        ,         ,               ,              ,                ,                     ,                    
step2_upro_tqqq_6state__free_everything           , calmar         ,           34, PRUNED               ,                      , 1.754                 ,                     ,                    , [1.754]                                                                            , 36.45            , 0.805          , -45.3                    ,             498,           44,     290,     75,            ,    66,    60,        4,      50,        10,      15,        35,        ,         ,               ,              ,                ,                     ,                    
step2_upro_tqqq_6state__free_everything           , calmar         ,           35, COMPLETE             ,                      , 0.9524999999999999    , 1.3125              , 0.7200000000000002 , "[2.226, 0.177, 1.451, 1.174]"                                                     , 33.94            , 0.805          , -42.16                   ,             322,           45,     290,     60,            ,    69,    49,        3,      35,        12,      25,        50,        ,         ,               ,              ,                ,                     ,                    
step2_upro_tqqq_6state__free_everything           , calmar         ,           36, COMPLETE             ,                      , 0.6548750000000001    , 1.104               , 0.8982500000000001 , "[2.176, 0.167, 1.368, 0.84]"                                                      , 31.6             , 0.716          , -44.16                   ,             582,           39,     290,     65,            ,    66,    66,        3,      35,        14,      10,        55,        ,         ,               ,              ,                ,                     ,                    
step2_upro_tqqq_6state__free_everything           , calmar         ,           37, PRUNED               ,                      , 0.732                 ,                     ,                    , [0.732]                                                                            , 31.72            , 0.744          , -42.61                   ,             378,           44,     270,     55,            ,    67,    61,        2,      40,        16,      15,        45,        ,         ,               ,              ,                ,                     ,                    
step2_upro_tqqq_6state__free_everything           , calmar         ,           38, PRUNED               ,                      , 1.849                 ,                     ,                    , [1.849]                                                                            , 34.39            , 0.786          , -43.76                   ,             498,           39,     290,     60,            ,    66,    62,        2,      50,        13,      20,        35,        ,         ,               ,              ,                ,                     ,                    
step2_upro_tqqq_6state__free_everything           , calmar         ,           39, COMPLETE             ,                      , 0.990375              , 1.3105              , 0.64025            , "[2.656, 0.176, 1.324, 1.297]"                                                     , 33.59            , 0.781          , -43.02                   ,             334,           45,     290,     55,            ,    66,    50,        3,      40,        15,      20,        50,        ,         ,               ,              ,                ,                     ,                    
step2_upro_tqqq_6state__free_everything           , calmar         ,           40, PRUNED               ,                      , 0.677                 ,                     ,                    , [0.677]                                                                            , 26.46            , 0.654          , -40.47                   ,             496,           37,     280,     60,            ,    67,    61,        5,      40,        10,      10,        45,        ,         ,               ,              ,                ,                     ,                    
step2_upro_tqqq_6state__free_everything           , calmar         ,           41, COMPLETE             ,                      , 1.1505                , 1.4935              , 0.6859999999999999 , "[2.55, 0.049, 1.534, 1.453]"                                                      , 35.18            , 0.674          , -52.2                    ,             392,           42,     300,     55,            ,    66,    54,        3,      45,        14,      20,        25,        ,         ,               ,              ,                ,                     ,                    
step2_upro_tqqq_6state__free_everything           , calmar         ,           42, PRUNED               ,                      , 0.578                 ,                     ,                    , [0.578]                                                                            , 31.83            , 0.771          , -41.31                   ,             470,           42,     270,     45,            ,    66,    58,        5,      40,        11,      15,        25,        ,         ,               ,              ,                ,                     ,                    
step2_upro_tqqq_6state__free_everything           , calmar         ,           43, COMPLETE             ,                      , 1.1168749999999998    , 1.4609999999999999  , 0.68825            , "[2.483, 0.036, 1.512, 1.41]"                                                      , 34.85            , 0.658          , -52.98                   ,             440,           41,     300,     55,            ,    65,    56,        3,      45,        13,      10,        30,        ,         ,               ,              ,                ,                     ,                    
step2_upro_tqqq_6state__free_everything           , calmar         ,           44, COMPLETE             ,                      , 1.143                 , 1.506               , 0.726              , "[2.614, 0.052, 1.449, 1.563]"                                                     , 34.26            , 0.69           , -49.64                   ,             406,           44,     300,     55,            ,    65,    54,        4,      55,        13,      20,        30,        ,         ,               ,              ,                ,                     ,                    
step2_upro_tqqq_6state__free_everything           , calmar         ,           45, PRUNED               ,                      , 1.747                 ,                     ,                    , [1.747]                                                                            , 36.71            , 0.835          , -43.98                   ,             328,           43,     300,     65,            ,    66,    55,        5,      50,        16,      15,        25,        ,         ,               ,              ,                ,                     ,                    
step2_upro_tqqq_6state__free_everything           , calmar         ,           46, COMPLETE             ,                      , 0.83175               , 1.2665              , 0.8694999999999999 , "[2.69, 0.157, 1.424, 1.109]"                                                      , 32.03            , 0.729          , -43.96                   ,             356,           39,     290,     55,            ,    65,    52,        3,      50,        16,      15,        40,        ,         ,               ,              ,                ,                     ,                    
step2_upro_tqqq_6state__free_everything           , calmar         ,           47, PRUNED               ,                      , 1.432                 ,                     ,                    , [1.432]                                                                            , 30.05            , 0.648          , -46.38                   ,             454,           40,     290,     35,            ,    67,    57,        4,      50,        11,      15,        35,        ,         ,               ,              ,                ,                     ,                    
step2_upro_tqqq_6state__free_everything           , calmar         ,           48, PRUNED               ,                      , 1.926                 ,                     ,                    , [1.926]                                                                            , 34.94            , 0.775          , -45.09                   ,             384,           43,     290,     60,            ,    65,    54,        5,      55,        14,      10,        40,        ,         ,               ,              ,                ,                     ,                    
step2_upro_tqqq_6state__free_everything           , calmar         ,           49, PRUNED               ,                      , 0.337                 ,                     ,                    , [0.337]                                                                            , 29.74            , 0.669          , -44.43                   ,             344,           43,     260,     55,            ,    67,    53,        3,      55,        14,      25,        30,        ,         ,               ,              ,                ,                     ,                    
step2_upro_tqqq_6state__free_everything           , calmar         ,           50, PRUNED               ,                      , 0.389                 ,                     ,                    , [0.389]                                                                            , 30.11            , 0.666          , -45.19                   ,             376,           45,     260,     55,            ,    67,    50,        4,      45,        11,      20,        35,        ,         ,               ,              ,                ,                     ,                    
step2_upro_tqqq_6state__free_everything           , calmar         ,           51, PRUNED               ,                      , 1.978                 ,                     ,                    , [1.978]                                                                            , 32.75            , 0.656          , -49.92                   ,             368,           44,     300,     65,            ,    67,    52,        1,      50,        12,      15,        40,        ,         ,               ,              ,                ,                     ,                    
step2_upro_tqqq_6state__free_everything           , calmar         ,           52, PRUNED               ,                      , 0.707                 ,                     ,                    , [0.707]                                                                            , 29.7             , 0.73           , -40.69                   ,             456,           43,     270,     60,            ,    66,    58,        5,      45,        11,      10,        60,        ,         ,               ,              ,                ,                     ,                    
step2_upro_tqqq_6state__free_everything           , calmar         ,           53, PRUNED               ,                      , 0.557                 ,                     ,                    , [0.557]                                                                            , 35.53            , 0.943          , -37.66                   ,             354,           41,     280,     65,            ,    66,    53,        2,      45,        13,      15,        20,        ,         ,               ,              ,                ,                     ,                    
step2_upro_tqqq_6state__free_everything           , calmar         ,           54, COMPLETE             ,                      , 0.7653749999999998    , 1.1179999999999999  , 0.7052500000000002 , "[2.273, 0.046, 1.019, 1.217]"                                                     , 31.93            , 0.623          , -51.28                   ,             484,           42,     300,     45,            ,    65,    56,        7,      45,        10,      15,        25,        ,         ,               ,              ,                ,                     ,                    
step2_upro_tqqq_6state__free_everything           , calmar         ,           55, PRUNED               ,                      , 0.615                 ,                     ,                    , [0.615]                                                                            , 32.98            , 0.81           , -40.71                   ,             416,           42,     270,     60,            ,    67,    54,        4,      40,        10,      20,        30,        ,         ,               ,              ,                ,                     ,                    
step2_upro_tqqq_6state__free_everything           , calmar         ,           56, PRUNED               ,                      , 1.761                 ,                     ,                    , [1.761]                                                                            , 37.25            , 0.82           , -45.41                   ,             326,           41,     290,     60,            ,    67,    51,        4,      45,        14,      20,        25,        ,         ,               ,              ,                ,                     ,                    
step2_upro_tqqq_6state__free_everything           , calmar         ,           57, COMPLETE             ,                      , 0.6054999999999999    , 0.9755              , 0.7400000000000001 , "[2.423, 0.096, 1.081, 0.87]"                                                      , 29.52            , 0.591          , -49.97                   ,             486,           37,     300,     55,            ,    65,    60,        5,      40,        14,      10,        30,        ,         ,               ,              ,                ,                     ,                    
step2_upro_tqqq_6state__free_everything           , calmar         ,           58, PRUNED               ,                      , 1.921                 ,                     ,                    , [1.921]                                                                            , 35.95            , 0.829          , -43.35                   ,             368,           41,     290,     65,            ,    66,    58,        3,      45,        15,      20,        40,        ,         ,               ,              ,                ,                     ,                    
step2_upro_tqqq_6state__free_everything           , calmar         ,           59, COMPLETE             ,                      , 1.1767500000000002    , 1.5155              , 0.6775             , "[2.316, 0.149, 1.606, 1.425]"                                                     , 37.47            , 0.795          , -47.11                   ,             468,           44,     290,     55,            ,    65,    57,        4,      40,        12,      10,        30,        ,         ,               ,              ,                ,                     ,                    
step2_upro_tqqq_6state__free_everything           , calmar         ,           60, PRUNED               ,                      , 0.397                 ,                     ,                    , [0.397]                                                                            , 32.58            , 0.771          , -42.29                   ,             494,           44,     260,     50,            ,    66,    56,        5,      40,         9,      10,        35,        ,         ,               ,              ,                ,                     ,                    
step2_upro_tqqq_6state__free_everything           , calmar         ,           61, COMPLETE             ,                      , 1.121                 , 1.4525000000000001  , 0.663              , "[2.438, 0.155, 1.514, 1.391]"                                                     , 36.29            , 0.802          , -45.26                   ,             456,           45,     290,     55,            ,    65,    55,        3,      45,        11,      10,        35,        ,         ,               ,              ,                ,                     ,                    
step2_upro_tqqq_6state__free_everything           , calmar         ,           62, COMPLETE             ,                      , 1.14475               , 1.498               , 0.7065000000000001 , "[2.766, 0.048, 1.48, 1.516]"                                                      , 34.94            , 0.703          , -49.7                    ,             456,           44,     300,     50,            ,    65,    58,        4,      50,        14,      20,        35,        ,         ,               ,              ,                ,                     ,                    
step2_upro_tqqq_6state__free_everything           , calmar         ,           63, PRUNED               ,                      , 0.593                 ,                     ,                    , [0.593]                                                                            , 34.14            , 0.915          , -37.32                   ,             426,           45,     280,     50,            ,    66,    56,        3,      55,        12,      15,        30,        ,         ,               ,              ,                ,                     ,                    
step2_upro_tqqq_6state__free_everything           , calmar         ,           64, COMPLETE             ,                      , 1.0892499999999998    , 1.4475              , 0.7165000000000001 , "[2.455, 0.048, 1.524, 1.371]"                                                     , 35.12            , 0.663          , -52.94                   ,             364,           43,     300,     55,            ,    66,    51,        3,      40,        14,      10,        30,        ,         ,               ,              ,                ,                     ,                    
step2_upro_tqqq_6state__free_everything           , calmar         ,           65, PRUNED               ,                      , 0.635                 ,                     ,                    , [0.635]                                                                            , 32.45            , 0.829          , -39.14                   ,             432,           45,     280,     45,            ,    65,    54,        3,      35,        11,      10,        30,        ,         ,               ,              ,                ,                     ,                    
step2_upro_tqqq_6state__free_everything           , calmar         ,           66, PRUNED               ,                      , 0.632                 ,                     ,                    , [0.632]                                                                            , 35.66            , 0.938          , -38.0                    ,             406,           45,     280,     60,            ,    65,    56,        3,      45,        14,      15,        25,        ,         ,               ,              ,                ,                     ,                    
step2_upro_tqqq_6state__free_everything           , calmar         ,           67, COMPLETE             ,                      , 1.0853750000000002    , 1.4780000000000002  , 0.78525            , "[2.429, 0.164, 1.624, 1.332]"                                                     , 37.08            , 0.805          , -46.07                   ,             404,           45,     290,     55,            ,    68,    57,        5,      45,        12,      10,        30,        ,         ,               ,              ,                ,                     ,                    
step2_upro_tqqq_6state__free_everything           , calmar         ,           68, PRUNED               ,                      , 0.655                 ,                     ,                    , [0.655]                                                                            , 32.18            , 0.886          , -36.3                    ,             372,           44,     280,     55,            ,    65,    53,        2,      40,        14,      20,        40,        ,         ,               ,              ,                ,                     ,                    
step2_upro_tqqq_6state__free_everything           , calmar         ,           69, COMPLETE             ,                      , 1.0761250000000002    , 1.4335              , 0.7147499999999998 , "[2.343, 0.189, 1.551, 1.316]"                                                     , 34.66            , 0.777          , -44.61                   ,             422,           40,     290,     55,            ,    65,    55,        3,      35,        14,      15,        35,        ,         ,               ,              ,                ,                     ,                    
step2_upro_tqqq_6state__free_everything           , calmar         ,           70, PRUNED               ,                      , 0.584                 ,                     ,                    , [0.584]                                                                            , 31.5             , 0.81           , -38.9                    ,             436,           44,     280,     55,            ,    65,    56,        5,      50,        12,      20,        40,        ,         ,               ,              ,                ,                     ,                    
step2_upro_tqqq_6state__free_everything           , calmar         ,           71, COMPLETE             ,                      , 0.7737499999999999    , 1.259               , 0.9704999999999999 , "[2.47, 0.16, 1.521, 0.997]"                                                       , 32.89            , 0.728          , -45.17                   ,             414,           39,     290,     50,            ,    67,    57,        3,      40,        13,      15,        35,        ,         ,               ,              ,                ,                     ,                    
step2_upro_tqqq_6state__free_everything           , calmar         ,           72, COMPLETE             ,                      , 0.9338750000000001    , 1.2995              , 0.73125            , "[2.704, 0.016, 1.339, 1.26]"                                                      , 31.83            , 0.619          , -51.45                   ,             570,           42,     300,     50,            ,    65,    58,        3,      45,         9,      15,        45,        ,         ,               ,              ,                ,                     ,                    
step2_upro_tqqq_6state__free_everything           , calmar         ,           73, PRUNED               ,                      , 2.311                 ,                     ,                    , [2.311]                                                                            , 31.19            , 0.697          , -44.72                   ,             394,           44,     290,     45,            ,    65,    53,        4,      55,        14,      25,        40,        ,         ,               ,              ,                ,                     ,                    
step2_upro_tqqq_6state__free_everything           , calmar         ,           74, COMPLETE             ,                      , 1.1518749999999998    , 1.4914999999999998  , 0.6792500000000001 , "[2.382, 0.154, 1.573, 1.41]"                                                      , 36.98            , 0.803          , -46.03                   ,             446,           45,     290,     55,            ,    65,    57,        1,      45,        13,      10,        30,        ,         ,               ,              ,                ,                     ,                    
step2_upro_tqqq_6state__free_everything           , calmar         ,           75, PRUNED               ,                      , 2.166                 ,                     ,                    , [2.166]                                                                            , 33.91            , 0.757          , -44.81                   ,             390,           45,     300,     60,            ,    67,    52,        3,      45,        11,      10,        50,        ,         ,               ,              ,                ,                     ,                    
step2_upro_tqqq_6state__free_everything           , calmar         ,           76, COMPLETE             ,                      , 1.068625              , 1.4035              , 0.6697500000000001 , "[2.651, 0.125, 1.429, 1.378]"                                                     , 35.34            , 0.78           , -45.31                   ,             470,           44,     290,     50,            ,    66,    59,        1,      50,        13,      10,        40,        ,         ,               ,              ,                ,                     ,                    
step2_upro_tqqq_6state__free_everything           , calmar         ,           77, COMPLETE             ,                      , 1.138125              , 1.4715              , 0.6667500000000002 , "[2.387, 0.215, 1.554, 1.389]"                                                     , 37.82            , 0.871          , -43.44                   ,             536,           43,     290,     55,            ,    66,    60,        2,      45,        10,      10,        30,        ,         ,               ,              ,                ,                     ,                    
step2_upro_tqqq_6state__free_everything           , calmar         ,           78, PRUNED               ,                      , 1.685                 ,                     ,                    , [1.685]                                                                            , 37.43            , 0.796          , -47.04                   ,             418,           43,     290,     65,            ,    66,    56,        1,      40,        12,      10,        25,        ,         ,               ,              ,                ,                     ,                    
step2_upro_tqqq_6state__free_everything           , calmar         ,           79, PRUNED               ,                      , 0.652                 ,                     ,                    , [0.652]                                                                            , 33.91            , 0.853          , -39.75                   ,             404,           44,     280,     55,            ,    67,    58,        1,      45,        13,      15,        30,        ,         ,               ,              ,                ,                     ,                    
step2_upro_tqqq_6state__free_everything           , calmar         ,           80, PRUNED               ,                      , 0.61                  ,                     ,                    , [0.61]                                                                             , 34.78            , 0.871          , -39.94                   ,             426,           44,     280,     50,            ,    65,    57,        1,      50,        14,      10,        25,        ,         ,               ,              ,                ,                     ,                    
step2_upro_tqqq_6state__free_everything           , calmar         ,           81, COMPLETE             ,                      , 1.27325               , 1.579               , 0.6114999999999999 , "[2.411, 0.157, 1.611, 1.547]"                                                     , 36.94            , 0.824          , -44.82                   ,             438,           41,     290,     55,            ,    65,    56,        5,      55,        13,      20,        25,        ,         ,               ,              ,                ,                     ,                    
step2_upro_tqqq_6state__free_everything           , calmar         ,           82, COMPLETE             ,                      , 1.115125              , 1.4595              , 0.6887500000000002 , "[2.465, 0.073, 1.52, 1.399]"                                                      , 35.46            , 0.702          , -50.47                   ,             442,           45,     300,     55,            ,    67,    54,        4,      40,        10,      10,        35,        ,         ,               ,              ,                ,                     ,                    
step2_upro_tqqq_6state__free_everything           , calmar         ,           83, COMPLETE             ,                      , 1.0623750000000003    , 1.3940000000000001  , 0.6632499999999999 , "[2.51, 0.199, 1.451, 1.337]"                                                      , 36.66            , 0.851          , -43.06                   ,             494,           44,     290,     50,            ,    68,    60,        2,      45,        10,      10,        35,        ,         ,               ,              ,                ,                     ,                    
step2_upro_tqqq_6state__free_everything           , calmar         ,           84, COMPLETE             ,                      , 1.166125              , 1.4845              , 0.6367499999999999 , "[2.53, 0.082, 1.501, 1.468]"                                                      , 34.57            , 0.709          , -48.78                   ,             436,           41,     300,     55,            ,    65,    57,        5,      50,        13,      20,        30,        ,         ,               ,              ,                ,                     ,                    
step2_upro_tqqq_6state__free_everything           , calmar         ,           85, PRUNED               ,                      , 1.81                  ,                     ,                    , [1.81]                                                                             , 36.36            , 0.702          , -51.79                   ,             498,           43,     300,     60,            ,    65,    59,        1,      40,        12,      10,        25,        ,         ,               ,              ,                ,                     ,                    
step2_upro_tqqq_6state__free_everything           , calmar         ,           86, PRUNED               ,                      , 1.862                 ,                     ,                    , [1.862]                                                                            , 37.12            , 0.852          , -43.56                   ,             418,           43,     290,     60,            ,    66,    56,        3,      40,        12,      15,        35,        ,         ,               ,              ,                ,                     ,                    
step2_upro_tqqq_6state__free_everything           , calmar         ,           87, PRUNED               ,                      , 0.625                 ,                     ,                    , [0.625]                                                                            , 32.5             , 0.774          , -41.99                   ,             406,           44,     270,     60,            ,    65,    56,        1,      50,        14,      15,        30,        ,         ,               ,              ,                ,                     ,                    
step2_upro_tqqq_6state__free_everything           , calmar         ,           88, PRUNED               ,                      , 2.26                  ,                     ,                    , [2.26]                                                                             , 33.4             , 0.648          , -51.55                   ,             492,           45,     300,     45,            ,    65,    58,        4,      45,        11,      10,        25,        ,         ,               ,              ,                ,                     ,                    
step2_upro_tqqq_6state__free_everything           , calmar         ,           89, COMPLETE             ,                      , 1.2806249999999997    , 1.5659999999999998  , 0.5707500000000001 , "[2.47, 0.229, 1.573, 1.559]"                                                      , 37.11            , 0.912          , -40.69                   ,             416,           41,     290,     55,            ,    66,    55,        6,      55,        13,      25,        25,        ,         ,               ,              ,                ,                     ,                    
step2_upro_tqqq_6state__free_everything           , calmar         ,           90, PRUNED               ,                      , 1.79                  ,                     ,                    , [1.79]                                                                             , 37.67            , 0.824          , -45.7                    ,             370,           42,     300,     60,            ,    65,    54,        3,      50,        15,      20,        20,        ,         ,               ,              ,                ,                     ,                    
step2_upro_tqqq_6state__free_everything           , calmar         ,           91, COMPLETE             ,                      , 1.0178749999999999    , 1.4264999999999999  , 0.81725            , "[2.578, 0.152, 1.567, 1.286]"                                                     , 33.33            , 0.76           , -43.86                   ,             434,           40,     290,     55,            ,    65,    56,        5,      55,        14,      25,        30,        ,         ,               ,              ,                ,                     ,                    
step2_upro_tqqq_6state__free_everything           , calmar         ,           92, COMPLETE             ,                      , 1.2366249999999999    , 1.5345              , 0.5957500000000002 , "[2.463, 0.125, 1.527, 1.542]"                                                     , 36.41            , 0.778          , -46.76                   ,             480,           41,     290,     55,            ,    65,    55,        4,      50,        10,      15,        30,        ,         ,               ,              ,                ,                     ,                    
step2_upro_tqqq_6state__free_everything           , calmar         ,           93, PRUNED               ,                      , 1.9                   ,                     ,                    , [1.9]                                                                              , 38.15            , 0.883          , -43.21                   ,             414,           44,     300,     60,            ,    66,    59,        4,      55,        14,      20,        30,        ,         ,               ,              ,                ,                     ,                    
step2_upro_tqqq_6state__free_everything           , calmar         ,           94, COMPLETE             ,                      , 1.232875              , 1.5685              , 0.6712500000000001 , "[2.434, 0.07, 1.622, 1.515]"                                                      , 36.23            , 0.719          , -50.39                   ,             432,           42,     300,     55,            ,    65,    57,        4,      45,        14,      20,        25,        ,         ,               ,              ,                ,                     ,                    
step2_upro_tqqq_6state__free_everything           , calmar         ,           95, PRUNED               ,                      , 2.211                 ,                     ,                    , [2.211]                                                                            , 31.84            , 0.647          , -49.19                   ,             382,           41,     300,     40,            ,    66,    57,        5,      50,        15,      20,        30,        ,         ,               ,              ,                ,                     ,                    
step2_upro_tqqq_6state__free_everything           , calmar         ,           96, PRUNED               ,                      , 0.596                 ,                     ,                    , [0.596]                                                                            , 33.77            , 0.832          , -40.61                   ,             410,           43,     280,     60,            ,    65,    56,        4,      50,        13,      20,        30,        ,         ,               ,              ,                ,                     ,                    
step2_upro_tqqq_6state__free_everything           , calmar         ,           97, COMPLETE             ,                      , 1.1438749999999998    , 1.4729999999999999  , 0.6582500000000002 , "[2.672, 0.093, 1.482, 1.464]"                                                     , 35.41            , 0.722          , -49.08                   ,             404,           44,     300,     55,            ,    66,    55,        5,      50,        14,      15,        30,        ,         ,               ,              ,                ,                     ,                    
step2_upro_tqqq_6state__free_everything           , calmar         ,           98, PRUNED               ,                      , 2.131                 ,                     ,                    , [2.131]                                                                            , 35.25            , 0.762          , -46.25                   ,             462,           44,     290,     45,            ,    65,    58,        3,      40,        13,      10,        25,        ,         ,               ,              ,                ,                     ,                    
step2_upro_tqqq_6state__free_everything           , calmar         ,           99, COMPLETE             ,                      , 1.1763750000000002    , 1.4995              , 0.64625            , "[2.571, 0.049, 1.489, 1.51]"                                                      , 34.94            , 0.693          , -50.45                   ,             476,           44,     300,     50,            ,    65,    57,        4,      50,        11,      20,        25,        ,         ,               ,              ,                ,                     ,                    
step2_upro_tqqq_6state__free_everything           , calmar         ,          100, COMPLETE             ,                      , 1.1622500000000002    , 1.5390000000000001  , 0.7534999999999998 , "[2.628, 0.07, 1.615, 1.463]"                                                      , 34.63            , 0.685          , -50.52                   ,             432,           40,     300,     55,            ,    66,    58,        4,      55,        14,      20,        25,        ,         ,               ,              ,                ,                     ,                    
step2_upro_tqqq_6state__free_everything           , calmar         ,          101, PRUNED               ,                      , 1.782                 ,                     ,                    , [1.782]                                                                            , 33.91            , 0.794          , -42.69                   ,             424,           40,     300,     60,            ,    65,    56,        7,      50,        13,      25,        25,        ,         ,               ,              ,                ,                     ,                    
step2_upro_tqqq_6state__free_everything           , calmar         ,          102, PRUNED               ,                      , 0.597                 ,                     ,                    , [0.597]                                                                            , 32.5             , 0.749          , -43.42                   ,             398,           41,     280,     55,            ,    65,    55,        6,      55,        14,      20,        20,        ,         ,               ,              ,                ,                     ,                    
step2_upro_tqqq_6state__free_everything           , calmar         ,          103, PRUNED               ,                      , 0.675                 ,                     ,                    , [0.675]                                                                            , 35.11            , 0.919          , -38.2                    ,             406,           44,     280,     60,            ,    66,    58,        3,      45,        14,      10,        35,        ,         ,               ,              ,                ,                     ,                    
step2_upro_tqqq_6state__free_everything           , calmar         ,          104, PRUNED               ,                      , 1.931                 ,                     ,                    , [1.931]                                                                            , 35.36            , 0.846          , -41.79                   ,             356,           41,     300,     60,            ,    67,    55,        6,      50,        14,      20,        35,        ,         ,               ,              ,                ,                     ,                    
step2_upro_tqqq_6state__free_everything           , calmar         ,          105, COMPLETE             ,                      , 1.18525               , 1.5225              , 0.6745000000000001 , "[2.47, 0.075, 1.573, 1.472]"                                                      , 36.57            , 0.714          , -51.25                   ,             382,           43,     300,     55,            ,    65,    54,        4,      45,        15,      10,        25,        ,         ,               ,              ,                ,                     ,                    
step2_upro_tqqq_6state__free_everything           , calmar         ,          106, PRUNED               ,                      , 2.408                 ,                     ,                    , [2.408]                                                                            , 37.31            , 0.808          , -46.18                   ,             430,           43,     290,     50,            ,    67,    57,        3,      45,        12,      10,        25,        ,         ,               ,              ,                ,                     ,                    
step2_upro_tqqq_6state__free_everything           , calmar         ,          107, COMPLETE             ,                      , 1.0471249999999999    , 1.4569999999999999  , 0.81975            , "[2.52, 0.129, 1.605, 1.309]"                                                      , 34.66            , 0.736          , -47.09                   ,             462,           39,     290,     55,            ,    66,    60,        4,      55,        14,      15,        25,        ,         ,               ,              ,                ,                     ,                    
step2_upro_tqqq_6state__free_everything           , calmar         ,          108, PRUNED               ,                      , 0.619                 ,                     ,                    , [0.619]                                                                            , 33.74            , 0.803          , -42.01                   ,             370,           43,     280,     50,            ,    65,    53,        4,      45,        14,      15,        25,        ,         ,               ,              ,                ,                     ,                    
step2_upro_tqqq_6state__free_everything           , calmar         ,          109, COMPLETE             ,                      , 1.0989999999999998    , 1.4455              , 0.6930000000000003 , "[2.54, 0.029, 1.489, 1.402]"                                                      , 35.15            , 0.658          , -53.44                   ,             422,           43,     300,     50,            ,    66,    56,        3,      45,        14,      10,        25,        ,         ,               ,              ,                ,                     ,                    
step2_upro_tqqq_6state__free_everything           , calmar         ,          110, PRUNED               ,                      , 2.41                  ,                     ,                    , [2.41]                                                                             , 37.26            , 0.83           , -44.9                    ,             432,           43,     290,     50,            ,    66,    56,        3,      45,        13,      20,        25,        ,         ,               ,              ,                ,                     ,                    
step2_upro_tqqq_6state__free_everything           , calmar         ,          111, COMPLETE             ,                      , 1.108625              , 1.4380000000000002  , 0.6587500000000002 , "[2.493, 0.056, 1.471, 1.405]"                                                     , 34.79            , 0.674          , -51.65                   ,             422,           44,     300,     55,            ,    65,    53,        1,      45,        12,      10,        30,        ,         ,               ,              ,                ,                     ,                    
step2_upro_tqqq_6state__free_everything           , calmar         ,          112, PRUNED               ,                      , 2.303                 ,                     ,                    , [2.303]                                                                            , 37.09            , 0.823          , -45.07                   ,             476,           43,     290,     55,            ,    65,    57,        5,      45,        11,      20,        25,        ,         ,               ,              ,                ,                     ,                    
step2_upro_tqqq_6state__free_everything           , calmar         ,          113, COMPLETE             ,                      , 1.1702499999999998    , 1.4889999999999999  , 0.6375             , "[2.575, 0.145, 1.509, 1.469]"                                                     , 36.57            , 0.815          , -44.89                   ,             434,           41,     290,     50,            ,    65,    56,        3,      50,        14,      20,        25,        ,         ,               ,              ,                ,                     ,                    
step2_upro_tqqq_6state__free_everything           , calmar         ,          114, PRUNED               ,                      , 2.379                 ,                     ,                    , [2.379]                                                                            , 36.99            , 0.814          , -45.42                   ,             516,           44,     290,     55,            ,    66,    59,        3,      40,        11,      10,        35,        ,         ,               ,              ,                ,                     ,                    
step2_upro_tqqq_6state__free_everything           , calmar         ,          115, COMPLETE             ,                      , 1.13125               , 1.479               , 0.6954999999999998 , "[2.573, 0.055, 1.523, 1.435]"                                                     , 35.02            , 0.687          , -50.96                   ,             458,           44,     300,     55,            ,    65,    58,        1,      45,        14,      15,        35,        ,         ,               ,              ,                ,                     ,                    
step2_upro_tqqq_6state__free_everything           , calmar         ,          116, COMPLETE             ,                      , 1.0339999999999998    , 1.416               , 0.764              , "[2.583, 0.097, 1.511, 1.321]"                                                     , 33.06            , 0.709          , -46.65                   ,             438,           39,     290,     50,            ,    66,    57,        4,      55,        13,      20,        25,        ,         ,               ,              ,                ,                     ,                    
step2_upro_tqqq_6state__free_everything           , calmar         ,          117, PRUNED               ,                      , 0.58                  ,                     ,                    , [0.58]                                                                             , 34.31            , 0.823          , -41.69                   ,             442,           41,     280,     55,            ,    66,    56,        4,      45,        11,      20,        20,        ,         ,               ,              ,                ,                     ,                    
step2_upro_tqqq_6state__free_everything           , calmar         ,          118, COMPLETE             ,                      , 1.028625              , 1.4425              , 0.8277500000000002 , "[2.495, 0.105, 1.596, 1.289]"                                                     , 33.78            , 0.688          , -49.08                   ,             418,           40,     300,     55,            ,    66,    57,        5,      45,        14,      20,        25,        ,         ,               ,              ,                ,                     ,                    
step2_upro_tqqq_6state__free_everything           , calmar         ,          119, PRUNED               ,                      , 2.31                  ,                     ,                    , [2.31]                                                                             , 38.62            , 0.819          , -47.13                   ,             428,           42,     290,     55,            ,    65,    56,        4,      45,        14,      20,        15,        ,         ,               ,              ,                ,                     ,                    
step2_upro_tqqq_6state__free_everything           , calmar         ,          120, PRUNED               ,                      , 1.917                 ,                     ,                    , [1.917]                                                                            , 37.37            , 0.819          , -45.64                   ,             398,           42,     290,     60,            ,    66,    56,        4,      40,        14,      10,        35,        ,         ,               ,              ,                ,                     ,                    
step2_upro_tqqq_6state__free_everything           , calmar         ,          121, PRUNED               ,                      , 2.378                 ,                     ,                    , [2.378]                                                                            , 38.87            , 0.827          , -47.02                   ,             448,           44,     290,     55,            ,    65,    59,        4,      45,        15,      20,        20,        ,         ,               ,              ,                ,                     ,                    
step2_upro_tqqq_6state__free_everything           , calmar         ,          122, COMPLETE             ,                      , 1.162375              , 1.4835              , 0.64225            , "[2.506, 0.018, 1.497, 1.47]"                                                      , 34.38            , 0.649          , -52.95                   ,             446,           44,     300,     50,            ,    65,    57,        3,      50,        13,      20,        20,        ,         ,               ,              ,                ,                     ,                    
step2_upro_tqqq_6state__free_everything           , calmar         ,          123, PRUNED               ,                      , 0.672                 ,                     ,                    , [0.672]                                                                            , 34.21            , 0.912          , -37.51                   ,             392,           42,     280,     55,            ,    65,    55,        3,      45,        15,      15,        30,        ,         ,               ,              ,                ,                     ,                    
step2_upro_tqqq_6state__free_everything           , calmar         ,          124, COMPLETE             ,                      , 1.190125              , 1.5285              , 0.67675            , "[2.502, 0.086, 1.577, 1.48]"                                                      , 35.32            , 0.715          , -49.4                    ,             466,           41,     300,     55,            ,    65,    57,        6,      50,        12,      20,        25,        ,         ,               ,              ,                ,                     ,                    
step2_upro_tqqq_6state__free_everything           , calmar         ,          125, COMPLETE             ,                      , 1.1466249999999998    , 1.4705              , 0.64775            , "[2.574, 0.028, 1.478, 1.463]"                                                     , 34.34            , 0.654          , -52.48                   ,             476,           43,     300,     50,            ,    66,    57,        3,      50,        11,      20,        25,        ,         ,               ,              ,                ,                     ,                    
step2_upro_tqqq_6state__free_everything           , calmar         ,          126, PRUNED               ,                      , 1.851                 ,                     ,                    , [1.851]                                                                            , 37.86            , 0.809          , -46.78                   ,             400,           43,     300,     60,            ,    66,    56,        3,      45,        14,      10,        25,        ,         ,               ,              ,                ,                     ,                    
step2_upro_tqqq_6state__free_everything           , calmar         ,          127, PRUNED               ,                      , 1.786                 ,                     ,                    , [1.786]                                                                            , 36.56            , 0.807          , -45.28                   ,             412,           42,     290,     60,            ,    65,    55,        5,      55,        13,      15,        30,        ,         ,               ,              ,                ,                     ,                    
step2_upro_tqqq_6state__free_everything           , calmar         ,          128, PRUNED               ,                      , 2.31                  ,                     ,                    , [2.31]                                                                             , 32.65            , 0.645          , -50.58                   ,             476,           45,     300,     45,            ,    65,    57,        4,      50,        11,      20,        25,        ,         ,               ,              ,                ,                     ,                    
step2_upro_tqqq_6state__free_everything           , calmar         ,          129, PRUNED               ,                      , 2.441                 ,                     ,                    , [2.441]                                                                            , 35.95            , 0.778          , -46.22                   ,             492,           42,     290,     55,            ,    65,    58,        4,      50,        11,      20,        30,        ,         ,               ,              ,                ,                     ,                    
step2_upro_tqqq_6state__free_everything           , calmar         ,          130, COMPLETE             ,                      , 1.1866249999999998    , 1.5314999999999999  , 0.6897500000000001 , "[2.482, 0.068, 1.589, 1.474]"                                                     , 36.98            , 0.718          , -51.52                   ,             408,           44,     300,     50,            ,    65,    55,        4,      45,        15,      15,        15,        ,         ,               ,              ,                ,                     ,                    
step2_upro_tqqq_6state__free_everything           , calmar         ,          131, COMPLETE             ,                      , 1.127875              , 1.5175              , 0.7792500000000002 , "[2.599, 0.073, 1.616, 1.419]"                                                     , 34.25            , 0.677          , -50.61                   ,             436,           40,     300,     55,            ,    66,    59,        4,      55,        14,      20,        25,        ,         ,               ,              ,                ,                     ,                    
step2_upro_tqqq_6state__free_everything           , calmar         ,          132, COMPLETE             ,                      , 1.0513749999999997    , 1.4095              , 0.7162500000000003 , "[2.494, 0.22, 1.508, 1.311]"                                                      , 34.96            , 0.849          , -41.19                   ,             446,           40,     290,     50,            ,    65,    56,        6,      50,        13,      20,        25,        ,         ,               ,              ,                ,                     ,                    
step2_upro_tqqq_6state__free_everything           , calmar         ,          133, PRUNED               ,                      , 2.224                 ,                     ,                    , [2.224]                                                                            , 35.88            , 0.746          , -48.11                   ,             410,           44,     290,     45,            ,    65,    55,        4,      45,        15,      10,        15,        ,         ,               ,              ,                ,                     ,                    
step2_upro_tqqq_6state__free_everything           , calmar         ,          134, PRUNED               ,                      , 2.463                 ,                     ,                    , [2.463]                                                                            , 35.32            , 0.719          , -49.15                   ,             466,           41,     300,     55,            ,    65,    56,        5,      50,        11,      20,        25,        ,         ,               ,              ,                ,                     ,                    
step2_upro_tqqq_6state__free_everything           , calmar         ,          135, PRUNED               ,                      , 2.452                 ,                     ,                    , [2.452]                                                                            , 36.48            , 0.705          , -51.78                   ,             356,           42,     300,     50,            ,    66,    53,        4,      45,        15,      10,        20,        ,         ,               ,              ,                ,                     ,                    
step2_upro_tqqq_6state__free_everything           , calmar         ,          136, COMPLETE             ,                      , 1.1866250000000003    , 1.5015              , 0.6297499999999998 , "[2.512, 0.188, 1.534, 1.469]"                                                     , 37.14            , 0.875          , -42.46                   ,             440,           41,     290,     50,            ,    65,    57,        2,      50,        14,      20,        25,        ,         ,               ,              ,                ,                     ,                    
step2_upro_tqqq_6state__free_everything           , calmar         ,          137, PRUNED               ,                      , 2.466                 ,                     ,                    , [2.466]                                                                            , 35.76            , 0.804          , -44.48                   ,             408,           45,     290,     55,            ,    65,    54,        3,      45,        13,      15,        35,        ,         ,               ,              ,                ,                     ,                    
step2_upro_tqqq_6state__free_everything           , calmar         ,          138, COMPLETE             ,                      , 1.12975               , 1.4834999999999998  , 0.7074999999999998 , "[2.627, 0.07, 1.438, 1.529]"                                                      , 34.31            , 0.709          , -48.4                    ,             398,           42,     300,     55,            ,    66,    54,        5,      55,        13,      20,        30,        ,         ,               ,              ,                ,                     ,                    
step2_upro_tqqq_6state__free_everything           , calmar         ,          139, COMPLETE             ,                      , 1.2128750000000001    , 1.5150000000000001  , 0.60425            , "[2.518, 0.131, 1.52, 1.51]"                                                       , 36.39            , 0.801          , -45.44                   ,             444,           45,     290,     50,            ,    65,    57,        3,      55,        13,      20,        20,        ,         ,               ,              ,                ,                     ,                    
step2_upro_tqqq_6state__free_everything           , calmar         ,          140, COMPLETE             ,                      , 1.053875              , 1.4425              , 0.77725            , "[2.604, 0.08, 1.54, 1.345]"                                                       , 34.24            , 0.699          , -48.98                   ,             474,           42,     300,     55,            ,    66,    59,        6,      50,        12,      20,        30,        ,         ,               ,              ,                ,                     ,                    
step2_upro_tqqq_6state__free_everything           , calmar         ,          141, COMPLETE             ,                      , 1.24525               , 1.5655000000000001  , 0.6405000000000001 , "[2.544, 0.117, 1.543, 1.588]"                                                     , 36.87            , 0.788          , -46.78                   ,             474,           45,     290,     50,            ,    65,    57,        4,      55,        12,      20,        20,        ,         ,               ,              ,                ,                     ,                    
step2_upro_tqqq_6state__free_everything           , calmar         ,          142, PRUNED               ,                      , 0.632                 ,                     ,                    , [0.632]                                                                            , 34.95            , 0.939          , -37.21                   ,             414,           43,     280,     55,            ,    65,    57,        3,      50,        15,      20,        25,        ,         ,               ,              ,                ,                     ,                    
step2_upro_tqqq_6state__free_everything           , calmar         ,          143, COMPLETE             ,                      , 1.1917499999999999    , 1.513               , 0.6425000000000001 , "[2.544, 0.046, 1.525, 1.501]"                                                     , 36.17            , 0.699          , -51.76                   ,             384,           45,     300,     50,            ,    66,    55,        4,      50,        15,      10,        20,        ,         ,               ,              ,                ,                     ,                    
step2_upro_tqqq_6state__free_everything           , calmar         ,          144, PRUNED               ,                      , 1.866                 ,                     ,                    , [1.866]                                                                            , 36.1             , 0.801          , -45.06                   ,             322,           43,     290,     60,            ,    65,    51,        4,      50,        16,      10,        35,        ,         ,               ,              ,                ,                     ,                    
step2_upro_tqqq_6state__free_everything           , calmar         ,          145, PRUNED               ,                      , 2.458                 ,                     ,                    , [2.458]                                                                            , 35.32            , 0.649          , -54.43                   ,             368,           43,     300,     50,            ,    66,    54,        3,      50,        15,      10,        15,        ,         ,               ,              ,                ,                     ,                    
step2_upro_tqqq_6state__free_everything           , calmar         ,          146, PRUNED               ,                      , 0.574                 ,                     ,                    , [0.574]                                                                            , 34.33            , 0.838          , -40.97                   ,             446,           44,     280,     50,            ,    65,    59,        5,      60,        14,      20,        20,        ,         ,               ,              ,                ,                     ,                    
step2_upro_tqqq_6state__free_everything           , calmar         ,          147, COMPLETE             ,                      , 1.2323750000000002    , 1.5710000000000002  , 0.6772500000000001 , "[2.504, 0.113, 1.518, 1.624]"                                                     , 36.81            , 0.787          , -46.78                   ,             482,           45,     290,     50,            ,    66,    56,        4,      55,        10,      20,        20,        ,         ,               ,              ,                ,                     ,                    
step2_upro_tqqq_6state__free_everything           , calmar         ,          148, PRUNED               ,                      , 1.821                 ,                     ,                    , [1.821]                                                                            , 38.57            , 0.878          , -43.94                   ,             366,           44,     300,     60,            ,    65,    55,        4,      45,        16,      10,        25,        ,         ,               ,              ,                ,                     ,                    
step2_upro_tqqq_6state__free_everything           , calmar         ,          149, COMPLETE             ,                      , 1.1915                , 1.5274999999999999  , 0.6719999999999999 , "[2.57, 0.071, 1.559, 1.496]"                                                      , 36.79            , 0.722          , -50.98                   ,             432,           42,     300,     50,            ,    66,    58,        4,      45,        14,      15,        25,        ,         ,               ,              ,                ,                     ,                    
step2_upro_tqqq_6state__free_everything           , calmar         ,          150, COMPLETE             ,                      , 1.1760000000000002    , 1.5                 , 0.6479999999999999 , "[2.529, 0.135, 1.533, 1.467]"                                                     , 37.07            , 0.806          , -45.99                   ,             490,           44,     290,     50,            ,    66,    58,        3,      55,        11,      15,        20,        ,         ,               ,              ,                ,                     ,                    
step2_upro_tqqq_6state__free_everything           , calmar         ,          151, PRUNED               ,                      , 2.288                 ,                     ,                    , [2.288]                                                                            , 35.15            , 0.812          , -43.27                   ,             432,           45,     290,     45,            ,    66,    57,        2,      55,        13,      20,        20,        ,         ,               ,              ,                ,                     ,                    
step2_upro_tqqq_6state__free_everything           , calmar         ,          152, PRUNED               ,                      , 2.38                  ,                     ,                    , [2.38]                                                                             , 37.35            , 0.717          , -52.09                   ,             432,           45,     300,     50,            ,    65,    56,        4,      45,        14,      15,        10,        ,         ,               ,              ,                ,                     ,                    
step2_upro_tqqq_6state__free_everything           , calmar         ,          153, COMPLETE             ,                      , 1.2189999999999999    , 1.5339999999999998  , 0.6299999999999999 , "[2.522, 0.056, 1.543, 1.525]"                                                     , 36.2             , 0.705          , -51.32                   ,             472,           43,     300,     50,            ,    65,    57,        4,      50,        12,      15,        20,        ,         ,               ,              ,                ,                     ,                    
step2_upro_tqqq_6state__free_everything           , calmar         ,          154, PRUNED               ,                      , 0.599                 ,                     ,                    , [0.599]                                                                            , 32.23            , 0.787          , -40.97                   ,             450,           41,     280,     55,            ,    66,    55,        4,      50,        10,      15,        35,        ,         ,               ,              ,                ,                     ,                    
step2_upro_tqqq_6state__free_everything           , calmar         ,          155, PRUNED               ,                      , 2.385                 ,                     ,                    , [2.385]                                                                            , 32.47            , 0.633          , -51.27                   ,             520,           43,     300,     45,            ,    65,    58,        4,      55,        10,      15,        25,        ,         ,               ,              ,                ,                     ,                    
step2_upro_tqqq_6state__free_everything           , calmar         ,          156, PRUNED               ,                      , 2.27                  ,                     ,                    , [2.27]                                                                             , 38.17            , 0.833          , -45.85                   ,             504,           45,     290,     55,            ,    65,    59,        3,      55,        12,      20,        15,        ,         ,               ,              ,                ,                     ,                    
step2_upro_tqqq_6state__free_everything           , calmar         ,          157, COMPLETE             ,                      , 1.17475               , 1.5655000000000001  , 0.7815000000000001 , "[2.758, 0.037, 1.498, 1.633]"                                                     , 35.45            , 0.697          , -50.82                   ,             472,           45,     300,     50,            ,    65,    57,        4,      60,        12,      20,        20,        ,         ,               ,              ,                ,                     ,                    
step2_upro_tqqq_6state__free_everything           , calmar         ,          158, COMPLETE             ,                      , 1.12325               , 1.4615              , 0.6764999999999999 , "[2.528, 0.065, 1.502, 1.421]"                                                     , 36.33            , 0.704          , -51.63                   ,             314,           45,     300,     50,            ,    67,    52,        4,      45,        16,      10,        20,        ,         ,               ,              ,                ,                     ,                    
step2_upro_tqqq_6state__free_everything           , calmar         ,          159, PRUNED               ,                      , 2.429                 ,                     ,                    , [2.429]                                                                            , 38.15            , 0.805          , -47.38                   ,             438,           42,     290,     50,            ,    65,    58,        4,      45,        15,      15,        20,        ,         ,               ,              ,                ,                     ,                    
step2_upro_tqqq_6state__free_everything           , calmar         ,          160, COMPLETE             ,                      , 1.140625              , 1.487               , 0.69275            , "[2.546, 0.057, 1.534, 1.44]"                                                      , 35.73            , 0.697          , -51.25                   ,             456,           42,     300,     50,            ,    66,    57,        2,      50,        12,      15,        20,        ,         ,               ,              ,                ,                     ,                    
step2_upro_tqqq_6state__free_everything           , calmar         ,          161, COMPLETE             ,                      , 1.14975               , 1.483               , 0.6664999999999999 , "[2.589, 0.043, 1.463, 1.503]"                                                     , 35.5             , 0.693          , -51.23                   ,             400,           44,     300,     50,            ,    66,    53,        4,      50,        13,      10,        25,        ,         ,               ,              ,                ,                     ,                    
step2_upro_tqqq_6state__free_everything           , calmar         ,          162, PRUNED               ,                      , 2.403                 ,                     ,                    , [2.403]                                                                            , 37.81            , 0.846          , -44.68                   ,             420,           41,     290,     55,            ,    66,    55,        5,      55,        13,      25,        20,        ,         ,               ,              ,                ,                     ,                    
step2_upro_tqqq_6state__free_everything           , calmar         ,          163, COMPLETE             ,                      , 1.1872500000000001    , 1.532               , 0.6894999999999998 , "[2.547, 0.107, 1.479, 1.585]"                                                     , 36.13            , 0.775          , -46.62                   ,             458,           44,     290,     50,            ,    65,    55,        4,      55,        11,      20,        20,        ,         ,               ,              ,                ,                     ,                    
step2_upro_tqqq_6state__free_everything           , calmar         ,          164, COMPLETE             ,                      , 1.25475               , 1.5615              , 0.6134999999999999 , "[2.507, 0.134, 1.575, 1.548]"                                                     , 37.16            , 0.811          , -45.84                   ,             490,           45,     290,     50,            ,    65,    56,        5,      55,        10,      20,        15,        ,         ,               ,              ,                ,                     ,                    
step2_upro_tqqq_6state__free_everything           , calmar         ,          165, PRUNED               ,                      , 0.579                 ,                     ,                    , [0.579]                                                                            , 34.31            , 0.816          , -42.06                   ,             434,           44,     280,     50,            ,    66,    55,        4,      55,        11,      15,        20,        ,         ,               ,              ,                ,                     ,                    
step2_upro_tqqq_6state__free_everything           , calmar         ,          166, PRUNED               ,                      , 2.35                  ,                     ,                    , [2.35]                                                                             , 37.59            , 0.831          , -45.21                   ,             448,           45,     290,     55,            ,    66,    55,        3,      55,        11,      20,        20,        ,         ,               ,              ,                ,                     ,                    
step2_upro_tqqq_6state__free_everything           , calmar         ,          167, PRUNED               ,                      , 0.539                 ,                     ,                    , [0.539]                                                                            , 32.43            , 0.776          , -41.82                   ,             470,           44,     280,     45,            ,    65,    56,        4,      55,        10,      25,        15,        ,         ,               ,              ,                ,                     ,                    
step2_upro_tqqq_6state__free_everything           , calmar         ,          168, PRUNED               ,                      , 0.561                 ,                     ,                    , [0.561]                                                                            , 33.5             , 0.809          , -41.43                   ,             438,           44,     280,     50,            ,    65,    55,        4,      60,        11,      20,        20,        ,         ,               ,              ,                ,                     ,                    
step2_upro_tqqq_6state__free_everything           , calmar         ,          169, COMPLETE             ,                      , 1.1572500000000001    , 1.5735000000000001  , 0.8325             , "[2.752, 0.043, 1.47, 1.677]"                                                      , 35.42            , 0.701          , -50.55                   ,             452,           45,     300,     50,            ,    65,    55,        4,      60,        12,      25,        15,        ,         ,               ,              ,                ,                     ,                    
step2_upro_tqqq_6state__free_everything           , calmar         ,          170, PRUNED               ,                      , 0.554                 ,                     ,                    , [0.554]                                                                            , 32.91            , 0.798          , -41.26                   ,             462,           45,     280,     55,            ,    65,    58,        4,      55,        12,      20,        25,        ,         ,               ,              ,                ,                     ,                    
step2_upro_tqqq_6state__free_everything           , calmar         ,          171, PRUNED               ,                      , 0.562                 ,                     ,                    , [0.562]                                                                            , 34.08            , 0.836          , -40.74                   ,             434,           44,     270,     50,            ,    66,    57,        5,      55,        12,      20,        20,        ,         ,               ,              ,                ,                     ,                    
step2_upro_tqqq_6state__free_everything           , calmar         ,          172, PRUNED               ,                      , 0.564                 ,                     ,                    , [0.564]                                                                            , 35.04            , 0.93           , -37.66                   ,             414,           45,     280,     55,            ,    66,    56,        3,      55,        13,      20,        20,        ,         ,               ,              ,                ,                     ,                    
step2_upro_tqqq_6state__free_everything           , calmar         ,          173, COMPLETE             ,                      , 1.11625               , 1.4445000000000001  , 0.6565000000000001 , "[2.569, 0.06, 1.464, 1.425]"                                                      , 35.33            , 0.695          , -50.82                   ,             388,           41,     300,     50,            ,    65,    54,        4,      45,        15,      10,        30,        ,         ,               ,              ,                ,                     ,                    
step2_upro_tqqq_6state__free_everything           , calmar         ,          174, PRUNED               ,                      , 2.354                 ,                     ,                    , [2.354]                                                                            , 34.33            , 0.67           , -51.24                   ,             410,           43,     300,     45,            ,    66,    55,        4,      45,        14,      15,        20,        ,         ,               ,              ,                ,                     ,                    
step2_upro_tqqq_6state__free_everything           , calmar         ,          175, PRUNED               ,                      , 2.299                 ,                     ,                    , [2.299]                                                                            , 34.42            , 0.745          , -46.21                   ,             478,           44,     290,     45,            ,    65,    55,        5,      55,        10,      15,        20,        ,         ,               ,              ,                ,                     ,                    
step2_upro_tqqq_6state__free_everything           , calmar         ,          176, PRUNED               ,                      , 2.346                 ,                     ,                    , [2.346]                                                                            , 37.77            , 0.811          , -46.57                   ,             528,           44,     290,     55,            ,    66,    57,        4,      55,         9,      20,        20,        ,         ,               ,              ,                ,                     ,                    
step2_upro_tqqq_6state__free_everything           , calmar         ,          177, PRUNED               ,                      , 0.557                 ,                     ,                    , [0.557]                                                                            , 32.91            , 0.815          , -40.36                   ,             450,           42,     280,     55,            ,    65,    56,        5,      55,        11,      20,        25,        ,         ,               ,              ,                ,                     ,                    
step2_upro_tqqq_6state__free_everything           , calmar         ,          178, PRUNED               ,                      , 2.435                 ,                     ,                    , [2.435]                                                                            , 36.55            , 0.78           , -46.89                   ,             494,           43,     290,     50,            ,    65,    58,        4,      50,        11,      20,        20,        ,         ,               ,              ,                ,                     ,                    
step2_upro_tqqq_6state__free_everything           , calmar         ,          179, PRUNED               ,                      , 0.596                 ,                     ,                    , [0.596]                                                                            , 35.43            , 0.924          , -38.37                   ,             440,           44,     280,     55,            ,    65,    58,        3,      55,        14,      15,        20,        ,         ,               ,              ,                ,                     ,                    
step2_upro_tqqq_6state__free_everything           , calmar         ,          180, PRUNED               ,                      , 2.484                 ,                     ,                    , [2.484]                                                                            , 35.62            , 0.668          , -53.32                   ,             422,           41,     300,     50,            ,    66,    57,        3,      45,        14,      15,        20,        ,         ,               ,              ,                ,                     ,                    
step2_upro_tqqq_6state__free_everything           , calmar         ,          181, PRUNED               ,                      , 2.409                 ,                     ,                    , [2.409]                                                                            , 36.02            , 0.705          , -51.07                   ,             490,           45,     300,     55,            ,    65,    56,        4,      60,        10,      20,        20,        ,         ,               ,              ,                ,                     ,                    
step2_upro_tqqq_6state__free_everything           , calmar         ,          182, COMPLETE             ,                      , 1.1371250000000002    , 1.4875              , 0.70075            , "[2.567, 0.115, 1.429, 1.546]"                                                     , 35.55            , 0.766          , -46.43                   ,             422,           44,     290,     50,            ,    65,    53,        4,      55,        12,      20,        20,        ,         ,               ,              ,                ,                     ,                    
step2_upro_tqqq_6state__free_everything           , calmar         ,          183, PRUNED               ,                      , 2.35                  ,                     ,                    , [2.35]                                                                             , 34.63            , 0.766          , -45.21                   ,             458,           44,     290,     45,            ,    65,    58,        3,      55,        14,      20,        25,        ,         ,               ,              ,                ,                     ,                    
step2_upro_tqqq_6state__free_everything           , calmar         ,          184, COMPLETE             ,                      , 1.2037499999999999    , 1.5145              , 0.6214999999999999 , "[2.514, 0.049, 1.518, 1.511]"                                                     , 35.72            , 0.696          , -51.32                   ,             476,           45,     300,     50,            ,    65,    57,        4,      50,        11,      15,        20,        ,         ,               ,              ,                ,                     ,                    
step2_upro_tqqq_6state__free_everything           , calmar         ,          185, COMPLETE             ,                      , 1.1415000000000002    , 1.506               , 0.7289999999999999 , "[2.597, 0.023, 1.449, 1.563]"                                                     , 34.18            , 0.655          , -52.17                   ,             462,           43,     300,     50,            ,    65,    56,        3,      55,        12,      25,        20,        ,         ,               ,              ,                ,                     ,                    
step2_upro_tqqq_6state__free_everything           , calmar         ,          186, PRUNED               ,                      , 2.5                   ,                     ,                    , [2.5]                                                                              , 36.01            , 0.704          , -51.15                   ,             546,           44,     300,     55,            ,    65,    59,        4,      50,        10,      15,        25,        ,         ,               ,              ,                ,                     ,                    
step2_upro_tqqq_6state__free_everything           , calmar         ,          187, PRUNED               ,                      , 2.418                 ,                     ,                    , [2.418]                                                                            , 38.48            , 0.9            , -42.75                   ,             466,           45,     290,     50,            ,    66,    55,        6,      55,        10,      20,        10,        ,         ,               ,              ,                ,                     ,                    
step2_upro_tqqq_6state__free_everything           , calmar         ,          188, PRUNED               ,                      , 1.827                 ,                     ,                    , [1.827]                                                                            , 36.63            , 0.877          , -41.77                   ,             450,           41,     300,     60,            ,    65,    57,        6,      55,        12,      20,        30,        ,         ,               ,              ,                ,                     ,                    
step2_upro_tqqq_6state__free_everything           , calmar         ,          189, PRUNED               ,                      , 0.622                 ,                     ,                    , [0.622]                                                                            , 35.21            , 0.831          , -42.4                    ,             452,           45,     280,     60,            ,    65,    58,        4,      40,        12,      10,        25,        ,         ,               ,              ,                ,                     ,                    
step2_upro_tqqq_6state__free_everything           , calmar         ,          190, PRUNED               ,                      , 2.252                 ,                     ,                    , [2.252]                                                                            , 34.34            , 0.733          , -46.82                   ,             420,           45,     290,     45,            ,    67,    56,        4,      50,        12,      20,        20,        ,         ,               ,              ,                ,                     ,                    
step2_upro_tqqq_6state__free_everything           , calmar         ,          191, PRUNED               ,                      , 2.223                 ,                     ,                    , [2.223]                                                                            , 33.37            , 0.621          , -53.72                   ,             462,           44,     300,     45,            ,    65,    56,        3,      45,        12,      15,        15,        ,         ,               ,              ,                ,                     ,                    
step2_upro_tqqq_6state__free_everything           , calmar         ,          192, PRUNED               ,                      , 2.475                 ,                     ,                    , [2.475]                                                                            , 36.47            , 0.777          , -46.91                   ,             440,           41,     290,     55,            ,    66,    53,        4,      50,        10,      10,        30,        ,         ,               ,              ,                ,                     ,                    
step2_upro_tqqq_6state__free_everything           , calmar         ,          193, PRUNED               ,                      , 2.48                  ,                     ,                    , [2.48]                                                                             , 36.12            , 0.711          , -50.81                   ,             452,           44,     300,     55,            ,    65,    56,        4,      50,        12,      15,        25,        ,         ,               ,              ,                ,                     ,                    
step2_upro_tqqq_6state__free_everything           , calmar         ,          194, COMPLETE             ,                      , 1.1875                , 1.5025              , 0.6299999999999999 , "[2.547, 0.15, 1.523, 1.482]"                                                      , 36.1             , 0.801          , -45.09                   ,             516,           43,     290,     50,            ,    65,    54,        5,      55,         9,      20,        20,        ,         ,               ,              ,                ,                     ,                    
step2_upro_tqqq_6state__free_everything           , calmar         ,          195, PRUNED               ,                      , 2.407                 ,                     ,                    , [2.407]                                                                            , 38.2             , 0.745          , -51.29                   ,             402,           44,     300,     55,            ,    65,    56,        4,      45,        16,      15,        15,        ,         ,               ,              ,                ,                     ,                    
step2_upro_tqqq_6state__free_everything           , calmar         ,          196, COMPLETE             ,                      , 1.1687500000000002    , 1.4895              , 0.6415             , "[2.601, 0.044, 1.491, 1.488]"                                                     , 35.66            , 0.695          , -51.34                   ,             384,           43,     300,     50,            ,    66,    55,        4,      50,        15,      10,        25,        ,         ,               ,              ,                ,                     ,                    
step2_upro_tqqq_6state__free_everything           , calmar         ,          197, COMPLETE             ,                      , 1.2527499999999998    , 1.5539999999999998  , 0.6025             , "[2.556, 0.152, 1.553, 1.555]"                                                     , 36.98            , 0.826          , -44.75                   ,             474,           45,     290,     50,            ,    65,    57,        3,      55,        12,      25,        20,        ,         ,               ,              ,                ,                     ,                    
step2_upro_tqqq_6state__free_everything           , calmar         ,          198, PRUNED               ,                      , 2.399                 ,                     ,                    , [2.399]                                                                            , 33.1             , 0.647          , -51.16                   ,             488,           43,     300,     45,            ,    65,    56,        4,      55,        10,      20,        20,        ,         ,               ,              ,                ,                     ,                    
step2_upro_tqqq_6state__free_everything           , calmar         ,          199, COMPLETE             ,                      , 1.19725               , 1.523               , 0.6515000000000002 , "[2.597, 0.075, 1.537, 1.509]"                                                     , 35.07            , 0.69           , -50.83                   ,             542,           44,     300,     50,            ,    65,    53,        4,      55,         8,      20,        20,        ,         ,               ,              ,                ,                     ,                    
step2_upro_tqqq_6state__martin                    , martin         ,            0, COMPLETE             ,                      , 1.8102534606971625    , 2.3642208740545545  , 1.1079348267147842 , "[2.094880545936784, 0.3507462269462043, 3.166443565098717, 2.6335612021723254]"   , 30.88            , 0.777          , -39.77                   ,             210,             ,        ,       ,            ,      ,      ,        6,      75,        23,      35,        20,        ,         ,               ,              ,                ,                     ,                    
step2_upro_tqqq_6state__martin                    , martin         ,            1, COMPLETE             ,                      , 1.6766353816273987    , 2.0219909153793076  , 0.6907110675038182 , "[2.1429287583628676, 0.3325198262889925, 1.9010530723957475, 2.3697370384029055]" , 26.39            , 0.657          , -40.19                   ,             210,             ,        ,       ,            ,      ,      ,        3,      25,        26,      35,        70,        ,         ,               ,              ,                ,                     ,                    
step2_upro_tqqq_6state__martin                    , martin         ,            2, COMPLETE             ,                      , 1.8615035189573954    , 2.443930012721374   , 1.1648529875279574 , "[2.1085584595684144, 0.37310316263463955, 3.0202857938287115, 2.7793015658743334]", 31.97            , 0.816          , -39.16                   ,             218,             ,        ,       ,            ,      ,      ,        1,      75,        25,      15,        25,        ,         ,               ,              ,                ,                     ,                    
step2_upro_tqqq_6state__martin                    , martin         ,            3, COMPLETE             ,                      , 1.7960526674006831    , 2.3649158843457174  , 1.1377264338900683 , "[1.9996147648796236, 0.47462333145005026, 2.7302170038118114, 2.833722350213761]" , 32.3             , 0.851          , -37.97                   ,             220,             ,        ,       ,            ,      ,      ,        3,      40,        18,      25,        30,        ,         ,               ,              ,                ,                     ,                    
step2_upro_tqqq_6state__martin                    , martin         ,            4, COMPLETE             ,                      , 1.5651336944191085    , 1.9082715811993889  , 0.6862757735605607 , "[2.074089577696271, 0.5437062581350168, 1.7424535847025067, 2.2939013733959657]"  , 26.77            , 0.648          , -41.3                    ,             256,             ,        ,       ,            ,      ,      ,       10,      30,        13,      25,        45,        ,         ,               ,              ,                ,                     ,                    
step2_upro_tqqq_6state__martin                    , martin         ,            5, PRUNED               ,                      , 1.854780206354451     ,                     ,                    , [1.854780206354451]                                                                , 32.63            , 0.8            , -40.79                   ,             212,             ,        ,       ,            ,      ,      ,       12,      35,        18,      35,        10,        ,         ,               ,              ,                ,                     ,                    
step2_upro_tqqq_6state__martin                    , martin         ,            6, PRUNED               ,                      , 1.8072694898429897    ,                     ,                    , [1.8072694898429897]                                                               , 17.06            , 0.389          , -43.83                   ,             370,             ,        ,       ,            ,      ,      ,       10,      30,         8,      50,        90,        ,         ,               ,              ,                ,                     ,                    
step2_upro_tqqq_6state__martin                    , martin         ,            7, PRUNED               ,                      , 1.751099444610958     ,                     ,                    , [1.751099444610958]                                                                , 25.1             , 0.579          , -43.34                   ,             338,             ,        ,       ,            ,      ,      ,       13,      40,         9,      40,        45,        ,         ,               ,              ,                ,                     ,                    
step2_upro_tqqq_6state__martin                    , martin         ,            8, PRUNED               ,                      , 2.0229130694479243    ,                     ,                    , [2.0229130694479243]                                                               , 30.22            , 0.774          , -39.03                   ,             454,             ,        ,       ,            ,      ,      ,        2,      50,         7,      50,        30,        ,         ,               ,              ,                ,                     ,                    
step2_upro_tqqq_6state__martin                    , martin         ,            9, PRUNED               ,                      , 1.9717649980631862    ,                     ,                    , [1.9717649980631862]                                                               , 30.04            , 0.734          , -40.96                   ,             212,             ,        ,       ,            ,      ,      ,       10,      40,        18,      30,        25,        ,         ,               ,              ,                ,                     ,                    
step2_upro_tqqq_6state__martin                    , martin         ,           10, PRUNED               ,                      , 2.517213775490693     ,                     ,                    , "[2.128641781754861, 0.47167938507971724, 2.517213775490693]"                      , 30.93            , 0.791          , -39.09                   ,             210,             ,        ,       ,            ,      ,      ,        4,      75,        22,      10,        35,        ,         ,               ,              ,                ,                     ,                    
step2_upro_tqqq_6state__martin                    , martin         ,           11, COMPLETE             ,                      , 1.8122803270896863    , 2.4654932809331944  , 1.3064259076870162 , "[2.094880545936784, 0.5720516990631899, 3.574078919832793, 2.8361060159296048]"   , 33.17            , 0.842          , -39.42                   ,             210,             ,        ,       ,            ,      ,      ,        4,      75,        23,      50,        20,        ,         ,               ,              ,                ,                     ,                    
step2_upro_tqqq_6state__martin                    , martin         ,           12, PRUNED               ,                      , 2.071000848882977     ,                     ,                    , [2.071000848882977]                                                                , 30.46            , 0.777          , -39.18                   ,             214,             ,        ,       ,            ,      ,      ,        1,      55,        28,      50,        35,        ,         ,               ,              ,                ,                     ,                    
step2_upro_tqqq_6state__martin                    , martin         ,           13, PRUNED               ,                      , 2.0863542386986365    ,                     ,                    , [2.0863542386986365]                                                               , 30.98            , 0.81           , -38.25                   ,             210,             ,        ,       ,            ,      ,      ,        4,      60,        22,      50,        35,        ,         ,               ,              ,                ,                     ,                    
step2_upro_tqqq_6state__martin                    , martin         ,           14, PRUNED               ,                      , 2.0741836771526243    ,                     ,                    , [2.0741836771526243]                                                               , 32.81            , 0.835          , -39.28                   ,             214,             ,        ,       ,            ,      ,      ,        1,      70,        26,      10,        20,        ,         ,               ,              ,                ,                     ,                    
step2_upro_tqqq_6state__martin                    , martin         ,           15, PRUNED               ,                      , 2.4914060861910223    ,                     ,                    , "[2.1125520339281425, 0.295013829402259, 2.4914060861910223]"                      , 28.34            , 0.731          , -38.77                   ,             232,             ,        ,       ,            ,      ,      ,        1,      65,        16,      50,        40,        ,         ,               ,              ,                ,                     ,                    
step2_upro_tqqq_6state__martin                    , martin         ,           16, PRUNED               ,                      , 2.054879831798379     ,                     ,                    , [2.054879831798379]                                                                , 34.27            , 0.858          , -39.94                   ,             214,             ,        ,       ,            ,      ,      ,        1,      75,        27,      50,        10,        ,         ,               ,              ,                ,                     ,                    
step2_upro_tqqq_6state__martin                    , martin         ,           17, PRUNED               ,                      , 2.4395117284858063    ,                     ,                    , "[2.140506889928376, 0.4014029523209791, 2.4395117284858063]"                      , 29.26            , 0.767          , -38.13                   ,             206,             ,        ,       ,            ,      ,      ,        4,      75,        27,      30,        45,        ,         ,               ,              ,                ,                     ,                    
step2_upro_tqqq_6state__martin                    , martin         ,           18, PRUNED               ,                      , 2.0073857692362713    ,                     ,                    , [2.0073857692362713]                                                               , 34.7             , 0.884          , -39.26                   ,             210,             ,        ,       ,            ,      ,      ,        2,      60,        28,      20,        15,        ,         ,               ,              ,                ,                     ,                    
step2_upro_tqqq_6state__martin                    , martin         ,           19, PRUNED               ,                      , 2.031169876280237     ,                     ,                    , [2.031169876280237]                                                                , 35.7             , 0.897          , -39.8                    ,             220,             ,        ,       ,            ,      ,      ,        2,      70,        19,      15,        10,        ,         ,               ,              ,                ,                     ,                    
step2_upro_tqqq_6state__martin                    , martin         ,           20, PRUNED               ,                      , 2.090833878254047     ,                     ,                    , [2.090833878254047]                                                                , 27.33            , 0.7            , -39.02                   ,             224,             ,        ,       ,            ,      ,      ,        7,      70,        16,      50,        25,        ,         ,               ,              ,                ,                     ,                    
step2_upro_tqqq_6state__martin                    , martin         ,           21, COMPLETE             ,                      , 1.774002219610078     , 2.174368699888696   , 0.8007329605572364 , "[2.1085584595684144, 0.33780804152817573, 3.14587844183543, 2.240178940208978]"   , 28.78            , 0.735          , -39.16                   ,             206,             ,        ,       ,            ,      ,      ,        7,      75,        26,      40,        25,        ,         ,               ,              ,                ,                     ,                    
step2_upro_tqqq_6state__martin                    , martin         ,           22, PRUNED               ,                      , 2.6351204016342233    ,                     ,                    , "[2.1313513501636834, 0.25567949383748306, 2.6351204016342233]"                    , 28.74            , 0.743          , -38.67                   ,             218,             ,        ,       ,            ,      ,      ,        1,      70,        25,      35,        45,        ,         ,               ,              ,                ,                     ,                    
step2_upro_tqqq_6state__martin                    , martin         ,           23, PRUNED               ,                      , 2.0306812519218673    ,                     ,                    , [2.0306812519218673]                                                               , 30.0             , 0.754          , -39.8                    ,             210,             ,        ,       ,            ,      ,      ,        7,      65,        23,      40,        15,        ,         ,               ,              ,                ,                     ,                    
step2_upro_tqqq_6state__martin                    , martin         ,           24, COMPLETE             ,                      , 1.840749575288179     , 2.477760884850719   , 1.2740226191250799 , "[2.1085584595684144, 0.5387785862245927, 3.4196545110310863, 2.846963310133023]"  , 32.5             , 0.83           , -39.16                   ,             210,             ,        ,       ,            ,      ,      ,        4,      75,        25,      50,        25,        ,         ,               ,              ,                ,                     ,                    
step2_upro_tqqq_6state__martin                    , martin         ,           25, PRUNED               ,                      , 3.056232926544834     ,                     ,                    , "[2.1197227842875224, 0.46666627281396367, 3.056232926544834]"                     , 32.25            , 0.829          , -38.9                    ,             210,             ,        ,       ,            ,      ,      ,        2,      75,        27,      35,        30,        ,         ,               ,              ,                ,                     ,                    
step2_upro_tqqq_6state__martin                    , martin         ,           26, PRUNED               ,                      , 2.0741836771526243    ,                     ,                    , [2.0741836771526243]                                                               , 33.28            , 0.847          , -39.28                   ,             210,             ,        ,       ,            ,      ,      ,        4,      70,        25,      45,        20,        ,         ,               ,              ,                ,                     ,                    
step2_upro_tqqq_6state__martin                    , martin         ,           27, PRUNED               ,                      , 2.4773484023488472    ,                     ,                    , "[2.128641781754861, 0.3685190754628828, 2.4773484023488472]"                      , 29.35            , 0.751          , -39.09                   ,             206,             ,        ,       ,            ,      ,      ,        5,      75,        28,      10,        35,        ,         ,               ,              ,                ,                     ,                    
step2_upro_tqqq_6state__martin                    , martin         ,           28, PRUNED               ,                      , 2.0728852444916166    ,                     ,                    , [2.0728852444916166]                                                               , 32.75            , 0.842          , -38.89                   ,             214,             ,        ,       ,            ,      ,      ,        3,      65,        23,      30,        25,        ,         ,               ,              ,                ,                     ,                    
step2_upro_tqqq_6state__martin                    , martin         ,           29, PRUNED               ,                      , 2.0073857692362713    ,                     ,                    , [2.0073857692362713]                                                               , 34.64            , 0.882          , -39.26                   ,             214,             ,        ,       ,            ,      ,      ,        2,      60,        25,      45,        15,        ,         ,               ,              ,                ,                     ,                    
step2_upro_tqqq_6state__martin                    , martin         ,           30, PRUNED               ,                      , 2.571192467639544     ,                     ,                    , "[2.128641781754861, 0.3685190754628828, 2.571192467639544]"                       , 29.29            , 0.758          , -38.64                   ,             210,             ,        ,       ,            ,      ,      ,        5,      75,        23,      20,        35,        ,         ,               ,              ,                ,                     ,                    
step2_upro_tqqq_6state__martin                    , martin         ,           31, PRUNED               ,                      , 2.0728852444916166    ,                     ,                    , [2.0728852444916166]                                                               , 28.71            , 0.737          , -38.98                   ,             206,             ,        ,       ,            ,      ,      ,        7,      65,        27,      40,        25,        ,         ,               ,              ,                ,                     ,                    
step2_upro_tqqq_6state__martin                    , martin         ,           32, PRUNED               ,                      , 2.053348070149182     ,                     ,                    , [2.053348070149182]                                                                , 34.09            , 0.862          , -39.54                   ,             208,             ,        ,       ,            ,      ,      ,        8,      70,        20,      30,        15,        ,         ,               ,              ,                ,                     ,                    
step2_upro_tqqq_6state__martin                    , martin         ,           33, PRUNED               ,                      , 3.065559077933644     ,                     ,                    , "[2.1085584595684144, 0.33780804152817573, 3.065559077933644]"                     , 29.34            , 0.749          , -39.16                   ,             212,             ,        ,       ,            ,      ,      ,        7,      75,        21,      40,        25,        ,         ,               ,              ,                ,                     ,                    
step2_upro_tqqq_6state__martin                    , martin         ,           34, PRUNED               ,                      , 2.094880545936784     ,                     ,                    , [2.094880545936784]                                                                , 32.75            , 0.831          , -39.42                   ,             218,             ,        ,       ,            ,      ,      ,        1,      75,        24,      25,        20,        ,         ,               ,              ,                ,                     ,                    
step2_upro_tqqq_6state__martin                    , martin         ,           35, PRUNED               ,                      , 2.053348070149182     ,                     ,                    , [2.053348070149182]                                                                , 32.35            , 0.818          , -39.54                   ,             210,             ,        ,       ,            ,      ,      ,        5,      70,        22,      15,        15,        ,         ,               ,              ,                ,                     ,                    
step2_upro_tqqq_6state__martin                    , martin         ,           36, PRUNED               ,                      , 2.5083036903892144    ,                     ,                    , "[2.140506889928376, 0.3051394794848118, 2.5083036903892144]"                      , 27.73            , 0.727          , -38.13                   ,             210,             ,        ,       ,            ,      ,      ,        5,      75,        22,      40,        45,        ,         ,               ,              ,                ,                     ,                    
step2_upro_tqqq_6state__martin                    , martin         ,           37, PRUNED               ,                      , 2.0068138954843593    ,                     ,                    , [2.0068138954843593]                                                               , 31.95            , 0.806          , -39.66                   ,             206,             ,        ,       ,            ,      ,      ,       10,      65,        22,      50,        10,        ,         ,               ,              ,                ,                     ,                    
step2_upro_tqqq_6state__martin                    , martin         ,           38, PRUNED               ,                      , 2.031169876280237     ,                     ,                    , [2.031169876280237]                                                                , 32.37            , 0.798          , -40.55                   ,             210,             ,        ,       ,            ,      ,      ,        6,      70,        25,      50,        10,        ,         ,               ,              ,                ,                     ,                    
step2_upro_tqqq_6state__martin                    , martin         ,           39, PRUNED               ,                      , 2.054879831798379     ,                     ,                    , [2.054879831798379]                                                                , 35.24            , 0.882          , -39.94                   ,             210,             ,        ,       ,            ,      ,      ,        3,      75,        28,      40,        10,        ,         ,               ,              ,                ,                     ,                    
step2_upro_tqqq_6state__martin                    , martin         ,           40, PRUNED               ,                      , 2.7859293688456184    ,                     ,                    , "[2.1085584595684144, 0.5387785862245927, 2.7859293688456184]"                     , 32.66            , 0.834          , -39.16                   ,             216,             ,        ,       ,            ,      ,      ,        4,      75,        19,      10,        25,        ,         ,               ,              ,                ,                     ,                    
step2_upro_tqqq_6state__martin                    , martin         ,           41, COMPLETE             ,                      , 1.8890710671344946    , 2.637905985611952   , 1.4976698369549148 , "[2.1085584595684144, 0.4638828233928621, 3.167253511655489, 3.2784770149512976]"  , 33.14            , 0.846          , -39.16                   ,             220,             ,        ,       ,            ,      ,      ,        3,      75,        18,      45,        25,        ,         ,               ,              ,                ,                     ,                    
step2_upro_tqqq_6state__martin                    , martin         ,           42, PRUNED               ,                      , 2.0753532531283057    ,                     ,                    , [2.0753532531283057]                                                               , 32.71            , 0.824          , -39.68                   ,             216,             ,        ,       ,            ,      ,      ,        5,      75,        18,      50,        15,        ,         ,               ,              ,                ,                     ,                    
step2_upro_tqqq_6state__martin                    , martin         ,           43, COMPLETE             ,                      , 1.902855550475538     , 2.6930439189761257  , 1.5803767370011754 , "[2.1085584595684144, 0.4638828233928621, 3.2775293783838366, 3.2784770149512976]" , 33.5             , 0.855          , -39.16                   ,             216,             ,        ,       ,            ,      ,      ,        3,      75,        20,      45,        25,        ,         ,               ,              ,                ,                     ,                    
step2_upro_tqqq_6state__martin                    , martin         ,           44, PRUNED               ,                      , 2.0728852444916166    ,                     ,                    , [2.0728852444916166]                                                               , 33.25            , 0.855          , -38.89                   ,             212,             ,        ,       ,            ,      ,      ,        4,      65,        20,      45,        25,        ,         ,               ,              ,                ,                     ,                    
step2_upro_tqqq_6state__martin                    , martin         ,           45, PRUNED               ,                      , 2.9268571795003533    ,                     ,                    , "[2.1356488188241287, 0.2787521611996201, 2.9268571795003533]"                     , 29.47            , 0.768          , -38.38                   ,             218,             ,        ,       ,            ,      ,      ,        1,      75,        22,      45,        40,        ,         ,               ,              ,                ,                     ,                    
step2_upro_tqqq_6state__martin                    , martin         ,           46, PRUNED               ,                      , 2.0753532531283057    ,                     ,                    , [2.0753532531283057]                                                               , 34.68            , 0.874          , -39.68                   ,             214,             ,        ,       ,            ,      ,      ,        2,      75,        22,      50,        15,        ,         ,               ,              ,                ,                     ,                    
step2_upro_tqqq_6state__martin                    , martin         ,           47, PRUNED               ,                      , 2.0741836771526243    ,                     ,                    , [2.0741836771526243]                                                               , 32.84            , 0.836          , -39.28                   ,             202,             ,        ,       ,            ,      ,      ,        8,      70,        26,      50,        20,        ,         ,               ,              ,                ,                     ,                    
step2_upro_tqqq_6state__martin                    , martin         ,           48, COMPLETE             ,                      , 1.8523645341335868    , 2.553097317042825   , 1.4014655658184763 , "[2.1085584595684144, 0.5007209432844946, 3.439350061711936, 2.9976361745172353]"  , 33.18            , 0.847          , -39.16                   ,             210,             ,        ,       ,            ,      ,      ,        2,      75,        26,      45,        25,        ,         ,               ,              ,                ,                     ,                    
step2_upro_tqqq_6state__martin                    , martin         ,           49, COMPLETE             ,                      , 1.8890710671344946    , 2.637905985611952   , 1.4976698369549148 , "[2.1085584595684144, 0.4638828233928621, 3.167253511655489, 3.2784770149512976]"  , 33.14            , 0.846          , -39.16                   ,             220,             ,        ,       ,            ,      ,      ,        3,      75,        19,      45,        25,        ,         ,               ,              ,                ,                     ,                    
step2_upro_tqqq_6state__martin                    , martin         ,           50, PRUNED               ,                      , 2.090833878254047     ,                     ,                    , [2.090833878254047]                                                                , 31.94            , 0.819          , -39.02                   ,             218,             ,        ,       ,            ,      ,      ,        1,      70,        25,      45,        25,        ,         ,               ,              ,                ,                     ,                    
step2_upro_tqqq_6state__martin                    , martin         ,           51, PRUNED               ,                      , 2.899054625917264     ,                     ,                    , "[2.1085584595684144, 0.4638828233928621, 2.899054625917264]"                      , 31.7             , 0.81           , -39.16                   ,             228,             ,        ,       ,            ,      ,      ,        3,      75,        17,      50,        25,        ,         ,               ,              ,                ,                     ,                    
step2_upro_tqqq_6state__martin                    , martin         ,           52, PRUNED               ,                      , 2.9832054563191113    ,                     ,                    , "[2.128641781754861, 0.40280661165892695, 2.9832054563191113]"                     , 31.83            , 0.824          , -38.64                   ,             216,             ,        ,       ,            ,      ,      ,        3,      75,        20,      50,        35,        ,         ,               ,              ,                ,                     ,                    
step2_upro_tqqq_6state__martin                    , martin         ,           53, PRUNED               ,                      , 2.9232163711304784    ,                     ,                    , "[2.1197227842875224, 0.3994630911687297, 2.9232163711304784]"                     , 30.44            , 0.782          , -38.9                    ,             216,             ,        ,       ,            ,      ,      ,        5,      75,        19,      45,        30,        ,         ,               ,              ,                ,                     ,                    
step2_upro_tqqq_6state__martin                    , martin         ,           54, PRUNED               ,                      , 2.0741836771526243    ,                     ,                    , [2.0741836771526243]                                                               , 34.27            , 0.873          , -39.28                   ,             220,             ,        ,       ,            ,      ,      ,        2,      70,        18,      45,        20,        ,         ,               ,              ,                ,                     ,                    
step2_upro_tqqq_6state__martin                    , martin         ,           55, PRUNED               ,                      , 2.9394617430914827    ,                     ,                    , "[2.115197060001771, 0.41036560149172574, 2.9394617430914827]"                     , 31.05            , 0.806          , -38.51                   ,             214,             ,        ,       ,            ,      ,      ,        3,      70,        23,      45,        35,        ,         ,               ,              ,                ,                     ,                    
step2_upro_tqqq_6state__martin                    , martin         ,           56, PRUNED               ,                      , 2.094880545936784     ,                     ,                    , [2.094880545936784]                                                                , 33.89            , 0.86           , -39.42                   ,             214,             ,        ,       ,            ,      ,      ,        2,      75,        25,      50,        20,        ,         ,               ,              ,                ,                     ,                    
step2_upro_tqqq_6state__martin                    , martin         ,           57, COMPLETE             ,                      , 1.7866940676292176    , 2.3035344578337105  , 1.0336807804089858 , "[2.1085584595684144, 0.43004719532212166, 3.394914327366288, 2.4985104560990066]" , 30.94            , 0.79           , -39.16                   ,             206,             ,        ,       ,            ,      ,      ,        5,      75,        26,      50,        25,        ,         ,               ,              ,                ,                     ,                    
step2_upro_tqqq_6state__martin                    , martin         ,           58, PRUNED               ,                      , 2.104078647013458     ,                     ,                    , [2.104078647013458]                                                                , 31.96            , 0.824          , -38.77                   ,             210,             ,        ,       ,            ,      ,      ,        3,      70,        27,      45,        30,        ,         ,               ,              ,                ,                     ,                    
step2_upro_tqqq_6state__martin                    , martin         ,           59, COMPLETE             ,                      , 1.902855550475538     , 2.6930439189761257  , 1.5803767370011754 , "[2.1085584595684144, 0.4638828233928621, 3.2775293783838366, 3.2784770149512976]" , 33.5             , 0.855          , -39.16                   ,             216,             ,        ,       ,            ,      ,      ,        3,      75,        20,      45,        25,        ,         ,               ,              ,                ,                     ,                    
step2_upro_tqqq_6state__martin                    , martin         ,           60, PRUNED               ,                      , 2.3436715595790285    ,                     ,                    , "[2.1245510132087984, 0.446421710218683, 2.3436715595790285]"                      , 29.01            , 0.758          , -38.26                   ,             224,             ,        ,       ,            ,      ,      ,        4,      70,        16,      45,        40,        ,         ,               ,              ,                ,                     ,                    
step2_upro_tqqq_6state__martin                    , martin         ,           61, PRUNED               ,                      , 2.090833878254047     ,                     ,                    , [2.090833878254047]                                                                , 32.6             , 0.836          , -39.02                   ,             220,             ,        ,       ,            ,      ,      ,        1,      70,        21,      40,        25,        ,         ,               ,              ,                ,                     ,                    
step2_upro_tqqq_6state__martin                    , martin         ,           62, PRUNED               ,                      , 2.094880545936784     ,                     ,                    , [2.094880545936784]                                                                , 32.73            , 0.83           , -39.42                   ,             214,             ,        ,       ,            ,      ,      ,        1,      75,        27,      45,        20,        ,         ,               ,              ,                ,                     ,                    
step2_upro_tqqq_6state__martin                    , martin         ,           63, PRUNED               ,                      , 3.0467094254904716    ,                     ,                    , "[2.128641781754861, 0.40280661165892695, 3.0467094254904716]"                     , 31.07            , 0.804          , -38.64                   ,             210,             ,        ,       ,            ,      ,      ,        3,      75,        27,      50,        35,        ,         ,               ,              ,                ,                     ,                    
step2_upro_tqqq_6state__martin                    , martin         ,           64, PRUNED               ,                      , 2.9752933255671925    ,                     ,                    , "[2.115197060001771, 0.31790804799312944, 2.9752933255671925]"                     , 30.96            , 0.804          , -38.51                   ,             220,             ,        ,       ,            ,      ,      ,        1,      70,        20,      40,        35,        ,         ,               ,              ,                ,                     ,                    
step2_upro_tqqq_6state__martin                    , martin         ,           65, PRUNED               ,                      , 2.094880545936784     ,                     ,                    , [2.094880545936784]                                                                , 31.62            , 0.802          , -39.42                   ,             232,             ,        ,       ,            ,      ,      ,        1,      75,        17,      50,        20,        ,         ,               ,              ,                ,                     ,                    
step2_upro_tqqq_6state__martin                    , martin         ,           66, PRUNED               ,                      , 2.104078647013458     ,                     ,                    , [2.104078647013458]                                                                , 31.74            , 0.819          , -38.77                   ,             210,             ,        ,       ,            ,      ,      ,        4,      70,        25,      45,        30,        ,         ,               ,              ,                ,                     ,                    
step2_upro_tqqq_6state__martin                    , martin         ,           67, PRUNED               ,                      , 2.9922913192552967    ,                     ,                    , "[2.1197227842875224, 0.4338285754431048, 2.9922913192552967]"                     , 32.31            , 0.831          , -38.9                    ,             220,             ,        ,       ,            ,      ,      ,        3,      75,        19,      45,        30,        ,         ,               ,              ,                ,                     ,                    
step2_upro_tqqq_6state__martin                    , martin         ,           68, PRUNED               ,                      , 2.758044725373438     ,                     ,                    , "[2.2855135703085114, 0.4638828233928621, 2.758044725373438]"                      , 32.2             , 0.822          , -39.16                   ,             236,             ,        ,       ,            ,      ,      ,        3,      75,        15,      40,        25,        ,         ,               ,              ,                ,                     ,                    
step2_upro_tqqq_6state__martin                    , martin         ,           69, PRUNED               ,                      , 2.031169876280237     ,                     ,                    , [2.031169876280237]                                                                , 35.86            , 0.901          , -39.8                    ,             220,             ,        ,       ,            ,      ,      ,        2,      70,        19,      45,        10,        ,         ,               ,              ,                ,                     ,                    
step2_upro_tqqq_6state__martin                    , martin         ,           70, PRUNED               ,                      , 2.0741836771526243    ,                     ,                    , [2.0741836771526243]                                                               , 33.8             , 0.86           , -39.28                   ,             214,             ,        ,       ,            ,      ,      ,        2,      70,        23,      45,        20,        ,         ,               ,              ,                ,                     ,                    
step2_upro_tqqq_6state__martin                    , martin         ,           71, PRUNED               ,                      , 2.7740274598869936    ,                     ,                    , "[2.1197227842875224, 0.46666627281396367, 2.7740274598869936]"                    , 31.33            , 0.805          , -38.9                    ,             228,             ,        ,       ,            ,      ,      ,        2,      75,        17,      45,        30,        ,         ,               ,              ,                ,                     ,                    
step2_upro_tqqq_6state__martin                    , martin         ,           72, COMPLETE             ,                      , 1.8608325691907124    , 2.5580761601613533  , 1.3944871819412819 , "[2.1085584595684144, 0.4638828233928621, 3.344725347600355, 3.0075938607542922]"  , 32.77            , 0.837          , -39.16                   ,             214,             ,        ,       ,            ,      ,      ,        3,      75,        25,      45,        25,        ,         ,               ,              ,                ,                     ,                    
step2_upro_tqqq_6state__martin                    , martin         ,           73, PRUNED               ,                      , 2.053348070149182     ,                     ,                    , [2.053348070149182]                                                                , 34.39            , 0.87           , -39.54                   ,             210,             ,        ,       ,            ,      ,      ,        3,      70,        28,      50,        15,        ,         ,               ,              ,                ,                     ,                    
step2_upro_tqqq_6state__martin                    , martin         ,           74, COMPLETE             ,                      , 1.8852132951029823    , 2.5597917446880967  , 1.349156899170229  , "[2.1197227842875224, 0.46666627281396367, 3.2228801070914357, 2.9998607050886705]", 32.24            , 0.829          , -38.9                    ,             214,             ,        ,       ,            ,      ,      ,        2,      75,        25,      45,        30,        ,         ,               ,              ,                ,                     ,                    
step2_upro_tqqq_6state__martin                    , martin         ,           75, COMPLETE             ,                      , 1.8790878589539375    , 2.5597917446880967  , 1.3614077714683186 , "[2.1197227842875224, 0.46666627281396367, 3.2718835962837933, 2.9998607050886705]", 32.13            , 0.826          , -38.9                    ,             214,             ,        ,       ,            ,      ,      ,        2,      75,        23,      50,        30,        ,         ,               ,              ,                ,                     ,                    
step2_upro_tqqq_6state__martin                    , martin         ,           76, COMPLETE             ,                      , 1.8962681645364647    , 2.7079271554664954  , 1.6233179818600614 , "[2.1085584595684144, 0.4638828233928621, 3.360942575444619, 3.307295851364577]"   , 33.57            , 0.857          , -39.16                   ,             216,             ,        ,       ,            ,      ,      ,        3,      75,        20,      50,        25,        ,         ,               ,              ,                ,                     ,                    
step2_upro_tqqq_6state__martin                    , martin         ,           77, COMPLETE             ,                      , 1.8741899773493875    , 2.5597917446880967  , 1.3712035346774185 , "[2.1197227842875224, 0.46666627281396367, 3.311066649120193, 2.9998607050886705]" , 32.24            , 0.829          , -38.9                    ,             214,             ,        ,       ,            ,      ,      ,        2,      75,        24,      50,        30,        ,         ,               ,              ,                ,                     ,                    
step2_upro_tqqq_6state__martin                    , martin         ,           78, PRUNED               ,                      , 2.9444724981536092    ,                     ,                    , "[2.115197060001771, 0.44004502016218905, 2.9444724981536092]"                     , 31.85            , 0.827          , -38.51                   ,             220,             ,        ,       ,            ,      ,      ,        2,      70,        19,      50,        35,        ,         ,               ,              ,                ,                     ,                    
step2_upro_tqqq_6state__martin                    , martin         ,           79, PRUNED               ,                      , 3.2286820224804544    ,                     ,                    , "[2.1197227842875224, 0.4338285754431048, 3.2286820224804544]"                     , 31.9             , 0.82           , -38.9                    ,             214,             ,        ,       ,            ,      ,      ,        3,      75,        22,      50,        30,        ,         ,               ,              ,                ,                     ,                    
step2_upro_tqqq_6state__martin                    , martin         ,           80, PRUNED               ,                      , 2.090833878254047     ,                     ,                    , [2.090833878254047]                                                                , 32.75            , 0.839          , -39.02                   ,             220,             ,        ,       ,            ,      ,      ,        1,      70,        21,      50,        25,        ,         ,               ,              ,                ,                     ,                    
step2_upro_tqqq_6state__martin                    , martin         ,           81, PRUNED               ,                      , 2.939031887036767     ,                     ,                    , "[2.128641781754861, 0.4322636958250823, 2.939031887036767]"                       , 31.32            , 0.811          , -38.64                   ,             214,             ,        ,       ,            ,      ,      ,        2,      75,        23,      40,        35,        ,         ,               ,              ,                ,                     ,                    
step2_upro_tqqq_6state__martin                    , martin         ,           82, PRUNED               ,                      , 2.0753532531283057    ,                     ,                    , [2.0753532531283057]                                                               , 34.85            , 0.879          , -39.68                   ,             212,             ,        ,       ,            ,      ,      ,        4,      75,        21,      45,        15,        ,         ,               ,              ,                ,                     ,                    
step2_upro_tqqq_6state__martin                    , martin         ,           83, PRUNED               ,                      , 3.1175967313627155    ,                     ,                    , "[2.128641781754861, 0.31046760688680214, 3.1175967313627155]"                     , 30.32            , 0.785          , -38.64                   ,             218,             ,        ,       ,            ,      ,      ,        1,      75,        25,      45,        35,        ,         ,               ,              ,                ,                     ,                    
step2_upro_tqqq_6state__martin                    , martin         ,           84, COMPLETE             ,                      , 1.8219754050117514    , 2.454100413801706   , 1.2642500175799094 , "[2.1197227842875224, 0.3419322340482597, 3.3926665272827954, 2.7884780433158896]" , 31.12            , 0.8            , -38.9                    ,             218,             ,        ,       ,            ,      ,      ,        1,      75,        24,      50,        30,        ,         ,               ,              ,                ,                     ,                    
step2_upro_tqqq_6state__martin                    , martin         ,           85, PRUNED               ,                      , 3.235042327747497     ,                     ,                    , "[2.1085584595684144, 0.4638828233928621, 3.235042327747497]"                      , 33.17            , 0.847          , -39.16                   ,             220,             ,        ,       ,            ,      ,      ,        3,      75,        19,      50,        25,        ,         ,               ,              ,                ,                     ,                    
step2_upro_tqqq_6state__martin                    , martin         ,           86, COMPLETE             ,                      , 1.8040775918745628    , 2.443930012721374   , 1.2797048416936225 , "[2.1085584595684144, 0.37310316263463955, 3.479693210491371, 2.7793015658743334]" , 31.9             , 0.815          , -39.16                   ,             218,             ,        ,       ,            ,      ,      ,        1,      75,        22,      45,        25,        ,         ,               ,              ,                ,                     ,                    
step2_upro_tqqq_6state__martin                    , martin         ,           87, COMPLETE             ,                      , 1.86550064989543      , 2.5580761601613533  , 1.3851510205318465 , "[2.1085584595684144, 0.4638828233928621, 3.3073807019626136, 3.0075938607542922]" , 32.67            , 0.834          , -39.16                   ,             214,             ,        ,       ,            ,      ,      ,        3,      75,        23,      45,        25,        ,         ,               ,              ,                ,                     ,                    
step2_upro_tqqq_6state__martin                    , martin         ,           88, PRUNED               ,                      , 3.0838999424209557    ,                     ,                    , "[2.115197060001771, 0.44004502016218905, 3.0838999424209557]"                     , 31.34            , 0.814          , -38.51                   ,             214,             ,        ,       ,            ,      ,      ,        2,      70,        23,      50,        35,        ,         ,               ,              ,                ,                     ,                    
step2_upro_tqqq_6state__martin                    , martin         ,           89, PRUNED               ,                      , 2.104078647013458     ,                     ,                    , [2.104078647013458]                                                                , 32.66            , 0.843          , -38.77                   ,             216,             ,        ,       ,            ,      ,      ,        3,      70,        20,      45,        30,        ,         ,               ,              ,                ,                     ,                    
step2_upro_tqqq_6state__martin                    , martin         ,           90, PRUNED               ,                      , 2.094880545936784     ,                     ,                    , [2.094880545936784]                                                                , 34.25            , 0.869          , -39.42                   ,             220,             ,        ,       ,            ,      ,      ,        2,      75,        18,      40,        20,        ,         ,               ,              ,                ,                     ,                    
step2_upro_tqqq_6state__martin                    , martin         ,           91, COMPLETE             ,                      , 1.8627088563794476    , 2.5580761601613533  , 1.3907346075638114 , "[2.1085584595684144, 0.4638828233928621, 3.3297150500904737, 3.0075938607542922]" , 32.74            , 0.836          , -39.16                   ,             214,             ,        ,       ,            ,      ,      ,        3,      75,        22,      45,        25,        ,         ,               ,              ,                ,                     ,                    
step2_upro_tqqq_6state__martin                    , martin         ,           92, PRUNED               ,                      , 2.0741836771526243    ,                     ,                    , [2.0741836771526243]                                                               , 31.94            , 0.813          , -39.28                   ,             216,             ,        ,       ,            ,      ,      ,        5,      70,        19,      45,        20,        ,         ,               ,              ,                ,                     ,                    
step2_upro_tqqq_6state__martin                    , martin         ,           93, PRUNED               ,                      , 2.090833878254047     ,                     ,                    , [2.090833878254047]                                                                , 32.7             , 0.838          , -39.02                   ,             214,             ,        ,       ,            ,      ,      ,        3,      70,        23,      40,        25,        ,         ,               ,              ,                ,                     ,                    
step2_upro_tqqq_6state__martin                    , martin         ,           94, PRUNED               ,                      , 2.9542937282213373    ,                     ,                    , "[2.128641781754861, 0.3685190754628828, 2.9542937282213373]"                      , 29.21            , 0.756          , -38.64                   ,             210,             ,        ,       ,            ,      ,      ,        5,      75,        23,      50,        35,        ,         ,               ,              ,                ,                     ,                    
step2_upro_tqqq_6state__martin                    , martin         ,           95, PRUNED               ,                      , 2.104078647013458     ,                     ,                    , [2.104078647013458]                                                                , 32.08            , 0.827          , -38.77                   ,             216,             ,        ,       ,            ,      ,      ,        4,      70,        19,      40,        30,        ,         ,               ,              ,                ,                     ,                    
step2_upro_tqqq_6state__martin                    , martin         ,           96, PRUNED               ,                      , 3.1538500890440218    ,                     ,                    , "[2.1197227842875224, 0.5057240558760558, 3.1538500890440218]"                     , 32.48            , 0.835          , -38.9                    ,             212,             ,        ,       ,            ,      ,      ,        4,      75,        20,      50,        30,        ,         ,               ,              ,                ,                     ,                    
step2_upro_tqqq_6state__martin                    , martin         ,           97, PRUNED               ,                      , 3.243492477681645     ,                     ,                    , "[2.1197227842875224, 0.4338285754431048, 3.243492477681645]"                      , 31.93            , 0.821          , -38.9                    ,             214,             ,        ,       ,            ,      ,      ,        3,      75,        24,      50,        30,        ,         ,               ,              ,                ,                     ,                    
step2_upro_tqqq_6state__martin                    , martin         ,           98, PRUNED               ,                      , 2.094880545936784     ,                     ,                    , [2.094880545936784]                                                                , 34.66            , 0.879          , -39.42                   ,             216,             ,        ,       ,            ,      ,      ,        2,      75,        20,      45,        20,        ,         ,               ,              ,                ,                     ,                    
step2_upro_tqqq_6state__martin                    , martin         ,           99, PRUNED               ,                      , 3.2287819056006772    ,                     ,                    , "[2.128641781754861, 0.31046760688680214, 3.2287819056006772]"                     , 30.4             , 0.787          , -38.64                   ,             214,             ,        ,       ,            ,      ,      ,        1,      75,        26,      50,        35,        ,         ,               ,              ,                ,                     ,                    
step2_upro_tqqq_6state__martin                    , martin         ,          100, PRUNED               ,                      , 2.090833878254047     ,                     ,                    , [2.090833878254047]                                                                , 32.67            , 0.837          , -39.02                   ,             214,             ,        ,       ,            ,      ,      ,        3,      70,        23,      50,        25,        ,         ,               ,              ,                ,                     ,                    
step2_upro_tqqq_6state__martin                    , martin         ,          101, PRUNED               ,                      , 2.0741836771526243    ,                     ,                    , [2.0741836771526243]                                                               , 34.3             , 0.873          , -39.28                   ,             220,             ,        ,       ,            ,      ,      ,        2,      70,        19,      50,        20,        ,         ,               ,              ,                ,                     ,                    
step2_upro_tqqq_6state__martin                    , martin         ,          102, PRUNED               ,                      , 2.090833878254047     ,                     ,                    , [2.090833878254047]                                                                , 31.83            , 0.816          , -39.02                   ,             218,             ,        ,       ,            ,      ,      ,        1,      70,        23,      50,        25,        ,         ,               ,              ,                ,                     ,                    
step2_upro_tqqq_6state__martin                    , martin         ,          103, PRUNED               ,                      , 2.964943549081849     ,                     ,                    , "[2.128641781754861, 0.40280661165892695, 2.964943549081849]"                      , 31.06            , 0.804          , -38.64                   ,             214,             ,        ,       ,            ,      ,      ,        3,      75,        22,      45,        35,        ,         ,               ,              ,                ,                     ,                    
step2_upro_tqqq_6state__martin                    , martin         ,          104, PRUNED               ,                      , 2.855229696627866     ,                     ,                    , "[2.1085584595684144, 0.5387785862245927, 2.855229696627866]"                      , 31.56            , 0.806          , -39.16                   ,             224,             ,        ,       ,            ,      ,      ,        4,      75,        17,      45,        25,        ,         ,               ,              ,                ,                     ,                    
step2_upro_tqqq_6state__martin                    , martin         ,          105, PRUNED               ,                      , 3.2353580916848683    ,                     ,                    , "[2.1197227842875224, 0.46666627281396367, 3.2353580916848683]"                    , 33.01            , 0.849          , -38.9                    ,             216,             ,        ,       ,            ,      ,      ,        2,      75,        20,      50,        30,        ,         ,               ,              ,                ,                     ,                    
step2_upro_tqqq_6state__martin                    , martin         ,          106, PRUNED               ,                      , 3.0176915200659318    ,                     ,                    , "[2.1356488188241287, 0.2787521611996201, 3.0176915200659318]"                     , 29.49            , 0.768          , -38.38                   ,             218,             ,        ,       ,            ,      ,      ,        1,      75,        24,      50,        40,        ,         ,               ,              ,                ,                     ,                    
step2_upro_tqqq_6state__martin                    , martin         ,          107, PRUNED               ,                      , 2.094880545936784     ,                     ,                    , [2.094880545936784]                                                                , 33.97            , 0.862          , -39.42                   ,             220,             ,        ,       ,            ,      ,      ,        3,      75,        18,      45,        20,        ,         ,               ,              ,                ,                     ,                    
step2_upro_tqqq_6state__martin                    , martin         ,          108, PRUNED               ,                      , 2.9774928213148124    ,                     ,                    , "[2.128641781754861, 0.40280661165892695, 2.9774928213148124]"                     , 31.09            , 0.805          , -38.64                   ,             214,             ,        ,       ,            ,      ,      ,        3,      75,        24,      45,        35,        ,         ,               ,              ,                ,                     ,                    
step2_upro_tqqq_6state__martin                    , martin         ,          109, PRUNED               ,                      , 3.26154354009598      ,                     ,                    , "[2.1085584595684144, 0.5387785862245927, 3.26154354009598]"                       , 33.23            , 0.849          , -39.16                   ,             212,             ,        ,       ,            ,      ,      ,        4,      75,        20,      45,        25,        ,         ,               ,              ,                ,                     ,                    
step2_upro_tqqq_6state__martin                    , martin         ,          110, PRUNED               ,                      , 3.188259498864875     ,                     ,                    , "[2.1197227842875224, 0.46666627281396367, 3.188259498864875]"                     , 32.15            , 0.827          , -38.9                    ,             214,             ,        ,       ,            ,      ,      ,        2,      75,        23,      45,        30,        ,         ,               ,              ,                ,                     ,                    
step2_upro_tqqq_6state__martin                    , martin         ,          111, PRUNED               ,                      , 3.241832751044955     ,                     ,                    , "[2.1197227842875224, 0.3419322340482597, 3.241832751044955]"                      , 31.21            , 0.802          , -38.9                    ,             214,             ,        ,       ,            ,      ,      ,        1,      75,        26,      40,        30,        ,         ,               ,              ,                ,                     ,                    
step2_upro_tqqq_6state__martin                    , martin         ,          112, COMPLETE             ,                      , 1.8627088563794476    , 2.5580761601613533  , 1.3907346075638114 , "[2.1085584595684144, 0.4638828233928621, 3.3297150500904737, 3.0075938607542922]" , 32.74            , 0.836          , -39.16                   ,             214,             ,        ,       ,            ,      ,      ,        3,      75,        22,      45,        25,        ,         ,               ,              ,                ,                     ,                    
step2_upro_tqqq_6state__martin                    , martin         ,          113, PRUNED               ,                      , 2.090833878254047     ,                     ,                    , [2.090833878254047]                                                                , 33.31            , 0.854          , -39.02                   ,             212,             ,        ,       ,            ,      ,      ,        4,      70,        20,      50,        25,        ,         ,               ,              ,                ,                     ,                    
step2_upro_tqqq_6state__martin                    , martin         ,          114, PRUNED               ,                      , 3.2816066533891557    ,                     ,                    , "[2.1085584595684144, 0.4638828233928621, 3.2816066533891557]"                     , 33.51            , 0.856          , -39.16                   ,             216,             ,        ,       ,            ,      ,      ,        3,      75,        21,      45,        25,        ,         ,               ,              ,                ,                     ,                    
step2_upro_tqqq_6state__martin                    , martin         ,          115, PRUNED               ,                      , 2.0741836771526243    ,                     ,                    , [2.0741836771526243]                                                               , 33.86            , 0.862          , -39.28                   ,             214,             ,        ,       ,            ,      ,      ,        2,      70,        22,      50,        20,        ,         ,               ,              ,                ,                     ,                    
step2_upro_tqqq_6state__martin                    , martin         ,          116, PRUNED               ,                      , 2.104078647013458     ,                     ,                    , [2.104078647013458]                                                                , 32.75            , 0.845          , -38.77                   ,             216,             ,        ,       ,            ,      ,      ,        3,      70,        21,      50,        30,        ,         ,               ,              ,                ,                     ,                    
step2_upro_tqqq_6state__martin                    , martin         ,          117, PRUNED               ,                      , 2.094880545936784     ,                     ,                    , [2.094880545936784]                                                                , 32.18            , 0.817          , -39.42                   ,             224,             ,        ,       ,            ,      ,      ,        4,      75,        17,      50,        20,        ,         ,               ,              ,                ,                     ,                    
step2_upro_tqqq_6state__martin                    , martin         ,          118, COMPLETE             ,                      , 1.8465552495772957    , 2.553097317042825   , 1.413084134931059  , "[2.1085584595684144, 0.5007209432844946, 3.4858243381622676, 2.9976361745172353]" , 33.04            , 0.844          , -39.16                   ,             214,             ,        ,       ,            ,      ,      ,        2,      75,        22,      50,        25,        ,         ,               ,              ,                ,                     ,                    
step2_upro_tqqq_6state__martin                    , martin         ,          119, PRUNED               ,                      , 2.094880545936784     ,                     ,                    , [2.094880545936784]                                                                , 33.49            , 0.85           , -39.42                   ,             214,             ,        ,       ,            ,      ,      ,        3,      75,        23,      45,        20,        ,         ,               ,              ,                ,                     ,                    
step2_upro_tqqq_6state__martin                    , martin         ,          120, COMPLETE             ,                      , 1.817690790148636     , 2.443930012721374   , 1.252478445145476  , "[2.1085584595684144, 0.37310316263463955, 3.3707876242987864, 2.7793015658743334]", 31.85            , 0.813          , -39.16                   ,             218,             ,        ,       ,            ,      ,      ,        1,      75,        23,      40,        25,        ,         ,               ,              ,                ,                     ,                    
step2_upro_tqqq_6state__martin                    , martin         ,          121, PRUNED               ,                      , 3.112427525923753     ,                     ,                    , "[2.128641781754861, 0.4322636958250823, 3.112427525923753]"                       , 31.37            , 0.812          , -38.64                   ,             214,             ,        ,       ,            ,      ,      ,        2,      75,        22,      50,        35,        ,         ,               ,              ,                ,                     ,                    
step2_upro_tqqq_6state__martin                    , martin         ,          122, PRUNED               ,                      , 2.0753532531283057    ,                     ,                    , [2.0753532531283057]                                                               , 34.81            , 0.877          , -39.68                   ,             220,             ,        ,       ,            ,      ,      ,        3,      75,        19,      50,        15,        ,         ,               ,              ,                ,                     ,                    
step2_upro_tqqq_6state__martin                    , martin         ,          123, PRUNED               ,                      , 3.008981213383354     ,                     ,                    , "[2.1197227842875224, 0.5057240558760558, 3.008981213383354]"                      , 32.36            , 0.832          , -38.9                    ,             212,             ,        ,       ,            ,      ,      ,        4,      75,        21,      40,        30,        ,         ,               ,              ,                ,                     ,                    
step2_upro_tqqq_6state__martin                    , martin         ,          124, COMPLETE             ,                      , 1.852223440842633     , 2.477760884850719   , 1.251074888016172  , "[2.1085584595684144, 0.5387785862245927, 3.3278635865954556, 2.846963310133023]"  , 32.51            , 0.83           , -39.16                   ,             210,             ,        ,       ,            ,      ,      ,        4,      75,        25,      45,        25,        ,         ,               ,              ,                ,                     ,                    
step2_upro_tqqq_6state__martin                    , martin         ,          125, PRUNED               ,                      , 2.094880545936784     ,                     ,                    , [2.094880545936784]                                                                , 33.7             , 0.855          , -39.42                   ,             210,             ,        ,       ,            ,      ,      ,        3,      75,        26,      45,        20,        ,         ,               ,              ,                ,                     ,                    
step2_upro_tqqq_6state__martin                    , martin         ,          126, PRUNED               ,                      , 2.104078647013458     ,                     ,                    , [2.104078647013458]                                                                , 32.27            , 0.832          , -38.77                   ,             214,             ,        ,       ,            ,      ,      ,        2,      70,        25,      45,        30,        ,         ,               ,              ,                ,                     ,                    
step2_upro_tqqq_6state__martin                    , martin         ,          127, COMPLETE             ,                      , 1.8702878754327306    , 2.5597917446880967  , 1.3790077385107324 , "[2.1197227842875224, 0.46666627281396367, 3.342283464453449, 2.9998607050886705]" , 32.33            , 0.831          , -38.9                    ,             210,             ,        ,       ,            ,      ,      ,        2,      75,        26,      50,        30,        ,         ,               ,              ,                ,                     ,                    
step2_upro_tqqq_6state__martin                    , martin         ,          128, PRUNED               ,                      , 2.104078647013458     ,                     ,                    , [2.104078647013458]                                                                , 32.27            , 0.832          , -38.77                   ,             214,             ,        ,       ,            ,      ,      ,        2,      70,        25,      50,        30,        ,         ,               ,              ,                ,                     ,                    
step2_upro_tqqq_6state__martin                    , martin         ,          129, PRUNED               ,                      , 2.090833878254047     ,                     ,                    , [2.090833878254047]                                                                , 31.85            , 0.816          , -39.02                   ,             218,             ,        ,       ,            ,      ,      ,        1,      70,        23,      45,        25,        ,         ,               ,              ,                ,                     ,                    
step2_upro_tqqq_6state__martin                    , martin         ,          130, PRUNED               ,                      , 2.094880545936784     ,                     ,                    , [2.094880545936784]                                                                , 32.77            , 0.831          , -39.42                   ,             218,             ,        ,       ,            ,      ,      ,        1,      75,        24,      15,        20,        ,         ,               ,              ,                ,                     ,                    
step2_upro_tqqq_6state__martin                    , martin         ,          131, PRUNED               ,                      , 3.1272916399889086    ,                     ,                    , "[2.128641781754861, 0.4322636958250823, 3.1272916399889086]"                      , 31.39            , 0.812          , -38.64                   ,             214,             ,        ,       ,            ,      ,      ,        2,      75,        24,      50,        35,        ,         ,               ,              ,                ,                     ,                    
step2_upro_tqqq_6state__martin                    , martin         ,          132, PRUNED               ,                      , 3.0762593866958685    ,                     ,                    , "[2.1197227842875224, 0.4338285754431048, 3.0762593866958685]"                     , 31.94            , 0.821          , -38.9                    ,             214,             ,        ,       ,            ,      ,      ,        3,      75,        24,      40,        30,        ,         ,               ,              ,                ,                     ,                    
step2_upro_tqqq_6state__martin                    , martin         ,          133, PRUNED               ,                      , 3.314826182198684     ,                     ,                    , "[2.1085584595684144, 0.37310316263463955, 3.314826182198684]"                     , 32.3             , 0.825          , -39.16                   ,             224,             ,        ,       ,            ,      ,      ,        1,      75,        19,      45,        25,        ,         ,               ,              ,                ,                     ,                    
step2_upro_tqqq_6state__martin                    , martin         ,          134, PRUNED               ,                      , 2.9961646399665796    ,                     ,                    , "[2.1197227842875224, 0.46666627281396367, 2.9961646399665796]"                    , 32.59            , 0.838          , -38.9                    ,             220,             ,        ,       ,            ,      ,      ,        2,      75,        19,      40,        30,        ,         ,               ,              ,                ,                     ,                    
step2_upro_tqqq_6state__martin                    , martin         ,          135, PRUNED               ,                      , 2.978809644034809     ,                     ,                    , "[2.115197060001771, 0.44004502016218905, 2.978809644034809]"                      , 32.13            , 0.834          , -38.51                   ,             216,             ,        ,       ,            ,      ,      ,        2,      70,        21,      45,        35,        ,         ,               ,              ,                ,                     ,                    
step2_upro_tqqq_6state__martin                    , martin         ,          136, PRUNED               ,                      , 2.094880545936784     ,                     ,                    , [2.094880545936784]                                                                , 33.3             , 0.845          , -39.42                   ,             210,             ,        ,       ,            ,      ,      ,        4,      75,        24,      40,        20,        ,         ,               ,              ,                ,                     ,                    
step2_upro_tqqq_6state__martin                    , martin         ,          137, PRUNED               ,                      , 2.104078647013458     ,                     ,                    , [2.104078647013458]                                                                , 32.92            , 0.849          , -38.77                   ,             216,             ,        ,       ,            ,      ,      ,        2,      70,        21,      40,        30,        ,         ,               ,              ,                ,                     ,                    
step2_upro_tqqq_6state__martin                    , martin         ,          138, COMPLETE             ,                      , 1.8427083736477123    , 2.477760884850719   , 1.2701050224060133 , "[2.1085584595684144, 0.5387785862245927, 3.403984124154819, 2.846963310133023]"   , 32.47            , 0.829          , -39.16                   ,             210,             ,        ,       ,            ,      ,      ,        4,      75,        22,      50,        25,        ,         ,               ,              ,                ,                     ,                    
step2_upro_tqqq_6state__martin                    , martin         ,          139, PRUNED               ,                      , 2.0741836771526243    ,                     ,                    , [2.0741836771526243]                                                               , 33.56            , 0.854          , -39.28                   ,             214,             ,        ,       ,            ,      ,      ,        3,      70,        22,      45,        20,        ,         ,               ,              ,                ,                     ,                    
step2_upro_tqqq_6state__martin                    , martin         ,          140, COMPLETE             ,                      , 1.8503058821643499    , 2.5580761601613533  , 1.4155405559940069 , "[2.1085584595684144, 0.4638828233928621, 3.428938843811255, 3.0075938607542922]"  , 32.76            , 0.837          , -39.16                   ,             210,             ,        ,       ,            ,      ,      ,        3,      75,        27,      50,        25,        ,         ,               ,              ,                ,                     ,                    
step2_upro_tqqq_6state__martin                    , martin         ,          141, PRUNED               ,                      , 3.3060967293378605    ,                     ,                    , "[2.1085584595684144, 0.5007209432844946, 3.3060967293378605]"                     , 33.06            , 0.844          , -39.16                   ,             214,             ,        ,       ,            ,      ,      ,        2,      75,        22,      40,        25,        ,         ,               ,              ,                ,                     ,                    
step2_upro_tqqq_6state__martin                    , martin         ,          142, PRUNED               ,                      , 2.0741836771526243    ,                     ,                    , [2.0741836771526243]                                                               , 34.35            , 0.874          , -39.28                   ,             216,             ,        ,       ,            ,      ,      ,        3,      70,        20,      45,        20,        ,         ,               ,              ,                ,                     ,                    
step2_upro_tqqq_6state__martin                    , martin         ,          143, PRUNED               ,                      , 2.104078647013458     ,                     ,                    , [2.104078647013458]                                                                , 31.15            , 0.804          , -38.77                   ,             214,             ,        ,       ,            ,      ,      ,        1,      70,        28,      45,        30,        ,         ,               ,              ,                ,                     ,                    
step2_upro_tqqq_6state__martin                    , martin         ,          144, PRUNED               ,                      , 2.090833878254047     ,                     ,                    , [2.090833878254047]                                                                , 32.42            , 0.831          , -39.02                   ,             210,             ,        ,       ,            ,      ,      ,        4,      70,        23,      45,        25,        ,         ,               ,              ,                ,                     ,                    
step2_upro_tqqq_6state__martin                    , martin         ,          145, COMPLETE             ,                      , 1.8523645341335868    , 2.553097317042825   , 1.4014655658184763 , "[2.1085584595684144, 0.5007209432844946, 3.439350061711936, 2.9976361745172353]"  , 33.18            , 0.847          , -39.16                   ,             210,             ,        ,       ,            ,      ,      ,        2,      75,        26,      45,        25,        ,         ,               ,              ,                ,                     ,                    
step2_upro_tqqq_6state__martin                    , martin         ,          146, PRUNED               ,                      , 2.8237572169557636    ,                     ,                    , "[2.128641781754861, 0.40280661165892695, 2.8237572169557636]"                     , 31.46            , 0.814          , -38.64                   ,             220,             ,        ,       ,            ,      ,      ,        3,      75,        18,      45,        35,        ,         ,               ,              ,                ,                     ,                    
step2_upro_tqqq_6state__martin                    , martin         ,          147, PRUNED               ,                      , 2.094880545936784     ,                     ,                    , [2.094880545936784]                                                                , 33.47            , 0.849          , -39.42                   ,             214,             ,        ,       ,            ,      ,      ,        3,      75,        23,      50,        20,        ,         ,               ,              ,                ,                     ,                    
step2_upro_tqqq_6state__martin                    , martin         ,          148, PRUNED               ,                      , 3.129266369478863     ,                     ,                    , "[2.1197227842875224, 0.5057240558760558, 3.129266369478863]"                      , 31.69            , 0.815          , -38.9                    ,             210,             ,        ,       ,            ,      ,      ,        4,      75,        22,      45,        30,        ,         ,               ,              ,                ,                     ,                    
step2_upro_tqqq_6state__martin                    , martin         ,          149, PRUNED               ,                      , 2.104078647013458     ,                     ,                    , [2.104078647013458]                                                                , 31.15            , 0.804          , -38.77                   ,             218,             ,        ,       ,            ,      ,      ,        1,      70,        24,      50,        30,        ,         ,               ,              ,                ,                     ,                    
step2_upro_tqqq_6state__martin                    , martin         ,          150, PRUNED               ,                      , 2.094880545936784     ,                     ,                    , [2.094880545936784]                                                                , 31.94            , 0.81           , -39.42                   ,             216,             ,        ,       ,            ,      ,      ,        5,      75,        19,      45,        20,        ,         ,               ,              ,                ,                     ,                    
step2_upro_tqqq_6state__martin                    , martin         ,          151, PRUNED               ,                      , 3.175513586425473     ,                     ,                    , "[2.1085584595684144, 0.4638828233928621, 3.175513586425473]"                      , 32.78            , 0.837          , -39.16                   ,             214,             ,        ,       ,            ,      ,      ,        3,      75,        25,      35,        25,        ,         ,               ,              ,                ,                     ,                    
step2_upro_tqqq_6state__martin                    , martin         ,          152, PRUNED               ,                      , 2.090833878254047     ,                     ,                    , [2.090833878254047]                                                                , 32.79            , 0.84           , -39.02                   ,             214,             ,        ,       ,            ,      ,      ,        3,      70,        25,      40,        25,        ,         ,               ,              ,                ,                     ,                    
step2_upro_tqqq_6state__martin                    , martin         ,          153, PRUNED               ,                      , 2.8748259323288705    ,                     ,                    , "[2.1245510132087984, 0.38002970929164387, 2.8748259323288705]"                    , 30.3             , 0.792          , -38.26                   ,             214,             ,        ,       ,            ,      ,      ,        3,      70,        25,      50,        40,        ,         ,               ,              ,                ,                     ,                    
step2_upro_tqqq_6state__martin                    , martin         ,          154, PRUNED               ,                      , 3.156632159619845     ,                     ,                    , "[2.1197227842875224, 0.46666627281396367, 3.156632159619845]"                     , 32.94            , 0.847          , -38.9                    ,             216,             ,        ,       ,            ,      ,      ,        2,      75,        20,      45,        30,        ,         ,               ,              ,                ,                     ,                    
step2_upro_tqqq_6state__martin                    , martin         ,          155, PRUNED               ,                      , 2.104078647013458     ,                     ,                    , [2.104078647013458]                                                                , 32.26            , 0.832          , -38.77                   ,             210,             ,        ,       ,            ,      ,      ,        2,      70,        28,      50,        30,        ,         ,               ,              ,                ,                     ,                    
step2_upro_tqqq_6state__martin                    , martin         ,          156, COMPLETE             ,                      , 1.8639433921392627    , 2.553097317042825   , 1.3783078498071244 , "[2.1085584595684144, 0.5007209432844946, 3.34671919766653, 2.9976361745172353]"   , 33.17            , 0.847          , -39.16                   ,             210,             ,        ,       ,            ,      ,      ,        2,      75,        26,      40,        25,        ,         ,               ,              ,                ,                     ,                    
step2_upro_tqqq_6state__martin                    , martin         ,          157, PRUNED               ,                      , 3.185192267560654     ,                     ,                    , "[2.1197227842875224, 0.4338285754431048, 3.185192267560654]"                      , 32.02            , 0.823          , -38.9                    ,             210,             ,        ,       ,            ,      ,      ,        3,      75,        26,      45,        30,        ,         ,               ,              ,                ,                     ,                    
step2_upro_tqqq_6state__martin                    , martin         ,          158, PRUNED               ,                      , 3.1296653666747636    ,                     ,                    , "[2.1085584595684144, 0.4638828233928621, 3.1296653666747636]"                     , 33.37            , 0.852          , -39.16                   ,             216,             ,        ,       ,            ,      ,      ,        3,      75,        21,      35,        25,        ,         ,               ,              ,                ,                     ,                    
step2_upro_tqqq_6state__martin                    , martin         ,          159, PRUNED               ,                      , 2.0741836771526243    ,                     ,                    , [2.0741836771526243]                                                               , 34.43            , 0.877          , -39.28                   ,             216,             ,        ,       ,            ,      ,      ,        3,      70,        21,      50,        20,        ,         ,               ,              ,                ,                     ,                    
step2_upro_tqqq_6state__martin                    , martin         ,          160, PRUNED               ,                      , 2.8830458997727195    ,                     ,                    , "[2.1085584595684144, 0.5007209432844946, 2.8830458997727195]"                     , 33.13            , 0.846          , -39.16                   ,             214,             ,        ,       ,            ,      ,      ,        2,      75,        24,      10,        25,        ,         ,               ,              ,                ,                     ,                    
step2_upro_tqqq_6state__martin                    , martin         ,          161, PRUNED               ,                      , 3.3188717965249417    ,                     ,                    , "[2.1085584595684144, 0.5007209432844946, 3.3188717965249417]"                     , 33.08            , 0.845          , -39.16                   ,             214,             ,        ,       ,            ,      ,      ,        2,      75,        25,      40,        25,        ,         ,               ,              ,                ,                     ,                    
step2_upro_tqqq_6state__martin                    , martin         ,          162, COMPLETE             ,                      , 1.8572071932968415    , 2.553097317042825   , 1.3917802474919674 , "[2.1085584595684144, 0.5007209432844946, 3.400608788405902, 2.9976361745172353]"  , 33.08            , 0.845          , -39.16                   ,             210,             ,        ,       ,            ,      ,      ,        2,      75,        28,      45,        25,        ,         ,               ,              ,                ,                     ,                    
step2_upro_tqqq_6state__martin                    , martin         ,          163, PRUNED               ,                      , 2.0753532531283057    ,                     ,                    , [2.0753532531283057]                                                               , 34.71            , 0.875          , -39.68                   ,             214,             ,        ,       ,            ,      ,      ,        2,      75,        25,      45,        15,        ,         ,               ,              ,                ,                     ,                    
step2_upro_tqqq_6state__martin                    , martin         ,          164, PRUNED               ,                      , 2.094880545936784     ,                     ,                    , [2.094880545936784]                                                                , 33.92            , 0.86           , -39.42                   ,             210,             ,        ,       ,            ,      ,      ,        2,      75,        27,      40,        20,        ,         ,               ,              ,                ,                     ,                    
step2_upro_tqqq_6state__martin                    , martin         ,          165, PRUNED               ,                      , 2.968134665834898     ,                     ,                    , "[2.128641781754861, 0.4322636958250823, 2.968134665834898]"                       , 31.4             , 0.813          , -38.64                   ,             214,             ,        ,       ,            ,      ,      ,        2,      75,        25,      40,        35,        ,         ,               ,              ,                ,                     ,                    
step2_upro_tqqq_6state__martin                    , martin         ,          166, PRUNED               ,                      , 2.104078647013458     ,                     ,                    , [2.104078647013458]                                                                , 32.28            , 0.833          , -38.77                   ,             214,             ,        ,       ,            ,      ,      ,        2,      70,        24,      40,        30,        ,         ,               ,              ,                ,                     ,                    
step2_upro_tqqq_6state__martin                    , martin         ,          167, PRUNED               ,                      , 2.094880545936784     ,                     ,                    , [2.094880545936784]                                                                , 32.81            , 0.833          , -39.42                   ,             214,             ,        ,       ,            ,      ,      ,        1,      75,        26,      15,        20,        ,         ,               ,              ,                ,                     ,                    
step2_upro_tqqq_6state__martin                    , martin         ,          168, PRUNED               ,                      , 2.935637591462054     ,                     ,                    , "[2.1197227842875224, 0.3419322340482597, 2.935637591462054]"                      , 31.2             , 0.802          , -38.9                    ,             214,             ,        ,       ,            ,      ,      ,        1,      75,        26,      20,        30,        ,         ,               ,              ,                ,                     ,                    
step2_upro_tqqq_6state__martin                    , martin         ,          169, PRUNED               ,                      , 2.094880545936784     ,                     ,                    , [2.094880545936784]                                                                , 32.72            , 0.83           , -39.42                   ,             214,             ,        ,       ,            ,      ,      ,        1,      75,        28,      50,        20,        ,         ,               ,              ,                ,                     ,                    
step2_upro_tqqq_6state__martin                    , martin         ,          170, PRUNED               ,                      , 3.0398695252009555    ,                     ,                    , "[2.1197227842875224, 0.5057240558760558, 3.0398695252009555]"                     , 32.11            , 0.826          , -38.9                    ,             216,             ,        ,       ,            ,      ,      ,        4,      75,        18,      50,        30,        ,         ,               ,              ,                ,                     ,                    
step2_upro_tqqq_6state__martin                    , martin         ,          171, PRUNED               ,                      , 2.094880545936784     ,                     ,                    , [2.094880545936784]                                                                , 34.43            , 0.874          , -39.42                   ,             216,             ,        ,       ,            ,      ,      ,        3,      75,        21,      50,        20,        ,         ,               ,              ,                ,                     ,                    
step2_upro_tqqq_6state__martin                    , martin         ,          172, COMPLETE             ,                      , 1.7911010411165937    , 2.443930012721374   , 1.3056579432095607 , "[2.1085584595684144, 0.37310316263463955, 3.583505616555124, 2.7793015658743334]" , 31.92            , 0.815          , -39.16                   ,             214,             ,        ,       ,            ,      ,      ,        1,      75,        27,      50,        25,        ,         ,               ,              ,                ,                     ,                    
step2_upro_tqqq_6state__martin                    , martin         ,          173, COMPLETE             ,                      , 1.8608325691907124    , 2.5580761601613533  , 1.3944871819412819 , "[2.1085584595684144, 0.4638828233928621, 3.344725347600355, 3.0075938607542922]"  , 32.77            , 0.837          , -39.16                   ,             214,             ,        ,       ,            ,      ,      ,        3,      75,        24,      45,        25,        ,         ,               ,              ,                ,                     ,                    
step2_upro_tqqq_6state__martin                    , martin         ,          174, COMPLETE             ,                      , 1.8454965707960453    , 2.553097317042825   , 1.4152014924935596 , "[2.1085584595684144, 0.5007209432844946, 3.4942937684122706, 2.9976361745172353]" , 33.07            , 0.845          , -39.16                   ,             210,             ,        ,       ,            ,      ,      ,        2,      75,        28,      50,        25,        ,         ,               ,              ,                ,                     ,                    
step2_upro_tqqq_6state__martin                    , martin         ,          175, PRUNED               ,                      , 3.293413183896219     ,                     ,                    , "[2.1197227842875224, 0.3419322340482597, 3.293413183896219]"                      , 31.12            , 0.8            , -38.9                    ,             214,             ,        ,       ,            ,      ,      ,        1,      75,        27,      45,        30,        ,         ,               ,              ,                ,                     ,                    
step2_upro_tqqq_6state__martin                    , martin         ,          176, PRUNED               ,                      , 2.090833878254047     ,                     ,                    , [2.090833878254047]                                                                , 33.11            , 0.848          , -39.02                   ,             210,             ,        ,       ,            ,      ,      ,        2,      70,        27,      35,        25,        ,         ,               ,              ,                ,                     ,                    
step2_upro_tqqq_6state__martin                    , martin         ,          177, PRUNED               ,                      , 3.229507409696093     ,                     ,                    , "[2.1085584595684144, 0.5007209432844946, 3.229507409696093]"                      , 33.45            , 0.854          , -39.16                   ,             220,             ,        ,       ,            ,      ,      ,        2,      75,        18,      45,        25,        ,         ,               ,              ,                ,                     ,                    
step2_upro_tqqq_6state__martin                    , martin         ,          178, PRUNED               ,                      , 3.2354865417287213    ,                     ,                    , "[2.1085584595684144, 0.5007209432844946, 3.2354865417287213]"                     , 33.09            , 0.845          , -39.16                   ,             214,             ,        ,       ,            ,      ,      ,        2,      75,        24,      35,        25,        ,         ,               ,              ,                ,                     ,                    
step2_upro_tqqq_6state__martin                    , martin         ,          179, PRUNED               ,                      , 2.0741836771526243    ,                     ,                    , [2.0741836771526243]                                                               , 33.9             , 0.863          , -39.28                   ,             214,             ,        ,       ,            ,      ,      ,        2,      70,        25,      45,        20,        ,         ,               ,              ,                ,                     ,                    
step2_upro_tqqq_6state__martin                    , martin         ,          180, PRUNED               ,                      , 3.2096637419224607    ,                     ,                    , "[2.1197227842875224, 0.3419322340482597, 3.2096637419224607]"                     , 31.13            , 0.8            , -38.9                    ,             214,             ,        ,       ,            ,      ,      ,        1,      75,        28,      40,        30,        ,         ,               ,              ,                ,                     ,                    
step2_upro_tqqq_6state__martin                    , martin         ,          181, PRUNED               ,                      , 2.090833878254047     ,                     ,                    , [2.090833878254047]                                                                , 33.18            , 0.85           , -39.02                   ,             220,             ,        ,       ,            ,      ,      ,        3,      70,        18,      50,        25,        ,         ,               ,              ,                ,                     ,                    
step2_upro_tqqq_6state__martin                    , martin         ,          182, PRUNED               ,                      , 2.094880545936784     ,                     ,                    , [2.094880545936784]                                                                , 33.97            , 0.862          , -39.42                   ,             212,             ,        ,       ,            ,      ,      ,        4,      75,        20,      40,        20,        ,         ,               ,              ,                ,                     ,                    
step2_upro_tqqq_6state__martin                    , martin         ,          183, PRUNED               ,                      , 2.090833878254047     ,                     ,                    , [2.090833878254047]                                                                , 33.06            , 0.847          , -39.02                   ,             214,             ,        ,       ,            ,      ,      ,        2,      70,        22,      45,        25,        ,         ,               ,              ,                ,                     ,                    
step2_upro_tqqq_6state__martin                    , martin         ,          184, PRUNED               ,                      , 3.057863764402156     ,                     ,                    , "[2.128641781754861, 0.40280661165892695, 3.057863764402156]"                      , 31.09            , 0.805          , -38.64                   ,             214,             ,        ,       ,            ,      ,      ,        3,      75,        25,      50,        35,        ,         ,               ,              ,                ,                     ,                    
step2_upro_tqqq_6state__martin                    , martin         ,          185, PRUNED               ,                      , 2.090833878254047     ,                     ,                    , [2.090833878254047]                                                                , 32.88            , 0.843          , -39.02                   ,             210,             ,        ,       ,            ,      ,      ,        3,      70,        26,      50,        25,        ,         ,               ,              ,                ,                     ,                    
step2_upro_tqqq_6state__martin                    , martin         ,          186, PRUNED               ,                      , 2.090833878254047     ,                     ,                    , [2.090833878254047]                                                                , 33.19            , 0.85           , -39.02                   ,             210,             ,        ,       ,            ,      ,      ,        2,      70,        26,      40,        25,        ,         ,               ,              ,                ,                     ,                    
step2_upro_tqqq_6state__martin                    , martin         ,          187, PRUNED               ,                      , 3.2693534272689875    ,                     ,                    , "[2.1085584595684144, 0.5387785862245927, 3.2693534272689875]"                     , 32.6             , 0.833          , -39.16                   ,             206,             ,        ,       ,            ,      ,      ,        4,      75,        26,      40,        25,        ,         ,               ,              ,                ,                     ,                    
step2_upro_tqqq_6state__martin                    , martin         ,          188, COMPLETE             ,                      , 1.8608325691907124    , 2.5580761601613533  , 1.3944871819412819 , "[2.1085584595684144, 0.4638828233928621, 3.344725347600355, 3.0075938607542922]"  , 32.77            , 0.837          , -39.16                   ,             214,             ,        ,       ,            ,      ,      ,        3,      75,        24,      45,        25,        ,         ,               ,              ,                ,                     ,                    
step2_upro_tqqq_6state__martin                    , martin         ,          189, PRUNED               ,                      , 2.0741836771526243    ,                     ,                    , [2.0741836771526243]                                                               , 33.59            , 0.855          , -39.28                   ,             210,             ,        ,       ,            ,      ,      ,        3,      70,        27,      45,        20,        ,         ,               ,              ,                ,                     ,                    
step2_upro_tqqq_6state__martin                    , martin         ,          190, COMPLETE             ,                      , 1.8238730983111862    , 2.454100413801706   , 1.2604546309810398 , "[2.1197227842875224, 0.3419322340482597, 3.377484980887317, 2.7884780433158896]"  , 31.09            , 0.799          , -38.9                    ,             218,             ,        ,       ,            ,      ,      ,        1,      75,        22,      50,        30,        ,         ,               ,              ,                ,                     ,                    
step2_upro_tqqq_6state__martin                    , martin         ,          191, COMPLETE             ,                      , 1.8572071932968415    , 2.553097317042825   , 1.3917802474919674 , "[2.1085584595684144, 0.5007209432844946, 3.400608788405902, 2.9976361745172353]"  , 33.08            , 0.845          , -39.16                   ,             210,             ,        ,       ,            ,      ,      ,        2,      75,        27,      45,        25,        ,         ,               ,              ,                ,                     ,                    
step2_upro_tqqq_6state__martin                    , martin         ,          192, COMPLETE             ,                      , 1.802154743264058     , 2.443930012721374   , 1.2835505389146324 , "[2.1085584595684144, 0.37310316263463955, 3.4950759993754112, 2.7793015658743334]", 31.93            , 0.815          , -39.16                   ,             218,             ,        ,       ,            ,      ,      ,        1,      75,        24,      45,        25,        ,         ,               ,              ,                ,                     ,                    
step2_upro_tqqq_6state__martin                    , martin         ,          193, COMPLETE             ,                      , 1.8572071932968415    , 2.553097317042825   , 1.3917802474919674 , "[2.1085584595684144, 0.5007209432844946, 3.400608788405902, 2.9976361745172353]"  , 33.08            , 0.845          , -39.16                   ,             210,             ,        ,       ,            ,      ,      ,        2,      75,        28,      45,        25,        ,         ,               ,              ,                ,                     ,                    
step2_upro_tqqq_6state__martin                    , martin         ,          194, PRUNED               ,                      , 3.2518963755384407    ,                     ,                    , "[2.1085584595684144, 0.4638828233928621, 3.2518963755384407]"                     , 32.78            , 0.837          , -39.16                   ,             210,             ,        ,       ,            ,      ,      ,        3,      75,        28,      40,        25,        ,         ,               ,              ,                ,                     ,                    
step2_upro_tqqq_6state__martin                    , martin         ,          195, PRUNED               ,                      , 3.2549275775207485    ,                     ,                    , "[2.1085584595684144, 0.43004719532212166, 3.2549275775207485]"                    , 30.81            , 0.787          , -39.16                   ,             210,             ,        ,       ,            ,      ,      ,        5,      75,        22,      45,        25,        ,         ,               ,              ,                ,                     ,                    
step2_upro_tqqq_6state__martin                    , martin         ,          196, PRUNED               ,                      , 2.104078647013458     ,                     ,                    , [2.104078647013458]                                                                , 31.73            , 0.819          , -38.77                   ,             210,             ,        ,       ,            ,      ,      ,        4,      70,        24,      50,        30,        ,         ,               ,              ,                ,                     ,                    
step2_upro_tqqq_6state__martin                    , martin         ,          197, PRUNED               ,                      , 3.1010681770359545    ,                     ,                    , "[2.1197227842875224, 0.4338285754431048, 3.1010681770359545]"                     , 32.02            , 0.823          , -38.9                    ,             210,             ,        ,       ,            ,      ,      ,        3,      75,        26,      40,        30,        ,         ,               ,              ,                ,                     ,                    
step2_upro_tqqq_6state__martin                    , martin         ,          198, PRUNED               ,                      , 3.337207250598518     ,                     ,                    , "[2.1085584595684144, 0.4638828233928621, 3.337207250598518]"                      , 32.77            , 0.837          , -39.16                   ,             210,             ,        ,       ,            ,      ,      ,        3,      75,        28,      45,        25,        ,         ,               ,              ,                ,                     ,                    
step2_upro_tqqq_6state__martin                    , martin         ,          199, PRUNED               ,                      , 3.01886101853794      ,                     ,                    , "[2.1085584595684144, 0.37310316263463955, 3.01886101853794]"                      , 31.98            , 0.817          , -39.16                   ,             214,             ,        ,       ,            ,      ,      ,        1,      75,        27,      15,        25,        ,         ,               ,              ,                ,                     ,                    
step1_upro_4state__confirmed_locked               , calmar         ,            0, COMPLETE             ,                      , 0.275                 , 0.47400000000000003 , 0.3980000000000001 , "[0.551, -0.008, 0.397, 1.122]"                                                    , 16.77            , 0.339          , -49.43                   ,             105,             ,        ,       ,            ,      ,      ,         ,        ,        15,        ,       100,        ,         ,               ,              ,                ,                     ,                    
step1_upro_4state__confirmed_locked               , calmar         ,            1, COMPLETE             ,                      , 0.33125000000000004   , 0.49650000000000005 , 0.33050000000000007, "[0.545, 0.005, 0.448, 1.036]"                                                     , 14.13            , 0.34           , -41.6                    ,              94,             ,        ,       ,            ,      ,      ,         ,        ,        23,        ,        80,        ,         ,               ,              ,                ,                     ,                    
step1_upro_4state__confirmed_locked               , calmar         ,            2, COMPLETE             ,                      , 0.28                  , 0.4925              , 0.42499999999999993, "[0.601, 0.03, 0.384, 1.079]"                                                      , 10.2             , 0.351          , -29.07                   ,             138,             ,        ,       ,            ,      ,      ,         ,        ,        10,        ,        55,        ,         ,               ,              ,                ,                     ,                    
step1_upro_4state__confirmed_locked               , calmar         ,            3, COMPLETE             ,                      , 0.24262499999999998   , 0.4195              , 0.35375            , "[0.482, 0.007, 0.357, 1.047]"                                                     , 14.73            , 0.308          , -47.9                    ,             176,             ,        ,       ,            ,      ,      ,         ,        ,         8,        ,        95,        ,         ,               ,              ,                ,                     ,                    
step1_upro_4state__confirmed_locked               , calmar         ,            4, COMPLETE             ,                      , 0.31300000000000006   , 0.48950000000000005 , 0.35300000000000004, "[0.543, 0.001, 0.436, 1.092]"                                                     , 15.03            , 0.345          , -43.61                   ,              95,             ,        ,       ,            ,      ,      ,         ,        ,        20,        ,        85,        ,         ,               ,              ,                ,                     ,                    
step1_upro_4state__confirmed_locked               , calmar         ,            5, PRUNED               ,                      , 0.529                 ,                     ,                    , [0.529]                                                                            , 16.33            , 0.331          , -49.28                   ,             214,             ,        ,       ,            ,      ,      ,         ,        ,         7,        ,       100,        ,         ,               ,              ,                ,                     ,                    
step1_upro_4state__confirmed_locked               , calmar         ,            6, PRUNED               ,                      , 0.975                 ,                     ,                    , "[0.554, 0.017, 0.455, 0.975]"                                                     , 11.06            , 0.336          , -32.91                   ,              94,             ,        ,       ,            ,      ,      ,         ,        ,        25,        ,        60,        ,         ,               ,              ,                ,                     ,                    
step1_upro_4state__confirmed_locked               , calmar         ,            7, COMPLETE             ,                      , 0.28937500000000005   , 0.497               , 0.4152499999999999 , "[0.595, 0.027, 0.399, 1.1]"                                                       , 11.12            , 0.352          , -31.59                   ,             128,             ,        ,       ,            ,      ,      ,         ,        ,        11,        ,        60,        ,         ,               ,              ,                ,                     ,                    
step1_upro_4state__confirmed_locked               , calmar         ,            8, PRUNED               ,                      , 1.068                 ,                     ,                    , "[0.585, 0.026, 0.381, 1.068]"                                                     , 13.27            , 0.334          , -39.75                   ,             119,             ,        ,       ,            ,      ,      ,         ,        ,        13,        ,        75,        ,         ,               ,              ,                ,                     ,                    
step1_upro_4state__confirmed_locked               , calmar         ,            9, PRUNED               ,                      , 1.065                 ,                     ,                    , "[0.552, 0.014, 0.385, 1.065]"                                                     , 11.56            , 0.326          , -35.44                   ,             101,             ,        ,       ,            ,      ,      ,         ,        ,        16,        ,        65,        ,         ,               ,              ,                ,                     ,                    
step1_upro_4state__confirmed_locked               , calmar         ,           10, PRUNED               ,                      , 0.539                 ,                     ,                    , [0.539]                                                                            , 15.51            , 0.341          , -45.56                   ,              92,             ,        ,       ,            ,      ,      ,         ,        ,        27,        ,        90,        ,         ,               ,              ,                ,                     ,                    
step1_upro_4state__confirmed_locked               , calmar         ,           11, PRUNED               ,                      , 0.539                 ,                     ,                    , [0.539]                                                                            , 15.58            , 0.342          , -45.56                   ,              94,             ,        ,       ,            ,      ,      ,         ,        ,        22,        ,        90,        ,         ,               ,              ,                ,                     ,                    
step1_upro_4state__confirmed_locked               , calmar         ,           12, PRUNED               ,                      , 0.545                 ,                     ,                    , [0.545]                                                                            , 14.14            , 0.34           , -41.6                    ,              94,             ,        ,       ,            ,      ,      ,         ,        ,        22,        ,        80,        ,         ,               ,              ,                ,                     ,                    
step1_upro_4state__confirmed_locked               , calmar         ,           13, PRUNED               ,                      , 0.543                 ,                     ,                    , [0.543]                                                                            , 15.01            , 0.344          , -43.61                   ,              97,             ,        ,       ,            ,      ,      ,         ,        ,        18,        ,        85,        ,         ,               ,              ,                ,                     ,                    
step1_upro_4state__confirmed_locked               , calmar         ,           14, PRUNED               ,                      , 1.021                 ,                     ,                    , "[0.548, 0.008, 0.441, 1.021]"                                                     , 13.32            , 0.337          , -39.52                   ,              92,             ,        ,       ,            ,      ,      ,         ,        ,        28,        ,        75,        ,         ,               ,              ,                ,                     ,                    
step1_upro_4state__confirmed_locked               , calmar         ,           15, PRUNED               ,                      , 1.049                 ,                     ,                    , "[0.55, 0.011, 0.437, 1.049]"                                                      , 12.78            , 0.342          , -37.4                    ,              95,             ,        ,       ,            ,      ,      ,         ,        ,        20,        ,        70,        ,         ,               ,              ,                ,                     ,                    
step1_upro_4state__confirmed_locked               , calmar         ,           16, PRUNED               ,                      , 0.546                 ,                     ,                    , [0.546]                                                                            , 12.89            , 0.336          , -38.42                   ,             214,             ,        ,       ,            ,      ,      ,         ,        ,         7,        ,        75,        ,         ,               ,              ,                ,                     ,                    
step1_upro_4state__confirmed_locked               , calmar         ,           17, PRUNED               ,                      , 0.989                 ,                     ,                    , "[0.557, 0.022, 0.427, 0.989]"                                                     , 9.44             , 0.335          , -28.21                   ,              97,             ,        ,       ,            ,      ,      ,         ,        ,        19,        ,        50,        ,         ,               ,              ,                ,                     ,                    
step1_upro_4state__confirmed_locked               , calmar         ,           18, PRUNED               ,                      , 0.536                 ,                     ,                    , [0.536]                                                                            , 16.43            , 0.346          , -47.46                   ,              95,             ,        ,       ,            ,      ,      ,         ,        ,        20,        ,        95,        ,         ,               ,              ,                ,                     ,                    
step1_upro_4state__confirmed_locked               , calmar         ,           19, COMPLETE             ,                      , 0.275125              , 0.4795              , 0.40874999999999995, "[0.574, 0.018, 0.385, 1.086]"                                                     , 14.76            , 0.337          , -43.8                    ,             119,             ,        ,       ,            ,      ,      ,         ,        ,        13,        ,        85,        ,         ,               ,              ,                ,                     ,                    
step1_upro_4state__confirmed_locked               , calmar         ,           20, PRUNED               ,                      , 0.55                  ,                     ,                    , [0.55]                                                                             , 12.61            , 0.337          , -37.4                    ,              94,             ,        ,       ,            ,      ,      ,         ,        ,        23,        ,        70,        ,         ,               ,              ,                ,                     ,                    
step1_upro_4state__confirmed_locked               , calmar         ,           21, PRUNED               ,                      , 1.044                 ,                     ,                    , "[0.557, 0.022, 0.378, 1.044]"                                                     , 9.14             , 0.321          , -28.47                   ,             101,             ,        ,       ,            ,      ,      ,         ,        ,        16,        ,        50,        ,         ,               ,              ,                ,                     ,                    
step1_upro_4state__confirmed_locked               , calmar         ,           22, PRUNED               ,                      , 0.545                 ,                     ,                    , [0.545]                                                                            , 14.16            , 0.34           , -41.58                   ,              94,             ,        ,       ,            ,      ,      ,         ,        ,        25,        ,        80,        ,         ,               ,              ,                ,                     ,                    
step1_upro_4state__confirmed_locked               , calmar         ,           23, COMPLETE             ,                      , 0.28800000000000003   , 0.495               , 0.414              , "[0.59, 0.023, 0.4, 1.109]"                                                        , 11.93            , 0.352          , -33.91                   ,             128,             ,        ,       ,            ,      ,      ,         ,        ,        11,        ,        65,        ,         ,               ,              ,                ,                     ,                    
step1_upro_4state__confirmed_locked               , calmar         ,           24, PRUNED               ,                      , 0.532                 ,                     ,                    , [0.532]                                                                            , 16.95            , 0.344          , -49.28                   ,              94,             ,        ,       ,            ,      ,      ,         ,        ,        25,        ,       100,        ,         ,               ,              ,                ,                     ,                    
step1_upro_4state__confirmed_locked               , calmar         ,           25, PRUNED               ,                      , 0.557                 ,                     ,                    , [0.557]                                                                            , 9.38             , 0.332          , -28.21                   ,              94,             ,        ,       ,            ,      ,      ,         ,        ,        22,        ,        50,        ,         ,               ,              ,                ,                     ,                    
step1_upro_4state__confirmed_locked               , calmar         ,           26, PRUNED               ,                      , 0.554                 ,                     ,                    , [0.554]                                                                            , 11.18            , 0.339          , -32.94                   ,              95,             ,        ,       ,            ,      ,      ,         ,        ,        20,        ,        60,        ,         ,               ,              ,                ,                     ,                    
step1_upro_4state__confirmed_locked               , calmar         ,           27, PRUNED               ,                      , 0.556                 ,                     ,                    , [0.556]                                                                            , 8.98             , 0.339          , -26.52                   ,             214,             ,        ,       ,            ,      ,      ,         ,        ,         7,        ,        50,        ,         ,               ,              ,                ,                     ,                    
step1_upro_4state__confirmed_locked               , calmar         ,           28, PRUNED               ,                      , 0.548                 ,                     ,                    , [0.548]                                                                            , 13.51            , 0.342          , -39.53                   ,              97,             ,        ,       ,            ,      ,      ,         ,        ,        18,        ,        75,        ,         ,               ,              ,                ,                     ,                    
step1_upro_4state__confirmed_locked               , calmar         ,           29, COMPLETE             ,                      , 0.269                 , 0.481               , 0.42399999999999993, "[0.564, 0.006, 0.398, 1.204]"                                                     , 17.36            , 0.352          , -49.31                   ,             124,             ,        ,       ,            ,      ,      ,         ,        ,        12,        ,       100,        ,         ,               ,              ,                ,                     ,                    
step1_upro_4state__confirmed_locked               , calmar         ,           30, PRUNED               ,                      , 0.505                 ,                     ,                    , [0.505]                                                                            , 10.75            , 0.312          , -34.43                   ,             176,             ,        ,       ,            ,      ,      ,         ,        ,         8,        ,        65,        ,         ,               ,              ,                ,                     ,                    
step1_upro_4state__confirmed_locked               , calmar         ,           31, COMPLETE             ,                      , 0.27325               , 0.496               , 0.4455             , "[0.611, 0.035, 0.381, 1.127]"                                                     , 11.24            , 0.341          , -32.96                   ,             124,             ,        ,       ,            ,      ,      ,         ,        ,        12,        ,        60,        ,         ,               ,              ,                ,                     ,                    
step1_upro_4state__confirmed_locked               , calmar         ,           32, PRUNED               ,                      , 0.539                 ,                     ,                    , [0.539]                                                                            , 15.59            , 0.342          , -45.54                   ,              94,             ,        ,       ,            ,      ,      ,         ,        ,        24,        ,        90,        ,         ,               ,              ,                ,                     ,                    
step1_upro_4state__confirmed_locked               , calmar         ,           33, PRUNED               ,                      , 0.532                 ,                     ,                    , [0.532]                                                                            , 16.58            , 0.335          , -49.43                   ,             101,             ,        ,       ,            ,      ,      ,         ,        ,        16,        ,       100,        ,         ,               ,              ,                ,                     ,                    
step1_upro_4state__confirmed_locked               , calmar         ,           34, PRUNED               ,                      , 0.554                 ,                     ,                    , [0.554]                                                                            , 10.96            , 0.333          , -32.93                   ,              92,             ,        ,       ,            ,      ,      ,         ,        ,        28,        ,        60,        ,         ,               ,              ,                ,                     ,                    
step1_upro_4state__confirmed_locked               , calmar         ,           35, COMPLETE             ,                      , 0.2695                , 0.483               , 0.42699999999999994, "[0.582, 0.013, 0.384, 1.127]"                                                     , 14.11            , 0.347          , -40.66                   ,             138,             ,        ,       ,            ,      ,      ,         ,        ,        10,        ,        80,        ,         ,               ,              ,                ,                     ,                    
step1_upro_4state__confirmed_locked               , calmar         ,           36, PRUNED               ,                      , 0.557                 ,                     ,                    , [0.557]                                                                            , 9.32             , 0.331          , -28.18                   ,              92,             ,        ,       ,            ,      ,      ,         ,        ,        26,        ,        50,        ,         ,               ,              ,                ,                     ,                    
step1_upro_4state__confirmed_locked               , calmar         ,           37, PRUNED               ,                      , 1.09                  ,                     ,                    , "[0.599, 0.03, 0.398, 1.09]"                                                       , 10.29            , 0.352          , -29.23                   ,             128,             ,        ,       ,            ,      ,      ,         ,        ,        11,        ,        55,        ,         ,               ,              ,                ,                     ,                    
step1_upro_4state__confirmed_locked               , calmar         ,           38, PRUNED               ,                      , 1.048                 ,                     ,                    , "[0.594, 0.033, 0.376, 1.048]"                                                     , 11.71            , 0.33           , -35.44                   ,             119,             ,        ,       ,            ,      ,      ,         ,        ,        13,        ,        65,        ,         ,               ,              ,                ,                     ,                    
step1_upro_4state__confirmed_locked               , calmar         ,           39, PRUNED               ,                      , 0.573                 ,                     ,                    , [0.573]                                                                            , 15.53            , 0.345          , -44.97                   ,             138,             ,        ,       ,            ,      ,      ,         ,        ,        10,        ,        90,        ,         ,               ,              ,                ,                     ,                    
step1_upro_4state__confirmed_locked               , calmar         ,           40, COMPLETE             ,                      , 0.271625              , 0.4855              , 0.42774999999999996, "[0.587, 0.016, 0.384, 1.118]"                                                     , 13.37            , 0.348          , -38.43                   ,             138,             ,        ,       ,            ,      ,      ,         ,        ,        10,        ,        75,        ,         ,               ,              ,                ,                     ,                    
step1_upro_4state__confirmed_locked               , calmar         ,           41, PRUNED               ,                      , 0.511                 ,                     ,                    , [0.511]                                                                            , 9.27             , 0.313          , -29.58                   ,             176,             ,        ,       ,            ,      ,      ,         ,        ,         8,        ,        55,        ,         ,               ,              ,                ,                     ,                    
step1_upro_4state__confirmed_locked               , calmar         ,           42, PRUNED               ,                      , 1.054                 ,                     ,                    , "[0.583, 0.02, 0.379, 1.054]"                                                      , 10.07            , 0.326          , -30.86                   ,             105,             ,        ,       ,            ,      ,      ,         ,        ,        15,        ,        55,        ,         ,               ,              ,                ,                     ,                    
step1_upro_4state__confirmed_locked               , calmar         ,           43, PRUNED               ,                      , 0.553                 ,                     ,                    , [0.553]                                                                            , 10.6             , 0.337          , -31.4                    ,             214,             ,        ,       ,            ,      ,      ,         ,        ,         7,        ,        60,        ,         ,               ,              ,                ,                     ,                    
step1_upro_4state__confirmed_locked               , calmar         ,           44, PRUNED               ,                      , 0.575                 ,                     ,                    , [0.575]                                                                            , 12.47            , 0.331          , -37.63                   ,             105,             ,        ,       ,            ,      ,      ,         ,        ,        15,        ,        70,        ,         ,               ,              ,                ,                     ,                    
step1_upro_4state__confirmed_locked               , calmar         ,           45, PRUNED               ,                      , 0.545                 ,                     ,                    , [0.545]                                                                            , 14.07            , 0.338          , -41.6                    ,              92,             ,        ,       ,            ,      ,      ,         ,        ,        27,        ,        80,        ,         ,               ,              ,                ,                     ,                    
step1_upro_4state__confirmed_locked               , calmar         ,           46, PRUNED               ,                      , 1.019                 ,                     ,                    , "[0.607, 0.044, 0.369, 1.019]"                                                     , 9.25             , 0.325          , -28.47                   ,             119,             ,        ,       ,            ,      ,      ,         ,        ,        13,        ,        50,        ,         ,               ,              ,                ,                     ,                    
step1_upro_4state__confirmed_locked               , calmar         ,           47, PRUNED               ,                      , 0.548                 ,                     ,                    , [0.548]                                                                            , 13.41            , 0.339          , -39.51                   ,              94,             ,        ,       ,            ,      ,      ,         ,        ,        24,        ,        75,        ,         ,               ,              ,                ,                     ,                    
step1_upro_4state__confirmed_locked               , calmar         ,           48, PRUNED               ,                      , 0.552                 ,                     ,                    , [0.552]                                                                            , 11.84            , 0.336          , -35.2                    ,              94,             ,        ,       ,            ,      ,      ,         ,        ,        22,        ,        65,        ,         ,               ,              ,                ,                     ,                    
step1_upro_4state__confirmed_locked               , calmar         ,           49, PRUNED               ,                      , 0.521                 ,                     ,                    , [0.521]                                                                            , 12.22            , 0.339          , -36.09                   ,             160,             ,        ,       ,            ,      ,      ,         ,        ,         9,        ,        70,        ,         ,               ,              ,                ,                     ,                    
step1_upro_4state__confirmed_locked               , calmar         ,           50, PRUNED               ,                      , 0.543                 ,                     ,                    , [0.543]                                                                            , 15.05            , 0.345          , -43.61                   ,              95,             ,        ,       ,            ,      ,      ,         ,        ,        21,        ,        85,        ,         ,               ,              ,                ,                     ,                    
step1_upro_4state__confirmed_locked               , calmar         ,           51, PRUNED               ,                      , 0.571                 ,                     ,                    , [0.571]                                                                            , 16.66            , 0.351          , -47.47                   ,             124,             ,        ,       ,            ,      ,      ,         ,        ,        12,        ,        95,        ,         ,               ,              ,                ,                     ,                    
step1_upro_4state__confirmed_locked               , calmar         ,           52, PRUNED               ,                      , 1.08                  ,                     ,                    , "[0.603, 0.033, 0.396, 1.08]"                                                      , 9.44             , 0.352          , -26.81                   ,             128,             ,        ,       ,            ,      ,      ,         ,        ,        11,        ,        50,        ,         ,               ,              ,                ,                     ,                    
step1_upro_4state__confirmed_locked               , calmar         ,           53, PRUNED               ,                      , 0.543                 ,                     ,                    , [0.543]                                                                            , 15.01            , 0.344          , -43.61                   ,              97,             ,        ,       ,            ,      ,      ,         ,        ,        18,        ,        85,        ,         ,               ,              ,                ,                     ,                    
step1_upro_4state__confirmed_locked               , calmar         ,           54, PRUNED               ,                      , 0.574                 ,                     ,                    , [0.574]                                                                            , 14.76            , 0.337          , -43.8                    ,             119,             ,        ,       ,            ,      ,      ,         ,        ,        13,        ,        85,        ,         ,               ,              ,                ,                     ,                    
step1_upro_4state__confirmed_locked               , calmar         ,           55, PRUNED               ,                      , 0.556                 ,                     ,                    , [0.556]                                                                            , 16.1             , 0.338          , -47.61                   ,             105,             ,        ,       ,            ,      ,      ,         ,        ,        15,        ,        95,        ,         ,               ,              ,                ,                     ,                    
step1_upro_4state__confirmed_locked               , calmar         ,           56, PRUNED               ,                      , 0.543                 ,                     ,                    , [0.543]                                                                            , 14.88            , 0.341          , -43.59                   ,              94,             ,        ,       ,            ,      ,      ,         ,        ,        25,        ,        85,        ,         ,               ,              ,                ,                     ,                    
step1_upro_4state__confirmed_locked               , calmar         ,           57, PRUNED               ,                      , 0.537                 ,                     ,                    , [0.537]                                                                            , 15.02            , 0.333          , -45.07                   ,             214,             ,        ,       ,            ,      ,      ,         ,        ,         7,        ,        90,        ,         ,               ,              ,                ,                     ,                    
step1_upro_4state__confirmed_locked               , calmar         ,           58, PRUNED               ,                      , 0.545                 ,                     ,                    , [0.545]                                                                            , 14.32            , 0.344          , -41.6                    ,              95,             ,        ,       ,            ,      ,      ,         ,        ,        21,        ,        80,        ,         ,               ,              ,                ,                     ,                    
step1_upro_4state__confirmed_locked               , calmar         ,           59, PRUNED               ,                      , 0.539                 ,                     ,                    , [0.539]                                                                            , 15.73            , 0.345          , -45.56                   ,              97,             ,        ,       ,            ,      ,      ,         ,        ,        19,        ,        90,        ,         ,               ,              ,                ,                     ,                    
step1_upro_4state__confirmed_locked               , calmar         ,           60, PRUNED               ,                      , 0.532                 ,                     ,                    , [0.532]                                                                            , 10.7             , 0.341          , -31.35                   ,             160,             ,        ,       ,            ,      ,      ,         ,        ,         9,        ,        60,        ,         ,               ,              ,                ,                     ,                    
step1_upro_4state__confirmed_locked               , calmar         ,           61, PRUNED               ,                      , 0.532                 ,                     ,                    , [0.532]                                                                            , 16.94            , 0.344          , -49.29                   ,              94,             ,        ,       ,            ,      ,      ,         ,        ,        22,        ,       100,        ,         ,               ,              ,                ,                     ,                    
step1_upro_4state__confirmed_locked               , calmar         ,           62, PRUNED               ,                      , 0.556                 ,                     ,                    , [0.556]                                                                            , 10.22            , 0.334          , -30.61                   ,              94,             ,        ,       ,            ,      ,      ,         ,        ,        22,        ,        55,        ,         ,               ,              ,                ,                     ,                    
step1_upro_4state__confirmed_locked               , calmar         ,           63, PRUNED               ,                      , 0.573                 ,                     ,                    , [0.573]                                                                            , 14.05            , 0.336          , -41.81                   ,             111,             ,        ,       ,            ,      ,      ,         ,        ,        14,        ,        80,        ,         ,               ,              ,                ,                     ,                    
step1_upro_4state__confirmed_locked               , calmar         ,           64, COMPLETE             ,                      , 0.27212499999999995   , 0.493               , 0.44175000000000003, "[0.601, 0.028, 0.385, 1.147]"                                                     , 12.88            , 0.344          , -37.42                   ,             124,             ,        ,       ,            ,      ,      ,         ,        ,        12,        ,        70,        ,         ,               ,              ,                ,                     ,                    
step1_upro_4state__confirmed_locked               , calmar         ,           65, COMPLETE             ,                      , 0.271125              , 0.488               , 0.43374999999999997, "[0.584, 0.017, 0.392, 1.176]"                                                     , 15.21            , 0.349          , -43.63                   ,             124,             ,        ,       ,            ,      ,      ,         ,        ,        12,        ,        85,        ,         ,               ,              ,                ,                     ,                    
step1_upro_4state__confirmed_locked               , calmar         ,           66, PRUNED               ,                      , 0.554                 ,                     ,                    , [0.554]                                                                            , 10.77            , 0.324          , -33.19                   ,             101,             ,        ,       ,            ,      ,      ,         ,        ,        16,        ,        60,        ,         ,               ,              ,                ,                     ,                    
step1_upro_4state__confirmed_locked               , calmar         ,           67, PRUNED               ,                      , 1.039                 ,                     ,                    , "[0.599, 0.037, 0.374, 1.039]"                                                     , 10.91            , 0.329          , -33.19                   ,             119,             ,        ,       ,            ,      ,      ,         ,        ,        13,        ,        60,        ,         ,               ,              ,                ,                     ,                    
step1_upro_4state__confirmed_locked               , calmar         ,           68, PRUNED               ,                      , 0.568                 ,                     ,                    , [0.568]                                                                            , 15.48            , 0.338          , -45.73                   ,             119,             ,        ,       ,            ,      ,      ,         ,        ,        13,        ,        90,        ,         ,               ,              ,                ,                     ,                    
step1_upro_4state__confirmed_locked               , calmar         ,           69, PRUNED               ,                      , 0.568                 ,                     ,                    , [0.568]                                                                            , 16.21            , 0.344          , -47.06                   ,             138,             ,        ,       ,            ,      ,      ,         ,        ,        10,        ,        95,        ,         ,               ,              ,                ,                     ,                    
step1_upro_4state__confirmed_locked               , calmar         ,           70, COMPLETE             ,                      , 0.27287500000000003   , 0.4965              , 0.4472499999999999 , "[0.615, 0.039, 0.378, 1.117]"                                                     , 10.39            , 0.339          , -30.63                   ,             124,             ,        ,       ,            ,      ,      ,         ,        ,        12,        ,        55,        ,         ,               ,              ,                ,                     ,                    
step1_upro_4state__confirmed_locked               , calmar         ,           71, PRUNED               ,                      , 1.099                 ,                     ,                    , "[0.594, 0.023, 0.384, 1.099]"                                                     , 11.83            , 0.349          , -33.84                   ,             138,             ,        ,       ,            ,      ,      ,         ,        ,        10,        ,        65,        ,         ,               ,              ,                ,                     ,                    
step1_upro_4state__confirmed_locked               , calmar         ,           72, PRUNED               ,                      , 1.075                 ,                     ,                    , "[0.585, 0.022, 0.38, 1.075]"                                                      , 11.76            , 0.332          , -35.44                   ,             111,             ,        ,       ,            ,      ,      ,         ,        ,        14,        ,        65,        ,         ,               ,              ,                ,                     ,                    
step1_upro_4state__confirmed_locked               , calmar         ,           73, PRUNED               ,                      , 0.536                 ,                     ,                    , [0.536]                                                                            , 16.28            , 0.343          , -47.44                   ,              94,             ,        ,       ,            ,      ,      ,         ,        ,        24,        ,        95,        ,         ,               ,              ,                ,                     ,                    
step1_upro_4state__confirmed_locked               , calmar         ,           74, PRUNED               ,                      , 1.109                 ,                     ,                    , "[0.59, 0.023, 0.4, 1.109]"                                                        , 11.93            , 0.352          , -33.91                   ,             128,             ,        ,       ,            ,      ,      ,         ,        ,        11,        ,        65,        ,         ,               ,              ,                ,                     ,                    
step1_upro_4state__confirmed_locked               , calmar         ,           75, PRUNED               ,                      , 0.514                 ,                     ,                    , [0.514]                                                                            , 8.5              , 0.314          , -27.09                   ,             176,             ,        ,       ,            ,      ,      ,         ,        ,         8,        ,        50,        ,         ,               ,              ,                ,                     ,                    
step1_upro_4state__confirmed_locked               , calmar         ,           76, PRUNED               ,                      , 0.491                 ,                     ,                    , [0.491]                                                                            , 13.49            , 0.309          , -43.6                    ,             176,             ,        ,       ,            ,      ,      ,         ,        ,         8,        ,        85,        ,         ,               ,              ,                ,                     ,                    
step1_upro_4state__confirmed_locked               , calmar         ,           77, PRUNED               ,                      , 1.029                 ,                     ,                    , "[0.603, 0.04, 0.372, 1.029]"                                                      , 10.09            , 0.327          , -30.86                   ,             119,             ,        ,       ,            ,      ,      ,         ,        ,        13,        ,        55,        ,         ,               ,              ,                ,                     ,                    
step1_upro_4state__confirmed_locked               , calmar         ,           78, PRUNED               ,                      , 1.068                 ,                     ,                    , "[0.589, 0.026, 0.378, 1.068]"                                                     , 10.95            , 0.33           , -33.19                   ,             111,             ,        ,       ,            ,      ,      ,         ,        ,        14,        ,        60,        ,         ,               ,              ,                ,                     ,                    
step1_upro_4state__confirmed_locked               , calmar         ,           79, PRUNED               ,                      , 1.058                 ,                     ,                    , "[0.59, 0.03, 0.378, 1.058]"                                                       , 12.5             , 0.332          , -37.63                   ,             119,             ,        ,       ,            ,      ,      ,         ,        ,        13,        ,        70,        ,         ,               ,              ,                ,                     ,                    
step1_upro_4state__confirmed_locked               , calmar         ,           80, PRUNED               ,                      , 0.564                 ,                     ,                    , [0.564]                                                                            , 15.67            , 0.35           , -44.75                   ,             128,             ,        ,       ,            ,      ,      ,         ,        ,        11,        ,        90,        ,         ,               ,              ,                ,                     ,                    
step1_upro_4state__confirmed_locked               , calmar         ,           81, PRUNED               ,                      , 0.556                 ,                     ,                    , [0.556]                                                                            , 10.06            , 0.326          , -30.86                   ,             101,             ,        ,       ,            ,      ,      ,         ,        ,        17,        ,        55,        ,         ,               ,              ,                ,                     ,                    
step1_upro_4state__confirmed_locked               , calmar         ,           82, PRUNED               ,                      , 1.1                   ,                     ,                    , "[0.595, 0.027, 0.399, 1.1]"                                                       , 11.12            , 0.352          , -31.59                   ,             128,             ,        ,       ,            ,      ,      ,         ,        ,        11,        ,        60,        ,         ,               ,              ,                ,                     ,                    
step1_upro_4state__confirmed_locked               , calmar         ,           83, PRUNED               ,                      , 0.556                 ,                     ,                    , [0.556]                                                                            , 10.23            , 0.335          , -30.58                   ,              94,             ,        ,       ,            ,      ,      ,         ,        ,        25,        ,        55,        ,         ,               ,              ,                ,                     ,                    
step1_upro_4state__confirmed_locked               , calmar         ,           84, PRUNED               ,                      , 0.57                  ,                     ,                    , [0.57]                                                                             , 14.96            , 0.351          , -42.69                   ,             128,             ,        ,       ,            ,      ,      ,         ,        ,        11,        ,        85,        ,         ,               ,              ,                ,                     ,                    
step1_upro_4state__confirmed_locked               , calmar         ,           85, PRUNED               ,                      , 1.079                 ,                     ,                    , "[0.601, 0.03, 0.384, 1.079]"                                                      , 10.2             , 0.351          , -29.07                   ,             138,             ,        ,       ,            ,      ,      ,         ,        ,        10,        ,        55,        ,         ,               ,              ,                ,                     ,                    
step1_upro_4state__confirmed_locked               , calmar         ,           86, PRUNED               ,                      , 0.552                 ,                     ,                    , [0.552]                                                                            , 11.99            , 0.341          , -35.2                    ,              95,             ,        ,       ,            ,      ,      ,         ,        ,        20,        ,        65,        ,         ,               ,              ,                ,                     ,                    
step1_upro_4state__confirmed_locked               , calmar         ,           87, COMPLETE             ,                      , 0.27275               , 0.4945              , 0.4435             , "[0.606, 0.032, 0.383, 1.137]"                                                     , 12.07            , 0.343          , -35.22                   ,             124,             ,        ,       ,            ,      ,      ,         ,        ,        12,        ,        65,        ,         ,               ,              ,                ,                     ,                    
step1_upro_4state__confirmed_locked               , calmar         ,           88, PRUNED               ,                      , 0.554                 ,                     ,                    , [0.554]                                                                            , 11.04            , 0.335          , -32.94                   ,              94,             ,        ,       ,            ,      ,      ,         ,        ,        22,        ,        60,        ,         ,               ,              ,                ,                     ,                    
step1_upro_4state__confirmed_locked               , calmar         ,           89, PRUNED               ,                      , 0.526                 ,                     ,                    , [0.526]                                                                            , 11.47            , 0.34           , -33.74                   ,             160,             ,        ,       ,            ,      ,      ,         ,        ,         9,        ,        65,        ,         ,               ,              ,                ,                     ,                    
step1_upro_4state__confirmed_locked               , calmar         ,           90, PRUNED               ,                      , 0.55                  ,                     ,                    , [0.55]                                                                             , 12.57            , 0.336          , -37.37                   ,              92,             ,        ,       ,            ,      ,      ,         ,        ,        26,        ,        70,        ,         ,               ,              ,                ,                     ,                    
step1_upro_4state__confirmed_locked               , calmar         ,           91, PRUNED               ,                      , 1.117                 ,                     ,                    , "[0.615, 0.039, 0.378, 1.117]"                                                     , 10.39            , 0.339          , -30.63                   ,             124,             ,        ,       ,            ,      ,      ,         ,        ,        12,        ,        55,        ,         ,               ,              ,                ,                     ,                    
step1_upro_4state__confirmed_locked               , calmar         ,           92, PRUNED               ,                      , 0.536                 ,                     ,                    , [0.536]                                                                            , 9.91             , 0.343          , -28.92                   ,             160,             ,        ,       ,            ,      ,      ,         ,        ,         9,        ,        55,        ,         ,               ,              ,                ,                     ,                    
step1_upro_4state__confirmed_locked               , calmar         ,           93, PRUNED               ,                      , 0.545                 ,                     ,                    , [0.545]                                                                            , 14.27            , 0.343          , -41.6                    ,              97,             ,        ,       ,            ,      ,      ,         ,        ,        18,        ,        80,        ,         ,               ,              ,                ,                     ,                    
step1_upro_4state__confirmed_locked               , calmar         ,           94, COMPLETE             ,                      , 0.271875              , 0.49                , 0.43624999999999997, "[0.59, 0.021, 0.39, 1.166]"                                                       , 14.45            , 0.347          , -41.62                   ,             124,             ,        ,       ,            ,      ,      ,         ,        ,        12,        ,        80,        ,         ,               ,              ,                ,                     ,                    
step1_upro_4state__confirmed_locked               , calmar         ,           95, PRUNED               ,                      , 0.569                 ,                     ,                    , [0.569]                                                                            , 14.78            , 0.337          , -43.8                    ,             111,             ,        ,       ,            ,      ,      ,         ,        ,        14,        ,        85,        ,         ,               ,              ,                ,                     ,                    
step1_upro_4state__confirmed_locked               , calmar         ,           96, COMPLETE             ,                      , 0.27325               , 0.496               , 0.4455             , "[0.611, 0.035, 0.381, 1.127]"                                                     , 11.24            , 0.341          , -32.96                   ,             124,             ,        ,       ,            ,      ,      ,         ,        ,        12,        ,        60,        ,         ,               ,              ,                ,                     ,                    
step1_upro_4state__confirmed_locked               , calmar         ,           97, PRUNED               ,                      , 1.09                  ,                     ,                    , "[0.599, 0.03, 0.398, 1.09]"                                                       , 10.29            , 0.352          , -29.23                   ,             128,             ,        ,       ,            ,      ,      ,         ,        ,        11,        ,        55,        ,         ,               ,              ,                ,                     ,                    
step1_upro_4state__confirmed_locked               , calmar         ,           98, PRUNED               ,                      , 1.089                 ,                     ,                    , "[0.598, 0.027, 0.384, 1.089]"                                                     , 11.02            , 0.35           , -31.48                   ,             138,             ,        ,       ,            ,      ,      ,         ,        ,        10,        ,        60,        ,         ,               ,              ,                ,                     ,                    
step1_upro_4state__confirmed_locked               , calmar         ,           99, PRUNED               ,                      , 0.532                 ,                     ,                    , [0.532]                                                                            , 17.11            , 0.347          , -49.29                   ,              95,             ,        ,       ,            ,      ,      ,         ,        ,        20,        ,       100,        ,         ,               ,              ,                ,                     ,                    
step1_upro_4state__confirmed_locked               , calmar         ,          100, COMPLETE             ,                      , 0.27175               , 0.4915              , 0.4395             , "[0.596, 0.025, 0.387, 1.156]"                                                     , 13.68            , 0.346          , -39.55                   ,             124,             ,        ,       ,            ,      ,      ,         ,        ,        12,        ,        75,        ,         ,               ,              ,                ,                     ,                    
step1_upro_4state__confirmed_locked               , calmar         ,          101, PRUNED               ,                      , 1.106                 ,                     ,                    , "[0.619, 0.042, 0.376, 1.106]"                                                     , 9.53             , 0.337          , -28.23                   ,             124,             ,        ,       ,            ,      ,      ,         ,        ,        12,        ,        50,        ,         ,               ,              ,                ,                     ,                    
step1_upro_4state__confirmed_locked               , calmar         ,          102, COMPLETE             ,                      , 0.27275               , 0.4945              , 0.4435             , "[0.606, 0.032, 0.383, 1.137]"                                                     , 12.07            , 0.343          , -35.22                   ,             124,             ,        ,       ,            ,      ,      ,         ,        ,        12,        ,        65,        ,         ,               ,              ,                ,                     ,                    
step1_upro_4state__confirmed_locked               , calmar         ,          103, PRUNED               ,                      , 1.089                 ,                     ,                    , "[0.598, 0.027, 0.384, 1.089]"                                                     , 11.02            , 0.35           , -31.48                   ,             138,             ,        ,       ,            ,      ,      ,         ,        ,        10,        ,        60,        ,         ,               ,              ,                ,                     ,                    
step1_upro_4state__confirmed_locked               , calmar         ,          104, PRUNED               ,                      , 0.508                 ,                     ,                    , [0.508]                                                                            , 10.02            , 0.313          , -32.03                   ,             176,             ,        ,       ,            ,      ,      ,         ,        ,         8,        ,        60,        ,         ,               ,              ,                ,                     ,                    
step1_upro_4state__confirmed_locked               , calmar         ,          105, PRUNED               ,                      , 0.555                 ,                     ,                    , [0.555]                                                                            , 16.85            , 0.341          , -49.43                   ,             111,             ,        ,       ,            ,      ,      ,         ,        ,        14,        ,       100,        ,         ,               ,              ,                ,                     ,                    
step1_upro_4state__confirmed_locked               , calmar         ,          106, PRUNED               ,                      , 1.06                  ,                     ,                    , "[0.592, 0.029, 0.375, 1.06]"                                                      , 10.13            , 0.328          , -30.86                   ,             111,             ,        ,       ,            ,      ,      ,         ,        ,        14,        ,        55,        ,         ,               ,              ,                ,                     ,                    
step1_upro_4state__confirmed_locked               , calmar         ,          107, PRUNED               ,                      , 0.543                 ,                     ,                    , [0.543]                                                                            , 14.54            , 0.332          , -43.8                    ,             101,             ,        ,       ,            ,      ,      ,         ,        ,        16,        ,        85,        ,         ,               ,              ,                ,                     ,                    
step1_upro_4state__confirmed_locked               , calmar         ,          108, PRUNED               ,                      , 0.551                 ,                     ,                    , [0.551]                                                                            , 11.38            , 0.337          , -33.78                   ,             214,             ,        ,       ,            ,      ,      ,         ,        ,         7,        ,        65,        ,         ,               ,              ,                ,                     ,                    
step1_upro_4state__confirmed_locked               , calmar         ,          109, PRUNED               ,                      , 0.564                 ,                     ,                    , [0.564]                                                                            , 14.7             , 0.336          , -43.8                    ,             105,             ,        ,       ,            ,      ,      ,         ,        ,        15,        ,        85,        ,         ,               ,              ,                ,                     ,                    
step1_upro_4state__confirmed_locked               , calmar         ,          110, COMPLETE             ,                      , 0.27325               , 0.496               , 0.4455             , "[0.611, 0.035, 0.381, 1.127]"                                                     , 11.24            , 0.341          , -32.96                   ,             124,             ,        ,       ,            ,      ,      ,         ,        ,        12,        ,        60,        ,         ,               ,              ,                ,                     ,                    
step1_upro_4state__confirmed_locked               , calmar         ,          111, COMPLETE             ,                      , 0.27275               , 0.4945              , 0.4435             , "[0.606, 0.032, 0.383, 1.137]"                                                     , 12.07            , 0.343          , -35.22                   ,             124,             ,        ,       ,            ,      ,      ,         ,        ,        12,        ,        65,        ,         ,               ,              ,                ,                     ,                    
step1_upro_4state__confirmed_locked               , calmar         ,          112, PRUNED               ,                      , 0.578                 ,                     ,                    , [0.578]                                                                            , 13.3             , 0.335          , -39.75                   ,             111,             ,        ,       ,            ,      ,      ,         ,        ,        14,        ,        75,        ,         ,               ,              ,                ,                     ,                    
step1_upro_4state__confirmed_locked               , calmar         ,          113, PRUNED               ,                      , 0.561                 ,                     ,                    , [0.561]                                                                            , 16.17            , 0.34           , -47.61                   ,             119,             ,        ,       ,            ,      ,      ,         ,        ,        13,        ,        95,        ,         ,               ,              ,                ,                     ,                    
step1_upro_4state__confirmed_locked               , calmar         ,          114, COMPLETE             ,                      , 0.27325               , 0.496               , 0.4455             , "[0.611, 0.035, 0.381, 1.127]"                                                     , 11.24            , 0.341          , -32.96                   ,             124,             ,        ,       ,            ,      ,      ,         ,        ,        12,        ,        60,        ,         ,               ,              ,                ,                     ,                    
step1_upro_4state__confirmed_locked               , calmar         ,          115, PRUNED               ,                      , 0.543                 ,                     ,                    , [0.543]                                                                            , 14.88            , 0.341          , -43.59                   ,              94,             ,        ,       ,            ,      ,      ,         ,        ,        24,        ,        85,        ,         ,               ,              ,                ,                     ,                    
step1_upro_4state__confirmed_locked               , calmar         ,          116, PRUNED               ,                      , 0.548                 ,                     ,                    , [0.548]                                                                            , 13.57            , 0.343          , -39.53                   ,              95,             ,        ,       ,            ,      ,      ,         ,        ,        21,        ,        75,        ,         ,               ,              ,                ,                     ,                    
step1_upro_4state__confirmed_locked               , calmar         ,          117, PRUNED               ,                      , 0.539                 ,                     ,                    , [0.539]                                                                            , 15.24            , 0.333          , -45.73                   ,             101,             ,        ,       ,            ,      ,      ,         ,        ,        16,        ,        90,        ,         ,               ,              ,                ,                     ,                    
step1_upro_4state__confirmed_locked               , calmar         ,          118, COMPLETE             ,                      , 0.27325               , 0.496               , 0.4455             , "[0.611, 0.035, 0.381, 1.127]"                                                     , 11.24            , 0.341          , -32.96                   ,             124,             ,        ,       ,            ,      ,      ,         ,        ,        12,        ,        60,        ,         ,               ,              ,                ,                     ,                    
step1_upro_4state__confirmed_locked               , calmar         ,          119, COMPLETE             ,                      , 0.27325               , 0.496               , 0.4455             , "[0.611, 0.035, 0.381, 1.127]"                                                     , 11.24            , 0.341          , -32.96                   ,             124,             ,        ,       ,            ,      ,      ,         ,        ,        12,        ,        60,        ,         ,               ,              ,                ,                     ,                    
step1_upro_4state__confirmed_locked               , calmar         ,          120, PRUNED               ,                      , 0.55                  ,                     ,                    , [0.55]                                                                             , 12.73            , 0.34           , -37.4                    ,              97,             ,        ,       ,            ,      ,      ,         ,        ,        18,        ,        70,        ,         ,               ,              ,                ,                     ,                    
step1_upro_4state__confirmed_locked               , calmar         ,          121, PRUNED               ,                      , 0.536                 ,                     ,                    , [0.536]                                                                            , 16.43            , 0.346          , -47.46                   ,              97,             ,        ,       ,            ,      ,      ,         ,        ,        19,        ,        95,        ,         ,               ,              ,                ,                     ,                    
step1_upro_4state__confirmed_locked               , calmar         ,          122, PRUNED               ,                      , 0.478                 ,                     ,                    , [0.478]                                                                            , 15.32            , 0.307          , -49.98                   ,             176,             ,        ,       ,            ,      ,      ,         ,        ,         8,        ,       100,        ,         ,               ,              ,                ,                     ,                    
step1_upro_4state__confirmed_locked               , calmar         ,          123, COMPLETE             ,                      , 0.27325               , 0.496               , 0.4455             , "[0.611, 0.035, 0.381, 1.127]"                                                     , 11.24            , 0.341          , -32.96                   ,             124,             ,        ,       ,            ,      ,      ,         ,        ,        12,        ,        60,        ,         ,               ,              ,                ,                     ,                    
step1_upro_4state__confirmed_locked               , calmar         ,          124, COMPLETE             ,                      , 0.27325               , 0.496               , 0.4455             , "[0.611, 0.035, 0.381, 1.127]"                                                     , 11.24            , 0.341          , -32.96                   ,             124,             ,        ,       ,            ,      ,      ,         ,        ,        12,        ,        60,        ,         ,               ,              ,                ,                     ,                    
step1_upro_4state__confirmed_locked               , calmar         ,          125, PRUNED               ,                      , 0.551                 ,                     ,                    , [0.551]                                                                            , 17.01            , 0.349          , -48.74                   ,             128,             ,        ,       ,            ,      ,      ,         ,        ,        11,        ,       100,        ,         ,               ,              ,                ,                     ,                    
step1_upro_4state__confirmed_locked               , calmar         ,          126, PRUNED               ,                      , 0.543                 ,                     ,                    , [0.543]                                                                            , 15.03            , 0.345          , -43.61                   ,              95,             ,        ,       ,            ,      ,      ,         ,        ,        20,        ,        85,        ,         ,               ,              ,                ,                     ,                    
step1_upro_4state__confirmed_locked               , calmar         ,          127, PRUNED               ,                      , 0.503                 ,                     ,                    , [0.503]                                                                            , 14.32            , 0.334          , -42.88                   ,             160,             ,        ,       ,            ,      ,      ,         ,        ,         9,        ,        85,        ,         ,               ,              ,                ,                     ,                    
step1_upro_4state__confirmed_locked               , calmar         ,          128, PRUNED               ,                      , 0.579                 ,                     ,                    , [0.579]                                                                            , 14.03            , 0.335          , -41.81                   ,             119,             ,        ,       ,            ,      ,      ,         ,        ,        13,        ,        80,        ,         ,               ,              ,                ,                     ,                    
step1_upro_4state__confirmed_locked               , calmar         ,          129, PRUNED               ,                      , 0.532                 ,                     ,                    , [0.532]                                                                            , 16.73            , 0.338          , -49.43                   ,             101,             ,        ,       ,            ,      ,      ,         ,        ,        17,        ,       100,        ,         ,               ,              ,                ,                     ,                    
step1_upro_4state__confirmed_locked               , calmar         ,          130, PRUNED               ,                      , 0.536                 ,                     ,                    , [0.536]                                                                            , 9.91             , 0.343          , -28.92                   ,             160,             ,        ,       ,            ,      ,      ,         ,        ,         9,        ,        55,        ,         ,               ,              ,                ,                     ,                    
step1_upro_4state__confirmed_locked               , calmar         ,          131, PRUNED               ,                      , 0.545                 ,                     ,                    , [0.545]                                                                            , 13.82            , 0.331          , -41.81                   ,             101,             ,        ,       ,            ,      ,      ,         ,        ,        16,        ,        80,        ,         ,               ,              ,                ,                     ,                    
step1_upro_4state__confirmed_locked               , calmar         ,          132, PRUNED               ,                      , 0.595                 ,                     ,                    , [0.595]                                                                            , 11.12            , 0.352          , -31.59                   ,             128,             ,        ,       ,            ,      ,      ,         ,        ,        11,        ,        60,        ,         ,               ,              ,                ,                     ,                    
step1_upro_4state__confirmed_locked               , calmar         ,          133, PRUNED               ,                      , 1.069                 ,                     ,                    , "[0.604, 0.033, 0.384, 1.069]"                                                     , 9.36             , 0.352          , -26.63                   ,             138,             ,        ,       ,            ,      ,      ,         ,        ,        10,        ,        50,        ,         ,               ,              ,                ,                     ,                    
step1_upro_4state__confirmed_locked               , calmar         ,          134, PRUNED               ,                      , 0.599                 ,                     ,                    , [0.599]                                                                            , 10.91            , 0.329          , -33.19                   ,             119,             ,        ,       ,            ,      ,      ,         ,        ,        13,        ,        60,        ,         ,               ,              ,                ,                     ,                    
step1_upro_4state__confirmed_locked               , calmar         ,          135, COMPLETE             ,                      , 0.27325               , 0.496               , 0.4455             , "[0.611, 0.035, 0.381, 1.127]"                                                     , 11.24            , 0.341          , -32.96                   ,             124,             ,        ,       ,            ,      ,      ,         ,        ,        12,        ,        60,        ,         ,               ,              ,                ,                     ,                    
step1_upro_4state__confirmed_locked               , calmar         ,          136, PRUNED               ,                      , 0.595                 ,                     ,                    , [0.595]                                                                            , 11.12            , 0.352          , -31.59                   ,             128,             ,        ,       ,            ,      ,      ,         ,        ,        11,        ,        60,        ,         ,               ,              ,                ,                     ,                    
step1_upro_4state__confirmed_locked               , calmar         ,          137, PRUNED               ,                      , 0.554                 ,                     ,                    , [0.554]                                                                            , 9.79             , 0.338          , -28.98                   ,             214,             ,        ,       ,            ,      ,      ,         ,        ,         7,        ,        55,        ,         ,               ,              ,                ,                     ,                    
step1_upro_4state__confirmed_locked               , calmar         ,          138, PRUNED               ,                      , 0.515                 ,                     ,                    , [0.515]                                                                            , 12.94            , 0.337          , -38.39                   ,             160,             ,        ,       ,            ,      ,      ,         ,        ,         9,        ,        75,        ,         ,               ,              ,                ,                     ,                    
step1_upro_4state__confirmed_locked               , calmar         ,          139, PRUNED               ,                      , 0.536                 ,                     ,                    , [0.536]                                                                            , 16.43            , 0.346          , -47.46                   ,              97,             ,        ,       ,            ,      ,      ,         ,        ,        18,        ,        95,        ,         ,               ,              ,                ,                     ,                    
step1_upro_4state__confirmed_locked               , calmar         ,          140, PRUNED               ,                      , 0.545                 ,                     ,                    , [0.545]                                                                            , 14.13            , 0.34           , -41.6                    ,              94,             ,        ,       ,            ,      ,      ,         ,        ,        23,        ,        80,        ,         ,               ,              ,                ,                     ,                    
step1_upro_4state__confirmed_locked               , calmar         ,          141, PRUNED               ,                      , 0.575                 ,                     ,                    , [0.575]                                                                            , 14.23            , 0.351          , -40.57                   ,             128,             ,        ,       ,            ,      ,      ,         ,        ,        11,        ,        80,        ,         ,               ,              ,                ,                     ,                    
step1_upro_4state__confirmed_locked               , calmar         ,          142, PRUNED               ,                      , 0.589                 ,                     ,                    , [0.589]                                                                            , 10.95            , 0.33           , -33.19                   ,             111,             ,        ,       ,            ,      ,      ,         ,        ,        14,        ,        60,        ,         ,               ,              ,                ,                     ,                    
step1_upro_4state__confirmed_locked               , calmar         ,          143, PRUNED               ,                      , 0.578                 ,                     ,                    , [0.578]                                                                            , 15.94            , 0.35           , -45.58                   ,             124,             ,        ,       ,            ,      ,      ,         ,        ,        12,        ,        90,        ,         ,               ,              ,                ,                     ,                    
step1_upro_4state__confirmed_locked               , calmar         ,          144, PRUNED               ,                      , 0.552                 ,                     ,                    , [0.552]                                                                            , 11.94            , 0.339          , -35.2                    ,              97,             ,        ,       ,            ,      ,      ,         ,        ,        18,        ,        65,        ,         ,               ,              ,                ,                     ,                    
step1_upro_4state__confirmed_locked               , calmar         ,          145, PRUNED               ,                      , 0.581                 ,                     ,                    , [0.581]                                                                            , 10.89            , 0.328          , -33.19                   ,             105,             ,        ,       ,            ,      ,      ,         ,        ,        15,        ,        60,        ,         ,               ,              ,                ,                     ,                    
step1_upro_4state__confirmed_locked               , calmar         ,          146, PRUNED               ,                      , 0.586                 ,                     ,                    , [0.586]                                                                            , 12.72            , 0.352          , -36.18                   ,             128,             ,        ,       ,            ,      ,      ,         ,        ,        11,        ,        70,        ,         ,               ,              ,                ,                     ,                    
step1_upro_4state__confirmed_locked               , calmar         ,          147, PRUNED               ,                      , 0.599                 ,                     ,                    , [0.599]                                                                            , 10.91            , 0.329          , -33.19                   ,             119,             ,        ,       ,            ,      ,      ,         ,        ,        13,        ,        60,        ,         ,               ,              ,                ,                     ,                    
step1_upro_4state__confirmed_locked               , calmar         ,          148, PRUNED               ,                      , 0.543                 ,                     ,                    , [0.543]                                                                            , 14.82            , 0.34           , -43.59                   ,              92,             ,        ,       ,            ,      ,      ,         ,        ,        26,        ,        85,        ,         ,               ,              ,                ,                     ,                    
step1_upro_4state__confirmed_locked               , calmar         ,          149, PRUNED               ,                      , 0.578                 ,                     ,                    , [0.578]                                                                            , 14.83            , 0.346          , -42.84                   ,             138,             ,        ,       ,            ,      ,      ,         ,        ,        10,        ,        85,        ,         ,               ,              ,                ,                     ,                    
step1_upro_4state__confirmed_locked               , calmar         ,          150, PRUNED               ,                      , 0.539                 ,                     ,                    , [0.539]                                                                            , 15.59            , 0.342          , -45.54                   ,              94,             ,        ,       ,            ,      ,      ,         ,        ,        25,        ,        90,        ,         ,               ,              ,                ,                     ,                    
step1_upro_4state__confirmed_locked               , calmar         ,          151, COMPLETE             ,                      , 0.27325               , 0.496               , 0.4455             , "[0.611, 0.035, 0.381, 1.127]"                                                     , 11.24            , 0.341          , -32.96                   ,             124,             ,        ,       ,            ,      ,      ,         ,        ,        12,        ,        60,        ,         ,               ,              ,                ,                     ,                    
step1_upro_4state__confirmed_locked               , calmar         ,          152, COMPLETE             ,                      , 0.27325               , 0.496               , 0.4455             , "[0.611, 0.035, 0.381, 1.127]"                                                     , 11.24            , 0.341          , -32.96                   ,             124,             ,        ,       ,            ,      ,      ,         ,        ,        12,        ,        60,        ,         ,               ,              ,                ,                     ,                    
step1_upro_4state__confirmed_locked               , calmar         ,          153, COMPLETE             ,                      , 0.27325               , 0.496               , 0.4455             , "[0.611, 0.035, 0.381, 1.127]"                                                     , 11.24            , 0.341          , -32.96                   ,             124,             ,        ,       ,            ,      ,      ,         ,        ,        12,        ,        60,        ,         ,               ,              ,                ,                     ,                    
step1_upro_4state__confirmed_locked               , calmar         ,          154, PRUNED               ,                      , 0.59                  ,                     ,                    , [0.59]                                                                             , 11.93            , 0.352          , -33.91                   ,             128,             ,        ,       ,            ,      ,      ,         ,        ,        11,        ,        65,        ,         ,               ,              ,                ,                     ,                    
step1_upro_4state__confirmed_locked               , calmar         ,          155, PRUNED               ,                      , 0.603                 ,                     ,                    , [0.603]                                                                            , 10.09            , 0.327          , -30.86                   ,             119,             ,        ,       ,            ,      ,      ,         ,        ,        13,        ,        55,        ,         ,               ,              ,                ,                     ,                    
step1_upro_4state__confirmed_locked               , calmar         ,          156, PRUNED               ,                      , 0.594                 ,                     ,                    , [0.594]                                                                            , 11.71            , 0.33           , -35.44                   ,             119,             ,        ,       ,            ,      ,      ,         ,        ,        13,        ,        65,        ,         ,               ,              ,                ,                     ,                    
step1_upro_4state__confirmed_locked               , calmar         ,          157, PRUNED               ,                      , 0.536                 ,                     ,                    , [0.536]                                                                            , 16.21            , 0.342          , -47.45                   ,              92,             ,        ,       ,            ,      ,      ,         ,        ,        27,        ,        95,        ,         ,               ,              ,                ,                     ,                    
step1_upro_4state__confirmed_locked               , calmar         ,          158, COMPLETE             ,                      , 0.27325               , 0.496               , 0.4455             , "[0.611, 0.035, 0.381, 1.127]"                                                     , 11.24            , 0.341          , -32.96                   ,             124,             ,        ,       ,            ,      ,      ,         ,        ,        12,        ,        60,        ,         ,               ,              ,                ,                     ,                    
step1_upro_4state__confirmed_locked               , calmar         ,          159, PRUNED               ,                      , 0.539                 ,                     ,                    , [0.539]                                                                            , 15.76            , 0.346          , -45.56                   ,              95,             ,        ,       ,            ,      ,      ,         ,        ,        21,        ,        90,        ,         ,               ,              ,                ,                     ,                    
step1_upro_4state__confirmed_locked               , calmar         ,          160, PRUNED               ,                      , 0.539                 ,                     ,                    , [0.539]                                                                            , 15.56            , 0.342          , -45.56                   ,              94,             ,        ,       ,            ,      ,      ,         ,        ,        23,        ,        90,        ,         ,               ,              ,                ,                     ,                    
step1_upro_4state__confirmed_locked               , calmar         ,          161, PRUNED               ,                      , 0.536                 ,                     ,                    , [0.536]                                                                            , 16.26            , 0.343          , -47.46                   ,              94,             ,        ,       ,            ,      ,      ,         ,        ,        22,        ,        95,        ,         ,               ,              ,                ,                     ,                    
step1_upro_4state__confirmed_locked               , calmar         ,          162, PRUNED               ,                      , 0.552                 ,                     ,                    , [0.552]                                                                            , 11.86            , 0.337          , -35.18                   ,              94,             ,        ,       ,            ,      ,      ,         ,        ,        25,        ,        65,        ,         ,               ,              ,                ,                     ,                    
step1_upro_4state__confirmed_locked               , calmar         ,          163, PRUNED               ,                      , 0.555                 ,                     ,                    , [0.555]                                                                            , 16.85            , 0.341          , -49.43                   ,             119,             ,        ,       ,            ,      ,      ,         ,        ,        13,        ,       100,        ,         ,               ,              ,                ,                     ,                    
step1_upro_4state__confirmed_locked               , calmar         ,          164, PRUNED               ,                      , 0.548                 ,                     ,                    , [0.548]                                                                            , 13.34            , 0.338          , -39.51                   ,              92,             ,        ,       ,            ,      ,      ,         ,        ,        26,        ,        75,        ,         ,               ,              ,                ,                     ,                    
step1_upro_4state__confirmed_locked               , calmar         ,          165, PRUNED               ,                      , 0.572                 ,                     ,                    , [0.572]                                                                            , 13.23            , 0.333          , -39.75                   ,             105,             ,        ,       ,            ,      ,      ,         ,        ,        15,        ,        75,        ,         ,               ,              ,                ,                     ,                    
step1_upro_4state__confirmed_locked               , calmar         ,          166, COMPLETE             ,                      , 0.27325               , 0.496               , 0.4455             , "[0.611, 0.035, 0.381, 1.127]"                                                     , 11.24            , 0.341          , -32.96                   ,             124,             ,        ,       ,            ,      ,      ,         ,        ,        12,        ,        60,        ,         ,               ,              ,                ,                     ,                    
step1_upro_4state__confirmed_locked               , calmar         ,          167, PRUNED               ,                      , 0.532                 ,                     ,                    , [0.532]                                                                            , 16.91            , 0.343          , -49.28                   ,              92,             ,        ,       ,            ,      ,      ,         ,        ,        26,        ,       100,        ,         ,               ,              ,                ,                     ,                    
step1_upro_4state__confirmed_locked               , calmar         ,          168, PRUNED               ,                      , 0.536                 ,                     ,                    , [0.536]                                                                            , 16.06            , 0.337          , -47.61                   ,             101,             ,        ,       ,            ,      ,      ,         ,        ,        17,        ,        95,        ,         ,               ,              ,                ,                     ,                    
step1_upro_4state__confirmed_locked               , calmar         ,          169, PRUNED               ,                      , 0.543                 ,                     ,                    , [0.543]                                                                            , 14.67            , 0.335          , -43.8                    ,             101,             ,        ,       ,            ,      ,      ,         ,        ,        17,        ,        85,        ,         ,               ,              ,                ,                     ,                    
step1_upro_4state__confirmed_locked               , calmar         ,          170, PRUNED               ,                      , 0.603                 ,                     ,                    , [0.603]                                                                            , 10.09            , 0.327          , -30.86                   ,             119,             ,        ,       ,            ,      ,      ,         ,        ,        13,        ,        55,        ,         ,               ,              ,                ,                     ,                    
step1_upro_4state__confirmed_locked               , calmar         ,          171, PRUNED               ,                      , 0.49                  ,                     ,                    , [0.49]                                                                             , 15.6             , 0.331          , -47.19                   ,             160,             ,        ,       ,            ,      ,      ,         ,        ,         9,        ,        95,        ,         ,               ,              ,                ,                     ,                    
step1_upro_4state__confirmed_locked               , calmar         ,          172, PRUNED               ,                      , 0.578                 ,                     ,                    , [0.578]                                                                            , 11.69            , 0.33           , -35.44                   ,             105,             ,        ,       ,            ,      ,      ,         ,        ,        15,        ,        65,        ,         ,               ,              ,                ,                     ,                    
step1_upro_4state__confirmed_locked               , calmar         ,          173, PRUNED               ,                      , 0.563                 ,                     ,                    , [0.563]                                                                            , 16.86            , 0.343          , -49.09                   ,             138,             ,        ,       ,            ,      ,      ,         ,        ,        10,        ,       100,        ,         ,               ,              ,                ,                     ,                    
step1_upro_4state__confirmed_locked               , calmar         ,          174, PRUNED               ,                      , 0.548                 ,                     ,                    , [0.548]                                                                            , 13.38            , 0.338          , -39.53                   ,              94,             ,        ,       ,            ,      ,      ,         ,        ,        23,        ,        75,        ,         ,               ,              ,                ,                     ,                    
step1_upro_4state__confirmed_locked               , calmar         ,          175, PRUNED               ,                      , 0.581                 ,                     ,                    , [0.581]                                                                            , 12.54            , 0.333          , -37.63                   ,             111,             ,        ,       ,            ,      ,      ,         ,        ,        14,        ,        70,        ,         ,               ,              ,                ,                     ,                    
step1_upro_4state__confirmed_locked               , calmar         ,          176, COMPLETE             ,                      , 0.27325               , 0.496               , 0.4455             , "[0.611, 0.035, 0.381, 1.127]"                                                     , 11.24            , 0.341          , -32.96                   ,             124,             ,        ,       ,            ,      ,      ,         ,        ,        12,        ,        60,        ,         ,               ,              ,                ,                     ,                    
step1_upro_4state__confirmed_locked               , calmar         ,          177, PRUNED               ,                      , 0.581                 ,                     ,                    , [0.581]                                                                            , 13.49            , 0.351          , -38.4                    ,             128,             ,        ,       ,            ,      ,      ,         ,        ,        11,        ,        75,        ,         ,               ,              ,                ,                     ,                    
step1_upro_4state__confirmed_locked               , calmar         ,          178, PRUNED               ,                      , 0.595                 ,                     ,                    , [0.595]                                                                            , 11.12            , 0.352          , -31.59                   ,             128,             ,        ,       ,            ,      ,      ,         ,        ,        11,        ,        60,        ,         ,               ,              ,                ,                     ,                    
step1_upro_4state__confirmed_locked               , calmar         ,          179, COMPLETE             ,                      , 0.27325               , 0.496               , 0.4455             , "[0.611, 0.035, 0.381, 1.127]"                                                     , 11.24            , 0.341          , -32.96                   ,             124,             ,        ,       ,            ,      ,      ,         ,        ,        12,        ,        60,        ,         ,               ,              ,                ,                     ,                    
step1_upro_4state__confirmed_locked               , calmar         ,          180, PRUNED               ,                      , 0.532                 ,                     ,                    , [0.532]                                                                            , 16.95            , 0.344          , -49.28                   ,              94,             ,        ,       ,            ,      ,      ,         ,        ,        24,        ,       100,        ,         ,               ,              ,                ,                     ,                    
step1_upro_4state__confirmed_locked               , calmar         ,          181, PRUNED               ,                      , 0.541                 ,                     ,                    , [0.541]                                                                            , 9.1              , 0.344          , -26.46                   ,             160,             ,        ,       ,            ,      ,      ,         ,        ,         9,        ,        50,        ,         ,               ,              ,                ,                     ,                    
step1_upro_4state__confirmed_locked               , calmar         ,          182, PRUNED               ,                      , 0.548                 ,                     ,                    , [0.548]                                                                            , 13.2             , 0.332          , -39.75                   ,             101,             ,        ,       ,            ,      ,      ,         ,        ,        17,        ,        75,        ,         ,               ,              ,                ,                     ,                    
step1_upro_4state__confirmed_locked               , calmar         ,          183, COMPLETE             ,                      , 0.27325               , 0.496               , 0.4455             , "[0.611, 0.035, 0.381, 1.127]"                                                     , 11.24            , 0.341          , -32.96                   ,             124,             ,        ,       ,            ,      ,      ,         ,        ,        12,        ,        60,        ,         ,               ,              ,                ,                     ,                    
step1_upro_4state__confirmed_locked               , calmar         ,          184, PRUNED               ,                      , 0.539                 ,                     ,                    , [0.539]                                                                            , 15.54            , 0.341          , -45.55                   ,              92,             ,        ,       ,            ,      ,      ,         ,        ,        26,        ,        90,        ,         ,               ,              ,                ,                     ,                    
step1_upro_4state__confirmed_locked               , calmar         ,          185, PRUNED               ,                      , 0.599                 ,                     ,                    , [0.599]                                                                            , 10.29            , 0.352          , -29.23                   ,             128,             ,        ,       ,            ,      ,      ,         ,        ,        11,        ,        55,        ,         ,               ,              ,                ,                     ,                    
step1_upro_4state__confirmed_locked               , calmar         ,          186, PRUNED               ,                      , 0.554                 ,                     ,                    , [0.554]                                                                            , 10.98            , 0.334          , -32.91                   ,              92,             ,        ,       ,            ,      ,      ,         ,        ,        26,        ,        60,        ,         ,               ,              ,                ,                     ,                    
step1_upro_4state__confirmed_locked               , calmar         ,          187, PRUNED               ,                      , 0.56                  ,                     ,                    , [0.56]                                                                             , 15.41            , 0.337          , -45.73                   ,             105,             ,        ,       ,            ,      ,      ,         ,        ,        15,        ,        90,        ,         ,               ,              ,                ,                     ,                    
step1_upro_4state__confirmed_locked               , calmar         ,          188, PRUNED               ,                      , 0.564                 ,                     ,                    , [0.564]                                                                            , 15.49            , 0.339          , -45.73                   ,             111,             ,        ,       ,            ,      ,      ,         ,        ,        14,        ,        90,        ,         ,               ,              ,                ,                     ,                    
step1_upro_4state__confirmed_locked               , calmar         ,          189, PRUNED               ,                      , 0.599                 ,                     ,                    , [0.599]                                                                            , 10.91            , 0.329          , -33.19                   ,             119,             ,        ,       ,            ,      ,      ,         ,        ,        13,        ,        60,        ,         ,               ,              ,                ,                     ,                    
step1_upro_4state__confirmed_locked               , calmar         ,          190, PRUNED               ,                      , 0.51                  ,                     ,                    , [0.51]                                                                             , 13.64            , 0.336          , -40.66                   ,             160,             ,        ,       ,            ,      ,      ,         ,        ,         9,        ,        80,        ,         ,               ,              ,                ,                     ,                    
step1_upro_4state__confirmed_locked               , calmar         ,          191, PRUNED               ,                      , 0.554                 ,                     ,                    , [0.554]                                                                            , 11.06            , 0.336          , -32.91                   ,              94,             ,        ,       ,            ,      ,      ,         ,        ,        24,        ,        60,        ,         ,               ,              ,                ,                     ,                    
step1_upro_4state__confirmed_locked               , calmar         ,          192, PRUNED               ,                      , 0.545                 ,                     ,                    , [0.545]                                                                            , 14.27            , 0.343          , -41.6                    ,              97,             ,        ,       ,            ,      ,      ,         ,        ,        19,        ,        80,        ,         ,               ,              ,                ,                     ,                    
step1_upro_4state__confirmed_locked               , calmar         ,          193, PRUNED               ,                      , 0.543                 ,                     ,                    , [0.543]                                                                            , 14.8             , 0.339          , -43.61                   ,              92,             ,        ,       ,            ,      ,      ,         ,        ,        27,        ,        85,        ,         ,               ,              ,                ,                     ,                    
step1_upro_4state__confirmed_locked               , calmar         ,          194, PRUNED               ,                      , 0.554                 ,                     ,                    , [0.554]                                                                            , 11.12            , 0.338          , -32.94                   ,              97,             ,        ,       ,            ,      ,      ,         ,        ,        19,        ,        60,        ,         ,               ,              ,                ,                     ,                    
step1_upro_4state__confirmed_locked               , calmar         ,          195, PRUNED               ,                      , 0.532                 ,                     ,                    , [0.532]                                                                            , 17.13            , 0.347          , -49.29                   ,              95,             ,        ,       ,            ,      ,      ,         ,        ,        21,        ,       100,        ,         ,               ,              ,                ,                     ,                    
step1_upro_4state__confirmed_locked               , calmar         ,          196, PRUNED               ,                      , 0.539                 ,                     ,                    , [0.539]                                                                            , 15.74            , 0.345          , -45.56                   ,              95,             ,        ,       ,            ,      ,      ,         ,        ,        20,        ,        90,        ,         ,               ,              ,                ,                     ,                    
step1_upro_4state__confirmed_locked               , calmar         ,          197, PRUNED               ,                      , 0.532                 ,                     ,                    , [0.532]                                                                            , 17.11            , 0.347          , -49.29                   ,              97,             ,        ,       ,            ,      ,      ,         ,        ,        18,        ,       100,        ,         ,               ,              ,                ,                     ,                    
step1_upro_4state__confirmed_locked               , calmar         ,          198, PRUNED               ,                      , 0.55                  ,                     ,                    , [0.55]                                                                             , 12.8             , 0.342          , -37.4                    ,              95,             ,        ,       ,            ,      ,      ,         ,        ,        21,        ,        70,        ,         ,               ,              ,                ,                     ,                    
step1_upro_4state__confirmed_locked               , calmar         ,          199, COMPLETE             ,                      , 0.27325               , 0.496               , 0.4455             , "[0.611, 0.035, 0.381, 1.127]"                                                     , 11.24            , 0.341          , -32.96                   ,             124,             ,        ,       ,            ,      ,      ,         ,        ,        12,        ,        60,        ,         ,               ,              ,                ,                     ,                    
step1_upro_4state__free_everything                , calmar         ,            0, COMPLETE             ,                      , 0.433625              , 0.6735              , 0.47975            , "[1.035, 0.085, 0.512, 0.835]"                                                     , 10.77            , 0.435          , -24.73                   ,             114,           29,     290,     80,            ,    68,    44,         ,        ,        20,        ,        50,        ,         ,               ,              ,                ,                     ,                    
step1_upro_4state__free_everything                , calmar         ,            1, REJECTED_BY_GUARDRAIL, defensive_state_floor, -1000.0               ,                     ,                    ,                                                                                    , 17.54            , 0.663          , -26.47                   ,              92,           42,     220,     80,            ,    85,    65,         ,        ,         7,        ,        60,        ,         ,               ,              ,                ,                     ,                    
step1_upro_4state__free_everything                , calmar         ,            2, REJECTED_BY_GUARDRAIL, defensive_state_floor, -1000.0               ,                     ,                    ,                                                                                    , 7.67             , 0.166          , -46.15                   ,             135,           24,     130,     45,            ,    74,    49,         ,        ,        18,        ,        80,        ,         ,               ,              ,                ,                     ,                    
step1_upro_4state__free_everything                , calmar         ,            3, REJECTED_BY_GUARDRAIL, defensive_state_floor, -1000.0               ,                     ,                    ,                                                                                    , 8.74             , 0.219          , -39.93                   ,             125,           23,     160,     50,            ,    81,    46,         ,        ,        17,        ,        75,        ,         ,               ,              ,                ,                     ,                    
step1_upro_4state__free_everything                , calmar         ,            4, REJECTED_BY_GUARDRAIL, defensive_state_floor, -1000.0               ,                     ,                    ,                                                                                    , 7.9              , 0.147          , -53.64                   ,             556,           35,     100,     70,            ,    66,    69,         ,        ,        10,        ,       100,        ,         ,               ,              ,                ,                     ,                    
step1_upro_4state__free_everything                , calmar         ,            5, PRUNED               ,                      , 0.571                 ,                     ,                    , [0.571]                                                                            , 13.01            , 0.31           , -41.95                   ,             120,           41,     160,     25,            ,    74,    43,         ,        ,        22,        ,        75,        ,         ,               ,              ,                ,                     ,                    
step1_upro_4state__free_everything                , calmar         ,            6, PRUNED               ,                      , 0.751                 ,                     ,                    , [0.751]                                                                            , 4.61             , 0.108          , -42.62                   ,             128,           20,     290,     40,            ,    71,    56,         ,        ,        21,        ,        80,        ,         ,               ,              ,                ,                     ,                    
step1_upro_4state__free_everything                , calmar         ,            7, REJECTED_BY_GUARDRAIL, min_trades           , -1000.0               ,                     ,                    ,                                                                                    , 17.23            , 0.363          , -47.46                   ,              88,           24,     300,     85,            ,    83,    58,         ,        ,        27,        ,       100,        ,         ,               ,              ,                ,                     ,                    
step1_upro_4state__free_everything                , calmar         ,            8, PRUNED               ,                      , 0.47                  ,                     ,                    , [0.47]                                                                             , 4.65             , 0.088          , -53.11                   ,             158,           22,     140,     20,            ,    73,    48,         ,        ,        14,        ,        95,        ,         ,               ,              ,                ,                     ,                    
step1_upro_4state__free_everything                , calmar         ,            9, COMPLETE             ,                      , 0.4345                , 0.623               , 0.377              , "[0.873, -0.065, 0.528, 0.718]"                                                    , 14.68            , 0.297          , -49.37                   ,             124,           29,     150,     65,            ,    81,    42,         ,        ,        10,        ,       100,        ,         ,               ,              ,                ,                     ,                    
step1_upro_4state__free_everything                , calmar         ,           10, PRUNED               ,                      , 0.363                 ,                     ,                    , [0.363]                                                                            , 16.32            , 0.339          , -48.08                   ,             122,           43,     170,     55,            ,    85,    48,         ,        ,         7,        ,       100,        ,         ,               ,              ,                ,                     ,                    
step1_upro_4state__free_everything                , calmar         ,           11, REJECTED_BY_GUARDRAIL, min_trades           , -1000.0               ,                     ,                    ,                                                                                    , 18.99            , 0.468          , -40.57                   ,              79,           32,     260,     80,            ,    76,    49,         ,        ,        15,        ,        80,        ,         ,               ,              ,                ,                     ,                    
step1_upro_4state__free_everything                , calmar         ,           12, PRUNED               ,                      , 0.337                 ,                     ,                    , [0.337]                                                                            , 12.31            , 0.229          , -53.82                   ,             171,           31,     170,     55,            ,    76,    47,         ,        ,         8,        ,       100,        ,         ,               ,              ,                ,                     ,                    
step1_upro_4state__free_everything                , calmar         ,           13, REJECTED_BY_GUARDRAIL, min_trades           , -1000.0               ,                     ,                    ,                                                                                    , 12.07            , 0.364          , -33.13                   ,              88,           31,     300,     65,            ,    68,    44,         ,        ,        26,        ,        60,        ,         ,               ,              ,                ,                     ,                    
step1_upro_4state__free_everything                , calmar         ,           14, PRUNED               ,                      , 0.545                 ,                     ,                    , [0.545]                                                                            , 14.87            , 0.378          , -39.37                   ,              91,           32,     200,     50,            ,    84,    42,         ,        ,        13,        ,        80,        ,         ,               ,              ,                ,                     ,                    
step1_upro_4state__free_everything                , calmar         ,           15, REJECTED_BY_GUARDRAIL, defensive_state_floor, -1000.0               ,                     ,                    ,                                                                                    , 5.96             , 0.164          , -36.34                   ,             141,           26,     110,     60,            ,    77,    41,         ,        ,        14,        ,        60,        ,         ,               ,              ,                ,                     ,                    
step1_upro_4state__free_everything                , calmar         ,           16, REJECTED_BY_GUARDRAIL, min_trades           , -1000.0               ,                     ,                    ,                                                                                    , 19.67            , 0.519          , -37.91                   ,              87,           29,     250,     65,            ,    84,    49,         ,        ,        11,        ,        85,        ,         ,               ,              ,                ,                     ,                    
step1_upro_4state__free_everything                , calmar         ,           17, COMPLETE             ,                      , 0.37675000000000003   , 0.8055              , 0.8574999999999999 , "[1.159, -0.002, 0.452, 1.307]"                                                    , 12.02            , 0.378          , -31.8                    ,             178,           27,     160,     65,            ,    74,    40,         ,        ,         7,        ,        70,        ,         ,               ,              ,                ,                     ,                    
step1_upro_4state__free_everything                , calmar         ,           18, REJECTED_BY_GUARDRAIL, min_trades           , -1000.0               ,                     ,                    ,                                                                                    , 15.36            , 0.547          , -28.08                   ,              82,           29,     230,     85,            ,    71,    43,         ,        ,        28,        ,        65,        ,         ,               ,              ,                ,                     ,                    
step1_upro_4state__free_everything                , calmar         ,           19, REJECTED_BY_GUARDRAIL, min_trades           , -1000.0               ,                     ,                    ,                                                                                    , 22.12            , 0.558          , -39.67                   ,              76,           34,     240,     70,            ,    76,    42,         ,        ,        17,        ,        90,        ,         ,               ,              ,                ,                     ,                    
step1_upro_4state__free_everything                , calmar         ,           20, REJECTED_BY_GUARDRAIL, defensive_state_floor, -1000.0               ,                     ,                    ,                                                                                    , 15.61            , 0.455          , -34.28                   ,              79,           30,     260,     80,            ,    72,    41,         ,        ,        19,        ,        65,        ,         ,               ,              ,                ,                     ,                    
step1_upro_4state__free_everything                , calmar         ,           21, COMPLETE             ,                      , 0.21187499999999998   , 0.46950000000000003 , 0.5152500000000001 , "[1.872, -0.078, 0.451, 0.488]"                                                    , 13.65            , 0.37           , -36.84                   ,             174,           28,     270,     75,            ,    74,    42,         ,        ,         7,        ,        80,        ,         ,               ,              ,                ,                     ,                    
step1_upro_4state__free_everything                , calmar         ,           22, COMPLETE             ,                      , 0.390375              , 0.7275              , 0.67425            , "[1.099, -0.029, 0.466, 0.989]"                                                    , 15.15            , 0.382          , -39.68                   ,             194,           29,     160,     65,            ,    71,    43,         ,        ,         8,        ,        90,        ,         ,               ,              ,                ,                     ,                    
step1_upro_4state__free_everything                , calmar         ,           23, PRUNED               ,                      , 0.551                 ,                     ,                    , [0.551]                                                                            , 13.3             , 0.236          , -56.46                   ,             178,           31,     180,     55,            ,    68,    42,         ,        ,         9,        ,       100,        ,         ,               ,              ,                ,                     ,                    
step1_upro_4state__free_everything                , calmar         ,           24, REJECTED_BY_GUARDRAIL, defensive_state_floor, -1000.0               ,                     ,                    ,                                                                                    , 7.35             , 0.124          , -59.05                   ,             137,           33,     100,     55,            ,    81,    42,         ,        ,        19,        ,       100,        ,         ,               ,              ,                ,                     ,                    
step1_upro_4state__free_everything                , calmar         ,           25, PRUNED               ,                      , 0.667                 ,                     ,                    , [0.667]                                                                            , 14.63            , 0.288          , -50.77                   ,             144,           26,     150,     60,            ,    81,    45,         ,        ,         8,        ,       100,        ,         ,               ,              ,                ,                     ,                    
step1_upro_4state__free_everything                , calmar         ,           26, PRUNED               ,                      , 0.314                 ,                     ,                    , [0.314]                                                                            , 5.92             , 0.122          , -48.61                   ,             164,           28,     120,     60,            ,    72,    43,         ,        ,        15,        ,        90,        ,         ,               ,              ,                ,                     ,                    
step1_upro_4state__free_everything                , calmar         ,           27, PRUNED               ,                      , 0.216                 ,                     ,                    , [0.216]                                                                            , 10.3             , 0.22           , -46.74                   ,             206,           32,     130,     75,            ,    68,    46,         ,        ,        10,        ,        90,        ,         ,               ,              ,                ,                     ,                    
step1_upro_4state__free_everything                , calmar         ,           28, REJECTED_BY_GUARDRAIL, defensive_state_floor, -1000.0               ,                     ,                    ,                                                                                    , 18.7             , 0.446          , -41.92                   ,             125,           27,     160,     80,            ,    72,    44,         ,        ,        13,        ,       100,        ,         ,               ,              ,                ,                     ,                    
step1_upro_4state__free_everything                , calmar         ,           29, PRUNED               ,                      , 0.742                 ,                     ,                    , [0.742]                                                                            , 15.44            , 0.354          , -43.61                   ,             115,           25,     160,     60,            ,    74,    45,         ,        ,        17,        ,       100,        ,         ,               ,              ,                ,                     ,                    
step1_upro_4state__free_everything                , calmar         ,           30, PRUNED               ,                      , 0.654                 ,                     ,                    , [0.654]                                                                            , 12.9             , 0.292          , -44.18                   ,             123,           28,     160,     60,            ,    80,    44,         ,        ,        15,        ,        95,        ,         ,               ,              ,                ,                     ,                    
step1_upro_4state__free_everything                , calmar         ,           31, COMPLETE             ,                      , 0.17987499999999995   , 0.4155              , 0.47125000000000006, "[1.161, -0.001, 0.295, 0.536]"                                                    , 9.32             , 0.294          , -31.67                   ,             191,           28,     160,     75,            ,    71,    45,         ,        ,         9,        ,        65,        ,         ,               ,              ,                ,                     ,                    
step1_upro_4state__free_everything                , calmar         ,           32, PRUNED               ,                      , 1.058                 ,                     ,                    , [1.058]                                                                            , 9.52             , 0.372          , -25.56                   ,             181,           29,     170,     70,            ,    76,    41,         ,        ,         7,        ,        55,        ,         ,               ,              ,                ,                     ,                    
step1_upro_4state__free_everything                , calmar         ,           33, PRUNED               ,                      , 1.089                 ,                     ,                    , [1.089]                                                                            , 20.06            , 0.484          , -41.49                   ,              96,           27,     180,     70,            ,    82,    41,         ,        ,        12,        ,       100,        ,         ,               ,              ,                ,                     ,                    
step1_upro_4state__free_everything                , calmar         ,           34, PRUNED               ,                      , 0.457                 ,                     ,                    , [0.457]                                                                            , 8.2              , 0.194          , -42.26                   ,             201,           25,     170,     55,            ,    71,    42,         ,        ,         7,        ,        70,        ,         ,               ,              ,                ,                     ,                    
step1_upro_4state__free_everything                , calmar         ,           35, PRUNED               ,                      , 0.343                 ,                     ,                    , [0.343]                                                                            , 9.97             , 0.211          , -47.25                   ,             190,           30,     140,     65,            ,    74,    45,         ,        ,         8,        ,        90,        ,         ,               ,              ,                ,                     ,                    
step1_upro_4state__free_everything                , calmar         ,           36, COMPLETE             ,                      , 0.42212500000000003   , 0.5835              , 0.32275            , "[1.147, 0.051, 0.616, 0.551]"                                                     , 12.92            , 0.407          , -31.71                   ,             184,           28,     200,     70,            ,    69,    44,         ,        ,         9,        ,        75,        ,         ,               ,              ,                ,                     ,                    
step1_upro_4state__free_everything                , calmar         ,           37, PRUNED               ,                      , 0.299                 ,                     ,                    , [0.299]                                                                            , 10.02            , 0.187          , -53.7                    ,             127,           32,     130,     65,            ,    76,    42,         ,        ,        14,        ,       100,        ,         ,               ,              ,                ,                     ,                    
step1_upro_4state__free_everything                , calmar         ,           38, PRUNED               ,                      , 0.378                 ,                     ,                    , [0.378]                                                                            , 10.69            , 0.193          , -55.49                   ,             129,           31,     120,     65,            ,    85,    46,         ,        ,        12,        ,       100,        ,         ,               ,              ,                ,                     ,                    
step1_upro_4state__free_everything                , calmar         ,           39, PRUNED               ,                      , 0.058                 ,                     ,                    , [0.058]                                                                            , 6.95             , 0.132          , -52.64                   ,             168,           31,     140,     50,            ,    79,    43,         ,        ,         8,        ,        95,        ,         ,               ,              ,                ,                     ,                    
step1_upro_4state__free_everything                , calmar         ,           40, PRUNED               ,                      , 0.931                 ,                     ,                    , [0.931]                                                                            , 18.93            , 0.408          , -46.38                   ,             108,           31,     180,     75,            ,    85,    43,         ,        ,         8,        ,       100,        ,         ,               ,              ,                ,                     ,                    
step1_upro_4state__free_everything                , calmar         ,           41, PRUNED               ,                      , 0.448                 ,                     ,                    , [0.448]                                                                            , 7.55             , 0.162          , -46.47                   ,             212,           28,     170,     55,            ,    69,    47,         ,        ,         9,        ,        80,        ,         ,               ,              ,                ,                     ,                    
step1_upro_4state__free_everything                , calmar         ,           42, REJECTED_BY_GUARDRAIL, defensive_state_floor, -1000.0               ,                     ,                    ,                                                                                    , 14.0             , 0.371          , -37.73                   ,             193,           27,     170,     80,            ,    68,    44,         ,        ,         8,        ,        85,        ,         ,               ,              ,                ,                     ,                    
step1_upro_4state__free_everything                , calmar         ,           43, PRUNED               ,                      , 0.399                 ,                     ,                    , [0.399]                                                                            , 8.2              , 0.198          , -41.49                   ,             205,           30,     110,     75,            ,    70,    40,         ,        ,         9,        ,        75,        ,         ,               ,              ,                ,                     ,                    
step1_upro_4state__free_everything                , calmar         ,           44, PRUNED               ,                      , 0.973                 ,                     ,                    , [0.973]                                                                            , 17.24            , 0.389          , -44.36                   ,             164,           31,     160,     80,            ,    73,    42,         ,        ,         9,        ,       100,        ,         ,               ,              ,                ,                     ,                    
step1_upro_4state__free_everything                , calmar         ,           45, PRUNED               ,                      , 0.96                  ,                     ,                    , [0.96]                                                                             , 12.14            , 0.273          , -44.39                   ,             164,           28,     190,     80,            ,    68,    43,         ,        ,        12,        ,        90,        ,         ,               ,              ,                ,                     ,                    
step1_upro_4state__free_everything                , calmar         ,           46, PRUNED               ,                      , 0.383                 ,                     ,                    , [0.383]                                                                            , 6.97             , 0.135          , -51.7                    ,             164,           28,     140,     60,            ,    80,    40,         ,        ,         8,        ,        95,        ,         ,               ,              ,                ,                     ,                    
step1_upro_4state__free_everything                , calmar         ,           47, PRUNED               ,                      , 1.118                 ,                     ,                    , [1.118]                                                                            , 15.02            , 0.323          , -46.43                   ,             170,           25,     150,     65,            ,    72,    45,         ,        ,        10,        ,        95,        ,         ,               ,              ,                ,                     ,                    
step1_upro_4state__free_everything                , calmar         ,           48, PRUNED               ,                      , 1.147                 ,                     ,                    , [1.147]                                                                            , 8.45             , 0.225          , -37.55                   ,             195,           23,     140,     70,            ,    71,    41,         ,        ,         9,        ,        70,        ,         ,               ,              ,                ,                     ,                    
step1_upro_4state__free_everything                , calmar         ,           49, PRUNED               ,                      , 0.977                 ,                     ,                    , [0.977]                                                                            , 13.67            , 0.328          , -41.71                   ,             160,           33,     160,     70,            ,    72,    45,         ,        ,        10,        ,        80,        ,         ,               ,              ,                ,                     ,                    
step1_upro_4state__free_everything                , calmar         ,           50, PRUNED               ,                      , 0.929                 ,                     ,                    , [0.929]                                                                            , 10.47            , 0.255          , -41.1                    ,             163,           25,     140,     65,            ,    75,    40,         ,        ,         9,        ,        75,        ,         ,               ,              ,                ,                     ,                    
step1_upro_4state__free_everything                , calmar         ,           51, REJECTED_BY_GUARDRAIL, defensive_state_floor, -1000.0               ,                     ,                    ,                                                                                    , 14.42            , 0.468          , -30.81                   ,             169,           29,     220,     80,            ,    70,    45,         ,        ,         9,        ,        70,        ,         ,               ,              ,                ,                     ,                    
step1_upro_4state__free_everything                , calmar         ,           52, PRUNED               ,                      , 1.082                 ,                     ,                    , [1.082]                                                                            , 14.12            , 0.315          , -44.81                   ,             178,           28,     180,     65,            ,    74,    42,         ,        ,         8,        ,       100,        ,         ,               ,              ,                ,                     ,                    
step1_upro_4state__free_everything                , calmar         ,           53, COMPLETE             ,                      , 0.5844999999999999    , 0.9155              , 0.6620000000000001 , "[1.608, 0.067, 0.731, 1.1]"                                                       , 16.12            , 0.556          , -29.0                    ,             145,           27,     230,     70,            ,    72,    40,         ,        ,         9,        ,        70,        ,         ,               ,              ,                ,                     ,                    
step1_upro_4state__free_everything                , calmar         ,           54, PRUNED               ,                      , 0.652                 ,                     ,                    , [0.652]                                                                            , 7.86             , 0.18           , -43.56                   ,             196,           28,     140,     65,            ,    70,    43,         ,        ,        10,        ,        80,        ,         ,               ,              ,                ,                     ,                    
step1_upro_4state__free_everything                , calmar         ,           55, PRUNED               ,                      , 0.369                 ,                     ,                    , [0.369]                                                                            , 4.18             , 0.086          , -48.66                   ,             243,           28,     120,     55,            ,    70,    42,         ,        ,         7,        ,        90,        ,         ,               ,              ,                ,                     ,                    
step1_upro_4state__free_everything                , calmar         ,           56, PRUNED               ,                      , 0.557                 ,                     ,                    , [0.557]                                                                            , 12.98            , 0.241          , -53.82                   ,             147,           30,     180,     55,            ,    71,    44,         ,        ,        11,        ,        95,        ,         ,               ,              ,                ,                     ,                    
step1_upro_4state__free_everything                , calmar         ,           57, PRUNED               ,                      , 0.713                 ,                     ,                    , [0.713]                                                                            , 9.16             , 0.206          , -44.56                   ,             171,           28,     170,     60,            ,    74,    42,         ,        ,         9,        ,        80,        ,         ,               ,              ,                ,                     ,                    
step1_upro_4state__free_everything                , calmar         ,           58, PRUNED               ,                      , 1.029                 ,                     ,                    , [1.029]                                                                            , 13.68            , 0.411          , -33.3                    ,             164,           31,     200,     70,            ,    73,    42,         ,        ,         8,        ,        70,        ,         ,               ,              ,                ,                     ,                    
step1_upro_4state__free_everything                , calmar         ,           59, PRUNED               ,                      , 1.072                 ,                     ,                    , [1.072]                                                                            , 12.04            , 0.347          , -34.73                   ,             164,           28,     180,     70,            ,    74,    46,         ,        ,         9,        ,        80,        ,         ,               ,              ,                ,                     ,                    
step1_upro_4state__free_everything                , calmar         ,           60, REJECTED_BY_GUARDRAIL, defensive_state_floor, -1000.0               ,                     ,                    ,                                                                                    , 15.73            , 0.511          , -30.77                   ,             170,           24,     220,     75,            ,    71,    40,         ,        ,         8,        ,        75,        ,         ,               ,              ,                ,                     ,                    
step1_upro_4state__free_everything                , calmar         ,           61, COMPLETE             ,                      , 0.24975000000000003   , 0.6105              , 0.7215             , "[1.284, 0.039, 0.337, 0.884]"                                                     , 12.07            , 0.366          , -32.94                   ,             141,           29,     210,     75,            ,    72,    41,         ,        ,        10,        ,        65,        ,         ,               ,              ,                ,                     ,                    
step1_upro_4state__free_everything                , calmar         ,           62, PRUNED               ,                      , 1.099                 ,                     ,                    , [1.099]                                                                            , 11.52            , 0.378          , -30.5                    ,             158,           27,     190,     80,            ,    71,    40,         ,        ,         9,        ,        65,        ,         ,               ,              ,                ,                     ,                    
step1_upro_4state__free_everything                , calmar         ,           63, COMPLETE             ,                      , 0.5211250000000001    , 0.917               , 0.79175            , "[1.472, 0.033, 0.629, 1.205]"                                                     , 14.32            , 0.527          , -27.19                   ,             161,           27,     280,     75,            ,    70,    40,         ,        ,         8,        ,        65,        ,         ,               ,              ,                ,                     ,                    
step1_upro_4state__free_everything                , calmar         ,           64, COMPLETE             ,                      , 0.569625              , 1.0315              , 0.9237500000000001 , "[1.441, -0.025, 0.66, 1.403]"                                                     , 11.64            , 0.499          , -23.33                   ,             176,           26,     240,     70,            ,    71,    42,         ,        ,         7,        ,        50,        ,         ,               ,              ,                ,                     ,                    
step1_upro_4state__free_everything                , calmar         ,           65, REJECTED_BY_GUARDRAIL, defensive_state_floor, -1000.0               ,                     ,                    ,                                                                                    , 13.03            , 0.519          , -25.1                    ,              90,           26,     280,     80,            ,    68,    42,         ,        ,        23,        ,        50,        ,         ,               ,              ,                ,                     ,                    
step1_upro_4state__free_everything                , calmar         ,           66, COMPLETE             ,                      , 0.512                 , 0.8095              , 0.595              , "[1.604, 0.025, 0.676, 0.943]"                                                     , 13.76            , 0.505          , -27.26                   ,             161,           29,     240,     70,            ,    69,    41,         ,        ,         9,        ,        60,        ,         ,               ,              ,                ,                     ,                    
step1_upro_4state__free_everything                , calmar         ,           67, COMPLETE             ,                      , 0.459375              , 0.6695              , 0.42025            , "[1.519, 0.081, 0.629, 0.71]"                                                      , 11.41            , 0.486          , -23.49                   ,             151,           29,     280,     65,            ,    69,    42,         ,        ,        10,        ,        55,        ,         ,               ,              ,                ,                     ,                    
step1_upro_4state__free_everything                , calmar         ,           68, COMPLETE             ,                      , 0.5182499999999999    , 0.7525              , 0.4685             , "[1.644, 0.025, 0.71, 0.795]"                                                      , 13.49            , 0.494          , -27.29                   ,             159,           29,     250,     70,            ,    70,    42,         ,        ,         9,        ,        60,        ,         ,               ,              ,                ,                     ,                    
step1_upro_4state__free_everything                , calmar         ,           69, COMPLETE             ,                      , 0.34562500000000007   , 0.5995              , 0.5077499999999999 , "[1.52, -0.01, 0.683, 0.516]"                                                      , 12.29            , 0.419          , -29.33                   ,             177,           28,     250,     70,            ,    69,    42,         ,        ,         8,        ,        65,        ,         ,               ,              ,                ,                     ,                    
step1_upro_4state__free_everything                , calmar         ,           70, COMPLETE             ,                      , 0.4086250000000001    , 0.8825000000000001  , 0.9477499999999999 , "[1.593, -0.005, 0.517, 1.248]"                                                    , 14.5             , 0.515          , -28.17                   ,             181,           31,     230,     70,            ,    69,    43,         ,        ,         7,        ,        65,        ,         ,               ,              ,                ,                     ,                    
step1_upro_4state__free_everything                , calmar         ,           71, COMPLETE             ,                      , 0.23550000000000004   , 0.562               , 0.653              , "[1.856, -0.036, 0.682, 0.442]"                                                    , 9.79             , 0.385          , -25.44                   ,             198,           28,     260,     65,            ,    68,    41,         ,        ,         7,        ,        55,        ,         ,               ,              ,                ,                     ,                    
step1_upro_4state__free_everything                , calmar         ,           72, COMPLETE             ,                      , 0.330125              , 0.6595              , 0.65875            , "[1.476, 0.032, 0.461, 0.858]"                                                     , 10.73            , 0.459          , -23.35                   ,             144,           29,     240,     75,            ,    71,    41,         ,        ,        10,        ,        50,        ,         ,               ,              ,                ,                     ,                    
step1_upro_4state__free_everything                , calmar         ,           73, PRUNED               ,                      , 0.916                 ,                     ,                    , [0.916]                                                                            , 8.18             , 0.283          , -28.87                   ,             176,           28,     300,     65,            ,    68,    42,         ,        ,         9,        ,        55,        ,         ,               ,              ,                ,                     ,                    
step1_upro_4state__free_everything                , calmar         ,           74, COMPLETE             ,                      , 0.557625              , 0.8885000000000001  , 0.6617500000000002 , "[1.506, 0.008, 0.697, 1.08]"                                                      , 13.05            , 0.479          , -27.23                   ,             160,           27,     240,     70,            ,    72,    43,         ,        ,         8,        ,        60,        ,         ,               ,              ,                ,                     ,                    
step1_upro_4state__free_everything                , calmar         ,           75, COMPLETE             ,                      , 0.5072500000000001    , 0.893               , 0.7714999999999999 , "[1.681, 0.005, 0.658, 1.128]"                                                     , 11.22            , 0.505          , -22.21                   ,             204,           25,     250,     75,            ,    70,    46,         ,        ,         7,        ,        50,        ,         ,               ,              ,                ,                     ,                    
step1_upro_4state__free_everything                , calmar         ,           76, COMPLETE             ,                      , 0.573                 , 1.012               , 0.878              , "[1.475, 0.033, 0.667, 1.357]"                                                     , 13.17            , 0.552          , -23.86                   ,             164,           26,     230,     75,            ,    72,    44,         ,        ,         8,        ,        55,        ,         ,               ,              ,                ,                     ,                    
step1_upro_4state__free_everything                , calmar         ,           77, COMPLETE             ,                      , 0.297125              , 0.6174999999999999  , 0.6407499999999999 , "[1.942, -0.042, 0.714, 0.521]"                                                    , 12.7             , 0.41           , -30.98                   ,             173,           28,     260,     65,            ,    71,    40,         ,        ,         8,        ,        65,        ,         ,               ,              ,                ,                     ,                    
step1_upro_4state__free_everything                , calmar         ,           78, COMPLETE             ,                      , 0.2465000000000001    , 0.5915              , 0.6899999999999998 , "[1.882, -0.041, 0.731, 0.452]"                                                    , 12.0             , 0.421          , -28.47                   ,             162,           28,     260,     70,            ,    72,    44,         ,        ,         9,        ,        60,        ,         ,               ,              ,                ,                     ,                    
step1_upro_4state__free_everything                , calmar         ,           79, REJECTED_BY_GUARDRAIL, defensive_state_floor, -1000.0               ,                     ,                    ,                                                                                    , 10.05            , 0.442          , -22.75                   ,             175,           24,     250,     70,            ,    72,    40,         ,        ,         7,        ,        50,        ,         ,               ,              ,                ,                     ,                    
step1_upro_4state__free_everything                , calmar         ,           80, COMPLETE             ,                      , 0.5393749999999999    , 0.9219999999999999  , 0.7652499999999999 , "[1.751, 0.004, 0.703, 1.141]"                                                     , 11.18            , 0.53           , -21.1                    ,             190,           25,     230,     70,            ,    69,    43,         ,        ,         7,        ,        50,        ,         ,               ,              ,                ,                     ,                    
step1_upro_4state__free_everything                , calmar         ,           81, PRUNED               ,                      , 1.417                 ,                     ,                    , [1.417]                                                                            , 10.17            , 0.49           , -20.77                   ,             182,           24,     230,     80,            ,    71,    45,         ,        ,         8,        ,        50,        ,         ,               ,              ,                ,                     ,                    
step1_upro_4state__free_everything                , calmar         ,           82, PRUNED               ,                      , 1.452                 ,                     ,                    , [1.452]                                                                            , 11.92            , 0.493          , -24.18                   ,             161,           27,     220,     70,            ,    74,    41,         ,        ,         7,        ,        55,        ,         ,               ,              ,                ,                     ,                    
step1_upro_4state__free_everything                , calmar         ,           83, COMPLETE             ,                      , 0.563625              , 0.9390000000000001  , 0.7507499999999999 , "[1.601, 0.026, 0.701, 1.177]"                                                     , 11.36            , 0.548          , -20.73                   ,             200,           25,     230,     75,            ,    69,    45,         ,        ,         7,        ,        50,        ,         ,               ,              ,                ,                     ,                    
step1_upro_4state__free_everything                , calmar         ,           84, PRUNED               ,                      , 1.48                  ,                     ,                    , [1.48]                                                                             , 12.37            , 0.445          , -27.78                   ,             164,           28,     230,     65,            ,    69,    40,         ,        ,         9,        ,        65,        ,         ,               ,              ,                ,                     ,                    
step1_upro_4state__free_everything                , calmar         ,           85, COMPLETE             ,                      , 0.529625              , 0.825               , 0.5907499999999999 , "[1.525, -0.022, 0.689, 0.961]"                                                    , 14.15            , 0.482          , -29.33                   ,             175,           29,     250,     70,            ,    72,    43,         ,        ,         7,        ,        65,        ,         ,               ,              ,                ,                     ,                    
step1_upro_4state__free_everything                , calmar         ,           86, PRUNED               ,                      , 1.439                 ,                     ,                    , [1.439]                                                                            , 11.34            , 0.513          , -22.11                   ,             168,           27,     230,     75,            ,    71,    44,         ,        ,         8,        ,        50,        ,         ,               ,              ,                ,                     ,                    
step1_upro_4state__free_everything                , calmar         ,           87, PRUNED               ,                      , 1.383                 ,                     ,                    , [1.383]                                                                            , 11.75            , 0.531          , -22.11                   ,             171,           26,     230,     75,            ,    68,    46,         ,        ,         9,        ,        50,        ,         ,               ,              ,                ,                     ,                    
step1_upro_4state__free_everything                , calmar         ,           88, PRUNED               ,                      , 1.377                 ,                     ,                    , [1.377]                                                                            , 12.08            , 0.503          , -24.01                   ,             171,           27,     220,     75,            ,    72,    43,         ,        ,         7,        ,        55,        ,         ,               ,              ,                ,                     ,                    
step1_upro_4state__free_everything                , calmar         ,           89, COMPLETE             ,                      , 0.5418750000000001    , 1.0335              , 0.98325            , "[1.732, 0.07, 0.655, 1.412]"                                                      , 12.74            , 0.566          , -22.51                   ,             148,           26,     240,     70,            ,    71,    42,         ,        ,        10,        ,        50,        ,         ,               ,              ,                ,                     ,                    
step1_upro_4state__free_everything                , calmar         ,           90, PRUNED               ,                      , 1.23                  ,                     ,                    , [1.23]                                                                             , 10.97            , 0.554          , -19.82                   ,             208,           25,     230,     80,            ,    68,    45,         ,        ,         7,        ,        50,        ,         ,               ,              ,                ,                     ,                    
step1_upro_4state__free_everything                , calmar         ,           91, COMPLETE             ,                      , 0.5217499999999999    , 0.8815              , 0.7195             , "[1.618, 0.009, 0.67, 1.093]"                                                      , 11.1             , 0.491          , -22.6                    ,             149,           25,     240,     70,            ,    69,    41,         ,        ,        10,        ,        50,        ,         ,               ,              ,                ,                     ,                    
step1_upro_4state__free_everything                , calmar         ,           92, PRUNED               ,                      , 1.447                 ,                     ,                    , [1.447]                                                                            , 11.05            , 0.51           , -21.66                   ,             193,           27,     230,     70,            ,    69,    45,         ,        ,         7,        ,        50,        ,         ,               ,              ,                ,                     ,                    
step1_upro_4state__free_everything                , calmar         ,           93, REJECTED_BY_GUARDRAIL, defensive_state_floor, -1000.0               ,                     ,                    ,                                                                                    , 9.28             , 0.398          , -23.32                   ,             178,           24,     210,     75,            ,    69,    43,         ,        ,         8,        ,        50,        ,         ,               ,              ,                ,                     ,                    
step1_upro_4state__free_everything                , calmar         ,           94, PRUNED               ,                      , 1.449                 ,                     ,                    , [1.449]                                                                            , 13.29            , 0.546          , -24.33                   ,             172,           26,     230,     70,            ,    72,    41,         ,        ,         7,        ,        55,        ,         ,               ,              ,                ,                     ,                    
step1_upro_4state__free_everything                , calmar         ,           95, PRUNED               ,                      , 1.375                 ,                     ,                    , [1.375]                                                                            , 11.1             , 0.497          , -22.35                   ,             176,           26,     220,     65,            ,    71,    42,         ,        ,         7,        ,        50,        ,         ,               ,              ,                ,                     ,                    
step1_upro_4state__free_everything                , calmar         ,           96, COMPLETE             ,                      , 0.5311250000000001    , 0.8785000000000001  , 0.69475            , "[1.622, 0.058, 0.676, 1.081]"                                                     , 12.66            , 0.534          , -23.69                   ,             150,           27,     230,     75,            ,    69,    43,         ,        ,        10,        ,        55,        ,         ,               ,              ,                ,                     ,                    
step1_upro_4state__free_everything                , calmar         ,           97, REJECTED_BY_GUARDRAIL, defensive_state_floor, -1000.0               ,                     ,                    ,                                                                                    , 9.86             , 0.383          , -25.73                   ,             149,           23,     240,     70,            ,    71,    40,         ,        ,        10,        ,        55,        ,         ,               ,              ,                ,                     ,                    
step1_upro_4state__free_everything                , calmar         ,           98, PRUNED               ,                      , 1.436                 ,                     ,                    , [1.436]                                                                            , 10.74            , 0.463          , -23.21                   ,             135,           27,     250,     75,            ,    68,    41,         ,        ,        11,        ,        50,        ,         ,               ,              ,                ,                     ,                    
step1_upro_4state__free_everything                , calmar         ,           99, COMPLETE             ,                      , 0.55975               , 0.907               , 0.6945             , "[1.67, 0.02, 0.719, 1.095]"                                                       , 12.41            , 0.504          , -24.61                   ,             168,           25,     240,     70,            ,    70,    44,         ,        ,         9,        ,        55,        ,         ,               ,              ,                ,                     ,                    
step1_upro_4state__free_everything                , calmar         ,          100, REJECTED_BY_GUARDRAIL, defensive_state_floor, -1000.0               ,                     ,                    ,                                                                                    , 9.65             , 0.419          , -23.04                   ,             166,           24,     240,     65,            ,    71,    44,         ,        ,         9,        ,        50,        ,         ,               ,              ,                ,                     ,                    
step1_upro_4state__free_everything                , calmar         ,          101, COMPLETE             ,                      , 0.41775000000000007   , 0.8720000000000001  , 0.9085000000000001 , "[1.58, 0.004, 0.529, 1.215]"                                                      , 11.24            , 0.444          , -25.3                    ,             174,           25,     210,     70,            ,    68,    43,         ,        ,         9,        ,        55,        ,         ,               ,              ,                ,                     ,                    
step1_upro_4state__free_everything                , calmar         ,          102, PRUNED               ,                      , 1.391                 ,                     ,                    , [1.391]                                                                            , 11.94            , 0.537          , -22.23                   ,             138,           26,     230,     70,            ,    70,    40,         ,        ,        10,        ,        50,        ,         ,               ,              ,                ,                     ,                    
step1_upro_4state__free_everything                , calmar         ,          103, COMPLETE             ,                      , 0.5364999999999998    , 1.0234999999999999  , 0.9740000000000002 , "[1.845, -0.05, 0.69, 1.357]"                                                      , 13.26            , 0.493          , -26.9                    ,             164,           26,     260,     70,            ,    72,    44,         ,        ,         8,        ,        55,        ,         ,               ,              ,                ,                     ,                    
step1_upro_4state__free_everything                , calmar         ,          104, PRUNED               ,                      , 1.542                 ,                     ,                    , [1.542]                                                                            , 12.55            , 0.53           , -23.7                    ,             184,           25,     220,     70,            ,    69,    46,         ,        ,         8,        ,        55,        ,         ,               ,              ,                ,                     ,                    
step1_upro_4state__free_everything                , calmar         ,          105, COMPLETE             ,                      , 0.5269999999999999    , 0.9285              , 0.803              , "[1.588, -0.019, 0.661, 1.196]"                                                    , 12.26            , 0.499          , -24.57                   ,             183,           26,     240,     65,            ,    70,    42,         ,        ,         7,        ,        55,        ,         ,               ,              ,                ,                     ,                    
step1_upro_4state__free_everything                , calmar         ,          106, COMPLETE             ,                      , 0.5447500000000001    , 0.907               , 0.7244999999999999 , "[1.586, 0.014, 0.686, 1.128]"                                                     , 12.35            , 0.484          , -25.49                   ,             158,           27,     250,     75,            ,    72,    41,         ,        ,         8,        ,        55,        ,         ,               ,              ,                ,                     ,                    
step1_upro_4state__free_everything                , calmar         ,          107, PRUNED               ,                      , 1.573                 ,                     ,                    , [1.573]                                                                            , 14.64            , 0.544          , -26.9                    ,             155,           26,     240,     80,            ,    72,    43,         ,        ,         9,        ,        60,        ,         ,               ,              ,                ,                     ,                    
step1_upro_4state__free_everything                , calmar         ,          108, COMPLETE             ,                      , 0.51325               , 0.9279999999999999  , 0.8294999999999999 , "[1.751, 0.017, 0.664, 1.192]"                                                     , 12.61            , 0.502          , -25.13                   ,             165,           25,     240,     75,            ,    69,    42,         ,        ,         9,        ,        55,        ,         ,               ,              ,                ,                     ,                    
step1_upro_4state__free_everything                , calmar         ,          109, COMPLETE             ,                      , 0.5534999999999999    , 1.067               , 1.0270000000000001 , "[1.711, -0.075, 0.68, 1.454]"                                                     , 12.05            , 0.474          , -25.42                   ,             181,           26,     260,     70,            ,    71,    44,         ,        ,         7,        ,        50,        ,         ,               ,              ,                ,                     ,                    
step1_upro_4state__free_everything                , calmar         ,          110, COMPLETE             ,                      , 0.495375              , 1.003               , 1.0152499999999998 , "[1.758, -0.065, 0.63, 1.376]"                                                     , 11.58            , 0.472          , -24.51                   ,             166,           26,     270,     70,            ,    73,    41,         ,        ,         7,        ,        50,        ,         ,               ,              ,                ,                     ,                    
step1_upro_4state__free_everything                , calmar         ,          111, REJECTED_BY_GUARDRAIL, defensive_state_floor, -1000.0               ,                     ,                    ,                                                                                    , 12.08            , 0.52           , -23.25                   ,             155,           26,     250,     80,            ,    71,    42,         ,        ,         9,        ,        50,        ,         ,               ,              ,                ,                     ,                    
step1_upro_4state__free_everything                , calmar         ,          112, COMPLETE             ,                      , 0.5379999999999998    , 0.94                , 0.8040000000000002 , "[1.815, -0.051, 0.715, 1.165]"                                                    , 12.76            , 0.476          , -26.81                   ,             172,           26,     260,     65,            ,    72,    46,         ,        ,         8,        ,        55,        ,         ,               ,              ,                ,                     ,                    
step1_upro_4state__free_everything                , calmar         ,          113, COMPLETE             ,                      , 0.5752499999999999    , 1.0434999999999999  , 0.9364999999999999 , "[1.635, 0.028, 0.687, 1.4]"                                                       , 13.56            , 0.532          , -25.48                   ,             148,           26,     240,     70,            ,    73,    44,         ,        ,         9,        ,        55,        ,         ,               ,              ,                ,                     ,                    
step1_upro_4state__free_everything                , calmar         ,          114, COMPLETE             ,                      , 0.492375              , 1.0075              , 1.03025            , "[1.671, -0.077, 0.612, 1.403]"                                                    , 11.34            , 0.456          , -24.9                    ,             174,           26,     270,     70,            ,    71,    43,         ,        ,         7,        ,        50,        ,         ,               ,              ,                ,                     ,                    
step1_upro_4state__free_everything                , calmar         ,          115, PRUNED               ,                      , 1.475                 ,                     ,                    , [1.475]                                                                            , 9.99             , 0.428          , -23.33                   ,             170,           27,     250,     65,            ,    71,    41,         ,        ,         7,        ,        50,        ,         ,               ,              ,                ,                     ,                    
step1_upro_4state__free_everything                , calmar         ,          116, PRUNED               ,                      , 1.483                 ,                     ,                    , [1.483]                                                                            , 11.3             , 0.444          , -25.44                   ,             170,           27,     240,     65,            ,    70,    44,         ,        ,         8,        ,        55,        ,         ,               ,              ,                ,                     ,                    
step1_upro_4state__free_everything                , calmar         ,          117, PRUNED               ,                      , 1.055                 ,                     ,                    , [1.055]                                                                            , 10.95            , 0.412          , -26.58                   ,             177,           26,     260,     60,            ,    72,    45,         ,        ,         8,        ,        55,        ,         ,               ,              ,                ,                     ,                    
step1_upro_4state__free_everything                , calmar         ,          118, COMPLETE             ,                      , 0.4932500000000001    , 0.9035              , 0.8204999999999998 , "[1.8, -0.075, 0.669, 1.138]"                                                      , 13.05            , 0.439          , -29.75                   ,             167,           27,     260,     75,            ,    73,    42,         ,        ,         7,        ,        60,        ,         ,               ,              ,                ,                     ,                    
step1_upro_4state__free_everything                , calmar         ,          119, PRUNED               ,                      , 1.599                 ,                     ,                    , [1.599]                                                                            , 10.43            , 0.433          , -24.1                    ,             190,           23,     230,     75,            ,    72,    45,         ,        ,         7,        ,        55,        ,         ,               ,              ,                ,                     ,                    
step1_upro_4state__free_everything                , calmar         ,          120, COMPLETE             ,                      , 0.4911250000000001    , 0.9035              , 0.8247499999999998 , "[1.896, 0.028, 0.665, 1.142]"                                                     , 11.59            , 0.502          , -23.08                   ,             139,           25,     250,     70,            ,    74,    43,         ,        ,         9,        ,        50,        ,         ,               ,              ,                ,                     ,                    
step1_upro_4state__free_everything                , calmar         ,          121, REJECTED_BY_GUARDRAIL, defensive_state_floor, -1000.0               ,                     ,                    ,                                                                                    , 10.97            , 0.437          , -25.1                    ,             171,           24,     260,     65,            ,    72,    44,         ,        ,         8,        ,        55,        ,         ,               ,              ,                ,                     ,                    
step1_upro_4state__free_everything                , calmar         ,          122, PRUNED               ,                      , 1.38                  ,                     ,                    , [1.38]                                                                             , 12.13            , 0.479          , -25.34                   ,             178,           27,     240,     70,            ,    72,    45,         ,        ,         7,        ,        55,        ,         ,               ,              ,                ,                     ,                    
step1_upro_4state__free_everything                , calmar         ,          123, PRUNED               ,                      , 1.467                 ,                     ,                    , [1.467]                                                                            , 10.43            , 0.446          , -23.37                   ,             125,           27,     250,     65,            ,    71,    42,         ,        ,        11,        ,        50,        ,         ,               ,              ,                ,                     ,                    
step1_upro_4state__free_everything                , calmar         ,          124, COMPLETE             ,                      , 0.30512500000000004   , 0.5825              , 0.55475            , "[1.609, 0.017, 0.687, 0.478]"                                                     , 11.02            , 0.432          , -25.48                   ,             157,           28,     240,     70,            ,    73,    45,         ,        ,         9,        ,        55,        ,         ,               ,              ,                ,                     ,                    
step1_upro_4state__free_everything                , calmar         ,          125, REJECTED_BY_GUARDRAIL, defensive_state_floor, -1000.0               ,                     ,                    ,                                                                                    , 12.3             , 0.459          , -26.77                   ,             175,           24,     240,     70,            ,    71,    42,         ,        ,         8,        ,        60,        ,         ,               ,              ,                ,                     ,                    
step1_upro_4state__free_everything                , calmar         ,          126, PRUNED               ,                      , 1.582                 ,                     ,                    , [1.582]                                                                            , 10.68            , 0.472          , -22.65                   ,             173,           27,     250,     70,            ,    68,    42,         ,        ,         8,        ,        50,        ,         ,               ,              ,                ,                     ,                    
step1_upro_4state__free_everything                , calmar         ,          127, PRUNED               ,                      , 1.607                 ,                     ,                    , [1.607]                                                                            , 11.17            , 0.49           , -22.82                   ,             175,           25,     250,     75,            ,    72,    47,         ,        ,         8,        ,        50,        ,         ,               ,              ,                ,                     ,                    
step1_upro_4state__free_everything                , calmar         ,          128, COMPLETE             ,                      , 0.5265                , 0.911               , 0.769              , "[1.875, 0.035, 0.705, 1.117]"                                                     , 12.8             , 0.527          , -24.29                   ,             157,           25,     250,     70,            ,    71,    46,         ,        ,        10,        ,        55,        ,         ,               ,              ,                ,                     ,                    
step1_upro_4state__free_everything                , calmar         ,          129, COMPLETE             ,                      , 0.53125               , 0.8165              , 0.5705000000000001 , "[1.644, 0.007, 0.709, 0.924]"                                                     , 10.7             , 0.47           , -22.77                   ,             187,           25,     250,     65,            ,    73,    46,         ,        ,         7,        ,        50,        ,         ,               ,              ,                ,                     ,                    
step1_upro_4state__free_everything                , calmar         ,          130, COMPLETE             ,                      , 0.516375              , 0.9145              , 0.7962499999999999 , "[1.839, 0.019, 0.687, 1.142]"                                                     , 12.62            , 0.508          , -24.86                   ,             153,           25,     250,     70,            ,    73,    45,         ,        ,         9,        ,        55,        ,         ,               ,              ,                ,                     ,                    
step1_upro_4state__free_everything                , calmar         ,          131, PRUNED               ,                      , 1.59                  ,                     ,                    , [1.59]                                                                             , 11.63            , 0.51           , -22.82                   ,             179,           26,     250,     75,            ,    70,    41,         ,        ,         7,        ,        50,        ,         ,               ,              ,                ,                     ,                    
step1_upro_4state__free_everything                , calmar         ,          132, REJECTED_BY_GUARDRAIL, defensive_state_floor, -1000.0               ,                     ,                    ,                                                                                    , 11.16            , 0.458          , -24.37                   ,             169,           24,     260,     65,            ,    74,    47,         ,        ,         8,        ,        55,        ,         ,               ,              ,                ,                     ,                    
step1_upro_4state__free_everything                , calmar         ,          133, COMPLETE             ,                      , 0.4885                , 0.8845              , 0.7919999999999999 , "[2.034, -0.039, 0.702, 1.067]"                                                    , 11.33            , 0.478          , -23.69                   ,             161,           25,     260,     70,            ,    71,    44,         ,        ,         9,        ,        50,        ,         ,               ,              ,                ,                     ,                    
step1_upro_4state__free_everything                , calmar         ,          134, PRUNED               ,                      , 1.619                 ,                     ,                    , [1.619]                                                                            , 10.86            , 0.478          , -22.72                   ,             192,           25,     250,     65,            ,    72,    46,         ,        ,         7,        ,        50,        ,         ,               ,              ,                ,                     ,                    
step1_upro_4state__free_everything                , calmar         ,          135, COMPLETE             ,                      , 0.5315000000000001    , 0.892               , 0.721              , "[1.718, 0.034, 0.692, 1.092]"                                                     , 12.46            , 0.536          , -23.23                   ,             165,           25,     230,     70,            ,    73,    44,         ,        ,         8,        ,        55,        ,         ,               ,              ,                ,                     ,                    
step1_upro_4state__free_everything                , calmar         ,          136, PRUNED               ,                      , 1.609                 ,                     ,                    , [1.609]                                                                            , 13.7             , 0.538          , -25.49                   ,             167,           26,     250,     70,            ,    70,    40,         ,        ,         8,        ,        55,        ,         ,               ,              ,                ,                     ,                    
step1_upro_4state__free_everything                , calmar         ,          137, REJECTED_BY_GUARDRAIL, defensive_state_floor, -1000.0               ,                     ,                    ,                                                                                    , 9.87             , 0.454          , -21.76                   ,             180,           24,     230,     70,            ,    71,    43,         ,        ,         7,        ,        50,        ,         ,               ,              ,                ,                     ,                    
step1_upro_4state__free_everything                , calmar         ,          138, REJECTED_BY_GUARDRAIL, defensive_state_floor, -1000.0               ,                     ,                    ,                                                                                    , 11.11            , 0.449          , -24.76                   ,             136,           24,     240,     70,            ,    71,    43,         ,        ,        11,        ,        55,        ,         ,               ,              ,                ,                     ,                    
step1_upro_4state__free_everything                , calmar         ,          139, REJECTED_BY_GUARDRAIL, defensive_state_floor, -1000.0               ,                     ,                    ,                                                                                    , 9.11             , 0.362          , -25.19                   ,             190,           23,     240,     70,            ,    70,    45,         ,        ,         8,        ,        50,        ,         ,               ,              ,                ,                     ,                    
step1_upro_4state__free_everything                , calmar         ,          140, PRUNED               ,                      , 1.533                 ,                     ,                    , [1.533]                                                                            , 13.39            , 0.483          , -27.71                   ,             169,           27,     250,     75,            ,    71,    44,         ,        ,         8,        ,        60,        ,         ,               ,              ,                ,                     ,                    
step1_upro_4state__free_everything                , calmar         ,          141, REJECTED_BY_GUARDRAIL, defensive_state_floor, -1000.0               ,                     ,                    ,                                                                                    , 10.18            , 0.446          , -22.81                   ,             180,           24,     260,     75,            ,    71,    43,         ,        ,         7,        ,        50,        ,         ,               ,              ,                ,                     ,                    
step1_upro_4state__free_everything                , calmar         ,          142, COMPLETE             ,                      , 0.5316249999999999    , 0.9219999999999999  , 0.78075            , "[1.792, -0.017, 0.703, 1.141]"                                                    , 11.08            , 0.502          , -22.07                   ,             191,           25,     240,     70,            ,    69,    43,         ,        ,         7,        ,        50,        ,         ,               ,              ,                ,                     ,                    
step1_upro_4state__free_everything                , calmar         ,          143, REJECTED_BY_GUARDRAIL, defensive_state_floor, -1000.0               ,                     ,                    ,                                                                                    , 11.13            , 0.458          , -24.29                   ,             166,           24,     240,     70,            ,    73,    42,         ,        ,         8,        ,        55,        ,         ,               ,              ,                ,                     ,                    
step1_upro_4state__free_everything                , calmar         ,          144, COMPLETE             ,                      , 0.509875              , 0.931               , 0.8422500000000002 , "[1.75, -0.047, 0.669, 1.193]"                                                     , 11.36            , 0.46           , -24.67                   ,             164,           27,     260,     75,            ,    69,    44,         ,        ,         9,        ,        50,        ,         ,               ,              ,                ,                     ,                    
step1_upro_4state__free_everything                , calmar         ,          145, REJECTED_BY_GUARDRAIL, defensive_state_floor, -1000.0               ,                     ,                    ,                                                                                    , 10.4             , 0.445          , -23.36                   ,             171,           23,     230,     75,            ,    71,    45,         ,        ,         9,        ,        55,        ,         ,               ,              ,                ,                     ,                    
step1_upro_4state__free_everything                , calmar         ,          146, PRUNED               ,                      , 1.431                 ,                     ,                    , [1.431]                                                                            , 12.53            , 0.505          , -24.81                   ,             168,           26,     280,     70,            ,    72,    45,         ,        ,         8,        ,        55,        ,         ,               ,              ,                ,                     ,                    
step1_upro_4state__free_everything                , calmar         ,          147, COMPLETE             ,                      , 0.49324999999999997   , 0.8434999999999999  , 0.7004999999999999 , "[1.768, -0.053, 0.68, 1.007]"                                                     , 11.68            , 0.438          , -26.66                   ,             167,           27,     260,     65,            ,    71,    43,         ,        ,         8,        ,        55,        ,         ,               ,              ,                ,                     ,                    
step1_upro_4state__free_everything                , calmar         ,          148, COMPLETE             ,                      , 0.501125              , 1.01                , 1.01775            , "[1.757, -0.07, 0.636, 1.384]"                                                     , 12.68            , 0.475          , -26.67                   ,             169,           26,     270,     70,            ,    73,    43,         ,        ,         7,        ,        55,        ,         ,               ,              ,                ,                     ,                    
step1_upro_4state__free_everything                , calmar         ,          149, PRUNED               ,                      , 1.548                 ,                     ,                    , [1.548]                                                                            , 10.51            , 0.459          , -22.9                    ,             158,           27,     240,     65,            ,    73,    42,         ,        ,         8,        ,        50,        ,         ,               ,              ,                ,                     ,                    
step1_upro_4state__free_everything                , calmar         ,          150, PRUNED               ,                      , 1.583                 ,                     ,                    , [1.583]                                                                            , 11.86            , 0.531          , -22.35                   ,             140,           26,     230,     65,            ,    70,    43,         ,        ,        11,        ,        50,        ,         ,               ,              ,                ,                     ,                    
step1_upro_4state__free_everything                , calmar         ,          151, PRUNED               ,                      , 1.437                 ,                     ,                    , [1.437]                                                                            , 10.11            , 0.41           , -24.68                   ,             200,           28,     250,     65,            ,    71,    47,         ,        ,         7,        ,        55,        ,         ,               ,              ,                ,                     ,                    
step1_upro_4state__free_everything                , calmar         ,          152, PRUNED               ,                      , 1.462                 ,                     ,                    , [1.462]                                                                            , 13.54            , 0.521          , -25.99                   ,             168,           27,     230,     75,            ,    71,    44,         ,        ,         8,        ,        60,        ,         ,               ,              ,                ,                     ,                    
step1_upro_4state__free_everything                , calmar         ,          153, PRUNED               ,                      , 1.467                 ,                     ,                    , [1.467]                                                                            , 12.19            , 0.556          , -21.91                   ,             160,           26,     220,     75,            ,    72,    41,         ,        ,         8,        ,        50,        ,         ,               ,              ,                ,                     ,                    
step1_upro_4state__free_everything                , calmar         ,          154, COMPLETE             ,                      , 0.522375              , 0.885               , 0.7252500000000001 , "[1.692, 0.051, 0.675, 1.095]"                                                     , 11.07            , 0.528          , -20.97                   ,             197,           25,     230,     70,            ,    68,    42,         ,        ,         7,        ,        50,        ,         ,               ,              ,                ,                     ,                    
step1_upro_4state__free_everything                , calmar         ,          155, COMPLETE             ,                      , 0.5403749999999999    , 0.9645              , 0.8482500000000002 , "[1.749, 0.015, 0.688, 1.241]"                                                     , 11.73            , 0.514          , -22.81                   ,             169,           25,     250,     70,            ,    69,    43,         ,        ,         9,        ,        50,        ,         ,               ,              ,                ,                     ,                    
step1_upro_4state__free_everything                , calmar         ,          156, PRUNED               ,                      , 1.117                 ,                     ,                    , [1.117]                                                                            , 6.0              , 0.247          , -24.28                   ,             213,           22,     230,     70,            ,    68,    44,         ,        ,         7,        ,        50,        ,         ,               ,              ,                ,                     ,                    
step1_upro_4state__free_everything                , calmar         ,          157, PRUNED               ,                      , 1.657                 ,                     ,                    , [1.657]                                                                            , 13.23            , 0.498          , -26.56                   ,             171,           25,     240,     70,            ,    70,    46,         ,        ,         9,        ,        60,        ,         ,               ,              ,                ,                     ,                    
step1_upro_4state__free_everything                , calmar         ,          158, PRUNED               ,                      , 1.482                 ,                     ,                    , [1.482]                                                                            , 12.04            , 0.474          , -25.4                    ,             128,           27,     250,     70,            ,    72,    41,         ,        ,        10,        ,        55,        ,         ,               ,              ,                ,                     ,                    
step1_upro_4state__free_everything                , calmar         ,          159, REJECTED_BY_GUARDRAIL, defensive_state_floor, -1000.0               ,                     ,                    ,                                                                                    , 9.41             , 0.381          , -24.66                   ,             175,           23,     240,     70,            ,    69,    42,         ,        ,         9,        ,        50,        ,         ,               ,              ,                ,                     ,                    
step1_upro_4state__free_everything                , calmar         ,          160, PRUNED               ,                      , 1.472                 ,                     ,                    , [1.472]                                                                            , 13.37            , 0.56           , -23.87                   ,             151,           26,     230,     80,            ,    73,    46,         ,        ,         9,        ,        55,        ,         ,               ,              ,                ,                     ,                    
step1_upro_4state__free_everything                , calmar         ,          161, PRUNED               ,                      , 1.538                 ,                     ,                    , [1.538]                                                                            , 12.57            , 0.513          , -24.51                   ,             148,           27,     250,     80,            ,    72,    40,         ,        ,         9,        ,        55,        ,         ,               ,              ,                ,                     ,                    
step1_upro_4state__free_everything                , calmar         ,          162, COMPLETE             ,                      , 0.4748750000000001    , 0.9185000000000001  , 0.88725            , "[2.046, 0.048, 0.66, 1.177]"                                                      , 13.13            , 0.533          , -24.6                    ,             129,           25,     240,     70,            ,    73,    44,         ,        ,        11,        ,        55,        ,         ,               ,              ,                ,                     ,                    
step1_upro_4state__free_everything                , calmar         ,          163, PRUNED               ,                      , 1.527                 ,                     ,                    , [1.527]                                                                            , 12.71            , 0.513          , -24.76                   ,             195,           26,     240,     75,            ,    68,    42,         ,        ,         7,        ,        55,        ,         ,               ,              ,                ,                     ,                    
step1_upro_4state__free_everything                , calmar         ,          164, PRUNED               ,                      , 1.556                 ,                     ,                    , [1.556]                                                                            , 11.39            , 0.491          , -23.19                   ,             166,           26,     250,     65,            ,    72,    44,         ,        ,         8,        ,        50,        ,         ,               ,              ,                ,                     ,                    
step1_upro_4state__free_everything                , calmar         ,          165, COMPLETE             ,                      , 0.254375              , 0.582               , 0.6552499999999999 , "[1.848, -0.047, 0.703, 0.461]"                                                    , 10.89            , 0.411          , -26.48                   ,             162,           28,     260,     70,            ,    74,    43,         ,        ,         8,        ,        55,        ,         ,               ,              ,                ,                     ,                    
step1_upro_4state__free_everything                , calmar         ,          166, PRUNED               ,                      , 1.507                 ,                     ,                    , [1.507]                                                                            , 11.24            , 0.505          , -22.26                   ,             155,           27,     220,     70,            ,    70,    42,         ,        ,         9,        ,        50,        ,         ,               ,              ,                ,                     ,                    
step1_upro_4state__free_everything                , calmar         ,          167, COMPLETE             ,                      , 0.46787500000000004   , 0.8485              , 0.76125            , "[1.812, -0.066, 0.654, 1.043]"                                                    , 10.58            , 0.435          , -24.35                   ,             183,           25,     270,     65,            ,    72,    45,         ,        ,         7,        ,        50,        ,         ,               ,              ,                ,                     ,                    
step1_upro_4state__free_everything                , calmar         ,          168, COMPLETE             ,                      , 0.4973750000000001    , 0.8200000000000001  , 0.6452499999999999 , "[1.693, 0.012, 0.67, 0.97]"                                                       , 11.7             , 0.476          , -24.6                    ,             148,           25,     250,     65,            ,    70,    41,         ,        ,        10,        ,        55,        ,         ,               ,              ,                ,                     ,                    
step1_upro_4state__free_everything                , calmar         ,          169, PRUNED               ,                      , 1.511                 ,                     ,                    , [1.511]                                                                            , 13.49            , 0.565          , -23.87                   ,             146,           26,     220,     80,            ,    73,    43,         ,        ,         9,        ,        55,        ,         ,               ,              ,                ,                     ,                    
step1_upro_4state__free_everything                , calmar         ,          170, COMPLETE             ,                      , 0.531125              , 0.905               , 0.7477500000000001 , "[1.715, -0.028, 0.697, 1.113]"                                                    , 11.47            , 0.474          , -24.2                    ,             180,           26,     260,     65,            ,    74,    48,         ,        ,         7,        ,        50,        ,         ,               ,              ,                ,                     ,                    
step1_upro_4state__free_everything                , calmar         ,          171, COMPLETE             ,                      , 0.5191250000000001    , 0.9045000000000001  , 0.77075            , "[1.842, 0.082, 0.684, 1.125]"                                                     , 13.08            , 0.575          , -22.74                   ,             155,           25,     230,     75,            ,    72,    41,         ,        ,         9,        ,        55,        ,         ,               ,              ,                ,                     ,                    
step1_upro_4state__free_everything                , calmar         ,          172, REJECTED_BY_GUARDRAIL, defensive_state_floor, -1000.0               ,                     ,                    ,                                                                                    , 10.85            , 0.438          , -24.78                   ,             187,           24,     250,     65,            ,    71,    47,         ,        ,         8,        ,        55,        ,         ,               ,              ,                ,                     ,                    
step1_upro_4state__free_everything                , calmar         ,          173, PRUNED               ,                      , 1.639                 ,                     ,                    , [1.639]                                                                            , 12.01            , 0.491          , -24.48                   ,             139,           27,     230,     65,            ,    72,    44,         ,        ,        10,        ,        55,        ,         ,               ,              ,                ,                     ,                    
step1_upro_4state__free_everything                , calmar         ,          174, PRUNED               ,                      , 1.567                 ,                     ,                    , [1.567]                                                                            , 10.92            , 0.502          , -21.76                   ,             185,           25,     230,     65,            ,    69,    46,         ,        ,         8,        ,        50,        ,         ,               ,              ,                ,                     ,                    
step1_upro_4state__free_everything                , calmar         ,          175, PRUNED               ,                      , 1.596                 ,                     ,                    , [1.596]                                                                            , 11.73            , 0.519          , -22.58                   ,             182,           26,     250,     70,            ,    70,    43,         ,        ,         7,        ,        50,        ,         ,               ,              ,                ,                     ,                    
step1_upro_4state__free_everything                , calmar         ,          176, PRUNED               ,                      , 1.686                 ,                     ,                    , [1.686]                                                                            , 11.87            , 0.528          , -22.49                   ,             134,           27,     230,     70,            ,    73,    44,         ,        ,        10,        ,        50,        ,         ,               ,              ,                ,                     ,                    
step1_upro_4state__free_everything                , calmar         ,          177, PRUNED               ,                      , 1.408                 ,                     ,                    , [1.408]                                                                            , 9.47             , 0.424          , -22.35                   ,             178,           28,     230,     70,            ,    71,    41,         ,        ,         7,        ,        50,        ,         ,               ,              ,                ,                     ,                    
step1_upro_4state__free_everything                , calmar         ,          178, REJECTED_BY_GUARDRAIL, defensive_state_floor, -1000.0               ,                     ,                    ,                                                                                    , 9.93             , 0.379          , -26.22                   ,             201,           23,     240,     75,            ,    69,    43,         ,        ,         7,        ,        55,        ,         ,               ,              ,                ,                     ,                    
step1_upro_4state__free_everything                , calmar         ,          179, COMPLETE             ,                      , 0.513125              , 0.8175              , 0.60875            , "[1.743, -0.041, 0.709, 0.926]"                                                    , 11.71            , 0.442          , -26.49                   ,             184,           27,     260,     65,            ,    73,    47,         ,        ,         7,        ,        55,        ,         ,               ,              ,                ,                     ,                    
step1_upro_4state__free_everything                , calmar         ,          180, REJECTED_BY_GUARDRAIL, defensive_state_floor, -1000.0               ,                     ,                    ,                                                                                    , 11.36            , 0.482          , -23.55                   ,             168,           24,     230,     70,            ,    70,    43,         ,        ,         9,        ,        55,        ,         ,               ,              ,                ,                     ,                    
step1_upro_4state__free_everything                , calmar         ,          181, PRUNED               ,                      , 1.506                 ,                     ,                    , [1.506]                                                                            , 11.33            , 0.495          , -22.86                   ,             168,           27,     250,     70,            ,    73,    47,         ,        ,         8,        ,        50,        ,         ,               ,              ,                ,                     ,                    
step1_upro_4state__free_everything                , calmar         ,          182, PRUNED               ,                      , 1.551                 ,                     ,                    , [1.551]                                                                            , 13.44            , 0.563          , -23.86                   ,             157,           26,     230,     75,            ,    69,    45,         ,        ,        10,        ,        55,        ,         ,               ,              ,                ,                     ,                    
step1_upro_4state__free_everything                , calmar         ,          183, PRUNED               ,                      , 1.475                 ,                     ,                    , [1.475]                                                                            , 11.4             , 0.473          , -24.12                   ,             172,           28,     230,     70,            ,    68,    45,         ,        ,        10,        ,        55,        ,         ,               ,              ,                ,                     ,                    
step1_upro_4state__free_everything                , calmar         ,          184, COMPLETE             ,                      , 0.4878750000000001    , 0.905               , 0.8342499999999998 , "[1.842, -0.049, 0.664, 1.146]"                                                    , 11.3             , 0.47           , -24.02                   ,             160,           26,     270,     65,            ,    74,    45,         ,        ,         8,        ,        50,        ,         ,               ,              ,                ,                     ,                    
step1_upro_4state__free_everything                , calmar         ,          185, PRUNED               ,                      , 1.686                 ,                     ,                    , [1.686]                                                                            , 12.5             , 0.504          , -24.81                   ,             172,           25,     250,     70,            ,    71,    43,         ,        ,         8,        ,        55,        ,         ,               ,              ,                ,                     ,                    
step1_upro_4state__free_everything                , calmar         ,          186, PRUNED               ,                      , 1.615                 ,                     ,                    , [1.615]                                                                            , 12.18            , 0.487          , -25.01                   ,             178,           25,     240,     75,            ,    72,    43,         ,        ,         7,        ,        55,        ,         ,               ,              ,                ,                     ,                    
step1_upro_4state__free_everything                , calmar         ,          187, REJECTED_BY_GUARDRAIL, defensive_state_floor, -1000.0               ,                     ,                    ,                                                                                    , 10.19            , 0.442          , -23.02                   ,             144,           24,     240,     75,            ,    72,    42,         ,        ,        10,        ,        50,        ,         ,               ,              ,                ,                     ,                    
step1_upro_4state__free_everything                , calmar         ,          188, PRUNED               ,                      , 0.923                 ,                     ,                    , [0.923]                                                                            , 9.26             , 0.368          , -25.15                   ,             185,           27,     260,     60,            ,    71,    45,         ,        ,         7,        ,        50,        ,         ,               ,              ,                ,                     ,                    
step1_upro_4state__free_everything                , calmar         ,          189, PRUNED               ,                      , 1.459                 ,                     ,                    , [1.459]                                                                            , 11.22            , 0.523          , -21.43                   ,             193,           25,     220,     75,            ,    71,    46,         ,        ,         7,        ,        50,        ,         ,               ,              ,                ,                     ,                    
step1_upro_4state__free_everything                , calmar         ,          190, PRUNED               ,                      , 1.234                 ,                     ,                    , [1.234]                                                                            , 10.12            , 0.38           , -26.63                   ,             177,           25,     270,     60,            ,    72,    48,         ,        ,         9,        ,        55,        ,         ,               ,              ,                ,                     ,                    
step1_upro_4state__free_everything                , calmar         ,          191, PRUNED               ,                      , 1.551                 ,                     ,                    , [1.551]                                                                            , 11.61            , 0.432          , -26.9                    ,             167,           28,     240,     70,            ,    73,    43,         ,        ,         8,        ,        60,        ,         ,               ,              ,                ,                     ,                    
step1_upro_4state__free_everything                , calmar         ,          192, COMPLETE             ,                      , 0.5111249999999999    , 0.8314999999999999  , 0.6407499999999999 , "[1.889, -0.035, 0.725, 0.938]"                                                    , 10.86            , 0.448          , -24.26                   ,             197,           25,     260,     65,            ,    73,    50,         ,        ,         7,        ,        50,        ,         ,               ,              ,                ,                     ,                    
step1_upro_4state__free_everything                , calmar         ,          193, COMPLETE             ,                      , 0.531125              , 0.9445              , 0.8267500000000001 , "[1.854, -0.046, 0.71, 1.179]"                                                     , 13.79            , 0.477          , -28.9                    ,             159,           26,     260,     65,            ,    72,    46,         ,        ,         9,        ,        60,        ,         ,               ,              ,                ,                     ,                    
step1_upro_4state__free_everything                , calmar         ,          194, PRUNED               ,                      , 1.525                 ,                     ,                    , [1.525]                                                                            , 11.25            , 0.442          , -25.44                   ,             169,           27,     250,     65,            ,    73,    43,         ,        ,         7,        ,        55,        ,         ,               ,              ,                ,                     ,                    
step1_upro_4state__free_everything                , calmar         ,          195, REJECTED_BY_GUARDRAIL, defensive_state_floor, -1000.0               ,                     ,                    ,                                                                                    , 8.58             , 0.345          , -24.87                   ,             185,           23,     250,     65,            ,    72,    46,         ,        ,         8,        ,        50,        ,         ,               ,              ,                ,                     ,                    
step1_upro_4state__free_everything                , calmar         ,          196, PRUNED               ,                      , 1.407                 ,                     ,                    , [1.407]                                                                            , 13.12            , 0.555          , -23.65                   ,             137,           26,     230,     75,            ,    69,    41,         ,        ,        11,        ,        55,        ,         ,               ,              ,                ,                     ,                    
step1_upro_4state__free_everything                , calmar         ,          197, PRUNED               ,                      , 1.378                 ,                     ,                    , [1.378]                                                                            , 16.07            , 0.512          , -31.36                   ,             124,           27,     230,     75,            ,    72,    40,         ,        ,        10,        ,        75,        ,         ,               ,              ,                ,                     ,                    
step1_upro_4state__free_everything                , calmar         ,          198, PRUNED               ,                      , 1.476                 ,                     ,                    , [1.476]                                                                            , 12.45            , 0.526          , -23.66                   ,             186,           25,     230,     70,            ,    71,    45,         ,        ,         7,        ,        55,        ,         ,               ,              ,                ,                     ,                    
step1_upro_4state__free_everything                , calmar         ,          199, PRUNED               ,                      , 0.883                 ,                     ,                    , [0.883]                                                                            , 11.16            , 0.444          , -25.11                   ,             171,           26,     250,     60,            ,    74,    47,         ,        ,         8,        ,        55,        ,         ,               ,              ,                ,                     ,                    
step3_spxu_predatory_short__confirmed_locked      , calmar         ,            0, REJECTED_BY_GUARDRAIL, min_trades           , -1000.0               ,                     ,                    ,                                                                                    , -2.76            , -0.07          , -39.31                   ,              26,             ,        ,       ,            ,      ,      ,         ,        ,          ,        ,          ,      24,         ,               ,              ,                ,                     ,                    
step3_spxu_predatory_short__confirmed_locked      , calmar         ,            1, COMPLETE             ,                      , -0.051250000000000004 , -0.0105             , 0.0815             , "[0, -0.021, 0.02, -0.243]"                                                        , -2.73            , -0.068         , -40.14                   ,              38,             ,        ,       ,            ,      ,      ,         ,        ,          ,        ,          ,      39,         ,               ,              ,                ,                     ,                    
step3_spxu_predatory_short__confirmed_locked      , calmar         ,            2, COMPLETE             ,                      , -0.146375             , -0.1                , 0.09275            , "[0, -0.122, -0.078, -0.239]"                                                      , -3.13            , -0.079         , -39.66                   ,              32,             ,        ,       ,            ,      ,      ,         ,        ,          ,        ,          ,      34,         ,               ,              ,                ,                     ,                    
step3_spxu_predatory_short__confirmed_locked      , calmar         ,            3, COMPLETE             ,                      , -0.212625             , -0.17149999999999999, 0.08225000000000002, "[0, -0.149, -0.194, -0.194]"                                                      , -3.05            , -0.078         , -39.32                   ,              28,             ,        ,       ,            ,      ,      ,         ,        ,          ,        ,          ,      30,         ,               ,              ,                ,                     ,                    
step3_spxu_predatory_short__confirmed_locked      , calmar         ,            4, REJECTED_BY_GUARDRAIL, min_trades           , -1000.0               ,                     ,                    ,                                                                                    , -3.62            , -0.092         , -39.32                   ,              26,             ,        ,       ,            ,      ,      ,         ,        ,          ,        ,          ,      19,         ,               ,              ,                ,                     ,                    
step3_spxu_predatory_short__confirmed_locked      , calmar         ,            5, REJECTED_BY_GUARDRAIL, min_trades           , -1000.0               ,                     ,                    ,                                                                                    , -3.62            , -0.092         , -39.32                   ,              26,             ,        ,       ,            ,      ,      ,         ,        ,          ,        ,          ,      19,         ,               ,              ,                ,                     ,                    
step3_spxu_predatory_short__confirmed_locked      , calmar         ,            6, REJECTED_BY_GUARDRAIL, min_trades           , -1000.0               ,                     ,                    ,                                                                                    , -4.09            , -0.104         , -39.38                   ,              26,             ,        ,       ,            ,      ,      ,         ,        ,          ,        ,          ,      16,         ,               ,              ,                ,                     ,                    
step3_spxu_predatory_short__confirmed_locked      , calmar         ,            7, COMPLETE             ,                      , -0.05075              , -0.0105             , 0.0805             , "[0, -0.021, 0.02, -0.239]"                                                        , -2.66            , -0.067         , -39.66                   ,              36,             ,        ,       ,            ,      ,      ,         ,        ,          ,        ,          ,      37,         ,               ,              ,                ,                     ,                    
step3_spxu_predatory_short__confirmed_locked      , calmar         ,            8, COMPLETE             ,                      , -0.212625             , -0.17149999999999999, 0.08225000000000002, "[0, -0.149, -0.194, -0.194]"                                                      , -3.05            , -0.078         , -39.32                   ,              28,             ,        ,       ,            ,      ,      ,         ,        ,          ,        ,          ,      30,         ,               ,              ,                ,                     ,                    
step3_spxu_predatory_short__confirmed_locked      , calmar         ,            9, COMPLETE             ,                      , -0.144625             , -0.1                , 0.08925            , "[0, -0.122, -0.078, -0.225]"                                                      , -2.97            , -0.075         , -39.66                   ,              30,             ,        ,       ,            ,      ,      ,         ,        ,          ,        ,          ,      33,         ,               ,              ,                ,                     ,                    
step3_spxu_predatory_short__confirmed_locked      , calmar         ,           10, COMPLETE             ,                      , -0.051250000000000004 , -0.0105             , 0.0815             , "[0, -0.021, 0.02, -0.243]"                                                        , -2.73            , -0.068         , -40.14                   ,              38,             ,        ,       ,            ,      ,      ,         ,        ,          ,        ,          ,      40,         ,               ,              ,                ,                     ,                    
step3_spxu_predatory_short__confirmed_locked      , calmar         ,           11, COMPLETE             ,                      , -0.051250000000000004 , -0.0105             , 0.0815             , "[0, -0.021, 0.02, -0.243]"                                                        , -2.73            , -0.068         , -40.14                   ,              38,             ,        ,       ,            ,      ,      ,         ,        ,          ,        ,          ,      39,         ,               ,              ,                ,                     ,                    
step3_spxu_predatory_short__confirmed_locked      , calmar         ,           12, COMPLETE             ,                      , -0.146375             , -0.1                , 0.09275            , "[0, -0.122, -0.078, -0.239]"                                                      , -3.13            , -0.079         , -39.66                   ,              32,             ,        ,       ,            ,      ,      ,         ,        ,          ,        ,          ,      36,         ,               ,              ,                ,                     ,                    
step3_spxu_predatory_short__confirmed_locked      , calmar         ,           13, COMPLETE             ,                      , -0.05075              , -0.0105             , 0.0805             , "[0, -0.021, 0.02, -0.239]"                                                        , -2.66            , -0.067         , -39.66                   ,              36,             ,        ,       ,            ,      ,      ,         ,        ,          ,        ,          ,      37,         ,               ,              ,                ,                     ,                    
step3_spxu_predatory_short__confirmed_locked      , calmar         ,           14, COMPLETE             ,                      , -0.21375              , -0.17149999999999999, 0.08450000000000002, "[0, -0.149, -0.203, -0.194]"                                                      , -3.1             , -0.079         , -39.32                   ,              28,             ,        ,       ,            ,      ,      ,         ,        ,          ,        ,          ,      29,         ,               ,              ,                ,                     ,                    
step3_spxu_predatory_short__confirmed_locked      , calmar         ,           15, COMPLETE             ,                      , -0.146375             , -0.1                , 0.09275            , "[0, -0.122, -0.078, -0.239]"                                                      , -3.13            , -0.079         , -39.66                   ,              32,             ,        ,       ,            ,      ,      ,         ,        ,          ,        ,          ,      36,         ,               ,              ,                ,                     ,                    
step3_spxu_predatory_short__confirmed_locked      , calmar         ,           16, COMPLETE             ,                      , -0.146375             , -0.1                , 0.09275            , "[0, -0.122, -0.078, -0.239]"                                                      , -3.13            , -0.079         , -39.66                   ,              32,             ,        ,       ,            ,      ,      ,         ,        ,          ,        ,          ,      36,         ,               ,              ,                ,                     ,                    
step3_spxu_predatory_short__confirmed_locked      , calmar         ,           17, REJECTED_BY_GUARDRAIL, min_trades           , -1000.0               ,                     ,                    ,                                                                                    , -2.36            , -0.06          , -39.31                   ,              26,             ,        ,       ,            ,      ,      ,         ,        ,          ,        ,          ,      26,         ,               ,              ,                ,                     ,                    
step3_spxu_predatory_short__confirmed_locked      , calmar         ,           18, COMPLETE             ,                      , -0.144625             , -0.1                , 0.08925            , "[0, -0.122, -0.078, -0.225]"                                                      , -2.97            , -0.075         , -39.66                   ,              30,             ,        ,       ,            ,      ,      ,         ,        ,          ,        ,          ,      33,         ,               ,              ,                ,                     ,                    
step3_spxu_predatory_short__confirmed_locked      , calmar         ,           19, COMPLETE             ,                      , -0.146375             , -0.1                , 0.09275            , "[0, -0.122, -0.078, -0.239]"                                                      , -3.13            , -0.079         , -39.66                   ,              32,             ,        ,       ,            ,      ,      ,         ,        ,          ,        ,          ,      36,         ,               ,              ,                ,                     ,                    
step3_spxu_predatory_short__confirmed_locked      , calmar         ,           20, COMPLETE             ,                      , -0.051250000000000004 , -0.0105             , 0.0815             , "[0, -0.021, 0.02, -0.243]"                                                        , -2.73            , -0.068         , -40.14                   ,              38,             ,        ,       ,            ,      ,      ,         ,        ,          ,        ,          ,      38,         ,               ,              ,                ,                     ,                    
step3_spxu_predatory_short__confirmed_locked      , calmar         ,           21, COMPLETE             ,                      , -0.051250000000000004 , -0.0105             , 0.0815             , "[0, -0.021, 0.02, -0.243]"                                                        , -2.73            , -0.068         , -40.14                   ,              38,             ,        ,       ,            ,      ,      ,         ,        ,          ,        ,          ,      39,         ,               ,              ,                ,                     ,                    
step3_spxu_predatory_short__confirmed_locked      , calmar         ,           22, COMPLETE             ,                      , -0.051250000000000004 , -0.0105             , 0.0815             , "[0, -0.021, 0.02, -0.243]"                                                        , -2.73            , -0.068         , -40.14                   ,              38,             ,        ,       ,            ,      ,      ,         ,        ,          ,        ,          ,      40,         ,               ,              ,                ,                     ,                    
step3_spxu_predatory_short__confirmed_locked      , calmar         ,           23, COMPLETE             ,                      , -0.146375             , -0.1                , 0.09275            , "[0, -0.122, -0.078, -0.239]"                                                      , -3.13            , -0.079         , -39.66                   ,              32,             ,        ,       ,            ,      ,      ,         ,        ,          ,        ,          ,      34,         ,               ,              ,                ,                     ,                    
step3_spxu_predatory_short__confirmed_locked      , calmar         ,           24, COMPLETE             ,                      , -0.05075              , -0.0105             , 0.0805             , "[0, -0.021, 0.02, -0.239]"                                                        , -2.66            , -0.067         , -39.66                   ,              36,             ,        ,       ,            ,      ,      ,         ,        ,          ,        ,          ,      37,         ,               ,              ,                ,                     ,                    
step3_spxu_predatory_short__confirmed_locked      , calmar         ,           25, COMPLETE             ,                      , -0.144625             , -0.1                , 0.08925            , "[0, -0.122, -0.078, -0.225]"                                                      , -2.97            , -0.075         , -39.66                   ,              30,             ,        ,       ,            ,      ,      ,         ,        ,          ,        ,          ,      32,         ,               ,              ,                ,                     ,                    
step3_spxu_predatory_short__confirmed_locked      , calmar         ,           26, COMPLETE             ,                      , -0.05075              , -0.0105             , 0.0805             , "[0, -0.021, 0.02, -0.239]"                                                        , -2.66            , -0.067         , -39.66                   ,              36,             ,        ,       ,            ,      ,      ,         ,        ,          ,        ,          ,      37,         ,               ,              ,                ,                     ,                    
step3_spxu_predatory_short__confirmed_locked      , calmar         ,           27, COMPLETE             ,                      , -0.146375             , -0.1                , 0.09275            , "[0, -0.122, -0.078, -0.239]"                                                      , -3.13            , -0.079         , -39.66                   ,              32,             ,        ,       ,            ,      ,      ,         ,        ,          ,        ,          ,      35,         ,               ,              ,                ,                     ,                    
step3_spxu_predatory_short__confirmed_locked      , calmar         ,           28, COMPLETE             ,                      , -0.14075000000000001  , -0.1                , 0.08150000000000002, "[0, -0.122, -0.078, -0.194]"                                                      , -2.6             , -0.066         , -39.31                   ,              28,             ,        ,       ,            ,      ,      ,         ,        ,          ,        ,          ,      31,         ,               ,              ,                ,                     ,                    
step3_spxu_predatory_short__confirmed_locked      , calmar         ,           29, COMPLETE             ,                      , -0.1695               , -0.134              , 0.07100000000000001, "[0, -0.149, -0.119, -0.194]"                                                      , -2.87            , -0.073         , -39.31                   ,              28,             ,        ,       ,            ,      ,      ,         ,        ,          ,        ,          ,      28,         ,               ,              ,                ,                     ,                    
step3_spxu_predatory_short__confirmed_locked      , calmar         ,           30, COMPLETE             ,                      , -0.051250000000000004 , -0.0105             , 0.0815             , "[0, -0.021, 0.02, -0.243]"                                                        , -2.73            , -0.068         , -40.14                   ,              38,             ,        ,       ,            ,      ,      ,         ,        ,          ,        ,          ,      38,         ,               ,              ,                ,                     ,                    
step3_spxu_predatory_short__confirmed_locked      , calmar         ,           31, COMPLETE             ,                      , -0.05075              , -0.0105             , 0.0805             , "[0, -0.021, 0.02, -0.239]"                                                        , -2.66            , -0.067         , -39.66                   ,              36,             ,        ,       ,            ,      ,      ,         ,        ,          ,        ,          ,      37,         ,               ,              ,                ,                     ,                    
step3_spxu_predatory_short__confirmed_locked      , calmar         ,           32, COMPLETE             ,                      , -0.05075              , -0.0105             , 0.0805             , "[0, -0.021, 0.02, -0.239]"                                                        , -2.66            , -0.067         , -39.66                   ,              36,             ,        ,       ,            ,      ,      ,         ,        ,          ,        ,          ,      37,         ,               ,              ,                ,                     ,                    
step3_spxu_predatory_short__confirmed_locked      , calmar         ,           33, COMPLETE             ,                      , -0.146375             , -0.1                , 0.09275            , "[0, -0.122, -0.078, -0.239]"                                                      , -3.13            , -0.079         , -39.66                   ,              32,             ,        ,       ,            ,      ,      ,         ,        ,          ,        ,          ,      35,         ,               ,              ,                ,                     ,                    
step3_spxu_predatory_short__confirmed_locked      , calmar         ,           34, COMPLETE             ,                      , -0.051250000000000004 , -0.0105             , 0.0815             , "[0, -0.021, 0.02, -0.243]"                                                        , -2.73            , -0.068         , -40.14                   ,              38,             ,        ,       ,            ,      ,      ,         ,        ,          ,        ,          ,      38,         ,               ,              ,                ,                     ,                    
step3_spxu_predatory_short__confirmed_locked      , calmar         ,           35, COMPLETE             ,                      , -0.146375             , -0.1                , 0.09275            , "[0, -0.122, -0.078, -0.239]"                                                      , -3.13            , -0.079         , -39.66                   ,              32,             ,        ,       ,            ,      ,      ,         ,        ,          ,        ,          ,      34,         ,               ,              ,                ,                     ,                    
step3_spxu_predatory_short__confirmed_locked      , calmar         ,           36, COMPLETE             ,                      , -0.051250000000000004 , -0.0105             , 0.0815             , "[0, -0.021, 0.02, -0.243]"                                                        , -2.73            , -0.068         , -40.14                   ,              38,             ,        ,       ,            ,      ,      ,         ,        ,          ,        ,          ,      40,         ,               ,              ,                ,                     ,                    
step3_spxu_predatory_short__confirmed_locked      , calmar         ,           37, COMPLETE             ,                      , -0.144625             , -0.1                , 0.08925            , "[0, -0.122, -0.078, -0.225]"                                                      , -2.97            , -0.075         , -39.66                   ,              30,             ,        ,       ,            ,      ,      ,         ,        ,          ,        ,          ,      32,         ,               ,              ,                ,                     ,                    
step3_spxu_predatory_short__confirmed_locked      , calmar         ,           38, REJECTED_BY_GUARDRAIL, min_trades           , -1000.0               ,                     ,                    ,                                                                                    , -3.24            , -0.082         , -39.32                   ,              26,             ,        ,       ,            ,      ,      ,         ,        ,          ,        ,          ,      21,         ,               ,              ,                ,                     ,                    
step3_spxu_predatory_short__confirmed_locked      , calmar         ,           39, COMPLETE             ,                      , -0.05075              , -0.0105             , 0.0805             , "[0, -0.021, 0.02, -0.239]"                                                        , -2.66            , -0.067         , -39.66                   ,              36,             ,        ,       ,            ,      ,      ,         ,        ,          ,        ,          ,      37,         ,               ,              ,                ,                     ,                    
step3_spxu_predatory_short__confirmed_locked      , calmar         ,           40, COMPLETE             ,                      , -0.146375             , -0.1                , 0.09275            , "[0, -0.122, -0.078, -0.239]"                                                      , -3.13            , -0.079         , -39.66                   ,              32,             ,        ,       ,            ,      ,      ,         ,        ,          ,        ,          ,      35,         ,               ,              ,                ,                     ,                    
step3_spxu_predatory_short__confirmed_locked      , calmar         ,           41, COMPLETE             ,                      , -0.05075              , -0.0105             , 0.0805             , "[0, -0.021, 0.02, -0.239]"                                                        , -2.66            , -0.067         , -39.66                   ,              36,             ,        ,       ,            ,      ,      ,         ,        ,          ,        ,          ,      37,         ,               ,              ,                ,                     ,                    
step3_spxu_predatory_short__confirmed_locked      , calmar         ,           42, COMPLETE             ,                      , -0.051250000000000004 , -0.0105             , 0.0815             , "[0, -0.021, 0.02, -0.243]"                                                        , -2.73            , -0.068         , -40.14                   ,              38,             ,        ,       ,            ,      ,      ,         ,        ,          ,        ,          ,      38,         ,               ,              ,                ,                     ,                    
step3_spxu_predatory_short__confirmed_locked      , calmar         ,           43, COMPLETE             ,                      , -0.051250000000000004 , -0.0105             , 0.0815             , "[0, -0.021, 0.02, -0.243]"                                                        , -2.73            , -0.068         , -40.14                   ,              38,             ,        ,       ,            ,      ,      ,         ,        ,          ,        ,          ,      39,         ,               ,              ,                ,                     ,                    
step3_spxu_predatory_short__confirmed_locked      , calmar         ,           44, COMPLETE             ,                      , -0.144625             , -0.1                , 0.08925            , "[0, -0.122, -0.078, -0.225]"                                                      , -2.97            , -0.075         , -39.66                   ,              30,             ,        ,       ,            ,      ,      ,         ,        ,          ,        ,          ,      33,         ,               ,              ,                ,                     ,                    
step3_spxu_predatory_short__confirmed_locked      , calmar         ,           45, COMPLETE             ,                      , -0.146375             , -0.1                , 0.09275            , "[0, -0.122, -0.078, -0.239]"                                                      , -3.13            , -0.079         , -39.66                   ,              32,             ,        ,       ,            ,      ,      ,         ,        ,          ,        ,          ,      34,         ,               ,              ,                ,                     ,                    
step3_spxu_predatory_short__confirmed_locked      , calmar         ,           46, COMPLETE             ,                      , -0.051250000000000004 , -0.0105             , 0.0815             , "[0, -0.021, 0.02, -0.243]"                                                        , -2.73            , -0.068         , -40.14                   ,              38,             ,        ,       ,            ,      ,      ,         ,        ,          ,        ,          ,      39,         ,               ,              ,                ,                     ,                    
step3_spxu_predatory_short__confirmed_locked      , calmar         ,           47, COMPLETE             ,                      , -0.05075              , -0.0105             , 0.0805             , "[0, -0.021, 0.02, -0.239]"                                                        , -2.66            , -0.067         , -39.66                   ,              36,             ,        ,       ,            ,      ,      ,         ,        ,          ,        ,          ,      37,         ,               ,              ,                ,                     ,                    
step3_spxu_predatory_short__confirmed_locked      , calmar         ,           48, COMPLETE             ,                      , -0.146375             , -0.1                , 0.09275            , "[0, -0.122, -0.078, -0.239]"                                                      , -3.13            , -0.079         , -39.66                   ,              32,             ,        ,       ,            ,      ,      ,         ,        ,          ,        ,          ,      36,         ,               ,              ,                ,                     ,                    
step3_spxu_predatory_short__confirmed_locked      , calmar         ,           49, COMPLETE             ,                      , -0.051250000000000004 , -0.0105             , 0.0815             , "[0, -0.021, 0.02, -0.243]"                                                        , -2.73            , -0.068         , -40.14                   ,              38,             ,        ,       ,            ,      ,      ,         ,        ,          ,        ,          ,      40,         ,               ,              ,                ,                     ,                    
step3_spxu_predatory_short__confirmed_locked      , calmar         ,           50, COMPLETE             ,                      , -0.146375             , -0.1                , 0.09275            , "[0, -0.122, -0.078, -0.239]"                                                      , -3.13            , -0.079         , -39.66                   ,              32,             ,        ,       ,            ,      ,      ,         ,        ,          ,        ,          ,      35,         ,               ,              ,                ,                     ,                    
step3_spxu_predatory_short__confirmed_locked      , calmar         ,           51, COMPLETE             ,                      , -0.05075              , -0.0105             , 0.0805             , "[0, -0.021, 0.02, -0.239]"                                                        , -2.66            , -0.067         , -39.66                   ,              36,             ,        ,       ,            ,      ,      ,         ,        ,          ,        ,          ,      37,         ,               ,              ,                ,                     ,                    
step3_spxu_predatory_short__confirmed_locked      , calmar         ,           52, COMPLETE             ,                      , -0.05075              , -0.0105             , 0.0805             , "[0, -0.021, 0.02, -0.239]"                                                        , -2.66            , -0.067         , -39.66                   ,              36,             ,        ,       ,            ,      ,      ,         ,        ,          ,        ,          ,      37,         ,               ,              ,                ,                     ,                    
step3_spxu_predatory_short__confirmed_locked      , calmar         ,           53, COMPLETE             ,                      , -0.051250000000000004 , -0.0105             , 0.0815             , "[0, -0.021, 0.02, -0.243]"                                                        , -2.73            , -0.068         , -40.14                   ,              38,             ,        ,       ,            ,      ,      ,         ,        ,          ,        ,          ,      38,         ,               ,              ,                ,                     ,                    
step3_spxu_predatory_short__confirmed_locked      , calmar         ,           54, PRUNED               ,                      , -0.078                ,                     ,                    , "[0, -0.122, -0.078]"                                                              , -3.13            , -0.079         , -39.66                   ,              32,             ,        ,       ,            ,      ,      ,         ,        ,          ,        ,          ,      36,         ,               ,              ,                ,                     ,                    
step3_spxu_predatory_short__confirmed_locked      , calmar         ,           55, PRUNED               ,                      , -0.078                ,                     ,                    , "[0, -0.122, -0.078]"                                                              , -3.13            , -0.079         , -39.66                   ,              32,             ,        ,       ,            ,      ,      ,         ,        ,          ,        ,          ,      35,         ,               ,              ,                ,                     ,                    
step3_spxu_predatory_short__confirmed_locked      , calmar         ,           56, COMPLETE             ,                      , -0.051250000000000004 , -0.0105             , 0.0815             , "[0, -0.021, 0.02, -0.243]"                                                        , -2.73            , -0.068         , -40.14                   ,              38,             ,        ,       ,            ,      ,      ,         ,        ,          ,        ,          ,      39,         ,               ,              ,                ,                     ,                    
step3_spxu_predatory_short__confirmed_locked      , calmar         ,           57, REJECTED_BY_GUARDRAIL, min_trades           , -1000.0               ,                     ,                    ,                                                                                    , -4.09            , -0.104         , -39.38                   ,              26,             ,        ,       ,            ,      ,      ,         ,        ,          ,        ,          ,      17,         ,               ,              ,                ,                     ,                    
step3_spxu_predatory_short__confirmed_locked      , calmar         ,           58, PRUNED               ,                      , -0.078                ,                     ,                    , "[0, -0.122, -0.078]"                                                              , -2.97            , -0.075         , -39.66                   ,              30,             ,        ,       ,            ,      ,      ,         ,        ,          ,        ,          ,      33,         ,               ,              ,                ,                     ,                    
step3_spxu_predatory_short__confirmed_locked      , calmar         ,           59, PRUNED               ,                      , -0.078                ,                     ,                    , "[0, -0.122, -0.078]"                                                              , -3.13            , -0.079         , -39.66                   ,              32,             ,        ,       ,            ,      ,      ,         ,        ,          ,        ,          ,      36,         ,               ,              ,                ,                     ,                    
step3_spxu_predatory_short__confirmed_locked      , calmar         ,           60, COMPLETE             ,                      , -0.051250000000000004 , -0.0105             , 0.0815             , "[0, -0.021, 0.02, -0.243]"                                                        , -2.73            , -0.068         , -40.14                   ,              38,             ,        ,       ,            ,      ,      ,         ,        ,          ,        ,          ,      38,         ,               ,              ,                ,                     ,                    
step3_spxu_predatory_short__confirmed_locked      , calmar         ,           61, COMPLETE             ,                      , -0.05075              , -0.0105             , 0.0805             , "[0, -0.021, 0.02, -0.239]"                                                        , -2.66            , -0.067         , -39.66                   ,              36,             ,        ,       ,            ,      ,      ,         ,        ,          ,        ,          ,      37,         ,               ,              ,                ,                     ,                    
step3_spxu_predatory_short__confirmed_locked      , calmar         ,           62, COMPLETE             ,                      , -0.05075              , -0.0105             , 0.0805             , "[0, -0.021, 0.02, -0.239]"                                                        , -2.66            , -0.067         , -39.66                   ,              36,             ,        ,       ,            ,      ,      ,         ,        ,          ,        ,          ,      37,         ,               ,              ,                ,                     ,                    
step3_spxu_predatory_short__confirmed_locked      , calmar         ,           63, COMPLETE             ,                      , -0.051250000000000004 , -0.0105             , 0.0815             , "[0, -0.021, 0.02, -0.243]"                                                        , -2.73            , -0.068         , -40.14                   ,              38,             ,        ,       ,            ,      ,      ,         ,        ,          ,        ,          ,      40,         ,               ,              ,                ,                     ,                    
step3_spxu_predatory_short__confirmed_locked      , calmar         ,           64, PRUNED               ,                      , -0.078                ,                     ,                    , "[0, -0.122, -0.078]"                                                              , -3.13            , -0.079         , -39.66                   ,              32,             ,        ,       ,            ,      ,      ,         ,        ,          ,        ,          ,      36,         ,               ,              ,                ,                     ,                    
step3_spxu_predatory_short__confirmed_locked      , calmar         ,           65, PRUNED               ,                      , -0.078                ,                     ,                    , "[0, -0.122, -0.078]"                                                              , -3.13            , -0.079         , -39.66                   ,              32,             ,        ,       ,            ,      ,      ,         ,        ,          ,        ,          ,      34,         ,               ,              ,                ,                     ,                    
step3_spxu_predatory_short__confirmed_locked      , calmar         ,           66, COMPLETE             ,                      , -0.051250000000000004 , -0.0105             , 0.0815             , "[0, -0.021, 0.02, -0.243]"                                                        , -2.73            , -0.068         , -40.14                   ,              38,             ,        ,       ,            ,      ,      ,         ,        ,          ,        ,          ,      39,         ,               ,              ,                ,                     ,                    
step3_spxu_predatory_short__confirmed_locked      , calmar         ,           67, PRUNED               ,                      , -0.078                ,                     ,                    , "[0, -0.122, -0.078]"                                                              , -3.13            , -0.079         , -39.66                   ,              32,             ,        ,       ,            ,      ,      ,         ,        ,          ,        ,          ,      35,         ,               ,              ,                ,                     ,                    
step3_spxu_predatory_short__confirmed_locked      , calmar         ,           68, PRUNED               ,                      , -0.078                ,                     ,                    , "[0, -0.122, -0.078]"                                                              , -2.97            , -0.075         , -39.66                   ,              30,             ,        ,       ,            ,      ,      ,         ,        ,          ,        ,          ,      32,         ,               ,              ,                ,                     ,                    
step3_spxu_predatory_short__confirmed_locked      , calmar         ,           69, COMPLETE             ,                      , -0.051250000000000004 , -0.0105             , 0.0815             , "[0, -0.021, 0.02, -0.243]"                                                        , -2.73            , -0.068         , -40.14                   ,              38,             ,        ,       ,            ,      ,      ,         ,        ,          ,        ,          ,      38,         ,               ,              ,                ,                     ,                    
step3_spxu_predatory_short__confirmed_locked      , calmar         ,           70, REJECTED_BY_GUARDRAIL, min_trades           , -1000.0               ,                     ,                    ,                                                                                    , -3.26            , -0.083         , -39.32                   ,              26,             ,        ,       ,            ,      ,      ,         ,        ,          ,        ,          ,      23,         ,               ,              ,                ,                     ,                    
step3_spxu_predatory_short__confirmed_locked      , calmar         ,           71, COMPLETE             ,                      , -0.05075              , -0.0105             , 0.0805             , "[0, -0.021, 0.02, -0.239]"                                                        , -2.66            , -0.067         , -39.66                   ,              36,             ,        ,       ,            ,      ,      ,         ,        ,          ,        ,          ,      37,         ,               ,              ,                ,                     ,                    
step3_spxu_predatory_short__confirmed_locked      , calmar         ,           72, COMPLETE             ,                      , -0.05075              , -0.0105             , 0.0805             , "[0, -0.021, 0.02, -0.239]"                                                        , -2.66            , -0.067         , -39.66                   ,              36,             ,        ,       ,            ,      ,      ,         ,        ,          ,        ,          ,      37,         ,               ,              ,                ,                     ,                    
step3_spxu_predatory_short__confirmed_locked      , calmar         ,           73, PRUNED               ,                      , -0.078                ,                     ,                    , "[0, -0.122, -0.078]"                                                              , -3.13            , -0.079         , -39.66                   ,              32,             ,        ,       ,            ,      ,      ,         ,        ,          ,        ,          ,      36,         ,               ,              ,                ,                     ,                    
step3_spxu_predatory_short__confirmed_locked      , calmar         ,           74, COMPLETE             ,                      , -0.051250000000000004 , -0.0105             , 0.0815             , "[0, -0.021, 0.02, -0.243]"                                                        , -2.73            , -0.068         , -40.14                   ,              38,             ,        ,       ,            ,      ,      ,         ,        ,          ,        ,          ,      38,         ,               ,              ,                ,                     ,                    
step3_spxu_predatory_short__confirmed_locked      , calmar         ,           75, PRUNED               ,                      , -0.078                ,                     ,                    , "[0, -0.122, -0.078]"                                                              , -3.13            , -0.079         , -39.66                   ,              32,             ,        ,       ,            ,      ,      ,         ,        ,          ,        ,          ,      34,         ,               ,              ,                ,                     ,                    
step3_spxu_predatory_short__confirmed_locked      , calmar         ,           76, COMPLETE             ,                      , -0.051250000000000004 , -0.0105             , 0.0815             , "[0, -0.021, 0.02, -0.243]"                                                        , -2.73            , -0.068         , -40.14                   ,              38,             ,        ,       ,            ,      ,      ,         ,        ,          ,        ,          ,      39,         ,               ,              ,                ,                     ,                    
step3_spxu_predatory_short__confirmed_locked      , calmar         ,           77, PRUNED               ,                      , -0.078                ,                     ,                    , "[0, -0.122, -0.078]"                                                              , -3.13            , -0.079         , -39.66                   ,              32,             ,        ,       ,            ,      ,      ,         ,        ,          ,        ,          ,      36,         ,               ,              ,                ,                     ,                    
step3_spxu_predatory_short__confirmed_locked      , calmar         ,           78, PRUNED               ,                      , -0.078                ,                     ,                    , "[0, -0.122, -0.078]"                                                              , -3.13            , -0.079         , -39.66                   ,              32,             ,        ,       ,            ,      ,      ,         ,        ,          ,        ,          ,      35,         ,               ,              ,                ,                     ,                    
step3_spxu_predatory_short__confirmed_locked      , calmar         ,           79, COMPLETE             ,                      , -0.05075              , -0.0105             , 0.0805             , "[0, -0.021, 0.02, -0.239]"                                                        , -2.66            , -0.067         , -39.66                   ,              36,             ,        ,       ,            ,      ,      ,         ,        ,          ,        ,          ,      37,         ,               ,              ,                ,                     ,                    
step3_spxu_predatory_short__confirmed_locked      , calmar         ,           80, COMPLETE             ,                      , -0.051250000000000004 , -0.0105             , 0.0815             , "[0, -0.021, 0.02, -0.243]"                                                        , -2.73            , -0.068         , -40.14                   ,              38,             ,        ,       ,            ,      ,      ,         ,        ,          ,        ,          ,      40,         ,               ,              ,                ,                     ,                    
step3_spxu_predatory_short__confirmed_locked      , calmar         ,           81, COMPLETE             ,                      , -0.05075              , -0.0105             , 0.0805             , "[0, -0.021, 0.02, -0.239]"                                                        , -2.66            , -0.067         , -39.66                   ,              36,             ,        ,       ,            ,      ,      ,         ,        ,          ,        ,          ,      37,         ,               ,              ,                ,                     ,                    
step3_spxu_predatory_short__confirmed_locked      , calmar         ,           82, COMPLETE             ,                      , -0.051250000000000004 , -0.0105             , 0.0815             , "[0, -0.021, 0.02, -0.243]"                                                        , -2.73            , -0.068         , -40.14                   ,              38,             ,        ,       ,            ,      ,      ,         ,        ,          ,        ,          ,      38,         ,               ,              ,                ,                     ,                    
step3_spxu_predatory_short__confirmed_locked      , calmar         ,           83, COMPLETE             ,                      , -0.051250000000000004 , -0.0105             , 0.0815             , "[0, -0.021, 0.02, -0.243]"                                                        , -2.73            , -0.068         , -40.14                   ,              38,             ,        ,       ,            ,      ,      ,         ,        ,          ,        ,          ,      39,         ,               ,              ,                ,                     ,                    
step3_spxu_predatory_short__confirmed_locked      , calmar         ,           84, COMPLETE             ,                      , -0.05075              , -0.0105             , 0.0805             , "[0, -0.021, 0.02, -0.239]"                                                        , -2.66            , -0.067         , -39.66                   ,              36,             ,        ,       ,            ,      ,      ,         ,        ,          ,        ,          ,      37,         ,               ,              ,                ,                     ,                    
step3_spxu_predatory_short__confirmed_locked      , calmar         ,           85, PRUNED               ,                      , -0.078                ,                     ,                    , "[0, -0.122, -0.078]"                                                              , -3.13            , -0.079         , -39.66                   ,              32,             ,        ,       ,            ,      ,      ,         ,        ,          ,        ,          ,      35,         ,               ,              ,                ,                     ,                    
step3_spxu_predatory_short__confirmed_locked      , calmar         ,           86, PRUNED               ,                      , -0.078                ,                     ,                    , "[0, -0.122, -0.078]"                                                              , -3.13            , -0.079         , -39.66                   ,              32,             ,        ,       ,            ,      ,      ,         ,        ,          ,        ,          ,      36,         ,               ,              ,                ,                     ,                    
step3_spxu_predatory_short__confirmed_locked      , calmar         ,           87, COMPLETE             ,                      , -0.051250000000000004 , -0.0105             , 0.0815             , "[0, -0.021, 0.02, -0.243]"                                                        , -2.73            , -0.068         , -40.14                   ,              38,             ,        ,       ,            ,      ,      ,         ,        ,          ,        ,          ,      38,         ,               ,              ,                ,                     ,                    
step3_spxu_predatory_short__confirmed_locked      , calmar         ,           88, PRUNED               ,                      , -0.078                ,                     ,                    , "[0, -0.122, -0.078]"                                                              , -3.13            , -0.079         , -39.66                   ,              32,             ,        ,       ,            ,      ,      ,         ,        ,          ,        ,          ,      34,         ,               ,              ,                ,                     ,                    
step3_spxu_predatory_short__confirmed_locked      , calmar         ,           89, COMPLETE             ,                      , -0.051250000000000004 , -0.0105             , 0.0815             , "[0, -0.021, 0.02, -0.243]"                                                        , -2.73            , -0.068         , -40.14                   ,              38,             ,        ,       ,            ,      ,      ,         ,        ,          ,        ,          ,      38,         ,               ,              ,                ,                     ,                    
step3_spxu_predatory_short__confirmed_locked      , calmar         ,           90, COMPLETE             ,                      , -0.05075              , -0.0105             , 0.0805             , "[0, -0.021, 0.02, -0.239]"                                                        , -2.66            , -0.067         , -39.66                   ,              36,             ,        ,       ,            ,      ,      ,         ,        ,          ,        ,          ,      37,         ,               ,              ,                ,                     ,                    
step3_spxu_predatory_short__confirmed_locked      , calmar         ,           91, COMPLETE             ,                      , -0.05075              , -0.0105             , 0.0805             , "[0, -0.021, 0.02, -0.239]"                                                        , -2.66            , -0.067         , -39.66                   ,              36,             ,        ,       ,            ,      ,      ,         ,        ,          ,        ,          ,      37,         ,               ,              ,                ,                     ,                    
step3_spxu_predatory_short__confirmed_locked      , calmar         ,           92, COMPLETE             ,                      , -0.051250000000000004 , -0.0105             , 0.0815             , "[0, -0.021, 0.02, -0.243]"                                                        , -2.73            , -0.068         , -40.14                   ,              38,             ,        ,       ,            ,      ,      ,         ,        ,          ,        ,          ,      39,         ,               ,              ,                ,                     ,                    
step3_spxu_predatory_short__confirmed_locked      , calmar         ,           93, PRUNED               ,                      , -0.078                ,                     ,                    , "[0, -0.122, -0.078]"                                                              , -3.13            , -0.079         , -39.66                   ,              32,             ,        ,       ,            ,      ,      ,         ,        ,          ,        ,          ,      36,         ,               ,              ,                ,                     ,                    
step3_spxu_predatory_short__confirmed_locked      , calmar         ,           94, PRUNED               ,                      , -0.078                ,                     ,                    , "[0, -0.122, -0.078]"                                                              , -3.13            , -0.079         , -39.66                   ,              32,             ,        ,       ,            ,      ,      ,         ,        ,          ,        ,          ,      35,         ,               ,              ,                ,                     ,                    
step3_spxu_predatory_short__confirmed_locked      , calmar         ,           95, COMPLETE             ,                      , -0.051250000000000004 , -0.0105             , 0.0815             , "[0, -0.021, 0.02, -0.243]"                                                        , -2.73            , -0.068         , -40.14                   ,              38,             ,        ,       ,            ,      ,      ,         ,        ,          ,        ,          ,      39,         ,               ,              ,                ,                     ,                    
step3_spxu_predatory_short__confirmed_locked      , calmar         ,           96, COMPLETE             ,                      , -0.05075              , -0.0105             , 0.0805             , "[0, -0.021, 0.02, -0.239]"                                                        , -2.66            , -0.067         , -39.66                   ,              36,             ,        ,       ,            ,      ,      ,         ,        ,          ,        ,          ,      37,         ,               ,              ,                ,                     ,                    
step3_spxu_predatory_short__confirmed_locked      , calmar         ,           97, PRUNED               ,                      , -0.078                ,                     ,                    , "[0, -0.122, -0.078]"                                                              , -3.13            , -0.079         , -39.66                   ,              32,             ,        ,       ,            ,      ,      ,         ,        ,          ,        ,          ,      36,         ,               ,              ,                ,                     ,                    
step3_spxu_predatory_short__confirmed_locked      , calmar         ,           98, COMPLETE             ,                      , -0.051250000000000004 , -0.0105             , 0.0815             , "[0, -0.021, 0.02, -0.243]"                                                        , -2.73            , -0.068         , -40.14                   ,              38,             ,        ,       ,            ,      ,      ,         ,        ,          ,        ,          ,      38,         ,               ,              ,                ,                     ,                    
step3_spxu_predatory_short__confirmed_locked      , calmar         ,           99, COMPLETE             ,                      , -0.051250000000000004 , -0.0105             , 0.0815             , "[0, -0.021, 0.02, -0.243]"                                                        , -2.73            , -0.068         , -40.14                   ,              38,             ,        ,       ,            ,      ,      ,         ,        ,          ,        ,          ,      40,         ,               ,              ,                ,                     ,                    
step3_spxu_predatory_short__confirmed_locked      , calmar         ,          100, PRUNED               ,                      , -0.078                ,                     ,                    , "[0, -0.122, -0.078]"                                                              , -3.13            , -0.079         , -39.66                   ,              32,             ,        ,       ,            ,      ,      ,         ,        ,          ,        ,          ,      36,         ,               ,              ,                ,                     ,                    
step3_spxu_predatory_short__confirmed_locked      , calmar         ,          101, COMPLETE             ,                      , -0.05075              , -0.0105             , 0.0805             , "[0, -0.021, 0.02, -0.239]"                                                        , -2.66            , -0.067         , -39.66                   ,              36,             ,        ,       ,            ,      ,      ,         ,        ,          ,        ,          ,      37,         ,               ,              ,                ,                     ,                    
step3_spxu_predatory_short__confirmed_locked      , calmar         ,          102, COMPLETE             ,                      , -0.05075              , -0.0105             , 0.0805             , "[0, -0.021, 0.02, -0.239]"                                                        , -2.66            , -0.067         , -39.66                   ,              36,             ,        ,       ,            ,      ,      ,         ,        ,          ,        ,          ,      37,         ,               ,              ,                ,                     ,                    
step3_spxu_predatory_short__confirmed_locked      , calmar         ,          103, COMPLETE             ,                      , -0.051250000000000004 , -0.0105             , 0.0815             , "[0, -0.021, 0.02, -0.243]"                                                        , -2.73            , -0.068         , -40.14                   ,              38,             ,        ,       ,            ,      ,      ,         ,        ,          ,        ,          ,      38,         ,               ,              ,                ,                     ,                    
step3_spxu_predatory_short__confirmed_locked      , calmar         ,          104, PRUNED               ,                      , -0.078                ,                     ,                    , "[0, -0.122, -0.078]"                                                              , -3.13            , -0.079         , -39.66                   ,              32,             ,        ,       ,            ,      ,      ,         ,        ,          ,        ,          ,      35,         ,               ,              ,                ,                     ,                    
step3_spxu_predatory_short__confirmed_locked      , calmar         ,          105, COMPLETE             ,                      , -0.05075              , -0.0105             , 0.0805             , "[0, -0.021, 0.02, -0.239]"                                                        , -2.66            , -0.067         , -39.66                   ,              36,             ,        ,       ,            ,      ,      ,         ,        ,          ,        ,          ,      37,         ,               ,              ,                ,                     ,                    
step3_spxu_predatory_short__confirmed_locked      , calmar         ,          106, PRUNED               ,                      , -0.078                ,                     ,                    , "[0, -0.122, -0.078]"                                                              , -3.13            , -0.079         , -39.66                   ,              32,             ,        ,       ,            ,      ,      ,         ,        ,          ,        ,          ,      36,         ,               ,              ,                ,                     ,                    
step3_spxu_predatory_short__confirmed_locked      , calmar         ,          107, COMPLETE             ,                      , -0.051250000000000004 , -0.0105             , 0.0815             , "[0, -0.021, 0.02, -0.243]"                                                        , -2.73            , -0.068         , -40.14                   ,              38,             ,        ,       ,            ,      ,      ,         ,        ,          ,        ,          ,      38,         ,               ,              ,                ,                     ,                    
step3_spxu_predatory_short__confirmed_locked      , calmar         ,          108, PRUNED               ,                      , -0.078                ,                     ,                    , "[0, -0.122, -0.078]"                                                              , -3.13            , -0.079         , -39.66                   ,              32,             ,        ,       ,            ,      ,      ,         ,        ,          ,        ,          ,      34,         ,               ,              ,                ,                     ,                    
step3_spxu_predatory_short__confirmed_locked      , calmar         ,          109, COMPLETE             ,                      , -0.051250000000000004 , -0.0105             , 0.0815             , "[0, -0.021, 0.02, -0.243]"                                                        , -2.73            , -0.068         , -40.14                   ,              38,             ,        ,       ,            ,      ,      ,         ,        ,          ,        ,          ,      39,         ,               ,              ,                ,                     ,                    
step3_spxu_predatory_short__confirmed_locked      , calmar         ,          110, PRUNED               ,                      , -0.078                ,                     ,                    , "[0, -0.122, -0.078]"                                                              , -3.13            , -0.079         , -39.66                   ,              32,             ,        ,       ,            ,      ,      ,         ,        ,          ,        ,          ,      36,         ,               ,              ,                ,                     ,                    
step3_spxu_predatory_short__confirmed_locked      , calmar         ,          111, COMPLETE             ,                      , -0.05075              , -0.0105             , 0.0805             , "[0, -0.021, 0.02, -0.239]"                                                        , -2.66            , -0.067         , -39.66                   ,              36,             ,        ,       ,            ,      ,      ,         ,        ,          ,        ,          ,      37,         ,               ,              ,                ,                     ,                    
step3_spxu_predatory_short__confirmed_locked      , calmar         ,          112, COMPLETE             ,                      , -0.05075              , -0.0105             , 0.0805             , "[0, -0.021, 0.02, -0.239]"                                                        , -2.66            , -0.067         , -39.66                   ,              36,             ,        ,       ,            ,      ,      ,         ,        ,          ,        ,          ,      37,         ,               ,              ,                ,                     ,                    
step3_spxu_predatory_short__confirmed_locked      , calmar         ,          113, COMPLETE             ,                      , -0.051250000000000004 , -0.0105             , 0.0815             , "[0, -0.021, 0.02, -0.243]"                                                        , -2.73            , -0.068         , -40.14                   ,              38,             ,        ,       ,            ,      ,      ,         ,        ,          ,        ,          ,      38,         ,               ,              ,                ,                     ,                    
step3_spxu_predatory_short__confirmed_locked      , calmar         ,          114, COMPLETE             ,                      , -0.051250000000000004 , -0.0105             , 0.0815             , "[0, -0.021, 0.02, -0.243]"                                                        , -2.73            , -0.068         , -40.14                   ,              38,             ,        ,       ,            ,      ,      ,         ,        ,          ,        ,          ,      39,         ,               ,              ,                ,                     ,                    
step3_spxu_predatory_short__confirmed_locked      , calmar         ,          115, PRUNED               ,                      , -0.078                ,                     ,                    , "[0, -0.122, -0.078]"                                                              , -3.13            , -0.079         , -39.66                   ,              32,             ,        ,       ,            ,      ,      ,         ,        ,          ,        ,          ,      35,         ,               ,              ,                ,                     ,                    
step3_spxu_predatory_short__confirmed_locked      , calmar         ,          116, REJECTED_BY_GUARDRAIL, min_trades           , -1000.0               ,                     ,                    ,                                                                                    , -4.09            , -0.104         , -39.38                   ,              26,             ,        ,       ,            ,      ,      ,         ,        ,          ,        ,          ,      15,         ,               ,              ,                ,                     ,                    
step3_spxu_predatory_short__confirmed_locked      , calmar         ,          117, PRUNED               ,                      , -0.119                ,                     ,                    , "[0, -0.149, -0.119]"                                                              , -2.87            , -0.073         , -39.31                   ,              28,             ,        ,       ,            ,      ,      ,         ,        ,          ,        ,          ,      27,         ,               ,              ,                ,                     ,                    
step3_spxu_predatory_short__confirmed_locked      , calmar         ,          118, PRUNED               ,                      , -0.078                ,                     ,                    , "[0, -0.122, -0.078]"                                                              , -3.13            , -0.079         , -39.66                   ,              32,             ,        ,       ,            ,      ,      ,         ,        ,          ,        ,          ,      36,         ,               ,              ,                ,                     ,                    
step3_spxu_predatory_short__confirmed_locked      , calmar         ,          119, COMPLETE             ,                      , -0.051250000000000004 , -0.0105             , 0.0815             , "[0, -0.021, 0.02, -0.243]"                                                        , -2.73            , -0.068         , -40.14                   ,              38,             ,        ,       ,            ,      ,      ,         ,        ,          ,        ,          ,      38,         ,               ,              ,                ,                     ,                    
step3_spxu_predatory_short__confirmed_locked      , calmar         ,          120, COMPLETE             ,                      , -0.05075              , -0.0105             , 0.0805             , "[0, -0.021, 0.02, -0.239]"                                                        , -2.66            , -0.067         , -39.66                   ,              36,             ,        ,       ,            ,      ,      ,         ,        ,          ,        ,          ,      37,         ,               ,              ,                ,                     ,                    
step3_spxu_predatory_short__confirmed_locked      , calmar         ,          121, COMPLETE             ,                      , -0.05075              , -0.0105             , 0.0805             , "[0, -0.021, 0.02, -0.239]"                                                        , -2.66            , -0.067         , -39.66                   ,              36,             ,        ,       ,            ,      ,      ,         ,        ,          ,        ,          ,      37,         ,               ,              ,                ,                     ,                    
step3_spxu_predatory_short__confirmed_locked      , calmar         ,          122, PRUNED               ,                      , -0.078                ,                     ,                    , "[0, -0.122, -0.078]"                                                              , -3.13            , -0.079         , -39.66                   ,              32,             ,        ,       ,            ,      ,      ,         ,        ,          ,        ,          ,      36,         ,               ,              ,                ,                     ,                    
step3_spxu_predatory_short__confirmed_locked      , calmar         ,          123, COMPLETE             ,                      , -0.051250000000000004 , -0.0105             , 0.0815             , "[0, -0.021, 0.02, -0.243]"                                                        , -2.73            , -0.068         , -40.14                   ,              38,             ,        ,       ,            ,      ,      ,         ,        ,          ,        ,          ,      38,         ,               ,              ,                ,                     ,                    
step3_spxu_predatory_short__confirmed_locked      , calmar         ,          124, COMPLETE             ,                      , -0.05075              , -0.0105             , 0.0805             , "[0, -0.021, 0.02, -0.239]"                                                        , -2.66            , -0.067         , -39.66                   ,              36,             ,        ,       ,            ,      ,      ,         ,        ,          ,        ,          ,      37,         ,               ,              ,                ,                     ,                    
step3_spxu_predatory_short__confirmed_locked      , calmar         ,          125, PRUNED               ,                      , -0.078                ,                     ,                    , "[0, -0.122, -0.078]"                                                              , -3.13            , -0.079         , -39.66                   ,              32,             ,        ,       ,            ,      ,      ,         ,        ,          ,        ,          ,      36,         ,               ,              ,                ,                     ,                    
step3_spxu_predatory_short__confirmed_locked      , calmar         ,          126, COMPLETE             ,                      , -0.05075              , -0.0105             , 0.0805             , "[0, -0.021, 0.02, -0.239]"                                                        , -2.66            , -0.067         , -39.66                   ,              36,             ,        ,       ,            ,      ,      ,         ,        ,          ,        ,          ,      37,         ,               ,              ,                ,                     ,                    
step3_spxu_predatory_short__confirmed_locked      , calmar         ,          127, PRUNED               ,                      , -0.078                ,                     ,                    , "[0, -0.122, -0.078]"                                                              , -3.13            , -0.079         , -39.66                   ,              32,             ,        ,       ,            ,      ,      ,         ,        ,          ,        ,          ,      35,         ,               ,              ,                ,                     ,                    
step3_spxu_predatory_short__confirmed_locked      , calmar         ,          128, COMPLETE             ,                      , -0.051250000000000004 , -0.0105             , 0.0815             , "[0, -0.021, 0.02, -0.243]"                                                        , -2.73            , -0.068         , -40.14                   ,              38,             ,        ,       ,            ,      ,      ,         ,        ,          ,        ,          ,      38,         ,               ,              ,                ,                     ,                    
step3_spxu_predatory_short__confirmed_locked      , calmar         ,          129, COMPLETE             ,                      , -0.051250000000000004 , -0.0105             , 0.0815             , "[0, -0.021, 0.02, -0.243]"                                                        , -2.73            , -0.068         , -40.14                   ,              38,             ,        ,       ,            ,      ,      ,         ,        ,          ,        ,          ,      39,         ,               ,              ,                ,                     ,                    
step3_spxu_predatory_short__confirmed_locked      , calmar         ,          130, PRUNED               ,                      , -0.078                ,                     ,                    , "[0, -0.122, -0.078]"                                                              , -3.13            , -0.079         , -39.66                   ,              32,             ,        ,       ,            ,      ,      ,         ,        ,          ,        ,          ,      36,         ,               ,              ,                ,                     ,                    
step3_spxu_predatory_short__confirmed_locked      , calmar         ,          131, COMPLETE             ,                      , -0.05075              , -0.0105             , 0.0805             , "[0, -0.021, 0.02, -0.239]"                                                        , -2.66            , -0.067         , -39.66                   ,              36,             ,        ,       ,            ,      ,      ,         ,        ,          ,        ,          ,      37,         ,               ,              ,                ,                     ,                    
step3_spxu_predatory_short__confirmed_locked      , calmar         ,          132, COMPLETE             ,                      , -0.051250000000000004 , -0.0105             , 0.0815             , "[0, -0.021, 0.02, -0.243]"                                                        , -2.73            , -0.068         , -40.14                   ,              38,             ,        ,       ,            ,      ,      ,         ,        ,          ,        ,          ,      38,         ,               ,              ,                ,                     ,                    
step3_spxu_predatory_short__confirmed_locked      , calmar         ,          133, COMPLETE             ,                      , -0.05075              , -0.0105             , 0.0805             , "[0, -0.021, 0.02, -0.239]"                                                        , -2.66            , -0.067         , -39.66                   ,              36,             ,        ,       ,            ,      ,      ,         ,        ,          ,        ,          ,      37,         ,               ,              ,                ,                     ,                    
step3_spxu_predatory_short__confirmed_locked      , calmar         ,          134, COMPLETE             ,                      , -0.05075              , -0.0105             , 0.0805             , "[0, -0.021, 0.02, -0.239]"                                                        , -2.66            , -0.067         , -39.66                   ,              36,             ,        ,       ,            ,      ,      ,         ,        ,          ,        ,          ,      37,         ,               ,              ,                ,                     ,                    
step3_spxu_predatory_short__confirmed_locked      , calmar         ,          135, PRUNED               ,                      , -0.078                ,                     ,                    , "[0, -0.122, -0.078]"                                                              , -3.13            , -0.079         , -39.66                   ,              32,             ,        ,       ,            ,      ,      ,         ,        ,          ,        ,          ,      36,         ,               ,              ,                ,                     ,                    
step3_spxu_predatory_short__confirmed_locked      , calmar         ,          136, COMPLETE             ,                      , -0.051250000000000004 , -0.0105             , 0.0815             , "[0, -0.021, 0.02, -0.243]"                                                        , -2.73            , -0.068         , -40.14                   ,              38,             ,        ,       ,            ,      ,      ,         ,        ,          ,        ,          ,      38,         ,               ,              ,                ,                     ,                    
step3_spxu_predatory_short__confirmed_locked      , calmar         ,          137, COMPLETE             ,                      , -0.051250000000000004 , -0.0105             , 0.0815             , "[0, -0.021, 0.02, -0.243]"                                                        , -2.73            , -0.068         , -40.14                   ,              38,             ,        ,       ,            ,      ,      ,         ,        ,          ,        ,          ,      39,         ,               ,              ,                ,                     ,                    
step3_spxu_predatory_short__confirmed_locked      , calmar         ,          138, PRUNED               ,                      , -0.078                ,                     ,                    , "[0, -0.122, -0.078]"                                                              , -3.13            , -0.079         , -39.66                   ,              32,             ,        ,       ,            ,      ,      ,         ,        ,          ,        ,          ,      35,         ,               ,              ,                ,                     ,                    
step3_spxu_predatory_short__confirmed_locked      , calmar         ,          139, PRUNED               ,                      , -0.078                ,                     ,                    , "[0, -0.122, -0.078]"                                                              , -3.13            , -0.079         , -39.66                   ,              32,             ,        ,       ,            ,      ,      ,         ,        ,          ,        ,          ,      36,         ,               ,              ,                ,                     ,                    
step3_spxu_predatory_short__confirmed_locked      , calmar         ,          140, COMPLETE             ,                      , -0.05075              , -0.0105             , 0.0805             , "[0, -0.021, 0.02, -0.239]"                                                        , -2.66            , -0.067         , -39.66                   ,              36,             ,        ,       ,            ,      ,      ,         ,        ,          ,        ,          ,      37,         ,               ,              ,                ,                     ,                    
step3_spxu_predatory_short__confirmed_locked      , calmar         ,          141, COMPLETE             ,                      , -0.05075              , -0.0105             , 0.0805             , "[0, -0.021, 0.02, -0.239]"                                                        , -2.66            , -0.067         , -39.66                   ,              36,             ,        ,       ,            ,      ,      ,         ,        ,          ,        ,          ,      37,         ,               ,              ,                ,                     ,                    
step3_spxu_predatory_short__confirmed_locked      , calmar         ,          142, COMPLETE             ,                      , -0.05075              , -0.0105             , 0.0805             , "[0, -0.021, 0.02, -0.239]"                                                        , -2.66            , -0.067         , -39.66                   ,              36,             ,        ,       ,            ,      ,      ,         ,        ,          ,        ,          ,      37,         ,               ,              ,                ,                     ,                    
step3_spxu_predatory_short__confirmed_locked      , calmar         ,          143, COMPLETE             ,                      , -0.051250000000000004 , -0.0105             , 0.0815             , "[0, -0.021, 0.02, -0.243]"                                                        , -2.73            , -0.068         , -40.14                   ,              38,             ,        ,       ,            ,      ,      ,         ,        ,          ,        ,          ,      38,         ,               ,              ,                ,                     ,                    
step3_spxu_predatory_short__confirmed_locked      , calmar         ,          144, PRUNED               ,                      , -0.078                ,                     ,                    , "[0, -0.122, -0.078]"                                                              , -3.13            , -0.079         , -39.66                   ,              32,             ,        ,       ,            ,      ,      ,         ,        ,          ,        ,          ,      36,         ,               ,              ,                ,                     ,                    
step3_spxu_predatory_short__confirmed_locked      , calmar         ,          145, COMPLETE             ,                      , -0.05075              , -0.0105             , 0.0805             , "[0, -0.021, 0.02, -0.239]"                                                        , -2.66            , -0.067         , -39.66                   ,              36,             ,        ,       ,            ,      ,      ,         ,        ,          ,        ,          ,      37,         ,               ,              ,                ,                     ,                    
step3_spxu_predatory_short__confirmed_locked      , calmar         ,          146, COMPLETE             ,                      , -0.051250000000000004 , -0.0105             , 0.0815             , "[0, -0.021, 0.02, -0.243]"                                                        , -2.73            , -0.068         , -40.14                   ,              38,             ,        ,       ,            ,      ,      ,         ,        ,          ,        ,          ,      38,         ,               ,              ,                ,                     ,                    
step3_spxu_predatory_short__confirmed_locked      , calmar         ,          147, PRUNED               ,                      , -0.078                ,                     ,                    , "[0, -0.122, -0.078]"                                                              , -3.13            , -0.079         , -39.66                   ,              32,             ,        ,       ,            ,      ,      ,         ,        ,          ,        ,          ,      36,         ,               ,              ,                ,                     ,                    
step3_spxu_predatory_short__confirmed_locked      , calmar         ,          148, COMPLETE             ,                      , -0.05075              , -0.0105             , 0.0805             , "[0, -0.021, 0.02, -0.239]"                                                        , -2.66            , -0.067         , -39.66                   ,              36,             ,        ,       ,            ,      ,      ,         ,        ,          ,        ,          ,      37,         ,               ,              ,                ,                     ,                    
step3_spxu_predatory_short__confirmed_locked      , calmar         ,          149, PRUNED               ,                      , -0.078                ,                     ,                    , "[0, -0.122, -0.078]"                                                              , -3.13            , -0.079         , -39.66                   ,              32,             ,        ,       ,            ,      ,      ,         ,        ,          ,        ,          ,      35,         ,               ,              ,                ,                     ,                    
step3_spxu_predatory_short__confirmed_locked      , calmar         ,          150, COMPLETE             ,                      , -0.051250000000000004 , -0.0105             , 0.0815             , "[0, -0.021, 0.02, -0.243]"                                                        , -2.73            , -0.068         , -40.14                   ,              38,             ,        ,       ,            ,      ,      ,         ,        ,          ,        ,          ,      38,         ,               ,              ,                ,                     ,                    
step3_spxu_predatory_short__confirmed_locked      , calmar         ,          151, COMPLETE             ,                      , -0.05075              , -0.0105             , 0.0805             , "[0, -0.021, 0.02, -0.239]"                                                        , -2.66            , -0.067         , -39.66                   ,              36,             ,        ,       ,            ,      ,      ,         ,        ,          ,        ,          ,      37,         ,               ,              ,                ,                     ,                    
step3_spxu_predatory_short__confirmed_locked      , calmar         ,          152, COMPLETE             ,                      , -0.05075              , -0.0105             , 0.0805             , "[0, -0.021, 0.02, -0.239]"                                                        , -2.66            , -0.067         , -39.66                   ,              36,             ,        ,       ,            ,      ,      ,         ,        ,          ,        ,          ,      37,         ,               ,              ,                ,                     ,                    
step3_spxu_predatory_short__confirmed_locked      , calmar         ,          153, COMPLETE             ,                      , -0.051250000000000004 , -0.0105             , 0.0815             , "[0, -0.021, 0.02, -0.243]"                                                        , -2.73            , -0.068         , -40.14                   ,              38,             ,        ,       ,            ,      ,      ,         ,        ,          ,        ,          ,      39,         ,               ,              ,                ,                     ,                    
step3_spxu_predatory_short__confirmed_locked      , calmar         ,          154, PRUNED               ,                      , -0.078                ,                     ,                    , "[0, -0.122, -0.078]"                                                              , -3.13            , -0.079         , -39.66                   ,              32,             ,        ,       ,            ,      ,      ,         ,        ,          ,        ,          ,      36,         ,               ,              ,                ,                     ,                    
step3_spxu_predatory_short__confirmed_locked      , calmar         ,          155, COMPLETE             ,                      , -0.051250000000000004 , -0.0105             , 0.0815             , "[0, -0.021, 0.02, -0.243]"                                                        , -2.73            , -0.068         , -40.14                   ,              38,             ,        ,       ,            ,      ,      ,         ,        ,          ,        ,          ,      38,         ,               ,              ,                ,                     ,                    
step3_spxu_predatory_short__confirmed_locked      , calmar         ,          156, COMPLETE             ,                      , -0.05075              , -0.0105             , 0.0805             , "[0, -0.021, 0.02, -0.239]"                                                        , -2.66            , -0.067         , -39.66                   ,              36,             ,        ,       ,            ,      ,      ,         ,        ,          ,        ,          ,      37,         ,               ,              ,                ,                     ,                    
step3_spxu_predatory_short__confirmed_locked      , calmar         ,          157, PRUNED               ,                      , -0.078                ,                     ,                    , "[0, -0.122, -0.078]"                                                              , -3.13            , -0.079         , -39.66                   ,              32,             ,        ,       ,            ,      ,      ,         ,        ,          ,        ,          ,      36,         ,               ,              ,                ,                     ,                    
step3_spxu_predatory_short__confirmed_locked      , calmar         ,          158, PRUNED               ,                      , -0.078                ,                     ,                    , "[0, -0.122, -0.078]"                                                              , -3.13            , -0.079         , -39.66                   ,              32,             ,        ,       ,            ,      ,      ,         ,        ,          ,        ,          ,      35,         ,               ,              ,                ,                     ,                    
step3_spxu_predatory_short__confirmed_locked      , calmar         ,          159, COMPLETE             ,                      , -0.051250000000000004 , -0.0105             , 0.0815             , "[0, -0.021, 0.02, -0.243]"                                                        , -2.73            , -0.068         , -40.14                   ,              38,             ,        ,       ,            ,      ,      ,         ,        ,          ,        ,          ,      38,         ,               ,              ,                ,                     ,                    
step3_spxu_predatory_short__confirmed_locked      , calmar         ,          160, REJECTED_BY_GUARDRAIL, min_trades           , -1000.0               ,                     ,                    ,                                                                                    , -3.34            , -0.085         , -39.32                   ,              26,             ,        ,       ,            ,      ,      ,         ,        ,          ,        ,          ,      22,         ,               ,              ,                ,                     ,                    
step3_spxu_predatory_short__confirmed_locked      , calmar         ,          161, COMPLETE             ,                      , -0.05075              , -0.0105             , 0.0805             , "[0, -0.021, 0.02, -0.239]"                                                        , -2.66            , -0.067         , -39.66                   ,              36,             ,        ,       ,            ,      ,      ,         ,        ,          ,        ,          ,      37,         ,               ,              ,                ,                     ,                    
step3_spxu_predatory_short__confirmed_locked      , calmar         ,          162, COMPLETE             ,                      , -0.05075              , -0.0105             , 0.0805             , "[0, -0.021, 0.02, -0.239]"                                                        , -2.66            , -0.067         , -39.66                   ,              36,             ,        ,       ,            ,      ,      ,         ,        ,          ,        ,          ,      37,         ,               ,              ,                ,                     ,                    
step3_spxu_predatory_short__confirmed_locked      , calmar         ,          163, REJECTED_BY_GUARDRAIL, min_trades           , -1000.0               ,                     ,                    ,                                                                                    , -3.62            , -0.092         , -39.32                   ,              26,             ,        ,       ,            ,      ,      ,         ,        ,          ,        ,          ,      19,         ,               ,              ,                ,                     ,                    
step3_spxu_predatory_short__confirmed_locked      , calmar         ,          164, PRUNED               ,                      , -0.078                ,                     ,                    , "[0, -0.122, -0.078]"                                                              , -3.13            , -0.079         , -39.66                   ,              32,             ,        ,       ,            ,      ,      ,         ,        ,          ,        ,          ,      36,         ,               ,              ,                ,                     ,                    
step3_spxu_predatory_short__confirmed_locked      , calmar         ,          165, COMPLETE             ,                      , -0.051250000000000004 , -0.0105             , 0.0815             , "[0, -0.021, 0.02, -0.243]"                                                        , -2.73            , -0.068         , -40.14                   ,              38,             ,        ,       ,            ,      ,      ,         ,        ,          ,        ,          ,      38,         ,               ,              ,                ,                     ,                    
step3_spxu_predatory_short__confirmed_locked      , calmar         ,          166, COMPLETE             ,                      , -0.05075              , -0.0105             , 0.0805             , "[0, -0.021, 0.02, -0.239]"                                                        , -2.66            , -0.067         , -39.66                   ,              36,             ,        ,       ,            ,      ,      ,         ,        ,          ,        ,          ,      37,         ,               ,              ,                ,                     ,                    
step3_spxu_predatory_short__confirmed_locked      , calmar         ,          167, PRUNED               ,                      , -0.078                ,                     ,                    , "[0, -0.122, -0.078]"                                                              , -3.13            , -0.079         , -39.66                   ,              32,             ,        ,       ,            ,      ,      ,         ,        ,          ,        ,          ,      36,         ,               ,              ,                ,                     ,                    
step3_spxu_predatory_short__confirmed_locked      , calmar         ,          168, COMPLETE             ,                      , -0.05075              , -0.0105             , 0.0805             , "[0, -0.021, 0.02, -0.239]"                                                        , -2.66            , -0.067         , -39.66                   ,              36,             ,        ,       ,            ,      ,      ,         ,        ,          ,        ,          ,      37,         ,               ,              ,                ,                     ,                    
step3_spxu_predatory_short__confirmed_locked      , calmar         ,          169, COMPLETE             ,                      , -0.051250000000000004 , -0.0105             , 0.0815             , "[0, -0.021, 0.02, -0.243]"                                                        , -2.73            , -0.068         , -40.14                   ,              38,             ,        ,       ,            ,      ,      ,         ,        ,          ,        ,          ,      38,         ,               ,              ,                ,                     ,                    
step3_spxu_predatory_short__confirmed_locked      , calmar         ,          170, COMPLETE             ,                      , -0.051250000000000004 , -0.0105             , 0.0815             , "[0, -0.021, 0.02, -0.243]"                                                        , -2.73            , -0.068         , -40.14                   ,              38,             ,        ,       ,            ,      ,      ,         ,        ,          ,        ,          ,      39,         ,               ,              ,                ,                     ,                    
step3_spxu_predatory_short__confirmed_locked      , calmar         ,          171, COMPLETE             ,                      , -0.05075              , -0.0105             , 0.0805             , "[0, -0.021, 0.02, -0.239]"                                                        , -2.66            , -0.067         , -39.66                   ,              36,             ,        ,       ,            ,      ,      ,         ,        ,          ,        ,          ,      37,         ,               ,              ,                ,                     ,                    
step3_spxu_predatory_short__confirmed_locked      , calmar         ,          172, PRUNED               ,                      , -0.078                ,                     ,                    , "[0, -0.122, -0.078]"                                                              , -3.13            , -0.079         , -39.66                   ,              32,             ,        ,       ,            ,      ,      ,         ,        ,          ,        ,          ,      36,         ,               ,              ,                ,                     ,                    
step3_spxu_predatory_short__confirmed_locked      , calmar         ,          173, COMPLETE             ,                      , -0.05075              , -0.0105             , 0.0805             , "[0, -0.021, 0.02, -0.239]"                                                        , -2.66            , -0.067         , -39.66                   ,              36,             ,        ,       ,            ,      ,      ,         ,        ,          ,        ,          ,      37,         ,               ,              ,                ,                     ,                    
step3_spxu_predatory_short__confirmed_locked      , calmar         ,          174, COMPLETE             ,                      , -0.051250000000000004 , -0.0105             , 0.0815             , "[0, -0.021, 0.02, -0.243]"                                                        , -2.73            , -0.068         , -40.14                   ,              38,             ,        ,       ,            ,      ,      ,         ,        ,          ,        ,          ,      38,         ,               ,              ,                ,                     ,                    
step3_spxu_predatory_short__confirmed_locked      , calmar         ,          175, COMPLETE             ,                      , -0.05075              , -0.0105             , 0.0805             , "[0, -0.021, 0.02, -0.239]"                                                        , -2.66            , -0.067         , -39.66                   ,              36,             ,        ,       ,            ,      ,      ,         ,        ,          ,        ,          ,      37,         ,               ,              ,                ,                     ,                    
step3_spxu_predatory_short__confirmed_locked      , calmar         ,          176, PRUNED               ,                      , -0.078                ,                     ,                    , "[0, -0.122, -0.078]"                                                              , -3.13            , -0.079         , -39.66                   ,              32,             ,        ,       ,            ,      ,      ,         ,        ,          ,        ,          ,      36,         ,               ,              ,                ,                     ,                    
step3_spxu_predatory_short__confirmed_locked      , calmar         ,          177, COMPLETE             ,                      , -0.051250000000000004 , -0.0105             , 0.0815             , "[0, -0.021, 0.02, -0.243]"                                                        , -2.73            , -0.068         , -40.14                   ,              38,             ,        ,       ,            ,      ,      ,         ,        ,          ,        ,          ,      38,         ,               ,              ,                ,                     ,                    
step3_spxu_predatory_short__confirmed_locked      , calmar         ,          178, COMPLETE             ,                      , -0.05075              , -0.0105             , 0.0805             , "[0, -0.021, 0.02, -0.239]"                                                        , -2.66            , -0.067         , -39.66                   ,              36,             ,        ,       ,            ,      ,      ,         ,        ,          ,        ,          ,      37,         ,               ,              ,                ,                     ,                    
step3_spxu_predatory_short__confirmed_locked      , calmar         ,          179, REJECTED_BY_GUARDRAIL, min_trades           , -1000.0               ,                     ,                    ,                                                                                    , -2.93            , -0.074         , -39.31                   ,              26,             ,        ,       ,            ,      ,      ,         ,        ,          ,        ,          ,      25,         ,               ,              ,                ,                     ,                    
step3_spxu_predatory_short__confirmed_locked      , calmar         ,          180, PRUNED               ,                      , -0.078                ,                     ,                    , "[0, -0.122, -0.078]"                                                              , -3.13            , -0.079         , -39.66                   ,              32,             ,        ,       ,            ,      ,      ,         ,        ,          ,        ,          ,      36,         ,               ,              ,                ,                     ,                    
step3_spxu_predatory_short__confirmed_locked      , calmar         ,          181, COMPLETE             ,                      , -0.05075              , -0.0105             , 0.0805             , "[0, -0.021, 0.02, -0.239]"                                                        , -2.66            , -0.067         , -39.66                   ,              36,             ,        ,       ,            ,      ,      ,         ,        ,          ,        ,          ,      37,         ,               ,              ,                ,                     ,                    
step3_spxu_predatory_short__confirmed_locked      , calmar         ,          182, COMPLETE             ,                      , -0.051250000000000004 , -0.0105             , 0.0815             , "[0, -0.021, 0.02, -0.243]"                                                        , -2.73            , -0.068         , -40.14                   ,              38,             ,        ,       ,            ,      ,      ,         ,        ,          ,        ,          ,      38,         ,               ,              ,                ,                     ,                    
step3_spxu_predatory_short__confirmed_locked      , calmar         ,          183, COMPLETE             ,                      , -0.05075              , -0.0105             , 0.0805             , "[0, -0.021, 0.02, -0.239]"                                                        , -2.66            , -0.067         , -39.66                   ,              36,             ,        ,       ,            ,      ,      ,         ,        ,          ,        ,          ,      37,         ,               ,              ,                ,                     ,                    
step3_spxu_predatory_short__confirmed_locked      , calmar         ,          184, COMPLETE             ,                      , -0.05075              , -0.0105             , 0.0805             , "[0, -0.021, 0.02, -0.239]"                                                        , -2.66            , -0.067         , -39.66                   ,              36,             ,        ,       ,            ,      ,      ,         ,        ,          ,        ,          ,      37,         ,               ,              ,                ,                     ,                    
step3_spxu_predatory_short__confirmed_locked      , calmar         ,          185, PRUNED               ,                      , -0.078                ,                     ,                    , "[0, -0.122, -0.078]"                                                              , -3.13            , -0.079         , -39.66                   ,              32,             ,        ,       ,            ,      ,      ,         ,        ,          ,        ,          ,      36,         ,               ,              ,                ,                     ,                    
step3_spxu_predatory_short__confirmed_locked      , calmar         ,          186, COMPLETE             ,                      , -0.051250000000000004 , -0.0105             , 0.0815             , "[0, -0.021, 0.02, -0.243]"                                                        , -2.73            , -0.068         , -40.14                   ,              38,             ,        ,       ,            ,      ,      ,         ,        ,          ,        ,          ,      38,         ,               ,              ,                ,                     ,                    
step3_spxu_predatory_short__confirmed_locked      , calmar         ,          187, PRUNED               ,                      , -0.194                ,                     ,                    , "[0, -0.149, -0.194]"                                                              , -3.05            , -0.078         , -39.32                   ,              28,             ,        ,       ,            ,      ,      ,         ,        ,          ,        ,          ,      30,         ,               ,              ,                ,                     ,                    
step3_spxu_predatory_short__confirmed_locked      , calmar         ,          188, PRUNED               ,                      , -0.078                ,                     ,                    , "[0, -0.122, -0.078]"                                                              , -3.13            , -0.079         , -39.66                   ,              32,             ,        ,       ,            ,      ,      ,         ,        ,          ,        ,          ,      35,         ,               ,              ,                ,                     ,                    
step3_spxu_predatory_short__confirmed_locked      , calmar         ,          189, COMPLETE             ,                      , -0.05075              , -0.0105             , 0.0805             , "[0, -0.021, 0.02, -0.239]"                                                        , -2.66            , -0.067         , -39.66                   ,              36,             ,        ,       ,            ,      ,      ,         ,        ,          ,        ,          ,      37,         ,               ,              ,                ,                     ,                    
step3_spxu_predatory_short__confirmed_locked      , calmar         ,          190, PRUNED               ,                      , -0.078                ,                     ,                    , "[0, -0.122, -0.078]"                                                              , -3.13            , -0.079         , -39.66                   ,              32,             ,        ,       ,            ,      ,      ,         ,        ,          ,        ,          ,      36,         ,               ,              ,                ,                     ,                    
step3_spxu_predatory_short__confirmed_locked      , calmar         ,          191, COMPLETE             ,                      , -0.05075              , -0.0105             , 0.0805             , "[0, -0.021, 0.02, -0.239]"                                                        , -2.66            , -0.067         , -39.66                   ,              36,             ,        ,       ,            ,      ,      ,         ,        ,          ,        ,          ,      37,         ,               ,              ,                ,                     ,                    
step3_spxu_predatory_short__confirmed_locked      , calmar         ,          192, COMPLETE             ,                      , -0.05075              , -0.0105             , 0.0805             , "[0, -0.021, 0.02, -0.239]"                                                        , -2.66            , -0.067         , -39.66                   ,              36,             ,        ,       ,            ,      ,      ,         ,        ,          ,        ,          ,      37,         ,               ,              ,                ,                     ,                    
step3_spxu_predatory_short__confirmed_locked      , calmar         ,          193, COMPLETE             ,                      , -0.051250000000000004 , -0.0105             , 0.0815             , "[0, -0.021, 0.02, -0.243]"                                                        , -2.73            , -0.068         , -40.14                   ,              38,             ,        ,       ,            ,      ,      ,         ,        ,          ,        ,          ,      38,         ,               ,              ,                ,                     ,                    
step3_spxu_predatory_short__confirmed_locked      , calmar         ,          194, COMPLETE             ,                      , -0.05075              , -0.0105             , 0.0805             , "[0, -0.021, 0.02, -0.239]"                                                        , -2.66            , -0.067         , -39.66                   ,              36,             ,        ,       ,            ,      ,      ,         ,        ,          ,        ,          ,      37,         ,               ,              ,                ,                     ,                    
step3_spxu_predatory_short__confirmed_locked      , calmar         ,          195, PRUNED               ,                      , -0.078                ,                     ,                    , "[0, -0.122, -0.078]"                                                              , -3.13            , -0.079         , -39.66                   ,              32,             ,        ,       ,            ,      ,      ,         ,        ,          ,        ,          ,      36,         ,               ,              ,                ,                     ,                    
step3_spxu_predatory_short__confirmed_locked      , calmar         ,          196, COMPLETE             ,                      , -0.05075              , -0.0105             , 0.0805             , "[0, -0.021, 0.02, -0.239]"                                                        , -2.66            , -0.067         , -39.66                   ,              36,             ,        ,       ,            ,      ,      ,         ,        ,          ,        ,          ,      37,         ,               ,              ,                ,                     ,                    
step3_spxu_predatory_short__confirmed_locked      , calmar         ,          197, COMPLETE             ,                      , -0.051250000000000004 , -0.0105             , 0.0815             , "[0, -0.021, 0.02, -0.243]"                                                        , -2.73            , -0.068         , -40.14                   ,              38,             ,        ,       ,            ,      ,      ,         ,        ,          ,        ,          ,      38,         ,               ,              ,                ,                     ,                    
step3_spxu_predatory_short__confirmed_locked      , calmar         ,          198, PRUNED               ,                      , -0.078                ,                     ,                    , "[0, -0.122, -0.078]"                                                              , -3.13            , -0.079         , -39.66                   ,              32,             ,        ,       ,            ,      ,      ,         ,        ,          ,        ,          ,      36,         ,               ,              ,                ,                     ,                    
step3_spxu_predatory_short__confirmed_locked      , calmar         ,          199, COMPLETE             ,                      , -0.05075              , -0.0105             , 0.0805             , "[0, -0.021, 0.02, -0.239]"                                                        , -2.66            , -0.067         , -39.66                   ,              36,             ,        ,       ,            ,      ,      ,         ,        ,          ,        ,          ,      37,         ,               ,              ,                ,                     ,                    
step3_spxu_predatory_short__free_everything       , calmar         ,            0, COMPLETE             ,                      , -0.057624999999999996 , -0.011              , 0.09325            , "[0, -0.022, 0.015, -0.292]"                                                       , -4.64            , -0.084         , -55.11                   ,              40,             ,        ,       ,            ,      ,      ,         ,        ,          ,        ,          ,      39,       29,             75,              ,                ,                     ,                    
step3_spxu_predatory_short__free_everything       , calmar         ,            1, REJECTED_BY_GUARDRAIL, min_trades           , -1000.0               ,                     ,                    ,                                                                                    , -1.66            , -0.086         , -19.4                    ,              12,             ,        ,       ,            ,      ,      ,         ,        ,          ,        ,          ,      19,       35,             20,              ,                ,                     ,                    
step3_spxu_predatory_short__free_everything       , calmar         ,            2, COMPLETE             ,                      , -0.3495               , -0.25               , 0.19899999999999998, "[-0.516, -0.2, -0.02, -0.3]"                                                      , -5.68            , -0.109         , -52.08                   ,             136,             ,        ,       ,            ,      ,      ,         ,        ,          ,        ,          ,      37,       21,             60,              ,                ,                     ,                    
step3_spxu_predatory_short__free_everything       , calmar         ,            3, REJECTED_BY_GUARDRAIL, min_trades           , -1000.0               ,                     ,                    ,                                                                                    , -5.03            , -0.087         , -57.61                   ,               6,             ,        ,       ,            ,      ,      ,         ,        ,          ,        ,          ,      15,       38,             95,              ,                ,                     ,                    
step3_spxu_predatory_short__free_everything       , calmar         ,            4, REJECTED_BY_GUARDRAIL, min_trades           , -1000.0               ,                     ,                    ,                                                                                    , -1.32            , -0.066         , -19.94                   ,               4,             ,        ,       ,            ,      ,      ,         ,        ,          ,        ,          ,      20,       41,             25,              ,                ,                     ,                    
step3_spxu_predatory_short__free_everything       , calmar         ,            5, PRUNED               ,                      , -0.496                ,                     ,                    , [-0.496]                                                                           , -7.05            , -0.133         , -52.83                   ,              46,             ,        ,       ,            ,      ,      ,         ,        ,          ,        ,          ,      22,       24,             55,              ,                ,                     ,                    
step3_spxu_predatory_short__free_everything       , calmar         ,            6, REJECTED_BY_GUARDRAIL, min_trades           , -1000.0               ,                     ,                    ,                                                                                    , -4.74            , -0.102         , -46.62                   ,              24,             ,        ,       ,            ,      ,      ,         ,        ,          ,        ,          ,      22,       31,             65,              ,                ,                     ,                    
step3_spxu_predatory_short__free_everything       , calmar         ,            7, PRUNED               ,                      , -0.494                ,                     ,                    , [-0.494]                                                                           , -4.69            , -0.12          , -39.01                   ,              50,             ,        ,       ,            ,      ,      ,         ,        ,          ,        ,          ,      22,       23,             40,              ,                ,                     ,                    
step3_spxu_predatory_short__free_everything       , calmar         ,            8, COMPLETE             ,                      , -0.226875             , -0.1595             , 0.13475            , "[0, -0.118, -0.29, -0.201]"                                                       , -1.67            , -0.075         , -22.34                   ,              30,             ,        ,       ,            ,      ,      ,         ,        ,          ,        ,          ,      35,       31,             25,              ,                ,                     ,                    
step3_spxu_predatory_short__free_everything       , calmar         ,            9, REJECTED_BY_GUARDRAIL, min_trades           , -1000.0               ,                     ,                    ,                                                                                    , -0.61            , -0.063         , -9.67                    ,              20,             ,        ,       ,            ,      ,      ,         ,        ,          ,        ,          ,      30,       33,             10,              ,                ,                     ,                    
step3_spxu_predatory_short__free_everything       , calmar         ,           10, REJECTED_BY_GUARDRAIL, min_trades           , -1000.0               ,                     ,                    ,                                                                                    , -3.84            , -0.07          , -54.64                   ,              12,             ,        ,       ,            ,      ,      ,         ,        ,          ,        ,          ,      38,       37,             80,              ,                ,                     ,                    
step3_spxu_predatory_short__free_everything       , calmar         ,           11, PRUNED               ,                      , -0.514                ,                     ,                    , [-0.514]                                                                           , -2.89            , -0.106         , -27.32                   ,              68,             ,        ,       ,            ,      ,      ,         ,        ,          ,        ,          ,      38,       26,             25,              ,                ,                     ,                    
step3_spxu_predatory_short__free_everything       , calmar         ,           12, COMPLETE             ,                      , -0.35925              , -0.263              , 0.1925             , "[0, -0.398, -0.201, -0.325]"                                                      , -8.88            , -0.144         , -61.62                   ,              54,             ,        ,       ,            ,      ,      ,         ,        ,          ,        ,          ,      35,       27,             75,              ,                ,                     ,                    
step3_spxu_predatory_short__free_everything       , calmar         ,           13, PRUNED               ,                      , -0.513                ,                     ,                    , [-0.513]                                                                           , -2.67            , -0.11          , -24.21                   ,             158,             ,        ,       ,            ,      ,      ,         ,        ,          ,        ,          ,      33,       20,             15,              ,                ,                     ,                    
step3_spxu_predatory_short__free_everything       , calmar         ,           14, REJECTED_BY_GUARDRAIL, min_trades           , -1000.0               ,                     ,                    ,                                                                                    , -1.99            , -0.064         , -31.13                   ,               4,             ,        ,       ,            ,      ,      ,         ,        ,          ,        ,          ,      34,       42,             40,              ,                ,                     ,                    
step3_spxu_predatory_short__free_everything       , calmar         ,           15, PRUNED               ,                      , -0.519                ,                     ,                    , [-0.519]                                                                           , -11.94           , -0.164         , -72.95                   ,              80,             ,        ,       ,            ,      ,      ,         ,        ,          ,        ,          ,      40,       25,             95,              ,                ,                     ,                    
step3_spxu_predatory_short__free_everything       , calmar         ,           16, COMPLETE             ,                      , -0.24                 , -0.112              , 0.256              , "[0, 0.061, -0.291, -0.224]"                                                       , -2.44            , -0.073         , -33.28                   ,              32,             ,        ,       ,            ,      ,      ,         ,        ,          ,        ,          ,      39,       31,             40,              ,                ,                     ,                    
step3_spxu_predatory_short__free_everything       , calmar         ,           17, PRUNED               ,                      , -0.514                ,                     ,                    , [-0.514]                                                                           , -3.77            , -0.115         , -32.67                   ,              90,             ,        ,       ,            ,      ,      ,         ,        ,          ,        ,          ,      33,       24,             30,              ,                ,                     ,                    
step3_spxu_predatory_short__free_everything       , calmar         ,           18, REJECTED_BY_GUARDRAIL, min_trades           , -1000.0               ,                     ,                    ,                                                                                    , -2.18            , -0.079         , -27.77                   ,              16,             ,        ,       ,            ,      ,      ,         ,        ,          ,        ,          ,      35,       35,             30,              ,                ,                     ,                    
step3_spxu_predatory_short__free_everything       , calmar         ,           19, COMPLETE             ,                      , -0.204625             , -0.148              , 0.11324999999999999, "[0, -0.121, -0.291, -0.175]"                                                      , -2.27            , -0.07          , -32.44                   ,              26,             ,        ,       ,            ,      ,      ,         ,        ,          ,        ,          ,      31,       31,             40,              ,                ,                     ,                    
step3_spxu_predatory_short__free_everything       , calmar         ,           20, REJECTED_BY_GUARDRAIL, max_drawdown         , -1000.0               ,                     ,                    ,                                                                                    , -10.22           , -0.15          , -68.35                   ,              48,             ,        ,       ,            ,      ,      ,         ,        ,          ,        ,          ,      30,       27,             95,              ,                ,                     ,                    
step3_spxu_predatory_short__free_everything       , calmar         ,           21, COMPLETE             ,                      , -0.056874999999999995 , -0.011              , 0.09175            , "[0, -0.022, 0.016, -0.285]"                                                       , -4.31            , -0.082         , -52.77                   ,              40,             ,        ,       ,            ,      ,      ,         ,        ,          ,        ,          ,      40,       29,             70,              ,                ,                     ,                    
step3_spxu_predatory_short__free_everything       , calmar         ,           22, REJECTED_BY_GUARDRAIL, min_trades           , -1000.0               ,                     ,                    ,                                                                                    , -3.52            , -0.085         , -41.23                   ,              14,             ,        ,       ,            ,      ,      ,         ,        ,          ,        ,          ,      32,       35,             50,              ,                ,                     ,                    
step3_spxu_predatory_short__free_everything       , calmar         ,           23, COMPLETE             ,                      , -0.29175              , -0.2                , 0.1835             , "[0, -0.127, -0.296, -0.273]"                                                      , -5.58            , -0.104         , -53.8                    ,              30,             ,        ,       ,            ,      ,      ,         ,        ,          ,        ,          ,      36,       31,             80,              ,                ,                     ,                    
step3_spxu_predatory_short__free_everything       , calmar         ,           24, COMPLETE             ,                      , -0.3235               , -0.2415             , 0.16399999999999998, "[0, -0.383, -0.196, -0.287]"                                                      , -5.71            , -0.123         , -46.44                   ,              58,             ,        ,       ,            ,      ,      ,         ,        ,          ,        ,          ,      40,       27,             50,              ,                ,                     ,                    
step3_spxu_predatory_short__free_everything       , calmar         ,           25, PRUNED               ,                      , -0.517                ,                     ,                    , [-0.517]                                                                           , -8.13            , -0.135         , -60.23                   ,              96,             ,        ,       ,            ,      ,      ,         ,        ,          ,        ,          ,      38,       24,             75,              ,                ,                     ,                    
step3_spxu_predatory_short__free_everything       , calmar         ,           26, PRUNED               ,                      , -0.514                ,                     ,                    , [-0.514]                                                                           , -2.43            , -0.077         , -31.69                   ,             116,             ,        ,       ,            ,      ,      ,         ,        ,          ,        ,          ,      40,       22,             30,              ,                ,                     ,                    
step3_spxu_predatory_short__free_everything       , calmar         ,           27, REJECTED_BY_GUARDRAIL, min_trades           , -1000.0               ,                     ,                    ,                                                                                    , -4.19            , -0.084         , -49.85                   ,              26,             ,        ,       ,            ,      ,      ,         ,        ,          ,        ,          ,      40,       33,             70,              ,                ,                     ,                    
step3_spxu_predatory_short__free_everything       , calmar         ,           28, COMPLETE             ,                      , -0.23825              , -0.1265             , 0.22349999999999998, "[0, -0.381, -0.041, -0.212]"                                                      , -3.79            , -0.097         , -38.98                   ,              34,             ,        ,       ,            ,      ,      ,         ,        ,          ,        ,          ,      28,       28,             45,              ,                ,                     ,                    
step3_spxu_predatory_short__free_everything       , calmar         ,           29, COMPLETE             ,                      , -0.06225              , -0.012              , 0.1005             , "[0, -0.024, 0.01, -0.32]"                                                         , -5.98            , -0.094         , -63.33                   ,              40,             ,        ,       ,            ,      ,      ,         ,        ,          ,        ,          ,      39,       29,             95,              ,                ,                     ,                    
step3_spxu_predatory_short__free_everything       , calmar         ,           30, REJECTED_BY_GUARDRAIL, min_trades           , -1000.0               ,                     ,                    ,                                                                                    , -5.98            , -0.099         , -60.49                   ,              16,             ,        ,       ,            ,      ,      ,         ,        ,          ,        ,          ,      40,       36,             95,              ,                ,                     ,                    
step3_spxu_predatory_short__free_everything       , calmar         ,           31, REJECTED_BY_GUARDRAIL, min_trades           , -1000.0               ,                     ,                    ,                                                                                    , -5.74            , -0.096         , -59.87                   ,              24,             ,        ,       ,            ,      ,      ,         ,        ,          ,        ,          ,      37,       33,             95,              ,                ,                     ,                    
step3_spxu_predatory_short__free_everything       , calmar         ,           32, COMPLETE             ,                      , -0.276375             , -0.1515             , 0.24975            , "[0, -0.354, -0.044, -0.259]"                                                      , -5.96            , -0.103         , -57.98                   ,              32,             ,        ,       ,            ,      ,      ,         ,        ,          ,        ,          ,      26,       28,             80,              ,                ,                     ,                    
step3_spxu_predatory_short__free_everything       , calmar         ,           33, COMPLETE             ,                      , -0.059875             , -0.0115             , 0.09675            , "[0, -0.023, 0.012, -0.306]"                                                       , -5.31            , -0.089         , -59.44                   ,              40,             ,        ,       ,            ,      ,      ,         ,        ,          ,        ,          ,      40,       29,             85,              ,                ,                     ,                    
step3_spxu_predatory_short__free_everything       , calmar         ,           34, PRUNED               ,                      , -0.518                ,                     ,                    , [-0.518]                                                                           , -11.86           , -0.163         , -72.7                    ,              78,             ,        ,       ,            ,      ,      ,         ,        ,          ,        ,          ,      36,       25,             90,              ,                ,                     ,                    
step3_spxu_predatory_short__free_everything       , calmar         ,           35, COMPLETE             ,                      , -0.353                , -0.2595             , 0.187              , "[0, -0.391, -0.2, -0.319]"                                                        , -8.02            , -0.139         , -57.81                   ,              58,             ,        ,       ,            ,      ,      ,         ,        ,          ,        ,          ,      39,       27,             70,              ,                ,                     ,                    
step3_spxu_predatory_short__free_everything       , calmar         ,           36, COMPLETE             ,                      , -0.060125             , -0.012              , 0.09625            , "[0, -0.024, 0.01, -0.303]"                                                        , -5.41            , -0.089         , -61.01                   ,              38,             ,        ,       ,            ,      ,      ,         ,        ,          ,        ,          ,      40,       30,             95,              ,                ,                     ,                    
step3_spxu_predatory_short__free_everything       , calmar         ,           37, REJECTED_BY_GUARDRAIL, min_trades           , -1000.0               ,                     ,                    ,                                                                                    , -5.38            , -0.099         , -54.31                   ,              14,             ,        ,       ,            ,      ,      ,         ,        ,          ,        ,          ,      33,       35,             75,              ,                ,                     ,                    
step3_spxu_predatory_short__free_everything       , calmar         ,           38, COMPLETE             ,                      , -0.15562499999999999  , -0.11699999999999999, 0.07725            , "[0, -0.124, -0.11, -0.267]"                                                       , -4.22            , -0.089         , -47.24                   ,              36,             ,        ,       ,            ,      ,      ,         ,        ,          ,        ,          ,      36,       29,             60,              ,                ,                     ,                    
step3_spxu_predatory_short__free_everything       , calmar         ,           39, REJECTED_BY_GUARDRAIL, min_trades           , -1000.0               ,                     ,                    ,                                                                                    , -6.8             , -0.112         , -60.66                   ,              16,             ,        ,       ,            ,      ,      ,         ,        ,          ,        ,          ,      36,       35,             90,              ,                ,                     ,                    
step3_spxu_predatory_short__free_everything       , calmar         ,           40, PRUNED               ,                      , -0.518                ,                     ,                    , [-0.518]                                                                           , -8.31            , -0.128         , -64.65                   ,             138,             ,        ,       ,            ,      ,      ,         ,        ,          ,        ,          ,      40,       21,             85,              ,                ,                     ,                    
step3_spxu_predatory_short__free_everything       , calmar         ,           41, COMPLETE             ,                      , -0.059375             , -0.012              , 0.09475            , "[0, -0.024, 0.011, -0.296]"                                                       , -5.1             , -0.086         , -59.13                   ,              38,             ,        ,       ,            ,      ,      ,         ,        ,          ,        ,          ,      39,       30,             90,              ,                ,                     ,                    
step3_spxu_predatory_short__free_everything       , calmar         ,           42, PRUNED               ,                      , -0.518                ,                     ,                    , [-0.518]                                                                           , -8.84            , -0.142         , -62.21                   ,             114,             ,        ,       ,            ,      ,      ,         ,        ,          ,        ,          ,      34,       22,             80,              ,                ,                     ,                    
step3_spxu_predatory_short__free_everything       , calmar         ,           43, COMPLETE             ,                      , -0.059125             , -0.012              , 0.09425            , "[0, -0.024, 0.011, -0.294]"                                                       , -5.04            , -0.086         , -58.85                   ,              36,             ,        ,       ,            ,      ,      ,         ,        ,          ,        ,          ,      37,       30,             90,              ,                ,                     ,                    
step3_spxu_predatory_short__free_everything       , calmar         ,           44, COMPLETE             ,                      , -0.164125             , -0.1205             , 0.08724999999999998, "[0, -0.128, -0.113, -0.304]"                                                      , -6.11            , -0.103         , -59.13                   ,              36,             ,        ,       ,            ,      ,      ,         ,        ,          ,        ,          ,      35,       29,             85,              ,                ,                     ,                    
step3_spxu_predatory_short__free_everything       , calmar         ,           45, COMPLETE             ,                      , -0.34850000000000003  , -0.2585             , 0.18               , "[0, -0.387, -0.203, -0.314]"                                                      , -8.02            , -0.132         , -60.59                   ,              46,             ,        ,       ,            ,      ,      ,         ,        ,          ,        ,          ,      40,       28,             85,              ,                ,                     ,                    
step3_spxu_predatory_short__free_everything       , calmar         ,           46, COMPLETE             ,                      , -0.05487500000000001  , -0.011              , 0.08775000000000001, "[0, -0.022, 0.016, -0.269]"                                                       , -3.9             , -0.077         , -50.62                   ,              38,             ,        ,       ,            ,      ,      ,         ,        ,          ,        ,          ,      38,       30,             70,              ,                ,                     ,                    
step3_spxu_predatory_short__free_everything       , calmar         ,           47, COMPLETE             ,                      , -0.059125             , -0.0115             , 0.09525            , "[0, -0.023, 0.013, -0.299]"                                                       , -4.97            , -0.087         , -57.33                   ,              40,             ,        ,       ,            ,      ,      ,         ,        ,          ,        ,          ,      38,       29,             80,              ,                ,                     ,                    
step3_spxu_predatory_short__free_everything       , calmar         ,           48, REJECTED_BY_GUARDRAIL, min_trades           , -1000.0               ,                     ,                    ,                                                                                    , -4.35            , -0.086         , -50.71                   ,              26,             ,        ,       ,            ,      ,      ,         ,        ,          ,        ,          ,      37,       32,             70,              ,                ,                     ,                    
step3_spxu_predatory_short__free_everything       , calmar         ,           49, REJECTED_BY_GUARDRAIL, min_trades           , -1000.0               ,                     ,                    ,                                                                                    , -3.49            , -0.078         , -44.49                   ,              24,             ,        ,       ,            ,      ,      ,         ,        ,          ,        ,          ,      37,       33,             60,              ,                ,                     ,                    
step3_spxu_predatory_short__free_everything       , calmar         ,           50, REJECTED_BY_GUARDRAIL, min_trades           , -1000.0               ,                     ,                    ,                                                                                    , -5.31            , -0.094         , -56.69                   ,              16,             ,        ,       ,            ,      ,      ,         ,        ,          ,        ,          ,      40,       36,             85,              ,                ,                     ,                    
step3_spxu_predatory_short__free_everything       , calmar         ,           51, REJECTED_BY_GUARDRAIL, min_trades           , -1000.0               ,                     ,                    ,                                                                                    , -5.44            , -0.094         , -57.65                   ,              28,             ,        ,       ,            ,      ,      ,         ,        ,          ,        ,          ,      38,       32,             85,              ,                ,                     ,                    
step3_spxu_predatory_short__free_everything       , calmar         ,           52, COMPLETE             ,                      , -0.29037500000000005  , -0.2                , 0.18075000000000002, "[0, -0.129, -0.297, -0.271]"                                                      , -6.07            , -0.105         , -57.9                    ,              28,             ,        ,       ,            ,      ,      ,         ,        ,          ,        ,          ,      33,       31,             90,              ,                ,                     ,                    
step3_spxu_predatory_short__free_everything       , calmar         ,           53, COMPLETE             ,                      , -0.153375             , -0.10350000000000001, 0.09975            , "[0, -0.127, -0.08, -0.258]"                                                       , -4.57            , -0.087         , -52.53                   ,              30,             ,        ,       ,            ,      ,      ,         ,        ,          ,        ,          ,      33,       30,             75,              ,                ,                     ,                    
step3_spxu_predatory_short__free_everything       , calmar         ,           54, COMPLETE             ,                      , -0.3395               , -0.253              , 0.173              , "[0, -0.386, -0.202, -0.304]"                                                      , -7.47            , -0.128         , -58.14                   ,              44,             ,        ,       ,            ,      ,      ,         ,        ,          ,        ,          ,      37,       28,             80,              ,                ,                     ,                    
step3_spxu_predatory_short__free_everything       , calmar         ,           55, COMPLETE             ,                      , -0.33825              , -0.2505             , 0.1755             , "[0, -0.387, -0.198, -0.303]"                                                      , -6.86            , -0.131         , -52.49                   ,              58,             ,        ,       ,            ,      ,      ,         ,        ,          ,        ,          ,      38,       27,             60,              ,                ,                     ,                    
step3_spxu_predatory_short__free_everything       , calmar         ,           56, COMPLETE             ,                      , -0.05487500000000001  , -0.011              , 0.08775000000000001, "[0, -0.022, 0.016, -0.269]"                                                       , -3.9             , -0.077         , -50.62                   ,              38,             ,        ,       ,            ,      ,      ,         ,        ,          ,        ,          ,      40,       30,             70,              ,                ,                     ,                    
step3_spxu_predatory_short__free_everything       , calmar         ,           57, REJECTED_BY_GUARDRAIL, min_trades           , -1000.0               ,                     ,                    ,                                                                                    , -4.83            , -0.089         , -54.26                   ,              26,             ,        ,       ,            ,      ,      ,         ,        ,          ,        ,          ,      40,       33,             80,              ,                ,                     ,                    
step3_spxu_predatory_short__free_everything       , calmar         ,           58, COMPLETE             ,                      , -0.1575               , -0.118              , 0.079              , "[0, -0.125, -0.111, -0.274]"                                                      , -4.6             , -0.092         , -49.87                   ,              36,             ,        ,       ,            ,      ,      ,         ,        ,          ,        ,          ,      34,       29,             65,              ,                ,                     ,                    
step3_spxu_predatory_short__free_everything       , calmar         ,           59, COMPLETE             ,                      , -0.36125              , -0.266              , 0.1905             , "[0, -0.396, -0.205, -0.327]"                                                      , -9.42            , -0.147         , -64.28                   ,              42,             ,        ,       ,            ,      ,      ,         ,        ,          ,        ,          ,      34,       28,             95,              ,                ,                     ,                    
step2_killfix_variant__confirmed_locked           , calmar         ,            0, COMPLETE             ,                      , 1.325875              , 1.592               , 0.5322500000000001 , "[1.738, 0.317, 1.474, 1.71]"                                                      , 41.23            , 1.063          , -38.78                   ,             190,             ,        ,       ,            ,      ,      ,         ,        ,          ,        ,          ,        ,         ,               ,           100,               5,                     ,                    
step2_killfix_variant__confirmed_locked           , calmar         ,            1, COMPLETE             ,                      , 1.3492499999999998    , 1.6115              , 0.5245000000000002 , "[1.738, 0.231, 1.513, 1.71]"                                                      , 40.74            , 0.952          , -42.79                   ,             200,             ,        ,       ,            ,      ,      ,         ,        ,          ,        ,          ,        ,         ,               ,           225,               3,                     ,                    
step2_killfix_variant__confirmed_locked           , calmar         ,            2, COMPLETE             ,                      , 1.3519999999999999    , 1.547               , 0.3900000000000001 , "[1.672, 0.172, 1.557, 1.537]"                                                     , 38.2             , 0.926          , -41.27                   ,             206,             ,        ,       ,            ,      ,      ,         ,        ,          ,        ,          ,        ,         ,               ,            50,               1,                     ,                    
step2_killfix_variant__confirmed_locked           , calmar         ,            3, COMPLETE             ,                      , 1.3497499999999998    , 1.5899999999999999  , 0.4804999999999999 , "[1.672, 0.28, 1.508, 1.71]"                                                       , 40.84            , 1.014          , -40.29                   ,             194,             ,        ,       ,            ,      ,      ,         ,        ,          ,        ,          ,        ,         ,               ,             0,               5,                     ,                    
step2_killfix_variant__confirmed_locked           , calmar         ,            4, COMPLETE             ,                      , 1.3135                , 1.592               , 0.5570000000000002 , "[1.738, 0.218, 1.474, 1.71]"                                                      , 40.25            , 0.928          , -43.37                   ,             200,             ,        ,       ,            ,      ,      ,         ,        ,          ,        ,          ,        ,         ,               ,           175,               4,                     ,                    
step2_killfix_variant__confirmed_locked           , calmar         ,            5, PRUNED               ,                      , 1.672                 ,                     ,                    , [1.672]                                                                            , 40.84            , 1.014          , -40.29                   ,             194,             ,        ,       ,            ,      ,      ,         ,        ,          ,        ,          ,        ,         ,               ,             0,               5,                     ,                    
step2_killfix_variant__confirmed_locked           , calmar         ,            6, COMPLETE             ,                      , 1.3135                , 1.592               , 0.5570000000000002 , "[1.738, 0.218, 1.474, 1.71]"                                                      , 40.25            , 0.928          , -43.37                   ,             200,             ,        ,       ,            ,      ,      ,         ,        ,          ,        ,          ,        ,         ,               ,           250,               2,                     ,                    
step2_killfix_variant__confirmed_locked           , calmar         ,            7, PRUNED               ,                      , 1.672                 ,                     ,                    , [1.672]                                                                            , 38.2             , 0.926          , -41.27                   ,             206,             ,        ,       ,            ,      ,      ,         ,        ,          ,        ,          ,        ,         ,               ,            50,               1,                     ,                    
step2_killfix_variant__confirmed_locked           , calmar         ,            8, PRUNED               ,                      , 1.692                 ,                     ,                    , [1.692]                                                                            , 40.86            , 1.062          , -38.47                   ,             194,             ,        ,       ,            ,      ,      ,         ,        ,          ,        ,          ,        ,         ,               ,            75,               3,                     ,                    
step2_killfix_variant__confirmed_locked           , calmar         ,            9, PRUNED               ,                      , 1.666                 ,                     ,                    , [1.666]                                                                            , 39.23            , 0.867          , -45.26                   ,             198,             ,        ,       ,            ,      ,      ,         ,        ,          ,        ,          ,        ,         ,               ,           125,               2,                     ,                    
step2_killfix_variant__confirmed_locked           , calmar         ,           10, COMPLETE             ,                      , 1.316125              , 1.609               , 0.58575            , "[1.738, 0.001, 1.508, 1.71]"                                                      , 37.11            , 0.666          , -55.77                   ,             204,             ,        ,       ,            ,      ,      ,         ,        ,          ,        ,          ,        ,         ,               ,           300,               1,                     ,                    
step2_killfix_variant__confirmed_locked           , calmar         ,           11, PRUNED               ,                      , 1.049                 ,                     ,                    , [1.049]                                                                            , 30.87            , 0.514          , -60.02                   ,             208,             ,        ,       ,            ,      ,      ,         ,        ,          ,        ,          ,        ,         ,               ,             0,               2,                     ,                    
step2_killfix_variant__confirmed_locked           , calmar         ,           12, PRUNED               ,                      , 1.692                 ,                     ,                    , [1.692]                                                                            , 39.04            , 0.826          , -47.26                   ,             202,             ,        ,       ,            ,      ,      ,         ,        ,          ,        ,          ,        ,         ,               ,            25,               4,                     ,                    
step2_killfix_variant__confirmed_locked           , calmar         ,           13, COMPLETE             ,                      , 1.325875              , 1.592               , 0.5322500000000001 , "[1.738, 0.317, 1.474, 1.71]"                                                      , 41.24            , 1.064          , -38.78                   ,             190,             ,        ,       ,            ,      ,      ,         ,        ,          ,        ,          ,        ,         ,               ,           125,               4,                     ,                    
step2_killfix_variant__confirmed_locked           , calmar         ,           14, PRUNED               ,                      , 1.666                 ,                     ,                    , [1.666]                                                                            , 38.54            , 0.804          , -47.96                   ,             202,             ,        ,       ,            ,      ,      ,         ,        ,          ,        ,          ,        ,         ,               ,            25,               3,                     ,                    
step2_killfix_variant__confirmed_locked           , calmar         ,           15, PRUNED               ,                      , 1.666                 ,                     ,                    , [1.666]                                                                            , 36.95            , 0.766          , -48.24                   ,             206,             ,        ,       ,            ,      ,      ,         ,        ,          ,        ,          ,        ,         ,               ,            50,               2,                     ,                    
step2_killfix_variant__confirmed_locked           , calmar         ,           16, COMPLETE             ,                      , 1.3413749999999998    , 1.6099999999999999  , 0.53725            , "[1.738, 0.189, 1.51, 1.71]"                                                       , 40.2             , 0.897          , -44.81                   ,             200,             ,        ,       ,            ,      ,      ,         ,        ,          ,        ,          ,        ,         ,               ,           225,               5,                     ,                    
step2_killfix_variant__confirmed_locked           , calmar         ,           17, PRUNED               ,                      , 1.03                  ,                     ,                    , [1.03]                                                                             , 35.5             , 0.889          , -39.94                   ,             214,             ,        ,       ,            ,      ,      ,         ,        ,          ,        ,          ,        ,         ,               ,             0,               1,                     ,                    
step2_killfix_variant__confirmed_locked           , calmar         ,           18, COMPLETE             ,                      , 1.3599999999999999    , 1.6115              , 0.5030000000000001 , "[1.738, 0.317, 1.513, 1.71]"                                                      , 41.57            , 1.072          , -38.78                   ,             190,             ,        ,       ,            ,      ,      ,         ,        ,          ,        ,          ,        ,         ,               ,            50,               5,                     ,                    
step2_killfix_variant__confirmed_locked           , calmar         ,           19, COMPLETE             ,                      , 1.3599999999999999    , 1.6115              , 0.5030000000000001 , "[1.738, 0.317, 1.513, 1.71]"                                                      , 41.57            , 1.072          , -38.78                   ,             190,             ,        ,       ,            ,      ,      ,         ,        ,          ,        ,          ,        ,         ,               ,            50,               5,                     ,                    
step2_killfix_variant__confirmed_locked           , calmar         ,           20, COMPLETE             ,                      , 1.3599999999999999    , 1.6115              , 0.5030000000000001 , "[1.738, 0.317, 1.513, 1.71]"                                                      , 41.57            , 1.072          , -38.78                   ,             190,             ,        ,       ,            ,      ,      ,         ,        ,          ,        ,          ,        ,         ,               ,            50,               5,                     ,                    
step2_killfix_variant__confirmed_locked           , calmar         ,           21, COMPLETE             ,                      , 1.3599999999999999    , 1.6115              , 0.5030000000000001 , "[1.738, 0.317, 1.513, 1.71]"                                                      , 41.57            , 1.072          , -38.78                   ,             190,             ,        ,       ,            ,      ,      ,         ,        ,          ,        ,          ,        ,         ,               ,            50,               5,                     ,                    
step2_killfix_variant__confirmed_locked           , calmar         ,           22, COMPLETE             ,                      , 1.325875              , 1.592               , 0.5322500000000001 , "[1.738, 0.317, 1.474, 1.71]"                                                      , 41.23            , 1.063          , -38.78                   ,             190,             ,        ,       ,            ,      ,      ,         ,        ,          ,        ,          ,        ,         ,               ,            75,               5,                     ,                    
step2_killfix_variant__confirmed_locked           , calmar         ,           23, COMPLETE             ,                      , 1.3621249999999998    , 1.6115              , 0.49875000000000025, "[1.738, 0.334, 1.513, 1.71]"                                                      , 41.73            , 1.094          , -38.15                   ,             190,             ,        ,       ,            ,      ,      ,         ,        ,          ,        ,          ,        ,         ,               ,            75,               4,                     ,                    
step2_killfix_variant__confirmed_locked           , calmar         ,           24, COMPLETE             ,                      , 1.3621249999999998    , 1.6115              , 0.49875000000000025, "[1.738, 0.334, 1.513, 1.71]"                                                      , 41.73            , 1.094          , -38.15                   ,             190,             ,        ,       ,            ,      ,      ,         ,        ,          ,        ,          ,        ,         ,               ,            75,               4,                     ,                    
step2_killfix_variant__confirmed_locked           , calmar         ,           25, COMPLETE             ,                      , 1.3621249999999998    , 1.6115              , 0.49875000000000025, "[1.738, 0.334, 1.513, 1.71]"                                                      , 41.73            , 1.094          , -38.15                   ,             190,             ,        ,       ,            ,      ,      ,         ,        ,          ,        ,          ,        ,         ,               ,            75,               4,                     ,                    
step2_killfix_variant__confirmed_locked           , calmar         ,           26, COMPLETE             ,                      , 1.325875              , 1.592               , 0.5322500000000001 , "[1.738, 0.317, 1.474, 1.71]"                                                      , 41.24            , 1.064          , -38.78                   ,             190,             ,        ,       ,            ,      ,      ,         ,        ,          ,        ,          ,        ,         ,               ,           125,               4,                     ,                    
step2_killfix_variant__confirmed_locked           , calmar         ,           27, COMPLETE             ,                      , 1.3621249999999998    , 1.6115              , 0.49875000000000025, "[1.738, 0.334, 1.513, 1.71]"                                                      , 41.73            , 1.094          , -38.15                   ,             190,             ,        ,       ,            ,      ,      ,         ,        ,          ,        ,          ,        ,         ,               ,            75,               4,                     ,                    
step2_killfix_variant__confirmed_locked           , calmar         ,           28, PRUNED               ,                      , 1.692                 ,                     ,                    , [1.692]                                                                            , 40.86            , 1.062          , -38.47                   ,             194,             ,        ,       ,            ,      ,      ,         ,        ,          ,        ,          ,        ,         ,               ,            75,               3,                     ,                    
step2_killfix_variant__confirmed_locked           , calmar         ,           29, COMPLETE             ,                      , 1.3413749999999998    , 1.6099999999999999  , 0.53725            , "[1.738, 0.189, 1.51, 1.71]"                                                       , 40.2             , 0.897          , -44.81                   ,             200,             ,        ,       ,            ,      ,      ,         ,        ,          ,        ,          ,        ,         ,               ,           150,               5,                     ,                    
step2_killfix_variant__confirmed_locked           , calmar         ,           30, PRUNED               ,                      , 1.692                 ,                     ,                    , [1.692]                                                                            , 40.47            , 0.986          , -41.05                   ,             194,             ,        ,       ,            ,      ,      ,         ,        ,          ,        ,          ,        ,         ,               ,           125,               3,                     ,                    
step2_killfix_variant__confirmed_locked           , calmar         ,           31, COMPLETE             ,                      , 1.3621249999999998    , 1.6115              , 0.49875000000000025, "[1.738, 0.334, 1.513, 1.71]"                                                      , 41.73            , 1.094          , -38.15                   ,             190,             ,        ,       ,            ,      ,      ,         ,        ,          ,        ,          ,        ,         ,               ,            75,               4,                     ,                    
step2_killfix_variant__confirmed_locked           , calmar         ,           32, COMPLETE             ,                      , 1.325875              , 1.592               , 0.5322500000000001 , "[1.738, 0.317, 1.474, 1.71]"                                                      , 41.23            , 1.063          , -38.78                   ,             190,             ,        ,       ,            ,      ,      ,         ,        ,          ,        ,          ,        ,         ,               ,           100,               5,                     ,                    
step2_killfix_variant__confirmed_locked           , calmar         ,           33, PRUNED               ,                      , 1.692                 ,                     ,                    , [1.692]                                                                            , 39.04            , 0.826          , -47.26                   ,             202,             ,        ,       ,            ,      ,      ,         ,        ,          ,        ,          ,        ,         ,               ,            25,               4,                     ,                    
step2_killfix_variant__confirmed_locked           , calmar         ,           34, COMPLETE             ,                      , 1.332125              , 1.5995              , 0.5347500000000001 , "[1.738, 0.262, 1.489, 1.71]"                                                      , 40.84            , 0.995          , -41.05                   ,             194,             ,        ,       ,            ,      ,      ,         ,        ,          ,        ,          ,        ,         ,               ,            50,               4,                     ,                    
step2_killfix_variant__confirmed_locked           , calmar         ,           35, COMPLETE             ,                      , 1.3621249999999998    , 1.6115              , 0.49875000000000025, "[1.738, 0.334, 1.513, 1.71]"                                                      , 41.73            , 1.094          , -38.15                   ,             190,             ,        ,       ,            ,      ,      ,         ,        ,          ,        ,          ,        ,         ,               ,           100,               4,                     ,                    
step2_killfix_variant__confirmed_locked           , calmar         ,           36, PRUNED               ,                      , 1.692                 ,                     ,                    , [1.692]                                                                            , 40.86            , 1.062          , -38.47                   ,             194,             ,        ,       ,            ,      ,      ,         ,        ,          ,        ,          ,        ,         ,               ,           100,               3,                     ,                    
step2_killfix_variant__confirmed_locked           , calmar         ,           37, COMPLETE             ,                      , 1.35875               , 1.6115              , 0.5055000000000001 , "[1.738, 0.307, 1.513, 1.71]"                                                      , 41.38            , 1.085          , -38.15                   ,             190,             ,        ,       ,            ,      ,      ,         ,        ,          ,        ,          ,        ,         ,               ,           150,               3,                     ,                    
step2_killfix_variant__confirmed_locked           , calmar         ,           38, COMPLETE             ,                      , 1.3135                , 1.592               , 0.5570000000000002 , "[1.738, 0.218, 1.474, 1.71]"                                                      , 40.25            , 0.928          , -43.37                   ,             200,             ,        ,       ,            ,      ,      ,         ,        ,          ,        ,          ,        ,         ,               ,           175,               4,                     ,                    
step2_killfix_variant__confirmed_locked           , calmar         ,           39, COMPLETE             ,                      , 1.3413749999999998    , 1.6099999999999999  , 0.53725            , "[1.738, 0.189, 1.51, 1.71]"                                                       , 40.2             , 0.897          , -44.81                   ,             200,             ,        ,       ,            ,      ,      ,         ,        ,          ,        ,          ,        ,         ,               ,           300,               3,                     ,                    
step2_killfix_variant__confirmed_locked           , calmar         ,           40, PRUNED               ,                      , 1.701                 ,                     ,                    , [1.701]                                                                            , 39.83            , 0.886          , -44.94                   ,             202,             ,        ,       ,            ,      ,      ,         ,        ,          ,        ,          ,        ,         ,               ,             0,               4,                     ,                    
step2_killfix_variant__confirmed_locked           , calmar         ,           41, COMPLETE             ,                      , 1.3621249999999998    , 1.6115              , 0.49875000000000025, "[1.738, 0.334, 1.513, 1.71]"                                                      , 41.73            , 1.094          , -38.15                   ,             190,             ,        ,       ,            ,      ,      ,         ,        ,          ,        ,          ,        ,         ,               ,            75,               4,                     ,                    
step2_killfix_variant__confirmed_locked           , calmar         ,           42, COMPLETE             ,                      , 1.3621249999999998    , 1.6115              , 0.49875000000000025, "[1.738, 0.334, 1.513, 1.71]"                                                      , 41.73            , 1.094          , -38.15                   ,             190,             ,        ,       ,            ,      ,      ,         ,        ,          ,        ,          ,        ,         ,               ,            75,               4,                     ,                    
step2_killfix_variant__confirmed_locked           , calmar         ,           43, COMPLETE             ,                      , 1.3621249999999998    , 1.6115              , 0.49875000000000025, "[1.738, 0.334, 1.513, 1.71]"                                                      , 41.73            , 1.094          , -38.15                   ,             190,             ,        ,       ,            ,      ,      ,         ,        ,          ,        ,          ,        ,         ,               ,            75,               4,                     ,                    
step2_killfix_variant__confirmed_locked           , calmar         ,           44, COMPLETE             ,                      , 1.325875              , 1.592               , 0.5322500000000001 , "[1.738, 0.317, 1.474, 1.71]"                                                      , 41.23            , 1.063          , -38.78                   ,             190,             ,        ,       ,            ,      ,      ,         ,        ,          ,        ,          ,        ,         ,               ,           100,               5,                     ,                    
step2_killfix_variant__confirmed_locked           , calmar         ,           45, COMPLETE             ,                      , 1.3621249999999998    , 1.6115              , 0.49875000000000025, "[1.738, 0.334, 1.513, 1.71]"                                                      , 41.73            , 1.094          , -38.15                   ,             190,             ,        ,       ,            ,      ,      ,         ,        ,          ,        ,          ,        ,         ,               ,           100,               4,                     ,                    
step2_killfix_variant__confirmed_locked           , calmar         ,           46, PRUNED               ,                      , 1.692                 ,                     ,                    , [1.692]                                                                            , 41.21            , 1.094          , -37.67                   ,             194,             ,        ,       ,            ,      ,      ,         ,        ,          ,        ,          ,        ,         ,               ,            50,               3,                     ,                    
step2_killfix_variant__confirmed_locked           , calmar         ,           47, COMPLETE             ,                      , 1.332125              , 1.5995              , 0.5347500000000001 , "[1.738, 0.262, 1.489, 1.71]"                                                      , 40.84            , 0.995          , -41.05                   ,             194,             ,        ,       ,            ,      ,      ,         ,        ,          ,        ,          ,        ,         ,               ,            50,               4,                     ,                    
step2_killfix_variant__confirmed_locked           , calmar         ,           48, PRUNED               ,                      , 1.692                 ,                     ,                    , [1.692]                                                                            , 40.86            , 1.062          , -38.47                   ,             194,             ,        ,       ,            ,      ,      ,         ,        ,          ,        ,          ,        ,         ,               ,            75,               3,                     ,                    
step2_killfix_variant__confirmed_locked           , calmar         ,           49, PRUNED               ,                      , 1.666                 ,                     ,                    , [1.666]                                                                            , 38.54            , 0.804          , -47.96                   ,             202,             ,        ,       ,            ,      ,      ,         ,        ,          ,        ,          ,        ,         ,               ,            25,               3,                     ,                    
step2_killfix_variant__confirmed_locked           , calmar         ,           50, COMPLETE             ,                      , 1.3621249999999998    , 1.6115              , 0.49875000000000025, "[1.738, 0.334, 1.513, 1.71]"                                                      , 41.73            , 1.094          , -38.15                   ,             190,             ,        ,       ,            ,      ,      ,         ,        ,          ,        ,          ,        ,         ,               ,           100,               4,                     ,                    
step2_killfix_variant__confirmed_locked           , calmar         ,           51, COMPLETE             ,                      , 1.332125              , 1.5995              , 0.5347500000000001 , "[1.738, 0.262, 1.489, 1.71]"                                                      , 40.84            , 0.995          , -41.05                   ,             194,             ,        ,       ,            ,      ,      ,         ,        ,          ,        ,          ,        ,         ,               ,            50,               4,                     ,                    
step2_killfix_variant__confirmed_locked           , calmar         ,           52, COMPLETE             ,                      , 1.3535                , 1.6115              , 0.516              , "[1.738, 0.265, 1.513, 1.71]"                                                      , 41.08            , 1.004          , -40.9                    ,             194,             ,        ,       ,            ,      ,      ,         ,        ,          ,        ,          ,        ,         ,               ,            25,               5,                     ,                    
step2_killfix_variant__confirmed_locked           , calmar         ,           53, COMPLETE             ,                      , 1.325875              , 1.592               , 0.5322500000000001 , "[1.738, 0.317, 1.474, 1.71]"                                                      , 41.24            , 1.064          , -38.78                   ,             190,             ,        ,       ,            ,      ,      ,         ,        ,          ,        ,          ,        ,         ,               ,           150,               4,                     ,                    
step2_killfix_variant__confirmed_locked           , calmar         ,           54, PRUNED               ,                      , 1.692                 ,                     ,                    , [1.692]                                                                            , 40.47            , 0.986          , -41.05                   ,             194,             ,        ,       ,            ,      ,      ,         ,        ,          ,        ,          ,        ,         ,               ,           125,               3,                     ,                    
step2_killfix_variant__confirmed_locked           , calmar         ,           55, COMPLETE             ,                      , 1.3621249999999998    , 1.6115              , 0.49875000000000025, "[1.738, 0.334, 1.513, 1.71]"                                                      , 41.73            , 1.094          , -38.15                   ,             190,             ,        ,       ,            ,      ,      ,         ,        ,          ,        ,          ,        ,         ,               ,           100,               4,                     ,                    
step2_killfix_variant__confirmed_locked           , calmar         ,           56, COMPLETE             ,                      , 1.3621249999999998    , 1.6115              , 0.49875000000000025, "[1.738, 0.334, 1.513, 1.71]"                                                      , 41.73            , 1.094          , -38.15                   ,             190,             ,        ,       ,            ,      ,      ,         ,        ,          ,        ,          ,        ,         ,               ,            75,               4,                     ,                    
step2_killfix_variant__confirmed_locked           , calmar         ,           57, COMPLETE             ,                      , 1.3413749999999998    , 1.6099999999999999  , 0.53725            , "[1.738, 0.189, 1.51, 1.71]"                                                       , 40.2             , 0.897          , -44.81                   ,             200,             ,        ,       ,            ,      ,      ,         ,        ,          ,        ,          ,        ,         ,               ,           125,               5,                     ,                    
step2_killfix_variant__confirmed_locked           , calmar         ,           58, COMPLETE             ,                      , 1.325875              , 1.592               , 0.5322500000000001 , "[1.738, 0.317, 1.474, 1.71]"                                                      , 41.23            , 1.063          , -38.78                   ,             190,             ,        ,       ,            ,      ,      ,         ,        ,          ,        ,          ,        ,         ,               ,            75,               5,                     ,                    
step2_killfix_variant__confirmed_locked           , calmar         ,           59, PRUNED               ,                      , 1.666                 ,                     ,                    , [1.666]                                                                            , 40.13            , 0.946          , -42.42                   ,             194,             ,        ,       ,            ,      ,      ,         ,        ,          ,        ,          ,        ,         ,               ,           175,               2,                     ,                    
step2_killfix_variant__confirmed_locked           , calmar         ,           60, COMPLETE             ,                      , 1.325875              , 1.592               , 0.5322500000000001 , "[1.738, 0.317, 1.474, 1.71]"                                                      , 41.24            , 1.064          , -38.78                   ,             190,             ,        ,       ,            ,      ,      ,         ,        ,          ,        ,          ,        ,         ,               ,           150,               4,                     ,                    
step2_killfix_variant__confirmed_locked           , calmar         ,           61, COMPLETE             ,                      , 1.325875              , 1.592               , 0.5322500000000001 , "[1.738, 0.317, 1.474, 1.71]"                                                      , 41.24            , 1.064          , -38.78                   ,             190,             ,        ,       ,            ,      ,      ,         ,        ,          ,        ,          ,        ,         ,               ,           125,               4,                     ,                    
step2_killfix_variant__confirmed_locked           , calmar         ,           62, COMPLETE             ,                      , 1.33575               , 1.609               , 0.5465             , "[1.738, 0.158, 1.508, 1.71]"                                                      , 39.71            , 0.884          , -44.91                   ,             198,             ,        ,       ,            ,      ,      ,         ,        ,          ,        ,          ,        ,         ,               ,           200,               1,                     ,                    
step2_killfix_variant__confirmed_locked           , calmar         ,           63, COMPLETE             ,                      , 1.3621249999999998    , 1.6115              , 0.49875000000000025, "[1.738, 0.334, 1.513, 1.71]"                                                      , 41.73            , 1.094          , -38.15                   ,             190,             ,        ,       ,            ,      ,      ,         ,        ,          ,        ,          ,        ,         ,               ,           100,               4,                     ,                    
step2_killfix_variant__confirmed_locked           , calmar         ,           64, COMPLETE             ,                      , 1.3621249999999998    , 1.6115              , 0.49875000000000025, "[1.738, 0.334, 1.513, 1.71]"                                                      , 41.73            , 1.094          , -38.15                   ,             190,             ,        ,       ,            ,      ,      ,         ,        ,          ,        ,          ,        ,         ,               ,            75,               4,                     ,                    
step2_killfix_variant__confirmed_locked           , calmar         ,           65, COMPLETE             ,                      , 1.332125              , 1.5995              , 0.5347500000000001 , "[1.738, 0.262, 1.489, 1.71]"                                                      , 40.84            , 0.995          , -41.05                   ,             194,             ,        ,       ,            ,      ,      ,         ,        ,          ,        ,          ,        ,         ,               ,            50,               4,                     ,                    
step2_killfix_variant__confirmed_locked           , calmar         ,           66, PRUNED               ,                      , 1.666                 ,                     ,                    , [1.666]                                                                            , 38.88            , 0.823          , -47.22                   ,             202,             ,        ,       ,            ,      ,      ,         ,        ,          ,        ,          ,        ,         ,               ,            75,               2,                     ,                    
step2_killfix_variant__confirmed_locked           , calmar         ,           67, COMPLETE             ,                      , 1.3621249999999998    , 1.6115              , 0.49875000000000025, "[1.738, 0.334, 1.513, 1.71]"                                                      , 41.73            , 1.094          , -38.15                   ,             190,             ,        ,       ,            ,      ,      ,         ,        ,          ,        ,          ,        ,         ,               ,           100,               4,                     ,                    
step2_killfix_variant__confirmed_locked           , calmar         ,           68, PRUNED               ,                      , 1.692                 ,                     ,                    , [1.692]                                                                            , 39.04            , 0.826          , -47.26                   ,             202,             ,        ,       ,            ,      ,      ,         ,        ,          ,        ,          ,        ,         ,               ,            25,               4,                     ,                    
step2_killfix_variant__confirmed_locked           , calmar         ,           69, COMPLETE             ,                      , 1.3621249999999998    , 1.6115              , 0.49875000000000025, "[1.738, 0.334, 1.513, 1.71]"                                                      , 41.73            , 1.094          , -38.15                   ,             190,             ,        ,       ,            ,      ,      ,         ,        ,          ,        ,          ,        ,         ,               ,            75,               4,                     ,                    
step2_killfix_variant__confirmed_locked           , calmar         ,           70, PRUNED               ,                      , 1.672                 ,                     ,                    , [1.672]                                                                            , 39.16            , 0.831          , -47.1                    ,             202,             ,        ,       ,            ,      ,      ,         ,        ,          ,        ,          ,        ,         ,               ,           100,               1,                     ,                    
step2_killfix_variant__confirmed_locked           , calmar         ,           71, COMPLETE             ,                      , 1.3621249999999998    , 1.6115              , 0.49875000000000025, "[1.738, 0.334, 1.513, 1.71]"                                                      , 41.73            , 1.094          , -38.15                   ,             190,             ,        ,       ,            ,      ,      ,         ,        ,          ,        ,          ,        ,         ,               ,            75,               4,                     ,                    
step2_killfix_variant__confirmed_locked           , calmar         ,           72, COMPLETE             ,                      , 1.335375              , 1.5995              , 0.5282499999999999 , "[1.738, 0.288, 1.489, 1.71]"                                                      , 41.13            , 1.021          , -40.28                   ,             200,             ,        ,       ,            ,      ,      ,         ,        ,          ,        ,          ,        ,         ,               ,           225,               2,                     ,                    
step2_killfix_variant__confirmed_locked           , calmar         ,           73, COMPLETE             ,                      , 1.317875              , 1.5945              , 0.55325            , "[1.738, 0.218, 1.479, 1.71]"                                                      , 40.38            , 0.906          , -44.59                   ,             200,             ,        ,       ,            ,      ,      ,         ,        ,          ,        ,          ,        ,         ,               ,           250,               5,                     ,                    
step2_killfix_variant__confirmed_locked           , calmar         ,           74, COMPLETE             ,                      , 1.301875              , 1.5865              , 0.56925            , "[1.738, 0.202, 1.463, 1.71]"                                                      , 40.0             , 0.897          , -44.59                   ,             200,             ,        ,       ,            ,      ,      ,         ,        ,          ,        ,          ,        ,         ,               ,           275,               4,                     ,                    
step2_killfix_variant__confirmed_locked           , calmar         ,           75, PRUNED               ,                      , 1.672                 ,                     ,                    , [1.672]                                                                            , 39.4             , 0.853          , -46.19                   ,             202,             ,        ,       ,            ,      ,      ,         ,        ,          ,        ,          ,        ,         ,               ,           125,               1,                     ,                    
step2_killfix_variant__confirmed_locked           , calmar         ,           76, PRUNED               ,                      , 1.692                 ,                     ,                    , [1.692]                                                                            , 40.86            , 1.062          , -38.47                   ,             194,             ,        ,       ,            ,      ,      ,         ,        ,          ,        ,          ,        ,         ,               ,           100,               3,                     ,                    
step2_killfix_variant__confirmed_locked           , calmar         ,           77, COMPLETE             ,                      , 1.3621249999999998    , 1.6115              , 0.49875000000000025, "[1.738, 0.334, 1.513, 1.71]"                                                      , 41.73            , 1.094          , -38.15                   ,             190,             ,        ,       ,            ,      ,      ,         ,        ,          ,        ,          ,        ,         ,               ,            75,               4,                     ,                    
step2_killfix_variant__confirmed_locked           , calmar         ,           78, COMPLETE             ,                      , 1.3621249999999998    , 1.6115              , 0.49875000000000025, "[1.738, 0.334, 1.513, 1.71]"                                                      , 41.73            , 1.094          , -38.15                   ,             190,             ,        ,       ,            ,      ,      ,         ,        ,          ,        ,          ,        ,         ,               ,            75,               4,                     ,                    
step2_killfix_variant__confirmed_locked           , calmar         ,           79, COMPLETE             ,                      , 1.332125              , 1.5995              , 0.5347500000000001 , "[1.738, 0.262, 1.489, 1.71]"                                                      , 40.84            , 0.995          , -41.05                   ,             194,             ,        ,       ,            ,      ,      ,         ,        ,          ,        ,          ,        ,         ,               ,            50,               4,                     ,                    
step2_killfix_variant__confirmed_locked           , calmar         ,           80, COMPLETE             ,                      , 1.325875              , 1.592               , 0.5322500000000001 , "[1.738, 0.317, 1.474, 1.71]"                                                      , 41.24            , 1.064          , -38.78                   ,             190,             ,        ,       ,            ,      ,      ,         ,        ,          ,        ,          ,        ,         ,               ,           125,               4,                     ,                    
step2_killfix_variant__confirmed_locked           , calmar         ,           81, COMPLETE             ,                      , 1.332125              , 1.5995              , 0.5347500000000001 , "[1.738, 0.262, 1.489, 1.71]"                                                      , 40.84            , 0.995          , -41.05                   ,             194,             ,        ,       ,            ,      ,      ,         ,        ,          ,        ,          ,        ,         ,               ,            50,               4,                     ,                    
step2_killfix_variant__confirmed_locked           , calmar         ,           82, COMPLETE             ,                      , 1.325875              , 1.592               , 0.5322500000000001 , "[1.738, 0.317, 1.474, 1.71]"                                                      , 41.24            , 1.064          , -38.78                   ,             190,             ,        ,       ,            ,      ,      ,         ,        ,          ,        ,          ,        ,         ,               ,           125,               4,                     ,                    
step2_killfix_variant__confirmed_locked           , calmar         ,           83, PRUNED               ,                      , 1.692                 ,                     ,                    , [1.692]                                                                            , 40.86            , 1.062          , -38.47                   ,             194,             ,        ,       ,            ,      ,      ,         ,        ,          ,        ,          ,        ,         ,               ,           100,               3,                     ,                    
step2_killfix_variant__confirmed_locked           , calmar         ,           84, COMPLETE             ,                      , 1.3621249999999998    , 1.6115              , 0.49875000000000025, "[1.738, 0.334, 1.513, 1.71]"                                                      , 41.73            , 1.094          , -38.15                   ,             190,             ,        ,       ,            ,      ,      ,         ,        ,          ,        ,          ,        ,         ,               ,           100,               4,                     ,                    
step2_killfix_variant__confirmed_locked           , calmar         ,           85, COMPLETE             ,                      , 1.3135                , 1.592               , 0.5570000000000002 , "[1.738, 0.218, 1.474, 1.71]"                                                      , 40.25            , 0.928          , -43.37                   ,             200,             ,        ,       ,            ,      ,      ,         ,        ,          ,        ,          ,        ,         ,               ,           300,               2,                     ,                    
step2_killfix_variant__confirmed_locked           , calmar         ,           86, COMPLETE             ,                      , 1.3621249999999998    , 1.6115              , 0.49875000000000025, "[1.738, 0.334, 1.513, 1.71]"                                                      , 41.73            , 1.094          , -38.15                   ,             190,             ,        ,       ,            ,      ,      ,         ,        ,          ,        ,          ,        ,         ,               ,            75,               4,                     ,                    
step2_killfix_variant__confirmed_locked           , calmar         ,           87, COMPLETE             ,                      , 1.3621249999999998    , 1.6115              , 0.49875000000000025, "[1.738, 0.334, 1.513, 1.71]"                                                      , 41.73            , 1.094          , -38.15                   ,             190,             ,        ,       ,            ,      ,      ,         ,        ,          ,        ,          ,        ,         ,               ,           100,               4,                     ,                    
step2_killfix_variant__confirmed_locked           , calmar         ,           88, COMPLETE             ,                      , 1.325875              , 1.592               , 0.5322500000000001 , "[1.738, 0.317, 1.474, 1.71]"                                                      , 41.23            , 1.063          , -38.78                   ,             190,             ,        ,       ,            ,      ,      ,         ,        ,          ,        ,          ,        ,         ,               ,            75,               5,                     ,                    
step2_killfix_variant__confirmed_locked           , calmar         ,           89, COMPLETE             ,                      , 1.332125              , 1.5995              , 0.5347500000000001 , "[1.738, 0.262, 1.489, 1.71]"                                                      , 40.84            , 0.995          , -41.05                   ,             194,             ,        ,       ,            ,      ,      ,         ,        ,          ,        ,          ,        ,         ,               ,            50,               4,                     ,                    
step2_killfix_variant__confirmed_locked           , calmar         ,           90, PRUNED               ,                      , 1.672                 ,                     ,                    , [1.672]                                                                            , 37.85            , 0.851          , -44.46                   ,             206,             ,        ,       ,            ,      ,      ,         ,        ,          ,        ,          ,        ,         ,               ,            75,               1,                     ,                    
step2_killfix_variant__confirmed_locked           , calmar         ,           91, COMPLETE             ,                      , 1.3621249999999998    , 1.6115              , 0.49875000000000025, "[1.738, 0.334, 1.513, 1.71]"                                                      , 41.73            , 1.094          , -38.15                   ,             190,             ,        ,       ,            ,      ,      ,         ,        ,          ,        ,          ,        ,         ,               ,            75,               4,                     ,                    
step2_killfix_variant__confirmed_locked           , calmar         ,           92, COMPLETE             ,                      , 1.3621249999999998    , 1.6115              , 0.49875000000000025, "[1.738, 0.334, 1.513, 1.71]"                                                      , 41.73            , 1.094          , -38.15                   ,             190,             ,        ,       ,            ,      ,      ,         ,        ,          ,        ,          ,        ,         ,               ,           100,               4,                     ,                    
step2_killfix_variant__confirmed_locked           , calmar         ,           93, COMPLETE             ,                      , 1.3621249999999998    , 1.6115              , 0.49875000000000025, "[1.738, 0.334, 1.513, 1.71]"                                                      , 41.73            , 1.094          , -38.15                   ,             190,             ,        ,       ,            ,      ,      ,         ,        ,          ,        ,          ,        ,         ,               ,           100,               4,                     ,                    
step2_killfix_variant__confirmed_locked           , calmar         ,           94, COMPLETE             ,                      , 1.3413749999999998    , 1.6099999999999999  , 0.53725            , "[1.738, 0.189, 1.51, 1.71]"                                                       , 40.2             , 0.897          , -44.81                   ,             200,             ,        ,       ,            ,      ,      ,         ,        ,          ,        ,          ,        ,         ,               ,           125,               5,                     ,                    
step2_killfix_variant__confirmed_locked           , calmar         ,           95, PRUNED               ,                      , 1.692                 ,                     ,                    , [1.692]                                                                            , 40.86            , 1.062          , -38.47                   ,             194,             ,        ,       ,            ,      ,      ,         ,        ,          ,        ,          ,        ,         ,               ,            75,               3,                     ,                    
step2_killfix_variant__confirmed_locked           , calmar         ,           96, COMPLETE             ,                      , 1.3621249999999998    , 1.6115              , 0.49875000000000025, "[1.738, 0.334, 1.513, 1.71]"                                                      , 41.73            , 1.094          , -38.15                   ,             190,             ,        ,       ,            ,      ,      ,         ,        ,          ,        ,          ,        ,         ,               ,            75,               4,                     ,                    
step2_killfix_variant__confirmed_locked           , calmar         ,           97, COMPLETE             ,                      , 1.316125              , 1.609               , 0.58575            , "[1.738, 0.001, 1.508, 1.71]"                                                      , 37.11            , 0.666          , -55.77                   ,             204,             ,        ,       ,            ,      ,      ,         ,        ,          ,        ,          ,        ,         ,               ,           275,               1,                     ,                    
step2_killfix_variant__confirmed_locked           , calmar         ,           98, PRUNED               ,                      , 1.666                 ,                     ,                    , [1.666]                                                                            , 40.35            , 0.975          , -41.38                   ,             198,             ,        ,       ,            ,      ,      ,         ,        ,          ,        ,          ,        ,         ,               ,           100,               2,                     ,                    
step2_killfix_variant__confirmed_locked           , calmar         ,           99, COMPLETE             ,                      , 1.332125              , 1.5995              , 0.5347500000000001 , "[1.738, 0.262, 1.489, 1.71]"                                                      , 40.84            , 0.995          , -41.05                   ,             194,             ,        ,       ,            ,      ,      ,         ,        ,          ,        ,          ,        ,         ,               ,            50,               4,                     ,                    
step2_killfix_variant__confirmed_locked           , calmar         ,          100, COMPLETE             ,                      , 1.3621249999999998    , 1.6115              , 0.49875000000000025, "[1.738, 0.334, 1.513, 1.71]"                                                      , 41.73            , 1.094          , -38.15                   ,             190,             ,        ,       ,            ,      ,      ,         ,        ,          ,        ,          ,        ,         ,               ,            75,               4,                     ,                    
step2_killfix_variant__confirmed_locked           , calmar         ,          101, COMPLETE             ,                      , 1.3621249999999998    , 1.6115              , 0.49875000000000025, "[1.738, 0.334, 1.513, 1.71]"                                                      , 41.73            , 1.094          , -38.15                   ,             190,             ,        ,       ,            ,      ,      ,         ,        ,          ,        ,          ,        ,         ,               ,           100,               4,                     ,                    
step2_killfix_variant__confirmed_locked           , calmar         ,          102, COMPLETE             ,                      , 1.3621249999999998    , 1.6115              , 0.49875000000000025, "[1.738, 0.334, 1.513, 1.71]"                                                      , 41.73            , 1.094          , -38.15                   ,             190,             ,        ,       ,            ,      ,      ,         ,        ,          ,        ,          ,        ,         ,               ,            75,               4,                     ,                    
step2_killfix_variant__confirmed_locked           , calmar         ,          103, COMPLETE             ,                      , 1.3621249999999998    , 1.6115              , 0.49875000000000025, "[1.738, 0.334, 1.513, 1.71]"                                                      , 41.73            , 1.094          , -38.15                   ,             190,             ,        ,       ,            ,      ,      ,         ,        ,          ,        ,          ,        ,         ,               ,           100,               4,                     ,                    
step2_killfix_variant__confirmed_locked           , calmar         ,          104, COMPLETE             ,                      , 1.3621249999999998    , 1.6115              , 0.49875000000000025, "[1.738, 0.334, 1.513, 1.71]"                                                      , 41.73            , 1.094          , -38.15                   ,             190,             ,        ,       ,            ,      ,      ,         ,        ,          ,        ,          ,        ,         ,               ,            75,               4,                     ,                    
step2_killfix_variant__confirmed_locked           , calmar         ,          105, COMPLETE             ,                      , 1.325875              , 1.592               , 0.5322500000000001 , "[1.738, 0.317, 1.474, 1.71]"                                                      , 41.24            , 1.064          , -38.78                   ,             190,             ,        ,       ,            ,      ,      ,         ,        ,          ,        ,          ,        ,         ,               ,           125,               4,                     ,                    
step2_killfix_variant__confirmed_locked           , calmar         ,          106, COMPLETE             ,                      , 1.3621249999999998    , 1.6115              , 0.49875000000000025, "[1.738, 0.334, 1.513, 1.71]"                                                      , 41.73            , 1.094          , -38.15                   ,             190,             ,        ,       ,            ,      ,      ,         ,        ,          ,        ,          ,        ,         ,               ,           100,               4,                     ,                    
step2_killfix_variant__confirmed_locked           , calmar         ,          107, COMPLETE             ,                      , 1.3621249999999998    , 1.6115              , 0.49875000000000025, "[1.738, 0.334, 1.513, 1.71]"                                                      , 41.73            , 1.094          , -38.15                   ,             190,             ,        ,       ,            ,      ,      ,         ,        ,          ,        ,          ,        ,         ,               ,            75,               4,                     ,                    
step2_killfix_variant__confirmed_locked           , calmar         ,          108, COMPLETE             ,                      , 1.325875              , 1.592               , 0.5322500000000001 , "[1.738, 0.317, 1.474, 1.71]"                                                      , 41.23            , 1.063          , -38.78                   ,             190,             ,        ,       ,            ,      ,      ,         ,        ,          ,        ,          ,        ,         ,               ,           100,               5,                     ,                    
step2_killfix_variant__confirmed_locked           , calmar         ,          109, COMPLETE             ,                      , 1.3492499999999998    , 1.6115              , 0.5245000000000002 , "[1.738, 0.231, 1.513, 1.71]"                                                      , 40.74            , 0.952          , -42.79                   ,             200,             ,        ,       ,            ,      ,      ,         ,        ,          ,        ,          ,        ,         ,               ,           225,               3,                     ,                    
step2_killfix_variant__confirmed_locked           , calmar         ,          110, PRUNED               ,                      , 1.032                 ,                     ,                    , [1.032]                                                                            , 33.52            , 0.796          , -42.13                   ,             214,             ,        ,       ,            ,      ,      ,         ,        ,          ,        ,          ,        ,         ,               ,            25,               1,                     ,                    
step2_killfix_variant__confirmed_locked           , calmar         ,          111, COMPLETE             ,                      , 1.3621249999999998    , 1.6115              , 0.49875000000000025, "[1.738, 0.334, 1.513, 1.71]"                                                      , 41.73            , 1.094          , -38.15                   ,             190,             ,        ,       ,            ,      ,      ,         ,        ,          ,        ,          ,        ,         ,               ,           100,               4,                     ,                    
step2_killfix_variant__confirmed_locked           , calmar         ,          112, COMPLETE             ,                      , 1.3621249999999998    , 1.6115              , 0.49875000000000025, "[1.738, 0.334, 1.513, 1.71]"                                                      , 41.73            , 1.094          , -38.15                   ,             190,             ,        ,       ,            ,      ,      ,         ,        ,          ,        ,          ,        ,         ,               ,           100,               4,                     ,                    
step2_killfix_variant__confirmed_locked           , calmar         ,          113, COMPLETE             ,                      , 1.332125              , 1.5995              , 0.5347500000000001 , "[1.738, 0.262, 1.489, 1.71]"                                                      , 40.84            , 0.995          , -41.05                   ,             194,             ,        ,       ,            ,      ,      ,         ,        ,          ,        ,          ,        ,         ,               ,            50,               4,                     ,                    
step2_killfix_variant__confirmed_locked           , calmar         ,          114, COMPLETE             ,                      , 1.3621249999999998    , 1.6115              , 0.49875000000000025, "[1.738, 0.334, 1.513, 1.71]"                                                      , 41.73            , 1.094          , -38.15                   ,             190,             ,        ,       ,            ,      ,      ,         ,        ,          ,        ,          ,        ,         ,               ,           100,               4,                     ,                    
step2_killfix_variant__confirmed_locked           , calmar         ,          115, COMPLETE             ,                      , 1.3621249999999998    , 1.6115              , 0.49875000000000025, "[1.738, 0.334, 1.513, 1.71]"                                                      , 41.73            , 1.094          , -38.15                   ,             190,             ,        ,       ,            ,      ,      ,         ,        ,          ,        ,          ,        ,         ,               ,            75,               4,                     ,                    
step2_killfix_variant__confirmed_locked           , calmar         ,          116, COMPLETE             ,                      , 1.3621249999999998    , 1.6115              , 0.49875000000000025, "[1.738, 0.334, 1.513, 1.71]"                                                      , 41.73            , 1.094          , -38.15                   ,             190,             ,        ,       ,            ,      ,      ,         ,        ,          ,        ,          ,        ,         ,               ,            75,               4,                     ,                    
step2_killfix_variant__confirmed_locked           , calmar         ,          117, COMPLETE             ,                      , 1.325875              , 1.592               , 0.5322500000000001 , "[1.738, 0.317, 1.474, 1.71]"                                                      , 41.24            , 1.064          , -38.78                   ,             190,             ,        ,       ,            ,      ,      ,         ,        ,          ,        ,          ,        ,         ,               ,           125,               4,                     ,                    
step2_killfix_variant__confirmed_locked           , calmar         ,          118, COMPLETE             ,                      , 1.332125              , 1.5995              , 0.5347500000000001 , "[1.738, 0.262, 1.489, 1.71]"                                                      , 40.84            , 0.995          , -41.05                   ,             194,             ,        ,       ,            ,      ,      ,         ,        ,          ,        ,          ,        ,         ,               ,            50,               4,                     ,                    
step2_killfix_variant__confirmed_locked           , calmar         ,          119, PRUNED               ,                      , 1.692                 ,                     ,                    , [1.692]                                                                            , 41.21            , 1.094          , -37.67                   ,             194,             ,        ,       ,            ,      ,      ,         ,        ,          ,        ,          ,        ,         ,               ,            50,               3,                     ,                    
step2_killfix_variant__confirmed_locked           , calmar         ,          120, COMPLETE             ,                      , 1.3621249999999998    , 1.6115              , 0.49875000000000025, "[1.738, 0.334, 1.513, 1.71]"                                                      , 41.73            , 1.094          , -38.15                   ,             190,             ,        ,       ,            ,      ,      ,         ,        ,          ,        ,          ,        ,         ,               ,           100,               4,                     ,                    
step2_killfix_variant__confirmed_locked           , calmar         ,          121, COMPLETE             ,                      , 1.3621249999999998    , 1.6115              , 0.49875000000000025, "[1.738, 0.334, 1.513, 1.71]"                                                      , 41.73            , 1.094          , -38.15                   ,             190,             ,        ,       ,            ,      ,      ,         ,        ,          ,        ,          ,        ,         ,               ,            75,               4,                     ,                    
step2_killfix_variant__confirmed_locked           , calmar         ,          122, COMPLETE             ,                      , 1.3621249999999998    , 1.6115              , 0.49875000000000025, "[1.738, 0.334, 1.513, 1.71]"                                                      , 41.73            , 1.094          , -38.15                   ,             190,             ,        ,       ,            ,      ,      ,         ,        ,          ,        ,          ,        ,         ,               ,            75,               4,                     ,                    
step2_killfix_variant__confirmed_locked           , calmar         ,          123, COMPLETE             ,                      , 1.332125              , 1.5995              , 0.5347500000000001 , "[1.738, 0.262, 1.489, 1.71]"                                                      , 40.84            , 0.995          , -41.05                   ,             194,             ,        ,       ,            ,      ,      ,         ,        ,          ,        ,          ,        ,         ,               ,            50,               4,                     ,                    
step2_killfix_variant__confirmed_locked           , calmar         ,          124, COMPLETE             ,                      , 1.3621249999999998    , 1.6115              , 0.49875000000000025, "[1.738, 0.334, 1.513, 1.71]"                                                      , 41.73            , 1.094          , -38.15                   ,             190,             ,        ,       ,            ,      ,      ,         ,        ,          ,        ,          ,        ,         ,               ,            75,               4,                     ,                    
step2_killfix_variant__confirmed_locked           , calmar         ,          125, COMPLETE             ,                      , 1.3621249999999998    , 1.6115              , 0.49875000000000025, "[1.738, 0.334, 1.513, 1.71]"                                                      , 41.73            , 1.094          , -38.15                   ,             190,             ,        ,       ,            ,      ,      ,         ,        ,          ,        ,          ,        ,         ,               ,           100,               4,                     ,                    
step2_killfix_variant__confirmed_locked           , calmar         ,          126, COMPLETE             ,                      , 1.325875              , 1.592               , 0.5322500000000001 , "[1.738, 0.317, 1.474, 1.71]"                                                      , 41.24            , 1.064          , -38.78                   ,             190,             ,        ,       ,            ,      ,      ,         ,        ,          ,        ,          ,        ,         ,               ,           125,               4,                     ,                    
step2_killfix_variant__confirmed_locked           , calmar         ,          127, COMPLETE             ,                      , 1.3621249999999998    , 1.6115              , 0.49875000000000025, "[1.738, 0.334, 1.513, 1.71]"                                                      , 41.73            , 1.094          , -38.15                   ,             190,             ,        ,       ,            ,      ,      ,         ,        ,          ,        ,          ,        ,         ,               ,            75,               4,                     ,                    
step2_killfix_variant__confirmed_locked           , calmar         ,          128, PRUNED               ,                      , 1.692                 ,                     ,                    , [1.692]                                                                            , 39.04            , 0.826          , -47.26                   ,             202,             ,        ,       ,            ,      ,      ,         ,        ,          ,        ,          ,        ,         ,               ,            25,               4,                     ,                    
step2_killfix_variant__confirmed_locked           , calmar         ,          129, COMPLETE             ,                      , 1.332125              , 1.5995              , 0.5347500000000001 , "[1.738, 0.262, 1.489, 1.71]"                                                      , 40.84            , 0.995          , -41.05                   ,             194,             ,        ,       ,            ,      ,      ,         ,        ,          ,        ,          ,        ,         ,               ,            50,               4,                     ,                    
step2_killfix_variant__confirmed_locked           , calmar         ,          130, COMPLETE             ,                      , 1.3621249999999998    , 1.6115              , 0.49875000000000025, "[1.738, 0.334, 1.513, 1.71]"                                                      , 41.73            , 1.094          , -38.15                   ,             190,             ,        ,       ,            ,      ,      ,         ,        ,          ,        ,          ,        ,         ,               ,            75,               4,                     ,                    
step2_killfix_variant__confirmed_locked           , calmar         ,          131, COMPLETE             ,                      , 1.3621249999999998    , 1.6115              , 0.49875000000000025, "[1.738, 0.334, 1.513, 1.71]"                                                      , 41.73            , 1.094          , -38.15                   ,             190,             ,        ,       ,            ,      ,      ,         ,        ,          ,        ,          ,        ,         ,               ,           100,               4,                     ,                    
step2_killfix_variant__confirmed_locked           , calmar         ,          132, COMPLETE             ,                      , 1.3621249999999998    , 1.6115              , 0.49875000000000025, "[1.738, 0.334, 1.513, 1.71]"                                                      , 41.73            , 1.094          , -38.15                   ,             190,             ,        ,       ,            ,      ,      ,         ,        ,          ,        ,          ,        ,         ,               ,           100,               4,                     ,                    
step2_killfix_variant__confirmed_locked           , calmar         ,          133, COMPLETE             ,                      , 1.325875              , 1.592               , 0.5322500000000001 , "[1.738, 0.317, 1.474, 1.71]"                                                      , 41.24            , 1.064          , -38.78                   ,             190,             ,        ,       ,            ,      ,      ,         ,        ,          ,        ,          ,        ,         ,               ,           150,               4,                     ,                    
step2_killfix_variant__confirmed_locked           , calmar         ,          134, COMPLETE             ,                      , 1.3621249999999998    , 1.6115              , 0.49875000000000025, "[1.738, 0.334, 1.513, 1.71]"                                                      , 41.73            , 1.094          , -38.15                   ,             190,             ,        ,       ,            ,      ,      ,         ,        ,          ,        ,          ,        ,         ,               ,           100,               4,                     ,                    
step2_killfix_variant__confirmed_locked           , calmar         ,          135, COMPLETE             ,                      , 1.325875              , 1.592               , 0.5322500000000001 , "[1.738, 0.317, 1.474, 1.71]"                                                      , 41.24            , 1.064          , -38.78                   ,             190,             ,        ,       ,            ,      ,      ,         ,        ,          ,        ,          ,        ,         ,               ,           125,               4,                     ,                    
step2_killfix_variant__confirmed_locked           , calmar         ,          136, COMPLETE             ,                      , 1.3621249999999998    , 1.6115              , 0.49875000000000025, "[1.738, 0.334, 1.513, 1.71]"                                                      , 41.73            , 1.094          , -38.15                   ,             190,             ,        ,       ,            ,      ,      ,         ,        ,          ,        ,          ,        ,         ,               ,            75,               4,                     ,                    
step2_killfix_variant__confirmed_locked           , calmar         ,          137, COMPLETE             ,                      , 1.3621249999999998    , 1.6115              , 0.49875000000000025, "[1.738, 0.334, 1.513, 1.71]"                                                      , 41.73            , 1.094          , -38.15                   ,             190,             ,        ,       ,            ,      ,      ,         ,        ,          ,        ,          ,        ,         ,               ,            75,               4,                     ,                    
step2_killfix_variant__confirmed_locked           , calmar         ,          138, COMPLETE             ,                      , 1.3621249999999998    , 1.6115              , 0.49875000000000025, "[1.738, 0.334, 1.513, 1.71]"                                                      , 41.73            , 1.094          , -38.15                   ,             190,             ,        ,       ,            ,      ,      ,         ,        ,          ,        ,          ,        ,         ,               ,           100,               4,                     ,                    
step2_killfix_variant__confirmed_locked           , calmar         ,          139, COMPLETE             ,                      , 1.3621249999999998    , 1.6115              , 0.49875000000000025, "[1.738, 0.334, 1.513, 1.71]"                                                      , 41.73            , 1.094          , -38.15                   ,             190,             ,        ,       ,            ,      ,      ,         ,        ,          ,        ,          ,        ,         ,               ,           100,               4,                     ,                    
step2_killfix_variant__confirmed_locked           , calmar         ,          140, COMPLETE             ,                      , 1.332125              , 1.5995              , 0.5347500000000001 , "[1.738, 0.262, 1.489, 1.71]"                                                      , 40.84            , 0.995          , -41.05                   ,             194,             ,        ,       ,            ,      ,      ,         ,        ,          ,        ,          ,        ,         ,               ,            50,               4,                     ,                    
step2_killfix_variant__confirmed_locked           , calmar         ,          141, COMPLETE             ,                      , 1.3621249999999998    , 1.6115              , 0.49875000000000025, "[1.738, 0.334, 1.513, 1.71]"                                                      , 41.73            , 1.094          , -38.15                   ,             190,             ,        ,       ,            ,      ,      ,         ,        ,          ,        ,          ,        ,         ,               ,            75,               4,                     ,                    
step2_killfix_variant__confirmed_locked           , calmar         ,          142, COMPLETE             ,                      , 1.3621249999999998    , 1.6115              , 0.49875000000000025, "[1.738, 0.334, 1.513, 1.71]"                                                      , 41.73            , 1.094          , -38.15                   ,             190,             ,        ,       ,            ,      ,      ,         ,        ,          ,        ,          ,        ,         ,               ,            75,               4,                     ,                    
step2_killfix_variant__confirmed_locked           , calmar         ,          143, COMPLETE             ,                      , 1.3621249999999998    , 1.6115              , 0.49875000000000025, "[1.738, 0.334, 1.513, 1.71]"                                                      , 41.73            , 1.094          , -38.15                   ,             190,             ,        ,       ,            ,      ,      ,         ,        ,          ,        ,          ,        ,         ,               ,            75,               4,                     ,                    
step2_killfix_variant__confirmed_locked           , calmar         ,          144, PRUNED               ,                      , 1.666                 ,                     ,                    , [1.666]                                                                            , 39.23            , 0.867          , -45.26                   ,             198,             ,        ,       ,            ,      ,      ,         ,        ,          ,        ,          ,        ,         ,               ,           150,               2,                     ,                    
step2_killfix_variant__confirmed_locked           , calmar         ,          145, COMPLETE             ,                      , 1.3621249999999998    , 1.6115              , 0.49875000000000025, "[1.738, 0.334, 1.513, 1.71]"                                                      , 41.73            , 1.094          , -38.15                   ,             190,             ,        ,       ,            ,      ,      ,         ,        ,          ,        ,          ,        ,         ,               ,           100,               4,                     ,                    
step2_killfix_variant__confirmed_locked           , calmar         ,          146, COMPLETE             ,                      , 1.3621249999999998    , 1.6115              , 0.49875000000000025, "[1.738, 0.334, 1.513, 1.71]"                                                      , 41.73            , 1.094          , -38.15                   ,             190,             ,        ,       ,            ,      ,      ,         ,        ,          ,        ,          ,        ,         ,               ,            75,               4,                     ,                    
step2_killfix_variant__confirmed_locked           , calmar         ,          147, COMPLETE             ,                      , 1.3621249999999998    , 1.6115              , 0.49875000000000025, "[1.738, 0.334, 1.513, 1.71]"                                                      , 41.73            , 1.094          , -38.15                   ,             190,             ,        ,       ,            ,      ,      ,         ,        ,          ,        ,          ,        ,         ,               ,            75,               4,                     ,                    
step2_killfix_variant__confirmed_locked           , calmar         ,          148, COMPLETE             ,                      , 1.3621249999999998    , 1.6115              , 0.49875000000000025, "[1.738, 0.334, 1.513, 1.71]"                                                      , 41.73            , 1.094          , -38.15                   ,             190,             ,        ,       ,            ,      ,      ,         ,        ,          ,        ,          ,        ,         ,               ,           100,               4,                     ,                    
step2_killfix_variant__confirmed_locked           , calmar         ,          149, COMPLETE             ,                      , 1.3621249999999998    , 1.6115              , 0.49875000000000025, "[1.738, 0.334, 1.513, 1.71]"                                                      , 41.73            , 1.094          , -38.15                   ,             190,             ,        ,       ,            ,      ,      ,         ,        ,          ,        ,          ,        ,         ,               ,           100,               4,                     ,                    
step2_reentry_variant__confirmed_locked           , calmar         ,            0, COMPLETE             ,                      , 0.935875              , 1.095               , 0.31825000000000003, "[1.089, 0.633, 1.101, 1.87]"                                                      , 37.95            , 0.95           , -39.94                   ,             300,             ,        ,       ,            ,      ,      ,         ,        ,          ,        ,          ,        ,         ,               ,              ,                ,                    3,                    
step2_reentry_variant__confirmed_locked           , calmar         ,            1, COMPLETE             ,                      , 0.9050000000000001    , 1.1545              , 0.4989999999999999 , "[1.03, 0.288, 1.279, 1.537]"                                                      , 35.5             , 0.889          , -39.94                   ,             214,             ,        ,       ,            ,      ,      ,         ,        ,          ,        ,          ,        ,         ,               ,              ,                ,                    4,                    
step2_reentry_variant__confirmed_locked           , calmar         ,            2, COMPLETE             ,                      , 0.9050000000000001    , 1.1545              , 0.4989999999999999 , "[1.03, 0.288, 1.279, 1.537]"                                                      , 35.5             , 0.889          , -39.94                   ,             214,             ,        ,       ,            ,      ,      ,         ,        ,          ,        ,          ,        ,         ,               ,              ,                ,                    4,                    
step2_reentry_variant__confirmed_locked           , calmar         ,            3, COMPLETE             ,                      , 0.935875              , 1.095               , 0.31825000000000003, "[1.089, 0.633, 1.101, 1.87]"                                                      , 37.95            , 0.95           , -39.94                   ,             300,             ,        ,       ,            ,      ,      ,         ,        ,          ,        ,          ,        ,         ,               ,              ,                ,                    3,                    
step2_reentry_variant__confirmed_locked           , calmar         ,            4, COMPLETE             ,                      , 0.755375              , 1.088               , 0.6652500000000001 , "[1.761, 0.822, 0.696, 1.354]"                                                     , 39.49            , 0.876          , -45.07                   ,             350,             ,        ,       ,            ,      ,      ,         ,        ,          ,        ,          ,        ,         ,               ,              ,                ,                    2,                    
step2_reentry_variant__confirmed_locked           , calmar         ,            5, COMPLETE             ,                      , 0.755375              , 1.088               , 0.6652500000000001 , "[1.761, 0.822, 0.696, 1.354]"                                                     , 39.49            , 0.876          , -45.07                   ,             350,             ,        ,       ,            ,      ,      ,         ,        ,          ,        ,          ,        ,         ,               ,              ,                ,                    2,                    
step2_reentry_variant__confirmed_locked           , calmar         ,            6, COMPLETE             ,                      , 0.755375              , 1.088               , 0.6652500000000001 , "[1.761, 0.822, 0.696, 1.354]"                                                     , 39.49            , 0.876          , -45.07                   ,             350,             ,        ,       ,            ,      ,      ,         ,        ,          ,        ,          ,        ,         ,               ,              ,                ,                    2,                    
step2_reentry_variant__confirmed_locked           , calmar         ,            7, PRUNED               ,                      , 1.03                  ,                     ,                    , [1.03]                                                                             , 35.5             , 0.889          , -39.94                   ,             214,             ,        ,       ,            ,      ,      ,         ,        ,          ,        ,          ,        ,         ,               ,              ,                ,                    4,                    
step2_reentry_variant__confirmed_locked           , calmar         ,            8, COMPLETE             ,                      , 0.935875              , 1.095               , 0.31825000000000003, "[1.089, 0.633, 1.101, 1.87]"                                                      , 37.95            , 0.95           , -39.94                   ,             300,             ,        ,       ,            ,      ,      ,         ,        ,          ,        ,          ,        ,         ,               ,              ,                ,                    3,                    
step2_reentry_variant__confirmed_locked           , calmar         ,            9, PRUNED               ,                      , 1.03                  ,                     ,                    , [1.03]                                                                             , 35.5             , 0.889          , -39.94                   ,             214,             ,        ,       ,            ,      ,      ,         ,        ,          ,        ,          ,        ,         ,               ,              ,                ,                    4,                    
step2_reentry_variant__confirmed_locked           , calmar         ,           10, COMPLETE             ,                      , 0.935875              , 1.095               , 0.31825000000000003, "[1.089, 0.633, 1.101, 1.87]"                                                      , 37.95            , 0.95           , -39.94                   ,             300,             ,        ,       ,            ,      ,      ,         ,        ,          ,        ,          ,        ,         ,               ,              ,                ,                    3,                    
step2_reentry_variant__confirmed_locked           , calmar         ,           11, COMPLETE             ,                      , 0.935875              , 1.095               , 0.31825000000000003, "[1.089, 0.633, 1.101, 1.87]"                                                      , 37.95            , 0.95           , -39.94                   ,             300,             ,        ,       ,            ,      ,      ,         ,        ,          ,        ,          ,        ,         ,               ,              ,                ,                    3,                    
step2_reentry_variant__confirmed_locked           , calmar         ,           12, COMPLETE             ,                      , 0.935875              , 1.095               , 0.31825000000000003, "[1.089, 0.633, 1.101, 1.87]"                                                      , 37.95            , 0.95           , -39.94                   ,             300,             ,        ,       ,            ,      ,      ,         ,        ,          ,        ,          ,        ,         ,               ,              ,                ,                    3,                    
step2_reentry_variant__confirmed_locked           , calmar         ,           13, COMPLETE             ,                      , 0.935875              , 1.095               , 0.31825000000000003, "[1.089, 0.633, 1.101, 1.87]"                                                      , 37.95            , 0.95           , -39.94                   ,             300,             ,        ,       ,            ,      ,      ,         ,        ,          ,        ,          ,        ,         ,               ,              ,                ,                    3,                    
step2_reentry_variant__confirmed_locked           , calmar         ,           14, COMPLETE             ,                      , 0.935875              , 1.095               , 0.31825000000000003, "[1.089, 0.633, 1.101, 1.87]"                                                      , 37.95            , 0.95           , -39.94                   ,             300,             ,        ,       ,            ,      ,      ,         ,        ,          ,        ,          ,        ,         ,               ,              ,                ,                    3,                    
step2_reentry_variant__confirmed_locked           , calmar         ,           15, COMPLETE             ,                      , 0.935875              , 1.095               , 0.31825000000000003, "[1.089, 0.633, 1.101, 1.87]"                                                      , 37.95            , 0.95           , -39.94                   ,             300,             ,        ,       ,            ,      ,      ,         ,        ,          ,        ,          ,        ,         ,               ,              ,                ,                    3,                    
step2_reentry_variant__confirmed_locked           , calmar         ,           16, PRUNED               ,                      , 1.354                 ,                     ,                    , "[1.761, 0.822, 0.696, 1.354]"                                                     , 39.49            , 0.876          , -45.07                   ,             350,             ,        ,       ,            ,      ,      ,         ,        ,          ,        ,          ,        ,         ,               ,              ,                ,                    2,                    
step2_reentry_variant__confirmed_locked           , calmar         ,           17, COMPLETE             ,                      , 0.935875              , 1.095               , 0.31825000000000003, "[1.089, 0.633, 1.101, 1.87]"                                                      , 37.95            , 0.95           , -39.94                   ,             300,             ,        ,       ,            ,      ,      ,         ,        ,          ,        ,          ,        ,         ,               ,              ,                ,                    3,                    
step2_reentry_variant__confirmed_locked           , calmar         ,           18, PRUNED               ,                      , 1.03                  ,                     ,                    , [1.03]                                                                             , 35.5             , 0.889          , -39.94                   ,             214,             ,        ,       ,            ,      ,      ,         ,        ,          ,        ,          ,        ,         ,               ,              ,                ,                    4,                    
step2_reentry_variant__confirmed_locked           , calmar         ,           19, PRUNED               ,                      , 1.354                 ,                     ,                    , "[1.761, 0.822, 0.696, 1.354]"                                                     , 39.49            , 0.876          , -45.07                   ,             350,             ,        ,       ,            ,      ,      ,         ,        ,          ,        ,          ,        ,         ,               ,              ,                ,                    2,                    
step2_reentry_variant__confirmed_locked           , calmar         ,           20, COMPLETE             ,                      , 0.935875              , 1.095               , 0.31825000000000003, "[1.089, 0.633, 1.101, 1.87]"                                                      , 37.95            , 0.95           , -39.94                   ,             300,             ,        ,       ,            ,      ,      ,         ,        ,          ,        ,          ,        ,         ,               ,              ,                ,                    3,                    
step2_reentry_variant__confirmed_locked           , calmar         ,           21, COMPLETE             ,                      , 0.935875              , 1.095               , 0.31825000000000003, "[1.089, 0.633, 1.101, 1.87]"                                                      , 37.95            , 0.95           , -39.94                   ,             300,             ,        ,       ,            ,      ,      ,         ,        ,          ,        ,          ,        ,         ,               ,              ,                ,                    3,                    
step2_reentry_variant__confirmed_locked           , calmar         ,           22, COMPLETE             ,                      , 0.935875              , 1.095               , 0.31825000000000003, "[1.089, 0.633, 1.101, 1.87]"                                                      , 37.95            , 0.95           , -39.94                   ,             300,             ,        ,       ,            ,      ,      ,         ,        ,          ,        ,          ,        ,         ,               ,              ,                ,                    3,                    
step2_reentry_variant__confirmed_locked           , calmar         ,           23, COMPLETE             ,                      , 0.935875              , 1.095               , 0.31825000000000003, "[1.089, 0.633, 1.101, 1.87]"                                                      , 37.95            , 0.95           , -39.94                   ,             300,             ,        ,       ,            ,      ,      ,         ,        ,          ,        ,          ,        ,         ,               ,              ,                ,                    3,                    
step2_reentry_variant__confirmed_locked           , calmar         ,           24, COMPLETE             ,                      , 0.935875              , 1.095               , 0.31825000000000003, "[1.089, 0.633, 1.101, 1.87]"                                                      , 37.95            , 0.95           , -39.94                   ,             300,             ,        ,       ,            ,      ,      ,         ,        ,          ,        ,          ,        ,         ,               ,              ,                ,                    3,                    
step2_reentry_variant__confirmed_locked           , calmar         ,           25, COMPLETE             ,                      , 0.935875              , 1.095               , 0.31825000000000003, "[1.089, 0.633, 1.101, 1.87]"                                                      , 37.95            , 0.95           , -39.94                   ,             300,             ,        ,       ,            ,      ,      ,         ,        ,          ,        ,          ,        ,         ,               ,              ,                ,                    3,                    
step2_reentry_variant__confirmed_locked           , calmar         ,           26, PRUNED               ,                      , 1.354                 ,                     ,                    , "[1.761, 0.822, 0.696, 1.354]"                                                     , 39.49            , 0.876          , -45.07                   ,             350,             ,        ,       ,            ,      ,      ,         ,        ,          ,        ,          ,        ,         ,               ,              ,                ,                    2,                    
step2_reentry_variant__confirmed_locked           , calmar         ,           27, PRUNED               ,                      , 1.03                  ,                     ,                    , [1.03]                                                                             , 35.5             , 0.889          , -39.94                   ,             214,             ,        ,       ,            ,      ,      ,         ,        ,          ,        ,          ,        ,         ,               ,              ,                ,                    4,                    
step2_reentry_variant__confirmed_locked           , calmar         ,           28, COMPLETE             ,                      , 0.935875              , 1.095               , 0.31825000000000003, "[1.089, 0.633, 1.101, 1.87]"                                                      , 37.95            , 0.95           , -39.94                   ,             300,             ,        ,       ,            ,      ,      ,         ,        ,          ,        ,          ,        ,         ,               ,              ,                ,                    3,                    
step2_reentry_variant__confirmed_locked           , calmar         ,           29, COMPLETE             ,                      , 0.935875              , 1.095               , 0.31825000000000003, "[1.089, 0.633, 1.101, 1.87]"                                                      , 37.95            , 0.95           , -39.94                   ,             300,             ,        ,       ,            ,      ,      ,         ,        ,          ,        ,          ,        ,         ,               ,              ,                ,                    3,                    
step2_reentry_variant__confirmed_locked           , calmar         ,           30, PRUNED               ,                      , 1.03                  ,                     ,                    , [1.03]                                                                             , 35.5             , 0.889          , -39.94                   ,             214,             ,        ,       ,            ,      ,      ,         ,        ,          ,        ,          ,        ,         ,               ,              ,                ,                    4,                    
step2_reentry_variant__confirmed_locked           , calmar         ,           31, COMPLETE             ,                      , 0.935875              , 1.095               , 0.31825000000000003, "[1.089, 0.633, 1.101, 1.87]"                                                      , 37.95            , 0.95           , -39.94                   ,             300,             ,        ,       ,            ,      ,      ,         ,        ,          ,        ,          ,        ,         ,               ,              ,                ,                    3,                    
step2_reentry_variant__confirmed_locked           , calmar         ,           32, COMPLETE             ,                      , 0.935875              , 1.095               , 0.31825000000000003, "[1.089, 0.633, 1.101, 1.87]"                                                      , 37.95            , 0.95           , -39.94                   ,             300,             ,        ,       ,            ,      ,      ,         ,        ,          ,        ,          ,        ,         ,               ,              ,                ,                    3,                    
step2_reentry_variant__confirmed_locked           , calmar         ,           33, COMPLETE             ,                      , 0.935875              , 1.095               , 0.31825000000000003, "[1.089, 0.633, 1.101, 1.87]"                                                      , 37.95            , 0.95           , -39.94                   ,             300,             ,        ,       ,            ,      ,      ,         ,        ,          ,        ,          ,        ,         ,               ,              ,                ,                    3,                    
step2_reentry_variant__confirmed_locked           , calmar         ,           34, COMPLETE             ,                      , 0.935875              , 1.095               , 0.31825000000000003, "[1.089, 0.633, 1.101, 1.87]"                                                      , 37.95            , 0.95           , -39.94                   ,             300,             ,        ,       ,            ,      ,      ,         ,        ,          ,        ,          ,        ,         ,               ,              ,                ,                    3,                    
step2_reentry_variant__confirmed_locked           , calmar         ,           35, PRUNED               ,                      , 1.354                 ,                     ,                    , "[1.761, 0.822, 0.696, 1.354]"                                                     , 39.49            , 0.876          , -45.07                   ,             350,             ,        ,       ,            ,      ,      ,         ,        ,          ,        ,          ,        ,         ,               ,              ,                ,                    2,                    
step2_reentry_variant__confirmed_locked           , calmar         ,           36, COMPLETE             ,                      , 0.935875              , 1.095               , 0.31825000000000003, "[1.089, 0.633, 1.101, 1.87]"                                                      , 37.95            , 0.95           , -39.94                   ,             300,             ,        ,       ,            ,      ,      ,         ,        ,          ,        ,          ,        ,         ,               ,              ,                ,                    3,                    
step2_reentry_variant__confirmed_locked           , calmar         ,           37, PRUNED               ,                      , 1.03                  ,                     ,                    , [1.03]                                                                             , 35.5             , 0.889          , -39.94                   ,             214,             ,        ,       ,            ,      ,      ,         ,        ,          ,        ,          ,        ,         ,               ,              ,                ,                    4,                    
step2_reentry_variant__confirmed_locked           , calmar         ,           38, PRUNED               ,                      , 1.354                 ,                     ,                    , "[1.761, 0.822, 0.696, 1.354]"                                                     , 39.49            , 0.876          , -45.07                   ,             350,             ,        ,       ,            ,      ,      ,         ,        ,          ,        ,          ,        ,         ,               ,              ,                ,                    2,                    
step2_reentry_variant__confirmed_locked           , calmar         ,           39, COMPLETE             ,                      , 0.935875              , 1.095               , 0.31825000000000003, "[1.089, 0.633, 1.101, 1.87]"                                                      , 37.95            , 0.95           , -39.94                   ,             300,             ,        ,       ,            ,      ,      ,         ,        ,          ,        ,          ,        ,         ,               ,              ,                ,                    3,                    
step2_reentry_variant__confirmed_locked           , calmar         ,           40, COMPLETE             ,                      , 0.935875              , 1.095               , 0.31825000000000003, "[1.089, 0.633, 1.101, 1.87]"                                                      , 37.95            , 0.95           , -39.94                   ,             300,             ,        ,       ,            ,      ,      ,         ,        ,          ,        ,          ,        ,         ,               ,              ,                ,                    3,                    
step2_reentry_variant__confirmed_locked           , calmar         ,           41, COMPLETE             ,                      , 0.935875              , 1.095               , 0.31825000000000003, "[1.089, 0.633, 1.101, 1.87]"                                                      , 37.95            , 0.95           , -39.94                   ,             300,             ,        ,       ,            ,      ,      ,         ,        ,          ,        ,          ,        ,         ,               ,              ,                ,                    3,                    
step2_reentry_variant__confirmed_locked           , calmar         ,           42, COMPLETE             ,                      , 0.935875              , 1.095               , 0.31825000000000003, "[1.089, 0.633, 1.101, 1.87]"                                                      , 37.95            , 0.95           , -39.94                   ,             300,             ,        ,       ,            ,      ,      ,         ,        ,          ,        ,          ,        ,         ,               ,              ,                ,                    3,                    
step2_reentry_variant__confirmed_locked           , calmar         ,           43, COMPLETE             ,                      , 0.935875              , 1.095               , 0.31825000000000003, "[1.089, 0.633, 1.101, 1.87]"                                                      , 37.95            , 0.95           , -39.94                   ,             300,             ,        ,       ,            ,      ,      ,         ,        ,          ,        ,          ,        ,         ,               ,              ,                ,                    3,                    
step2_reentry_variant__confirmed_locked           , calmar         ,           44, COMPLETE             ,                      , 0.935875              , 1.095               , 0.31825000000000003, "[1.089, 0.633, 1.101, 1.87]"                                                      , 37.95            , 0.95           , -39.94                   ,             300,             ,        ,       ,            ,      ,      ,         ,        ,          ,        ,          ,        ,         ,               ,              ,                ,                    3,                    
step2_reentry_variant__confirmed_locked           , calmar         ,           45, COMPLETE             ,                      , 0.935875              , 1.095               , 0.31825000000000003, "[1.089, 0.633, 1.101, 1.87]"                                                      , 37.95            , 0.95           , -39.94                   ,             300,             ,        ,       ,            ,      ,      ,         ,        ,          ,        ,          ,        ,         ,               ,              ,                ,                    3,                    
step2_reentry_variant__confirmed_locked           , calmar         ,           46, PRUNED               ,                      , 1.03                  ,                     ,                    , [1.03]                                                                             , 35.5             , 0.889          , -39.94                   ,             214,             ,        ,       ,            ,      ,      ,         ,        ,          ,        ,          ,        ,         ,               ,              ,                ,                    4,                    
step2_reentry_variant__confirmed_locked           , calmar         ,           47, COMPLETE             ,                      , 0.935875              , 1.095               , 0.31825000000000003, "[1.089, 0.633, 1.101, 1.87]"                                                      , 37.95            , 0.95           , -39.94                   ,             300,             ,        ,       ,            ,      ,      ,         ,        ,          ,        ,          ,        ,         ,               ,              ,                ,                    3,                    
step2_reentry_variant__confirmed_locked           , calmar         ,           48, COMPLETE             ,                      , 0.935875              , 1.095               , 0.31825000000000003, "[1.089, 0.633, 1.101, 1.87]"                                                      , 37.95            , 0.95           , -39.94                   ,             300,             ,        ,       ,            ,      ,      ,         ,        ,          ,        ,          ,        ,         ,               ,              ,                ,                    3,                    
step2_reentry_variant__confirmed_locked           , calmar         ,           49, PRUNED               ,                      , 1.354                 ,                     ,                    , "[1.761, 0.822, 0.696, 1.354]"                                                     , 39.49            , 0.876          , -45.07                   ,             350,             ,        ,       ,            ,      ,      ,         ,        ,          ,        ,          ,        ,         ,               ,              ,                ,                    2,                    
step2_reentry_variant__confirmed_locked           , calmar         ,           50, COMPLETE             ,                      , 0.935875              , 1.095               , 0.31825000000000003, "[1.089, 0.633, 1.101, 1.87]"                                                      , 37.95            , 0.95           , -39.94                   ,             300,             ,        ,       ,            ,      ,      ,         ,        ,          ,        ,          ,        ,         ,               ,              ,                ,                    3,                    
step2_reentry_variant__confirmed_locked           , calmar         ,           51, COMPLETE             ,                      , 0.935875              , 1.095               , 0.31825000000000003, "[1.089, 0.633, 1.101, 1.87]"                                                      , 37.95            , 0.95           , -39.94                   ,             300,             ,        ,       ,            ,      ,      ,         ,        ,          ,        ,          ,        ,         ,               ,              ,                ,                    3,                    
step2_reentry_variant__confirmed_locked           , calmar         ,           52, COMPLETE             ,                      , 0.935875              , 1.095               , 0.31825000000000003, "[1.089, 0.633, 1.101, 1.87]"                                                      , 37.95            , 0.95           , -39.94                   ,             300,             ,        ,       ,            ,      ,      ,         ,        ,          ,        ,          ,        ,         ,               ,              ,                ,                    3,                    
step2_reentry_variant__confirmed_locked           , calmar         ,           53, COMPLETE             ,                      , 0.935875              , 1.095               , 0.31825000000000003, "[1.089, 0.633, 1.101, 1.87]"                                                      , 37.95            , 0.95           , -39.94                   ,             300,             ,        ,       ,            ,      ,      ,         ,        ,          ,        ,          ,        ,         ,               ,              ,                ,                    3,                    
step2_reentry_variant__confirmed_locked           , calmar         ,           54, COMPLETE             ,                      , 0.935875              , 1.095               , 0.31825000000000003, "[1.089, 0.633, 1.101, 1.87]"                                                      , 37.95            , 0.95           , -39.94                   ,             300,             ,        ,       ,            ,      ,      ,         ,        ,          ,        ,          ,        ,         ,               ,              ,                ,                    3,                    
step2_reentry_variant__confirmed_locked           , calmar         ,           55, COMPLETE             ,                      , 0.935875              , 1.095               , 0.31825000000000003, "[1.089, 0.633, 1.101, 1.87]"                                                      , 37.95            , 0.95           , -39.94                   ,             300,             ,        ,       ,            ,      ,      ,         ,        ,          ,        ,          ,        ,         ,               ,              ,                ,                    3,                    
step2_reentry_variant__confirmed_locked           , calmar         ,           56, COMPLETE             ,                      , 0.935875              , 1.095               , 0.31825000000000003, "[1.089, 0.633, 1.101, 1.87]"                                                      , 37.95            , 0.95           , -39.94                   ,             300,             ,        ,       ,            ,      ,      ,         ,        ,          ,        ,          ,        ,         ,               ,              ,                ,                    3,                    
step2_reentry_variant__confirmed_locked           , calmar         ,           57, COMPLETE             ,                      , 0.935875              , 1.095               , 0.31825000000000003, "[1.089, 0.633, 1.101, 1.87]"                                                      , 37.95            , 0.95           , -39.94                   ,             300,             ,        ,       ,            ,      ,      ,         ,        ,          ,        ,          ,        ,         ,               ,              ,                ,                    3,                    
step2_reentry_variant__confirmed_locked           , calmar         ,           58, COMPLETE             ,                      , 0.935875              , 1.095               , 0.31825000000000003, "[1.089, 0.633, 1.101, 1.87]"                                                      , 37.95            , 0.95           , -39.94                   ,             300,             ,        ,       ,            ,      ,      ,         ,        ,          ,        ,          ,        ,         ,               ,              ,                ,                    3,                    
step2_reentry_variant__confirmed_locked           , calmar         ,           59, COMPLETE             ,                      , 0.935875              , 1.095               , 0.31825000000000003, "[1.089, 0.633, 1.101, 1.87]"                                                      , 37.95            , 0.95           , -39.94                   ,             300,             ,        ,       ,            ,      ,      ,         ,        ,          ,        ,          ,        ,         ,               ,              ,                ,                    3,                    
step2_reentry_variant__confirmed_locked           , calmar         ,           60, COMPLETE             ,                      , 0.935875              , 1.095               , 0.31825000000000003, "[1.089, 0.633, 1.101, 1.87]"                                                      , 37.95            , 0.95           , -39.94                   ,             300,             ,        ,       ,            ,      ,      ,         ,        ,          ,        ,          ,        ,         ,               ,              ,                ,                    3,                    
step2_reentry_variant__confirmed_locked           , calmar         ,           61, COMPLETE             ,                      , 0.935875              , 1.095               , 0.31825000000000003, "[1.089, 0.633, 1.101, 1.87]"                                                      , 37.95            , 0.95           , -39.94                   ,             300,             ,        ,       ,            ,      ,      ,         ,        ,          ,        ,          ,        ,         ,               ,              ,                ,                    3,                    
step2_reentry_variant__confirmed_locked           , calmar         ,           62, COMPLETE             ,                      , 0.935875              , 1.095               , 0.31825000000000003, "[1.089, 0.633, 1.101, 1.87]"                                                      , 37.95            , 0.95           , -39.94                   ,             300,             ,        ,       ,            ,      ,      ,         ,        ,          ,        ,          ,        ,         ,               ,              ,                ,                    3,                    
step2_reentry_variant__confirmed_locked           , calmar         ,           63, COMPLETE             ,                      , 0.935875              , 1.095               , 0.31825000000000003, "[1.089, 0.633, 1.101, 1.87]"                                                      , 37.95            , 0.95           , -39.94                   ,             300,             ,        ,       ,            ,      ,      ,         ,        ,          ,        ,          ,        ,         ,               ,              ,                ,                    3,                    
step2_reentry_variant__confirmed_locked           , calmar         ,           64, COMPLETE             ,                      , 0.935875              , 1.095               , 0.31825000000000003, "[1.089, 0.633, 1.101, 1.87]"                                                      , 37.95            , 0.95           , -39.94                   ,             300,             ,        ,       ,            ,      ,      ,         ,        ,          ,        ,          ,        ,         ,               ,              ,                ,                    3,                    
step2_reentry_variant__confirmed_locked           , calmar         ,           65, COMPLETE             ,                      , 0.935875              , 1.095               , 0.31825000000000003, "[1.089, 0.633, 1.101, 1.87]"                                                      , 37.95            , 0.95           , -39.94                   ,             300,             ,        ,       ,            ,      ,      ,         ,        ,          ,        ,          ,        ,         ,               ,              ,                ,                    3,                    
step2_reentry_variant__confirmed_locked           , calmar         ,           66, COMPLETE             ,                      , 0.935875              , 1.095               , 0.31825000000000003, "[1.089, 0.633, 1.101, 1.87]"                                                      , 37.95            , 0.95           , -39.94                   ,             300,             ,        ,       ,            ,      ,      ,         ,        ,          ,        ,          ,        ,         ,               ,              ,                ,                    3,                    
step2_reentry_variant__confirmed_locked           , calmar         ,           67, COMPLETE             ,                      , 0.935875              , 1.095               , 0.31825000000000003, "[1.089, 0.633, 1.101, 1.87]"                                                      , 37.95            , 0.95           , -39.94                   ,             300,             ,        ,       ,            ,      ,      ,         ,        ,          ,        ,          ,        ,         ,               ,              ,                ,                    3,                    
step2_reentry_variant__confirmed_locked           , calmar         ,           68, COMPLETE             ,                      , 0.935875              , 1.095               , 0.31825000000000003, "[1.089, 0.633, 1.101, 1.87]"                                                      , 37.95            , 0.95           , -39.94                   ,             300,             ,        ,       ,            ,      ,      ,         ,        ,          ,        ,          ,        ,         ,               ,              ,                ,                    3,                    
step2_reentry_variant__confirmed_locked           , calmar         ,           69, PRUNED               ,                      , 1.354                 ,                     ,                    , "[1.761, 0.822, 0.696, 1.354]"                                                     , 39.49            , 0.876          , -45.07                   ,             350,             ,        ,       ,            ,      ,      ,         ,        ,          ,        ,          ,        ,         ,               ,              ,                ,                    2,                    
step2_reentry_variant__confirmed_locked           , calmar         ,           70, COMPLETE             ,                      , 0.935875              , 1.095               , 0.31825000000000003, "[1.089, 0.633, 1.101, 1.87]"                                                      , 37.95            , 0.95           , -39.94                   ,             300,             ,        ,       ,            ,      ,      ,         ,        ,          ,        ,          ,        ,         ,               ,              ,                ,                    3,                    
step2_reentry_variant__confirmed_locked           , calmar         ,           71, COMPLETE             ,                      , 0.935875              , 1.095               , 0.31825000000000003, "[1.089, 0.633, 1.101, 1.87]"                                                      , 37.95            , 0.95           , -39.94                   ,             300,             ,        ,       ,            ,      ,      ,         ,        ,          ,        ,          ,        ,         ,               ,              ,                ,                    3,                    
step2_reentry_variant__confirmed_locked           , calmar         ,           72, COMPLETE             ,                      , 0.935875              , 1.095               , 0.31825000000000003, "[1.089, 0.633, 1.101, 1.87]"                                                      , 37.95            , 0.95           , -39.94                   ,             300,             ,        ,       ,            ,      ,      ,         ,        ,          ,        ,          ,        ,         ,               ,              ,                ,                    3,                    
step2_reentry_variant__confirmed_locked           , calmar         ,           73, COMPLETE             ,                      , 0.935875              , 1.095               , 0.31825000000000003, "[1.089, 0.633, 1.101, 1.87]"                                                      , 37.95            , 0.95           , -39.94                   ,             300,             ,        ,       ,            ,      ,      ,         ,        ,          ,        ,          ,        ,         ,               ,              ,                ,                    3,                    
step2_reentry_variant__confirmed_locked           , calmar         ,           74, COMPLETE             ,                      , 0.935875              , 1.095               , 0.31825000000000003, "[1.089, 0.633, 1.101, 1.87]"                                                      , 37.95            , 0.95           , -39.94                   ,             300,             ,        ,       ,            ,      ,      ,         ,        ,          ,        ,          ,        ,         ,               ,              ,                ,                    3,                    
step2_reentry_variant__confirmed_locked           , calmar         ,           75, COMPLETE             ,                      , 0.935875              , 1.095               , 0.31825000000000003, "[1.089, 0.633, 1.101, 1.87]"                                                      , 37.95            , 0.95           , -39.94                   ,             300,             ,        ,       ,            ,      ,      ,         ,        ,          ,        ,          ,        ,         ,               ,              ,                ,                    3,                    
step2_reentry_variant__confirmed_locked           , calmar         ,           76, COMPLETE             ,                      , 0.935875              , 1.095               , 0.31825000000000003, "[1.089, 0.633, 1.101, 1.87]"                                                      , 37.95            , 0.95           , -39.94                   ,             300,             ,        ,       ,            ,      ,      ,         ,        ,          ,        ,          ,        ,         ,               ,              ,                ,                    3,                    
step2_reentry_variant__confirmed_locked           , calmar         ,           77, COMPLETE             ,                      , 0.935875              , 1.095               , 0.31825000000000003, "[1.089, 0.633, 1.101, 1.87]"                                                      , 37.95            , 0.95           , -39.94                   ,             300,             ,        ,       ,            ,      ,      ,         ,        ,          ,        ,          ,        ,         ,               ,              ,                ,                    3,                    
step2_reentry_variant__confirmed_locked           , calmar         ,           78, PRUNED               ,                      , 1.03                  ,                     ,                    , [1.03]                                                                             , 35.5             , 0.889          , -39.94                   ,             214,             ,        ,       ,            ,      ,      ,         ,        ,          ,        ,          ,        ,         ,               ,              ,                ,                    4,                    
step2_reentry_variant__confirmed_locked           , calmar         ,           79, COMPLETE             ,                      , 0.935875              , 1.095               , 0.31825000000000003, "[1.089, 0.633, 1.101, 1.87]"                                                      , 37.95            , 0.95           , -39.94                   ,             300,             ,        ,       ,            ,      ,      ,         ,        ,          ,        ,          ,        ,         ,               ,              ,                ,                    3,                    
step2_reentry_variant__confirmed_locked           , calmar         ,           80, COMPLETE             ,                      , 0.935875              , 1.095               , 0.31825000000000003, "[1.089, 0.633, 1.101, 1.87]"                                                      , 37.95            , 0.95           , -39.94                   ,             300,             ,        ,       ,            ,      ,      ,         ,        ,          ,        ,          ,        ,         ,               ,              ,                ,                    3,                    
step2_reentry_variant__confirmed_locked           , calmar         ,           81, COMPLETE             ,                      , 0.935875              , 1.095               , 0.31825000000000003, "[1.089, 0.633, 1.101, 1.87]"                                                      , 37.95            , 0.95           , -39.94                   ,             300,             ,        ,       ,            ,      ,      ,         ,        ,          ,        ,          ,        ,         ,               ,              ,                ,                    3,                    
step2_reentry_variant__confirmed_locked           , calmar         ,           82, COMPLETE             ,                      , 0.935875              , 1.095               , 0.31825000000000003, "[1.089, 0.633, 1.101, 1.87]"                                                      , 37.95            , 0.95           , -39.94                   ,             300,             ,        ,       ,            ,      ,      ,         ,        ,          ,        ,          ,        ,         ,               ,              ,                ,                    3,                    
step2_reentry_variant__confirmed_locked           , calmar         ,           83, COMPLETE             ,                      , 0.935875              , 1.095               , 0.31825000000000003, "[1.089, 0.633, 1.101, 1.87]"                                                      , 37.95            , 0.95           , -39.94                   ,             300,             ,        ,       ,            ,      ,      ,         ,        ,          ,        ,          ,        ,         ,               ,              ,                ,                    3,                    
step2_reentry_variant__confirmed_locked           , calmar         ,           84, COMPLETE             ,                      , 0.935875              , 1.095               , 0.31825000000000003, "[1.089, 0.633, 1.101, 1.87]"                                                      , 37.95            , 0.95           , -39.94                   ,             300,             ,        ,       ,            ,      ,      ,         ,        ,          ,        ,          ,        ,         ,               ,              ,                ,                    3,                    
step2_reentry_variant__confirmed_locked           , calmar         ,           85, COMPLETE             ,                      , 0.935875              , 1.095               , 0.31825000000000003, "[1.089, 0.633, 1.101, 1.87]"                                                      , 37.95            , 0.95           , -39.94                   ,             300,             ,        ,       ,            ,      ,      ,         ,        ,          ,        ,          ,        ,         ,               ,              ,                ,                    3,                    
step2_reentry_variant__confirmed_locked           , calmar         ,           86, COMPLETE             ,                      , 0.935875              , 1.095               , 0.31825000000000003, "[1.089, 0.633, 1.101, 1.87]"                                                      , 37.95            , 0.95           , -39.94                   ,             300,             ,        ,       ,            ,      ,      ,         ,        ,          ,        ,          ,        ,         ,               ,              ,                ,                    3,                    
step2_reentry_variant__confirmed_locked           , calmar         ,           87, COMPLETE             ,                      , 0.935875              , 1.095               , 0.31825000000000003, "[1.089, 0.633, 1.101, 1.87]"                                                      , 37.95            , 0.95           , -39.94                   ,             300,             ,        ,       ,            ,      ,      ,         ,        ,          ,        ,          ,        ,         ,               ,              ,                ,                    3,                    
step2_reentry_variant__confirmed_locked           , calmar         ,           88, COMPLETE             ,                      , 0.935875              , 1.095               , 0.31825000000000003, "[1.089, 0.633, 1.101, 1.87]"                                                      , 37.95            , 0.95           , -39.94                   ,             300,             ,        ,       ,            ,      ,      ,         ,        ,          ,        ,          ,        ,         ,               ,              ,                ,                    3,                    
step2_reentry_variant__confirmed_locked           , calmar         ,           89, COMPLETE             ,                      , 0.935875              , 1.095               , 0.31825000000000003, "[1.089, 0.633, 1.101, 1.87]"                                                      , 37.95            , 0.95           , -39.94                   ,             300,             ,        ,       ,            ,      ,      ,         ,        ,          ,        ,          ,        ,         ,               ,              ,                ,                    3,                    
step2_reentry_variant__confirmed_locked           , calmar         ,           90, COMPLETE             ,                      , 0.935875              , 1.095               , 0.31825000000000003, "[1.089, 0.633, 1.101, 1.87]"                                                      , 37.95            , 0.95           , -39.94                   ,             300,             ,        ,       ,            ,      ,      ,         ,        ,          ,        ,          ,        ,         ,               ,              ,                ,                    3,                    
step2_reentry_variant__confirmed_locked           , calmar         ,           91, COMPLETE             ,                      , 0.935875              , 1.095               , 0.31825000000000003, "[1.089, 0.633, 1.101, 1.87]"                                                      , 37.95            , 0.95           , -39.94                   ,             300,             ,        ,       ,            ,      ,      ,         ,        ,          ,        ,          ,        ,         ,               ,              ,                ,                    3,                    
step2_reentry_variant__confirmed_locked           , calmar         ,           92, COMPLETE             ,                      , 0.935875              , 1.095               , 0.31825000000000003, "[1.089, 0.633, 1.101, 1.87]"                                                      , 37.95            , 0.95           , -39.94                   ,             300,             ,        ,       ,            ,      ,      ,         ,        ,          ,        ,          ,        ,         ,               ,              ,                ,                    3,                    
step2_reentry_variant__confirmed_locked           , calmar         ,           93, COMPLETE             ,                      , 0.935875              , 1.095               , 0.31825000000000003, "[1.089, 0.633, 1.101, 1.87]"                                                      , 37.95            , 0.95           , -39.94                   ,             300,             ,        ,       ,            ,      ,      ,         ,        ,          ,        ,          ,        ,         ,               ,              ,                ,                    3,                    
step2_reentry_variant__confirmed_locked           , calmar         ,           94, COMPLETE             ,                      , 0.935875              , 1.095               , 0.31825000000000003, "[1.089, 0.633, 1.101, 1.87]"                                                      , 37.95            , 0.95           , -39.94                   ,             300,             ,        ,       ,            ,      ,      ,         ,        ,          ,        ,          ,        ,         ,               ,              ,                ,                    3,                    
step2_reentry_variant__confirmed_locked           , calmar         ,           95, COMPLETE             ,                      , 0.935875              , 1.095               , 0.31825000000000003, "[1.089, 0.633, 1.101, 1.87]"                                                      , 37.95            , 0.95           , -39.94                   ,             300,             ,        ,       ,            ,      ,      ,         ,        ,          ,        ,          ,        ,         ,               ,              ,                ,                    3,                    
step2_reentry_variant__confirmed_locked           , calmar         ,           96, COMPLETE             ,                      , 0.935875              , 1.095               , 0.31825000000000003, "[1.089, 0.633, 1.101, 1.87]"                                                      , 37.95            , 0.95           , -39.94                   ,             300,             ,        ,       ,            ,      ,      ,         ,        ,          ,        ,          ,        ,         ,               ,              ,                ,                    3,                    
step2_reentry_variant__confirmed_locked           , calmar         ,           97, COMPLETE             ,                      , 0.935875              , 1.095               , 0.31825000000000003, "[1.089, 0.633, 1.101, 1.87]"                                                      , 37.95            , 0.95           , -39.94                   ,             300,             ,        ,       ,            ,      ,      ,         ,        ,          ,        ,          ,        ,         ,               ,              ,                ,                    3,                    
step2_reentry_variant__confirmed_locked           , calmar         ,           98, COMPLETE             ,                      , 0.935875              , 1.095               , 0.31825000000000003, "[1.089, 0.633, 1.101, 1.87]"                                                      , 37.95            , 0.95           , -39.94                   ,             300,             ,        ,       ,            ,      ,      ,         ,        ,          ,        ,          ,        ,         ,               ,              ,                ,                    3,                    
step2_reentry_variant__confirmed_locked           , calmar         ,           99, COMPLETE             ,                      , 0.935875              , 1.095               , 0.31825000000000003, "[1.089, 0.633, 1.101, 1.87]"                                                      , 37.95            , 0.95           , -39.94                   ,             300,             ,        ,       ,            ,      ,      ,         ,        ,          ,        ,          ,        ,         ,               ,              ,                ,                    3,                    
step2_continuous_reentry_variant__confirmed_locked, calmar         ,            0, COMPLETE             ,                      , 0.60225               , 0.8935              , 0.5825000000000001 , "[1.064, 0.723, 0.683, 1.99]"                                                      , 36.97            , 0.782          , -47.29                   ,             266,             ,        ,       ,            ,      ,      ,         ,        ,          ,        ,          ,        ,         ,               ,              ,                ,                     ,                 175
step2_continuous_reentry_variant__confirmed_locked, calmar         ,            1, COMPLETE             ,                      , 0.8226250000000002    , 1.1465              , 0.6477499999999998 , "[1.412, 0.536, 0.881, 1.534]"                                                     , 39.35            , 0.968          , -40.63                   ,             370,             ,        ,       ,            ,      ,      ,         ,        ,          ,        ,          ,        ,         ,               ,              ,                ,                     ,                 475
step2_continuous_reentry_variant__confirmed_locked, calmar         ,            2, COMPLETE             ,                      , 0.5037499999999999    , 0.985               , 0.9625             , "[1.317, 0.322, 0.653, 2.18]"                                                      , 37.29            , 0.803          , -46.44                   ,             330,             ,        ,       ,            ,      ,      ,         ,        ,          ,        ,          ,        ,         ,               ,              ,                ,                     ,                 375
step2_continuous_reentry_variant__confirmed_locked, calmar         ,            3, COMPLETE             ,                      , 0.813625              , 1.0995              , 0.5717499999999999 , "[1.275, 0.924, 0.86, 2.094]"                                                      , 41.9             , 0.912          , -45.92                   ,             310,             ,        ,       ,            ,      ,      ,         ,        ,          ,        ,          ,        ,         ,               ,              ,                ,                     ,                 300
step2_continuous_reentry_variant__confirmed_locked, calmar         ,            4, COMPLETE             ,                      , 0.93475               , 1.0965              , 0.3235000000000001 , "[1.069, 0.399, 1.124, 1.528]"                                                     , 34.97            , 0.876          , -39.94                   ,             230,             ,        ,       ,            ,      ,      ,         ,        ,          ,        ,          ,        ,         ,               ,              ,                ,                     ,                  75
step2_continuous_reentry_variant__confirmed_locked, calmar         ,            5, PRUNED               ,                      , 1.069                 ,                     ,                    , [1.069]                                                                            , 34.97            , 0.876          , -39.94                   ,             230,             ,        ,       ,            ,      ,      ,         ,        ,          ,        ,          ,        ,         ,               ,              ,                ,                     ,                  75
step2_continuous_reentry_variant__confirmed_locked, calmar         ,            6, PRUNED               ,                      , 1.03                  ,                     ,                    , [1.03]                                                                             , 34.03            , 0.852          , -39.94                   ,             218,             ,        ,       ,            ,      ,      ,         ,        ,          ,        ,          ,        ,         ,               ,              ,                ,                     ,                  25
step2_continuous_reentry_variant__confirmed_locked, calmar         ,            7, PRUNED               ,                      , 1.682                 ,                     ,                    , "[1.36, 0.536, 0.704, 1.682]"                                                      , 38.7             , 0.859          , -45.07                   ,             358,             ,        ,       ,            ,      ,      ,         ,        ,          ,        ,          ,        ,         ,               ,              ,                ,                     ,                 450
step2_continuous_reentry_variant__confirmed_locked, calmar         ,            8, COMPLETE             ,                      , 0.813625              , 1.0995              , 0.5717499999999999 , "[1.275, 0.924, 0.86, 2.094]"                                                      , 41.9             , 0.912          , -45.92                   ,             310,             ,        ,       ,            ,      ,      ,         ,        ,          ,        ,          ,        ,         ,               ,              ,                ,                     ,                 300
step2_continuous_reentry_variant__confirmed_locked, calmar         ,            9, COMPLETE             ,                      , 0.5963750000000001    , 1.0175              , 0.8422499999999999 , "[1.275, 0.356, 0.76, 2.18]"                                                       , 38.19            , 0.878          , -43.52                   ,             322,             ,        ,       ,            ,      ,      ,         ,        ,          ,        ,          ,        ,         ,               ,              ,                ,                     ,                 350
step2_continuous_reentry_variant__confirmed_locked, calmar         ,           10, PRUNED               ,                      , 1.064                 ,                     ,                    , [1.064]                                                                            , 38.5             , 0.967          , -39.82                   ,             258,             ,        ,       ,            ,      ,      ,         ,        ,          ,        ,          ,        ,         ,               ,              ,                ,                     ,                 150
step2_continuous_reentry_variant__confirmed_locked, calmar         ,           11, PRUNED               ,                      , 1.534                 ,                     ,                    , "[1.412, 0.536, 0.881, 1.534]"                                                     , 39.35            , 0.968          , -40.63                   ,             370,             ,        ,       ,            ,      ,      ,         ,        ,          ,        ,          ,        ,         ,               ,              ,                ,                     ,                 475
step2_continuous_reentry_variant__confirmed_locked, calmar         ,           12, PRUNED               ,                      , 1.99                  ,                     ,                    , "[1.278, 0.723, 0.713, 1.99]"                                                      , 37.99            , 0.808          , -47.0                    ,             270,             ,        ,       ,            ,      ,      ,         ,        ,          ,        ,          ,        ,         ,               ,              ,                ,                     ,                 200
step2_continuous_reentry_variant__confirmed_locked, calmar         ,           13, PRUNED               ,                      , 1.03                  ,                     ,                    , [1.03]                                                                             , 35.5             , 0.889          , -39.94                   ,             214,             ,        ,       ,            ,      ,      ,         ,        ,          ,        ,          ,        ,         ,               ,              ,                ,                     ,                   0
step2_continuous_reentry_variant__confirmed_locked, calmar         ,           14, COMPLETE             ,                      , 0.70275               , 1.0885              , 0.7715             , "[1.353, 0.595, 0.824, 2.094]"                                                     , 39.86            , 0.848          , -47.0                    ,             278,             ,        ,       ,            ,      ,      ,         ,        ,          ,        ,          ,        ,         ,               ,              ,                ,                     ,                 225
step2_continuous_reentry_variant__confirmed_locked, calmar         ,           15, PRUNED               ,                      , 1.069                 ,                     ,                    , [1.069]                                                                            , 34.97            , 0.876          , -39.94                   ,             230,             ,        ,       ,            ,      ,      ,         ,        ,          ,        ,          ,        ,         ,               ,              ,                ,                     ,                  75
step2_continuous_reentry_variant__confirmed_locked, calmar         ,           16, PRUNED               ,                      , 1.699                 ,                     ,                    , "[1.42, 0.454, 0.684, 1.699]"                                                      , 38.95            , 0.858          , -45.4                    ,             378,             ,        ,       ,            ,      ,      ,         ,        ,          ,        ,          ,        ,         ,               ,              ,                ,                     ,                 500
step2_continuous_reentry_variant__confirmed_locked, calmar         ,           17, COMPLETE             ,                      , 0.48449999999999993   , 0.965               , 0.9610000000000001 , "[1.317, 0.575, 0.613, 2.307]"                                                     , 39.56            , 0.831          , -47.63                   ,             338,             ,        ,       ,            ,      ,      ,         ,        ,          ,        ,          ,        ,         ,               ,              ,                ,                     ,                 400
step2_continuous_reentry_variant__confirmed_locked, calmar         ,           18, COMPLETE             ,                      , 0.7282500000000001    , 1.1255              , 0.7944999999999999 , "[1.392, 0.515, 0.859, 2.094]"                                                     , 40.27            , 0.877          , -45.94                   ,             302,             ,        ,       ,            ,      ,      ,         ,        ,          ,        ,          ,        ,         ,               ,              ,                ,                     ,                 275
step2_continuous_reentry_variant__confirmed_locked, calmar         ,           19, PRUNED               ,                      , 1.146                 ,                     ,                    , [1.146]                                                                            , 37.35            , 0.965          , -38.71                   ,             236,             ,        ,       ,            ,      ,      ,         ,        ,          ,        ,          ,        ,         ,               ,              ,                ,                     ,                 125
step2_continuous_reentry_variant__confirmed_locked, calmar         ,           20, PRUNED               ,                      , 1.682                 ,                     ,                    , "[1.317, 0.536, 0.704, 1.682]"                                                     , 38.44            , 0.853          , -45.07                   ,             358,             ,        ,       ,            ,      ,      ,         ,        ,          ,        ,          ,        ,         ,               ,              ,                ,                     ,                 425
step2_continuous_reentry_variant__confirmed_locked, calmar         ,           21, PRUNED               ,                      , 1.275                 ,                     ,                    , [1.275]                                                                            , 41.9             , 0.912          , -45.92                   ,             310,             ,        ,       ,            ,      ,      ,         ,        ,          ,        ,          ,        ,         ,               ,              ,                ,                     ,                 300
step2_continuous_reentry_variant__confirmed_locked, calmar         ,           22, COMPLETE             ,                      , 0.7557500000000001    , 1.1245              , 0.7374999999999998 , "[1.353, 0.515, 0.896, 2.094]"                                                     , 40.08            , 0.89           , -45.03                   ,             290,             ,        ,       ,            ,      ,      ,         ,        ,          ,        ,          ,        ,         ,               ,              ,                ,                     ,                 250
step2_continuous_reentry_variant__confirmed_locked, calmar         ,           23, PRUNED               ,                      , 1.275                 ,                     ,                    , [1.275]                                                                            , 42.52            , 0.977          , -43.51                   ,             310,             ,        ,       ,            ,      ,      ,         ,        ,          ,        ,          ,        ,         ,               ,              ,                ,                     ,                 325
step2_continuous_reentry_variant__confirmed_locked, calmar         ,           24, PRUNED               ,                      , 1.146                 ,                     ,                    , [1.146]                                                                            , 36.22            , 0.936          , -38.71                   ,             236,             ,        ,       ,            ,      ,      ,         ,        ,          ,        ,          ,        ,         ,               ,              ,                ,                     ,                 100
step2_continuous_reentry_variant__confirmed_locked, calmar         ,           25, COMPLETE             ,                      , 0.48449999999999993   , 0.965               , 0.9610000000000001 , "[1.317, 0.575, 0.613, 2.307]"                                                     , 39.56            , 0.831          , -47.63                   ,             338,             ,        ,       ,            ,      ,      ,         ,        ,          ,        ,          ,        ,         ,               ,              ,                ,                     ,                 400
step2_continuous_reentry_variant__confirmed_locked, calmar         ,           26, PRUNED               ,                      , 1.699                 ,                     ,                    , "[1.42, 0.454, 0.684, 1.699]"                                                      , 38.95            , 0.858          , -45.4                    ,             378,             ,        ,       ,            ,      ,      ,         ,        ,          ,        ,          ,        ,         ,               ,              ,                ,                     ,                 500
step2_continuous_reentry_variant__confirmed_locked, calmar         ,           27, PRUNED               ,                      , 1.275                 ,                     ,                    , [1.275]                                                                            , 38.19            , 0.878          , -43.52                   ,             322,             ,        ,       ,            ,      ,      ,         ,        ,          ,        ,          ,        ,         ,               ,              ,                ,                     ,                 350
step2_continuous_reentry_variant__confirmed_locked, calmar         ,           28, COMPLETE             ,                      , 0.7557500000000001    , 1.1245              , 0.7374999999999998 , "[1.353, 0.515, 0.896, 2.094]"                                                     , 40.08            , 0.89           , -45.03                   ,             290,             ,        ,       ,            ,      ,      ,         ,        ,          ,        ,          ,        ,         ,               ,              ,                ,                     ,                 250
step2_continuous_reentry_variant__confirmed_locked, calmar         ,           29, PRUNED               ,                      , 1.064                 ,                     ,                    , [1.064]                                                                            , 36.97            , 0.782          , -47.29                   ,             266,             ,        ,       ,            ,      ,      ,         ,        ,          ,        ,          ,        ,         ,               ,              ,                ,                     ,                 175
step2_continuous_reentry_variant__confirmed_locked, calmar         ,           30, PRUNED               ,                      , 1.03                  ,                     ,                    , [1.03]                                                                             , 33.3             , 0.812          , -41.02                   ,             230,             ,        ,       ,            ,      ,      ,         ,        ,          ,        ,          ,        ,         ,               ,              ,                ,                     ,                  50
step2_continuous_reentry_variant__confirmed_locked, calmar         ,           31, PRUNED               ,                      , 1.275                 ,                     ,                    , [1.275]                                                                            , 41.9             , 0.912          , -45.92                   ,             310,             ,        ,       ,            ,      ,      ,         ,        ,          ,        ,          ,        ,         ,               ,              ,                ,                     ,                 300
step2_continuous_reentry_variant__confirmed_locked, calmar         ,           32, PRUNED               ,                      , 1.064                 ,                     ,                    , [1.064]                                                                            , 36.97            , 0.782          , -47.29                   ,             266,             ,        ,       ,            ,      ,      ,         ,        ,          ,        ,          ,        ,         ,               ,              ,                ,                     ,                 175
step2_continuous_reentry_variant__confirmed_locked, calmar         ,           33, PRUNED               ,                      , 1.682                 ,                     ,                    , "[1.36, 0.536, 0.704, 1.682]"                                                      , 38.7             , 0.859          , -45.07                   ,             358,             ,        ,       ,            ,      ,      ,         ,        ,          ,        ,          ,        ,         ,               ,              ,                ,                     ,                 450
step2_continuous_reentry_variant__confirmed_locked, calmar         ,           34, COMPLETE             ,                      , 0.5037499999999999    , 0.985               , 0.9625             , "[1.317, 0.322, 0.653, 2.18]"                                                      , 37.29            , 0.803          , -46.44                   ,             330,             ,        ,       ,            ,      ,      ,         ,        ,          ,        ,          ,        ,         ,               ,              ,                ,                     ,                 375
step2_continuous_reentry_variant__confirmed_locked, calmar         ,           35, PRUNED               ,                      , 1.146                 ,                     ,                    , [1.146]                                                                            , 37.35            , 0.965          , -38.71                   ,             236,             ,        ,       ,            ,      ,      ,         ,        ,          ,        ,          ,        ,         ,               ,              ,                ,                     ,                 125
step2_continuous_reentry_variant__confirmed_locked, calmar         ,           36, PRUNED               ,                      , 1.03                  ,                     ,                    , [1.03]                                                                             , 35.5             , 0.889          , -39.94                   ,             214,             ,        ,       ,            ,      ,      ,         ,        ,          ,        ,          ,        ,         ,               ,              ,                ,                     ,                   0
step2_continuous_reentry_variant__confirmed_locked, calmar         ,           37, PRUNED               ,                      , 1.275                 ,                     ,                    , [1.275]                                                                            , 42.52            , 0.977          , -43.51                   ,             310,             ,        ,       ,            ,      ,      ,         ,        ,          ,        ,          ,        ,         ,               ,              ,                ,                     ,                 325
step2_continuous_reentry_variant__confirmed_locked, calmar         ,           38, PRUNED               ,                      , 1.278                 ,                     ,                    , [1.278]                                                                            , 37.99            , 0.808          , -47.0                    ,             270,             ,        ,       ,            ,      ,      ,         ,        ,          ,        ,          ,        ,         ,               ,              ,                ,                     ,                 200
step2_continuous_reentry_variant__confirmed_locked, calmar         ,           39, PRUNED               ,                      , 1.682                 ,                     ,                    , "[1.317, 0.536, 0.704, 1.682]"                                                     , 38.44            , 0.853          , -45.07                   ,             358,             ,        ,       ,            ,      ,      ,         ,        ,          ,        ,          ,        ,         ,               ,              ,                ,                     ,                 425
step2_continuous_reentry_variant__confirmed_locked, calmar         ,           40, COMPLETE             ,                      , 0.5037499999999999    , 0.985               , 0.9625             , "[1.317, 0.322, 0.653, 2.18]"                                                      , 37.29            , 0.803          , -46.44                   ,             330,             ,        ,       ,            ,      ,      ,         ,        ,          ,        ,          ,        ,         ,               ,              ,                ,                     ,                 375
step2_continuous_reentry_variant__confirmed_locked, calmar         ,           41, COMPLETE             ,                      , 0.7557500000000001    , 1.1245              , 0.7374999999999998 , "[1.353, 0.515, 0.896, 2.094]"                                                     , 40.08            , 0.89           , -45.03                   ,             290,             ,        ,       ,            ,      ,      ,         ,        ,          ,        ,          ,        ,         ,               ,              ,                ,                     ,                 250
step2_continuous_reentry_variant__confirmed_locked, calmar         ,           42, COMPLETE             ,                      , 0.7282500000000001    , 1.1255              , 0.7944999999999999 , "[1.392, 0.515, 0.859, 2.094]"                                                     , 40.27            , 0.877          , -45.94                   ,             302,             ,        ,       ,            ,      ,      ,         ,        ,          ,        ,          ,        ,         ,               ,              ,                ,                     ,                 275
step2_continuous_reentry_variant__confirmed_locked, calmar         ,           43, PRUNED               ,                      , 1.275                 ,                     ,                    , [1.275]                                                                            , 42.52            , 0.977          , -43.51                   ,             310,             ,        ,       ,            ,      ,      ,         ,        ,          ,        ,          ,        ,         ,               ,              ,                ,                     ,                 325
step2_continuous_reentry_variant__confirmed_locked, calmar         ,           44, COMPLETE             ,                      , 0.70275               , 1.0885              , 0.7715             , "[1.353, 0.595, 0.824, 2.094]"                                                     , 39.86            , 0.848          , -47.0                    ,             278,             ,        ,       ,            ,      ,      ,         ,        ,          ,        ,          ,        ,         ,               ,              ,                ,                     ,                 225
step2_continuous_reentry_variant__confirmed_locked, calmar         ,           45, PRUNED               ,                      , 1.03                  ,                     ,                    , [1.03]                                                                             , 33.3             , 0.812          , -41.02                   ,             230,             ,        ,       ,            ,      ,      ,         ,        ,          ,        ,          ,        ,         ,               ,              ,                ,                     ,                  50
step2_continuous_reentry_variant__confirmed_locked, calmar         ,           46, COMPLETE             ,                      , 0.7282500000000001    , 1.1255              , 0.7944999999999999 , "[1.392, 0.515, 0.859, 2.094]"                                                     , 40.27            , 0.877          , -45.94                   ,             302,             ,        ,       ,            ,      ,      ,         ,        ,          ,        ,          ,        ,         ,               ,              ,                ,                     ,                 275
step2_continuous_reentry_variant__confirmed_locked, calmar         ,           47, PRUNED               ,                      , 1.275                 ,                     ,                    , [1.275]                                                                            , 38.19            , 0.878          , -43.52                   ,             322,             ,        ,       ,            ,      ,      ,         ,        ,          ,        ,          ,        ,         ,               ,              ,                ,                     ,                 350
step2_continuous_reentry_variant__confirmed_locked, calmar         ,           48, PRUNED               ,                      , 1.534                 ,                     ,                    , "[1.412, 0.536, 0.881, 1.534]"                                                     , 39.35            , 0.968          , -40.63                   ,             370,             ,        ,       ,            ,      ,      ,         ,        ,          ,        ,          ,        ,         ,               ,              ,                ,                     ,                 475
step2_continuous_reentry_variant__confirmed_locked, calmar         ,           49, COMPLETE             ,                      , 0.70275               , 1.0885              , 0.7715             , "[1.353, 0.595, 0.824, 2.094]"                                                     , 39.86            , 0.848          , -47.0                    ,             278,             ,        ,       ,            ,      ,      ,         ,        ,          ,        ,          ,        ,         ,               ,              ,                ,                     ,                 225
step2_continuous_reentry_variant__confirmed_locked, calmar         ,           50, PRUNED               ,                      , 1.146                 ,                     ,                    , [1.146]                                                                            , 37.35            , 0.965          , -38.71                   ,             236,             ,        ,       ,            ,      ,      ,         ,        ,          ,        ,          ,        ,         ,               ,              ,                ,                     ,                 125
step2_continuous_reentry_variant__confirmed_locked, calmar         ,           51, COMPLETE             ,                      , 0.7557500000000001    , 1.1245              , 0.7374999999999998 , "[1.353, 0.515, 0.896, 2.094]"                                                     , 40.08            , 0.89           , -45.03                   ,             290,             ,        ,       ,            ,      ,      ,         ,        ,          ,        ,          ,        ,         ,               ,              ,                ,                     ,                 250
step2_continuous_reentry_variant__confirmed_locked, calmar         ,           52, COMPLETE             ,                      , 0.7557500000000001    , 1.1245              , 0.7374999999999998 , "[1.353, 0.515, 0.896, 2.094]"                                                     , 40.08            , 0.89           , -45.03                   ,             290,             ,        ,       ,            ,      ,      ,         ,        ,          ,        ,          ,        ,         ,               ,              ,                ,                     ,                 250
step2_continuous_reentry_variant__confirmed_locked, calmar         ,           53, PRUNED               ,                      , 1.275                 ,                     ,                    , [1.275]                                                                            , 41.9             , 0.912          , -45.92                   ,             310,             ,        ,       ,            ,      ,      ,         ,        ,          ,        ,          ,        ,         ,               ,              ,                ,                     ,                 300
step2_continuous_reentry_variant__confirmed_locked, calmar         ,           54, PRUNED               ,                      , 1.278                 ,                     ,                    , [1.278]                                                                            , 37.99            , 0.808          , -47.0                    ,             270,             ,        ,       ,            ,      ,      ,         ,        ,          ,        ,          ,        ,         ,               ,              ,                ,                     ,                 200
step2_continuous_reentry_variant__confirmed_locked, calmar         ,           55, PRUNED               ,                      , 1.064                 ,                     ,                    , [1.064]                                                                            , 38.5             , 0.967          , -39.82                   ,             258,             ,        ,       ,            ,      ,      ,         ,        ,          ,        ,          ,        ,         ,               ,              ,                ,                     ,                 150
step2_continuous_reentry_variant__confirmed_locked, calmar         ,           56, PRUNED               ,                      , 1.317                 ,                     ,                    , [1.317]                                                                            , 39.56            , 0.831          , -47.63                   ,             338,             ,        ,       ,            ,      ,      ,         ,        ,          ,        ,          ,        ,         ,               ,              ,                ,                     ,                 400
step2_continuous_reentry_variant__confirmed_locked, calmar         ,           57, COMPLETE             ,                      , 0.70275               , 1.0885              , 0.7715             , "[1.353, 0.595, 0.824, 2.094]"                                                     , 39.86            , 0.848          , -47.0                    ,             278,             ,        ,       ,            ,      ,      ,         ,        ,          ,        ,          ,        ,         ,               ,              ,                ,                     ,                 225
step2_continuous_reentry_variant__confirmed_locked, calmar         ,           58, COMPLETE             ,                      , 0.7282500000000001    , 1.1255              , 0.7944999999999999 , "[1.392, 0.515, 0.859, 2.094]"                                                     , 40.27            , 0.877          , -45.94                   ,             302,             ,        ,       ,            ,      ,      ,         ,        ,          ,        ,          ,        ,         ,               ,              ,                ,                     ,                 275
step2_continuous_reentry_variant__confirmed_locked, calmar         ,           59, PRUNED               ,                      , 1.275                 ,                     ,                    , [1.275]                                                                            , 41.9             , 0.912          , -45.92                   ,             310,             ,        ,       ,            ,      ,      ,         ,        ,          ,        ,          ,        ,         ,               ,              ,                ,                     ,                 300
step2_continuous_reentry_variant__confirmed_locked, calmar         ,           60, PRUNED               ,                      , 1.069                 ,                     ,                    , [1.069]                                                                            , 34.97            , 0.876          , -39.94                   ,             230,             ,        ,       ,            ,      ,      ,         ,        ,          ,        ,          ,        ,         ,               ,              ,                ,                     ,                  75
step2_continuous_reentry_variant__confirmed_locked, calmar         ,           61, COMPLETE             ,                      , 0.7557500000000001    , 1.1245              , 0.7374999999999998 , "[1.353, 0.515, 0.896, 2.094]"                                                     , 40.08            , 0.89           , -45.03                   ,             290,             ,        ,       ,            ,      ,      ,         ,        ,          ,        ,          ,        ,         ,               ,              ,                ,                     ,                 250
step2_continuous_reentry_variant__confirmed_locked, calmar         ,           62, PRUNED               ,                      , 1.064                 ,                     ,                    , [1.064]                                                                            , 38.5             , 0.967          , -39.82                   ,             258,             ,        ,       ,            ,      ,      ,         ,        ,          ,        ,          ,        ,         ,               ,              ,                ,                     ,                 150
step2_continuous_reentry_variant__confirmed_locked, calmar         ,           63, COMPLETE             ,                      , 0.7557500000000001    , 1.1245              , 0.7374999999999998 , "[1.353, 0.515, 0.896, 2.094]"                                                     , 40.08            , 0.89           , -45.03                   ,             290,             ,        ,       ,            ,      ,      ,         ,        ,          ,        ,          ,        ,         ,               ,              ,                ,                     ,                 250
step2_continuous_reentry_variant__confirmed_locked, calmar         ,           64, PRUNED               ,                      , 1.064                 ,                     ,                    , [1.064]                                                                            , 36.97            , 0.782          , -47.29                   ,             266,             ,        ,       ,            ,      ,      ,         ,        ,          ,        ,          ,        ,         ,               ,              ,                ,                     ,                 175
step2_continuous_reentry_variant__confirmed_locked, calmar         ,           65, PRUNED               ,                      , 1.275                 ,                     ,                    , [1.275]                                                                            , 42.52            , 0.977          , -43.51                   ,             310,             ,        ,       ,            ,      ,      ,         ,        ,          ,        ,          ,        ,         ,               ,              ,                ,                     ,                 325
step2_continuous_reentry_variant__confirmed_locked, calmar         ,           66, COMPLETE             ,                      , 0.7282500000000001    , 1.1255              , 0.7944999999999999 , "[1.392, 0.515, 0.859, 2.094]"                                                     , 40.27            , 0.877          , -45.94                   ,             302,             ,        ,       ,            ,      ,      ,         ,        ,          ,        ,          ,        ,         ,               ,              ,                ,                     ,                 275
step2_continuous_reentry_variant__confirmed_locked, calmar         ,           67, PRUNED               ,                      , 1.146                 ,                     ,                    , [1.146]                                                                            , 36.22            , 0.936          , -38.71                   ,             236,             ,        ,       ,            ,      ,      ,         ,        ,          ,        ,          ,        ,         ,               ,              ,                ,                     ,                 100
step2_continuous_reentry_variant__confirmed_locked, calmar         ,           68, PRUNED               ,                      , 1.278                 ,                     ,                    , [1.278]                                                                            , 37.99            , 0.808          , -47.0                    ,             270,             ,        ,       ,            ,      ,      ,         ,        ,          ,        ,          ,        ,         ,               ,              ,                ,                     ,                 200
step2_continuous_reentry_variant__confirmed_locked, calmar         ,           69, PRUNED               ,                      , 1.317                 ,                     ,                    , [1.317]                                                                            , 37.29            , 0.803          , -46.44                   ,             330,             ,        ,       ,            ,      ,      ,         ,        ,          ,        ,          ,        ,         ,               ,              ,                ,                     ,                 375
step2_continuous_reentry_variant__confirmed_locked, calmar         ,           70, PRUNED               ,                      , 1.275                 ,                     ,                    , [1.275]                                                                            , 38.19            , 0.878          , -43.52                   ,             322,             ,        ,       ,            ,      ,      ,         ,        ,          ,        ,          ,        ,         ,               ,              ,                ,                     ,                 350
step2_continuous_reentry_variant__confirmed_locked, calmar         ,           71, COMPLETE             ,                      , 0.70275               , 1.0885              , 0.7715             , "[1.353, 0.595, 0.824, 2.094]"                                                     , 39.86            , 0.848          , -47.0                    ,             278,             ,        ,       ,            ,      ,      ,         ,        ,          ,        ,          ,        ,         ,               ,              ,                ,                     ,                 225
step2_continuous_reentry_variant__confirmed_locked, calmar         ,           72, COMPLETE             ,                      , 0.7557500000000001    , 1.1245              , 0.7374999999999998 , "[1.353, 0.515, 0.896, 2.094]"                                                     , 40.08            , 0.89           , -45.03                   ,             290,             ,        ,       ,            ,      ,      ,         ,        ,          ,        ,          ,        ,         ,               ,              ,                ,                     ,                 250
step2_continuous_reentry_variant__confirmed_locked, calmar         ,           73, COMPLETE             ,                      , 0.7557500000000001    , 1.1245              , 0.7374999999999998 , "[1.353, 0.515, 0.896, 2.094]"                                                     , 40.08            , 0.89           , -45.03                   ,             290,             ,        ,       ,            ,      ,      ,         ,        ,          ,        ,          ,        ,         ,               ,              ,                ,                     ,                 250
step2_continuous_reentry_variant__confirmed_locked, calmar         ,           74, PRUNED               ,                      , 1.275                 ,                     ,                    , [1.275]                                                                            , 41.9             , 0.912          , -45.92                   ,             310,             ,        ,       ,            ,      ,      ,         ,        ,          ,        ,          ,        ,         ,               ,              ,                ,                     ,                 300
step2_continuous_reentry_variant__confirmed_locked, calmar         ,           75, PRUNED               ,                      , 1.534                 ,                     ,                    , "[1.412, 0.536, 0.881, 1.534]"                                                     , 39.35            , 0.968          , -40.63                   ,             370,             ,        ,       ,            ,      ,      ,         ,        ,          ,        ,          ,        ,         ,               ,              ,                ,                     ,                 475
step2_continuous_reentry_variant__confirmed_locked, calmar         ,           76, PRUNED               ,                      , 1.278                 ,                     ,                    , [1.278]                                                                            , 37.99            , 0.808          , -47.0                    ,             270,             ,        ,       ,            ,      ,      ,         ,        ,          ,        ,          ,        ,         ,               ,              ,                ,                     ,                 200
step2_continuous_reentry_variant__confirmed_locked, calmar         ,           77, PRUNED               ,                      , 1.03                  ,                     ,                    , [1.03]                                                                             , 34.03            , 0.852          , -39.94                   ,             218,             ,        ,       ,            ,      ,      ,         ,        ,          ,        ,          ,        ,         ,               ,              ,                ,                     ,                  25
step2_continuous_reentry_variant__confirmed_locked, calmar         ,           78, PRUNED               ,                      , 1.275                 ,                     ,                    , [1.275]                                                                            , 42.52            , 0.977          , -43.51                   ,             310,             ,        ,       ,            ,      ,      ,         ,        ,          ,        ,          ,        ,         ,               ,              ,                ,                     ,                 325
step2_continuous_reentry_variant__confirmed_locked, calmar         ,           79, PRUNED               ,                      , 1.317                 ,                     ,                    , [1.317]                                                                            , 38.44            , 0.853          , -45.07                   ,             358,             ,        ,       ,            ,      ,      ,         ,        ,          ,        ,          ,        ,         ,               ,              ,                ,                     ,                 425
step2_continuous_reentry_variant__confirmed_locked, calmar         ,           80, COMPLETE             ,                      , 0.7282500000000001    , 1.1255              , 0.7944999999999999 , "[1.392, 0.515, 0.859, 2.094]"                                                     , 40.27            , 0.877          , -45.94                   ,             302,             ,        ,       ,            ,      ,      ,         ,        ,          ,        ,          ,        ,         ,               ,              ,                ,                     ,                 275
step2_continuous_reentry_variant__confirmed_locked, calmar         ,           81, COMPLETE             ,                      , 0.7557500000000001    , 1.1245              , 0.7374999999999998 , "[1.353, 0.515, 0.896, 2.094]"                                                     , 40.08            , 0.89           , -45.03                   ,             290,             ,        ,       ,            ,      ,      ,         ,        ,          ,        ,          ,        ,         ,               ,              ,                ,                     ,                 250
step2_continuous_reentry_variant__confirmed_locked, calmar         ,           82, PRUNED               ,                      , 1.275                 ,                     ,                    , [1.275]                                                                            , 41.9             , 0.912          , -45.92                   ,             310,             ,        ,       ,            ,      ,      ,         ,        ,          ,        ,          ,        ,         ,               ,              ,                ,                     ,                 300
step2_continuous_reentry_variant__confirmed_locked, calmar         ,           83, COMPLETE             ,                      , 0.70275               , 1.0885              , 0.7715             , "[1.353, 0.595, 0.824, 2.094]"                                                     , 39.86            , 0.848          , -47.0                    ,             278,             ,        ,       ,            ,      ,      ,         ,        ,          ,        ,          ,        ,         ,               ,              ,                ,                     ,                 225
step2_continuous_reentry_variant__confirmed_locked, calmar         ,           84, COMPLETE             ,                      , 0.7557500000000001    , 1.1245              , 0.7374999999999998 , "[1.353, 0.515, 0.896, 2.094]"                                                     , 40.08            , 0.89           , -45.03                   ,             290,             ,        ,       ,            ,      ,      ,         ,        ,          ,        ,          ,        ,         ,               ,              ,                ,                     ,                 250
step2_continuous_reentry_variant__confirmed_locked, calmar         ,           85, COMPLETE             ,                      , 0.7282500000000001    , 1.1255              , 0.7944999999999999 , "[1.392, 0.515, 0.859, 2.094]"                                                     , 40.27            , 0.877          , -45.94                   ,             302,             ,        ,       ,            ,      ,      ,         ,        ,          ,        ,          ,        ,         ,               ,              ,                ,                     ,                 275
step2_continuous_reentry_variant__confirmed_locked, calmar         ,           86, PRUNED               ,                      , 1.064                 ,                     ,                    , [1.064]                                                                            , 38.5             , 0.967          , -39.82                   ,             258,             ,        ,       ,            ,      ,      ,         ,        ,          ,        ,          ,        ,         ,               ,              ,                ,                     ,                 150
step2_continuous_reentry_variant__confirmed_locked, calmar         ,           87, PRUNED               ,                      , 1.275                 ,                     ,                    , [1.275]                                                                            , 38.19            , 0.878          , -43.52                   ,             322,             ,        ,       ,            ,      ,      ,         ,        ,          ,        ,          ,        ,         ,               ,              ,                ,                     ,                 350
step2_continuous_reentry_variant__confirmed_locked, calmar         ,           88, COMPLETE             ,                      , 0.70275               , 1.0885              , 0.7715             , "[1.353, 0.595, 0.824, 2.094]"                                                     , 39.86            , 0.848          , -47.0                    ,             278,             ,        ,       ,            ,      ,      ,         ,        ,          ,        ,          ,        ,         ,               ,              ,                ,                     ,                 225
step2_continuous_reentry_variant__confirmed_locked, calmar         ,           89, PRUNED               ,                      , 1.275                 ,                     ,                    , [1.275]                                                                            , 41.9             , 0.912          , -45.92                   ,             310,             ,        ,       ,            ,      ,      ,         ,        ,          ,        ,          ,        ,         ,               ,              ,                ,                     ,                 300
step2_continuous_reentry_variant__confirmed_locked, calmar         ,           90, PRUNED               ,                      , 1.278                 ,                     ,                    , [1.278]                                                                            , 37.99            , 0.808          , -47.0                    ,             270,             ,        ,       ,            ,      ,      ,         ,        ,          ,        ,          ,        ,         ,               ,              ,                ,                     ,                 200
step2_continuous_reentry_variant__confirmed_locked, calmar         ,           91, COMPLETE             ,                      , 0.7557500000000001    , 1.1245              , 0.7374999999999998 , "[1.353, 0.515, 0.896, 2.094]"                                                     , 40.08            , 0.89           , -45.03                   ,             290,             ,        ,       ,            ,      ,      ,         ,        ,          ,        ,          ,        ,         ,               ,              ,                ,                     ,                 250
step2_continuous_reentry_variant__confirmed_locked, calmar         ,           92, COMPLETE             ,                      , 0.7557500000000001    , 1.1245              , 0.7374999999999998 , "[1.353, 0.515, 0.896, 2.094]"                                                     , 40.08            , 0.89           , -45.03                   ,             290,             ,        ,       ,            ,      ,      ,         ,        ,          ,        ,          ,        ,         ,               ,              ,                ,                     ,                 250
step2_continuous_reentry_variant__confirmed_locked, calmar         ,           93, COMPLETE             ,                      , 0.7282500000000001    , 1.1255              , 0.7944999999999999 , "[1.392, 0.515, 0.859, 2.094]"                                                     , 40.27            , 0.877          , -45.94                   ,             302,             ,        ,       ,            ,      ,      ,         ,        ,          ,        ,          ,        ,         ,               ,              ,                ,                     ,                 275
step2_continuous_reentry_variant__confirmed_locked, calmar         ,           94, COMPLETE             ,                      , 0.70275               , 1.0885              , 0.7715             , "[1.353, 0.595, 0.824, 2.094]"                                                     , 39.86            , 0.848          , -47.0                    ,             278,             ,        ,       ,            ,      ,      ,         ,        ,          ,        ,          ,        ,         ,               ,              ,                ,                     ,                 225
step2_continuous_reentry_variant__confirmed_locked, calmar         ,           95, COMPLETE             ,                      , 0.7557500000000001    , 1.1245              , 0.7374999999999998 , "[1.353, 0.515, 0.896, 2.094]"                                                     , 40.08            , 0.89           , -45.03                   ,             290,             ,        ,       ,            ,      ,      ,         ,        ,          ,        ,          ,        ,         ,               ,              ,                ,                     ,                 250
step2_continuous_reentry_variant__confirmed_locked, calmar         ,           96, PRUNED               ,                      , 1.699                 ,                     ,                    , "[1.42, 0.454, 0.684, 1.699]"                                                      , 38.95            , 0.858          , -45.4                    ,             378,             ,        ,       ,            ,      ,      ,         ,        ,          ,        ,          ,        ,         ,               ,              ,                ,                     ,                 500
step2_continuous_reentry_variant__confirmed_locked, calmar         ,           97, PRUNED               ,                      , 1.064                 ,                     ,                    , [1.064]                                                                            , 36.97            , 0.782          , -47.29                   ,             266,             ,        ,       ,            ,      ,      ,         ,        ,          ,        ,          ,        ,         ,               ,              ,                ,                     ,                 175
step2_continuous_reentry_variant__confirmed_locked, calmar         ,           98, PRUNED               ,                      , 1.275                 ,                     ,                    , [1.275]                                                                            , 42.52            , 0.977          , -43.51                   ,             310,             ,        ,       ,            ,      ,      ,         ,        ,          ,        ,          ,        ,         ,               ,              ,                ,                     ,                 325
step2_continuous_reentry_variant__confirmed_locked, calmar         ,           99, PRUNED               ,                      , 1.682                 ,                     ,                    , "[1.36, 0.536, 0.704, 1.682]"                                                      , 38.7             , 0.859          , -45.07                   ,             358,             ,        ,       ,            ,      ,      ,         ,        ,          ,        ,          ,        ,         ,               ,              ,                ,                     ,                 450
step2_continuous_reentry_variant__confirmed_locked, calmar         ,          100, PRUNED               ,                      , 1.275                 ,                     ,                    , [1.275]                                                                            , 41.9             , 0.912          , -45.92                   ,             310,             ,        ,       ,            ,      ,      ,         ,        ,          ,        ,          ,        ,         ,               ,              ,                ,                     ,                 300
step2_continuous_reentry_variant__confirmed_locked, calmar         ,          101, COMPLETE             ,                      , 0.7557500000000001    , 1.1245              , 0.7374999999999998 , "[1.353, 0.515, 0.896, 2.094]"                                                     , 40.08            , 0.89           , -45.03                   ,             290,             ,        ,       ,            ,      ,      ,         ,        ,          ,        ,          ,        ,         ,               ,              ,                ,                     ,                 250
step2_continuous_reentry_variant__confirmed_locked, calmar         ,          102, COMPLETE             ,                      , 0.7282500000000001    , 1.1255              , 0.7944999999999999 , "[1.392, 0.515, 0.859, 2.094]"                                                     , 40.27            , 0.877          , -45.94                   ,             302,             ,        ,       ,            ,      ,      ,         ,        ,          ,        ,          ,        ,         ,               ,              ,                ,                     ,                 275
step2_continuous_reentry_variant__confirmed_locked, calmar         ,          103, COMPLETE             ,                      , 0.7557500000000001    , 1.1245              , 0.7374999999999998 , "[1.353, 0.515, 0.896, 2.094]"                                                     , 40.08            , 0.89           , -45.03                   ,             290,             ,        ,       ,            ,      ,      ,         ,        ,          ,        ,          ,        ,         ,               ,              ,                ,                     ,                 250
step2_continuous_reentry_variant__confirmed_locked, calmar         ,          104, PRUNED               ,                      , 1.278                 ,                     ,                    , [1.278]                                                                            , 37.99            , 0.808          , -47.0                    ,             270,             ,        ,       ,            ,      ,      ,         ,        ,          ,        ,          ,        ,         ,               ,              ,                ,                     ,                 200
step2_continuous_reentry_variant__confirmed_locked, calmar         ,          105, COMPLETE             ,                      , 0.70275               , 1.0885              , 0.7715             , "[1.353, 0.595, 0.824, 2.094]"                                                     , 39.86            , 0.848          , -47.0                    ,             278,             ,        ,       ,            ,      ,      ,         ,        ,          ,        ,          ,        ,         ,               ,              ,                ,                     ,                 225
step2_continuous_reentry_variant__confirmed_locked, calmar         ,          106, COMPLETE             ,                      , 0.7282500000000001    , 1.1255              , 0.7944999999999999 , "[1.392, 0.515, 0.859, 2.094]"                                                     , 40.27            , 0.877          , -45.94                   ,             302,             ,        ,       ,            ,      ,      ,         ,        ,          ,        ,          ,        ,         ,               ,              ,                ,                     ,                 275
step2_continuous_reentry_variant__confirmed_locked, calmar         ,          107, COMPLETE             ,                      , 0.70275               , 1.0885              , 0.7715             , "[1.353, 0.595, 0.824, 2.094]"                                                     , 39.86            , 0.848          , -47.0                    ,             278,             ,        ,       ,            ,      ,      ,         ,        ,          ,        ,          ,        ,         ,               ,              ,                ,                     ,                 225
step2_continuous_reentry_variant__confirmed_locked, calmar         ,          108, PRUNED               ,                      , 1.146                 ,                     ,                    , [1.146]                                                                            , 36.22            , 0.936          , -38.71                   ,             236,             ,        ,       ,            ,      ,      ,         ,        ,          ,        ,          ,        ,         ,               ,              ,                ,                     ,                 100
step2_continuous_reentry_variant__confirmed_locked, calmar         ,          109, COMPLETE             ,                      , 0.7557500000000001    , 1.1245              , 0.7374999999999998 , "[1.353, 0.515, 0.896, 2.094]"                                                     , 40.08            , 0.89           , -45.03                   ,             290,             ,        ,       ,            ,      ,      ,         ,        ,          ,        ,          ,        ,         ,               ,              ,                ,                     ,                 250
step2_continuous_reentry_variant__confirmed_locked, calmar         ,          110, PRUNED               ,                      , 1.03                  ,                     ,                    , [1.03]                                                                             , 35.5             , 0.889          , -39.94                   ,             214,             ,        ,       ,            ,      ,      ,         ,        ,          ,        ,          ,        ,         ,               ,              ,                ,                     ,                   0
step2_continuous_reentry_variant__confirmed_locked, calmar         ,          111, COMPLETE             ,                      , 0.7557500000000001    , 1.1245              , 0.7374999999999998 , "[1.353, 0.515, 0.896, 2.094]"                                                     , 40.08            , 0.89           , -45.03                   ,             290,             ,        ,       ,            ,      ,      ,         ,        ,          ,        ,          ,        ,         ,               ,              ,                ,                     ,                 250
step2_continuous_reentry_variant__confirmed_locked, calmar         ,          112, PRUNED               ,                      , 1.278                 ,                     ,                    , [1.278]                                                                            , 37.99            , 0.808          , -47.0                    ,             270,             ,        ,       ,            ,      ,      ,         ,        ,          ,        ,          ,        ,         ,               ,              ,                ,                     ,                 200
step2_continuous_reentry_variant__confirmed_locked, calmar         ,          113, COMPLETE             ,                      , 0.7282500000000001    , 1.1255              , 0.7944999999999999 , "[1.392, 0.515, 0.859, 2.094]"                                                     , 40.27            , 0.877          , -45.94                   ,             302,             ,        ,       ,            ,      ,      ,         ,        ,          ,        ,          ,        ,         ,               ,              ,                ,                     ,                 275
step2_continuous_reentry_variant__confirmed_locked, calmar         ,          114, PRUNED               ,                      , 1.317                 ,                     ,                    , [1.317]                                                                            , 39.56            , 0.831          , -47.63                   ,             338,             ,        ,       ,            ,      ,      ,         ,        ,          ,        ,          ,        ,         ,               ,              ,                ,                     ,                 400
step2_continuous_reentry_variant__confirmed_locked, calmar         ,          115, PRUNED               ,                      , 1.03                  ,                     ,                    , [1.03]                                                                             , 33.3             , 0.812          , -41.02                   ,             230,             ,        ,       ,            ,      ,      ,         ,        ,          ,        ,          ,        ,         ,               ,              ,                ,                     ,                  50
step2_continuous_reentry_variant__confirmed_locked, calmar         ,          116, COMPLETE             ,                      , 0.7557500000000001    , 1.1245              , 0.7374999999999998 , "[1.353, 0.515, 0.896, 2.094]"                                                     , 40.08            , 0.89           , -45.03                   ,             290,             ,        ,       ,            ,      ,      ,         ,        ,          ,        ,          ,        ,         ,               ,              ,                ,                     ,                 250
step2_continuous_reentry_variant__confirmed_locked, calmar         ,          117, COMPLETE             ,                      , 0.7282500000000001    , 1.1255              , 0.7944999999999999 , "[1.392, 0.515, 0.859, 2.094]"                                                     , 40.27            , 0.877          , -45.94                   ,             302,             ,        ,       ,            ,      ,      ,         ,        ,          ,        ,          ,        ,         ,               ,              ,                ,                     ,                 275
step2_continuous_reentry_variant__confirmed_locked, calmar         ,          118, PRUNED               ,                      , 1.275                 ,                     ,                    , [1.275]                                                                            , 41.9             , 0.912          , -45.92                   ,             310,             ,        ,       ,            ,      ,      ,         ,        ,          ,        ,          ,        ,         ,               ,              ,                ,                     ,                 300
step2_continuous_reentry_variant__confirmed_locked, calmar         ,          119, COMPLETE             ,                      , 0.70275               , 1.0885              , 0.7715             , "[1.353, 0.595, 0.824, 2.094]"                                                     , 39.86            , 0.848          , -47.0                    ,             278,             ,        ,       ,            ,      ,      ,         ,        ,          ,        ,          ,        ,         ,               ,              ,                ,                     ,                 225
step2_continuous_reentry_variant__confirmed_locked, calmar         ,          120, PRUNED               ,                      , 1.146                 ,                     ,                    , [1.146]                                                                            , 37.35            , 0.965          , -38.71                   ,             236,             ,        ,       ,            ,      ,      ,         ,        ,          ,        ,          ,        ,         ,               ,              ,                ,                     ,                 125
step2_continuous_reentry_variant__confirmed_locked, calmar         ,          121, COMPLETE             ,                      , 0.7557500000000001    , 1.1245              , 0.7374999999999998 , "[1.353, 0.515, 0.896, 2.094]"                                                     , 40.08            , 0.89           , -45.03                   ,             290,             ,        ,       ,            ,      ,      ,         ,        ,          ,        ,          ,        ,         ,               ,              ,                ,                     ,                 250
step2_continuous_reentry_variant__confirmed_locked, calmar         ,          122, COMPLETE             ,                      , 0.7557500000000001    , 1.1245              , 0.7374999999999998 , "[1.353, 0.515, 0.896, 2.094]"                                                     , 40.08            , 0.89           , -45.03                   ,             290,             ,        ,       ,            ,      ,      ,         ,        ,          ,        ,          ,        ,         ,               ,              ,                ,                     ,                 250
step2_continuous_reentry_variant__confirmed_locked, calmar         ,          123, COMPLETE             ,                      , 0.70275               , 1.0885              , 0.7715             , "[1.353, 0.595, 0.824, 2.094]"                                                     , 39.86            , 0.848          , -47.0                    ,             278,             ,        ,       ,            ,      ,      ,         ,        ,          ,        ,          ,        ,         ,               ,              ,                ,                     ,                 225
step2_continuous_reentry_variant__confirmed_locked, calmar         ,          124, COMPLETE             ,                      , 0.7282500000000001    , 1.1255              , 0.7944999999999999 , "[1.392, 0.515, 0.859, 2.094]"                                                     , 40.27            , 0.877          , -45.94                   ,             302,             ,        ,       ,            ,      ,      ,         ,        ,          ,        ,          ,        ,         ,               ,              ,                ,                     ,                 275
step2_continuous_reentry_variant__confirmed_locked, calmar         ,          125, COMPLETE             ,                      , 0.70275               , 1.0885              , 0.7715             , "[1.353, 0.595, 0.824, 2.094]"                                                     , 39.86            , 0.848          , -47.0                    ,             278,             ,        ,       ,            ,      ,      ,         ,        ,          ,        ,          ,        ,         ,               ,              ,                ,                     ,                 225
step2_continuous_reentry_variant__confirmed_locked, calmar         ,          126, COMPLETE             ,                      , 0.7557500000000001    , 1.1245              , 0.7374999999999998 , "[1.353, 0.515, 0.896, 2.094]"                                                     , 40.08            , 0.89           , -45.03                   ,             290,             ,        ,       ,            ,      ,      ,         ,        ,          ,        ,          ,        ,         ,               ,              ,                ,                     ,                 250
step2_continuous_reentry_variant__confirmed_locked, calmar         ,          127, PRUNED               ,                      , 1.275                 ,                     ,                    , [1.275]                                                                            , 41.9             , 0.912          , -45.92                   ,             310,             ,        ,       ,            ,      ,      ,         ,        ,          ,        ,          ,        ,         ,               ,              ,                ,                     ,                 300
step2_continuous_reentry_variant__confirmed_locked, calmar         ,          128, PRUNED               ,                      , 1.278                 ,                     ,                    , [1.278]                                                                            , 37.99            , 0.808          , -47.0                    ,             270,             ,        ,       ,            ,      ,      ,         ,        ,          ,        ,          ,        ,         ,               ,              ,                ,                     ,                 200
step2_continuous_reentry_variant__confirmed_locked, calmar         ,          129, PRUNED               ,                      , 1.275                 ,                     ,                    , [1.275]                                                                            , 42.52            , 0.977          , -43.51                   ,             310,             ,        ,       ,            ,      ,      ,         ,        ,          ,        ,          ,        ,         ,               ,              ,                ,                     ,                 325
step2_continuous_reentry_variant__confirmed_locked, calmar         ,          130, PRUNED               ,                      , 1.317                 ,                     ,                    , [1.317]                                                                            , 37.29            , 0.803          , -46.44                   ,             330,             ,        ,       ,            ,      ,      ,         ,        ,          ,        ,          ,        ,         ,               ,              ,                ,                     ,                 375
step2_continuous_reentry_variant__confirmed_locked, calmar         ,          131, COMPLETE             ,                      , 0.7557500000000001    , 1.1245              , 0.7374999999999998 , "[1.353, 0.515, 0.896, 2.094]"                                                     , 40.08            , 0.89           , -45.03                   ,             290,             ,        ,       ,            ,      ,      ,         ,        ,          ,        ,          ,        ,         ,               ,              ,                ,                     ,                 250
step2_continuous_reentry_variant__confirmed_locked, calmar         ,          132, COMPLETE             ,                      , 0.7557500000000001    , 1.1245              , 0.7374999999999998 , "[1.353, 0.515, 0.896, 2.094]"                                                     , 40.08            , 0.89           , -45.03                   ,             290,             ,        ,       ,            ,      ,      ,         ,        ,          ,        ,          ,        ,         ,               ,              ,                ,                     ,                 250
step2_continuous_reentry_variant__confirmed_locked, calmar         ,          133, COMPLETE             ,                      , 0.7282500000000001    , 1.1255              , 0.7944999999999999 , "[1.392, 0.515, 0.859, 2.094]"                                                     , 40.27            , 0.877          , -45.94                   ,             302,             ,        ,       ,            ,      ,      ,         ,        ,          ,        ,          ,        ,         ,               ,              ,                ,                     ,                 275
step2_continuous_reentry_variant__confirmed_locked, calmar         ,          134, COMPLETE             ,                      , 0.70275               , 1.0885              , 0.7715             , "[1.353, 0.595, 0.824, 2.094]"                                                     , 39.86            , 0.848          , -47.0                    ,             278,             ,        ,       ,            ,      ,      ,         ,        ,          ,        ,          ,        ,         ,               ,              ,                ,                     ,                 225
step2_continuous_reentry_variant__confirmed_locked, calmar         ,          135, COMPLETE             ,                      , 0.7557500000000001    , 1.1245              , 0.7374999999999998 , "[1.353, 0.515, 0.896, 2.094]"                                                     , 40.08            , 0.89           , -45.03                   ,             290,             ,        ,       ,            ,      ,      ,         ,        ,          ,        ,          ,        ,         ,               ,              ,                ,                     ,                 250
step2_continuous_reentry_variant__confirmed_locked, calmar         ,          136, COMPLETE             ,                      , 0.7282500000000001    , 1.1255              , 0.7944999999999999 , "[1.392, 0.515, 0.859, 2.094]"                                                     , 40.27            , 0.877          , -45.94                   ,             302,             ,        ,       ,            ,      ,      ,         ,        ,          ,        ,          ,        ,         ,               ,              ,                ,                     ,                 275
step2_continuous_reentry_variant__confirmed_locked, calmar         ,          137, COMPLETE             ,                      , 0.70275               , 1.0885              , 0.7715             , "[1.353, 0.595, 0.824, 2.094]"                                                     , 39.86            , 0.848          , -47.0                    ,             278,             ,        ,       ,            ,      ,      ,         ,        ,          ,        ,          ,        ,         ,               ,              ,                ,                     ,                 225
step2_continuous_reentry_variant__confirmed_locked, calmar         ,          138, COMPLETE             ,                      , 0.7557500000000001    , 1.1245              , 0.7374999999999998 , "[1.353, 0.515, 0.896, 2.094]"                                                     , 40.08            , 0.89           , -45.03                   ,             290,             ,        ,       ,            ,      ,      ,         ,        ,          ,        ,          ,        ,         ,               ,              ,                ,                     ,                 250
step2_continuous_reentry_variant__confirmed_locked, calmar         ,          139, PRUNED               ,                      , 1.275                 ,                     ,                    , [1.275]                                                                            , 41.9             , 0.912          , -45.92                   ,             310,             ,        ,       ,            ,      ,      ,         ,        ,          ,        ,          ,        ,         ,               ,              ,                ,                     ,                 300
step2_continuous_reentry_variant__confirmed_locked, calmar         ,          140, COMPLETE             ,                      , 0.7282500000000001    , 1.1255              , 0.7944999999999999 , "[1.392, 0.515, 0.859, 2.094]"                                                     , 40.27            , 0.877          , -45.94                   ,             302,             ,        ,       ,            ,      ,      ,         ,        ,          ,        ,          ,        ,         ,               ,              ,                ,                     ,                 275
step2_continuous_reentry_variant__confirmed_locked, calmar         ,          141, PRUNED               ,                      , 1.682                 ,                     ,                    , "[1.36, 0.536, 0.704, 1.682]"                                                      , 38.7             , 0.859          , -45.07                   ,             358,             ,        ,       ,            ,      ,      ,         ,        ,          ,        ,          ,        ,         ,               ,              ,                ,                     ,                 450
step2_continuous_reentry_variant__confirmed_locked, calmar         ,          142, COMPLETE             ,                      , 0.7557500000000001    , 1.1245              , 0.7374999999999998 , "[1.353, 0.515, 0.896, 2.094]"                                                     , 40.08            , 0.89           , -45.03                   ,             290,             ,        ,       ,            ,      ,      ,         ,        ,          ,        ,          ,        ,         ,               ,              ,                ,                     ,                 250
step2_continuous_reentry_variant__confirmed_locked, calmar         ,          143, COMPLETE             ,                      , 0.7557500000000001    , 1.1245              , 0.7374999999999998 , "[1.353, 0.515, 0.896, 2.094]"                                                     , 40.08            , 0.89           , -45.03                   ,             290,             ,        ,       ,            ,      ,      ,         ,        ,          ,        ,          ,        ,         ,               ,              ,                ,                     ,                 250
step2_continuous_reentry_variant__confirmed_locked, calmar         ,          144, COMPLETE             ,                      , 0.70275               , 1.0885              , 0.7715             , "[1.353, 0.595, 0.824, 2.094]"                                                     , 39.86            , 0.848          , -47.0                    ,             278,             ,        ,       ,            ,      ,      ,         ,        ,          ,        ,          ,        ,         ,               ,              ,                ,                     ,                 225
step2_continuous_reentry_variant__confirmed_locked, calmar         ,          145, COMPLETE             ,                      , 0.7282500000000001    , 1.1255              , 0.7944999999999999 , "[1.392, 0.515, 0.859, 2.094]"                                                     , 40.27            , 0.877          , -45.94                   ,             302,             ,        ,       ,            ,      ,      ,         ,        ,          ,        ,          ,        ,         ,               ,              ,                ,                     ,                 275
step2_continuous_reentry_variant__confirmed_locked, calmar         ,          146, COMPLETE             ,                      , 0.70275               , 1.0885              , 0.7715             , "[1.353, 0.595, 0.824, 2.094]"                                                     , 39.86            , 0.848          , -47.0                    ,             278,             ,        ,       ,            ,      ,      ,         ,        ,          ,        ,          ,        ,         ,               ,              ,                ,                     ,                 225
step2_continuous_reentry_variant__confirmed_locked, calmar         ,          147, PRUNED               ,                      , 1.278                 ,                     ,                    , [1.278]                                                                            , 37.99            , 0.808          , -47.0                    ,             270,             ,        ,       ,            ,      ,      ,         ,        ,          ,        ,          ,        ,         ,               ,              ,                ,                     ,                 200
step2_continuous_reentry_variant__confirmed_locked, calmar         ,          148, COMPLETE             ,                      , 0.7557500000000001    , 1.1245              , 0.7374999999999998 , "[1.353, 0.515, 0.896, 2.094]"                                                     , 40.08            , 0.89           , -45.03                   ,             290,             ,        ,       ,            ,      ,      ,         ,        ,          ,        ,          ,        ,         ,               ,              ,                ,                     ,                 250
step2_continuous_reentry_variant__confirmed_locked, calmar         ,          149, PRUNED               ,                      , 1.275                 ,                     ,                    , [1.275]                                                                            , 38.19            , 0.878          , -43.52                   ,             322,             ,        ,       ,            ,      ,      ,         ,        ,          ,        ,          ,        ,         ,               ,              ,                ,                     ,                 350
